
 ╔═══════════════════════════════════════════════════════╗
 ║   UniCalib — LiDAR-Camera 外参标定                    ║
 ║   两阶段: AI粗标定(MIAS-LCEC) → 无目标边缘精标定      ║
 ║   手动校准: --manual 触发 6-DOF 交互式调整             ║
 ╚═══════════════════════════════════════════════════════╝

[2026-04-22 15:37:27.007] [info] [LiDAR-Camera] [:] ━━━━━━━━━━━━━━━━━━━━━━━━━━━━━━━━━━━━
[2026-04-22 15:37:27.007] [info] [LiDAR-Camera] [:] 配置文件: /root/calib_ws/calib_unified/config/unicalib_example.yaml
[2026-04-22 15:37:27.007] [info] [LiDAR-Camera] [:] 输出目录: /root/calib_ws/results
[2026-04-22 15:37:27.007] [info] [LiDAR-Camera] [:] 数据根目录: /root/calib_ws/data (--data-dir 或 CALIB_DATA_DIR)
[2026-04-22 15:37:27.007] [info] [LiDAR-Camera] [:] 精标定方法: edge (无目标优先=true)
[2026-04-22 15:37:27.007] [info] [LiDAR-Camera] [:] AI粗标定: true | 手动校准: true
[2026-04-22 15:37:27.007] [info] [LiDAR-Camera] [:] ━━━━━━━━━━━━━━━━━━━━━━━━━━━━━━━━━━━━
[2026-04-22 15:37:27.008] [info] [LiDAR-Camera] [:] 读取系统配置: /root/calib_ws/calib_unified/config/unicalib_example.yaml
[2026-04-22 15:37:27.009] [info] [LiDAR-Camera] [:]   IMU: 1, LiDAR: 1, Camera: 2
[2026-04-22 15:37:27.009] [info] [LiDAR-Camera] [:] ━━━━━━━━━━━━━━━━━━━━━━━━━━━━━━━━━━━━ [数据路径] ━━━━━━━━━━━━━━━━━━━━━━━━━━━━━
[2026-04-22 15:37:27.009] [info] [LiDAR-Camera] [:]   数据路径来源: 统一格式 (data.lidar.<id> / data.camera.<id>.images_dir)
[2026-04-22 15:37:27.009] [info] [LiDAR-Camera] [:]   配置原始值 — lidar:  nya_02_slam_imu_to_lidar/lidar_horz.yaml
[2026-04-22 15:37:27.009] [info] [LiDAR-Camera] [:]   配置原始值 — camera: lidar_camera_calibration-master/calibration_data/camera_calibration
[2026-04-22 15:37:27.009] [info] [LiDAR-Camera] [:]   base_data_dir:  /root/calib_ws/data
[2026-04-22 15:37:27.009] [info] [LiDAR-Camera] [:]   base 来源: 命令行 --data-dir
[2026-04-22 15:37:27.009] [info] [LiDAR-Camera] [:]   lidar_dir:      /root/calib_ws/data/nya_02_slam_imu_to_lidar/lidar_horz.yaml
[2026-04-22 15:37:27.009] [info] [LiDAR-Camera] [:]     → 相对路径，已与 base 拼接
[2026-04-22 15:37:27.009] [info] [LiDAR-Camera] [:]     → 存在: 是
[2026-04-22 15:37:27.009] [info] [LiDAR-Camera] [:]   camera_dir:     /root/calib_ws/data/lidar_camera_calibration-master/calibration_data/camera_calibration
[2026-04-22 15:37:27.009] [info] [LiDAR-Camera] [:]     → 相对路径，已与 base 拼接
[2026-04-22 15:37:27.009] [info] [LiDAR-Camera] [:]     → 存在: 是
[2026-04-22 15:37:27.009] [info] [LiDAR-Camera] [:]   【数据就绪】是 — 点云与图像目录均存在，将执行精标定
[2026-04-22 15:37:27.009] [info] [LiDAR-Camera] [:]   说明: 使用 --dataset 时请将 data.lidar/data.camera 设为相对 base 的路径（如 pcd、images），不要使用 /path/to/... 占位符
[2026-04-22 15:37:27.009] [info] [LiDAR-Camera] [:] ━━━━━━━━━━━━━━━━━━━━━━━━━━━━━━━━━━━━━━━━━━━━━━━━━━━━━━━━━━━━━━━━━━━━━━━━━━━━
[2026-04-22 15:37:27.009] [info] [LiDAR-Camera] [:] [LiDAR-Cam] use_config_extrinsic_only=true：跳过 AI 粗标定，将使用配置 initial_extrinsic 直接进入精标定/手动微调
[2026-04-22 15:37:27.009] [info] [LiDAR-Camera] [:] 读取系统配置: /root/calib_ws/calib_unified/config/unicalib_example.yaml
[2026-04-22 15:37:27.010] [info] [LiDAR-Camera] [:]   IMU: 1, LiDAR: 1, Camera: 2
[2026-04-22 15:37:27.010] [info] [LiDAR-Camera] [:] 读取系统配置: /root/calib_ws/calib_unified/config/unicalib_example.yaml
[2026-04-22 15:37:27.011] [info] [LiDAR-Camera] [:]   IMU: 1, LiDAR: 1, Camera: 2
[2026-04-22 15:37:27.011] [info] [LiDAR-Camera] [:] 配置: 使用 ROS2 bag 模式（离线标定）
[2026-04-22 15:37:27.011] [info] [LiDAR-Camera] [:]   Bag 路径: /root/calib_ws/data/ntu_day_02/ntu_trimmed
[2026-04-22 15:37:27.011] [info] [LiDAR-Camera] [:]   LiDAR 话题: /os_cloud_node/points
[2026-04-22 15:37:27.011] [info] [LiDAR-Camera] [:]   相机话题: /d435i/color/image_raw
[2026-04-22 15:37:27.011] [info] [LiDAR-Camera] [:]   IMU 话题: /vn100/imu
[2026-04-22 15:37:27.011] [info] [LiDAR-Camera] [:] [数据源] 类型=ROS2_BAG  path=/root/calib_ws/data/ntu_day_02/ntu_trimmed  lidar_topic=/os_cloud_node/points  camera_topic=/d435i/color/image_raw
[2026-04-22 15:37:27.011] [info] [LiDAR-Camera] [:]   内参将从相机标定结果读取: ./results/camera_intrinsic/camera_intrinsic_cam_left.yaml (camera_id=cam_left)
[2026-04-22 15:37:27.011] [info] [LiDAR-Camera] [:]   内参将从相机标定结果读取: ./results/camera_intrinsic/camera_intrinsic_cam_right.yaml (camera_id=cam_right)
[2026-04-22 15:37:27.011] [info] [LiDAR-Camera] [:] [CalibPipeline] 初始化 ID=pipeline_20260422_153727
[2026-04-22 15:37:27.011] [info] [LiDAR-Camera] [:] [CalibPipeline] 输出目录: ./results
[2026-04-22 15:37:27.011] [info] [LiDAR-Camera] [:] [CalibPipeline] 无目标优先: true
[2026-04-22 15:37:27.011] [info] [LiDAR-Camera] [:] [CalibPipeline] 任务掩码: 0x10
[2026-04-22 15:37:27.011] [info] [LiDAR-Camera] [:] ▶ Stage 2: 精标定 (方法=edge)
[2026-04-22 15:37:27.011] [info] [LiDAR-Camera] [:] ▶ Stage 3: 手动校准 (manual_threshold=2.00px)
[2026-04-22 15:37:27.011] [info] [LiDAR-Camera] [:]   使用 ManualCalibSession 进行 6-DOF 交互式调整
[2026-04-22 15:37:27.011] [info] [LiDAR-Camera] [:]   调用示例:
[2026-04-22 15:37:27.011] [info] [LiDAR-Camera] [:]     ManualCalibSession::SessionConfig sess_cfg;
[2026-04-22 15:37:27.011] [info] [LiDAR-Camera] [:]     sess_cfg.save_dir = "./results/manual_sessions";
[2026-04-22 15:37:27.011] [info] [LiDAR-Camera] [:]     ManualCalibSession session(sess_cfg);
[2026-04-22 15:37:27.011] [info] [LiDAR-Camera] [:]     auto result = session.run_lidar_cam(scan, image, intrin, auto_result, auto_rms);
[2026-04-22 15:37:27.011] [info] [LiDAR-Camera] [:] 
[2026-04-22 15:37:27.011] [info] [LiDAR-Camera] [:] ╔═══════════════════════════════════════════════╗
[2026-04-22 15:37:27.011] [info] [LiDAR-Camera] [:] ║   UniCalib 两阶段标定流水线 — 开始            ║
[2026-04-22 15:37:27.011] [info] [LiDAR-Camera] [:] ║   Pipeline ID: pipeline_20260422_153727       ║
[2026-04-22 15:37:27.011] [info] [LiDAR-Camera] [:] ╚═══════════════════════════════════════════════╝
[2026-04-22 15:37:27.011] [info] [LiDAR-Camera] [:] [Coarse-AI/LiDAR-Cam] enable_coarse_lidar_cam=true → do_coarse=true
[15:37:27.011] [info] 
[15:37:27.011] [info] ━━━━━━━━━━━━━━━━━━━━━━━━━━━━━━━━━━━━━━━━━
[15:37:27.011] [info] ▶ 开始阶段: [Coarse-AI] 任务: [lidar_cam_extrin]
[15:37:27.011] [info]   描述: AI模型提供初始估计值
[15:37:27.011] [info] ━━━━━━━━━━━━━━━━━━━━━━━━━━━━━━━━━━━━━━━━━
[15:37:27.011] [info] [CALC] 粗标定阶段开始 task=lidar_cam_extrin
[15:37:27.011] [info] [Coarse-AI/LiDAR-Cam] 使用配置粗标定初值作为粗标定结果 t=[0.123,0.040,-0.058]m，精标定将以此起步
[15:37:27.011] [info] ━━━━━━━━━━━━━━━━━━━━━━━━━━━━━━━━━━━━━━━━━
[15:37:27.011] [info] ■ 结束阶段: [Coarse-AI] 任务: [lidar_cam_extrin]
[15:37:27.011] [info]   结果: ✓ 成功 | 残差RMS: 0.0000 | 耗时: 0 ms
[15:37:27.011] [info]   消息: 使用配置 initial_extrinsic 作为粗标定结果，精标定将以此起步
[15:37:27.011] [info] [CALC] 阶段结束 stage=Coarse-AI task=lidar_cam_extrin success=true residual_rms=0.000000 elapsed_ms=0.0 threshold=-1.0000
[15:37:27.011] [info] ━━━━━━━━━━━━━━━━━━━━━━━━━━━━━━━━━━━━━━━━━
[15:37:27.011] [info] 
[15:37:27.011] [info] ━━━━━━━━━━━━━━━━━━━━━━━━━━━━━━━━━━━━━━━━━
[15:37:27.011] [info] ▶ 开始阶段: [Fine-Auto] 任务: [lidar_cam_extrin]
[15:37:27.011] [info]   描述: 无目标优化
[15:37:27.011] [info] ━━━━━━━━━━━━━━━━━━━━━━━━━━━━━━━━━━━━━━━━━
[15:37:27.011] [info] [CALC] 精标定阶段开始 task=lidar_cam_extrin
[15:37:27.011] [info] [Fine-Auto] 任务: lidar_cam_extrin | 无目标优先: true
[15:37:27.011] [info] [Fine-Auto] 方法: 边缘对齐互信息 (EDGE_ALIGNMENT, 无目标)
[15:37:27.011] [info] [STAGE=lidar_cam_fine_auto] LiDAR-Camera 精标定 开始
[15:37:27.011] [info] [Fine-Auto/LiDAR-Cam] 开始执行精标定...
[15:37:27.011] [info]   [精标定数据源] 类型=ROS2_BAG  lidar_id=lidar_front
[15:37:27.011] [info]   ROS2 Bag: /root/calib_ws/data/ntu_day_02/ntu_trimmed  LiDAR 话题: /os_cloud_node/points  相机话题: /d435i/color/image_raw
[15:37:27.011] [info] [Fine-Auto/LiDAR-Cam] 从 ROS2 加载数据...
[15:37:27.011] [info] [UnifiedDataLoader] 从 ROS2 加载数据...
[15:37:27.011] [info]   Bag 文件: /root/calib_ws/data/ntu_day_02/ntu_trimmed
[15:37:27.011] [info]   实时模式: false
[15:37:27.011] [info] [Ros2BagDataSource] 打开 bag 文件: /root/calib_ws/data/ntu_day_02/ntu_trimmed
[15:37:27.011] [info] [Ros2BagDataSource] 正在读取 metadata.yaml: /root/calib_ws/data/ntu_day_02/ntu_trimmed/metadata.yaml
[15:37:27.012] [debug] [Ros2BagDataSource] 找到话题: /d435i/imu (类型: sensor_msgs/msg/Imu, 消息数: 23982)
[15:37:27.012] [debug] [Ros2BagDataSource] 找到话题: /d435i/infra1/image_rect_raw (类型: sensor_msgs/msg/Image, 消息数: 1794)
[15:37:27.012] [debug] [Ros2BagDataSource] 找到话题: /d435i/infra2/image_rect_raw (类型: sensor_msgs/msg/Image, 消息数: 1794)
[15:37:27.012] [debug] [Ros2BagDataSource] 找到话题: /d435i/color/image_raw (类型: sensor_msgs/msg/Image, 消息数: 1798)
[15:37:27.012] [debug] [Ros2BagDataSource] 找到话题: /d455b/imu (类型: sensor_msgs/msg/Imu, 消息数: 23996)
[15:37:27.012] [debug] [Ros2BagDataSource] 找到话题: /d455b/color/image_raw (类型: sensor_msgs/msg/Image, 消息数: 1799)
[15:37:27.012] [debug] [Ros2BagDataSource] 找到话题: /d455b/infra1/image_rect_raw (类型: sensor_msgs/msg/Image, 消息数: 1795)
[15:37:27.012] [debug] [Ros2BagDataSource] 找到话题: /d455b/infra2/image_rect_raw (类型: sensor_msgs/msg/Image, 消息数: 1795)
[15:37:27.012] [debug] [Ros2BagDataSource] 找到话题: /os_cloud_node/points (类型: sensor_msgs/msg/PointCloud2, 消息数: 599)
[15:37:27.012] [debug] [Ros2BagDataSource] 找到话题: /os_cloud_node/imu (类型: sensor_msgs/msg/Imu, 消息数: 5988)
[15:37:27.012] [debug] [Ros2BagDataSource] 找到话题: /vn100/imu (类型: sensor_msgs/msg/Imu, 消息数: 23810)
[15:37:27.012] [debug] [Ros2BagDataSource] 找到话题: /vn100/magnetic_field (类型: sensor_msgs/msg/MagneticField, 消息数: 23843)
[15:37:27.012] [debug] [Ros2BagDataSource] 找到话题: /vn100/fluid_pressure (类型: sensor_msgs/msg/FluidPressure, 消息数: 23864)
[15:37:27.012] [debug] [Ros2BagDataSource] 找到话题: /vn100/temperature (类型: sensor_msgs/msg/Temperature, 消息数: 23878)
[15:37:27.012] [info] [Ros2BagDataSource] 使用配置的 LiDAR 话题: /os_cloud_node/points
[15:37:27.012] [info] [Ros2BagDataSource] 使用配置的相机话题: /d435i/color/image_raw
[15:37:27.012] [info] [Ros2BagDataSource] 使用配置的 IMU 话题: /vn100/imu
[INFO] [1776843447.016121346] [rosbag2_storage]: Opened database '/root/calib_ws/data/ntu_day_02/ntu_trimmed/ntu_trimmed.db3' for READ_ONLY.
[15:37:27.016] [info] [Ros2BagDataSource] Bag 已打开，开始读取消息...
[15:37:27.016] [info] [Ros2BagDataSource] 找到 14 个话题
[15:37:27.016] [info] [Ros2BagDataSource]  话题: /d435i/imu  类型: sensor_msgs/msg/Imu  消息数: 23982
[15:37:27.016] [info] [Ros2BagDataSource]  话题: /d435i/infra1/image_rect_raw  类型: sensor_msgs/msg/Image  消息数: 1794
[15:37:27.016] [info] [Ros2BagDataSource]  话题: /d435i/infra2/image_rect_raw  类型: sensor_msgs/msg/Image  消息数: 1794
[15:37:27.016] [info] [Ros2BagDataSource]  话题: /d435i/color/image_raw  类型: sensor_msgs/msg/Image  消息数: 1798
[15:37:27.016] [info] [Ros2BagDataSource]  话题: /d455b/imu  类型: sensor_msgs/msg/Imu  消息数: 23996
[15:37:27.016] [info] [Ros2BagDataSource]  话题: /d455b/color/image_raw  类型: sensor_msgs/msg/Image  消息数: 1799
[15:37:27.016] [info] [Ros2BagDataSource]  话题: /d455b/infra1/image_rect_raw  类型: sensor_msgs/msg/Image  消息数: 1795
[15:37:27.016] [info] [Ros2BagDataSource]  话题: /d455b/infra2/image_rect_raw  类型: sensor_msgs/msg/Image  消息数: 1795
[15:37:27.016] [info] [Ros2BagDataSource]  话题: /os_cloud_node/points  类型: sensor_msgs/msg/PointCloud2  消息数: 599
[15:37:27.016] [info] [Ros2BagDataSource]  话题: /os_cloud_node/imu  类型: sensor_msgs/msg/Imu  消息数: 5988
[15:37:27.016] [info] [Ros2BagDataSource]  话题: /vn100/imu  类型: sensor_msgs/msg/Imu  消息数: 23810
[15:37:27.016] [info] [Ros2BagDataSource]  话题: /vn100/magnetic_field  类型: sensor_msgs/msg/MagneticField  消息数: 23843
[15:37:27.016] [info] [Ros2BagDataSource]  话题: /vn100/fluid_pressure  类型: sensor_msgs/msg/FluidPressure  消息数: 23864
[15:37:27.016] [info] [Ros2BagDataSource]  话题: /vn100/temperature  类型: sensor_msgs/msg/Temperature  消息数: 23878
[15:37:27.016] [info] [Ros2BagDataSource] 将加载 bag 内所有 IMU / LiDAR / 相机话题，加载后可通过 sensor_id 或话题名选择使用
[15:37:29.954] [debug]   收集 IMU [/d435i/imu] 帧数: 5000
[15:37:29.962] [debug]   收集 IMU [/d455b/imu] 帧数: 5000
[15:37:29.981] [debug]   收集 IMU [/vn100/imu] 帧数: 5000
[15:37:30.850] [debug]   收集相机 [/d455b/color/image_raw] 帧数: 500
[15:37:30.853] [debug]   收集相机 [/d435i/color/image_raw] 帧数: 500
[15:37:30.856] [debug]   收集相机 [/d435i/infra1/image_rect_raw] 帧数: 500
[15:37:30.856] [debug]   收集相机 [/d435i/infra2/image_rect_raw] 帧数: 500
[15:37:30.866] [debug]   收集相机 [/d455b/infra1/image_rect_raw] 帧数: 500
[15:37:30.866] [debug]   收集相机 [/d455b/infra2/image_rect_raw] 帧数: 500
[15:37:32.711] [debug]   收集 IMU [/d435i/imu] 帧数: 10000
[15:37:32.711] [debug]   收集 IMU [/d455b/imu] 帧数: 10000
[15:37:32.768] [debug]   收集 IMU [/vn100/imu] 帧数: 10000
[15:37:34.771] [debug]   收集相机 [/d455b/color/image_raw] 帧数: 1000
[15:37:34.774] [debug]   收集相机 [/d435i/color/image_raw] 帧数: 1000
[15:37:34.803] [debug]   收集相机 [/d455b/infra1/image_rect_raw] 帧数: 1000
[15:37:34.803] [debug]   收集相机 [/d455b/infra2/image_rect_raw] 帧数: 1000
[15:37:34.805] [debug]   收集相机 [/d435i/infra1/image_rect_raw] 帧数: 1000
[15:37:34.805] [debug]   收集相机 [/d435i/infra2/image_rect_raw] 帧数: 1000
[15:37:35.802] [debug]   收集 IMU [/d455b/imu] 帧数: 15000
[15:37:35.815] [debug]   收集 IMU [/d435i/imu] 帧数: 15000
[15:37:35.868] [debug]   收集 IMU [/vn100/imu] 帧数: 15000
[15:37:38.720] [debug]   收集 IMU [/d455b/imu] 帧数: 20000
[15:37:38.730] [debug]   收集 LiDAR [/os_cloud_node/points] 帧数: 500
[15:37:38.732] [debug]   收集相机 [/d455b/color/image_raw] 帧数: 1500
[15:37:38.734] [debug]   收集相机 [/d435i/color/image_raw] 帧数: 1500
[15:37:38.734] [debug]   收集 IMU [/d435i/imu] 帧数: 20000
[15:37:38.753] [debug]   收集 IMU [/os_cloud_node/imu] 帧数: 5000
[15:37:38.758] [debug]   收集相机 [/d455b/infra1/image_rect_raw] 帧数: 1500
[15:37:38.758] [debug]   收集相机 [/d455b/infra2/image_rect_raw] 帧数: 1500
[15:37:38.759] [debug]   收集相机 [/d435i/infra1/image_rect_raw] 帧数: 1500
[15:37:38.760] [debug]   收集相机 [/d435i/infra2/image_rect_raw] 帧数: 1500
[15:37:38.805] [debug]   收集 IMU [/vn100/imu] 帧数: 20000
[15:37:41.212] [info] [Ros2BagDataSource] 加载完成 (所有话题按话题名存储，可通过 sensor_id 或话题名选择):
[15:37:41.212] [info]   LiDAR [/os_cloud_node/points]: 599 帧
[15:37:41.212] [info]   相机 [/d435i/color/image_raw]: 1798 帧
[15:37:41.212] [info]   相机 [/d435i/infra1/image_rect_raw]: 1794 帧
[15:37:41.212] [info]   相机 [/d435i/infra2/image_rect_raw]: 1794 帧
[15:37:41.212] [info]   相机 [/d455b/color/image_raw]: 1799 帧
[15:37:41.212] [info]   相机 [/d455b/infra1/image_rect_raw]: 1795 帧
[15:37:41.212] [info]   相机 [/d455b/infra2/image_rect_raw]: 1795 帧
[15:37:41.212] [info]   IMU [/d435i/imu]: 23982 帧
[15:37:41.212] [info]   IMU [/d455b/imu]: 23996 帧
[15:37:41.212] [info]   IMU [/os_cloud_node/imu]: 5988 帧
[15:37:41.212] [info]   IMU [/vn100/imu]: 23810 帧
[15:37:41.212] [info]   选用 LiDAR  lidar_front -> /os_cloud_node/points
[15:37:41.212] [info]   选用 相机  cam_left -> /d435i/color/image_raw
[15:37:41.212] [info]   选用 IMU    imu_0 -> /vn100/imu
[15:37:41.212] [info]   时间范围: 1644824096.333 - 1644824156.343 秒
[15:37:41.213] [info] [Ros2BagDataSource] 应用采样/帧数限制...
[15:37:41.214] [info]   LiDAR /os_cloud_node/points 采样后: 200 帧
[15:37:41.215] [info]   相机 /d435i/color/image_raw 采样后: 200 帧
[15:37:41.217] [info]   相机 /d435i/infra1/image_rect_raw 采样后: 200 帧
[15:37:41.218] [info]   相机 /d435i/infra2/image_rect_raw 采样后: 200 帧
[15:37:41.220] [info]   相机 /d455b/color/image_raw 采样后: 200 帧
[15:37:41.222] [info]   相机 /d455b/infra1/image_rect_raw 采样后: 200 帧
[15:37:41.259] [info]   相机 /d455b/infra2/image_rect_raw 采样后: 200 帧
[15:37:41.261] [info] [Fine-Auto/LiDAR-Cam] LiDAR 加载完成: 200 帧 (将按相机逐路取帧)
[15:37:41.261] [info] 读取相机内参: ./results/camera_intrinsic/camera_intrinsic_cam_left.yaml
[15:37:41.264] [info]   fx=425.03 fy=426.80 cx=386.02 cy=241.91 dist=4
[15:37:41.264] [info] [Fine-Auto/LiDAR-Cam] 步骤: LiDAR-Camera 标定 相机=cam_left (方法: 边缘对齐)
[15:37:41.267] [info] [CalibVisualizer] 初始化完成
[15:37:41.267] [info] [Fine-Auto/LiDAR-Cam] 可视化已启用：仅标定结束后显示一帧「图像+点云投影」叠加，不创建 3D 窗口、不泵送其他帧
[15:37:41.267] [info] [Fine-Auto/LiDAR-Cam] 使用粗标定初值 t=[0.123,0.040,-0.058]m
[15:37:41.270] [info] [Fine-Auto] 结果已保存: ./results/lidar_camera_extrinsic/lidar_cam_cam_left_extrinsic.yaml
[15:37:41.270] [info] [Viz] 即将生成投影图并保存到 ./results/lidar_camera_extrinsic/lidar_cam_cam_left_projection.png
[15:37:41.289] [info] 投影可视化保存: ./results/lidar_camera_extrinsic/lidar_cam_cam_left_projection.png
[15:37:41.289] [info] [Viz] 投影图已保存（仅使用配置初值，未做精标定）
[15:37:41.289] [info] [Fine-Auto/LiDAR-Cam] 相机 cam_left 已使用配置初值跳过精标定，直接供手动微调
[15:37:41.289] [info] [Viz/Display] 即将关闭可视化窗口 原因=用户关闭或流程结束 pangolin_running=false
[15:37:41.289] [warning] [Fine-Auto/LiDAR-Cam] 相机 cam_right 无帧，跳过
[15:37:41.289] [warning] [Fine-Auto/LiDAR-Cam] 相机 cam_front 无帧，跳过
[15:37:41.289] [warning] [Fine-Auto/LiDAR-Cam] 相机 cam_rear 无帧，跳过
[15:37:41.290] [info] [Fine-Auto/LiDAR-Cam] 精标定完成: 1 个相机  最大 RMS=0.0000 px
[15:37:41.290] [info] [STAGE=lidar_cam_fine_auto] LiDAR-Camera 精标定 完成
[15:37:41.290] [info] [Fine-Auto/LiDAR-Cam] RMS 阈值=2.00 px  最大 RMS=0.0000 px  在阈值内
[15:37:41.402] [info] ━━━━━━━━━━━━━━━━━━━━━━━━━━━━━━━━━━━━━━━━━
[15:37:41.402] [info] ■ 结束阶段: [Fine-Auto] 任务: [lidar_cam_extrin]
[15:37:41.402] [info]   结果: ✓ 成功 | 残差RMS: 0.0000 | 耗时: 14390 ms
[15:37:41.402] [info]   消息: LiDAR-Camera 精标定完成: 1 个相机, 最大 RMS=0.000000 px
[15:37:41.402] [info] [CALC] 阶段结束 stage=Fine-Auto task=lidar_cam_extrin success=true residual_rms=0.000000 elapsed_ms=14277.9 threshold=2.0000
[15:37:41.402] [info] ━━━━━━━━━━━━━━━━━━━━━━━━━━━━━━━━━━━━━━━━━
[15:37:41.403] [info] [Pipeline] 用户已启用手动校准 (--manual), 进入 6-DOF 调整
[15:37:41.403] [info] 
[15:37:41.403] [info] ━━━━━━━━━━━━━━━━━━━━━━━━━━━━━━━━━━━━━━━━━
[15:37:41.403] [info] ▶ 开始阶段: [Manual-Refine] 任务: [lidar_cam_extrin]
[15:37:41.403] [info]   描述: 手动校准: 6-DOF 交互式调整
[15:37:41.403] [info] ━━━━━━━━━━━━━━━━━━━━━━━━━━━━━━━━━━━━━━━━━
[15:37:41.403] [info] [Manual-Refine] 任务: lidar_cam_extrin
[15:37:41.403] [info] [Manual-Refine] 操作说明: Q/A Roll  W/S Pitch  E/D Yaw  R/F Tx  T/G Ty  Y/H Tz  U Undo  Enter 接受  Esc 取消
[15:37:41.403] [info] [ManualSession] 会话ID: session_2026-04-22_15-37-41
[15:37:41.403] [info] [ManualSession] 保存目录: ./results/manual_sessions
[15:37:41.403] [info] [Manual-Refine] 已打开 6-DOF 可视化调整窗口，请在本窗口内按键微调后 Enter 接受或 Esc 取消
[15:37:41.403] [info] [Manual-Refine] LiDAR-Camera 手动调整仅使用首帧匹配数据（第 0 帧点云 + 第 0 帧图像）
[15:37:41.403] [info] [ManualSession] 启动 LiDAR-Camera 手动校准
[15:37:41.403] [info] [ManualSession] 自动标定 RMS: 0.0000 px (阈值建议 < 2.0px)
[15:37:41.403] [debug] [ManualSession] 事件: lidar_cam_start | auto_rms=0.000000
[15:37:41.403] [info] [ManualAdjust] 初始外参:
[15:37:41.403] [info] [ManualAdjust] 当前外参 [lidar_front→cam_left]:
[15:37:41.403] [info]   旋转 RPY: (-58.8701, -88.5405, -31.0062) deg
[15:37:41.403] [info]   平移 XYZ: (0.1230, 0.0399, -0.0577) m
[15:37:41.403] [info] [ManualSession] ===== 手动校准操作说明 =====
[15:37:41.403] [info]   Q/A: Roll ±0.1deg   W/S: Pitch ±0.1deg   E/D: Yaw ±0.1deg
[15:37:41.403] [info]   R/F: Tx ±0.5cm   T/G: Ty ±0.5cm   Y/H: Tz ±0.5cm
[15:37:41.403] [info]   Shift+键: 10倍步长
[15:37:41.403] [info]   P: 进入点击精化模式  U: 撤销  Z: 重做
[15:37:41.403] [info]   S: 保存  ESC: 接受并退出
[15:37:41.403] [info]   点云投影质量越高 (边缘对齐越好) 表示标定越准确
[15:37:41.414] [info] [ManualAdjust] 结果已保存: ./results/lidar_camera_extrinsic/manual_extrinsic_20260422_153741_initial.yaml
[15:37:41.414] [info] [ManualCalib] 交互窗口启动前已自动保存初始状态快照（备用）:
[15:37:41.414] [info]   - 投影图: ./results/lidar_camera_extrinsic/manual_projection_20260422_153741_initial.png
[15:37:41.414] [info]   - 点云:   ./results/lidar_camera_extrinsic/manual_cloud_20260422_153741_initial.pcd
[15:37:41.414] [info]   - 外参:   ./results/lidar_camera_extrinsic/manual_extrinsic_20260422_153741_initial.yaml

(unicalib_lidar_camera:145): dbind-WARNING **: 15:37:41.444: Couldn't connect to accessibility bus: Failed to connect to socket /run/user/1000/at-spi/bus_1: No such file or directory
[15:37:41.516] [info] [ManualCalib] 3D 点云窗口已禁用（避免 VTK 闪退），请在 2D 投影窗口进行微调。按下 'S' 键可手动保存当前微调结果图片和点云。
[15:37:41.516] [info] [ManualCalib] 初始位姿 T_lidar_to_cam:
[15:37:41.517] [info]   - Translation: 0.1230, 0.0399, -0.0577
[15:37:41.517] [info]   - RPY (deg):   90.7545, -179.8846, 91.2509
[15:37:56.892] [debug] [ManualAdjust] 平移增量 dxyz=(0.0000, -0.0050, 0.0000)m
[15:37:56.892] [info] [ManualAdjust] 当前外参 [lidar_front→cam_left]:
[15:37:56.892] [info]   旋转 RPY: (-58.8701, -88.5405, -31.0062) deg
[15:37:56.892] [info]   平移 XYZ: (0.1230, 0.0349, -0.0577) m
[15:37:58.224] [debug] [ManualAdjust] 平移增量 dxyz=(0.0000, 0.0050, 0.0000)m
[15:37:58.224] [info] [ManualAdjust] 当前外参 [lidar_front→cam_left]:
[15:37:58.224] [info]   旋转 RPY: (-58.8701, -88.5405, -31.0062) deg
[15:37:58.224] [info]   平移 XYZ: (0.1230, 0.0399, -0.0577) m
[15:37:59.513] [debug] [ManualAdjust] 平移增量 dxyz=(0.0050, 0.0000, 0.0000)m
[15:37:59.513] [info] [ManualAdjust] 当前外参 [lidar_front→cam_left]:
[15:37:59.513] [info]   旋转 RPY: (-58.8701, -88.5405, -31.0062) deg
[15:37:59.513] [info]   平移 XYZ: (0.1280, 0.0399, -0.0577) m
[15:38:00.192] [debug] [ManualAdjust] 平移增量 dxyz=(-0.0050, 0.0000, 0.0000)m
[15:38:00.193] [info] [ManualAdjust] 当前外参 [lidar_front→cam_left]:
[15:38:00.193] [info]   旋转 RPY: (-58.8701, -88.5405, -31.0062) deg
[15:38:00.193] [info]   平移 XYZ: (0.1230, 0.0399, -0.0577) m
[15:38:01.289] [debug] [ManualAdjust] 旋转增量 RPY=(0.000, 0.000, 0.100)deg
[15:38:01.289] [info] [ManualAdjust] 当前外参 [lidar_front→cam_left]:
[15:38:01.289] [info]   旋转 RPY: (-60.7861, -88.4540, -29.0896) deg
[15:38:01.289] [info]   平移 XYZ: (0.1230, 0.0399, -0.0577) m
[15:38:01.800] [debug] [ManualAdjust] 旋转增量 RPY=(0.000, 0.000, -0.100)deg
[15:38:01.801] [info] [ManualAdjust] 当前外参 [lidar_front→cam_left]:
[15:38:01.801] [info]   旋转 RPY: (-58.8701, -88.5405, -31.0062) deg
[15:38:01.801] [info]   平移 XYZ: (0.1230, 0.0399, -0.0577) m
[15:38:02.745] [debug] [ManualAdjust] 平移增量 dxyz=(0.0000, 0.0000, 0.0050)m
[15:38:02.745] [info] [ManualAdjust] 当前外参 [lidar_front→cam_left]:
[15:38:02.745] [info]   旋转 RPY: (-58.8701, -88.5405, -31.0062) deg
[15:38:02.745] [info]   平移 XYZ: (0.1230, 0.0399, -0.0527) m
[15:38:03.153] [debug] [ManualAdjust] 平移增量 dxyz=(0.0000, 0.0000, 0.0050)m
[15:38:03.153] [info] [ManualAdjust] 当前外参 [lidar_front→cam_left]:
[15:38:03.153] [info]   旋转 RPY: (-58.8701, -88.5405, -31.0062) deg
[15:38:03.153] [info]   平移 XYZ: (0.1230, 0.0399, -0.0477) m
[15:38:03.545] [debug] [ManualAdjust] 平移增量 dxyz=(0.0000, 0.0000, 0.0050)m
[15:38:03.545] [info] [ManualAdjust] 当前外参 [lidar_front→cam_left]:
[15:38:03.545] [info]   旋转 RPY: (-58.8701, -88.5405, -31.0062) deg
[15:38:03.545] [info]   平移 XYZ: (0.1230, 0.0399, -0.0427) m
[15:38:03.920] [debug] [ManualAdjust] 平移增量 dxyz=(0.0000, 0.0000, 0.0050)m
[15:38:03.920] [info] [ManualAdjust] 当前外参 [lidar_front→cam_left]:
[15:38:03.920] [info]   旋转 RPY: (-58.8701, -88.5405, -31.0062) deg
[15:38:03.920] [info]   平移 XYZ: (0.1230, 0.0399, -0.0377) m
[15:38:04.417] [debug] [ManualAdjust] 平移增量 dxyz=(0.0000, 0.0000, 0.0050)m
[15:38:04.417] [info] [ManualAdjust] 当前外参 [lidar_front→cam_left]:
[15:38:04.417] [info]   旋转 RPY: (-58.8701, -88.5405, -31.0062) deg
[15:38:04.417] [info]   平移 XYZ: (0.1230, 0.0399, -0.0327) m
[15:38:04.976] [debug] [ManualAdjust] 平移增量 dxyz=(0.0000, 0.0000, -0.0050)m
[15:38:04.976] [info] [ManualAdjust] 当前外参 [lidar_front→cam_left]:
[15:38:04.976] [info]   旋转 RPY: (-58.8701, -88.5405, -31.0062) deg
[15:38:04.976] [info]   平移 XYZ: (0.1230, 0.0399, -0.0377) m
[15:38:05.162] [debug] [ManualAdjust] 平移增量 dxyz=(0.0000, 0.0000, -0.0050)m
[15:38:05.162] [info] [ManualAdjust] 当前外参 [lidar_front→cam_left]:
[15:38:05.162] [info]   旋转 RPY: (-58.8701, -88.5405, -31.0062) deg
[15:38:05.162] [info]   平移 XYZ: (0.1230, 0.0399, -0.0427) m
[15:38:05.350] [debug] [ManualAdjust] 平移增量 dxyz=(0.0000, 0.0000, -0.0050)m
[15:38:05.351] [info] [ManualAdjust] 当前外参 [lidar_front→cam_left]:
[15:38:05.351] [info]   旋转 RPY: (-58.8701, -88.5405, -31.0062) deg
[15:38:05.351] [info]   平移 XYZ: (0.1230, 0.0399, -0.0477) m
[15:38:05.533] [debug] [ManualAdjust] 平移增量 dxyz=(0.0000, 0.0000, -0.0050)m
[15:38:05.533] [info] [ManualAdjust] 当前外参 [lidar_front→cam_left]:
[15:38:05.533] [info]   旋转 RPY: (-58.8701, -88.5405, -31.0062) deg
[15:38:05.533] [info]   平移 XYZ: (0.1230, 0.0399, -0.0527) m
[15:38:05.705] [debug] [ManualAdjust] 平移增量 dxyz=(0.0000, 0.0000, -0.0050)m
[15:38:05.705] [info] [ManualAdjust] 当前外参 [lidar_front→cam_left]:
[15:38:05.705] [info]   旋转 RPY: (-58.8701, -88.5405, -31.0062) deg
[15:38:05.705] [info]   平移 XYZ: (0.1230, 0.0399, -0.0577) m
[15:38:07.154] [info] [ManualAdjust] 撤销 (undo_stack 剩余: 15)
[15:38:07.154] [info] [ManualAdjust] 当前外参 [lidar_front→cam_left]:
[15:38:07.154] [info]   旋转 RPY: (-58.8701, -88.5405, -31.0062) deg
[15:38:07.154] [info]   平移 XYZ: (0.1230, 0.0399, -0.0527) m
[15:38:09.785] [debug] [ManualAdjust] 旋转增量 RPY=(0.100, 0.000, 0.000)deg
[15:38:09.785] [info] [ManualAdjust] 当前外参 [lidar_front→cam_left]:
[15:38:09.785] [info]   旋转 RPY: (-58.7701, -88.5405, -31.0062) deg
[15:38:09.785] [info]   平移 XYZ: (0.1230, 0.0399, -0.0527) m
[15:38:10.233] [debug] [ManualAdjust] 旋转增量 RPY=(0.100, 0.000, 0.000)deg
[15:38:10.233] [info] [ManualAdjust] 当前外参 [lidar_front→cam_left]:
[15:38:10.233] [info]   旋转 RPY: (-58.6701, -88.5405, -31.0062) deg
[15:38:10.233] [info]   平移 XYZ: (0.1230, 0.0399, -0.0527) m
[15:38:10.457] [debug] [ManualAdjust] 旋转增量 RPY=(0.100, 0.000, 0.000)deg
[15:38:10.457] [info] [ManualAdjust] 当前外参 [lidar_front→cam_left]:
[15:38:10.457] [info]   旋转 RPY: (-58.5701, -88.5405, -31.0062) deg
[15:38:10.457] [info]   平移 XYZ: (0.1230, 0.0399, -0.0527) m
[15:38:10.957] [debug] [ManualAdjust] 旋转增量 RPY=(0.100, 0.000, 0.000)deg
[15:38:10.957] [info] [ManualAdjust] 当前外参 [lidar_front→cam_left]:
[15:38:10.957] [info]   旋转 RPY: (-58.4701, -88.5405, -31.0062) deg
[15:38:10.957] [info]   平移 XYZ: (0.1230, 0.0399, -0.0527) m
[15:38:10.987] [debug] [ManualAdjust] 旋转增量 RPY=(0.100, 0.000, 0.000)deg
[15:38:10.987] [info] [ManualAdjust] 当前外参 [lidar_front→cam_left]:
[15:38:10.987] [info]   旋转 RPY: (-58.3701, -88.5405, -31.0062) deg
[15:38:10.987] [info]   平移 XYZ: (0.1230, 0.0399, -0.0527) m
[15:38:11.018] [debug] [ManualAdjust] 旋转增量 RPY=(0.100, 0.000, 0.000)deg
[15:38:11.018] [info] [ManualAdjust] 当前外参 [lidar_front→cam_left]:
[15:38:11.018] [info]   旋转 RPY: (-58.2701, -88.5405, -31.0062) deg
[15:38:11.018] [info]   平移 XYZ: (0.1230, 0.0399, -0.0527) m
[15:38:11.047] [debug] [ManualAdjust] 旋转增量 RPY=(0.100, 0.000, 0.000)deg
[15:38:11.047] [info] [ManualAdjust] 当前外参 [lidar_front→cam_left]:
[15:38:11.047] [info]   旋转 RPY: (-58.1701, -88.5405, -31.0062) deg
[15:38:11.047] [info]   平移 XYZ: (0.1230, 0.0399, -0.0527) m
[15:38:11.078] [debug] [ManualAdjust] 旋转增量 RPY=(0.100, 0.000, 0.000)deg
[15:38:11.078] [info] [ManualAdjust] 当前外参 [lidar_front→cam_left]:
[15:38:11.078] [info]   旋转 RPY: (-58.0701, -88.5405, -31.0062) deg
[15:38:11.078] [info]   平移 XYZ: (0.1230, 0.0399, -0.0527) m
[15:38:11.108] [debug] [ManualAdjust] 旋转增量 RPY=(0.100, 0.000, 0.000)deg
[15:38:11.108] [info] [ManualAdjust] 当前外参 [lidar_front→cam_left]:
[15:38:11.108] [info]   旋转 RPY: (-57.9701, -88.5405, -31.0062) deg
[15:38:11.108] [info]   平移 XYZ: (0.1230, 0.0399, -0.0527) m
[15:38:11.138] [debug] [ManualAdjust] 旋转增量 RPY=(0.100, 0.000, 0.000)deg
[15:38:11.138] [info] [ManualAdjust] 当前外参 [lidar_front→cam_left]:
[15:38:11.138] [info]   旋转 RPY: (-57.8701, -88.5405, -31.0062) deg
[15:38:11.138] [info]   平移 XYZ: (0.1230, 0.0399, -0.0527) m
[15:38:11.168] [debug] [ManualAdjust] 旋转增量 RPY=(0.100, 0.000, 0.000)deg
[15:38:11.168] [info] [ManualAdjust] 当前外参 [lidar_front→cam_left]:
[15:38:11.168] [info]   旋转 RPY: (-57.7701, -88.5405, -31.0062) deg
[15:38:11.168] [info]   平移 XYZ: (0.1230, 0.0399, -0.0527) m
[15:38:11.199] [debug] [ManualAdjust] 旋转增量 RPY=(0.100, 0.000, 0.000)deg
[15:38:11.199] [info] [ManualAdjust] 当前外参 [lidar_front→cam_left]:
[15:38:11.199] [info]   旋转 RPY: (-57.6701, -88.5405, -31.0062) deg
[15:38:11.199] [info]   平移 XYZ: (0.1230, 0.0399, -0.0527) m
[15:38:11.228] [debug] [ManualAdjust] 旋转增量 RPY=(0.100, 0.000, 0.000)deg
[15:38:11.228] [info] [ManualAdjust] 当前外参 [lidar_front→cam_left]:
[15:38:11.228] [info]   旋转 RPY: (-57.5701, -88.5405, -31.0062) deg
[15:38:11.228] [info]   平移 XYZ: (0.1230, 0.0399, -0.0527) m
[15:38:11.258] [debug] [ManualAdjust] 旋转增量 RPY=(0.100, 0.000, 0.000)deg
[15:38:11.258] [info] [ManualAdjust] 当前外参 [lidar_front→cam_left]:
[15:38:11.258] [info]   旋转 RPY: (-57.4701, -88.5405, -31.0062) deg
[15:38:11.258] [info]   平移 XYZ: (0.1230, 0.0399, -0.0527) m
[15:38:11.288] [debug] [ManualAdjust] 旋转增量 RPY=(0.100, 0.000, 0.000)deg
[15:38:11.288] [info] [ManualAdjust] 当前外参 [lidar_front→cam_left]:
[15:38:11.288] [info]   旋转 RPY: (-57.3701, -88.5405, -31.0062) deg
[15:38:11.288] [info]   平移 XYZ: (0.1230, 0.0399, -0.0527) m
[15:38:11.318] [debug] [ManualAdjust] 旋转增量 RPY=(0.100, 0.000, 0.000)deg
[15:38:11.318] [info] [ManualAdjust] 当前外参 [lidar_front→cam_left]:
[15:38:11.318] [info]   旋转 RPY: (-57.2701, -88.5405, -31.0062) deg
[15:38:11.318] [info]   平移 XYZ: (0.1230, 0.0399, -0.0527) m
[15:38:11.349] [debug] [ManualAdjust] 旋转增量 RPY=(0.100, 0.000, 0.000)deg
[15:38:11.349] [info] [ManualAdjust] 当前外参 [lidar_front→cam_left]:
[15:38:11.349] [info]   旋转 RPY: (-57.1701, -88.5405, -31.0062) deg
[15:38:11.349] [info]   平移 XYZ: (0.1230, 0.0399, -0.0527) m
[15:38:11.378] [debug] [ManualAdjust] 旋转增量 RPY=(0.100, 0.000, 0.000)deg
[15:38:11.378] [info] [ManualAdjust] 当前外参 [lidar_front→cam_left]:
[15:38:11.378] [info]   旋转 RPY: (-57.0701, -88.5405, -31.0062) deg
[15:38:11.378] [info]   平移 XYZ: (0.1230, 0.0399, -0.0527) m
[15:38:11.409] [debug] [ManualAdjust] 旋转增量 RPY=(0.100, 0.000, 0.000)deg
[15:38:11.409] [info] [ManualAdjust] 当前外参 [lidar_front→cam_left]:
[15:38:11.409] [info]   旋转 RPY: (-56.9701, -88.5405, -31.0062) deg
[15:38:11.409] [info]   平移 XYZ: (0.1230, 0.0399, -0.0527) m
[15:38:11.440] [debug] [ManualAdjust] 旋转增量 RPY=(0.100, 0.000, 0.000)deg
[15:38:11.440] [info] [ManualAdjust] 当前外参 [lidar_front→cam_left]:
[15:38:11.440] [info]   旋转 RPY: (-56.8701, -88.5405, -31.0062) deg
[15:38:11.440] [info]   平移 XYZ: (0.1230, 0.0399, -0.0527) m
[15:38:11.471] [debug] [ManualAdjust] 旋转增量 RPY=(0.100, 0.000, 0.000)deg
[15:38:11.471] [info] [ManualAdjust] 当前外参 [lidar_front→cam_left]:
[15:38:11.471] [info]   旋转 RPY: (-56.7701, -88.5405, -31.0062) deg
[15:38:11.471] [info]   平移 XYZ: (0.1230, 0.0399, -0.0527) m
[15:38:11.501] [debug] [ManualAdjust] 旋转增量 RPY=(0.100, 0.000, 0.000)deg
[15:38:11.501] [info] [ManualAdjust] 当前外参 [lidar_front→cam_left]:
[15:38:11.501] [info]   旋转 RPY: (-56.6701, -88.5405, -31.0062) deg
[15:38:11.501] [info]   平移 XYZ: (0.1230, 0.0399, -0.0527) m
[15:38:11.530] [debug] [ManualAdjust] 旋转增量 RPY=(0.100, 0.000, 0.000)deg
[15:38:11.531] [info] [ManualAdjust] 当前外参 [lidar_front→cam_left]:
[15:38:11.531] [info]   旋转 RPY: (-56.5701, -88.5405, -31.0062) deg
[15:38:11.531] [info]   平移 XYZ: (0.1230, 0.0399, -0.0527) m
[15:38:11.561] [debug] [ManualAdjust] 旋转增量 RPY=(0.100, 0.000, 0.000)deg
[15:38:11.561] [info] [ManualAdjust] 当前外参 [lidar_front→cam_left]:
[15:38:11.561] [info]   旋转 RPY: (-56.4701, -88.5405, -31.0062) deg
[15:38:11.561] [info]   平移 XYZ: (0.1230, 0.0399, -0.0527) m
[15:38:11.592] [debug] [ManualAdjust] 旋转增量 RPY=(0.100, 0.000, 0.000)deg
[15:38:11.592] [info] [ManualAdjust] 当前外参 [lidar_front→cam_left]:
[15:38:11.592] [info]   旋转 RPY: (-56.3701, -88.5405, -31.0062) deg
[15:38:11.592] [info]   平移 XYZ: (0.1230, 0.0399, -0.0527) m
[15:38:11.622] [debug] [ManualAdjust] 旋转增量 RPY=(0.100, 0.000, 0.000)deg
[15:38:11.622] [info] [ManualAdjust] 当前外参 [lidar_front→cam_left]:
[15:38:11.622] [info]   旋转 RPY: (-56.2701, -88.5405, -31.0062) deg
[15:38:11.622] [info]   平移 XYZ: (0.1230, 0.0399, -0.0527) m
[15:38:11.651] [debug] [ManualAdjust] 旋转增量 RPY=(0.100, 0.000, 0.000)deg
[15:38:11.651] [info] [ManualAdjust] 当前外参 [lidar_front→cam_left]:
[15:38:11.651] [info]   旋转 RPY: (-56.1701, -88.5405, -31.0062) deg
[15:38:11.651] [info]   平移 XYZ: (0.1230, 0.0399, -0.0527) m
[15:38:11.682] [debug] [ManualAdjust] 旋转增量 RPY=(0.100, 0.000, 0.000)deg
[15:38:11.682] [info] [ManualAdjust] 当前外参 [lidar_front→cam_left]:
[15:38:11.682] [info]   旋转 RPY: (-56.0701, -88.5405, -31.0062) deg
[15:38:11.682] [info]   平移 XYZ: (0.1230, 0.0399, -0.0527) m
[15:38:11.713] [debug] [ManualAdjust] 旋转增量 RPY=(0.100, 0.000, 0.000)deg
[15:38:11.713] [info] [ManualAdjust] 当前外参 [lidar_front→cam_left]:
[15:38:11.713] [info]   旋转 RPY: (-55.9701, -88.5405, -31.0062) deg
[15:38:11.713] [info]   平移 XYZ: (0.1230, 0.0399, -0.0527) m
[15:38:11.743] [debug] [ManualAdjust] 旋转增量 RPY=(0.100, 0.000, 0.000)deg
[15:38:11.743] [info] [ManualAdjust] 当前外参 [lidar_front→cam_left]:
[15:38:11.743] [info]   旋转 RPY: (-55.8701, -88.5405, -31.0062) deg
[15:38:11.743] [info]   平移 XYZ: (0.1230, 0.0399, -0.0527) m
[15:38:11.772] [debug] [ManualAdjust] 旋转增量 RPY=(0.100, 0.000, 0.000)deg
[15:38:11.772] [info] [ManualAdjust] 当前外参 [lidar_front→cam_left]:
[15:38:11.772] [info]   旋转 RPY: (-55.7701, -88.5405, -31.0062) deg
[15:38:11.772] [info]   平移 XYZ: (0.1230, 0.0399, -0.0527) m
[15:38:11.803] [debug] [ManualAdjust] 旋转增量 RPY=(0.100, 0.000, 0.000)deg
[15:38:11.803] [info] [ManualAdjust] 当前外参 [lidar_front→cam_left]:
[15:38:11.803] [info]   旋转 RPY: (-55.6701, -88.5405, -31.0062) deg
[15:38:11.803] [info]   平移 XYZ: (0.1230, 0.0399, -0.0527) m
[15:38:11.833] [debug] [ManualAdjust] 旋转增量 RPY=(0.100, 0.000, 0.000)deg
[15:38:11.833] [info] [ManualAdjust] 当前外参 [lidar_front→cam_left]:
[15:38:11.833] [info]   旋转 RPY: (-55.5701, -88.5405, -31.0062) deg
[15:38:11.833] [info]   平移 XYZ: (0.1230, 0.0399, -0.0527) m
[15:38:11.864] [debug] [ManualAdjust] 旋转增量 RPY=(0.100, 0.000, 0.000)deg
[15:38:11.864] [info] [ManualAdjust] 当前外参 [lidar_front→cam_left]:
[15:38:11.864] [info]   旋转 RPY: (-55.4701, -88.5405, -31.0062) deg
[15:38:11.864] [info]   平移 XYZ: (0.1230, 0.0399, -0.0527) m
[15:38:11.894] [debug] [ManualAdjust] 旋转增量 RPY=(0.100, 0.000, 0.000)deg
[15:38:11.894] [info] [ManualAdjust] 当前外参 [lidar_front→cam_left]:
[15:38:11.894] [info]   旋转 RPY: (-55.3701, -88.5405, -31.0062) deg
[15:38:11.894] [info]   平移 XYZ: (0.1230, 0.0399, -0.0527) m
[15:38:11.924] [debug] [ManualAdjust] 旋转增量 RPY=(0.100, 0.000, 0.000)deg
[15:38:11.924] [info] [ManualAdjust] 当前外参 [lidar_front→cam_left]:
[15:38:11.924] [info]   旋转 RPY: (-55.2701, -88.5405, -31.0062) deg
[15:38:11.924] [info]   平移 XYZ: (0.1230, 0.0399, -0.0527) m
[15:38:11.954] [debug] [ManualAdjust] 旋转增量 RPY=(0.100, 0.000, 0.000)deg
[15:38:11.954] [info] [ManualAdjust] 当前外参 [lidar_front→cam_left]:
[15:38:11.954] [info]   旋转 RPY: (-55.1701, -88.5405, -31.0062) deg
[15:38:11.954] [info]   平移 XYZ: (0.1230, 0.0399, -0.0527) m
[15:38:11.983] [debug] [ManualAdjust] 旋转增量 RPY=(0.100, 0.000, 0.000)deg
[15:38:11.983] [info] [ManualAdjust] 当前外参 [lidar_front→cam_left]:
[15:38:11.983] [info]   旋转 RPY: (-55.0701, -88.5405, -31.0062) deg
[15:38:11.983] [info]   平移 XYZ: (0.1230, 0.0399, -0.0527) m
[15:38:12.014] [debug] [ManualAdjust] 旋转增量 RPY=(0.100, 0.000, 0.000)deg
[15:38:12.014] [info] [ManualAdjust] 当前外参 [lidar_front→cam_left]:
[15:38:12.014] [info]   旋转 RPY: (-54.9701, -88.5405, -31.0062) deg
[15:38:12.014] [info]   平移 XYZ: (0.1230, 0.0399, -0.0527) m
[15:38:12.043] [debug] [ManualAdjust] 旋转增量 RPY=(0.100, 0.000, 0.000)deg
[15:38:12.043] [info] [ManualAdjust] 当前外参 [lidar_front→cam_left]:
[15:38:12.043] [info]   旋转 RPY: (-54.8701, -88.5405, -31.0062) deg
[15:38:12.043] [info]   平移 XYZ: (0.1230, 0.0399, -0.0527) m
[15:38:12.074] [debug] [ManualAdjust] 旋转增量 RPY=(0.100, 0.000, 0.000)deg
[15:38:12.074] [info] [ManualAdjust] 当前外参 [lidar_front→cam_left]:
[15:38:12.074] [info]   旋转 RPY: (-54.7701, -88.5405, -31.0062) deg
[15:38:12.074] [info]   平移 XYZ: (0.1230, 0.0399, -0.0527) m
[15:38:12.104] [debug] [ManualAdjust] 旋转增量 RPY=(0.100, 0.000, 0.000)deg
[15:38:12.104] [info] [ManualAdjust] 当前外参 [lidar_front→cam_left]:
[15:38:12.104] [info]   旋转 RPY: (-54.6701, -88.5405, -31.0062) deg
[15:38:12.104] [info]   平移 XYZ: (0.1230, 0.0399, -0.0527) m
[15:38:12.134] [debug] [ManualAdjust] 旋转增量 RPY=(0.100, 0.000, 0.000)deg
[15:38:12.134] [info] [ManualAdjust] 当前外参 [lidar_front→cam_left]:
[15:38:12.134] [info]   旋转 RPY: (-54.5701, -88.5405, -31.0062) deg
[15:38:12.134] [info]   平移 XYZ: (0.1230, 0.0399, -0.0527) m
[15:38:12.165] [debug] [ManualAdjust] 旋转增量 RPY=(0.100, 0.000, 0.000)deg
[15:38:12.165] [info] [ManualAdjust] 当前外参 [lidar_front→cam_left]:
[15:38:12.165] [info]   旋转 RPY: (-54.4701, -88.5405, -31.0062) deg
[15:38:12.165] [info]   平移 XYZ: (0.1230, 0.0399, -0.0527) m
[15:38:12.195] [debug] [ManualAdjust] 旋转增量 RPY=(0.100, 0.000, 0.000)deg
[15:38:12.195] [info] [ManualAdjust] 当前外参 [lidar_front→cam_left]:
[15:38:12.195] [info]   旋转 RPY: (-54.3701, -88.5405, -31.0062) deg
[15:38:12.195] [info]   平移 XYZ: (0.1230, 0.0399, -0.0527) m
[15:38:12.225] [debug] [ManualAdjust] 旋转增量 RPY=(0.100, 0.000, 0.000)deg
[15:38:12.225] [info] [ManualAdjust] 当前外参 [lidar_front→cam_left]:
[15:38:12.225] [info]   旋转 RPY: (-54.2701, -88.5405, -31.0062) deg
[15:38:12.225] [info]   平移 XYZ: (0.1230, 0.0399, -0.0527) m
[15:38:12.255] [debug] [ManualAdjust] 旋转增量 RPY=(0.100, 0.000, 0.000)deg
[15:38:12.255] [info] [ManualAdjust] 当前外参 [lidar_front→cam_left]:
[15:38:12.255] [info]   旋转 RPY: (-54.1701, -88.5405, -31.0062) deg
[15:38:12.255] [info]   平移 XYZ: (0.1230, 0.0399, -0.0527) m
[15:38:12.284] [debug] [ManualAdjust] 旋转增量 RPY=(0.100, 0.000, 0.000)deg
[15:38:12.284] [info] [ManualAdjust] 当前外参 [lidar_front→cam_left]:
[15:38:12.284] [info]   旋转 RPY: (-54.0701, -88.5405, -31.0062) deg
[15:38:12.284] [info]   平移 XYZ: (0.1230, 0.0399, -0.0527) m
[15:38:12.315] [debug] [ManualAdjust] 旋转增量 RPY=(0.100, 0.000, 0.000)deg
[15:38:12.315] [info] [ManualAdjust] 当前外参 [lidar_front→cam_left]:
[15:38:12.315] [info]   旋转 RPY: (-53.9701, -88.5405, -31.0062) deg
[15:38:12.315] [info]   平移 XYZ: (0.1230, 0.0399, -0.0527) m
[15:38:12.345] [debug] [ManualAdjust] 旋转增量 RPY=(0.100, 0.000, 0.000)deg
[15:38:12.345] [info] [ManualAdjust] 当前外参 [lidar_front→cam_left]:
[15:38:12.345] [info]   旋转 RPY: (-53.8701, -88.5405, -31.0062) deg
[15:38:12.345] [info]   平移 XYZ: (0.1230, 0.0399, -0.0527) m
[15:38:12.375] [debug] [ManualAdjust] 旋转增量 RPY=(0.100, 0.000, 0.000)deg
[15:38:12.375] [info] [ManualAdjust] 当前外参 [lidar_front→cam_left]:
[15:38:12.375] [info]   旋转 RPY: (-53.7701, -88.5405, -31.0062) deg
[15:38:12.375] [info]   平移 XYZ: (0.1230, 0.0399, -0.0527) m
[15:38:12.405] [debug] [ManualAdjust] 旋转增量 RPY=(0.100, 0.000, 0.000)deg
[15:38:12.405] [info] [ManualAdjust] 当前外参 [lidar_front→cam_left]:
[15:38:12.405] [info]   旋转 RPY: (-53.6701, -88.5405, -31.0062) deg
[15:38:12.405] [info]   平移 XYZ: (0.1230, 0.0399, -0.0527) m
[15:38:12.434] [debug] [ManualAdjust] 旋转增量 RPY=(0.100, 0.000, 0.000)deg
[15:38:12.434] [info] [ManualAdjust] 当前外参 [lidar_front→cam_left]:
[15:38:12.434] [info]   旋转 RPY: (-53.5701, -88.5405, -31.0062) deg
[15:38:12.434] [info]   平移 XYZ: (0.1230, 0.0399, -0.0527) m
[15:38:12.465] [debug] [ManualAdjust] 旋转增量 RPY=(0.100, 0.000, 0.000)deg
[15:38:12.465] [info] [ManualAdjust] 当前外参 [lidar_front→cam_left]:
[15:38:12.465] [info]   旋转 RPY: (-53.4701, -88.5405, -31.0062) deg
[15:38:12.465] [info]   平移 XYZ: (0.1230, 0.0399, -0.0527) m
[15:38:12.495] [debug] [ManualAdjust] 旋转增量 RPY=(0.100, 0.000, 0.000)deg
[15:38:12.495] [info] [ManualAdjust] 当前外参 [lidar_front→cam_left]:
[15:38:12.495] [info]   旋转 RPY: (-53.3701, -88.5405, -31.0062) deg
[15:38:12.495] [info]   平移 XYZ: (0.1230, 0.0399, -0.0527) m
[15:38:12.524] [debug] [ManualAdjust] 旋转增量 RPY=(0.100, 0.000, 0.000)deg
[15:38:12.524] [info] [ManualAdjust] 当前外参 [lidar_front→cam_left]:
[15:38:12.524] [info]   旋转 RPY: (-53.2701, -88.5405, -31.0062) deg
[15:38:12.524] [info]   平移 XYZ: (0.1230, 0.0399, -0.0527) m
[15:38:12.555] [debug] [ManualAdjust] 旋转增量 RPY=(0.100, 0.000, 0.000)deg
[15:38:12.555] [info] [ManualAdjust] 当前外参 [lidar_front→cam_left]:
[15:38:12.555] [info]   旋转 RPY: (-53.1701, -88.5405, -31.0062) deg
[15:38:12.555] [info]   平移 XYZ: (0.1230, 0.0399, -0.0527) m
[15:38:12.584] [debug] [ManualAdjust] 旋转增量 RPY=(0.100, 0.000, 0.000)deg
[15:38:12.584] [info] [ManualAdjust] 当前外参 [lidar_front→cam_left]:
[15:38:12.584] [info]   旋转 RPY: (-53.0701, -88.5405, -31.0062) deg
[15:38:12.584] [info]   平移 XYZ: (0.1230, 0.0399, -0.0527) m
[15:38:12.615] [debug] [ManualAdjust] 旋转增量 RPY=(0.100, 0.000, 0.000)deg
[15:38:12.615] [info] [ManualAdjust] 当前外参 [lidar_front→cam_left]:
[15:38:12.615] [info]   旋转 RPY: (-52.9701, -88.5405, -31.0062) deg
[15:38:12.615] [info]   平移 XYZ: (0.1230, 0.0399, -0.0527) m
[15:38:12.644] [debug] [ManualAdjust] 旋转增量 RPY=(0.100, 0.000, 0.000)deg
[15:38:12.644] [info] [ManualAdjust] 当前外参 [lidar_front→cam_left]:
[15:38:12.644] [info]   旋转 RPY: (-52.8701, -88.5405, -31.0062) deg
[15:38:12.645] [info]   平移 XYZ: (0.1230, 0.0399, -0.0527) m
[15:38:12.675] [debug] [ManualAdjust] 旋转增量 RPY=(0.100, 0.000, 0.000)deg
[15:38:12.675] [info] [ManualAdjust] 当前外参 [lidar_front→cam_left]:
[15:38:12.675] [info]   旋转 RPY: (-52.7701, -88.5405, -31.0062) deg
[15:38:12.675] [info]   平移 XYZ: (0.1230, 0.0399, -0.0527) m
[15:38:12.704] [debug] [ManualAdjust] 旋转增量 RPY=(0.100, 0.000, 0.000)deg
[15:38:12.705] [info] [ManualAdjust] 当前外参 [lidar_front→cam_left]:
[15:38:12.705] [info]   旋转 RPY: (-52.6701, -88.5405, -31.0062) deg
[15:38:12.705] [info]   平移 XYZ: (0.1230, 0.0399, -0.0527) m
[15:38:12.734] [debug] [ManualAdjust] 旋转增量 RPY=(0.100, 0.000, 0.000)deg
[15:38:12.734] [info] [ManualAdjust] 当前外参 [lidar_front→cam_left]:
[15:38:12.734] [info]   旋转 RPY: (-52.5701, -88.5405, -31.0062) deg
[15:38:12.734] [info]   平移 XYZ: (0.1230, 0.0399, -0.0527) m
[15:38:12.765] [debug] [ManualAdjust] 旋转增量 RPY=(0.100, 0.000, 0.000)deg
[15:38:12.765] [info] [ManualAdjust] 当前外参 [lidar_front→cam_left]:
[15:38:12.765] [info]   旋转 RPY: (-52.4701, -88.5405, -31.0062) deg
[15:38:12.765] [info]   平移 XYZ: (0.1230, 0.0399, -0.0527) m
[15:38:12.795] [debug] [ManualAdjust] 旋转增量 RPY=(0.100, 0.000, 0.000)deg
[15:38:12.795] [info] [ManualAdjust] 当前外参 [lidar_front→cam_left]:
[15:38:12.795] [info]   旋转 RPY: (-52.3701, -88.5405, -31.0062) deg
[15:38:12.795] [info]   平移 XYZ: (0.1230, 0.0399, -0.0527) m
[15:38:12.824] [debug] [ManualAdjust] 旋转增量 RPY=(0.100, 0.000, 0.000)deg
[15:38:12.824] [info] [ManualAdjust] 当前外参 [lidar_front→cam_left]:
[15:38:12.824] [info]   旋转 RPY: (-52.2701, -88.5405, -31.0062) deg
[15:38:12.824] [info]   平移 XYZ: (0.1230, 0.0399, -0.0527) m
[15:38:12.855] [debug] [ManualAdjust] 旋转增量 RPY=(0.100, 0.000, 0.000)deg
[15:38:12.855] [info] [ManualAdjust] 当前外参 [lidar_front→cam_left]:
[15:38:12.855] [info]   旋转 RPY: (-52.1701, -88.5405, -31.0062) deg
[15:38:12.855] [info]   平移 XYZ: (0.1230, 0.0399, -0.0527) m
[15:38:12.884] [debug] [ManualAdjust] 旋转增量 RPY=(0.100, 0.000, 0.000)deg
[15:38:12.884] [info] [ManualAdjust] 当前外参 [lidar_front→cam_left]:
[15:38:12.884] [info]   旋转 RPY: (-52.0701, -88.5405, -31.0062) deg
[15:38:12.884] [info]   平移 XYZ: (0.1230, 0.0399, -0.0527) m
[15:38:12.915] [debug] [ManualAdjust] 旋转增量 RPY=(0.100, 0.000, 0.000)deg
[15:38:12.915] [info] [ManualAdjust] 当前外参 [lidar_front→cam_left]:
[15:38:12.915] [info]   旋转 RPY: (-51.9701, -88.5405, -31.0062) deg
[15:38:12.915] [info]   平移 XYZ: (0.1230, 0.0399, -0.0527) m
[15:38:12.944] [debug] [ManualAdjust] 旋转增量 RPY=(0.100, 0.000, 0.000)deg
[15:38:12.945] [info] [ManualAdjust] 当前外参 [lidar_front→cam_left]:
[15:38:12.945] [info]   旋转 RPY: (-51.8701, -88.5405, -31.0062) deg
[15:38:12.945] [info]   平移 XYZ: (0.1230, 0.0399, -0.0527) m
[15:38:12.975] [debug] [ManualAdjust] 旋转增量 RPY=(0.100, 0.000, 0.000)deg
[15:38:12.975] [info] [ManualAdjust] 当前外参 [lidar_front→cam_left]:
[15:38:12.975] [info]   旋转 RPY: (-51.7701, -88.5405, -31.0062) deg
[15:38:12.975] [info]   平移 XYZ: (0.1230, 0.0399, -0.0527) m
[15:38:13.005] [debug] [ManualAdjust] 旋转增量 RPY=(0.100, 0.000, 0.000)deg
[15:38:13.005] [info] [ManualAdjust] 当前外参 [lidar_front→cam_left]:
[15:38:13.005] [info]   旋转 RPY: (-51.6701, -88.5405, -31.0062) deg
[15:38:13.005] [info]   平移 XYZ: (0.1230, 0.0399, -0.0527) m
[15:38:13.034] [debug] [ManualAdjust] 旋转增量 RPY=(0.100, 0.000, 0.000)deg
[15:38:13.035] [info] [ManualAdjust] 当前外参 [lidar_front→cam_left]:
[15:38:13.035] [info]   旋转 RPY: (-51.5701, -88.5405, -31.0062) deg
[15:38:13.035] [info]   平移 XYZ: (0.1230, 0.0399, -0.0527) m
[15:38:13.065] [debug] [ManualAdjust] 旋转增量 RPY=(0.100, 0.000, 0.000)deg
[15:38:13.065] [info] [ManualAdjust] 当前外参 [lidar_front→cam_left]:
[15:38:13.065] [info]   旋转 RPY: (-51.4701, -88.5405, -31.0062) deg
[15:38:13.065] [info]   平移 XYZ: (0.1230, 0.0399, -0.0527) m
[15:38:13.095] [debug] [ManualAdjust] 旋转增量 RPY=(0.100, 0.000, 0.000)deg
[15:38:13.095] [info] [ManualAdjust] 当前外参 [lidar_front→cam_left]:
[15:38:13.095] [info]   旋转 RPY: (-51.3701, -88.5405, -31.0062) deg
[15:38:13.095] [info]   平移 XYZ: (0.1230, 0.0399, -0.0527) m
[15:38:13.124] [debug] [ManualAdjust] 旋转增量 RPY=(0.100, 0.000, 0.000)deg
[15:38:13.124] [info] [ManualAdjust] 当前外参 [lidar_front→cam_left]:
[15:38:13.124] [info]   旋转 RPY: (-51.2701, -88.5405, -31.0062) deg
[15:38:13.124] [info]   平移 XYZ: (0.1230, 0.0399, -0.0527) m
[15:38:13.155] [debug] [ManualAdjust] 旋转增量 RPY=(0.100, 0.000, 0.000)deg
[15:38:13.155] [info] [ManualAdjust] 当前外参 [lidar_front→cam_left]:
[15:38:13.155] [info]   旋转 RPY: (-51.1701, -88.5405, -31.0062) deg
[15:38:13.155] [info]   平移 XYZ: (0.1230, 0.0399, -0.0527) m
[15:38:13.184] [debug] [ManualAdjust] 旋转增量 RPY=(0.100, 0.000, 0.000)deg
[15:38:13.184] [info] [ManualAdjust] 当前外参 [lidar_front→cam_left]:
[15:38:13.185] [info]   旋转 RPY: (-51.0701, -88.5405, -31.0062) deg
[15:38:13.185] [info]   平移 XYZ: (0.1230, 0.0399, -0.0527) m
[15:38:13.215] [debug] [ManualAdjust] 旋转增量 RPY=(0.100, 0.000, 0.000)deg
[15:38:13.215] [info] [ManualAdjust] 当前外参 [lidar_front→cam_left]:
[15:38:13.215] [info]   旋转 RPY: (-50.9701, -88.5405, -31.0062) deg
[15:38:13.215] [info]   平移 XYZ: (0.1230, 0.0399, -0.0527) m
[15:38:13.245] [debug] [ManualAdjust] 旋转增量 RPY=(0.100, 0.000, 0.000)deg
[15:38:13.245] [info] [ManualAdjust] 当前外参 [lidar_front→cam_left]:
[15:38:13.245] [info]   旋转 RPY: (-50.8701, -88.5405, -31.0062) deg
[15:38:13.245] [info]   平移 XYZ: (0.1230, 0.0399, -0.0527) m
[15:38:13.275] [debug] [ManualAdjust] 旋转增量 RPY=(0.100, 0.000, 0.000)deg
[15:38:13.275] [info] [ManualAdjust] 当前外参 [lidar_front→cam_left]:
[15:38:13.275] [info]   旋转 RPY: (-50.7701, -88.5405, -31.0062) deg
[15:38:13.275] [info]   平移 XYZ: (0.1230, 0.0399, -0.0527) m
[15:38:13.306] [debug] [ManualAdjust] 旋转增量 RPY=(0.100, 0.000, 0.000)deg
[15:38:13.306] [info] [ManualAdjust] 当前外参 [lidar_front→cam_left]:
[15:38:13.306] [info]   旋转 RPY: (-50.6701, -88.5405, -31.0062) deg
[15:38:13.306] [info]   平移 XYZ: (0.1230, 0.0399, -0.0527) m
[15:38:13.337] [debug] [ManualAdjust] 旋转增量 RPY=(0.100, 0.000, 0.000)deg
[15:38:13.337] [info] [ManualAdjust] 当前外参 [lidar_front→cam_left]:
[15:38:13.337] [info]   旋转 RPY: (-50.5701, -88.5405, -31.0062) deg
[15:38:13.337] [info]   平移 XYZ: (0.1230, 0.0399, -0.0527) m
[15:38:13.367] [debug] [ManualAdjust] 旋转增量 RPY=(0.100, 0.000, 0.000)deg
[15:38:13.367] [info] [ManualAdjust] 当前外参 [lidar_front→cam_left]:
[15:38:13.367] [info]   旋转 RPY: (-50.4701, -88.5405, -31.0062) deg
[15:38:13.367] [info]   平移 XYZ: (0.1230, 0.0399, -0.0527) m
[15:38:13.398] [debug] [ManualAdjust] 旋转增量 RPY=(0.100, 0.000, 0.000)deg
[15:38:13.398] [info] [ManualAdjust] 当前外参 [lidar_front→cam_left]:
[15:38:13.398] [info]   旋转 RPY: (-50.3701, -88.5405, -31.0062) deg
[15:38:13.398] [info]   平移 XYZ: (0.1230, 0.0399, -0.0527) m
[15:38:13.428] [debug] [ManualAdjust] 旋转增量 RPY=(0.100, 0.000, 0.000)deg
[15:38:13.428] [info] [ManualAdjust] 当前外参 [lidar_front→cam_left]:
[15:38:13.428] [info]   旋转 RPY: (-50.2701, -88.5405, -31.0062) deg
[15:38:13.428] [info]   平移 XYZ: (0.1230, 0.0399, -0.0527) m
[15:38:13.457] [debug] [ManualAdjust] 旋转增量 RPY=(0.100, 0.000, 0.000)deg
[15:38:13.457] [info] [ManualAdjust] 当前外参 [lidar_front→cam_left]:
[15:38:13.457] [info]   旋转 RPY: (-50.1701, -88.5405, -31.0062) deg
[15:38:13.457] [info]   平移 XYZ: (0.1230, 0.0399, -0.0527) m
[15:38:13.488] [debug] [ManualAdjust] 旋转增量 RPY=(0.100, 0.000, 0.000)deg
[15:38:13.488] [info] [ManualAdjust] 当前外参 [lidar_front→cam_left]:
[15:38:13.488] [info]   旋转 RPY: (-50.0701, -88.5405, -31.0062) deg
[15:38:13.488] [info]   平移 XYZ: (0.1230, 0.0399, -0.0527) m
[15:38:13.518] [debug] [ManualAdjust] 旋转增量 RPY=(0.100, 0.000, 0.000)deg
[15:38:13.518] [info] [ManualAdjust] 当前外参 [lidar_front→cam_left]:
[15:38:13.518] [info]   旋转 RPY: (-49.9701, -88.5405, -31.0062) deg
[15:38:13.518] [info]   平移 XYZ: (0.1230, 0.0399, -0.0527) m
[15:38:13.548] [debug] [ManualAdjust] 旋转增量 RPY=(0.100, 0.000, 0.000)deg
[15:38:13.548] [info] [ManualAdjust] 当前外参 [lidar_front→cam_left]:
[15:38:13.548] [info]   旋转 RPY: (-49.8701, -88.5405, -31.0062) deg
[15:38:13.548] [info]   平移 XYZ: (0.1230, 0.0399, -0.0527) m
[15:38:13.578] [debug] [ManualAdjust] 旋转增量 RPY=(0.100, 0.000, 0.000)deg
[15:38:13.578] [info] [ManualAdjust] 当前外参 [lidar_front→cam_left]:
[15:38:13.578] [info]   旋转 RPY: (-49.7701, -88.5405, -31.0062) deg
[15:38:13.578] [info]   平移 XYZ: (0.1230, 0.0399, -0.0527) m
[15:38:13.609] [debug] [ManualAdjust] 旋转增量 RPY=(0.100, 0.000, 0.000)deg
[15:38:13.609] [info] [ManualAdjust] 当前外参 [lidar_front→cam_left]:
[15:38:13.609] [info]   旋转 RPY: (-49.6701, -88.5405, -31.0062) deg
[15:38:13.609] [info]   平移 XYZ: (0.1230, 0.0399, -0.0527) m
[15:38:13.638] [debug] [ManualAdjust] 旋转增量 RPY=(0.100, 0.000, 0.000)deg
[15:38:13.638] [info] [ManualAdjust] 当前外参 [lidar_front→cam_left]:
[15:38:13.638] [info]   旋转 RPY: (-49.5701, -88.5405, -31.0062) deg
[15:38:13.638] [info]   平移 XYZ: (0.1230, 0.0399, -0.0527) m
[15:38:13.668] [debug] [ManualAdjust] 旋转增量 RPY=(0.100, 0.000, 0.000)deg
[15:38:13.668] [info] [ManualAdjust] 当前外参 [lidar_front→cam_left]:
[15:38:13.668] [info]   旋转 RPY: (-49.4701, -88.5405, -31.0062) deg
[15:38:13.668] [info]   平移 XYZ: (0.1230, 0.0399, -0.0527) m
[15:38:13.698] [debug] [ManualAdjust] 旋转增量 RPY=(0.100, 0.000, 0.000)deg
[15:38:13.698] [info] [ManualAdjust] 当前外参 [lidar_front→cam_left]:
[15:38:13.698] [info]   旋转 RPY: (-49.3701, -88.5405, -31.0062) deg
[15:38:13.698] [info]   平移 XYZ: (0.1230, 0.0399, -0.0527) m
[15:38:13.728] [debug] [ManualAdjust] 旋转增量 RPY=(0.100, 0.000, 0.000)deg
[15:38:13.729] [info] [ManualAdjust] 当前外参 [lidar_front→cam_left]:
[15:38:13.729] [info]   旋转 RPY: (-49.2701, -88.5405, -31.0062) deg
[15:38:13.729] [info]   平移 XYZ: (0.1230, 0.0399, -0.0527) m
[15:38:13.759] [debug] [ManualAdjust] 旋转增量 RPY=(0.100, 0.000, 0.000)deg
[15:38:13.759] [info] [ManualAdjust] 当前外参 [lidar_front→cam_left]:
[15:38:13.759] [info]   旋转 RPY: (-49.1701, -88.5405, -31.0062) deg
[15:38:13.759] [info]   平移 XYZ: (0.1230, 0.0399, -0.0527) m
[15:38:13.788] [debug] [ManualAdjust] 旋转增量 RPY=(0.100, 0.000, 0.000)deg
[15:38:13.788] [info] [ManualAdjust] 当前外参 [lidar_front→cam_left]:
[15:38:13.788] [info]   旋转 RPY: (-49.0701, -88.5405, -31.0062) deg
[15:38:13.788] [info]   平移 XYZ: (0.1230, 0.0399, -0.0527) m
[15:38:13.818] [debug] [ManualAdjust] 旋转增量 RPY=(0.100, 0.000, 0.000)deg
[15:38:13.818] [info] [ManualAdjust] 当前外参 [lidar_front→cam_left]:
[15:38:13.818] [info]   旋转 RPY: (-48.9701, -88.5405, -31.0062) deg
[15:38:13.818] [info]   平移 XYZ: (0.1230, 0.0399, -0.0527) m
[15:38:13.849] [debug] [ManualAdjust] 旋转增量 RPY=(0.100, 0.000, 0.000)deg
[15:38:13.849] [info] [ManualAdjust] 当前外参 [lidar_front→cam_left]:
[15:38:13.849] [info]   旋转 RPY: (-48.8701, -88.5405, -31.0062) deg
[15:38:13.849] [info]   平移 XYZ: (0.1230, 0.0399, -0.0527) m
[15:38:13.878] [debug] [ManualAdjust] 旋转增量 RPY=(0.100, 0.000, 0.000)deg
[15:38:13.878] [info] [ManualAdjust] 当前外参 [lidar_front→cam_left]:
[15:38:13.878] [info]   旋转 RPY: (-48.7701, -88.5405, -31.0062) deg
[15:38:13.879] [info]   平移 XYZ: (0.1230, 0.0399, -0.0527) m
[15:38:13.909] [debug] [ManualAdjust] 旋转增量 RPY=(0.100, 0.000, 0.000)deg
[15:38:13.909] [info] [ManualAdjust] 当前外参 [lidar_front→cam_left]:
[15:38:13.909] [info]   旋转 RPY: (-48.6701, -88.5405, -31.0062) deg
[15:38:13.909] [info]   平移 XYZ: (0.1230, 0.0399, -0.0527) m
[15:38:13.938] [debug] [ManualAdjust] 旋转增量 RPY=(0.100, 0.000, 0.000)deg
[15:38:13.938] [info] [ManualAdjust] 当前外参 [lidar_front→cam_left]:
[15:38:13.938] [info]   旋转 RPY: (-48.5701, -88.5405, -31.0062) deg
[15:38:13.938] [info]   平移 XYZ: (0.1230, 0.0399, -0.0527) m
[15:38:13.969] [debug] [ManualAdjust] 旋转增量 RPY=(0.100, 0.000, 0.000)deg
[15:38:13.969] [info] [ManualAdjust] 当前外参 [lidar_front→cam_left]:
[15:38:13.969] [info]   旋转 RPY: (-48.4701, -88.5405, -31.0062) deg
[15:38:13.969] [info]   平移 XYZ: (0.1230, 0.0399, -0.0527) m
[15:38:13.998] [debug] [ManualAdjust] 旋转增量 RPY=(0.100, 0.000, 0.000)deg
[15:38:13.998] [info] [ManualAdjust] 当前外参 [lidar_front→cam_left]:
[15:38:13.998] [info]   旋转 RPY: (-48.3701, -88.5405, -31.0062) deg
[15:38:13.998] [info]   平移 XYZ: (0.1230, 0.0399, -0.0527) m
[15:38:14.028] [debug] [ManualAdjust] 旋转增量 RPY=(0.100, 0.000, 0.000)deg
[15:38:14.028] [info] [ManualAdjust] 当前外参 [lidar_front→cam_left]:
[15:38:14.028] [info]   旋转 RPY: (-48.2701, -88.5405, -31.0062) deg
[15:38:14.028] [info]   平移 XYZ: (0.1230, 0.0399, -0.0527) m
[15:38:14.059] [debug] [ManualAdjust] 旋转增量 RPY=(0.100, 0.000, 0.000)deg
[15:38:14.059] [info] [ManualAdjust] 当前外参 [lidar_front→cam_left]:
[15:38:14.059] [info]   旋转 RPY: (-48.1701, -88.5405, -31.0062) deg
[15:38:14.059] [info]   平移 XYZ: (0.1230, 0.0399, -0.0527) m
[15:38:14.089] [debug] [ManualAdjust] 旋转增量 RPY=(0.100, 0.000, 0.000)deg
[15:38:14.089] [info] [ManualAdjust] 当前外参 [lidar_front→cam_left]:
[15:38:14.089] [info]   旋转 RPY: (-48.0701, -88.5405, -31.0062) deg
[15:38:14.089] [info]   平移 XYZ: (0.1230, 0.0399, -0.0527) m
[15:38:14.119] [debug] [ManualAdjust] 旋转增量 RPY=(0.100, 0.000, 0.000)deg
[15:38:14.120] [info] [ManualAdjust] 当前外参 [lidar_front→cam_left]:
[15:38:14.120] [info]   旋转 RPY: (-47.9701, -88.5405, -31.0062) deg
[15:38:14.120] [info]   平移 XYZ: (0.1230, 0.0399, -0.0527) m
[15:38:14.150] [debug] [ManualAdjust] 旋转增量 RPY=(0.100, 0.000, 0.000)deg
[15:38:14.150] [info] [ManualAdjust] 当前外参 [lidar_front→cam_left]:
[15:38:14.150] [info]   旋转 RPY: (-47.8701, -88.5405, -31.0062) deg
[15:38:14.150] [info]   平移 XYZ: (0.1230, 0.0399, -0.0527) m
[15:38:14.179] [debug] [ManualAdjust] 旋转增量 RPY=(0.100, 0.000, 0.000)deg
[15:38:14.179] [info] [ManualAdjust] 当前外参 [lidar_front→cam_left]:
[15:38:14.179] [info]   旋转 RPY: (-47.7701, -88.5405, -31.0062) deg
[15:38:14.179] [info]   平移 XYZ: (0.1230, 0.0399, -0.0527) m
[15:38:14.209] [debug] [ManualAdjust] 旋转增量 RPY=(0.100, 0.000, 0.000)deg
[15:38:14.209] [info] [ManualAdjust] 当前外参 [lidar_front→cam_left]:
[15:38:14.209] [info]   旋转 RPY: (-47.6701, -88.5405, -31.0062) deg
[15:38:14.209] [info]   平移 XYZ: (0.1230, 0.0399, -0.0527) m
[15:38:14.239] [debug] [ManualAdjust] 旋转增量 RPY=(0.100, 0.000, 0.000)deg
[15:38:14.239] [info] [ManualAdjust] 当前外参 [lidar_front→cam_left]:
[15:38:14.239] [info]   旋转 RPY: (-47.5701, -88.5405, -31.0062) deg
[15:38:14.239] [info]   平移 XYZ: (0.1230, 0.0399, -0.0527) m
[15:38:14.269] [debug] [ManualAdjust] 旋转增量 RPY=(0.100, 0.000, 0.000)deg
[15:38:14.269] [info] [ManualAdjust] 当前外参 [lidar_front→cam_left]:
[15:38:14.269] [info]   旋转 RPY: (-47.4701, -88.5405, -31.0062) deg
[15:38:14.269] [info]   平移 XYZ: (0.1230, 0.0399, -0.0527) m
[15:38:14.300] [debug] [ManualAdjust] 旋转增量 RPY=(0.100, 0.000, 0.000)deg
[15:38:14.300] [info] [ManualAdjust] 当前外参 [lidar_front→cam_left]:
[15:38:14.300] [info]   旋转 RPY: (-47.3701, -88.5405, -31.0062) deg
[15:38:14.300] [info]   平移 XYZ: (0.1230, 0.0399, -0.0527) m
[15:38:14.329] [debug] [ManualAdjust] 旋转增量 RPY=(0.100, 0.000, 0.000)deg
[15:38:14.329] [info] [ManualAdjust] 当前外参 [lidar_front→cam_left]:
[15:38:14.329] [info]   旋转 RPY: (-47.2701, -88.5405, -31.0062) deg
[15:38:14.329] [info]   平移 XYZ: (0.1230, 0.0399, -0.0527) m
[15:38:14.360] [debug] [ManualAdjust] 旋转增量 RPY=(0.100, 0.000, 0.000)deg
[15:38:14.360] [info] [ManualAdjust] 当前外参 [lidar_front→cam_left]:
[15:38:14.360] [info]   旋转 RPY: (-47.1701, -88.5405, -31.0062) deg
[15:38:14.360] [info]   平移 XYZ: (0.1230, 0.0399, -0.0527) m
[15:38:14.390] [debug] [ManualAdjust] 旋转增量 RPY=(0.100, 0.000, 0.000)deg
[15:38:14.390] [info] [ManualAdjust] 当前外参 [lidar_front→cam_left]:
[15:38:14.390] [info]   旋转 RPY: (-47.0701, -88.5405, -31.0062) deg
[15:38:14.390] [info]   平移 XYZ: (0.1230, 0.0399, -0.0527) m
[15:38:14.419] [debug] [ManualAdjust] 旋转增量 RPY=(0.100, 0.000, 0.000)deg
[15:38:14.419] [info] [ManualAdjust] 当前外参 [lidar_front→cam_left]:
[15:38:14.419] [info]   旋转 RPY: (-46.9701, -88.5405, -31.0062) deg
[15:38:14.419] [info]   平移 XYZ: (0.1230, 0.0399, -0.0527) m
[15:38:14.449] [debug] [ManualAdjust] 旋转增量 RPY=(0.100, 0.000, 0.000)deg
[15:38:14.449] [info] [ManualAdjust] 当前外参 [lidar_front→cam_left]:
[15:38:14.449] [info]   旋转 RPY: (-46.8701, -88.5405, -31.0062) deg
[15:38:14.449] [info]   平移 XYZ: (0.1230, 0.0399, -0.0527) m
[15:38:14.479] [debug] [ManualAdjust] 旋转增量 RPY=(0.100, 0.000, 0.000)deg
[15:38:14.479] [info] [ManualAdjust] 当前外参 [lidar_front→cam_left]:
[15:38:14.479] [info]   旋转 RPY: (-46.7701, -88.5405, -31.0062) deg
[15:38:14.479] [info]   平移 XYZ: (0.1230, 0.0399, -0.0527) m
[15:38:14.509] [debug] [ManualAdjust] 旋转增量 RPY=(0.100, 0.000, 0.000)deg
[15:38:14.509] [info] [ManualAdjust] 当前外参 [lidar_front→cam_left]:
[15:38:14.509] [info]   旋转 RPY: (-46.6701, -88.5405, -31.0062) deg
[15:38:14.509] [info]   平移 XYZ: (0.1230, 0.0399, -0.0527) m
[15:38:14.540] [debug] [ManualAdjust] 旋转增量 RPY=(0.100, 0.000, 0.000)deg
[15:38:14.540] [info] [ManualAdjust] 当前外参 [lidar_front→cam_left]:
[15:38:14.540] [info]   旋转 RPY: (-46.5701, -88.5405, -31.0062) deg
[15:38:14.540] [info]   平移 XYZ: (0.1230, 0.0399, -0.0527) m
[15:38:14.570] [debug] [ManualAdjust] 旋转增量 RPY=(0.100, 0.000, 0.000)deg
[15:38:14.570] [info] [ManualAdjust] 当前外参 [lidar_front→cam_left]:
[15:38:14.570] [info]   旋转 RPY: (-46.4701, -88.5405, -31.0062) deg
[15:38:14.570] [info]   平移 XYZ: (0.1230, 0.0399, -0.0527) m
[15:38:14.600] [debug] [ManualAdjust] 旋转增量 RPY=(0.100, 0.000, 0.000)deg
[15:38:14.600] [info] [ManualAdjust] 当前外参 [lidar_front→cam_left]:
[15:38:14.600] [info]   旋转 RPY: (-46.3701, -88.5405, -31.0062) deg
[15:38:14.600] [info]   平移 XYZ: (0.1230, 0.0399, -0.0527) m
[15:38:14.629] [debug] [ManualAdjust] 旋转增量 RPY=(0.100, 0.000, 0.000)deg
[15:38:14.629] [info] [ManualAdjust] 当前外参 [lidar_front→cam_left]:
[15:38:14.629] [info]   旋转 RPY: (-46.2701, -88.5405, -31.0062) deg
[15:38:14.629] [info]   平移 XYZ: (0.1230, 0.0399, -0.0527) m
[15:38:14.659] [debug] [ManualAdjust] 旋转增量 RPY=(0.100, 0.000, 0.000)deg
[15:38:14.659] [info] [ManualAdjust] 当前外参 [lidar_front→cam_left]:
[15:38:14.659] [info]   旋转 RPY: (-46.1701, -88.5405, -31.0062) deg
[15:38:14.659] [info]   平移 XYZ: (0.1230, 0.0399, -0.0527) m
[15:38:14.689] [debug] [ManualAdjust] 旋转增量 RPY=(0.100, 0.000, 0.000)deg
[15:38:14.689] [info] [ManualAdjust] 当前外参 [lidar_front→cam_left]:
[15:38:14.689] [info]   旋转 RPY: (-46.0701, -88.5405, -31.0062) deg
[15:38:14.689] [info]   平移 XYZ: (0.1230, 0.0399, -0.0527) m
[15:38:14.719] [debug] [ManualAdjust] 旋转增量 RPY=(0.100, 0.000, 0.000)deg
[15:38:14.719] [info] [ManualAdjust] 当前外参 [lidar_front→cam_left]:
[15:38:14.719] [info]   旋转 RPY: (-45.9701, -88.5405, -31.0062) deg
[15:38:14.719] [info]   平移 XYZ: (0.1230, 0.0399, -0.0527) m
[15:38:14.750] [debug] [ManualAdjust] 旋转增量 RPY=(0.100, 0.000, 0.000)deg
[15:38:14.750] [info] [ManualAdjust] 当前外参 [lidar_front→cam_left]:
[15:38:14.750] [info]   旋转 RPY: (-45.8701, -88.5405, -31.0062) deg
[15:38:14.750] [info]   平移 XYZ: (0.1230, 0.0399, -0.0527) m
[15:38:14.779] [debug] [ManualAdjust] 旋转增量 RPY=(0.100, 0.000, 0.000)deg
[15:38:14.779] [info] [ManualAdjust] 当前外参 [lidar_front→cam_left]:
[15:38:14.779] [info]   旋转 RPY: (-45.7701, -88.5405, -31.0062) deg
[15:38:14.779] [info]   平移 XYZ: (0.1230, 0.0399, -0.0527) m
[15:38:14.809] [debug] [ManualAdjust] 旋转增量 RPY=(0.100, 0.000, 0.000)deg
[15:38:14.809] [info] [ManualAdjust] 当前外参 [lidar_front→cam_left]:
[15:38:14.810] [info]   旋转 RPY: (-45.6701, -88.5405, -31.0062) deg
[15:38:14.810] [info]   平移 XYZ: (0.1230, 0.0399, -0.0527) m
[15:38:14.839] [debug] [ManualAdjust] 旋转增量 RPY=(0.100, 0.000, 0.000)deg
[15:38:14.839] [info] [ManualAdjust] 当前外参 [lidar_front→cam_left]:
[15:38:14.839] [info]   旋转 RPY: (-45.5701, -88.5405, -31.0062) deg
[15:38:14.839] [info]   平移 XYZ: (0.1230, 0.0399, -0.0527) m
[15:38:14.870] [debug] [ManualAdjust] 旋转增量 RPY=(0.100, 0.000, 0.000)deg
[15:38:14.870] [info] [ManualAdjust] 当前外参 [lidar_front→cam_left]:
[15:38:14.870] [info]   旋转 RPY: (-45.4701, -88.5405, -31.0062) deg
[15:38:14.870] [info]   平移 XYZ: (0.1230, 0.0399, -0.0527) m
[15:38:14.900] [debug] [ManualAdjust] 旋转增量 RPY=(0.100, 0.000, 0.000)deg
[15:38:14.900] [info] [ManualAdjust] 当前外参 [lidar_front→cam_left]:
[15:38:14.900] [info]   旋转 RPY: (-45.3701, -88.5405, -31.0062) deg
[15:38:14.900] [info]   平移 XYZ: (0.1230, 0.0399, -0.0527) m
[15:38:14.930] [debug] [ManualAdjust] 旋转增量 RPY=(0.100, 0.000, 0.000)deg
[15:38:14.930] [info] [ManualAdjust] 当前外参 [lidar_front→cam_left]:
[15:38:14.930] [info]   旋转 RPY: (-45.2701, -88.5405, -31.0062) deg
[15:38:14.930] [info]   平移 XYZ: (0.1230, 0.0399, -0.0527) m
[15:38:14.960] [debug] [ManualAdjust] 旋转增量 RPY=(0.100, 0.000, 0.000)deg
[15:38:14.960] [info] [ManualAdjust] 当前外参 [lidar_front→cam_left]:
[15:38:14.960] [info]   旋转 RPY: (-45.1701, -88.5405, -31.0062) deg
[15:38:14.960] [info]   平移 XYZ: (0.1230, 0.0399, -0.0527) m
[15:38:14.991] [debug] [ManualAdjust] 旋转增量 RPY=(0.100, 0.000, 0.000)deg
[15:38:14.991] [info] [ManualAdjust] 当前外参 [lidar_front→cam_left]:
[15:38:14.991] [info]   旋转 RPY: (-45.0701, -88.5405, -31.0062) deg
[15:38:14.991] [info]   平移 XYZ: (0.1230, 0.0399, -0.0527) m
[15:38:15.020] [debug] [ManualAdjust] 旋转增量 RPY=(0.100, 0.000, 0.000)deg
[15:38:15.020] [info] [ManualAdjust] 当前外参 [lidar_front→cam_left]:
[15:38:15.020] [info]   旋转 RPY: (-44.9701, -88.5405, -31.0062) deg
[15:38:15.020] [info]   平移 XYZ: (0.1230, 0.0399, -0.0527) m
[15:38:15.051] [debug] [ManualAdjust] 旋转增量 RPY=(0.100, 0.000, 0.000)deg
[15:38:15.051] [info] [ManualAdjust] 当前外参 [lidar_front→cam_left]:
[15:38:15.051] [info]   旋转 RPY: (-44.8701, -88.5405, -31.0062) deg
[15:38:15.051] [info]   平移 XYZ: (0.1230, 0.0399, -0.0527) m
[15:38:15.080] [debug] [ManualAdjust] 旋转增量 RPY=(0.100, 0.000, 0.000)deg
[15:38:15.080] [info] [ManualAdjust] 当前外参 [lidar_front→cam_left]:
[15:38:15.080] [info]   旋转 RPY: (-44.7701, -88.5405, -31.0062) deg
[15:38:15.080] [info]   平移 XYZ: (0.1230, 0.0399, -0.0527) m
[15:38:15.111] [debug] [ManualAdjust] 旋转增量 RPY=(0.100, 0.000, 0.000)deg
[15:38:15.111] [info] [ManualAdjust] 当前外参 [lidar_front→cam_left]:
[15:38:15.111] [info]   旋转 RPY: (-44.6701, -88.5405, -31.0062) deg
[15:38:15.111] [info]   平移 XYZ: (0.1230, 0.0399, -0.0527) m
[15:38:15.140] [debug] [ManualAdjust] 旋转增量 RPY=(0.100, 0.000, 0.000)deg
[15:38:15.140] [info] [ManualAdjust] 当前外参 [lidar_front→cam_left]:
[15:38:15.140] [info]   旋转 RPY: (-44.5701, -88.5405, -31.0062) deg
[15:38:15.140] [info]   平移 XYZ: (0.1230, 0.0399, -0.0527) m
[15:38:15.171] [debug] [ManualAdjust] 旋转增量 RPY=(0.100, 0.000, 0.000)deg
[15:38:15.171] [info] [ManualAdjust] 当前外参 [lidar_front→cam_left]:
[15:38:15.171] [info]   旋转 RPY: (-44.4701, -88.5405, -31.0062) deg
[15:38:15.171] [info]   平移 XYZ: (0.1230, 0.0399, -0.0527) m
[15:38:15.201] [debug] [ManualAdjust] 旋转增量 RPY=(0.100, 0.000, 0.000)deg
[15:38:15.201] [info] [ManualAdjust] 当前外参 [lidar_front→cam_left]:
[15:38:15.201] [info]   旋转 RPY: (-44.3701, -88.5405, -31.0062) deg
[15:38:15.201] [info]   平移 XYZ: (0.1230, 0.0399, -0.0527) m
[15:38:15.230] [debug] [ManualAdjust] 旋转增量 RPY=(0.100, 0.000, 0.000)deg
[15:38:15.230] [info] [ManualAdjust] 当前外参 [lidar_front→cam_left]:
[15:38:15.230] [info]   旋转 RPY: (-44.2701, -88.5405, -31.0062) deg
[15:38:15.230] [info]   平移 XYZ: (0.1230, 0.0399, -0.0527) m
[15:38:15.261] [debug] [ManualAdjust] 旋转增量 RPY=(0.100, 0.000, 0.000)deg
[15:38:15.261] [info] [ManualAdjust] 当前外参 [lidar_front→cam_left]:
[15:38:15.261] [info]   旋转 RPY: (-44.1701, -88.5405, -31.0062) deg
[15:38:15.261] [info]   平移 XYZ: (0.1230, 0.0399, -0.0527) m
[15:38:15.292] [debug] [ManualAdjust] 旋转增量 RPY=(0.100, 0.000, 0.000)deg
[15:38:15.292] [info] [ManualAdjust] 当前外参 [lidar_front→cam_left]:
[15:38:15.292] [info]   旋转 RPY: (-44.0701, -88.5405, -31.0062) deg
[15:38:15.292] [info]   平移 XYZ: (0.1230, 0.0399, -0.0527) m
[15:38:15.321] [debug] [ManualAdjust] 旋转增量 RPY=(0.100, 0.000, 0.000)deg
[15:38:15.321] [info] [ManualAdjust] 当前外参 [lidar_front→cam_left]:
[15:38:15.321] [info]   旋转 RPY: (-43.9701, -88.5405, -31.0062) deg
[15:38:15.321] [info]   平移 XYZ: (0.1230, 0.0399, -0.0527) m
[15:38:15.352] [debug] [ManualAdjust] 旋转增量 RPY=(0.100, 0.000, 0.000)deg
[15:38:15.352] [info] [ManualAdjust] 当前外参 [lidar_front→cam_left]:
[15:38:15.352] [info]   旋转 RPY: (-43.8701, -88.5405, -31.0062) deg
[15:38:15.352] [info]   平移 XYZ: (0.1230, 0.0399, -0.0527) m
[15:38:15.382] [debug] [ManualAdjust] 旋转增量 RPY=(0.100, 0.000, 0.000)deg
[15:38:15.382] [info] [ManualAdjust] 当前外参 [lidar_front→cam_left]:
[15:38:15.382] [info]   旋转 RPY: (-43.7701, -88.5405, -31.0062) deg
[15:38:15.382] [info]   平移 XYZ: (0.1230, 0.0399, -0.0527) m
[15:38:15.412] [debug] [ManualAdjust] 旋转增量 RPY=(0.100, 0.000, 0.000)deg
[15:38:15.412] [info] [ManualAdjust] 当前外参 [lidar_front→cam_left]:
[15:38:15.412] [info]   旋转 RPY: (-43.6701, -88.5405, -31.0062) deg
[15:38:15.412] [info]   平移 XYZ: (0.1230, 0.0399, -0.0527) m
[15:38:15.441] [debug] [ManualAdjust] 旋转增量 RPY=(0.100, 0.000, 0.000)deg
[15:38:15.441] [info] [ManualAdjust] 当前外参 [lidar_front→cam_left]:
[15:38:15.441] [info]   旋转 RPY: (-43.5701, -88.5405, -31.0062) deg
[15:38:15.441] [info]   平移 XYZ: (0.1230, 0.0399, -0.0527) m
[15:38:15.471] [debug] [ManualAdjust] 旋转增量 RPY=(0.100, 0.000, 0.000)deg
[15:38:15.471] [info] [ManualAdjust] 当前外参 [lidar_front→cam_left]:
[15:38:15.471] [info]   旋转 RPY: (-43.4701, -88.5405, -31.0062) deg
[15:38:15.471] [info]   平移 XYZ: (0.1230, 0.0399, -0.0527) m
[15:38:15.502] [debug] [ManualAdjust] 旋转增量 RPY=(0.100, 0.000, 0.000)deg
[15:38:15.502] [info] [ManualAdjust] 当前外参 [lidar_front→cam_left]:
[15:38:15.502] [info]   旋转 RPY: (-43.3701, -88.5405, -31.0062) deg
[15:38:15.502] [info]   平移 XYZ: (0.1230, 0.0399, -0.0527) m
[15:38:15.533] [debug] [ManualAdjust] 旋转增量 RPY=(0.100, 0.000, 0.000)deg
[15:38:15.533] [info] [ManualAdjust] 当前外参 [lidar_front→cam_left]:
[15:38:15.533] [info]   旋转 RPY: (-43.2701, -88.5405, -31.0062) deg
[15:38:15.533] [info]   平移 XYZ: (0.1230, 0.0399, -0.0527) m
[15:38:15.563] [debug] [ManualAdjust] 旋转增量 RPY=(0.100, 0.000, 0.000)deg
[15:38:15.563] [info] [ManualAdjust] 当前外参 [lidar_front→cam_left]:
[15:38:15.563] [info]   旋转 RPY: (-43.1701, -88.5405, -31.0062) deg
[15:38:15.563] [info]   平移 XYZ: (0.1230, 0.0399, -0.0527) m
[15:38:15.594] [debug] [ManualAdjust] 旋转增量 RPY=(0.100, 0.000, 0.000)deg
[15:38:15.594] [info] [ManualAdjust] 当前外参 [lidar_front→cam_left]:
[15:38:15.594] [info]   旋转 RPY: (-43.0701, -88.5405, -31.0062) deg
[15:38:15.594] [info]   平移 XYZ: (0.1230, 0.0399, -0.0527) m
[15:38:15.624] [debug] [ManualAdjust] 旋转增量 RPY=(0.100, 0.000, 0.000)deg
[15:38:15.624] [info] [ManualAdjust] 当前外参 [lidar_front→cam_left]:
[15:38:15.624] [info]   旋转 RPY: (-42.9701, -88.5405, -31.0062) deg
[15:38:15.624] [info]   平移 XYZ: (0.1230, 0.0399, -0.0527) m
[15:38:15.654] [debug] [ManualAdjust] 旋转增量 RPY=(0.100, 0.000, 0.000)deg
[15:38:15.654] [info] [ManualAdjust] 当前外参 [lidar_front→cam_left]:
[15:38:15.654] [info]   旋转 RPY: (-42.8701, -88.5405, -31.0062) deg
[15:38:15.654] [info]   平移 XYZ: (0.1230, 0.0399, -0.0527) m
[15:38:15.684] [debug] [ManualAdjust] 旋转增量 RPY=(0.100, 0.000, 0.000)deg
[15:38:15.684] [info] [ManualAdjust] 当前外参 [lidar_front→cam_left]:
[15:38:15.684] [info]   旋转 RPY: (-42.7701, -88.5405, -31.0062) deg
[15:38:15.684] [info]   平移 XYZ: (0.1230, 0.0399, -0.0527) m
[15:38:15.714] [debug] [ManualAdjust] 旋转增量 RPY=(0.100, 0.000, 0.000)deg
[15:38:15.714] [info] [ManualAdjust] 当前外参 [lidar_front→cam_left]:
[15:38:15.714] [info]   旋转 RPY: (-42.6701, -88.5405, -31.0062) deg
[15:38:15.714] [info]   平移 XYZ: (0.1230, 0.0399, -0.0527) m
[15:38:15.743] [debug] [ManualAdjust] 旋转增量 RPY=(0.100, 0.000, 0.000)deg
[15:38:15.743] [info] [ManualAdjust] 当前外参 [lidar_front→cam_left]:
[15:38:15.743] [info]   旋转 RPY: (-42.5701, -88.5405, -31.0062) deg
[15:38:15.743] [info]   平移 XYZ: (0.1230, 0.0399, -0.0527) m
[15:38:15.773] [debug] [ManualAdjust] 旋转增量 RPY=(0.100, 0.000, 0.000)deg
[15:38:15.773] [info] [ManualAdjust] 当前外参 [lidar_front→cam_left]:
[15:38:15.773] [info]   旋转 RPY: (-42.4701, -88.5405, -31.0062) deg
[15:38:15.773] [info]   平移 XYZ: (0.1230, 0.0399, -0.0527) m
[15:38:15.804] [debug] [ManualAdjust] 旋转增量 RPY=(0.100, 0.000, 0.000)deg
[15:38:15.804] [info] [ManualAdjust] 当前外参 [lidar_front→cam_left]:
[15:38:15.804] [info]   旋转 RPY: (-42.3701, -88.5405, -31.0062) deg
[15:38:15.804] [info]   平移 XYZ: (0.1230, 0.0399, -0.0527) m
[15:38:15.834] [debug] [ManualAdjust] 旋转增量 RPY=(0.100, 0.000, 0.000)deg
[15:38:15.834] [info] [ManualAdjust] 当前外参 [lidar_front→cam_left]:
[15:38:15.834] [info]   旋转 RPY: (-42.2701, -88.5405, -31.0062) deg
[15:38:15.834] [info]   平移 XYZ: (0.1230, 0.0399, -0.0527) m
[15:38:15.864] [debug] [ManualAdjust] 旋转增量 RPY=(0.100, 0.000, 0.000)deg
[15:38:15.864] [info] [ManualAdjust] 当前外参 [lidar_front→cam_left]:
[15:38:15.864] [info]   旋转 RPY: (-42.1701, -88.5405, -31.0062) deg
[15:38:15.864] [info]   平移 XYZ: (0.1230, 0.0399, -0.0527) m
[15:38:15.894] [debug] [ManualAdjust] 旋转增量 RPY=(0.100, 0.000, 0.000)deg
[15:38:15.894] [info] [ManualAdjust] 当前外参 [lidar_front→cam_left]:
[15:38:15.894] [info]   旋转 RPY: (-42.0701, -88.5405, -31.0062) deg
[15:38:15.894] [info]   平移 XYZ: (0.1230, 0.0399, -0.0527) m
[15:38:15.924] [debug] [ManualAdjust] 旋转增量 RPY=(0.100, 0.000, 0.000)deg
[15:38:15.924] [info] [ManualAdjust] 当前外参 [lidar_front→cam_left]:
[15:38:15.924] [info]   旋转 RPY: (-41.9701, -88.5405, -31.0062) deg
[15:38:15.924] [info]   平移 XYZ: (0.1230, 0.0399, -0.0527) m
[15:38:15.955] [debug] [ManualAdjust] 旋转增量 RPY=(0.100, 0.000, 0.000)deg
[15:38:15.955] [info] [ManualAdjust] 当前外参 [lidar_front→cam_left]:
[15:38:15.955] [info]   旋转 RPY: (-41.8701, -88.5405, -31.0062) deg
[15:38:15.955] [info]   平移 XYZ: (0.1230, 0.0399, -0.0527) m
[15:38:15.985] [debug] [ManualAdjust] 旋转增量 RPY=(0.100, 0.000, 0.000)deg
[15:38:15.985] [info] [ManualAdjust] 当前外参 [lidar_front→cam_left]:
[15:38:15.985] [info]   旋转 RPY: (-41.7701, -88.5405, -31.0062) deg
[15:38:15.985] [info]   平移 XYZ: (0.1230, 0.0399, -0.0527) m
[15:38:16.016] [debug] [ManualAdjust] 旋转增量 RPY=(0.100, 0.000, 0.000)deg
[15:38:16.016] [info] [ManualAdjust] 当前外参 [lidar_front→cam_left]:
[15:38:16.016] [info]   旋转 RPY: (-41.6701, -88.5405, -31.0062) deg
[15:38:16.016] [info]   平移 XYZ: (0.1230, 0.0399, -0.0527) m
[15:38:16.047] [debug] [ManualAdjust] 旋转增量 RPY=(0.100, 0.000, 0.000)deg
[15:38:16.047] [info] [ManualAdjust] 当前外参 [lidar_front→cam_left]:
[15:38:16.047] [info]   旋转 RPY: (-41.5701, -88.5405, -31.0062) deg
[15:38:16.047] [info]   平移 XYZ: (0.1230, 0.0399, -0.0527) m
[15:38:16.078] [debug] [ManualAdjust] 旋转增量 RPY=(0.100, 0.000, 0.000)deg
[15:38:16.078] [info] [ManualAdjust] 当前外参 [lidar_front→cam_left]:
[15:38:16.078] [info]   旋转 RPY: (-41.4701, -88.5405, -31.0062) deg
[15:38:16.078] [info]   平移 XYZ: (0.1230, 0.0399, -0.0527) m
[15:38:16.108] [debug] [ManualAdjust] 旋转增量 RPY=(0.100, 0.000, 0.000)deg
[15:38:16.108] [info] [ManualAdjust] 当前外参 [lidar_front→cam_left]:
[15:38:16.108] [info]   旋转 RPY: (-41.3701, -88.5405, -31.0062) deg
[15:38:16.108] [info]   平移 XYZ: (0.1230, 0.0399, -0.0527) m
[15:38:16.138] [debug] [ManualAdjust] 旋转增量 RPY=(0.100, 0.000, 0.000)deg
[15:38:16.138] [info] [ManualAdjust] 当前外参 [lidar_front→cam_left]:
[15:38:16.138] [info]   旋转 RPY: (-41.2701, -88.5405, -31.0062) deg
[15:38:16.138] [info]   平移 XYZ: (0.1230, 0.0399, -0.0527) m
[15:38:16.167] [debug] [ManualAdjust] 旋转增量 RPY=(0.100, 0.000, 0.000)deg
[15:38:16.167] [info] [ManualAdjust] 当前外参 [lidar_front→cam_left]:
[15:38:16.167] [info]   旋转 RPY: (-41.1701, -88.5405, -31.0062) deg
[15:38:16.167] [info]   平移 XYZ: (0.1230, 0.0399, -0.0527) m
[15:38:16.197] [debug] [ManualAdjust] 旋转增量 RPY=(0.100, 0.000, 0.000)deg
[15:38:16.197] [info] [ManualAdjust] 当前外参 [lidar_front→cam_left]:
[15:38:16.197] [info]   旋转 RPY: (-41.0701, -88.5405, -31.0062) deg
[15:38:16.197] [info]   平移 XYZ: (0.1230, 0.0399, -0.0527) m
[15:38:16.228] [debug] [ManualAdjust] 旋转增量 RPY=(0.100, 0.000, 0.000)deg
[15:38:16.228] [info] [ManualAdjust] 当前外参 [lidar_front→cam_left]:
[15:38:16.228] [info]   旋转 RPY: (-40.9701, -88.5405, -31.0062) deg
[15:38:16.228] [info]   平移 XYZ: (0.1230, 0.0399, -0.0527) m
[15:38:16.258] [debug] [ManualAdjust] 旋转增量 RPY=(0.100, 0.000, 0.000)deg
[15:38:16.258] [info] [ManualAdjust] 当前外参 [lidar_front→cam_left]:
[15:38:16.258] [info]   旋转 RPY: (-40.8701, -88.5405, -31.0062) deg
[15:38:16.258] [info]   平移 XYZ: (0.1230, 0.0399, -0.0527) m
[15:38:16.288] [debug] [ManualAdjust] 旋转增量 RPY=(0.100, 0.000, 0.000)deg
[15:38:16.288] [info] [ManualAdjust] 当前外参 [lidar_front→cam_left]:
[15:38:16.288] [info]   旋转 RPY: (-40.7701, -88.5405, -31.0062) deg
[15:38:16.288] [info]   平移 XYZ: (0.1230, 0.0399, -0.0527) m
[15:38:16.318] [debug] [ManualAdjust] 旋转增量 RPY=(0.100, 0.000, 0.000)deg
[15:38:16.318] [info] [ManualAdjust] 当前外参 [lidar_front→cam_left]:
[15:38:16.318] [info]   旋转 RPY: (-40.6701, -88.5405, -31.0062) deg
[15:38:16.318] [info]   平移 XYZ: (0.1230, 0.0399, -0.0527) m
[15:38:16.348] [debug] [ManualAdjust] 旋转增量 RPY=(0.100, 0.000, 0.000)deg
[15:38:16.348] [info] [ManualAdjust] 当前外参 [lidar_front→cam_left]:
[15:38:16.348] [info]   旋转 RPY: (-40.5701, -88.5405, -31.0062) deg
[15:38:16.348] [info]   平移 XYZ: (0.1230, 0.0399, -0.0527) m
[15:38:16.378] [debug] [ManualAdjust] 旋转增量 RPY=(0.100, 0.000, 0.000)deg
[15:38:16.378] [info] [ManualAdjust] 当前外参 [lidar_front→cam_left]:
[15:38:16.378] [info]   旋转 RPY: (-40.4701, -88.5405, -31.0062) deg
[15:38:16.378] [info]   平移 XYZ: (0.1230, 0.0399, -0.0527) m
[15:38:16.409] [debug] [ManualAdjust] 旋转增量 RPY=(0.100, 0.000, 0.000)deg
[15:38:16.409] [info] [ManualAdjust] 当前外参 [lidar_front→cam_left]:
[15:38:16.409] [info]   旋转 RPY: (-40.3701, -88.5405, -31.0062) deg
[15:38:16.409] [info]   平移 XYZ: (0.1230, 0.0399, -0.0527) m
[15:38:16.438] [debug] [ManualAdjust] 旋转增量 RPY=(0.100, 0.000, 0.000)deg
[15:38:16.438] [info] [ManualAdjust] 当前外参 [lidar_front→cam_left]:
[15:38:16.438] [info]   旋转 RPY: (-40.2701, -88.5405, -31.0062) deg
[15:38:16.438] [info]   平移 XYZ: (0.1230, 0.0399, -0.0527) m
[15:38:16.469] [debug] [ManualAdjust] 旋转增量 RPY=(0.100, 0.000, 0.000)deg
[15:38:16.469] [info] [ManualAdjust] 当前外参 [lidar_front→cam_left]:
[15:38:16.469] [info]   旋转 RPY: (-40.1701, -88.5405, -31.0062) deg
[15:38:16.469] [info]   平移 XYZ: (0.1230, 0.0399, -0.0527) m
[15:38:16.499] [debug] [ManualAdjust] 旋转增量 RPY=(0.100, 0.000, 0.000)deg
[15:38:16.499] [info] [ManualAdjust] 当前外参 [lidar_front→cam_left]:
[15:38:16.499] [info]   旋转 RPY: (-40.0701, -88.5405, -31.0062) deg
[15:38:16.499] [info]   平移 XYZ: (0.1230, 0.0399, -0.0527) m
[15:38:16.530] [debug] [ManualAdjust] 旋转增量 RPY=(0.100, 0.000, 0.000)deg
[15:38:16.530] [info] [ManualAdjust] 当前外参 [lidar_front→cam_left]:
[15:38:16.530] [info]   旋转 RPY: (-39.9701, -88.5405, -31.0062) deg
[15:38:16.530] [info]   平移 XYZ: (0.1230, 0.0399, -0.0527) m
[15:38:16.560] [debug] [ManualAdjust] 旋转增量 RPY=(0.100, 0.000, 0.000)deg
[15:38:16.560] [info] [ManualAdjust] 当前外参 [lidar_front→cam_left]:
[15:38:16.560] [info]   旋转 RPY: (-39.8701, -88.5405, -31.0062) deg
[15:38:16.560] [info]   平移 XYZ: (0.1230, 0.0399, -0.0527) m
[15:38:16.590] [debug] [ManualAdjust] 旋转增量 RPY=(0.100, 0.000, 0.000)deg
[15:38:16.590] [info] [ManualAdjust] 当前外参 [lidar_front→cam_left]:
[15:38:16.590] [info]   旋转 RPY: (-39.7701, -88.5405, -31.0062) deg
[15:38:16.590] [info]   平移 XYZ: (0.1230, 0.0399, -0.0527) m
[15:38:16.620] [debug] [ManualAdjust] 旋转增量 RPY=(0.100, 0.000, 0.000)deg
[15:38:16.620] [info] [ManualAdjust] 当前外参 [lidar_front→cam_left]:
[15:38:16.620] [info]   旋转 RPY: (-39.6701, -88.5405, -31.0062) deg
[15:38:16.620] [info]   平移 XYZ: (0.1230, 0.0399, -0.0527) m
[15:38:16.651] [debug] [ManualAdjust] 旋转增量 RPY=(0.100, 0.000, 0.000)deg
[15:38:16.651] [info] [ManualAdjust] 当前外参 [lidar_front→cam_left]:
[15:38:16.651] [info]   旋转 RPY: (-39.5701, -88.5405, -31.0062) deg
[15:38:16.651] [info]   平移 XYZ: (0.1230, 0.0399, -0.0527) m
[15:38:16.680] [debug] [ManualAdjust] 旋转增量 RPY=(0.100, 0.000, 0.000)deg
[15:38:16.680] [info] [ManualAdjust] 当前外参 [lidar_front→cam_left]:
[15:38:16.680] [info]   旋转 RPY: (-39.4701, -88.5405, -31.0062) deg
[15:38:16.680] [info]   平移 XYZ: (0.1230, 0.0399, -0.0527) m
[15:38:16.710] [debug] [ManualAdjust] 旋转增量 RPY=(0.100, 0.000, 0.000)deg
[15:38:16.710] [info] [ManualAdjust] 当前外参 [lidar_front→cam_left]:
[15:38:16.710] [info]   旋转 RPY: (-39.3701, -88.5405, -31.0062) deg
[15:38:16.710] [info]   平移 XYZ: (0.1230, 0.0399, -0.0527) m
[15:38:16.741] [debug] [ManualAdjust] 旋转增量 RPY=(0.100, 0.000, 0.000)deg
[15:38:16.741] [info] [ManualAdjust] 当前外参 [lidar_front→cam_left]:
[15:38:16.741] [info]   旋转 RPY: (-39.2701, -88.5405, -31.0062) deg
[15:38:16.741] [info]   平移 XYZ: (0.1230, 0.0399, -0.0527) m
[15:38:16.771] [debug] [ManualAdjust] 旋转增量 RPY=(0.100, 0.000, 0.000)deg
[15:38:16.771] [info] [ManualAdjust] 当前外参 [lidar_front→cam_left]:
[15:38:16.771] [info]   旋转 RPY: (-39.1701, -88.5405, -31.0062) deg
[15:38:16.771] [info]   平移 XYZ: (0.1230, 0.0399, -0.0527) m
[15:38:16.802] [debug] [ManualAdjust] 旋转增量 RPY=(0.100, 0.000, 0.000)deg
[15:38:16.802] [info] [ManualAdjust] 当前外参 [lidar_front→cam_left]:
[15:38:16.802] [info]   旋转 RPY: (-39.0701, -88.5405, -31.0062) deg
[15:38:16.802] [info]   平移 XYZ: (0.1230, 0.0399, -0.0527) m
[15:38:16.833] [debug] [ManualAdjust] 旋转增量 RPY=(0.100, 0.000, 0.000)deg
[15:38:16.833] [info] [ManualAdjust] 当前外参 [lidar_front→cam_left]:
[15:38:16.833] [info]   旋转 RPY: (-38.9701, -88.5405, -31.0062) deg
[15:38:16.833] [info]   平移 XYZ: (0.1230, 0.0399, -0.0527) m
[15:38:16.862] [debug] [ManualAdjust] 旋转增量 RPY=(0.100, 0.000, 0.000)deg
[15:38:16.862] [info] [ManualAdjust] 当前外参 [lidar_front→cam_left]:
[15:38:16.862] [info]   旋转 RPY: (-38.8701, -88.5405, -31.0062) deg
[15:38:16.862] [info]   平移 XYZ: (0.1230, 0.0399, -0.0527) m
[15:38:16.893] [debug] [ManualAdjust] 旋转增量 RPY=(0.100, 0.000, 0.000)deg
[15:38:16.893] [info] [ManualAdjust] 当前外参 [lidar_front→cam_left]:
[15:38:16.893] [info]   旋转 RPY: (-38.7701, -88.5405, -31.0062) deg
[15:38:16.893] [info]   平移 XYZ: (0.1230, 0.0399, -0.0527) m
[15:38:16.923] [debug] [ManualAdjust] 旋转增量 RPY=(0.100, 0.000, 0.000)deg
[15:38:16.923] [info] [ManualAdjust] 当前外参 [lidar_front→cam_left]:
[15:38:16.923] [info]   旋转 RPY: (-38.6701, -88.5405, -31.0062) deg
[15:38:16.923] [info]   平移 XYZ: (0.1230, 0.0399, -0.0527) m
[15:38:16.954] [debug] [ManualAdjust] 旋转增量 RPY=(0.100, 0.000, 0.000)deg
[15:38:16.954] [info] [ManualAdjust] 当前外参 [lidar_front→cam_left]:
[15:38:16.954] [info]   旋转 RPY: (-38.5701, -88.5405, -31.0062) deg
[15:38:16.954] [info]   平移 XYZ: (0.1230, 0.0399, -0.0527) m
[15:38:16.985] [debug] [ManualAdjust] 旋转增量 RPY=(0.100, 0.000, 0.000)deg
[15:38:16.985] [info] [ManualAdjust] 当前外参 [lidar_front→cam_left]:
[15:38:16.985] [info]   旋转 RPY: (-38.4701, -88.5405, -31.0062) deg
[15:38:16.985] [info]   平移 XYZ: (0.1230, 0.0399, -0.0527) m
[15:38:17.015] [debug] [ManualAdjust] 旋转增量 RPY=(0.100, 0.000, 0.000)deg
[15:38:17.015] [info] [ManualAdjust] 当前外参 [lidar_front→cam_left]:
[15:38:17.015] [info]   旋转 RPY: (-38.3701, -88.5405, -31.0062) deg
[15:38:17.015] [info]   平移 XYZ: (0.1230, 0.0399, -0.0527) m
[15:38:17.045] [debug] [ManualAdjust] 旋转增量 RPY=(0.100, 0.000, 0.000)deg
[15:38:17.045] [info] [ManualAdjust] 当前外参 [lidar_front→cam_left]:
[15:38:17.045] [info]   旋转 RPY: (-38.2701, -88.5405, -31.0062) deg
[15:38:17.045] [info]   平移 XYZ: (0.1230, 0.0399, -0.0527) m
[15:38:17.075] [debug] [ManualAdjust] 旋转增量 RPY=(0.100, 0.000, 0.000)deg
[15:38:17.075] [info] [ManualAdjust] 当前外参 [lidar_front→cam_left]:
[15:38:17.075] [info]   旋转 RPY: (-38.1701, -88.5405, -31.0062) deg
[15:38:17.075] [info]   平移 XYZ: (0.1230, 0.0399, -0.0527) m
[15:38:17.105] [debug] [ManualAdjust] 旋转增量 RPY=(0.100, 0.000, 0.000)deg
[15:38:17.105] [info] [ManualAdjust] 当前外参 [lidar_front→cam_left]:
[15:38:17.105] [info]   旋转 RPY: (-38.0701, -88.5405, -31.0062) deg
[15:38:17.105] [info]   平移 XYZ: (0.1230, 0.0399, -0.0527) m
[15:38:17.134] [debug] [ManualAdjust] 旋转增量 RPY=(0.100, 0.000, 0.000)deg
[15:38:17.134] [info] [ManualAdjust] 当前外参 [lidar_front→cam_left]:
[15:38:17.134] [info]   旋转 RPY: (-37.9701, -88.5405, -31.0062) deg
[15:38:17.134] [info]   平移 XYZ: (0.1230, 0.0399, -0.0527) m
[15:38:17.165] [debug] [ManualAdjust] 旋转增量 RPY=(0.100, 0.000, 0.000)deg
[15:38:17.165] [info] [ManualAdjust] 当前外参 [lidar_front→cam_left]:
[15:38:17.165] [info]   旋转 RPY: (-37.8701, -88.5405, -31.0062) deg
[15:38:17.165] [info]   平移 XYZ: (0.1230, 0.0399, -0.0527) m
[15:38:17.195] [debug] [ManualAdjust] 旋转增量 RPY=(0.100, 0.000, 0.000)deg
[15:38:17.195] [info] [ManualAdjust] 当前外参 [lidar_front→cam_left]:
[15:38:17.195] [info]   旋转 RPY: (-37.7701, -88.5405, -31.0062) deg
[15:38:17.195] [info]   平移 XYZ: (0.1230, 0.0399, -0.0527) m
[15:38:17.226] [debug] [ManualAdjust] 旋转增量 RPY=(0.100, 0.000, 0.000)deg
[15:38:17.226] [info] [ManualAdjust] 当前外参 [lidar_front→cam_left]:
[15:38:17.226] [info]   旋转 RPY: (-37.6701, -88.5405, -31.0062) deg
[15:38:17.226] [info]   平移 XYZ: (0.1230, 0.0399, -0.0527) m
[15:38:17.256] [debug] [ManualAdjust] 旋转增量 RPY=(0.100, 0.000, 0.000)deg
[15:38:17.256] [info] [ManualAdjust] 当前外参 [lidar_front→cam_left]:
[15:38:17.256] [info]   旋转 RPY: (-37.5701, -88.5405, -31.0062) deg
[15:38:17.256] [info]   平移 XYZ: (0.1230, 0.0399, -0.0527) m
[15:38:17.286] [debug] [ManualAdjust] 旋转增量 RPY=(0.100, 0.000, 0.000)deg
[15:38:17.286] [info] [ManualAdjust] 当前外参 [lidar_front→cam_left]:
[15:38:17.286] [info]   旋转 RPY: (-37.4701, -88.5405, -31.0062) deg
[15:38:17.286] [info]   平移 XYZ: (0.1230, 0.0399, -0.0527) m
[15:38:17.317] [debug] [ManualAdjust] 旋转增量 RPY=(0.100, 0.000, 0.000)deg
[15:38:17.317] [info] [ManualAdjust] 当前外参 [lidar_front→cam_left]:
[15:38:17.317] [info]   旋转 RPY: (-37.3701, -88.5405, -31.0062) deg
[15:38:17.317] [info]   平移 XYZ: (0.1230, 0.0399, -0.0527) m
[15:38:17.347] [debug] [ManualAdjust] 旋转增量 RPY=(0.100, 0.000, 0.000)deg
[15:38:17.347] [info] [ManualAdjust] 当前外参 [lidar_front→cam_left]:
[15:38:17.347] [info]   旋转 RPY: (-37.2701, -88.5405, -31.0062) deg
[15:38:17.347] [info]   平移 XYZ: (0.1230, 0.0399, -0.0527) m
[15:38:17.377] [debug] [ManualAdjust] 旋转增量 RPY=(0.100, 0.000, 0.000)deg
[15:38:17.377] [info] [ManualAdjust] 当前外参 [lidar_front→cam_left]:
[15:38:17.377] [info]   旋转 RPY: (-37.1701, -88.5405, -31.0062) deg
[15:38:17.377] [info]   平移 XYZ: (0.1230, 0.0399, -0.0527) m
[15:38:17.406] [debug] [ManualAdjust] 旋转增量 RPY=(0.100, 0.000, 0.000)deg
[15:38:17.406] [info] [ManualAdjust] 当前外参 [lidar_front→cam_left]:
[15:38:17.406] [info]   旋转 RPY: (-37.0701, -88.5405, -31.0062) deg
[15:38:17.406] [info]   平移 XYZ: (0.1230, 0.0399, -0.0527) m
[15:38:17.436] [debug] [ManualAdjust] 旋转增量 RPY=(0.100, 0.000, 0.000)deg
[15:38:17.436] [info] [ManualAdjust] 当前外参 [lidar_front→cam_left]:
[15:38:17.436] [info]   旋转 RPY: (-36.9701, -88.5405, -31.0062) deg
[15:38:17.436] [info]   平移 XYZ: (0.1230, 0.0399, -0.0527) m
[15:38:17.467] [debug] [ManualAdjust] 旋转增量 RPY=(0.100, 0.000, 0.000)deg
[15:38:17.467] [info] [ManualAdjust] 当前外参 [lidar_front→cam_left]:
[15:38:17.467] [info]   旋转 RPY: (-36.8701, -88.5405, -31.0062) deg
[15:38:17.467] [info]   平移 XYZ: (0.1230, 0.0399, -0.0527) m
[15:38:17.497] [debug] [ManualAdjust] 旋转增量 RPY=(0.100, 0.000, 0.000)deg
[15:38:17.497] [info] [ManualAdjust] 当前外参 [lidar_front→cam_left]:
[15:38:17.497] [info]   旋转 RPY: (-36.7701, -88.5405, -31.0062) deg
[15:38:17.497] [info]   平移 XYZ: (0.1230, 0.0399, -0.0527) m
[15:38:17.528] [debug] [ManualAdjust] 旋转增量 RPY=(0.100, 0.000, 0.000)deg
[15:38:17.528] [info] [ManualAdjust] 当前外参 [lidar_front→cam_left]:
[15:38:17.528] [info]   旋转 RPY: (-36.6701, -88.5405, -31.0062) deg
[15:38:17.528] [info]   平移 XYZ: (0.1230, 0.0399, -0.0527) m
[15:38:17.557] [debug] [ManualAdjust] 旋转增量 RPY=(0.100, 0.000, 0.000)deg
[15:38:17.557] [info] [ManualAdjust] 当前外参 [lidar_front→cam_left]:
[15:38:17.557] [info]   旋转 RPY: (-36.5701, -88.5405, -31.0062) deg
[15:38:17.558] [info]   平移 XYZ: (0.1230, 0.0399, -0.0527) m
[15:38:17.587] [debug] [ManualAdjust] 旋转增量 RPY=(0.100, 0.000, 0.000)deg
[15:38:17.587] [info] [ManualAdjust] 当前外参 [lidar_front→cam_left]:
[15:38:17.587] [info]   旋转 RPY: (-36.4701, -88.5405, -31.0062) deg
[15:38:17.587] [info]   平移 XYZ: (0.1230, 0.0399, -0.0527) m
[15:38:17.618] [debug] [ManualAdjust] 旋转增量 RPY=(0.100, 0.000, 0.000)deg
[15:38:17.618] [info] [ManualAdjust] 当前外参 [lidar_front→cam_left]:
[15:38:17.618] [info]   旋转 RPY: (-36.3701, -88.5405, -31.0062) deg
[15:38:17.618] [info]   平移 XYZ: (0.1230, 0.0399, -0.0527) m
[15:38:17.648] [debug] [ManualAdjust] 旋转增量 RPY=(0.100, 0.000, 0.000)deg
[15:38:17.648] [info] [ManualAdjust] 当前外参 [lidar_front→cam_left]:
[15:38:17.648] [info]   旋转 RPY: (-36.2701, -88.5405, -31.0062) deg
[15:38:17.648] [info]   平移 XYZ: (0.1230, 0.0399, -0.0527) m
[15:38:17.678] [debug] [ManualAdjust] 旋转增量 RPY=(0.100, 0.000, 0.000)deg
[15:38:17.678] [info] [ManualAdjust] 当前外参 [lidar_front→cam_left]:
[15:38:17.678] [info]   旋转 RPY: (-36.1701, -88.5405, -31.0062) deg
[15:38:17.678] [info]   平移 XYZ: (0.1230, 0.0399, -0.0527) m
[15:38:17.708] [debug] [ManualAdjust] 旋转增量 RPY=(0.100, 0.000, 0.000)deg
[15:38:17.708] [info] [ManualAdjust] 当前外参 [lidar_front→cam_left]:
[15:38:17.708] [info]   旋转 RPY: (-36.0701, -88.5405, -31.0062) deg
[15:38:17.708] [info]   平移 XYZ: (0.1230, 0.0399, -0.0527) m
[15:38:17.738] [debug] [ManualAdjust] 旋转增量 RPY=(0.100, 0.000, 0.000)deg
[15:38:17.738] [info] [ManualAdjust] 当前外参 [lidar_front→cam_left]:
[15:38:17.738] [info]   旋转 RPY: (-35.9701, -88.5405, -31.0062) deg
[15:38:17.738] [info]   平移 XYZ: (0.1230, 0.0399, -0.0527) m
[15:38:17.768] [debug] [ManualAdjust] 旋转增量 RPY=(0.100, 0.000, 0.000)deg
[15:38:17.768] [info] [ManualAdjust] 当前外参 [lidar_front→cam_left]:
[15:38:17.768] [info]   旋转 RPY: (-35.8701, -88.5405, -31.0062) deg
[15:38:17.768] [info]   平移 XYZ: (0.1230, 0.0399, -0.0527) m
[15:38:17.799] [debug] [ManualAdjust] 旋转增量 RPY=(0.100, 0.000, 0.000)deg
[15:38:17.799] [info] [ManualAdjust] 当前外参 [lidar_front→cam_left]:
[15:38:17.799] [info]   旋转 RPY: (-35.7701, -88.5405, -31.0062) deg
[15:38:17.799] [info]   平移 XYZ: (0.1230, 0.0399, -0.0527) m
[15:38:17.828] [debug] [ManualAdjust] 旋转增量 RPY=(0.100, 0.000, 0.000)deg
[15:38:17.828] [info] [ManualAdjust] 当前外参 [lidar_front→cam_left]:
[15:38:17.828] [info]   旋转 RPY: (-35.6701, -88.5405, -31.0062) deg
[15:38:17.829] [info]   平移 XYZ: (0.1230, 0.0399, -0.0527) m
[15:38:17.858] [debug] [ManualAdjust] 旋转增量 RPY=(0.100, 0.000, 0.000)deg
[15:38:17.858] [info] [ManualAdjust] 当前外参 [lidar_front→cam_left]:
[15:38:17.858] [info]   旋转 RPY: (-35.5701, -88.5405, -31.0062) deg
[15:38:17.858] [info]   平移 XYZ: (0.1230, 0.0399, -0.0527) m
[15:38:17.888] [debug] [ManualAdjust] 旋转增量 RPY=(0.100, 0.000, 0.000)deg
[15:38:17.888] [info] [ManualAdjust] 当前外参 [lidar_front→cam_left]:
[15:38:17.888] [info]   旋转 RPY: (-35.4701, -88.5405, -31.0062) deg
[15:38:17.888] [info]   平移 XYZ: (0.1230, 0.0399, -0.0527) m
[15:38:17.918] [debug] [ManualAdjust] 旋转增量 RPY=(0.100, 0.000, 0.000)deg
[15:38:17.918] [info] [ManualAdjust] 当前外参 [lidar_front→cam_left]:
[15:38:17.918] [info]   旋转 RPY: (-35.3701, -88.5405, -31.0062) deg
[15:38:17.918] [info]   平移 XYZ: (0.1230, 0.0399, -0.0527) m
[15:38:17.949] [debug] [ManualAdjust] 旋转增量 RPY=(0.100, 0.000, 0.000)deg
[15:38:17.949] [info] [ManualAdjust] 当前外参 [lidar_front→cam_left]:
[15:38:17.949] [info]   旋转 RPY: (-35.2701, -88.5405, -31.0062) deg
[15:38:17.949] [info]   平移 XYZ: (0.1230, 0.0399, -0.0527) m
[15:38:17.980] [debug] [ManualAdjust] 旋转增量 RPY=(0.100, 0.000, 0.000)deg
[15:38:17.980] [info] [ManualAdjust] 当前外参 [lidar_front→cam_left]:
[15:38:17.980] [info]   旋转 RPY: (-35.1701, -88.5405, -31.0062) deg
[15:38:17.980] [info]   平移 XYZ: (0.1230, 0.0399, -0.0527) m
[15:38:18.008] [debug] [ManualAdjust] 旋转增量 RPY=(0.100, 0.000, 0.000)deg
[15:38:18.008] [info] [ManualAdjust] 当前外参 [lidar_front→cam_left]:
[15:38:18.008] [info]   旋转 RPY: (-35.0701, -88.5405, -31.0062) deg
[15:38:18.008] [info]   平移 XYZ: (0.1230, 0.0399, -0.0527) m
[15:38:18.039] [debug] [ManualAdjust] 旋转增量 RPY=(0.100, 0.000, 0.000)deg
[15:38:18.039] [info] [ManualAdjust] 当前外参 [lidar_front→cam_left]:
[15:38:18.039] [info]   旋转 RPY: (-34.9701, -88.5405, -31.0062) deg
[15:38:18.039] [info]   平移 XYZ: (0.1230, 0.0399, -0.0527) m
[15:38:18.069] [debug] [ManualAdjust] 旋转增量 RPY=(0.100, 0.000, 0.000)deg
[15:38:18.069] [info] [ManualAdjust] 当前外参 [lidar_front→cam_left]:
[15:38:18.069] [info]   旋转 RPY: (-34.8701, -88.5405, -31.0062) deg
[15:38:18.069] [info]   平移 XYZ: (0.1230, 0.0399, -0.0527) m
[15:38:18.098] [debug] [ManualAdjust] 旋转增量 RPY=(0.100, 0.000, 0.000)deg
[15:38:18.098] [info] [ManualAdjust] 当前外参 [lidar_front→cam_left]:
[15:38:18.098] [info]   旋转 RPY: (-34.7701, -88.5405, -31.0062) deg
[15:38:18.098] [info]   平移 XYZ: (0.1230, 0.0399, -0.0527) m
[15:38:18.128] [debug] [ManualAdjust] 旋转增量 RPY=(0.100, 0.000, 0.000)deg
[15:38:18.128] [info] [ManualAdjust] 当前外参 [lidar_front→cam_left]:
[15:38:18.128] [info]   旋转 RPY: (-34.6701, -88.5405, -31.0062) deg
[15:38:18.128] [info]   平移 XYZ: (0.1230, 0.0399, -0.0527) m
[15:38:18.159] [debug] [ManualAdjust] 旋转增量 RPY=(0.100, 0.000, 0.000)deg
[15:38:18.159] [info] [ManualAdjust] 当前外参 [lidar_front→cam_left]:
[15:38:18.159] [info]   旋转 RPY: (-34.5701, -88.5405, -31.0062) deg
[15:38:18.159] [info]   平移 XYZ: (0.1230, 0.0399, -0.0527) m
[15:38:18.189] [debug] [ManualAdjust] 旋转增量 RPY=(0.100, 0.000, 0.000)deg
[15:38:18.189] [info] [ManualAdjust] 当前外参 [lidar_front→cam_left]:
[15:38:18.189] [info]   旋转 RPY: (-34.4701, -88.5405, -31.0062) deg
[15:38:18.189] [info]   平移 XYZ: (0.1230, 0.0399, -0.0527) m
[15:38:18.219] [debug] [ManualAdjust] 旋转增量 RPY=(0.100, 0.000, 0.000)deg
[15:38:18.219] [info] [ManualAdjust] 当前外参 [lidar_front→cam_left]:
[15:38:18.219] [info]   旋转 RPY: (-34.3701, -88.5405, -31.0062) deg
[15:38:18.219] [info]   平移 XYZ: (0.1230, 0.0399, -0.0527) m
[15:38:18.250] [debug] [ManualAdjust] 旋转增量 RPY=(0.100, 0.000, 0.000)deg
[15:38:18.250] [info] [ManualAdjust] 当前外参 [lidar_front→cam_left]:
[15:38:18.250] [info]   旋转 RPY: (-34.2701, -88.5405, -31.0062) deg
[15:38:18.250] [info]   平移 XYZ: (0.1230, 0.0399, -0.0527) m
[15:38:18.280] [debug] [ManualAdjust] 旋转增量 RPY=(0.100, 0.000, 0.000)deg
[15:38:18.280] [info] [ManualAdjust] 当前外参 [lidar_front→cam_left]:
[15:38:18.280] [info]   旋转 RPY: (-34.1701, -88.5405, -31.0062) deg
[15:38:18.280] [info]   平移 XYZ: (0.1230, 0.0399, -0.0527) m
[15:38:18.310] [debug] [ManualAdjust] 旋转增量 RPY=(0.100, 0.000, 0.000)deg
[15:38:18.310] [info] [ManualAdjust] 当前外参 [lidar_front→cam_left]:
[15:38:18.310] [info]   旋转 RPY: (-34.0701, -88.5405, -31.0062) deg
[15:38:18.310] [info]   平移 XYZ: (0.1230, 0.0399, -0.0527) m
[15:38:18.340] [debug] [ManualAdjust] 旋转增量 RPY=(0.100, 0.000, 0.000)deg
[15:38:18.340] [info] [ManualAdjust] 当前外参 [lidar_front→cam_left]:
[15:38:18.340] [info]   旋转 RPY: (-33.9701, -88.5405, -31.0062) deg
[15:38:18.340] [info]   平移 XYZ: (0.1230, 0.0399, -0.0527) m
[15:38:18.370] [debug] [ManualAdjust] 旋转增量 RPY=(0.100, 0.000, 0.000)deg
[15:38:18.370] [info] [ManualAdjust] 当前外参 [lidar_front→cam_left]:
[15:38:18.370] [info]   旋转 RPY: (-33.8701, -88.5405, -31.0062) deg
[15:38:18.370] [info]   平移 XYZ: (0.1230, 0.0399, -0.0527) m
[15:38:18.400] [debug] [ManualAdjust] 旋转增量 RPY=(0.100, 0.000, 0.000)deg
[15:38:18.400] [info] [ManualAdjust] 当前外参 [lidar_front→cam_left]:
[15:38:18.400] [info]   旋转 RPY: (-33.7701, -88.5405, -31.0062) deg
[15:38:18.400] [info]   平移 XYZ: (0.1230, 0.0399, -0.0527) m
[15:38:18.431] [debug] [ManualAdjust] 旋转增量 RPY=(0.100, 0.000, 0.000)deg
[15:38:18.431] [info] [ManualAdjust] 当前外参 [lidar_front→cam_left]:
[15:38:18.431] [info]   旋转 RPY: (-33.6701, -88.5405, -31.0062) deg
[15:38:18.431] [info]   平移 XYZ: (0.1230, 0.0399, -0.0527) m
[15:38:18.460] [debug] [ManualAdjust] 旋转增量 RPY=(0.100, 0.000, 0.000)deg
[15:38:18.460] [info] [ManualAdjust] 当前外参 [lidar_front→cam_left]:
[15:38:18.460] [info]   旋转 RPY: (-33.5701, -88.5405, -31.0062) deg
[15:38:18.460] [info]   平移 XYZ: (0.1230, 0.0399, -0.0527) m
[15:38:18.490] [debug] [ManualAdjust] 旋转增量 RPY=(0.100, 0.000, 0.000)deg
[15:38:18.491] [info] [ManualAdjust] 当前外参 [lidar_front→cam_left]:
[15:38:18.491] [info]   旋转 RPY: (-33.4701, -88.5405, -31.0062) deg
[15:38:18.491] [info]   平移 XYZ: (0.1230, 0.0399, -0.0527) m
[15:38:18.521] [debug] [ManualAdjust] 旋转增量 RPY=(0.100, 0.000, 0.000)deg
[15:38:18.521] [info] [ManualAdjust] 当前外参 [lidar_front→cam_left]:
[15:38:18.521] [info]   旋转 RPY: (-33.3701, -88.5405, -31.0062) deg
[15:38:18.521] [info]   平移 XYZ: (0.1230, 0.0399, -0.0527) m
[15:38:18.551] [debug] [ManualAdjust] 旋转增量 RPY=(0.100, 0.000, 0.000)deg
[15:38:18.551] [info] [ManualAdjust] 当前外参 [lidar_front→cam_left]:
[15:38:18.551] [info]   旋转 RPY: (-33.2701, -88.5405, -31.0062) deg
[15:38:18.551] [info]   平移 XYZ: (0.1230, 0.0399, -0.0527) m
[15:38:18.582] [debug] [ManualAdjust] 旋转增量 RPY=(0.100, 0.000, 0.000)deg
[15:38:18.582] [info] [ManualAdjust] 当前外参 [lidar_front→cam_left]:
[15:38:18.582] [info]   旋转 RPY: (-33.1701, -88.5405, -31.0062) deg
[15:38:18.582] [info]   平移 XYZ: (0.1230, 0.0399, -0.0527) m
[15:38:18.613] [debug] [ManualAdjust] 旋转增量 RPY=(0.100, 0.000, 0.000)deg
[15:38:18.613] [info] [ManualAdjust] 当前外参 [lidar_front→cam_left]:
[15:38:18.613] [info]   旋转 RPY: (-33.0701, -88.5405, -31.0062) deg
[15:38:18.613] [info]   平移 XYZ: (0.1230, 0.0399, -0.0527) m
[15:38:18.642] [debug] [ManualAdjust] 旋转增量 RPY=(0.100, 0.000, 0.000)deg
[15:38:18.642] [info] [ManualAdjust] 当前外参 [lidar_front→cam_left]:
[15:38:18.642] [info]   旋转 RPY: (-32.9701, -88.5405, -31.0062) deg
[15:38:18.642] [info]   平移 XYZ: (0.1230, 0.0399, -0.0527) m
[15:38:18.672] [debug] [ManualAdjust] 旋转增量 RPY=(0.100, 0.000, 0.000)deg
[15:38:18.672] [info] [ManualAdjust] 当前外参 [lidar_front→cam_left]:
[15:38:18.672] [info]   旋转 RPY: (-32.8701, -88.5405, -31.0062) deg
[15:38:18.673] [info]   平移 XYZ: (0.1230, 0.0399, -0.0527) m
[15:38:18.702] [debug] [ManualAdjust] 旋转增量 RPY=(0.100, 0.000, 0.000)deg
[15:38:18.702] [info] [ManualAdjust] 当前外参 [lidar_front→cam_left]:
[15:38:18.702] [info]   旋转 RPY: (-32.7701, -88.5405, -31.0062) deg
[15:38:18.702] [info]   平移 XYZ: (0.1230, 0.0399, -0.0527) m
[15:38:18.733] [debug] [ManualAdjust] 旋转增量 RPY=(0.100, 0.000, 0.000)deg
[15:38:18.733] [info] [ManualAdjust] 当前外参 [lidar_front→cam_left]:
[15:38:18.733] [info]   旋转 RPY: (-32.6701, -88.5405, -31.0062) deg
[15:38:18.733] [info]   平移 XYZ: (0.1230, 0.0399, -0.0527) m
[15:38:18.763] [debug] [ManualAdjust] 旋转增量 RPY=(0.100, 0.000, 0.000)deg
[15:38:18.763] [info] [ManualAdjust] 当前外参 [lidar_front→cam_left]:
[15:38:18.763] [info]   旋转 RPY: (-32.5701, -88.5405, -31.0062) deg
[15:38:18.763] [info]   平移 XYZ: (0.1230, 0.0399, -0.0527) m
[15:38:18.793] [debug] [ManualAdjust] 旋转增量 RPY=(0.100, 0.000, 0.000)deg
[15:38:18.793] [info] [ManualAdjust] 当前外参 [lidar_front→cam_left]:
[15:38:18.793] [info]   旋转 RPY: (-32.4701, -88.5405, -31.0062) deg
[15:38:18.793] [info]   平移 XYZ: (0.1230, 0.0399, -0.0527) m
[15:38:18.823] [debug] [ManualAdjust] 旋转增量 RPY=(0.100, 0.000, 0.000)deg
[15:38:18.823] [info] [ManualAdjust] 当前外参 [lidar_front→cam_left]:
[15:38:18.823] [info]   旋转 RPY: (-32.3701, -88.5405, -31.0062) deg
[15:38:18.823] [info]   平移 XYZ: (0.1230, 0.0399, -0.0527) m
[15:38:18.853] [debug] [ManualAdjust] 旋转增量 RPY=(0.100, 0.000, 0.000)deg
[15:38:18.853] [info] [ManualAdjust] 当前外参 [lidar_front→cam_left]:
[15:38:18.853] [info]   旋转 RPY: (-32.2701, -88.5405, -31.0062) deg
[15:38:18.853] [info]   平移 XYZ: (0.1230, 0.0399, -0.0527) m
[15:38:18.883] [debug] [ManualAdjust] 旋转增量 RPY=(0.100, 0.000, 0.000)deg
[15:38:18.883] [info] [ManualAdjust] 当前外参 [lidar_front→cam_left]:
[15:38:18.883] [info]   旋转 RPY: (-32.1701, -88.5405, -31.0062) deg
[15:38:18.883] [info]   平移 XYZ: (0.1230, 0.0399, -0.0527) m
[15:38:18.914] [debug] [ManualAdjust] 旋转增量 RPY=(0.100, 0.000, 0.000)deg
[15:38:18.914] [info] [ManualAdjust] 当前外参 [lidar_front→cam_left]:
[15:38:18.914] [info]   旋转 RPY: (-32.0701, -88.5405, -31.0062) deg
[15:38:18.914] [info]   平移 XYZ: (0.1230, 0.0399, -0.0527) m
[15:38:18.943] [debug] [ManualAdjust] 旋转增量 RPY=(0.100, 0.000, 0.000)deg
[15:38:18.943] [info] [ManualAdjust] 当前外参 [lidar_front→cam_left]:
[15:38:18.943] [info]   旋转 RPY: (-31.9701, -88.5405, -31.0062) deg
[15:38:18.943] [info]   平移 XYZ: (0.1230, 0.0399, -0.0527) m
[15:38:18.974] [debug] [ManualAdjust] 旋转增量 RPY=(0.100, 0.000, 0.000)deg
[15:38:18.974] [info] [ManualAdjust] 当前外参 [lidar_front→cam_left]:
[15:38:18.974] [info]   旋转 RPY: (-31.8701, -88.5405, -31.0062) deg
[15:38:18.974] [info]   平移 XYZ: (0.1230, 0.0399, -0.0527) m
[15:38:19.005] [debug] [ManualAdjust] 旋转增量 RPY=(0.100, 0.000, 0.000)deg
[15:38:19.005] [info] [ManualAdjust] 当前外参 [lidar_front→cam_left]:
[15:38:19.005] [info]   旋转 RPY: (-31.7701, -88.5405, -31.0062) deg
[15:38:19.005] [info]   平移 XYZ: (0.1230, 0.0399, -0.0527) m
[15:38:19.035] [debug] [ManualAdjust] 旋转增量 RPY=(0.100, 0.000, 0.000)deg
[15:38:19.035] [info] [ManualAdjust] 当前外参 [lidar_front→cam_left]:
[15:38:19.035] [info]   旋转 RPY: (-31.6701, -88.5405, -31.0062) deg
[15:38:19.035] [info]   平移 XYZ: (0.1230, 0.0399, -0.0527) m
[15:38:19.066] [debug] [ManualAdjust] 旋转增量 RPY=(0.100, 0.000, 0.000)deg
[15:38:19.066] [info] [ManualAdjust] 当前外参 [lidar_front→cam_left]:
[15:38:19.066] [info]   旋转 RPY: (-31.5701, -88.5405, -31.0062) deg
[15:38:19.066] [info]   平移 XYZ: (0.1230, 0.0399, -0.0527) m
[15:38:19.095] [debug] [ManualAdjust] 旋转增量 RPY=(0.100, 0.000, 0.000)deg
[15:38:19.095] [info] [ManualAdjust] 当前外参 [lidar_front→cam_left]:
[15:38:19.095] [info]   旋转 RPY: (-31.4701, -88.5405, -31.0062) deg
[15:38:19.095] [info]   平移 XYZ: (0.1230, 0.0399, -0.0527) m
[15:38:19.125] [debug] [ManualAdjust] 旋转增量 RPY=(0.100, 0.000, 0.000)deg
[15:38:19.125] [info] [ManualAdjust] 当前外参 [lidar_front→cam_left]:
[15:38:19.125] [info]   旋转 RPY: (-31.3701, -88.5405, -31.0062) deg
[15:38:19.125] [info]   平移 XYZ: (0.1230, 0.0399, -0.0527) m
[15:38:19.156] [debug] [ManualAdjust] 旋转增量 RPY=(0.100, 0.000, 0.000)deg
[15:38:19.156] [info] [ManualAdjust] 当前外参 [lidar_front→cam_left]:
[15:38:19.156] [info]   旋转 RPY: (-31.2701, -88.5405, -31.0062) deg
[15:38:19.156] [info]   平移 XYZ: (0.1230, 0.0399, -0.0527) m
[15:38:19.185] [debug] [ManualAdjust] 旋转增量 RPY=(0.100, 0.000, 0.000)deg
[15:38:19.185] [info] [ManualAdjust] 当前外参 [lidar_front→cam_left]:
[15:38:19.185] [info]   旋转 RPY: (-31.1701, -88.5405, -31.0062) deg
[15:38:19.185] [info]   平移 XYZ: (0.1230, 0.0399, -0.0527) m
[15:38:19.216] [debug] [ManualAdjust] 旋转增量 RPY=(0.100, 0.000, 0.000)deg
[15:38:19.216] [info] [ManualAdjust] 当前外参 [lidar_front→cam_left]:
[15:38:19.216] [info]   旋转 RPY: (-31.0701, -88.5405, -31.0062) deg
[15:38:19.216] [info]   平移 XYZ: (0.1230, 0.0399, -0.0527) m
[15:38:19.247] [debug] [ManualAdjust] 旋转增量 RPY=(0.100, 0.000, 0.000)deg
[15:38:19.247] [info] [ManualAdjust] 当前外参 [lidar_front→cam_left]:
[15:38:19.247] [info]   旋转 RPY: (-30.9701, -88.5405, -31.0062) deg
[15:38:19.247] [info]   平移 XYZ: (0.1230, 0.0399, -0.0527) m
[15:38:19.277] [debug] [ManualAdjust] 旋转增量 RPY=(0.100, 0.000, 0.000)deg
[15:38:19.277] [info] [ManualAdjust] 当前外参 [lidar_front→cam_left]:
[15:38:19.277] [info]   旋转 RPY: (-30.8701, -88.5405, -31.0062) deg
[15:38:19.277] [info]   平移 XYZ: (0.1230, 0.0399, -0.0527) m
[15:38:19.307] [debug] [ManualAdjust] 旋转增量 RPY=(0.100, 0.000, 0.000)deg
[15:38:19.307] [info] [ManualAdjust] 当前外参 [lidar_front→cam_left]:
[15:38:19.307] [info]   旋转 RPY: (-30.7701, -88.5405, -31.0062) deg
[15:38:19.307] [info]   平移 XYZ: (0.1230, 0.0399, -0.0527) m
[15:38:19.338] [debug] [ManualAdjust] 旋转增量 RPY=(0.100, 0.000, 0.000)deg
[15:38:19.338] [info] [ManualAdjust] 当前外参 [lidar_front→cam_left]:
[15:38:19.338] [info]   旋转 RPY: (-30.6701, -88.5405, -31.0062) deg
[15:38:19.338] [info]   平移 XYZ: (0.1230, 0.0399, -0.0527) m
[15:38:19.368] [debug] [ManualAdjust] 旋转增量 RPY=(0.100, 0.000, 0.000)deg
[15:38:19.368] [info] [ManualAdjust] 当前外参 [lidar_front→cam_left]:
[15:38:19.368] [info]   旋转 RPY: (-30.5701, -88.5405, -31.0062) deg
[15:38:19.368] [info]   平移 XYZ: (0.1230, 0.0399, -0.0527) m
[15:38:19.397] [debug] [ManualAdjust] 旋转增量 RPY=(0.100, 0.000, 0.000)deg
[15:38:19.397] [info] [ManualAdjust] 当前外参 [lidar_front→cam_left]:
[15:38:19.397] [info]   旋转 RPY: (-30.4701, -88.5405, -31.0062) deg
[15:38:19.397] [info]   平移 XYZ: (0.1230, 0.0399, -0.0527) m
[15:38:19.427] [debug] [ManualAdjust] 旋转增量 RPY=(0.100, 0.000, 0.000)deg
[15:38:19.427] [info] [ManualAdjust] 当前外参 [lidar_front→cam_left]:
[15:38:19.427] [info]   旋转 RPY: (-30.3701, -88.5405, -31.0062) deg
[15:38:19.427] [info]   平移 XYZ: (0.1230, 0.0399, -0.0527) m
[15:38:19.458] [debug] [ManualAdjust] 旋转增量 RPY=(0.100, 0.000, 0.000)deg
[15:38:19.458] [info] [ManualAdjust] 当前外参 [lidar_front→cam_left]:
[15:38:19.458] [info]   旋转 RPY: (-30.2701, -88.5405, -31.0062) deg
[15:38:19.458] [info]   平移 XYZ: (0.1230, 0.0399, -0.0527) m
[15:38:19.487] [debug] [ManualAdjust] 旋转增量 RPY=(0.100, 0.000, 0.000)deg
[15:38:19.487] [info] [ManualAdjust] 当前外参 [lidar_front→cam_left]:
[15:38:19.488] [info]   旋转 RPY: (-30.1701, -88.5405, -31.0062) deg
[15:38:19.488] [info]   平移 XYZ: (0.1230, 0.0399, -0.0527) m
[15:38:19.518] [debug] [ManualAdjust] 旋转增量 RPY=(0.100, 0.000, 0.000)deg
[15:38:19.518] [info] [ManualAdjust] 当前外参 [lidar_front→cam_left]:
[15:38:19.518] [info]   旋转 RPY: (-30.0701, -88.5405, -31.0062) deg
[15:38:19.518] [info]   平移 XYZ: (0.1230, 0.0399, -0.0527) m
[15:38:19.548] [debug] [ManualAdjust] 旋转增量 RPY=(0.100, 0.000, 0.000)deg
[15:38:19.548] [info] [ManualAdjust] 当前外参 [lidar_front→cam_left]:
[15:38:19.548] [info]   旋转 RPY: (-29.9701, -88.5405, -31.0062) deg
[15:38:19.548] [info]   平移 XYZ: (0.1230, 0.0399, -0.0527) m
[15:38:19.578] [debug] [ManualAdjust] 旋转增量 RPY=(0.100, 0.000, 0.000)deg
[15:38:19.578] [info] [ManualAdjust] 当前外参 [lidar_front→cam_left]:
[15:38:19.578] [info]   旋转 RPY: (-29.8701, -88.5405, -31.0062) deg
[15:38:19.578] [info]   平移 XYZ: (0.1230, 0.0399, -0.0527) m
[15:38:19.609] [debug] [ManualAdjust] 旋转增量 RPY=(0.100, 0.000, 0.000)deg
[15:38:19.609] [info] [ManualAdjust] 当前外参 [lidar_front→cam_left]:
[15:38:19.609] [info]   旋转 RPY: (-29.7701, -88.5405, -31.0062) deg
[15:38:19.609] [info]   平移 XYZ: (0.1230, 0.0399, -0.0527) m
[15:38:19.638] [debug] [ManualAdjust] 旋转增量 RPY=(0.100, 0.000, 0.000)deg
[15:38:19.638] [info] [ManualAdjust] 当前外参 [lidar_front→cam_left]:
[15:38:19.638] [info]   旋转 RPY: (-29.6701, -88.5405, -31.0062) deg
[15:38:19.638] [info]   平移 XYZ: (0.1230, 0.0399, -0.0527) m
[15:38:19.668] [debug] [ManualAdjust] 旋转增量 RPY=(0.100, 0.000, 0.000)deg
[15:38:19.668] [info] [ManualAdjust] 当前外参 [lidar_front→cam_left]:
[15:38:19.668] [info]   旋转 RPY: (-29.5701, -88.5405, -31.0062) deg
[15:38:19.668] [info]   平移 XYZ: (0.1230, 0.0399, -0.0527) m
[15:38:19.698] [debug] [ManualAdjust] 旋转增量 RPY=(0.100, 0.000, 0.000)deg
[15:38:19.698] [info] [ManualAdjust] 当前外参 [lidar_front→cam_left]:
[15:38:19.698] [info]   旋转 RPY: (-29.4701, -88.5405, -31.0062) deg
[15:38:19.698] [info]   平移 XYZ: (0.1230, 0.0399, -0.0527) m
[15:38:19.728] [debug] [ManualAdjust] 旋转增量 RPY=(0.100, 0.000, 0.000)deg
[15:38:19.728] [info] [ManualAdjust] 当前外参 [lidar_front→cam_left]:
[15:38:19.728] [info]   旋转 RPY: (-29.3701, -88.5405, -31.0062) deg
[15:38:19.728] [info]   平移 XYZ: (0.1230, 0.0399, -0.0527) m
[15:38:19.759] [debug] [ManualAdjust] 旋转增量 RPY=(0.100, 0.000, 0.000)deg
[15:38:19.759] [info] [ManualAdjust] 当前外参 [lidar_front→cam_left]:
[15:38:19.759] [info]   旋转 RPY: (-29.2701, -88.5405, -31.0062) deg
[15:38:19.759] [info]   平移 XYZ: (0.1230, 0.0399, -0.0527) m
[15:38:19.788] [debug] [ManualAdjust] 旋转增量 RPY=(0.100, 0.000, 0.000)deg
[15:38:19.789] [info] [ManualAdjust] 当前外参 [lidar_front→cam_left]:
[15:38:19.789] [info]   旋转 RPY: (-29.1701, -88.5405, -31.0062) deg
[15:38:19.789] [info]   平移 XYZ: (0.1230, 0.0399, -0.0527) m
[15:38:19.819] [debug] [ManualAdjust] 旋转增量 RPY=(0.100, 0.000, 0.000)deg
[15:38:19.819] [info] [ManualAdjust] 当前外参 [lidar_front→cam_left]:
[15:38:19.819] [info]   旋转 RPY: (-29.0701, -88.5405, -31.0062) deg
[15:38:19.819] [info]   平移 XYZ: (0.1230, 0.0399, -0.0527) m
[15:38:19.848] [debug] [ManualAdjust] 旋转增量 RPY=(0.100, 0.000, 0.000)deg
[15:38:19.848] [info] [ManualAdjust] 当前外参 [lidar_front→cam_left]:
[15:38:19.848] [info]   旋转 RPY: (-28.9701, -88.5405, -31.0062) deg
[15:38:19.848] [info]   平移 XYZ: (0.1230, 0.0399, -0.0527) m
[15:38:19.878] [debug] [ManualAdjust] 旋转增量 RPY=(0.100, 0.000, 0.000)deg
[15:38:19.878] [info] [ManualAdjust] 当前外参 [lidar_front→cam_left]:
[15:38:19.878] [info]   旋转 RPY: (-28.8701, -88.5405, -31.0062) deg
[15:38:19.878] [info]   平移 XYZ: (0.1230, 0.0399, -0.0527) m
[15:38:19.909] [debug] [ManualAdjust] 旋转增量 RPY=(0.100, 0.000, 0.000)deg
[15:38:19.909] [info] [ManualAdjust] 当前外参 [lidar_front→cam_left]:
[15:38:19.909] [info]   旋转 RPY: (-28.7701, -88.5405, -31.0062) deg
[15:38:19.909] [info]   平移 XYZ: (0.1230, 0.0399, -0.0527) m
[15:38:19.939] [debug] [ManualAdjust] 旋转增量 RPY=(0.100, 0.000, 0.000)deg
[15:38:19.939] [info] [ManualAdjust] 当前外参 [lidar_front→cam_left]:
[15:38:19.939] [info]   旋转 RPY: (-28.6701, -88.5405, -31.0062) deg
[15:38:19.939] [info]   平移 XYZ: (0.1230, 0.0399, -0.0527) m
[15:38:19.970] [debug] [ManualAdjust] 旋转增量 RPY=(0.100, 0.000, 0.000)deg
[15:38:19.970] [info] [ManualAdjust] 当前外参 [lidar_front→cam_left]:
[15:38:19.970] [info]   旋转 RPY: (-28.5701, -88.5405, -31.0062) deg
[15:38:19.970] [info]   平移 XYZ: (0.1230, 0.0399, -0.0527) m
[15:38:19.999] [debug] [ManualAdjust] 旋转增量 RPY=(0.100, 0.000, 0.000)deg
[15:38:20.000] [info] [ManualAdjust] 当前外参 [lidar_front→cam_left]:
[15:38:20.000] [info]   旋转 RPY: (-28.4701, -88.5405, -31.0062) deg
[15:38:20.000] [info]   平移 XYZ: (0.1230, 0.0399, -0.0527) m
[15:38:20.029] [debug] [ManualAdjust] 旋转增量 RPY=(0.100, 0.000, 0.000)deg
[15:38:20.029] [info] [ManualAdjust] 当前外参 [lidar_front→cam_left]:
[15:38:20.029] [info]   旋转 RPY: (-28.3701, -88.5405, -31.0062) deg
[15:38:20.029] [info]   平移 XYZ: (0.1230, 0.0399, -0.0527) m
[15:38:20.059] [debug] [ManualAdjust] 旋转增量 RPY=(0.100, 0.000, 0.000)deg
[15:38:20.059] [info] [ManualAdjust] 当前外参 [lidar_front→cam_left]:
[15:38:20.059] [info]   旋转 RPY: (-28.2701, -88.5405, -31.0062) deg
[15:38:20.059] [info]   平移 XYZ: (0.1230, 0.0399, -0.0527) m
[15:38:20.090] [debug] [ManualAdjust] 旋转增量 RPY=(0.100, 0.000, 0.000)deg
[15:38:20.090] [info] [ManualAdjust] 当前外参 [lidar_front→cam_left]:
[15:38:20.090] [info]   旋转 RPY: (-28.1701, -88.5405, -31.0062) deg
[15:38:20.090] [info]   平移 XYZ: (0.1230, 0.0399, -0.0527) m
[15:38:20.121] [debug] [ManualAdjust] 旋转增量 RPY=(0.100, 0.000, 0.000)deg
[15:38:20.121] [info] [ManualAdjust] 当前外参 [lidar_front→cam_left]:
[15:38:20.121] [info]   旋转 RPY: (-28.0701, -88.5405, -31.0062) deg
[15:38:20.121] [info]   平移 XYZ: (0.1230, 0.0399, -0.0527) m
[15:38:20.151] [debug] [ManualAdjust] 旋转增量 RPY=(0.100, 0.000, 0.000)deg
[15:38:20.151] [info] [ManualAdjust] 当前外参 [lidar_front→cam_left]:
[15:38:20.151] [info]   旋转 RPY: (-27.9701, -88.5405, -31.0062) deg
[15:38:20.151] [info]   平移 XYZ: (0.1230, 0.0399, -0.0527) m
[15:38:20.181] [debug] [ManualAdjust] 旋转增量 RPY=(0.100, 0.000, 0.000)deg
[15:38:20.181] [info] [ManualAdjust] 当前外参 [lidar_front→cam_left]:
[15:38:20.181] [info]   旋转 RPY: (-27.8701, -88.5405, -31.0062) deg
[15:38:20.181] [info]   平移 XYZ: (0.1230, 0.0399, -0.0527) m
[15:38:20.212] [debug] [ManualAdjust] 旋转增量 RPY=(0.100, 0.000, 0.000)deg
[15:38:20.212] [info] [ManualAdjust] 当前外参 [lidar_front→cam_left]:
[15:38:20.212] [info]   旋转 RPY: (-27.7701, -88.5405, -31.0062) deg
[15:38:20.212] [info]   平移 XYZ: (0.1230, 0.0399, -0.0527) m
[15:38:20.242] [debug] [ManualAdjust] 旋转增量 RPY=(0.100, 0.000, 0.000)deg
[15:38:20.242] [info] [ManualAdjust] 当前外参 [lidar_front→cam_left]:
[15:38:20.242] [info]   旋转 RPY: (-27.6701, -88.5405, -31.0062) deg
[15:38:20.242] [info]   平移 XYZ: (0.1230, 0.0399, -0.0527) m
[15:38:20.272] [debug] [ManualAdjust] 旋转增量 RPY=(0.100, 0.000, 0.000)deg
[15:38:20.272] [info] [ManualAdjust] 当前外参 [lidar_front→cam_left]:
[15:38:20.272] [info]   旋转 RPY: (-27.5701, -88.5405, -31.0062) deg
[15:38:20.272] [info]   平移 XYZ: (0.1230, 0.0399, -0.0527) m
[15:38:20.303] [debug] [ManualAdjust] 旋转增量 RPY=(0.100, 0.000, 0.000)deg
[15:38:20.303] [info] [ManualAdjust] 当前外参 [lidar_front→cam_left]:
[15:38:20.303] [info]   旋转 RPY: (-27.4701, -88.5405, -31.0062) deg
[15:38:20.303] [info]   平移 XYZ: (0.1230, 0.0399, -0.0527) m
[15:38:20.334] [debug] [ManualAdjust] 旋转增量 RPY=(0.100, 0.000, 0.000)deg
[15:38:20.334] [info] [ManualAdjust] 当前外参 [lidar_front→cam_left]:
[15:38:20.334] [info]   旋转 RPY: (-27.3701, -88.5405, -31.0062) deg
[15:38:20.334] [info]   平移 XYZ: (0.1230, 0.0399, -0.0527) m
[15:38:20.364] [debug] [ManualAdjust] 旋转增量 RPY=(0.100, 0.000, 0.000)deg
[15:38:20.364] [info] [ManualAdjust] 当前外参 [lidar_front→cam_left]:
[15:38:20.364] [info]   旋转 RPY: (-27.2701, -88.5405, -31.0062) deg
[15:38:20.364] [info]   平移 XYZ: (0.1230, 0.0399, -0.0527) m
[15:38:20.394] [debug] [ManualAdjust] 旋转增量 RPY=(0.100, 0.000, 0.000)deg
[15:38:20.394] [info] [ManualAdjust] 当前外参 [lidar_front→cam_left]:
[15:38:20.394] [info]   旋转 RPY: (-27.1701, -88.5405, -31.0062) deg
[15:38:20.394] [info]   平移 XYZ: (0.1230, 0.0399, -0.0527) m
[15:38:20.423] [debug] [ManualAdjust] 旋转增量 RPY=(0.100, 0.000, 0.000)deg
[15:38:20.424] [info] [ManualAdjust] 当前外参 [lidar_front→cam_left]:
[15:38:20.424] [info]   旋转 RPY: (-27.0701, -88.5405, -31.0062) deg
[15:38:20.424] [info]   平移 XYZ: (0.1230, 0.0399, -0.0527) m
[15:38:20.453] [debug] [ManualAdjust] 旋转增量 RPY=(0.100, 0.000, 0.000)deg
[15:38:20.453] [info] [ManualAdjust] 当前外参 [lidar_front→cam_left]:
[15:38:20.453] [info]   旋转 RPY: (-26.9701, -88.5405, -31.0062) deg
[15:38:20.453] [info]   平移 XYZ: (0.1230, 0.0399, -0.0527) m
[15:38:20.484] [debug] [ManualAdjust] 旋转增量 RPY=(0.100, 0.000, 0.000)deg
[15:38:20.484] [info] [ManualAdjust] 当前外参 [lidar_front→cam_left]:
[15:38:20.484] [info]   旋转 RPY: (-26.8701, -88.5405, -31.0062) deg
[15:38:20.484] [info]   平移 XYZ: (0.1230, 0.0399, -0.0527) m
[15:38:20.513] [debug] [ManualAdjust] 旋转增量 RPY=(0.100, 0.000, 0.000)deg
[15:38:20.513] [info] [ManualAdjust] 当前外参 [lidar_front→cam_left]:
[15:38:20.513] [info]   旋转 RPY: (-26.7701, -88.5405, -31.0062) deg
[15:38:20.513] [info]   平移 XYZ: (0.1230, 0.0399, -0.0527) m
[15:38:20.544] [debug] [ManualAdjust] 旋转增量 RPY=(0.100, 0.000, 0.000)deg
[15:38:20.544] [info] [ManualAdjust] 当前外参 [lidar_front→cam_left]:
[15:38:20.544] [info]   旋转 RPY: (-26.6701, -88.5405, -31.0062) deg
[15:38:20.544] [info]   平移 XYZ: (0.1230, 0.0399, -0.0527) m
[15:38:20.575] [debug] [ManualAdjust] 旋转增量 RPY=(0.100, 0.000, 0.000)deg
[15:38:20.575] [info] [ManualAdjust] 当前外参 [lidar_front→cam_left]:
[15:38:20.575] [info]   旋转 RPY: (-26.5701, -88.5405, -31.0062) deg
[15:38:20.575] [info]   平移 XYZ: (0.1230, 0.0399, -0.0527) m
[15:38:20.605] [debug] [ManualAdjust] 旋转增量 RPY=(0.100, 0.000, 0.000)deg
[15:38:20.605] [info] [ManualAdjust] 当前外参 [lidar_front→cam_left]:
[15:38:20.605] [info]   旋转 RPY: (-26.4701, -88.5405, -31.0062) deg
[15:38:20.605] [info]   平移 XYZ: (0.1230, 0.0399, -0.0527) m
[15:38:20.635] [debug] [ManualAdjust] 旋转增量 RPY=(0.100, 0.000, 0.000)deg
[15:38:20.635] [info] [ManualAdjust] 当前外参 [lidar_front→cam_left]:
[15:38:20.635] [info]   旋转 RPY: (-26.3701, -88.5405, -31.0062) deg
[15:38:20.635] [info]   平移 XYZ: (0.1230, 0.0399, -0.0527) m
[15:38:20.665] [debug] [ManualAdjust] 旋转增量 RPY=(0.100, 0.000, 0.000)deg
[15:38:20.665] [info] [ManualAdjust] 当前外参 [lidar_front→cam_left]:
[15:38:20.665] [info]   旋转 RPY: (-26.2701, -88.5405, -31.0062) deg
[15:38:20.665] [info]   平移 XYZ: (0.1230, 0.0399, -0.0527) m
[15:38:20.694] [debug] [ManualAdjust] 旋转增量 RPY=(0.100, 0.000, 0.000)deg
[15:38:20.695] [info] [ManualAdjust] 当前外参 [lidar_front→cam_left]:
[15:38:20.695] [info]   旋转 RPY: (-26.1701, -88.5405, -31.0062) deg
[15:38:20.695] [info]   平移 XYZ: (0.1230, 0.0399, -0.0527) m
[15:38:20.725] [debug] [ManualAdjust] 旋转增量 RPY=(0.100, 0.000, 0.000)deg
[15:38:20.725] [info] [ManualAdjust] 当前外参 [lidar_front→cam_left]:
[15:38:20.725] [info]   旋转 RPY: (-26.0701, -88.5405, -31.0062) deg
[15:38:20.725] [info]   平移 XYZ: (0.1230, 0.0399, -0.0527) m
[15:38:20.755] [debug] [ManualAdjust] 旋转增量 RPY=(0.100, 0.000, 0.000)deg
[15:38:20.755] [info] [ManualAdjust] 当前外参 [lidar_front→cam_left]:
[15:38:20.755] [info]   旋转 RPY: (-25.9701, -88.5405, -31.0062) deg
[15:38:20.755] [info]   平移 XYZ: (0.1230, 0.0399, -0.0527) m
[15:38:20.784] [debug] [ManualAdjust] 旋转增量 RPY=(0.100, 0.000, 0.000)deg
[15:38:20.784] [info] [ManualAdjust] 当前外参 [lidar_front→cam_left]:
[15:38:20.784] [info]   旋转 RPY: (-25.8701, -88.5405, -31.0062) deg
[15:38:20.784] [info]   平移 XYZ: (0.1230, 0.0399, -0.0527) m
[15:38:20.814] [debug] [ManualAdjust] 旋转增量 RPY=(0.100, 0.000, 0.000)deg
[15:38:20.815] [info] [ManualAdjust] 当前外参 [lidar_front→cam_left]:
[15:38:20.815] [info]   旋转 RPY: (-25.7701, -88.5405, -31.0062) deg
[15:38:20.815] [info]   平移 XYZ: (0.1230, 0.0399, -0.0527) m
[15:38:20.845] [debug] [ManualAdjust] 旋转增量 RPY=(0.100, 0.000, 0.000)deg
[15:38:20.845] [info] [ManualAdjust] 当前外参 [lidar_front→cam_left]:
[15:38:20.845] [info]   旋转 RPY: (-25.6701, -88.5405, -31.0062) deg
[15:38:20.845] [info]   平移 XYZ: (0.1230, 0.0399, -0.0527) m
[15:38:20.874] [debug] [ManualAdjust] 旋转增量 RPY=(0.100, 0.000, 0.000)deg
[15:38:20.874] [info] [ManualAdjust] 当前外参 [lidar_front→cam_left]:
[15:38:20.874] [info]   旋转 RPY: (-25.5701, -88.5405, -31.0062) deg
[15:38:20.874] [info]   平移 XYZ: (0.1230, 0.0399, -0.0527) m
[15:38:20.904] [debug] [ManualAdjust] 旋转增量 RPY=(0.100, 0.000, 0.000)deg
[15:38:20.904] [info] [ManualAdjust] 当前外参 [lidar_front→cam_left]:
[15:38:20.904] [info]   旋转 RPY: (-25.4701, -88.5405, -31.0062) deg
[15:38:20.904] [info]   平移 XYZ: (0.1230, 0.0399, -0.0527) m
[15:38:20.934] [debug] [ManualAdjust] 旋转增量 RPY=(0.100, 0.000, 0.000)deg
[15:38:20.934] [info] [ManualAdjust] 当前外参 [lidar_front→cam_left]:
[15:38:20.934] [info]   旋转 RPY: (-25.3701, -88.5405, -31.0062) deg
[15:38:20.934] [info]   平移 XYZ: (0.1230, 0.0399, -0.0527) m
[15:38:20.965] [debug] [ManualAdjust] 旋转增量 RPY=(0.100, 0.000, 0.000)deg
[15:38:20.965] [info] [ManualAdjust] 当前外参 [lidar_front→cam_left]:
[15:38:20.965] [info]   旋转 RPY: (-25.2701, -88.5405, -31.0062) deg
[15:38:20.965] [info]   平移 XYZ: (0.1230, 0.0399, -0.0527) m
[15:38:20.995] [debug] [ManualAdjust] 旋转增量 RPY=(0.100, 0.000, 0.000)deg
[15:38:20.995] [info] [ManualAdjust] 当前外参 [lidar_front→cam_left]:
[15:38:20.995] [info]   旋转 RPY: (-25.1701, -88.5405, -31.0062) deg
[15:38:20.995] [info]   平移 XYZ: (0.1230, 0.0399, -0.0527) m
[15:38:21.024] [debug] [ManualAdjust] 旋转增量 RPY=(0.100, 0.000, 0.000)deg
[15:38:21.024] [info] [ManualAdjust] 当前外参 [lidar_front→cam_left]:
[15:38:21.024] [info]   旋转 RPY: (-25.0701, -88.5405, -31.0062) deg
[15:38:21.024] [info]   平移 XYZ: (0.1230, 0.0399, -0.0527) m
[15:38:21.055] [debug] [ManualAdjust] 旋转增量 RPY=(0.100, 0.000, 0.000)deg
[15:38:21.055] [info] [ManualAdjust] 当前外参 [lidar_front→cam_left]:
[15:38:21.055] [info]   旋转 RPY: (-24.9701, -88.5405, -31.0062) deg
[15:38:21.055] [info]   平移 XYZ: (0.1230, 0.0399, -0.0527) m
[15:38:21.085] [debug] [ManualAdjust] 旋转增量 RPY=(0.100, 0.000, 0.000)deg
[15:38:21.085] [info] [ManualAdjust] 当前外参 [lidar_front→cam_left]:
[15:38:21.085] [info]   旋转 RPY: (-24.8701, -88.5405, -31.0062) deg
[15:38:21.085] [info]   平移 XYZ: (0.1230, 0.0399, -0.0527) m
[15:38:21.115] [debug] [ManualAdjust] 旋转增量 RPY=(0.100, 0.000, 0.000)deg
[15:38:21.115] [info] [ManualAdjust] 当前外参 [lidar_front→cam_left]:
[15:38:21.115] [info]   旋转 RPY: (-24.7701, -88.5405, -31.0062) deg
[15:38:21.115] [info]   平移 XYZ: (0.1230, 0.0399, -0.0527) m
[15:38:21.145] [debug] [ManualAdjust] 旋转增量 RPY=(0.100, 0.000, 0.000)deg
[15:38:21.145] [info] [ManualAdjust] 当前外参 [lidar_front→cam_left]:
[15:38:21.145] [info]   旋转 RPY: (-24.6701, -88.5405, -31.0062) deg
[15:38:21.145] [info]   平移 XYZ: (0.1230, 0.0399, -0.0527) m
[15:38:21.175] [debug] [ManualAdjust] 旋转增量 RPY=(0.100, 0.000, 0.000)deg
[15:38:21.175] [info] [ManualAdjust] 当前外参 [lidar_front→cam_left]:
[15:38:21.175] [info]   旋转 RPY: (-24.5701, -88.5405, -31.0062) deg
[15:38:21.175] [info]   平移 XYZ: (0.1230, 0.0399, -0.0527) m
[15:38:21.205] [debug] [ManualAdjust] 旋转增量 RPY=(0.100, 0.000, 0.000)deg
[15:38:21.206] [info] [ManualAdjust] 当前外参 [lidar_front→cam_left]:
[15:38:21.206] [info]   旋转 RPY: (-24.4701, -88.5405, -31.0062) deg
[15:38:21.206] [info]   平移 XYZ: (0.1230, 0.0399, -0.0527) m
[15:38:21.236] [debug] [ManualAdjust] 旋转增量 RPY=(0.100, 0.000, 0.000)deg
[15:38:21.236] [info] [ManualAdjust] 当前外参 [lidar_front→cam_left]:
[15:38:21.236] [info]   旋转 RPY: (-24.3701, -88.5405, -31.0062) deg
[15:38:21.236] [info]   平移 XYZ: (0.1230, 0.0399, -0.0527) m
[15:38:21.266] [debug] [ManualAdjust] 旋转增量 RPY=(0.100, 0.000, 0.000)deg
[15:38:21.266] [info] [ManualAdjust] 当前外参 [lidar_front→cam_left]:
[15:38:21.266] [info]   旋转 RPY: (-24.2701, -88.5405, -31.0062) deg
[15:38:21.266] [info]   平移 XYZ: (0.1230, 0.0399, -0.0527) m
[15:38:21.297] [debug] [ManualAdjust] 旋转增量 RPY=(0.100, 0.000, 0.000)deg
[15:38:21.297] [info] [ManualAdjust] 当前外参 [lidar_front→cam_left]:
[15:38:21.297] [info]   旋转 RPY: (-24.1701, -88.5405, -31.0062) deg
[15:38:21.297] [info]   平移 XYZ: (0.1230, 0.0399, -0.0527) m
[15:38:21.327] [debug] [ManualAdjust] 旋转增量 RPY=(0.100, 0.000, 0.000)deg
[15:38:21.327] [info] [ManualAdjust] 当前外参 [lidar_front→cam_left]:
[15:38:21.327] [info]   旋转 RPY: (-24.0701, -88.5405, -31.0062) deg
[15:38:21.327] [info]   平移 XYZ: (0.1230, 0.0399, -0.0527) m
[15:38:21.358] [debug] [ManualAdjust] 旋转增量 RPY=(0.100, 0.000, 0.000)deg
[15:38:21.358] [info] [ManualAdjust] 当前外参 [lidar_front→cam_left]:
[15:38:21.358] [info]   旋转 RPY: (-23.9701, -88.5405, -31.0062) deg
[15:38:21.358] [info]   平移 XYZ: (0.1230, 0.0399, -0.0527) m
[15:38:21.387] [debug] [ManualAdjust] 旋转增量 RPY=(0.100, 0.000, 0.000)deg
[15:38:21.387] [info] [ManualAdjust] 当前外参 [lidar_front→cam_left]:
[15:38:21.387] [info]   旋转 RPY: (-23.8701, -88.5405, -31.0062) deg
[15:38:21.387] [info]   平移 XYZ: (0.1230, 0.0399, -0.0527) m
[15:38:21.418] [debug] [ManualAdjust] 旋转增量 RPY=(0.100, 0.000, 0.000)deg
[15:38:21.418] [info] [ManualAdjust] 当前外参 [lidar_front→cam_left]:
[15:38:21.418] [info]   旋转 RPY: (-23.7701, -88.5405, -31.0062) deg
[15:38:21.418] [info]   平移 XYZ: (0.1230, 0.0399, -0.0527) m
[15:38:21.448] [debug] [ManualAdjust] 旋转增量 RPY=(0.100, 0.000, 0.000)deg
[15:38:21.448] [info] [ManualAdjust] 当前外参 [lidar_front→cam_left]:
[15:38:21.448] [info]   旋转 RPY: (-23.6701, -88.5405, -31.0062) deg
[15:38:21.448] [info]   平移 XYZ: (0.1230, 0.0399, -0.0527) m
[15:38:21.478] [debug] [ManualAdjust] 旋转增量 RPY=(0.100, 0.000, 0.000)deg
[15:38:21.478] [info] [ManualAdjust] 当前外参 [lidar_front→cam_left]:
[15:38:21.478] [info]   旋转 RPY: (-23.5701, -88.5405, -31.0062) deg
[15:38:21.479] [info]   平移 XYZ: (0.1230, 0.0399, -0.0527) m
[15:38:21.509] [debug] [ManualAdjust] 旋转增量 RPY=(0.100, 0.000, 0.000)deg
[15:38:21.509] [info] [ManualAdjust] 当前外参 [lidar_front→cam_left]:
[15:38:21.509] [info]   旋转 RPY: (-23.4701, -88.5405, -31.0062) deg
[15:38:21.509] [info]   平移 XYZ: (0.1230, 0.0399, -0.0527) m
[15:38:21.539] [debug] [ManualAdjust] 旋转增量 RPY=(0.100, 0.000, 0.000)deg
[15:38:21.539] [info] [ManualAdjust] 当前外参 [lidar_front→cam_left]:
[15:38:21.539] [info]   旋转 RPY: (-23.3701, -88.5405, -31.0062) deg
[15:38:21.539] [info]   平移 XYZ: (0.1230, 0.0399, -0.0527) m
[15:38:21.569] [debug] [ManualAdjust] 旋转增量 RPY=(0.100, 0.000, 0.000)deg
[15:38:21.569] [info] [ManualAdjust] 当前外参 [lidar_front→cam_left]:
[15:38:21.569] [info]   旋转 RPY: (-23.2701, -88.5405, -31.0062) deg
[15:38:21.569] [info]   平移 XYZ: (0.1230, 0.0399, -0.0527) m
[15:38:21.598] [debug] [ManualAdjust] 旋转增量 RPY=(0.100, 0.000, 0.000)deg
[15:38:21.598] [info] [ManualAdjust] 当前外参 [lidar_front→cam_left]:
[15:38:21.598] [info]   旋转 RPY: (-23.1701, -88.5405, -31.0062) deg
[15:38:21.598] [info]   平移 XYZ: (0.1230, 0.0399, -0.0527) m
[15:38:21.628] [debug] [ManualAdjust] 旋转增量 RPY=(0.100, 0.000, 0.000)deg
[15:38:21.628] [info] [ManualAdjust] 当前外参 [lidar_front→cam_left]:
[15:38:21.628] [info]   旋转 RPY: (-23.0701, -88.5405, -31.0062) deg
[15:38:21.628] [info]   平移 XYZ: (0.1230, 0.0399, -0.0527) m
[15:38:21.658] [debug] [ManualAdjust] 旋转增量 RPY=(0.100, 0.000, 0.000)deg
[15:38:21.658] [info] [ManualAdjust] 当前外参 [lidar_front→cam_left]:
[15:38:21.658] [info]   旋转 RPY: (-22.9701, -88.5405, -31.0062) deg
[15:38:21.658] [info]   平移 XYZ: (0.1230, 0.0399, -0.0527) m
[15:38:21.688] [debug] [ManualAdjust] 旋转增量 RPY=(0.100, 0.000, 0.000)deg
[15:38:21.688] [info] [ManualAdjust] 当前外参 [lidar_front→cam_left]:
[15:38:21.688] [info]   旋转 RPY: (-22.8701, -88.5405, -31.0062) deg
[15:38:21.688] [info]   平移 XYZ: (0.1230, 0.0399, -0.0527) m
[15:38:21.719] [debug] [ManualAdjust] 旋转增量 RPY=(0.100, 0.000, 0.000)deg
[15:38:21.719] [info] [ManualAdjust] 当前外参 [lidar_front→cam_left]:
[15:38:21.719] [info]   旋转 RPY: (-22.7701, -88.5405, -31.0062) deg
[15:38:21.719] [info]   平移 XYZ: (0.1230, 0.0399, -0.0527) m
[15:38:21.749] [debug] [ManualAdjust] 旋转增量 RPY=(0.100, 0.000, 0.000)deg
[15:38:21.749] [info] [ManualAdjust] 当前外参 [lidar_front→cam_left]:
[15:38:21.749] [info]   旋转 RPY: (-22.6701, -88.5405, -31.0062) deg
[15:38:21.749] [info]   平移 XYZ: (0.1230, 0.0399, -0.0527) m
[15:38:21.780] [debug] [ManualAdjust] 旋转增量 RPY=(0.100, 0.000, 0.000)deg
[15:38:21.780] [info] [ManualAdjust] 当前外参 [lidar_front→cam_left]:
[15:38:21.780] [info]   旋转 RPY: (-22.5701, -88.5405, -31.0062) deg
[15:38:21.780] [info]   平移 XYZ: (0.1230, 0.0399, -0.0527) m
[15:38:21.810] [debug] [ManualAdjust] 旋转增量 RPY=(0.100, 0.000, 0.000)deg
[15:38:21.810] [info] [ManualAdjust] 当前外参 [lidar_front→cam_left]:
[15:38:21.810] [info]   旋转 RPY: (-22.4701, -88.5405, -31.0062) deg
[15:38:21.810] [info]   平移 XYZ: (0.1230, 0.0399, -0.0527) m
[15:38:21.840] [debug] [ManualAdjust] 旋转增量 RPY=(0.100, 0.000, 0.000)deg
[15:38:21.840] [info] [ManualAdjust] 当前外参 [lidar_front→cam_left]:
[15:38:21.840] [info]   旋转 RPY: (-22.3701, -88.5405, -31.0062) deg
[15:38:21.840] [info]   平移 XYZ: (0.1230, 0.0399, -0.0527) m
[15:38:21.870] [debug] [ManualAdjust] 旋转增量 RPY=(0.100, 0.000, 0.000)deg
[15:38:21.870] [info] [ManualAdjust] 当前外参 [lidar_front→cam_left]:
[15:38:21.870] [info]   旋转 RPY: (-22.2701, -88.5405, -31.0062) deg
[15:38:21.870] [info]   平移 XYZ: (0.1230, 0.0399, -0.0527) m
[15:38:21.900] [debug] [ManualAdjust] 旋转增量 RPY=(0.100, 0.000, 0.000)deg
[15:38:21.900] [info] [ManualAdjust] 当前外参 [lidar_front→cam_left]:
[15:38:21.900] [info]   旋转 RPY: (-22.1701, -88.5405, -31.0062) deg
[15:38:21.901] [info]   平移 XYZ: (0.1230, 0.0399, -0.0527) m
[15:38:21.931] [debug] [ManualAdjust] 旋转增量 RPY=(0.100, 0.000, 0.000)deg
[15:38:21.931] [info] [ManualAdjust] 当前外参 [lidar_front→cam_left]:
[15:38:21.931] [info]   旋转 RPY: (-22.0701, -88.5405, -31.0062) deg
[15:38:21.931] [info]   平移 XYZ: (0.1230, 0.0399, -0.0527) m
[15:38:21.961] [debug] [ManualAdjust] 旋转增量 RPY=(0.100, 0.000, 0.000)deg
[15:38:21.961] [info] [ManualAdjust] 当前外参 [lidar_front→cam_left]:
[15:38:21.961] [info]   旋转 RPY: (-21.9701, -88.5405, -31.0062) deg
[15:38:21.962] [info]   平移 XYZ: (0.1230, 0.0399, -0.0527) m
[15:38:21.991] [debug] [ManualAdjust] 旋转增量 RPY=(0.100, 0.000, 0.000)deg
[15:38:21.991] [info] [ManualAdjust] 当前外参 [lidar_front→cam_left]:
[15:38:21.991] [info]   旋转 RPY: (-21.8701, -88.5405, -31.0062) deg
[15:38:21.991] [info]   平移 XYZ: (0.1230, 0.0399, -0.0527) m
[15:38:22.021] [debug] [ManualAdjust] 旋转增量 RPY=(0.100, 0.000, 0.000)deg
[15:38:22.021] [info] [ManualAdjust] 当前外参 [lidar_front→cam_left]:
[15:38:22.021] [info]   旋转 RPY: (-21.7701, -88.5405, -31.0062) deg
[15:38:22.021] [info]   平移 XYZ: (0.1230, 0.0399, -0.0527) m
[15:38:22.052] [debug] [ManualAdjust] 旋转增量 RPY=(0.100, 0.000, 0.000)deg
[15:38:22.052] [info] [ManualAdjust] 当前外参 [lidar_front→cam_left]:
[15:38:22.052] [info]   旋转 RPY: (-21.6701, -88.5405, -31.0062) deg
[15:38:22.052] [info]   平移 XYZ: (0.1230, 0.0399, -0.0527) m
[15:38:22.082] [debug] [ManualAdjust] 旋转增量 RPY=(0.100, 0.000, 0.000)deg
[15:38:22.083] [info] [ManualAdjust] 当前外参 [lidar_front→cam_left]:
[15:38:22.083] [info]   旋转 RPY: (-21.5701, -88.5405, -31.0062) deg
[15:38:22.083] [info]   平移 XYZ: (0.1230, 0.0399, -0.0527) m
[15:38:22.113] [debug] [ManualAdjust] 旋转增量 RPY=(0.100, 0.000, 0.000)deg
[15:38:22.113] [info] [ManualAdjust] 当前外参 [lidar_front→cam_left]:
[15:38:22.113] [info]   旋转 RPY: (-21.4701, -88.5405, -31.0062) deg
[15:38:22.113] [info]   平移 XYZ: (0.1230, 0.0399, -0.0527) m
[15:38:22.143] [debug] [ManualAdjust] 旋转增量 RPY=(0.100, 0.000, 0.000)deg
[15:38:22.143] [info] [ManualAdjust] 当前外参 [lidar_front→cam_left]:
[15:38:22.143] [info]   旋转 RPY: (-21.3701, -88.5405, -31.0062) deg
[15:38:22.143] [info]   平移 XYZ: (0.1230, 0.0399, -0.0527) m
[15:38:22.172] [debug] [ManualAdjust] 旋转增量 RPY=(0.100, 0.000, 0.000)deg
[15:38:22.172] [info] [ManualAdjust] 当前外参 [lidar_front→cam_left]:
[15:38:22.172] [info]   旋转 RPY: (-21.2701, -88.5405, -31.0062) deg
[15:38:22.172] [info]   平移 XYZ: (0.1230, 0.0399, -0.0527) m
[15:38:22.202] [debug] [ManualAdjust] 旋转增量 RPY=(0.100, 0.000, 0.000)deg
[15:38:22.202] [info] [ManualAdjust] 当前外参 [lidar_front→cam_left]:
[15:38:22.202] [info]   旋转 RPY: (-21.1701, -88.5405, -31.0062) deg
[15:38:22.202] [info]   平移 XYZ: (0.1230, 0.0399, -0.0527) m
[15:38:22.233] [debug] [ManualAdjust] 旋转增量 RPY=(0.100, 0.000, 0.000)deg
[15:38:22.233] [info] [ManualAdjust] 当前外参 [lidar_front→cam_left]:
[15:38:22.233] [info]   旋转 RPY: (-21.0701, -88.5405, -31.0062) deg
[15:38:22.233] [info]   平移 XYZ: (0.1230, 0.0399, -0.0527) m
[15:38:22.262] [debug] [ManualAdjust] 旋转增量 RPY=(0.100, 0.000, 0.000)deg
[15:38:22.262] [info] [ManualAdjust] 当前外参 [lidar_front→cam_left]:
[15:38:22.262] [info]   旋转 RPY: (-20.9701, -88.5405, -31.0062) deg
[15:38:22.262] [info]   平移 XYZ: (0.1230, 0.0399, -0.0527) m
[15:38:22.293] [debug] [ManualAdjust] 旋转增量 RPY=(0.100, 0.000, 0.000)deg
[15:38:22.293] [info] [ManualAdjust] 当前外参 [lidar_front→cam_left]:
[15:38:22.293] [info]   旋转 RPY: (-20.8701, -88.5405, -31.0062) deg
[15:38:22.293] [info]   平移 XYZ: (0.1230, 0.0399, -0.0527) m
[15:38:22.322] [debug] [ManualAdjust] 旋转增量 RPY=(0.100, 0.000, 0.000)deg
[15:38:22.322] [info] [ManualAdjust] 当前外参 [lidar_front→cam_left]:
[15:38:22.322] [info]   旋转 RPY: (-20.7701, -88.5405, -31.0062) deg
[15:38:22.322] [info]   平移 XYZ: (0.1230, 0.0399, -0.0527) m
[15:38:22.353] [debug] [ManualAdjust] 旋转增量 RPY=(0.100, 0.000, 0.000)deg
[15:38:22.353] [info] [ManualAdjust] 当前外参 [lidar_front→cam_left]:
[15:38:22.353] [info]   旋转 RPY: (-20.6701, -88.5405, -31.0062) deg
[15:38:22.353] [info]   平移 XYZ: (0.1230, 0.0399, -0.0527) m
[15:38:22.382] [debug] [ManualAdjust] 旋转增量 RPY=(0.100, 0.000, 0.000)deg
[15:38:22.382] [info] [ManualAdjust] 当前外参 [lidar_front→cam_left]:
[15:38:22.382] [info]   旋转 RPY: (-20.5701, -88.5405, -31.0062) deg
[15:38:22.382] [info]   平移 XYZ: (0.1230, 0.0399, -0.0527) m
[15:38:22.413] [debug] [ManualAdjust] 旋转增量 RPY=(0.100, 0.000, 0.000)deg
[15:38:22.413] [info] [ManualAdjust] 当前外参 [lidar_front→cam_left]:
[15:38:22.413] [info]   旋转 RPY: (-20.4701, -88.5405, -31.0062) deg
[15:38:22.413] [info]   平移 XYZ: (0.1230, 0.0399, -0.0527) m
[15:38:22.442] [debug] [ManualAdjust] 旋转增量 RPY=(0.100, 0.000, 0.000)deg
[15:38:22.442] [info] [ManualAdjust] 当前外参 [lidar_front→cam_left]:
[15:38:22.442] [info]   旋转 RPY: (-20.3701, -88.5405, -31.0062) deg
[15:38:22.442] [info]   平移 XYZ: (0.1230, 0.0399, -0.0527) m
[15:38:22.473] [debug] [ManualAdjust] 旋转增量 RPY=(0.100, 0.000, 0.000)deg
[15:38:22.473] [info] [ManualAdjust] 当前外参 [lidar_front→cam_left]:
[15:38:22.473] [info]   旋转 RPY: (-20.2701, -88.5405, -31.0062) deg
[15:38:22.473] [info]   平移 XYZ: (0.1230, 0.0399, -0.0527) m
[15:38:22.504] [debug] [ManualAdjust] 旋转增量 RPY=(0.100, 0.000, 0.000)deg
[15:38:22.504] [info] [ManualAdjust] 当前外参 [lidar_front→cam_left]:
[15:38:22.504] [info]   旋转 RPY: (-20.1701, -88.5405, -31.0062) deg
[15:38:22.504] [info]   平移 XYZ: (0.1230, 0.0399, -0.0527) m
[15:38:22.534] [debug] [ManualAdjust] 旋转增量 RPY=(0.100, 0.000, 0.000)deg
[15:38:22.534] [info] [ManualAdjust] 当前外参 [lidar_front→cam_left]:
[15:38:22.534] [info]   旋转 RPY: (-20.0701, -88.5405, -31.0062) deg
[15:38:22.534] [info]   平移 XYZ: (0.1230, 0.0399, -0.0527) m
[15:38:22.564] [debug] [ManualAdjust] 旋转增量 RPY=(0.100, 0.000, 0.000)deg
[15:38:22.564] [info] [ManualAdjust] 当前外参 [lidar_front→cam_left]:
[15:38:22.564] [info]   旋转 RPY: (-19.9701, -88.5405, -31.0062) deg
[15:38:22.564] [info]   平移 XYZ: (0.1230, 0.0399, -0.0527) m
[15:38:22.594] [debug] [ManualAdjust] 旋转增量 RPY=(0.100, 0.000, 0.000)deg
[15:38:22.594] [info] [ManualAdjust] 当前外参 [lidar_front→cam_left]:
[15:38:22.594] [info]   旋转 RPY: (-19.8701, -88.5405, -31.0062) deg
[15:38:22.594] [info]   平移 XYZ: (0.1230, 0.0399, -0.0527) m
[15:38:22.624] [debug] [ManualAdjust] 旋转增量 RPY=(0.100, 0.000, 0.000)deg
[15:38:22.624] [info] [ManualAdjust] 当前外参 [lidar_front→cam_left]:
[15:38:22.624] [info]   旋转 RPY: (-19.7701, -88.5405, -31.0062) deg
[15:38:22.624] [info]   平移 XYZ: (0.1230, 0.0399, -0.0527) m
[15:38:22.654] [debug] [ManualAdjust] 旋转增量 RPY=(0.100, 0.000, 0.000)deg
[15:38:22.654] [info] [ManualAdjust] 当前外参 [lidar_front→cam_left]:
[15:38:22.654] [info]   旋转 RPY: (-19.6701, -88.5405, -31.0062) deg
[15:38:22.654] [info]   平移 XYZ: (0.1230, 0.0399, -0.0527) m
[15:38:22.685] [debug] [ManualAdjust] 旋转增量 RPY=(0.100, 0.000, 0.000)deg
[15:38:22.685] [info] [ManualAdjust] 当前外参 [lidar_front→cam_left]:
[15:38:22.685] [info]   旋转 RPY: (-19.5701, -88.5405, -31.0062) deg
[15:38:22.685] [info]   平移 XYZ: (0.1230, 0.0399, -0.0527) m
[15:38:22.714] [debug] [ManualAdjust] 旋转增量 RPY=(0.100, 0.000, 0.000)deg
[15:38:22.714] [info] [ManualAdjust] 当前外参 [lidar_front→cam_left]:
[15:38:22.714] [info]   旋转 RPY: (-19.4701, -88.5405, -31.0062) deg
[15:38:22.714] [info]   平移 XYZ: (0.1230, 0.0399, -0.0527) m
[15:38:22.745] [debug] [ManualAdjust] 旋转增量 RPY=(0.100, 0.000, 0.000)deg
[15:38:22.745] [info] [ManualAdjust] 当前外参 [lidar_front→cam_left]:
[15:38:22.745] [info]   旋转 RPY: (-19.3701, -88.5405, -31.0062) deg
[15:38:22.745] [info]   平移 XYZ: (0.1230, 0.0399, -0.0527) m
[15:38:22.775] [debug] [ManualAdjust] 旋转增量 RPY=(0.100, 0.000, 0.000)deg
[15:38:22.775] [info] [ManualAdjust] 当前外参 [lidar_front→cam_left]:
[15:38:22.775] [info]   旋转 RPY: (-19.2701, -88.5405, -31.0062) deg
[15:38:22.775] [info]   平移 XYZ: (0.1230, 0.0399, -0.0527) m
[15:38:22.805] [debug] [ManualAdjust] 旋转增量 RPY=(0.100, 0.000, 0.000)deg
[15:38:22.805] [info] [ManualAdjust] 当前外参 [lidar_front→cam_left]:
[15:38:22.805] [info]   旋转 RPY: (-19.1701, -88.5405, -31.0062) deg
[15:38:22.805] [info]   平移 XYZ: (0.1230, 0.0399, -0.0527) m
[15:38:22.836] [debug] [ManualAdjust] 旋转增量 RPY=(0.100, 0.000, 0.000)deg
[15:38:22.836] [info] [ManualAdjust] 当前外参 [lidar_front→cam_left]:
[15:38:22.836] [info]   旋转 RPY: (-19.0701, -88.5405, -31.0062) deg
[15:38:22.836] [info]   平移 XYZ: (0.1230, 0.0399, -0.0527) m
[15:38:22.867] [debug] [ManualAdjust] 旋转增量 RPY=(0.100, 0.000, 0.000)deg
[15:38:22.867] [info] [ManualAdjust] 当前外参 [lidar_front→cam_left]:
[15:38:22.867] [info]   旋转 RPY: (-18.9701, -88.5405, -31.0062) deg
[15:38:22.867] [info]   平移 XYZ: (0.1230, 0.0399, -0.0527) m
[15:38:22.896] [debug] [ManualAdjust] 旋转增量 RPY=(0.100, 0.000, 0.000)deg
[15:38:22.896] [info] [ManualAdjust] 当前外参 [lidar_front→cam_left]:
[15:38:22.896] [info]   旋转 RPY: (-18.8701, -88.5405, -31.0062) deg
[15:38:22.896] [info]   平移 XYZ: (0.1230, 0.0399, -0.0527) m
[15:38:22.927] [debug] [ManualAdjust] 旋转增量 RPY=(0.100, 0.000, 0.000)deg
[15:38:22.927] [info] [ManualAdjust] 当前外参 [lidar_front→cam_left]:
[15:38:22.927] [info]   旋转 RPY: (-18.7701, -88.5405, -31.0062) deg
[15:38:22.928] [info]   平移 XYZ: (0.1230, 0.0399, -0.0527) m
[15:38:22.957] [debug] [ManualAdjust] 旋转增量 RPY=(0.100, 0.000, 0.000)deg
[15:38:22.957] [info] [ManualAdjust] 当前外参 [lidar_front→cam_left]:
[15:38:22.957] [info]   旋转 RPY: (-18.6701, -88.5405, -31.0062) deg
[15:38:22.957] [info]   平移 XYZ: (0.1230, 0.0399, -0.0527) m
[15:38:22.987] [debug] [ManualAdjust] 旋转增量 RPY=(0.100, 0.000, 0.000)deg
[15:38:22.987] [info] [ManualAdjust] 当前外参 [lidar_front→cam_left]:
[15:38:22.987] [info]   旋转 RPY: (-18.5701, -88.5405, -31.0062) deg
[15:38:22.987] [info]   平移 XYZ: (0.1230, 0.0399, -0.0527) m
[15:38:23.017] [debug] [ManualAdjust] 旋转增量 RPY=(0.100, 0.000, 0.000)deg
[15:38:23.017] [info] [ManualAdjust] 当前外参 [lidar_front→cam_left]:
[15:38:23.017] [info]   旋转 RPY: (-18.4701, -88.5405, -31.0062) deg
[15:38:23.018] [info]   平移 XYZ: (0.1230, 0.0399, -0.0527) m
[15:38:23.048] [debug] [ManualAdjust] 旋转增量 RPY=(0.100, 0.000, 0.000)deg
[15:38:23.048] [info] [ManualAdjust] 当前外参 [lidar_front→cam_left]:
[15:38:23.048] [info]   旋转 RPY: (-18.3701, -88.5405, -31.0062) deg
[15:38:23.048] [info]   平移 XYZ: (0.1230, 0.0399, -0.0527) m
[15:38:23.077] [debug] [ManualAdjust] 旋转增量 RPY=(0.100, 0.000, 0.000)deg
[15:38:23.077] [info] [ManualAdjust] 当前外参 [lidar_front→cam_left]:
[15:38:23.077] [info]   旋转 RPY: (-18.2701, -88.5405, -31.0062) deg
[15:38:23.077] [info]   平移 XYZ: (0.1230, 0.0399, -0.0527) m
[15:38:23.107] [debug] [ManualAdjust] 旋转增量 RPY=(0.100, 0.000, 0.000)deg
[15:38:23.107] [info] [ManualAdjust] 当前外参 [lidar_front→cam_left]:
[15:38:23.107] [info]   旋转 RPY: (-18.1701, -88.5405, -31.0062) deg
[15:38:23.107] [info]   平移 XYZ: (0.1230, 0.0399, -0.0527) m
[15:38:23.138] [debug] [ManualAdjust] 旋转增量 RPY=(0.100, 0.000, 0.000)deg
[15:38:23.138] [info] [ManualAdjust] 当前外参 [lidar_front→cam_left]:
[15:38:23.138] [info]   旋转 RPY: (-18.0701, -88.5405, -31.0062) deg
[15:38:23.138] [info]   平移 XYZ: (0.1230, 0.0399, -0.0527) m
[15:38:23.168] [debug] [ManualAdjust] 旋转增量 RPY=(0.100, 0.000, 0.000)deg
[15:38:23.168] [info] [ManualAdjust] 当前外参 [lidar_front→cam_left]:
[15:38:23.168] [info]   旋转 RPY: (-17.9701, -88.5405, -31.0062) deg
[15:38:23.168] [info]   平移 XYZ: (0.1230, 0.0399, -0.0527) m
[15:38:23.197] [debug] [ManualAdjust] 旋转增量 RPY=(0.100, 0.000, 0.000)deg
[15:38:23.197] [info] [ManualAdjust] 当前外参 [lidar_front→cam_left]:
[15:38:23.197] [info]   旋转 RPY: (-17.8701, -88.5405, -31.0062) deg
[15:38:23.197] [info]   平移 XYZ: (0.1230, 0.0399, -0.0527) m
[15:38:23.228] [debug] [ManualAdjust] 旋转增量 RPY=(0.100, 0.000, 0.000)deg
[15:38:23.228] [info] [ManualAdjust] 当前外参 [lidar_front→cam_left]:
[15:38:23.228] [info]   旋转 RPY: (-17.7701, -88.5405, -31.0062) deg
[15:38:23.228] [info]   平移 XYZ: (0.1230, 0.0399, -0.0527) m
[15:38:23.259] [debug] [ManualAdjust] 旋转增量 RPY=(0.100, 0.000, 0.000)deg
[15:38:23.259] [info] [ManualAdjust] 当前外参 [lidar_front→cam_left]:
[15:38:23.259] [info]   旋转 RPY: (-17.6701, -88.5405, -31.0062) deg
[15:38:23.259] [info]   平移 XYZ: (0.1230, 0.0399, -0.0527) m
[15:38:23.289] [debug] [ManualAdjust] 旋转增量 RPY=(0.100, 0.000, 0.000)deg
[15:38:23.289] [info] [ManualAdjust] 当前外参 [lidar_front→cam_left]:
[15:38:23.289] [info]   旋转 RPY: (-17.5701, -88.5405, -31.0062) deg
[15:38:23.289] [info]   平移 XYZ: (0.1230, 0.0399, -0.0527) m
[15:38:23.319] [debug] [ManualAdjust] 旋转增量 RPY=(0.100, 0.000, 0.000)deg
[15:38:23.319] [info] [ManualAdjust] 当前外参 [lidar_front→cam_left]:
[15:38:23.319] [info]   旋转 RPY: (-17.4701, -88.5405, -31.0062) deg
[15:38:23.319] [info]   平移 XYZ: (0.1230, 0.0399, -0.0527) m
[15:38:23.350] [debug] [ManualAdjust] 旋转增量 RPY=(0.100, 0.000, 0.000)deg
[15:38:23.350] [info] [ManualAdjust] 当前外参 [lidar_front→cam_left]:
[15:38:23.350] [info]   旋转 RPY: (-17.3701, -88.5405, -31.0062) deg
[15:38:23.350] [info]   平移 XYZ: (0.1230, 0.0399, -0.0527) m
[15:38:23.381] [debug] [ManualAdjust] 旋转增量 RPY=(0.100, 0.000, 0.000)deg
[15:38:23.381] [info] [ManualAdjust] 当前外参 [lidar_front→cam_left]:
[15:38:23.381] [info]   旋转 RPY: (-17.2701, -88.5405, -31.0062) deg
[15:38:23.381] [info]   平移 XYZ: (0.1230, 0.0399, -0.0527) m
[15:38:23.411] [debug] [ManualAdjust] 旋转增量 RPY=(0.100, 0.000, 0.000)deg
[15:38:23.412] [info] [ManualAdjust] 当前外参 [lidar_front→cam_left]:
[15:38:23.412] [info]   旋转 RPY: (-17.1701, -88.5405, -31.0062) deg
[15:38:23.412] [info]   平移 XYZ: (0.1230, 0.0399, -0.0527) m
[15:38:23.441] [debug] [ManualAdjust] 旋转增量 RPY=(0.100, 0.000, 0.000)deg
[15:38:23.441] [info] [ManualAdjust] 当前外参 [lidar_front→cam_left]:
[15:38:23.441] [info]   旋转 RPY: (-17.0701, -88.5405, -31.0062) deg
[15:38:23.441] [info]   平移 XYZ: (0.1230, 0.0399, -0.0527) m
[15:38:23.471] [debug] [ManualAdjust] 旋转增量 RPY=(0.100, 0.000, 0.000)deg
[15:38:23.471] [info] [ManualAdjust] 当前外参 [lidar_front→cam_left]:
[15:38:23.471] [info]   旋转 RPY: (-16.9701, -88.5405, -31.0062) deg
[15:38:23.471] [info]   平移 XYZ: (0.1230, 0.0399, -0.0527) m
[15:38:23.502] [debug] [ManualAdjust] 旋转增量 RPY=(0.100, 0.000, 0.000)deg
[15:38:23.502] [info] [ManualAdjust] 当前外参 [lidar_front→cam_left]:
[15:38:23.502] [info]   旋转 RPY: (-16.8701, -88.5405, -31.0062) deg
[15:38:23.502] [info]   平移 XYZ: (0.1230, 0.0399, -0.0527) m
[15:38:23.532] [debug] [ManualAdjust] 旋转增量 RPY=(0.100, 0.000, 0.000)deg
[15:38:23.532] [info] [ManualAdjust] 当前外参 [lidar_front→cam_left]:
[15:38:23.532] [info]   旋转 RPY: (-16.7701, -88.5405, -31.0062) deg
[15:38:23.532] [info]   平移 XYZ: (0.1230, 0.0399, -0.0527) m
[15:38:23.561] [debug] [ManualAdjust] 旋转增量 RPY=(0.100, 0.000, 0.000)deg
[15:38:23.561] [info] [ManualAdjust] 当前外参 [lidar_front→cam_left]:
[15:38:23.561] [info]   旋转 RPY: (-16.6701, -88.5405, -31.0062) deg
[15:38:23.561] [info]   平移 XYZ: (0.1230, 0.0399, -0.0527) m
[15:38:23.592] [debug] [ManualAdjust] 旋转增量 RPY=(0.100, 0.000, 0.000)deg
[15:38:23.592] [info] [ManualAdjust] 当前外参 [lidar_front→cam_left]:
[15:38:23.592] [info]   旋转 RPY: (-16.5701, -88.5405, -31.0062) deg
[15:38:23.592] [info]   平移 XYZ: (0.1230, 0.0399, -0.0527) m
[15:38:23.621] [debug] [ManualAdjust] 旋转增量 RPY=(0.100, 0.000, 0.000)deg
[15:38:23.621] [info] [ManualAdjust] 当前外参 [lidar_front→cam_left]:
[15:38:23.621] [info]   旋转 RPY: (-16.4701, -88.5405, -31.0062) deg
[15:38:23.621] [info]   平移 XYZ: (0.1230, 0.0399, -0.0527) m
[15:38:23.652] [debug] [ManualAdjust] 旋转增量 RPY=(0.100, 0.000, 0.000)deg
[15:38:23.652] [info] [ManualAdjust] 当前外参 [lidar_front→cam_left]:
[15:38:23.652] [info]   旋转 RPY: (-16.3701, -88.5405, -31.0062) deg
[15:38:23.652] [info]   平移 XYZ: (0.1230, 0.0399, -0.0527) m
[15:38:23.682] [debug] [ManualAdjust] 旋转增量 RPY=(0.100, 0.000, 0.000)deg
[15:38:23.682] [info] [ManualAdjust] 当前外参 [lidar_front→cam_left]:
[15:38:23.682] [info]   旋转 RPY: (-16.2701, -88.5405, -31.0062) deg
[15:38:23.682] [info]   平移 XYZ: (0.1230, 0.0399, -0.0527) m
[15:38:23.713] [debug] [ManualAdjust] 旋转增量 RPY=(0.100, 0.000, 0.000)deg
[15:38:23.713] [info] [ManualAdjust] 当前外参 [lidar_front→cam_left]:
[15:38:23.713] [info]   旋转 RPY: (-16.1701, -88.5405, -31.0062) deg
[15:38:23.713] [info]   平移 XYZ: (0.1230, 0.0399, -0.0527) m
[15:38:23.742] [debug] [ManualAdjust] 旋转增量 RPY=(0.100, 0.000, 0.000)deg
[15:38:23.742] [info] [ManualAdjust] 当前外参 [lidar_front→cam_left]:
[15:38:23.742] [info]   旋转 RPY: (-16.0701, -88.5405, -31.0062) deg
[15:38:23.742] [info]   平移 XYZ: (0.1230, 0.0399, -0.0527) m
[15:38:23.773] [debug] [ManualAdjust] 旋转增量 RPY=(0.100, 0.000, 0.000)deg
[15:38:23.773] [info] [ManualAdjust] 当前外参 [lidar_front→cam_left]:
[15:38:23.773] [info]   旋转 RPY: (-15.9701, -88.5405, -31.0062) deg
[15:38:23.773] [info]   平移 XYZ: (0.1230, 0.0399, -0.0527) m
[15:38:23.804] [debug] [ManualAdjust] 旋转增量 RPY=(0.100, 0.000, 0.000)deg
[15:38:23.804] [info] [ManualAdjust] 当前外参 [lidar_front→cam_left]:
[15:38:23.804] [info]   旋转 RPY: (-15.8701, -88.5405, -31.0062) deg
[15:38:23.804] [info]   平移 XYZ: (0.1230, 0.0399, -0.0527) m
[15:38:23.834] [debug] [ManualAdjust] 旋转增量 RPY=(0.100, 0.000, 0.000)deg
[15:38:23.834] [info] [ManualAdjust] 当前外参 [lidar_front→cam_left]:
[15:38:23.834] [info]   旋转 RPY: (-15.7701, -88.5405, -31.0062) deg
[15:38:23.834] [info]   平移 XYZ: (0.1230, 0.0399, -0.0527) m
[15:38:23.864] [debug] [ManualAdjust] 旋转增量 RPY=(0.100, 0.000, 0.000)deg
[15:38:23.864] [info] [ManualAdjust] 当前外参 [lidar_front→cam_left]:
[15:38:23.864] [info]   旋转 RPY: (-15.6701, -88.5405, -31.0062) deg
[15:38:23.864] [info]   平移 XYZ: (0.1230, 0.0399, -0.0527) m
[15:38:23.894] [debug] [ManualAdjust] 旋转增量 RPY=(0.100, 0.000, 0.000)deg
[15:38:23.894] [info] [ManualAdjust] 当前外参 [lidar_front→cam_left]:
[15:38:23.894] [info]   旋转 RPY: (-15.5701, -88.5405, -31.0062) deg
[15:38:23.894] [info]   平移 XYZ: (0.1230, 0.0399, -0.0527) m
[15:38:23.924] [debug] [ManualAdjust] 旋转增量 RPY=(0.100, 0.000, 0.000)deg
[15:38:23.924] [info] [ManualAdjust] 当前外参 [lidar_front→cam_left]:
[15:38:23.924] [info]   旋转 RPY: (-15.4701, -88.5405, -31.0062) deg
[15:38:23.924] [info]   平移 XYZ: (0.1230, 0.0399, -0.0527) m
[15:38:23.954] [debug] [ManualAdjust] 旋转增量 RPY=(0.100, 0.000, 0.000)deg
[15:38:23.954] [info] [ManualAdjust] 当前外参 [lidar_front→cam_left]:
[15:38:23.954] [info]   旋转 RPY: (-15.3701, -88.5405, -31.0062) deg
[15:38:23.954] [info]   平移 XYZ: (0.1230, 0.0399, -0.0527) m
[15:38:23.984] [debug] [ManualAdjust] 旋转增量 RPY=(0.100, 0.000, 0.000)deg
[15:38:23.984] [info] [ManualAdjust] 当前外参 [lidar_front→cam_left]:
[15:38:23.984] [info]   旋转 RPY: (-15.2701, -88.5405, -31.0062) deg
[15:38:23.984] [info]   平移 XYZ: (0.1230, 0.0399, -0.0527) m
[15:38:24.015] [debug] [ManualAdjust] 旋转增量 RPY=(0.100, 0.000, 0.000)deg
[15:38:24.015] [info] [ManualAdjust] 当前外参 [lidar_front→cam_left]:
[15:38:24.015] [info]   旋转 RPY: (-15.1701, -88.5405, -31.0062) deg
[15:38:24.015] [info]   平移 XYZ: (0.1230, 0.0399, -0.0527) m
[15:38:24.045] [debug] [ManualAdjust] 旋转增量 RPY=(0.100, 0.000, 0.000)deg
[15:38:24.045] [info] [ManualAdjust] 当前外参 [lidar_front→cam_left]:
[15:38:24.045] [info]   旋转 RPY: (-15.0701, -88.5405, -31.0062) deg
[15:38:24.045] [info]   平移 XYZ: (0.1230, 0.0399, -0.0527) m
[15:38:24.074] [debug] [ManualAdjust] 旋转增量 RPY=(0.100, 0.000, 0.000)deg
[15:38:24.075] [info] [ManualAdjust] 当前外参 [lidar_front→cam_left]:
[15:38:24.075] [info]   旋转 RPY: (-14.9701, -88.5405, -31.0062) deg
[15:38:24.075] [info]   平移 XYZ: (0.1230, 0.0399, -0.0527) m
[15:38:24.104] [debug] [ManualAdjust] 旋转增量 RPY=(0.100, 0.000, 0.000)deg
[15:38:24.105] [info] [ManualAdjust] 当前外参 [lidar_front→cam_left]:
[15:38:24.105] [info]   旋转 RPY: (-14.8701, -88.5405, -31.0062) deg
[15:38:24.105] [info]   平移 XYZ: (0.1230, 0.0399, -0.0527) m
[15:38:24.135] [debug] [ManualAdjust] 旋转增量 RPY=(0.100, 0.000, 0.000)deg
[15:38:24.135] [info] [ManualAdjust] 当前外参 [lidar_front→cam_left]:
[15:38:24.135] [info]   旋转 RPY: (-14.7701, -88.5405, -31.0062) deg
[15:38:24.135] [info]   平移 XYZ: (0.1230, 0.0399, -0.0527) m
[15:38:24.165] [debug] [ManualAdjust] 旋转增量 RPY=(0.100, 0.000, 0.000)deg
[15:38:24.165] [info] [ManualAdjust] 当前外参 [lidar_front→cam_left]:
[15:38:24.165] [info]   旋转 RPY: (-14.6701, -88.5405, -31.0062) deg
[15:38:24.165] [info]   平移 XYZ: (0.1230, 0.0399, -0.0527) m
[15:38:24.195] [debug] [ManualAdjust] 旋转增量 RPY=(0.100, 0.000, 0.000)deg
[15:38:24.195] [info] [ManualAdjust] 当前外参 [lidar_front→cam_left]:
[15:38:24.195] [info]   旋转 RPY: (-14.5701, -88.5405, -31.0062) deg
[15:38:24.195] [info]   平移 XYZ: (0.1230, 0.0399, -0.0527) m
[15:38:24.224] [debug] [ManualAdjust] 旋转增量 RPY=(0.100, 0.000, 0.000)deg
[15:38:24.224] [info] [ManualAdjust] 当前外参 [lidar_front→cam_left]:
[15:38:24.224] [info]   旋转 RPY: (-14.4701, -88.5405, -31.0062) deg
[15:38:24.224] [info]   平移 XYZ: (0.1230, 0.0399, -0.0527) m
[15:38:24.255] [debug] [ManualAdjust] 旋转增量 RPY=(0.100, 0.000, 0.000)deg
[15:38:24.255] [info] [ManualAdjust] 当前外参 [lidar_front→cam_left]:
[15:38:24.255] [info]   旋转 RPY: (-14.3701, -88.5405, -31.0062) deg
[15:38:24.255] [info]   平移 XYZ: (0.1230, 0.0399, -0.0527) m
[15:38:24.285] [debug] [ManualAdjust] 旋转增量 RPY=(0.100, 0.000, 0.000)deg
[15:38:24.285] [info] [ManualAdjust] 当前外参 [lidar_front→cam_left]:
[15:38:24.285] [info]   旋转 RPY: (-14.2701, -88.5405, -31.0062) deg
[15:38:24.285] [info]   平移 XYZ: (0.1230, 0.0399, -0.0527) m
[15:38:24.315] [debug] [ManualAdjust] 旋转增量 RPY=(0.100, 0.000, 0.000)deg
[15:38:24.315] [info] [ManualAdjust] 当前外参 [lidar_front→cam_left]:
[15:38:24.315] [info]   旋转 RPY: (-14.1701, -88.5405, -31.0062) deg
[15:38:24.315] [info]   平移 XYZ: (0.1230, 0.0399, -0.0527) m
[15:38:24.344] [debug] [ManualAdjust] 旋转增量 RPY=(0.100, 0.000, 0.000)deg
[15:38:24.344] [info] [ManualAdjust] 当前外参 [lidar_front→cam_left]:
[15:38:24.344] [info]   旋转 RPY: (-14.0701, -88.5405, -31.0062) deg
[15:38:24.344] [info]   平移 XYZ: (0.1230, 0.0399, -0.0527) m
[15:38:24.374] [debug] [ManualAdjust] 旋转增量 RPY=(0.100, 0.000, 0.000)deg
[15:38:24.374] [info] [ManualAdjust] 当前外参 [lidar_front→cam_left]:
[15:38:24.374] [info]   旋转 RPY: (-13.9701, -88.5405, -31.0062) deg
[15:38:24.374] [info]   平移 XYZ: (0.1230, 0.0399, -0.0527) m
[15:38:24.405] [debug] [ManualAdjust] 旋转增量 RPY=(0.100, 0.000, 0.000)deg
[15:38:24.405] [info] [ManualAdjust] 当前外参 [lidar_front→cam_left]:
[15:38:24.405] [info]   旋转 RPY: (-13.8701, -88.5405, -31.0062) deg
[15:38:24.405] [info]   平移 XYZ: (0.1230, 0.0399, -0.0527) m
[15:38:24.436] [debug] [ManualAdjust] 旋转增量 RPY=(0.100, 0.000, 0.000)deg
[15:38:24.436] [info] [ManualAdjust] 当前外参 [lidar_front→cam_left]:
[15:38:24.436] [info]   旋转 RPY: (-13.7701, -88.5405, -31.0062) deg
[15:38:24.436] [info]   平移 XYZ: (0.1230, 0.0399, -0.0527) m
[15:38:24.466] [debug] [ManualAdjust] 旋转增量 RPY=(0.100, 0.000, 0.000)deg
[15:38:24.466] [info] [ManualAdjust] 当前外参 [lidar_front→cam_left]:
[15:38:24.466] [info]   旋转 RPY: (-13.6701, -88.5405, -31.0062) deg
[15:38:24.466] [info]   平移 XYZ: (0.1230, 0.0399, -0.0527) m
[15:38:24.495] [debug] [ManualAdjust] 旋转增量 RPY=(0.100, 0.000, 0.000)deg
[15:38:24.495] [info] [ManualAdjust] 当前外参 [lidar_front→cam_left]:
[15:38:24.495] [info]   旋转 RPY: (-13.5701, -88.5405, -31.0062) deg
[15:38:24.495] [info]   平移 XYZ: (0.1230, 0.0399, -0.0527) m
[15:38:24.525] [debug] [ManualAdjust] 旋转增量 RPY=(0.100, 0.000, 0.000)deg
[15:38:24.525] [info] [ManualAdjust] 当前外参 [lidar_front→cam_left]:
[15:38:24.525] [info]   旋转 RPY: (-13.4701, -88.5405, -31.0062) deg
[15:38:24.525] [info]   平移 XYZ: (0.1230, 0.0399, -0.0527) m
[15:38:24.556] [debug] [ManualAdjust] 旋转增量 RPY=(0.100, 0.000, 0.000)deg
[15:38:24.556] [info] [ManualAdjust] 当前外参 [lidar_front→cam_left]:
[15:38:24.556] [info]   旋转 RPY: (-13.3701, -88.5405, -31.0062) deg
[15:38:24.556] [info]   平移 XYZ: (0.1230, 0.0399, -0.0527) m
[15:38:24.586] [debug] [ManualAdjust] 旋转增量 RPY=(0.100, 0.000, 0.000)deg
[15:38:24.586] [info] [ManualAdjust] 当前外参 [lidar_front→cam_left]:
[15:38:24.586] [info]   旋转 RPY: (-13.2701, -88.5405, -31.0062) deg
[15:38:24.586] [info]   平移 XYZ: (0.1230, 0.0399, -0.0527) m
[15:38:24.616] [debug] [ManualAdjust] 旋转增量 RPY=(0.100, 0.000, 0.000)deg
[15:38:24.616] [info] [ManualAdjust] 当前外参 [lidar_front→cam_left]:
[15:38:24.616] [info]   旋转 RPY: (-13.1701, -88.5405, -31.0062) deg
[15:38:24.616] [info]   平移 XYZ: (0.1230, 0.0399, -0.0527) m
[15:38:24.648] [debug] [ManualAdjust] 旋转增量 RPY=(0.100, 0.000, 0.000)deg
[15:38:24.648] [info] [ManualAdjust] 当前外参 [lidar_front→cam_left]:
[15:38:24.648] [info]   旋转 RPY: (-13.0701, -88.5405, -31.0062) deg
[15:38:24.648] [info]   平移 XYZ: (0.1230, 0.0399, -0.0527) m
[15:38:24.677] [debug] [ManualAdjust] 旋转增量 RPY=(0.100, 0.000, 0.000)deg
[15:38:24.677] [info] [ManualAdjust] 当前外参 [lidar_front→cam_left]:
[15:38:24.677] [info]   旋转 RPY: (-12.9701, -88.5405, -31.0062) deg
[15:38:24.677] [info]   平移 XYZ: (0.1230, 0.0399, -0.0527) m
[15:38:24.706] [debug] [ManualAdjust] 旋转增量 RPY=(0.100, 0.000, 0.000)deg
[15:38:24.706] [info] [ManualAdjust] 当前外参 [lidar_front→cam_left]:
[15:38:24.706] [info]   旋转 RPY: (-12.8701, -88.5405, -31.0062) deg
[15:38:24.706] [info]   平移 XYZ: (0.1230, 0.0399, -0.0527) m
[15:38:24.737] [debug] [ManualAdjust] 旋转增量 RPY=(0.100, 0.000, 0.000)deg
[15:38:24.737] [info] [ManualAdjust] 当前外参 [lidar_front→cam_left]:
[15:38:24.737] [info]   旋转 RPY: (-12.7701, -88.5405, -31.0062) deg
[15:38:24.737] [info]   平移 XYZ: (0.1230, 0.0399, -0.0527) m
[15:38:24.767] [debug] [ManualAdjust] 旋转增量 RPY=(0.100, 0.000, 0.000)deg
[15:38:24.767] [info] [ManualAdjust] 当前外参 [lidar_front→cam_left]:
[15:38:24.767] [info]   旋转 RPY: (-12.6701, -88.5405, -31.0062) deg
[15:38:24.767] [info]   平移 XYZ: (0.1230, 0.0399, -0.0527) m
[15:38:24.796] [debug] [ManualAdjust] 旋转增量 RPY=(0.100, 0.000, 0.000)deg
[15:38:24.796] [info] [ManualAdjust] 当前外参 [lidar_front→cam_left]:
[15:38:24.796] [info]   旋转 RPY: (-12.5701, -88.5405, -31.0062) deg
[15:38:24.796] [info]   平移 XYZ: (0.1230, 0.0399, -0.0527) m
[15:38:24.827] [debug] [ManualAdjust] 旋转增量 RPY=(0.100, 0.000, 0.000)deg
[15:38:24.827] [info] [ManualAdjust] 当前外参 [lidar_front→cam_left]:
[15:38:24.827] [info]   旋转 RPY: (-12.4701, -88.5405, -31.0062) deg
[15:38:24.827] [info]   平移 XYZ: (0.1230, 0.0399, -0.0527) m
[15:38:24.857] [debug] [ManualAdjust] 旋转增量 RPY=(0.100, 0.000, 0.000)deg
[15:38:24.857] [info] [ManualAdjust] 当前外参 [lidar_front→cam_left]:
[15:38:24.857] [info]   旋转 RPY: (-12.3701, -88.5405, -31.0062) deg
[15:38:24.857] [info]   平移 XYZ: (0.1230, 0.0399, -0.0527) m
[15:38:24.888] [debug] [ManualAdjust] 旋转增量 RPY=(0.100, 0.000, 0.000)deg
[15:38:24.888] [info] [ManualAdjust] 当前外参 [lidar_front→cam_left]:
[15:38:24.888] [info]   旋转 RPY: (-12.2701, -88.5405, -31.0062) deg
[15:38:24.888] [info]   平移 XYZ: (0.1230, 0.0399, -0.0527) m
[15:38:24.918] [debug] [ManualAdjust] 旋转增量 RPY=(0.100, 0.000, 0.000)deg
[15:38:24.918] [info] [ManualAdjust] 当前外参 [lidar_front→cam_left]:
[15:38:24.918] [info]   旋转 RPY: (-12.1701, -88.5405, -31.0062) deg
[15:38:24.918] [info]   平移 XYZ: (0.1230, 0.0399, -0.0527) m
[15:38:24.949] [debug] [ManualAdjust] 旋转增量 RPY=(0.100, 0.000, 0.000)deg
[15:38:24.949] [info] [ManualAdjust] 当前外参 [lidar_front→cam_left]:
[15:38:24.949] [info]   旋转 RPY: (-12.0701, -88.5405, -31.0062) deg
[15:38:24.949] [info]   平移 XYZ: (0.1230, 0.0399, -0.0527) m
[15:38:24.980] [debug] [ManualAdjust] 旋转增量 RPY=(0.100, 0.000, 0.000)deg
[15:38:24.980] [info] [ManualAdjust] 当前外参 [lidar_front→cam_left]:
[15:38:24.980] [info]   旋转 RPY: (-11.9701, -88.5405, -31.0062) deg
[15:38:24.980] [info]   平移 XYZ: (0.1230, 0.0399, -0.0527) m
[15:38:25.008] [debug] [ManualAdjust] 旋转增量 RPY=(0.100, 0.000, 0.000)deg
[15:38:25.008] [info] [ManualAdjust] 当前外参 [lidar_front→cam_left]:
[15:38:25.008] [info]   旋转 RPY: (-11.8701, -88.5405, -31.0062) deg
[15:38:25.008] [info]   平移 XYZ: (0.1230, 0.0399, -0.0527) m
[15:38:25.039] [debug] [ManualAdjust] 旋转增量 RPY=(0.100, 0.000, 0.000)deg
[15:38:25.039] [info] [ManualAdjust] 当前外参 [lidar_front→cam_left]:
[15:38:25.039] [info]   旋转 RPY: (-11.7701, -88.5405, -31.0062) deg
[15:38:25.039] [info]   平移 XYZ: (0.1230, 0.0399, -0.0527) m
[15:38:25.070] [debug] [ManualAdjust] 旋转增量 RPY=(0.100, 0.000, 0.000)deg
[15:38:25.070] [info] [ManualAdjust] 当前外参 [lidar_front→cam_left]:
[15:38:25.070] [info]   旋转 RPY: (-11.6701, -88.5405, -31.0062) deg
[15:38:25.070] [info]   平移 XYZ: (0.1230, 0.0399, -0.0527) m
[15:38:25.100] [debug] [ManualAdjust] 旋转增量 RPY=(0.100, 0.000, 0.000)deg
[15:38:25.100] [info] [ManualAdjust] 当前外参 [lidar_front→cam_left]:
[15:38:25.100] [info]   旋转 RPY: (-11.5701, -88.5405, -31.0062) deg
[15:38:25.100] [info]   平移 XYZ: (0.1230, 0.0399, -0.0527) m
[15:38:25.131] [debug] [ManualAdjust] 旋转增量 RPY=(0.100, 0.000, 0.000)deg
[15:38:25.131] [info] [ManualAdjust] 当前外参 [lidar_front→cam_left]:
[15:38:25.131] [info]   旋转 RPY: (-11.4701, -88.5405, -31.0062) deg
[15:38:25.131] [info]   平移 XYZ: (0.1230, 0.0399, -0.0527) m
[15:38:25.161] [debug] [ManualAdjust] 旋转增量 RPY=(0.100, 0.000, 0.000)deg
[15:38:25.161] [info] [ManualAdjust] 当前外参 [lidar_front→cam_left]:
[15:38:25.161] [info]   旋转 RPY: (-11.3701, -88.5405, -31.0062) deg
[15:38:25.161] [info]   平移 XYZ: (0.1230, 0.0399, -0.0527) m
[15:38:25.190] [debug] [ManualAdjust] 旋转增量 RPY=(0.100, 0.000, 0.000)deg
[15:38:25.190] [info] [ManualAdjust] 当前外参 [lidar_front→cam_left]:
[15:38:25.190] [info]   旋转 RPY: (-11.2701, -88.5405, -31.0062) deg
[15:38:25.190] [info]   平移 XYZ: (0.1230, 0.0399, -0.0527) m
[15:38:25.220] [debug] [ManualAdjust] 旋转增量 RPY=(0.100, 0.000, 0.000)deg
[15:38:25.220] [info] [ManualAdjust] 当前外参 [lidar_front→cam_left]:
[15:38:25.220] [info]   旋转 RPY: (-11.1701, -88.5405, -31.0062) deg
[15:38:25.220] [info]   平移 XYZ: (0.1230, 0.0399, -0.0527) m
[15:38:25.251] [debug] [ManualAdjust] 旋转增量 RPY=(0.100, 0.000, 0.000)deg
[15:38:25.251] [info] [ManualAdjust] 当前外参 [lidar_front→cam_left]:
[15:38:25.251] [info]   旋转 RPY: (-11.0701, -88.5405, -31.0062) deg
[15:38:25.251] [info]   平移 XYZ: (0.1230, 0.0399, -0.0527) m
[15:38:25.280] [debug] [ManualAdjust] 旋转增量 RPY=(0.100, 0.000, 0.000)deg
[15:38:25.280] [info] [ManualAdjust] 当前外参 [lidar_front→cam_left]:
[15:38:25.280] [info]   旋转 RPY: (-10.9701, -88.5405, -31.0062) deg
[15:38:25.280] [info]   平移 XYZ: (0.1230, 0.0399, -0.0527) m
[15:38:25.311] [debug] [ManualAdjust] 旋转增量 RPY=(0.100, 0.000, 0.000)deg
[15:38:25.311] [info] [ManualAdjust] 当前外参 [lidar_front→cam_left]:
[15:38:25.311] [info]   旋转 RPY: (-10.8701, -88.5405, -31.0062) deg
[15:38:25.311] [info]   平移 XYZ: (0.1230, 0.0399, -0.0527) m
[15:38:25.342] [debug] [ManualAdjust] 旋转增量 RPY=(0.100, 0.000, 0.000)deg
[15:38:25.342] [info] [ManualAdjust] 当前外参 [lidar_front→cam_left]:
[15:38:25.342] [info]   旋转 RPY: (-10.7701, -88.5405, -31.0062) deg
[15:38:25.342] [info]   平移 XYZ: (0.1230, 0.0399, -0.0527) m
[15:38:25.372] [debug] [ManualAdjust] 旋转增量 RPY=(0.100, 0.000, 0.000)deg
[15:38:25.372] [info] [ManualAdjust] 当前外参 [lidar_front→cam_left]:
[15:38:25.372] [info]   旋转 RPY: (-10.6701, -88.5405, -31.0062) deg
[15:38:25.372] [info]   平移 XYZ: (0.1230, 0.0399, -0.0527) m
[15:38:25.403] [debug] [ManualAdjust] 旋转增量 RPY=(0.100, 0.000, 0.000)deg
[15:38:25.403] [info] [ManualAdjust] 当前外参 [lidar_front→cam_left]:
[15:38:25.403] [info]   旋转 RPY: (-10.5701, -88.5405, -31.0062) deg
[15:38:25.403] [info]   平移 XYZ: (0.1230, 0.0399, -0.0527) m
[15:38:25.434] [debug] [ManualAdjust] 旋转增量 RPY=(0.100, 0.000, 0.000)deg
[15:38:25.434] [info] [ManualAdjust] 当前外参 [lidar_front→cam_left]:
[15:38:25.434] [info]   旋转 RPY: (-10.4701, -88.5405, -31.0062) deg
[15:38:25.434] [info]   平移 XYZ: (0.1230, 0.0399, -0.0527) m
[15:38:25.464] [debug] [ManualAdjust] 旋转增量 RPY=(0.100, 0.000, 0.000)deg
[15:38:25.464] [info] [ManualAdjust] 当前外参 [lidar_front→cam_left]:
[15:38:25.464] [info]   旋转 RPY: (-10.3701, -88.5405, -31.0062) deg
[15:38:25.464] [info]   平移 XYZ: (0.1230, 0.0399, -0.0527) m
[15:38:25.494] [debug] [ManualAdjust] 旋转增量 RPY=(0.100, 0.000, 0.000)deg
[15:38:25.494] [info] [ManualAdjust] 当前外参 [lidar_front→cam_left]:
[15:38:25.494] [info]   旋转 RPY: (-10.2701, -88.5405, -31.0062) deg
[15:38:25.494] [info]   平移 XYZ: (0.1230, 0.0399, -0.0527) m
[15:38:25.525] [debug] [ManualAdjust] 旋转增量 RPY=(0.100, 0.000, 0.000)deg
[15:38:25.525] [info] [ManualAdjust] 当前外参 [lidar_front→cam_left]:
[15:38:25.525] [info]   旋转 RPY: (-10.1701, -88.5405, -31.0062) deg
[15:38:25.525] [info]   平移 XYZ: (0.1230, 0.0399, -0.0527) m
[15:38:25.555] [debug] [ManualAdjust] 旋转增量 RPY=(0.100, 0.000, 0.000)deg
[15:38:25.555] [info] [ManualAdjust] 当前外参 [lidar_front→cam_left]:
[15:38:25.555] [info]   旋转 RPY: (-10.0701, -88.5405, -31.0062) deg
[15:38:25.555] [info]   平移 XYZ: (0.1230, 0.0399, -0.0527) m
[15:38:25.586] [debug] [ManualAdjust] 旋转增量 RPY=(0.100, 0.000, 0.000)deg
[15:38:25.586] [info] [ManualAdjust] 当前外参 [lidar_front→cam_left]:
[15:38:25.586] [info]   旋转 RPY: (-9.9701, -88.5405, -31.0062) deg
[15:38:25.586] [info]   平移 XYZ: (0.1230, 0.0399, -0.0527) m
[15:38:25.616] [debug] [ManualAdjust] 旋转增量 RPY=(0.100, 0.000, 0.000)deg
[15:38:25.616] [info] [ManualAdjust] 当前外参 [lidar_front→cam_left]:
[15:38:25.616] [info]   旋转 RPY: (-9.8701, -88.5405, -31.0062) deg
[15:38:25.616] [info]   平移 XYZ: (0.1230, 0.0399, -0.0527) m
[15:38:25.647] [debug] [ManualAdjust] 旋转增量 RPY=(0.100, 0.000, 0.000)deg
[15:38:25.647] [info] [ManualAdjust] 当前外参 [lidar_front→cam_left]:
[15:38:25.647] [info]   旋转 RPY: (-9.7701, -88.5405, -31.0062) deg
[15:38:25.647] [info]   平移 XYZ: (0.1230, 0.0399, -0.0527) m
[15:38:25.675] [debug] [ManualAdjust] 旋转增量 RPY=(0.100, 0.000, 0.000)deg
[15:38:25.675] [info] [ManualAdjust] 当前外参 [lidar_front→cam_left]:
[15:38:25.675] [info]   旋转 RPY: (-9.6701, -88.5405, -31.0062) deg
[15:38:25.675] [info]   平移 XYZ: (0.1230, 0.0399, -0.0527) m
[15:38:25.705] [debug] [ManualAdjust] 旋转增量 RPY=(0.100, 0.000, 0.000)deg
[15:38:25.705] [info] [ManualAdjust] 当前外参 [lidar_front→cam_left]:
[15:38:25.705] [info]   旋转 RPY: (-9.5701, -88.5405, -31.0062) deg
[15:38:25.705] [info]   平移 XYZ: (0.1230, 0.0399, -0.0527) m
[15:38:25.735] [debug] [ManualAdjust] 旋转增量 RPY=(0.100, 0.000, 0.000)deg
[15:38:25.735] [info] [ManualAdjust] 当前外参 [lidar_front→cam_left]:
[15:38:25.735] [info]   旋转 RPY: (-9.4701, -88.5405, -31.0062) deg
[15:38:25.735] [info]   平移 XYZ: (0.1230, 0.0399, -0.0527) m
[15:38:25.766] [debug] [ManualAdjust] 旋转增量 RPY=(0.100, 0.000, 0.000)deg
[15:38:25.766] [info] [ManualAdjust] 当前外参 [lidar_front→cam_left]:
[15:38:25.766] [info]   旋转 RPY: (-9.3701, -88.5405, -31.0062) deg
[15:38:25.766] [info]   平移 XYZ: (0.1230, 0.0399, -0.0527) m
[15:38:25.795] [debug] [ManualAdjust] 旋转增量 RPY=(0.100, 0.000, 0.000)deg
[15:38:25.795] [info] [ManualAdjust] 当前外参 [lidar_front→cam_left]:
[15:38:25.795] [info]   旋转 RPY: (-9.2701, -88.5405, -31.0062) deg
[15:38:25.795] [info]   平移 XYZ: (0.1230, 0.0399, -0.0527) m
[15:38:25.825] [debug] [ManualAdjust] 旋转增量 RPY=(0.100, 0.000, 0.000)deg
[15:38:25.825] [info] [ManualAdjust] 当前外参 [lidar_front→cam_left]:
[15:38:25.825] [info]   旋转 RPY: (-9.1701, -88.5405, -31.0062) deg
[15:38:25.825] [info]   平移 XYZ: (0.1230, 0.0399, -0.0527) m
[15:38:25.856] [debug] [ManualAdjust] 旋转增量 RPY=(0.100, 0.000, 0.000)deg
[15:38:25.856] [info] [ManualAdjust] 当前外参 [lidar_front→cam_left]:
[15:38:25.856] [info]   旋转 RPY: (-9.0701, -88.5405, -31.0062) deg
[15:38:25.856] [info]   平移 XYZ: (0.1230, 0.0399, -0.0527) m
[15:38:25.886] [debug] [ManualAdjust] 旋转增量 RPY=(0.100, 0.000, 0.000)deg
[15:38:25.886] [info] [ManualAdjust] 当前外参 [lidar_front→cam_left]:
[15:38:25.886] [info]   旋转 RPY: (-8.9701, -88.5405, -31.0062) deg
[15:38:25.886] [info]   平移 XYZ: (0.1230, 0.0399, -0.0527) m
[15:38:25.917] [debug] [ManualAdjust] 旋转增量 RPY=(0.100, 0.000, 0.000)deg
[15:38:25.917] [info] [ManualAdjust] 当前外参 [lidar_front→cam_left]:
[15:38:25.917] [info]   旋转 RPY: (-8.8701, -88.5405, -31.0062) deg
[15:38:25.917] [info]   平移 XYZ: (0.1230, 0.0399, -0.0527) m
[15:38:25.947] [debug] [ManualAdjust] 旋转增量 RPY=(0.100, 0.000, 0.000)deg
[15:38:25.947] [info] [ManualAdjust] 当前外参 [lidar_front→cam_left]:
[15:38:25.947] [info]   旋转 RPY: (-8.7701, -88.5405, -31.0062) deg
[15:38:25.947] [info]   平移 XYZ: (0.1230, 0.0399, -0.0527) m
[15:38:25.977] [debug] [ManualAdjust] 旋转增量 RPY=(0.100, 0.000, 0.000)deg
[15:38:25.977] [info] [ManualAdjust] 当前外参 [lidar_front→cam_left]:
[15:38:25.977] [info]   旋转 RPY: (-8.6701, -88.5405, -31.0062) deg
[15:38:25.977] [info]   平移 XYZ: (0.1230, 0.0399, -0.0527) m
[15:38:26.008] [debug] [ManualAdjust] 旋转增量 RPY=(0.100, 0.000, 0.000)deg
[15:38:26.008] [info] [ManualAdjust] 当前外参 [lidar_front→cam_left]:
[15:38:26.008] [info]   旋转 RPY: (-8.5701, -88.5405, -31.0062) deg
[15:38:26.008] [info]   平移 XYZ: (0.1230, 0.0399, -0.0527) m
[15:38:26.039] [debug] [ManualAdjust] 旋转增量 RPY=(0.100, 0.000, 0.000)deg
[15:38:26.039] [info] [ManualAdjust] 当前外参 [lidar_front→cam_left]:
[15:38:26.039] [info]   旋转 RPY: (-8.4701, -88.5405, -31.0062) deg
[15:38:26.039] [info]   平移 XYZ: (0.1230, 0.0399, -0.0527) m
[15:38:26.069] [debug] [ManualAdjust] 旋转增量 RPY=(0.100, 0.000, 0.000)deg
[15:38:26.069] [info] [ManualAdjust] 当前外参 [lidar_front→cam_left]:
[15:38:26.069] [info]   旋转 RPY: (-8.3701, -88.5405, -31.0062) deg
[15:38:26.069] [info]   平移 XYZ: (0.1230, 0.0399, -0.0527) m
[15:38:26.099] [debug] [ManualAdjust] 旋转增量 RPY=(0.100, 0.000, 0.000)deg
[15:38:26.099] [info] [ManualAdjust] 当前外参 [lidar_front→cam_left]:
[15:38:26.099] [info]   旋转 RPY: (-8.2701, -88.5405, -31.0062) deg
[15:38:26.099] [info]   平移 XYZ: (0.1230, 0.0399, -0.0527) m
[15:38:26.129] [debug] [ManualAdjust] 旋转增量 RPY=(0.100, 0.000, 0.000)deg
[15:38:26.129] [info] [ManualAdjust] 当前外参 [lidar_front→cam_left]:
[15:38:26.129] [info]   旋转 RPY: (-8.1701, -88.5405, -31.0062) deg
[15:38:26.129] [info]   平移 XYZ: (0.1230, 0.0399, -0.0527) m
[15:38:26.160] [debug] [ManualAdjust] 旋转增量 RPY=(0.100, 0.000, 0.000)deg
[15:38:26.160] [info] [ManualAdjust] 当前外参 [lidar_front→cam_left]:
[15:38:26.160] [info]   旋转 RPY: (-8.0701, -88.5405, -31.0062) deg
[15:38:26.160] [info]   平移 XYZ: (0.1230, 0.0399, -0.0527) m
[15:38:26.192] [debug] [ManualAdjust] 旋转增量 RPY=(0.100, 0.000, 0.000)deg
[15:38:26.192] [info] [ManualAdjust] 当前外参 [lidar_front→cam_left]:
[15:38:26.192] [info]   旋转 RPY: (-7.9701, -88.5405, -31.0062) deg
[15:38:26.192] [info]   平移 XYZ: (0.1230, 0.0399, -0.0527) m
[15:38:26.222] [debug] [ManualAdjust] 旋转增量 RPY=(0.100, 0.000, 0.000)deg
[15:38:26.222] [info] [ManualAdjust] 当前外参 [lidar_front→cam_left]:
[15:38:26.222] [info]   旋转 RPY: (-7.8701, -88.5405, -31.0062) deg
[15:38:26.222] [info]   平移 XYZ: (0.1230, 0.0399, -0.0527) m
[15:38:26.251] [debug] [ManualAdjust] 旋转增量 RPY=(0.100, 0.000, 0.000)deg
[15:38:26.251] [info] [ManualAdjust] 当前外参 [lidar_front→cam_left]:
[15:38:26.251] [info]   旋转 RPY: (-7.7701, -88.5405, -31.0062) deg
[15:38:26.251] [info]   平移 XYZ: (0.1230, 0.0399, -0.0527) m
[15:38:26.281] [debug] [ManualAdjust] 旋转增量 RPY=(0.100, 0.000, 0.000)deg
[15:38:26.281] [info] [ManualAdjust] 当前外参 [lidar_front→cam_left]:
[15:38:26.281] [info]   旋转 RPY: (-7.6701, -88.5405, -31.0062) deg
[15:38:26.281] [info]   平移 XYZ: (0.1230, 0.0399, -0.0527) m
[15:38:26.311] [debug] [ManualAdjust] 旋转增量 RPY=(0.100, 0.000, 0.000)deg
[15:38:26.311] [info] [ManualAdjust] 当前外参 [lidar_front→cam_left]:
[15:38:26.311] [info]   旋转 RPY: (-7.5701, -88.5405, -31.0062) deg
[15:38:26.311] [info]   平移 XYZ: (0.1230, 0.0399, -0.0527) m
[15:38:26.341] [debug] [ManualAdjust] 旋转增量 RPY=(0.100, 0.000, 0.000)deg
[15:38:26.341] [info] [ManualAdjust] 当前外参 [lidar_front→cam_left]:
[15:38:26.341] [info]   旋转 RPY: (-7.4701, -88.5405, -31.0062) deg
[15:38:26.341] [info]   平移 XYZ: (0.1230, 0.0399, -0.0527) m
[15:38:26.372] [debug] [ManualAdjust] 旋转增量 RPY=(0.100, 0.000, 0.000)deg
[15:38:26.372] [info] [ManualAdjust] 当前外参 [lidar_front→cam_left]:
[15:38:26.372] [info]   旋转 RPY: (-7.3701, -88.5405, -31.0062) deg
[15:38:26.372] [info]   平移 XYZ: (0.1230, 0.0399, -0.0527) m
[15:38:26.402] [debug] [ManualAdjust] 旋转增量 RPY=(0.100, 0.000, 0.000)deg
[15:38:26.402] [info] [ManualAdjust] 当前外参 [lidar_front→cam_left]:
[15:38:26.402] [info]   旋转 RPY: (-7.2701, -88.5405, -31.0062) deg
[15:38:26.402] [info]   平移 XYZ: (0.1230, 0.0399, -0.0527) m
[15:38:26.433] [debug] [ManualAdjust] 旋转增量 RPY=(0.100, 0.000, 0.000)deg
[15:38:26.433] [info] [ManualAdjust] 当前外参 [lidar_front→cam_left]:
[15:38:26.433] [info]   旋转 RPY: (-7.1701, -88.5405, -31.0062) deg
[15:38:26.433] [info]   平移 XYZ: (0.1230, 0.0399, -0.0527) m
[15:38:26.464] [debug] [ManualAdjust] 旋转增量 RPY=(0.100, 0.000, 0.000)deg
[15:38:26.464] [info] [ManualAdjust] 当前外参 [lidar_front→cam_left]:
[15:38:26.464] [info]   旋转 RPY: (-7.0701, -88.5405, -31.0062) deg
[15:38:26.464] [info]   平移 XYZ: (0.1230, 0.0399, -0.0527) m
[15:38:26.494] [debug] [ManualAdjust] 旋转增量 RPY=(0.100, 0.000, 0.000)deg
[15:38:26.494] [info] [ManualAdjust] 当前外参 [lidar_front→cam_left]:
[15:38:26.494] [info]   旋转 RPY: (-6.9701, -88.5405, -31.0062) deg
[15:38:26.494] [info]   平移 XYZ: (0.1230, 0.0399, -0.0527) m
[15:38:26.523] [debug] [ManualAdjust] 旋转增量 RPY=(0.100, 0.000, 0.000)deg
[15:38:26.523] [info] [ManualAdjust] 当前外参 [lidar_front→cam_left]:
[15:38:26.523] [info]   旋转 RPY: (-6.8701, -88.5405, -31.0062) deg
[15:38:26.523] [info]   平移 XYZ: (0.1230, 0.0399, -0.0527) m
[15:38:26.554] [debug] [ManualAdjust] 旋转增量 RPY=(0.100, 0.000, 0.000)deg
[15:38:26.554] [info] [ManualAdjust] 当前外参 [lidar_front→cam_left]:
[15:38:26.554] [info]   旋转 RPY: (-6.7701, -88.5405, -31.0062) deg
[15:38:26.554] [info]   平移 XYZ: (0.1230, 0.0399, -0.0527) m
[15:38:26.584] [debug] [ManualAdjust] 旋转增量 RPY=(0.100, 0.000, 0.000)deg
[15:38:26.584] [info] [ManualAdjust] 当前外参 [lidar_front→cam_left]:
[15:38:26.584] [info]   旋转 RPY: (-6.6701, -88.5405, -31.0062) deg
[15:38:26.584] [info]   平移 XYZ: (0.1230, 0.0399, -0.0527) m
[15:38:26.614] [debug] [ManualAdjust] 旋转增量 RPY=(0.100, 0.000, 0.000)deg
[15:38:26.614] [info] [ManualAdjust] 当前外参 [lidar_front→cam_left]:
[15:38:26.614] [info]   旋转 RPY: (-6.5701, -88.5405, -31.0062) deg
[15:38:26.614] [info]   平移 XYZ: (0.1230, 0.0399, -0.0527) m
[15:38:26.644] [debug] [ManualAdjust] 旋转增量 RPY=(0.100, 0.000, 0.000)deg
[15:38:26.644] [info] [ManualAdjust] 当前外参 [lidar_front→cam_left]:
[15:38:26.644] [info]   旋转 RPY: (-6.4701, -88.5405, -31.0062) deg
[15:38:26.644] [info]   平移 XYZ: (0.1230, 0.0399, -0.0527) m
[15:38:26.675] [debug] [ManualAdjust] 旋转增量 RPY=(0.100, 0.000, 0.000)deg
[15:38:26.675] [info] [ManualAdjust] 当前外参 [lidar_front→cam_left]:
[15:38:26.675] [info]   旋转 RPY: (-6.3701, -88.5405, -31.0062) deg
[15:38:26.675] [info]   平移 XYZ: (0.1230, 0.0399, -0.0527) m
[15:38:26.705] [debug] [ManualAdjust] 旋转增量 RPY=(0.100, 0.000, 0.000)deg
[15:38:26.705] [info] [ManualAdjust] 当前外参 [lidar_front→cam_left]:
[15:38:26.705] [info]   旋转 RPY: (-6.2701, -88.5405, -31.0062) deg
[15:38:26.705] [info]   平移 XYZ: (0.1230, 0.0399, -0.0527) m
[15:38:26.735] [debug] [ManualAdjust] 旋转增量 RPY=(0.100, 0.000, 0.000)deg
[15:38:26.735] [info] [ManualAdjust] 当前外参 [lidar_front→cam_left]:
[15:38:26.735] [info]   旋转 RPY: (-6.1701, -88.5405, -31.0062) deg
[15:38:26.735] [info]   平移 XYZ: (0.1230, 0.0399, -0.0527) m
[15:38:26.764] [debug] [ManualAdjust] 旋转增量 RPY=(0.100, 0.000, 0.000)deg
[15:38:26.764] [info] [ManualAdjust] 当前外参 [lidar_front→cam_left]:
[15:38:26.764] [info]   旋转 RPY: (-6.0701, -88.5405, -31.0062) deg
[15:38:26.764] [info]   平移 XYZ: (0.1230, 0.0399, -0.0527) m
[15:38:26.794] [debug] [ManualAdjust] 旋转增量 RPY=(0.100, 0.000, 0.000)deg
[15:38:26.794] [info] [ManualAdjust] 当前外参 [lidar_front→cam_left]:
[15:38:26.794] [info]   旋转 RPY: (-5.9701, -88.5405, -31.0062) deg
[15:38:26.794] [info]   平移 XYZ: (0.1230, 0.0399, -0.0527) m
[15:38:26.824] [debug] [ManualAdjust] 旋转增量 RPY=(0.100, 0.000, 0.000)deg
[15:38:26.824] [info] [ManualAdjust] 当前外参 [lidar_front→cam_left]:
[15:38:26.824] [info]   旋转 RPY: (-5.8701, -88.5405, -31.0062) deg
[15:38:26.824] [info]   平移 XYZ: (0.1230, 0.0399, -0.0527) m
[15:38:26.855] [debug] [ManualAdjust] 旋转增量 RPY=(0.100, 0.000, 0.000)deg
[15:38:26.855] [info] [ManualAdjust] 当前外参 [lidar_front→cam_left]:
[15:38:26.855] [info]   旋转 RPY: (-5.7701, -88.5405, -31.0062) deg
[15:38:26.855] [info]   平移 XYZ: (0.1230, 0.0399, -0.0527) m
[15:38:26.884] [debug] [ManualAdjust] 旋转增量 RPY=(0.100, 0.000, 0.000)deg
[15:38:26.884] [info] [ManualAdjust] 当前外参 [lidar_front→cam_left]:
[15:38:26.884] [info]   旋转 RPY: (-5.6701, -88.5405, -31.0062) deg
[15:38:26.884] [info]   平移 XYZ: (0.1230, 0.0399, -0.0527) m
[15:38:26.915] [debug] [ManualAdjust] 旋转增量 RPY=(0.100, 0.000, 0.000)deg
[15:38:26.915] [info] [ManualAdjust] 当前外参 [lidar_front→cam_left]:
[15:38:26.915] [info]   旋转 RPY: (-5.5701, -88.5405, -31.0062) deg
[15:38:26.915] [info]   平移 XYZ: (0.1230, 0.0399, -0.0527) m
[15:38:26.945] [debug] [ManualAdjust] 旋转增量 RPY=(0.100, 0.000, 0.000)deg
[15:38:26.945] [info] [ManualAdjust] 当前外参 [lidar_front→cam_left]:
[15:38:26.945] [info]   旋转 RPY: (-5.4701, -88.5405, -31.0062) deg
[15:38:26.945] [info]   平移 XYZ: (0.1230, 0.0399, -0.0527) m
[15:38:26.975] [debug] [ManualAdjust] 旋转增量 RPY=(0.100, 0.000, 0.000)deg
[15:38:26.975] [info] [ManualAdjust] 当前外参 [lidar_front→cam_left]:
[15:38:26.975] [info]   旋转 RPY: (-5.3701, -88.5405, -31.0062) deg
[15:38:26.975] [info]   平移 XYZ: (0.1230, 0.0399, -0.0527) m
[15:38:27.004] [debug] [ManualAdjust] 旋转增量 RPY=(0.100, 0.000, 0.000)deg
[15:38:27.004] [info] [ManualAdjust] 当前外参 [lidar_front→cam_left]:
[15:38:27.004] [info]   旋转 RPY: (-5.2701, -88.5405, -31.0062) deg
[15:38:27.004] [info]   平移 XYZ: (0.1230, 0.0399, -0.0527) m
[15:38:27.035] [debug] [ManualAdjust] 旋转增量 RPY=(0.100, 0.000, 0.000)deg
[15:38:27.035] [info] [ManualAdjust] 当前外参 [lidar_front→cam_left]:
[15:38:27.035] [info]   旋转 RPY: (-5.1701, -88.5405, -31.0062) deg
[15:38:27.035] [info]   平移 XYZ: (0.1230, 0.0399, -0.0527) m
[15:38:27.065] [debug] [ManualAdjust] 旋转增量 RPY=(0.100, 0.000, 0.000)deg
[15:38:27.065] [info] [ManualAdjust] 当前外参 [lidar_front→cam_left]:
[15:38:27.065] [info]   旋转 RPY: (-5.0701, -88.5405, -31.0062) deg
[15:38:27.065] [info]   平移 XYZ: (0.1230, 0.0399, -0.0527) m
[15:38:27.094] [debug] [ManualAdjust] 旋转增量 RPY=(0.100, 0.000, 0.000)deg
[15:38:27.094] [info] [ManualAdjust] 当前外参 [lidar_front→cam_left]:
[15:38:27.094] [info]   旋转 RPY: (-4.9701, -88.5405, -31.0062) deg
[15:38:27.094] [info]   平移 XYZ: (0.1230, 0.0399, -0.0527) m
[15:38:27.124] [debug] [ManualAdjust] 旋转增量 RPY=(0.100, 0.000, 0.000)deg
[15:38:27.124] [info] [ManualAdjust] 当前外参 [lidar_front→cam_left]:
[15:38:27.124] [info]   旋转 RPY: (-4.8701, -88.5405, -31.0062) deg
[15:38:27.125] [info]   平移 XYZ: (0.1230, 0.0399, -0.0527) m
[15:38:27.155] [debug] [ManualAdjust] 旋转增量 RPY=(0.100, 0.000, 0.000)deg
[15:38:27.155] [info] [ManualAdjust] 当前外参 [lidar_front→cam_left]:
[15:38:27.155] [info]   旋转 RPY: (-4.7701, -88.5405, -31.0062) deg
[15:38:27.155] [info]   平移 XYZ: (0.1230, 0.0399, -0.0527) m
[15:38:27.185] [debug] [ManualAdjust] 旋转增量 RPY=(0.100, 0.000, 0.000)deg
[15:38:27.185] [info] [ManualAdjust] 当前外参 [lidar_front→cam_left]:
[15:38:27.185] [info]   旋转 RPY: (-4.6701, -88.5405, -31.0062) deg
[15:38:27.185] [info]   平移 XYZ: (0.1230, 0.0399, -0.0527) m
[15:38:27.216] [debug] [ManualAdjust] 旋转增量 RPY=(0.100, 0.000, 0.000)deg
[15:38:27.216] [info] [ManualAdjust] 当前外参 [lidar_front→cam_left]:
[15:38:27.216] [info]   旋转 RPY: (-4.5701, -88.5405, -31.0062) deg
[15:38:27.216] [info]   平移 XYZ: (0.1230, 0.0399, -0.0527) m
[15:38:27.246] [debug] [ManualAdjust] 旋转增量 RPY=(0.100, 0.000, 0.000)deg
[15:38:27.246] [info] [ManualAdjust] 当前外参 [lidar_front→cam_left]:
[15:38:27.246] [info]   旋转 RPY: (-4.4701, -88.5405, -31.0062) deg
[15:38:27.246] [info]   平移 XYZ: (0.1230, 0.0399, -0.0527) m
[15:38:27.276] [debug] [ManualAdjust] 旋转增量 RPY=(0.100, 0.000, 0.000)deg
[15:38:27.276] [info] [ManualAdjust] 当前外参 [lidar_front→cam_left]:
[15:38:27.276] [info]   旋转 RPY: (-4.3701, -88.5405, -31.0062) deg
[15:38:27.276] [info]   平移 XYZ: (0.1230, 0.0399, -0.0527) m
[15:38:27.306] [debug] [ManualAdjust] 旋转增量 RPY=(0.100, 0.000, 0.000)deg
[15:38:27.306] [info] [ManualAdjust] 当前外参 [lidar_front→cam_left]:
[15:38:27.306] [info]   旋转 RPY: (-4.2701, -88.5405, -31.0062) deg
[15:38:27.306] [info]   平移 XYZ: (0.1230, 0.0399, -0.0527) m
[15:38:27.337] [debug] [ManualAdjust] 旋转增量 RPY=(0.100, 0.000, 0.000)deg
[15:38:27.337] [info] [ManualAdjust] 当前外参 [lidar_front→cam_left]:
[15:38:27.337] [info]   旋转 RPY: (-4.1701, -88.5405, -31.0062) deg
[15:38:27.337] [info]   平移 XYZ: (0.1230, 0.0399, -0.0527) m
[15:38:27.367] [debug] [ManualAdjust] 旋转增量 RPY=(0.100, 0.000, 0.000)deg
[15:38:27.367] [info] [ManualAdjust] 当前外参 [lidar_front→cam_left]:
[15:38:27.367] [info]   旋转 RPY: (-4.0701, -88.5405, -31.0062) deg
[15:38:27.367] [info]   平移 XYZ: (0.1230, 0.0399, -0.0527) m
[15:38:27.397] [debug] [ManualAdjust] 旋转增量 RPY=(0.100, 0.000, 0.000)deg
[15:38:27.397] [info] [ManualAdjust] 当前外参 [lidar_front→cam_left]:
[15:38:27.397] [info]   旋转 RPY: (-3.9701, -88.5405, -31.0062) deg
[15:38:27.397] [info]   平移 XYZ: (0.1230, 0.0399, -0.0527) m
[15:38:27.428] [debug] [ManualAdjust] 旋转增量 RPY=(0.100, 0.000, 0.000)deg
[15:38:27.428] [info] [ManualAdjust] 当前外参 [lidar_front→cam_left]:
[15:38:27.428] [info]   旋转 RPY: (-3.8701, -88.5405, -31.0062) deg
[15:38:27.428] [info]   平移 XYZ: (0.1230, 0.0399, -0.0527) m
[15:38:27.457] [debug] [ManualAdjust] 旋转增量 RPY=(0.100, 0.000, 0.000)deg
[15:38:27.457] [info] [ManualAdjust] 当前外参 [lidar_front→cam_left]:
[15:38:27.457] [info]   旋转 RPY: (-3.7701, -88.5405, -31.0062) deg
[15:38:27.457] [info]   平移 XYZ: (0.1230, 0.0399, -0.0527) m
[15:38:27.487] [debug] [ManualAdjust] 旋转增量 RPY=(0.100, 0.000, 0.000)deg
[15:38:27.487] [info] [ManualAdjust] 当前外参 [lidar_front→cam_left]:
[15:38:27.487] [info]   旋转 RPY: (-3.6701, -88.5405, -31.0062) deg
[15:38:27.487] [info]   平移 XYZ: (0.1230, 0.0399, -0.0527) m
[15:38:27.518] [debug] [ManualAdjust] 旋转增量 RPY=(0.100, 0.000, 0.000)deg
[15:38:27.518] [info] [ManualAdjust] 当前外参 [lidar_front→cam_left]:
[15:38:27.518] [info]   旋转 RPY: (-3.5701, -88.5405, -31.0062) deg
[15:38:27.518] [info]   平移 XYZ: (0.1230, 0.0399, -0.0527) m
[15:38:27.548] [debug] [ManualAdjust] 旋转增量 RPY=(0.100, 0.000, 0.000)deg
[15:38:27.548] [info] [ManualAdjust] 当前外参 [lidar_front→cam_left]:
[15:38:27.548] [info]   旋转 RPY: (-3.4701, -88.5405, -31.0062) deg
[15:38:27.548] [info]   平移 XYZ: (0.1230, 0.0399, -0.0527) m
[15:38:27.579] [debug] [ManualAdjust] 旋转增量 RPY=(0.100, 0.000, 0.000)deg
[15:38:27.579] [info] [ManualAdjust] 当前外参 [lidar_front→cam_left]:
[15:38:27.579] [info]   旋转 RPY: (-3.3701, -88.5405, -31.0062) deg
[15:38:27.579] [info]   平移 XYZ: (0.1230, 0.0399, -0.0527) m
[15:38:27.609] [debug] [ManualAdjust] 旋转增量 RPY=(0.100, 0.000, 0.000)deg
[15:38:27.609] [info] [ManualAdjust] 当前外参 [lidar_front→cam_left]:
[15:38:27.609] [info]   旋转 RPY: (-3.2701, -88.5405, -31.0062) deg
[15:38:27.609] [info]   平移 XYZ: (0.1230, 0.0399, -0.0527) m
[15:38:27.640] [debug] [ManualAdjust] 旋转增量 RPY=(0.100, 0.000, 0.000)deg
[15:38:27.640] [info] [ManualAdjust] 当前外参 [lidar_front→cam_left]:
[15:38:27.640] [info]   旋转 RPY: (-3.1701, -88.5405, -31.0062) deg
[15:38:27.640] [info]   平移 XYZ: (0.1230, 0.0399, -0.0527) m
[15:38:27.670] [debug] [ManualAdjust] 旋转增量 RPY=(0.100, 0.000, 0.000)deg
[15:38:27.670] [info] [ManualAdjust] 当前外参 [lidar_front→cam_left]:
[15:38:27.670] [info]   旋转 RPY: (-3.0701, -88.5405, -31.0062) deg
[15:38:27.670] [info]   平移 XYZ: (0.1230, 0.0399, -0.0527) m
[15:38:27.700] [debug] [ManualAdjust] 旋转增量 RPY=(0.100, 0.000, 0.000)deg
[15:38:27.700] [info] [ManualAdjust] 当前外参 [lidar_front→cam_left]:
[15:38:27.700] [info]   旋转 RPY: (-2.9701, -88.5405, -31.0062) deg
[15:38:27.700] [info]   平移 XYZ: (0.1230, 0.0399, -0.0527) m
[15:38:27.731] [debug] [ManualAdjust] 旋转增量 RPY=(0.100, 0.000, 0.000)deg
[15:38:27.731] [info] [ManualAdjust] 当前外参 [lidar_front→cam_left]:
[15:38:27.731] [info]   旋转 RPY: (-2.8701, -88.5405, -31.0062) deg
[15:38:27.731] [info]   平移 XYZ: (0.1230, 0.0399, -0.0527) m
[15:38:27.761] [debug] [ManualAdjust] 旋转增量 RPY=(0.100, 0.000, 0.000)deg
[15:38:27.761] [info] [ManualAdjust] 当前外参 [lidar_front→cam_left]:
[15:38:27.761] [info]   旋转 RPY: (-2.7701, -88.5405, -31.0062) deg
[15:38:27.761] [info]   平移 XYZ: (0.1230, 0.0399, -0.0527) m
[15:38:27.790] [debug] [ManualAdjust] 旋转增量 RPY=(0.100, 0.000, 0.000)deg
[15:38:27.790] [info] [ManualAdjust] 当前外参 [lidar_front→cam_left]:
[15:38:27.790] [info]   旋转 RPY: (-2.6701, -88.5405, -31.0062) deg
[15:38:27.790] [info]   平移 XYZ: (0.1230, 0.0399, -0.0527) m
[15:38:27.821] [debug] [ManualAdjust] 旋转增量 RPY=(0.100, 0.000, 0.000)deg
[15:38:27.821] [info] [ManualAdjust] 当前外参 [lidar_front→cam_left]:
[15:38:27.821] [info]   旋转 RPY: (-2.5701, -88.5405, -31.0062) deg
[15:38:27.821] [info]   平移 XYZ: (0.1230, 0.0399, -0.0527) m
[15:38:27.851] [debug] [ManualAdjust] 旋转增量 RPY=(0.100, 0.000, 0.000)deg
[15:38:27.851] [info] [ManualAdjust] 当前外参 [lidar_front→cam_left]:
[15:38:27.851] [info]   旋转 RPY: (-2.4701, -88.5405, -31.0062) deg
[15:38:27.851] [info]   平移 XYZ: (0.1230, 0.0399, -0.0527) m
[15:38:27.882] [debug] [ManualAdjust] 旋转增量 RPY=(0.100, 0.000, 0.000)deg
[15:38:27.882] [info] [ManualAdjust] 当前外参 [lidar_front→cam_left]:
[15:38:27.882] [info]   旋转 RPY: (-2.3701, -88.5405, -31.0062) deg
[15:38:27.882] [info]   平移 XYZ: (0.1230, 0.0399, -0.0527) m
[15:38:27.913] [debug] [ManualAdjust] 旋转增量 RPY=(0.100, 0.000, 0.000)deg
[15:38:27.913] [info] [ManualAdjust] 当前外参 [lidar_front→cam_left]:
[15:38:27.913] [info]   旋转 RPY: (-2.2701, -88.5405, -31.0062) deg
[15:38:27.913] [info]   平移 XYZ: (0.1230, 0.0399, -0.0527) m
[15:38:27.942] [debug] [ManualAdjust] 旋转增量 RPY=(0.100, 0.000, 0.000)deg
[15:38:27.942] [info] [ManualAdjust] 当前外参 [lidar_front→cam_left]:
[15:38:27.942] [info]   旋转 RPY: (-2.1701, -88.5405, -31.0062) deg
[15:38:27.942] [info]   平移 XYZ: (0.1230, 0.0399, -0.0527) m
[15:38:27.973] [debug] [ManualAdjust] 旋转增量 RPY=(0.100, 0.000, 0.000)deg
[15:38:27.973] [info] [ManualAdjust] 当前外参 [lidar_front→cam_left]:
[15:38:27.973] [info]   旋转 RPY: (-2.0701, -88.5405, -31.0062) deg
[15:38:27.973] [info]   平移 XYZ: (0.1230, 0.0399, -0.0527) m
[15:38:28.002] [debug] [ManualAdjust] 旋转增量 RPY=(0.100, 0.000, 0.000)deg
[15:38:28.002] [info] [ManualAdjust] 当前外参 [lidar_front→cam_left]:
[15:38:28.002] [info]   旋转 RPY: (-1.9701, -88.5405, -31.0062) deg
[15:38:28.002] [info]   平移 XYZ: (0.1230, 0.0399, -0.0527) m
[15:38:28.032] [debug] [ManualAdjust] 旋转增量 RPY=(0.100, 0.000, 0.000)deg
[15:38:28.032] [info] [ManualAdjust] 当前外参 [lidar_front→cam_left]:
[15:38:28.032] [info]   旋转 RPY: (-1.8701, -88.5405, -31.0062) deg
[15:38:28.032] [info]   平移 XYZ: (0.1230, 0.0399, -0.0527) m
[15:38:28.062] [debug] [ManualAdjust] 旋转增量 RPY=(0.100, 0.000, 0.000)deg
[15:38:28.062] [info] [ManualAdjust] 当前外参 [lidar_front→cam_left]:
[15:38:28.062] [info]   旋转 RPY: (-1.7701, -88.5405, -31.0062) deg
[15:38:28.062] [info]   平移 XYZ: (0.1230, 0.0399, -0.0527) m
[15:38:28.093] [debug] [ManualAdjust] 旋转增量 RPY=(0.100, 0.000, 0.000)deg
[15:38:28.093] [info] [ManualAdjust] 当前外参 [lidar_front→cam_left]:
[15:38:28.093] [info]   旋转 RPY: (-1.6701, -88.5405, -31.0062) deg
[15:38:28.093] [info]   平移 XYZ: (0.1230, 0.0399, -0.0527) m
[15:38:28.123] [debug] [ManualAdjust] 旋转增量 RPY=(0.100, 0.000, 0.000)deg
[15:38:28.123] [info] [ManualAdjust] 当前外参 [lidar_front→cam_left]:
[15:38:28.123] [info]   旋转 RPY: (-1.5701, -88.5405, -31.0062) deg
[15:38:28.123] [info]   平移 XYZ: (0.1230, 0.0399, -0.0527) m
[15:38:28.153] [debug] [ManualAdjust] 旋转增量 RPY=(0.100, 0.000, 0.000)deg
[15:38:28.153] [info] [ManualAdjust] 当前外参 [lidar_front→cam_left]:
[15:38:28.153] [info]   旋转 RPY: (-1.4701, -88.5405, -31.0062) deg
[15:38:28.153] [info]   平移 XYZ: (0.1230, 0.0399, -0.0527) m
[15:38:28.183] [debug] [ManualAdjust] 旋转增量 RPY=(0.100, 0.000, 0.000)deg
[15:38:28.183] [info] [ManualAdjust] 当前外参 [lidar_front→cam_left]:
[15:38:28.183] [info]   旋转 RPY: (-1.3701, -88.5405, -31.0062) deg
[15:38:28.183] [info]   平移 XYZ: (0.1230, 0.0399, -0.0527) m
[15:38:28.214] [debug] [ManualAdjust] 旋转增量 RPY=(0.100, 0.000, 0.000)deg
[15:38:28.214] [info] [ManualAdjust] 当前外参 [lidar_front→cam_left]:
[15:38:28.214] [info]   旋转 RPY: (-1.2701, -88.5405, -31.0062) deg
[15:38:28.214] [info]   平移 XYZ: (0.1230, 0.0399, -0.0527) m
[15:38:28.244] [debug] [ManualAdjust] 旋转增量 RPY=(0.100, 0.000, 0.000)deg
[15:38:28.244] [info] [ManualAdjust] 当前外参 [lidar_front→cam_left]:
[15:38:28.244] [info]   旋转 RPY: (-1.1701, -88.5405, -31.0062) deg
[15:38:28.244] [info]   平移 XYZ: (0.1230, 0.0399, -0.0527) m
[15:38:28.273] [debug] [ManualAdjust] 旋转增量 RPY=(0.100, 0.000, 0.000)deg
[15:38:28.273] [info] [ManualAdjust] 当前外参 [lidar_front→cam_left]:
[15:38:28.273] [info]   旋转 RPY: (-1.0701, -88.5405, -31.0062) deg
[15:38:28.273] [info]   平移 XYZ: (0.1230, 0.0399, -0.0527) m
[15:38:28.304] [debug] [ManualAdjust] 旋转增量 RPY=(0.100, 0.000, 0.000)deg
[15:38:28.304] [info] [ManualAdjust] 当前外参 [lidar_front→cam_left]:
[15:38:28.304] [info]   旋转 RPY: (-0.9701, -88.5405, -31.0062) deg
[15:38:28.304] [info]   平移 XYZ: (0.1230, 0.0399, -0.0527) m
[15:38:28.335] [debug] [ManualAdjust] 旋转增量 RPY=(0.100, 0.000, 0.000)deg
[15:38:28.335] [info] [ManualAdjust] 当前外参 [lidar_front→cam_left]:
[15:38:28.335] [info]   旋转 RPY: (-0.8701, -88.5405, -31.0062) deg
[15:38:28.335] [info]   平移 XYZ: (0.1230, 0.0399, -0.0527) m
[15:38:28.365] [debug] [ManualAdjust] 旋转增量 RPY=(0.100, 0.000, 0.000)deg
[15:38:28.365] [info] [ManualAdjust] 当前外参 [lidar_front→cam_left]:
[15:38:28.365] [info]   旋转 RPY: (-0.7701, -88.5405, -31.0062) deg
[15:38:28.365] [info]   平移 XYZ: (0.1230, 0.0399, -0.0527) m
[15:38:28.395] [debug] [ManualAdjust] 旋转增量 RPY=(0.100, 0.000, 0.000)deg
[15:38:28.395] [info] [ManualAdjust] 当前外参 [lidar_front→cam_left]:
[15:38:28.395] [info]   旋转 RPY: (-0.6701, -88.5405, -31.0062) deg
[15:38:28.395] [info]   平移 XYZ: (0.1230, 0.0399, -0.0527) m
[15:38:28.425] [debug] [ManualAdjust] 旋转增量 RPY=(0.100, 0.000, 0.000)deg
[15:38:28.425] [info] [ManualAdjust] 当前外参 [lidar_front→cam_left]:
[15:38:28.425] [info]   旋转 RPY: (-0.5701, -88.5405, -31.0062) deg
[15:38:28.425] [info]   平移 XYZ: (0.1230, 0.0399, -0.0527) m
[15:38:28.455] [debug] [ManualAdjust] 旋转增量 RPY=(0.100, 0.000, 0.000)deg
[15:38:28.455] [info] [ManualAdjust] 当前外参 [lidar_front→cam_left]:
[15:38:28.455] [info]   旋转 RPY: (-0.4701, -88.5405, -31.0062) deg
[15:38:28.455] [info]   平移 XYZ: (0.1230, 0.0399, -0.0527) m
[15:38:28.485] [debug] [ManualAdjust] 旋转增量 RPY=(0.100, 0.000, 0.000)deg
[15:38:28.485] [info] [ManualAdjust] 当前外参 [lidar_front→cam_left]:
[15:38:28.485] [info]   旋转 RPY: (-0.3701, -88.5405, -31.0062) deg
[15:38:28.485] [info]   平移 XYZ: (0.1230, 0.0399, -0.0527) m
[15:38:28.516] [debug] [ManualAdjust] 旋转增量 RPY=(0.100, 0.000, 0.000)deg
[15:38:28.516] [info] [ManualAdjust] 当前外参 [lidar_front→cam_left]:
[15:38:28.516] [info]   旋转 RPY: (-0.2701, -88.5405, -31.0062) deg
[15:38:28.516] [info]   平移 XYZ: (0.1230, 0.0399, -0.0527) m
[15:38:28.544] [debug] [ManualAdjust] 旋转增量 RPY=(0.100, 0.000, 0.000)deg
[15:38:28.544] [info] [ManualAdjust] 当前外参 [lidar_front→cam_left]:
[15:38:28.544] [info]   旋转 RPY: (-0.1701, -88.5405, -31.0062) deg
[15:38:28.544] [info]   平移 XYZ: (0.1230, 0.0399, -0.0527) m
[15:38:28.575] [debug] [ManualAdjust] 旋转增量 RPY=(0.100, 0.000, 0.000)deg
[15:38:28.575] [info] [ManualAdjust] 当前外参 [lidar_front→cam_left]:
[15:38:28.575] [info]   旋转 RPY: (-0.0701, -88.5405, -31.0062) deg
[15:38:28.575] [info]   平移 XYZ: (0.1230, 0.0399, -0.0527) m
[15:38:28.606] [debug] [ManualAdjust] 旋转增量 RPY=(0.100, 0.000, 0.000)deg
[15:38:28.606] [info] [ManualAdjust] 当前外参 [lidar_front→cam_left]:
[15:38:28.606] [info]   旋转 RPY: (0.0299, -88.5405, -31.0062) deg
[15:38:28.606] [info]   平移 XYZ: (0.1230, 0.0399, -0.0527) m
[15:38:28.636] [debug] [ManualAdjust] 旋转增量 RPY=(0.100, 0.000, 0.000)deg
[15:38:28.636] [info] [ManualAdjust] 当前外参 [lidar_front→cam_left]:
[15:38:28.636] [info]   旋转 RPY: (0.1299, -88.5405, -31.0062) deg
[15:38:28.636] [info]   平移 XYZ: (0.1230, 0.0399, -0.0527) m
[15:38:28.666] [debug] [ManualAdjust] 旋转增量 RPY=(0.100, 0.000, 0.000)deg
[15:38:28.666] [info] [ManualAdjust] 当前外参 [lidar_front→cam_left]:
[15:38:28.666] [info]   旋转 RPY: (0.2299, -88.5405, -31.0062) deg
[15:38:28.666] [info]   平移 XYZ: (0.1230, 0.0399, -0.0527) m
[15:38:28.695] [debug] [ManualAdjust] 旋转增量 RPY=(0.100, 0.000, 0.000)deg
[15:38:28.695] [info] [ManualAdjust] 当前外参 [lidar_front→cam_left]:
[15:38:28.695] [info]   旋转 RPY: (0.3299, -88.5405, -31.0062) deg
[15:38:28.695] [info]   平移 XYZ: (0.1230, 0.0399, -0.0527) m
[15:38:28.726] [debug] [ManualAdjust] 旋转增量 RPY=(0.100, 0.000, 0.000)deg
[15:38:28.726] [info] [ManualAdjust] 当前外参 [lidar_front→cam_left]:
[15:38:28.726] [info]   旋转 RPY: (0.4299, -88.5405, -31.0062) deg
[15:38:28.726] [info]   平移 XYZ: (0.1230, 0.0399, -0.0527) m
[15:38:28.756] [debug] [ManualAdjust] 旋转增量 RPY=(0.100, 0.000, 0.000)deg
[15:38:28.756] [info] [ManualAdjust] 当前外参 [lidar_front→cam_left]:
[15:38:28.756] [info]   旋转 RPY: (0.5299, -88.5405, -31.0062) deg
[15:38:28.756] [info]   平移 XYZ: (0.1230, 0.0399, -0.0527) m
[15:38:28.786] [debug] [ManualAdjust] 旋转增量 RPY=(0.100, 0.000, 0.000)deg
[15:38:28.786] [info] [ManualAdjust] 当前外参 [lidar_front→cam_left]:
[15:38:28.786] [info]   旋转 RPY: (0.6299, -88.5405, -31.0062) deg
[15:38:28.786] [info]   平移 XYZ: (0.1230, 0.0399, -0.0527) m
[15:38:28.817] [debug] [ManualAdjust] 旋转增量 RPY=(0.100, 0.000, 0.000)deg
[15:38:28.817] [info] [ManualAdjust] 当前外参 [lidar_front→cam_left]:
[15:38:28.817] [info]   旋转 RPY: (0.7299, -88.5405, -31.0062) deg
[15:38:28.817] [info]   平移 XYZ: (0.1230, 0.0399, -0.0527) m
[15:38:28.847] [debug] [ManualAdjust] 旋转增量 RPY=(0.100, 0.000, 0.000)deg
[15:38:28.847] [info] [ManualAdjust] 当前外参 [lidar_front→cam_left]:
[15:38:28.847] [info]   旋转 RPY: (0.8299, -88.5405, -31.0062) deg
[15:38:28.847] [info]   平移 XYZ: (0.1230, 0.0399, -0.0527) m
[15:38:28.876] [debug] [ManualAdjust] 旋转增量 RPY=(0.100, 0.000, 0.000)deg
[15:38:28.876] [info] [ManualAdjust] 当前外参 [lidar_front→cam_left]:
[15:38:28.876] [info]   旋转 RPY: (0.9299, -88.5405, -31.0062) deg
[15:38:28.876] [info]   平移 XYZ: (0.1230, 0.0399, -0.0527) m
[15:38:28.906] [debug] [ManualAdjust] 旋转增量 RPY=(0.100, 0.000, 0.000)deg
[15:38:28.906] [info] [ManualAdjust] 当前外参 [lidar_front→cam_left]:
[15:38:28.906] [info]   旋转 RPY: (1.0299, -88.5405, -31.0062) deg
[15:38:28.906] [info]   平移 XYZ: (0.1230, 0.0399, -0.0527) m
[15:38:28.937] [debug] [ManualAdjust] 旋转增量 RPY=(0.100, 0.000, 0.000)deg
[15:38:28.937] [info] [ManualAdjust] 当前外参 [lidar_front→cam_left]:
[15:38:28.937] [info]   旋转 RPY: (1.1299, -88.5405, -31.0062) deg
[15:38:28.937] [info]   平移 XYZ: (0.1230, 0.0399, -0.0527) m
[15:38:28.967] [debug] [ManualAdjust] 旋转增量 RPY=(0.100, 0.000, 0.000)deg
[15:38:28.967] [info] [ManualAdjust] 当前外参 [lidar_front→cam_left]:
[15:38:28.967] [info]   旋转 RPY: (1.2299, -88.5405, -31.0062) deg
[15:38:28.967] [info]   平移 XYZ: (0.1230, 0.0399, -0.0527) m
[15:38:28.996] [debug] [ManualAdjust] 旋转增量 RPY=(0.100, 0.000, 0.000)deg
[15:38:28.996] [info] [ManualAdjust] 当前外参 [lidar_front→cam_left]:
[15:38:28.996] [info]   旋转 RPY: (1.3299, -88.5405, -31.0062) deg
[15:38:28.996] [info]   平移 XYZ: (0.1230, 0.0399, -0.0527) m
[15:38:29.027] [debug] [ManualAdjust] 旋转增量 RPY=(0.100, 0.000, 0.000)deg
[15:38:29.027] [info] [ManualAdjust] 当前外参 [lidar_front→cam_left]:
[15:38:29.027] [info]   旋转 RPY: (1.4299, -88.5405, -31.0062) deg
[15:38:29.027] [info]   平移 XYZ: (0.1230, 0.0399, -0.0527) m
[15:38:29.057] [debug] [ManualAdjust] 旋转增量 RPY=(0.100, 0.000, 0.000)deg
[15:38:29.057] [info] [ManualAdjust] 当前外参 [lidar_front→cam_left]:
[15:38:29.057] [info]   旋转 RPY: (1.5299, -88.5405, -31.0062) deg
[15:38:29.057] [info]   平移 XYZ: (0.1230, 0.0399, -0.0527) m
[15:38:29.086] [debug] [ManualAdjust] 旋转增量 RPY=(0.100, 0.000, 0.000)deg
[15:38:29.086] [info] [ManualAdjust] 当前外参 [lidar_front→cam_left]:
[15:38:29.086] [info]   旋转 RPY: (1.6299, -88.5405, -31.0062) deg
[15:38:29.086] [info]   平移 XYZ: (0.1230, 0.0399, -0.0527) m
[15:38:29.117] [debug] [ManualAdjust] 旋转增量 RPY=(0.100, 0.000, 0.000)deg
[15:38:29.117] [info] [ManualAdjust] 当前外参 [lidar_front→cam_left]:
[15:38:29.117] [info]   旋转 RPY: (1.7299, -88.5405, -31.0062) deg
[15:38:29.117] [info]   平移 XYZ: (0.1230, 0.0399, -0.0527) m
[15:38:29.147] [debug] [ManualAdjust] 旋转增量 RPY=(0.100, 0.000, 0.000)deg
[15:38:29.147] [info] [ManualAdjust] 当前外参 [lidar_front→cam_left]:
[15:38:29.147] [info]   旋转 RPY: (1.8299, -88.5405, -31.0062) deg
[15:38:29.147] [info]   平移 XYZ: (0.1230, 0.0399, -0.0527) m
[15:38:29.175] [debug] [ManualAdjust] 旋转增量 RPY=(0.100, 0.000, 0.000)deg
[15:38:29.175] [info] [ManualAdjust] 当前外参 [lidar_front→cam_left]:
[15:38:29.175] [info]   旋转 RPY: (1.9299, -88.5405, -31.0062) deg
[15:38:29.175] [info]   平移 XYZ: (0.1230, 0.0399, -0.0527) m
[15:38:29.207] [debug] [ManualAdjust] 旋转增量 RPY=(0.100, 0.000, 0.000)deg
[15:38:29.207] [info] [ManualAdjust] 当前外参 [lidar_front→cam_left]:
[15:38:29.207] [info]   旋转 RPY: (2.0299, -88.5405, -31.0062) deg
[15:38:29.207] [info]   平移 XYZ: (0.1230, 0.0399, -0.0527) m
[15:38:29.238] [debug] [ManualAdjust] 旋转增量 RPY=(0.100, 0.000, 0.000)deg
[15:38:29.238] [info] [ManualAdjust] 当前外参 [lidar_front→cam_left]:
[15:38:29.238] [info]   旋转 RPY: (2.1299, -88.5405, -31.0062) deg
[15:38:29.238] [info]   平移 XYZ: (0.1230, 0.0399, -0.0527) m
[15:38:29.268] [debug] [ManualAdjust] 旋转增量 RPY=(0.100, 0.000, 0.000)deg
[15:38:29.268] [info] [ManualAdjust] 当前外参 [lidar_front→cam_left]:
[15:38:29.268] [info]   旋转 RPY: (2.2299, -88.5405, -31.0062) deg
[15:38:29.268] [info]   平移 XYZ: (0.1230, 0.0399, -0.0527) m
[15:38:29.298] [debug] [ManualAdjust] 旋转增量 RPY=(0.100, 0.000, 0.000)deg
[15:38:29.299] [info] [ManualAdjust] 当前外参 [lidar_front→cam_left]:
[15:38:29.299] [info]   旋转 RPY: (2.3299, -88.5405, -31.0062) deg
[15:38:29.299] [info]   平移 XYZ: (0.1230, 0.0399, -0.0527) m
[15:38:29.328] [debug] [ManualAdjust] 旋转增量 RPY=(0.100, 0.000, 0.000)deg
[15:38:29.328] [info] [ManualAdjust] 当前外参 [lidar_front→cam_left]:
[15:38:29.328] [info]   旋转 RPY: (2.4299, -88.5405, -31.0062) deg
[15:38:29.328] [info]   平移 XYZ: (0.1230, 0.0399, -0.0527) m
[15:38:29.359] [debug] [ManualAdjust] 旋转增量 RPY=(0.100, 0.000, 0.000)deg
[15:38:29.359] [info] [ManualAdjust] 当前外参 [lidar_front→cam_left]:
[15:38:29.359] [info]   旋转 RPY: (2.5299, -88.5405, -31.0062) deg
[15:38:29.359] [info]   平移 XYZ: (0.1230, 0.0399, -0.0527) m
[15:38:29.389] [debug] [ManualAdjust] 旋转增量 RPY=(0.100, 0.000, 0.000)deg
[15:38:29.389] [info] [ManualAdjust] 当前外参 [lidar_front→cam_left]:
[15:38:29.389] [info]   旋转 RPY: (2.6299, -88.5405, -31.0062) deg
[15:38:29.389] [info]   平移 XYZ: (0.1230, 0.0399, -0.0527) m
[15:38:29.419] [debug] [ManualAdjust] 旋转增量 RPY=(0.100, 0.000, 0.000)deg
[15:38:29.419] [info] [ManualAdjust] 当前外参 [lidar_front→cam_left]:
[15:38:29.419] [info]   旋转 RPY: (2.7299, -88.5405, -31.0062) deg
[15:38:29.419] [info]   平移 XYZ: (0.1230, 0.0399, -0.0527) m
[15:38:29.448] [debug] [ManualAdjust] 旋转增量 RPY=(0.100, 0.000, 0.000)deg
[15:38:29.448] [info] [ManualAdjust] 当前外参 [lidar_front→cam_left]:
[15:38:29.448] [info]   旋转 RPY: (2.8299, -88.5405, -31.0062) deg
[15:38:29.448] [info]   平移 XYZ: (0.1230, 0.0399, -0.0527) m
[15:38:29.478] [debug] [ManualAdjust] 旋转增量 RPY=(0.100, 0.000, 0.000)deg
[15:38:29.478] [info] [ManualAdjust] 当前外参 [lidar_front→cam_left]:
[15:38:29.478] [info]   旋转 RPY: (2.9299, -88.5405, -31.0062) deg
[15:38:29.478] [info]   平移 XYZ: (0.1230, 0.0399, -0.0527) m
[15:38:29.508] [debug] [ManualAdjust] 旋转增量 RPY=(0.100, 0.000, 0.000)deg
[15:38:29.508] [info] [ManualAdjust] 当前外参 [lidar_front→cam_left]:
[15:38:29.508] [info]   旋转 RPY: (3.0299, -88.5405, -31.0062) deg
[15:38:29.508] [info]   平移 XYZ: (0.1230, 0.0399, -0.0527) m
[15:38:29.538] [debug] [ManualAdjust] 旋转增量 RPY=(0.100, 0.000, 0.000)deg
[15:38:29.538] [info] [ManualAdjust] 当前外参 [lidar_front→cam_left]:
[15:38:29.538] [info]   旋转 RPY: (3.1299, -88.5405, -31.0062) deg
[15:38:29.538] [info]   平移 XYZ: (0.1230, 0.0399, -0.0527) m
[15:38:29.569] [debug] [ManualAdjust] 旋转增量 RPY=(0.100, 0.000, 0.000)deg
[15:38:29.569] [info] [ManualAdjust] 当前外参 [lidar_front→cam_left]:
[15:38:29.569] [info]   旋转 RPY: (3.2299, -88.5405, -31.0062) deg
[15:38:29.569] [info]   平移 XYZ: (0.1230, 0.0399, -0.0527) m
[15:38:29.599] [debug] [ManualAdjust] 旋转增量 RPY=(0.100, 0.000, 0.000)deg
[15:38:29.599] [info] [ManualAdjust] 当前外参 [lidar_front→cam_left]:
[15:38:29.599] [info]   旋转 RPY: (3.3299, -88.5405, -31.0062) deg
[15:38:29.599] [info]   平移 XYZ: (0.1230, 0.0399, -0.0527) m
[15:38:29.629] [debug] [ManualAdjust] 旋转增量 RPY=(0.100, 0.000, 0.000)deg
[15:38:29.629] [info] [ManualAdjust] 当前外参 [lidar_front→cam_left]:
[15:38:29.629] [info]   旋转 RPY: (3.4299, -88.5405, -31.0062) deg
[15:38:29.629] [info]   平移 XYZ: (0.1230, 0.0399, -0.0527) m
[15:38:29.660] [debug] [ManualAdjust] 旋转增量 RPY=(0.100, 0.000, 0.000)deg
[15:38:29.660] [info] [ManualAdjust] 当前外参 [lidar_front→cam_left]:
[15:38:29.660] [info]   旋转 RPY: (3.5299, -88.5405, -31.0062) deg
[15:38:29.660] [info]   平移 XYZ: (0.1230, 0.0399, -0.0527) m
[15:38:29.690] [debug] [ManualAdjust] 旋转增量 RPY=(0.100, 0.000, 0.000)deg
[15:38:29.690] [info] [ManualAdjust] 当前外参 [lidar_front→cam_left]:
[15:38:29.690] [info]   旋转 RPY: (3.6299, -88.5405, -31.0062) deg
[15:38:29.690] [info]   平移 XYZ: (0.1230, 0.0399, -0.0527) m
[15:38:29.720] [debug] [ManualAdjust] 旋转增量 RPY=(0.100, 0.000, 0.000)deg
[15:38:29.721] [info] [ManualAdjust] 当前外参 [lidar_front→cam_left]:
[15:38:29.721] [info]   旋转 RPY: (3.7299, -88.5405, -31.0062) deg
[15:38:29.721] [info]   平移 XYZ: (0.1230, 0.0399, -0.0527) m
[15:38:29.750] [debug] [ManualAdjust] 旋转增量 RPY=(0.100, 0.000, 0.000)deg
[15:38:29.750] [info] [ManualAdjust] 当前外参 [lidar_front→cam_left]:
[15:38:29.750] [info]   旋转 RPY: (3.8299, -88.5405, -31.0062) deg
[15:38:29.750] [info]   平移 XYZ: (0.1230, 0.0399, -0.0527) m
[15:38:29.782] [debug] [ManualAdjust] 旋转增量 RPY=(0.100, 0.000, 0.000)deg
[15:38:29.782] [info] [ManualAdjust] 当前外参 [lidar_front→cam_left]:
[15:38:29.782] [info]   旋转 RPY: (3.9299, -88.5405, -31.0062) deg
[15:38:29.782] [info]   平移 XYZ: (0.1230, 0.0399, -0.0527) m
[15:38:29.811] [debug] [ManualAdjust] 旋转增量 RPY=(0.100, 0.000, 0.000)deg
[15:38:29.811] [info] [ManualAdjust] 当前外参 [lidar_front→cam_left]:
[15:38:29.811] [info]   旋转 RPY: (4.0299, -88.5405, -31.0062) deg
[15:38:29.811] [info]   平移 XYZ: (0.1230, 0.0399, -0.0527) m
[15:38:29.842] [debug] [ManualAdjust] 旋转增量 RPY=(0.100, 0.000, 0.000)deg
[15:38:29.842] [info] [ManualAdjust] 当前外参 [lidar_front→cam_left]:
[15:38:29.842] [info]   旋转 RPY: (4.1299, -88.5405, -31.0062) deg
[15:38:29.842] [info]   平移 XYZ: (0.1230, 0.0399, -0.0527) m
[15:38:29.872] [debug] [ManualAdjust] 旋转增量 RPY=(0.100, 0.000, 0.000)deg
[15:38:29.872] [info] [ManualAdjust] 当前外参 [lidar_front→cam_left]:
[15:38:29.872] [info]   旋转 RPY: (4.2299, -88.5405, -31.0062) deg
[15:38:29.872] [info]   平移 XYZ: (0.1230, 0.0399, -0.0527) m
[15:38:29.901] [debug] [ManualAdjust] 旋转增量 RPY=(0.100, 0.000, 0.000)deg
[15:38:29.901] [info] [ManualAdjust] 当前外参 [lidar_front→cam_left]:
[15:38:29.901] [info]   旋转 RPY: (4.3299, -88.5405, -31.0062) deg
[15:38:29.901] [info]   平移 XYZ: (0.1230, 0.0399, -0.0527) m
[15:38:29.931] [debug] [ManualAdjust] 旋转增量 RPY=(0.100, 0.000, 0.000)deg
[15:38:29.931] [info] [ManualAdjust] 当前外参 [lidar_front→cam_left]:
[15:38:29.931] [info]   旋转 RPY: (4.4299, -88.5405, -31.0062) deg
[15:38:29.931] [info]   平移 XYZ: (0.1230, 0.0399, -0.0527) m
[15:38:29.962] [debug] [ManualAdjust] 旋转增量 RPY=(0.100, 0.000, 0.000)deg
[15:38:29.962] [info] [ManualAdjust] 当前外参 [lidar_front→cam_left]:
[15:38:29.962] [info]   旋转 RPY: (4.5299, -88.5405, -31.0062) deg
[15:38:29.962] [info]   平移 XYZ: (0.1230, 0.0399, -0.0527) m
[15:38:29.992] [debug] [ManualAdjust] 旋转增量 RPY=(0.100, 0.000, 0.000)deg
[15:38:29.992] [info] [ManualAdjust] 当前外参 [lidar_front→cam_left]:
[15:38:29.992] [info]   旋转 RPY: (4.6299, -88.5405, -31.0062) deg
[15:38:29.992] [info]   平移 XYZ: (0.1230, 0.0399, -0.0527) m
[15:38:30.022] [debug] [ManualAdjust] 旋转增量 RPY=(0.100, 0.000, 0.000)deg
[15:38:30.022] [info] [ManualAdjust] 当前外参 [lidar_front→cam_left]:
[15:38:30.022] [info]   旋转 RPY: (4.7299, -88.5405, -31.0062) deg
[15:38:30.022] [info]   平移 XYZ: (0.1230, 0.0399, -0.0527) m
[15:38:30.052] [debug] [ManualAdjust] 旋转增量 RPY=(0.100, 0.000, 0.000)deg
[15:38:30.052] [info] [ManualAdjust] 当前外参 [lidar_front→cam_left]:
[15:38:30.052] [info]   旋转 RPY: (4.8299, -88.5405, -31.0062) deg
[15:38:30.052] [info]   平移 XYZ: (0.1230, 0.0399, -0.0527) m
[15:38:30.082] [debug] [ManualAdjust] 旋转增量 RPY=(0.100, 0.000, 0.000)deg
[15:38:30.082] [info] [ManualAdjust] 当前外参 [lidar_front→cam_left]:
[15:38:30.082] [info]   旋转 RPY: (4.9299, -88.5405, -31.0062) deg
[15:38:30.082] [info]   平移 XYZ: (0.1230, 0.0399, -0.0527) m
[15:38:30.113] [debug] [ManualAdjust] 旋转增量 RPY=(0.100, 0.000, 0.000)deg
[15:38:30.113] [info] [ManualAdjust] 当前外参 [lidar_front→cam_left]:
[15:38:30.113] [info]   旋转 RPY: (5.0299, -88.5405, -31.0062) deg
[15:38:30.113] [info]   平移 XYZ: (0.1230, 0.0399, -0.0527) m
[15:38:30.142] [debug] [ManualAdjust] 旋转增量 RPY=(0.100, 0.000, 0.000)deg
[15:38:30.142] [info] [ManualAdjust] 当前外参 [lidar_front→cam_left]:
[15:38:30.142] [info]   旋转 RPY: (5.1299, -88.5405, -31.0062) deg
[15:38:30.142] [info]   平移 XYZ: (0.1230, 0.0399, -0.0527) m
[15:38:30.174] [debug] [ManualAdjust] 旋转增量 RPY=(0.100, 0.000, 0.000)deg
[15:38:30.174] [info] [ManualAdjust] 当前外参 [lidar_front→cam_left]:
[15:38:30.174] [info]   旋转 RPY: (5.2299, -88.5405, -31.0062) deg
[15:38:30.174] [info]   平移 XYZ: (0.1230, 0.0399, -0.0527) m
[15:38:30.204] [debug] [ManualAdjust] 旋转增量 RPY=(0.100, 0.000, 0.000)deg
[15:38:30.204] [info] [ManualAdjust] 当前外参 [lidar_front→cam_left]:
[15:38:30.204] [info]   旋转 RPY: (5.3299, -88.5405, -31.0062) deg
[15:38:30.204] [info]   平移 XYZ: (0.1230, 0.0399, -0.0527) m
[15:38:30.235] [debug] [ManualAdjust] 旋转增量 RPY=(0.100, 0.000, 0.000)deg
[15:38:30.235] [info] [ManualAdjust] 当前外参 [lidar_front→cam_left]:
[15:38:30.235] [info]   旋转 RPY: (5.4299, -88.5405, -31.0062) deg
[15:38:30.235] [info]   平移 XYZ: (0.1230, 0.0399, -0.0527) m
[15:38:30.265] [debug] [ManualAdjust] 旋转增量 RPY=(0.100, 0.000, 0.000)deg
[15:38:30.265] [info] [ManualAdjust] 当前外参 [lidar_front→cam_left]:
[15:38:30.265] [info]   旋转 RPY: (5.5299, -88.5405, -31.0062) deg
[15:38:30.265] [info]   平移 XYZ: (0.1230, 0.0399, -0.0527) m
[15:38:30.295] [debug] [ManualAdjust] 旋转增量 RPY=(0.100, 0.000, 0.000)deg
[15:38:30.295] [info] [ManualAdjust] 当前外参 [lidar_front→cam_left]:
[15:38:30.295] [info]   旋转 RPY: (5.6299, -88.5405, -31.0062) deg
[15:38:30.295] [info]   平移 XYZ: (0.1230, 0.0399, -0.0527) m
[15:38:30.325] [debug] [ManualAdjust] 旋转增量 RPY=(0.100, 0.000, 0.000)deg
[15:38:30.325] [info] [ManualAdjust] 当前外参 [lidar_front→cam_left]:
[15:38:30.325] [info]   旋转 RPY: (5.7299, -88.5405, -31.0062) deg
[15:38:30.325] [info]   平移 XYZ: (0.1230, 0.0399, -0.0527) m
[15:38:30.354] [debug] [ManualAdjust] 旋转增量 RPY=(0.100, 0.000, 0.000)deg
[15:38:30.354] [info] [ManualAdjust] 当前外参 [lidar_front→cam_left]:
[15:38:30.354] [info]   旋转 RPY: (5.8299, -88.5405, -31.0062) deg
[15:38:30.354] [info]   平移 XYZ: (0.1230, 0.0399, -0.0527) m
[15:38:30.385] [debug] [ManualAdjust] 旋转增量 RPY=(0.100, 0.000, 0.000)deg
[15:38:30.385] [info] [ManualAdjust] 当前外参 [lidar_front→cam_left]:
[15:38:30.385] [info]   旋转 RPY: (5.9299, -88.5405, -31.0062) deg
[15:38:30.385] [info]   平移 XYZ: (0.1230, 0.0399, -0.0527) m
[15:38:30.415] [debug] [ManualAdjust] 旋转增量 RPY=(0.100, 0.000, 0.000)deg
[15:38:30.415] [info] [ManualAdjust] 当前外参 [lidar_front→cam_left]:
[15:38:30.415] [info]   旋转 RPY: (6.0299, -88.5405, -31.0062) deg
[15:38:30.415] [info]   平移 XYZ: (0.1230, 0.0399, -0.0527) m
[15:38:30.445] [debug] [ManualAdjust] 旋转增量 RPY=(0.100, 0.000, 0.000)deg
[15:38:30.445] [info] [ManualAdjust] 当前外参 [lidar_front→cam_left]:
[15:38:30.445] [info]   旋转 RPY: (6.1299, -88.5405, -31.0062) deg
[15:38:30.445] [info]   平移 XYZ: (0.1230, 0.0399, -0.0527) m
[15:38:30.474] [debug] [ManualAdjust] 旋转增量 RPY=(0.100, 0.000, 0.000)deg
[15:38:30.474] [info] [ManualAdjust] 当前外参 [lidar_front→cam_left]:
[15:38:30.474] [info]   旋转 RPY: (6.2299, -88.5405, -31.0062) deg
[15:38:30.474] [info]   平移 XYZ: (0.1230, 0.0399, -0.0527) m
[15:38:30.504] [debug] [ManualAdjust] 旋转增量 RPY=(0.100, 0.000, 0.000)deg
[15:38:30.504] [info] [ManualAdjust] 当前外参 [lidar_front→cam_left]:
[15:38:30.504] [info]   旋转 RPY: (6.3299, -88.5405, -31.0062) deg
[15:38:30.504] [info]   平移 XYZ: (0.1230, 0.0399, -0.0527) m
[15:38:30.534] [debug] [ManualAdjust] 旋转增量 RPY=(0.100, 0.000, 0.000)deg
[15:38:30.534] [info] [ManualAdjust] 当前外参 [lidar_front→cam_left]:
[15:38:30.534] [info]   旋转 RPY: (6.4299, -88.5405, -31.0062) deg
[15:38:30.534] [info]   平移 XYZ: (0.1230, 0.0399, -0.0527) m
[15:38:30.565] [debug] [ManualAdjust] 旋转增量 RPY=(0.100, 0.000, 0.000)deg
[15:38:30.565] [info] [ManualAdjust] 当前外参 [lidar_front→cam_left]:
[15:38:30.565] [info]   旋转 RPY: (6.5299, -88.5405, -31.0062) deg
[15:38:30.565] [info]   平移 XYZ: (0.1230, 0.0399, -0.0527) m
[15:38:30.595] [debug] [ManualAdjust] 旋转增量 RPY=(0.100, 0.000, 0.000)deg
[15:38:30.595] [info] [ManualAdjust] 当前外参 [lidar_front→cam_left]:
[15:38:30.595] [info]   旋转 RPY: (6.6299, -88.5405, -31.0062) deg
[15:38:30.595] [info]   平移 XYZ: (0.1230, 0.0399, -0.0527) m
[15:38:30.625] [debug] [ManualAdjust] 旋转增量 RPY=(0.100, 0.000, 0.000)deg
[15:38:30.625] [info] [ManualAdjust] 当前外参 [lidar_front→cam_left]:
[15:38:30.625] [info]   旋转 RPY: (6.7299, -88.5405, -31.0062) deg
[15:38:30.625] [info]   平移 XYZ: (0.1230, 0.0399, -0.0527) m
[15:38:30.655] [debug] [ManualAdjust] 旋转增量 RPY=(0.100, 0.000, 0.000)deg
[15:38:30.655] [info] [ManualAdjust] 当前外参 [lidar_front→cam_left]:
[15:38:30.655] [info]   旋转 RPY: (6.8299, -88.5405, -31.0062) deg
[15:38:30.655] [info]   平移 XYZ: (0.1230, 0.0399, -0.0527) m
[15:38:30.685] [debug] [ManualAdjust] 旋转增量 RPY=(0.100, 0.000, 0.000)deg
[15:38:30.685] [info] [ManualAdjust] 当前外参 [lidar_front→cam_left]:
[15:38:30.685] [info]   旋转 RPY: (6.9299, -88.5405, -31.0062) deg
[15:38:30.685] [info]   平移 XYZ: (0.1230, 0.0399, -0.0527) m
[15:38:30.716] [debug] [ManualAdjust] 旋转增量 RPY=(0.100, 0.000, 0.000)deg
[15:38:30.716] [info] [ManualAdjust] 当前外参 [lidar_front→cam_left]:
[15:38:30.716] [info]   旋转 RPY: (7.0299, -88.5405, -31.0062) deg
[15:38:30.716] [info]   平移 XYZ: (0.1230, 0.0399, -0.0527) m
[15:38:30.747] [debug] [ManualAdjust] 旋转增量 RPY=(0.100, 0.000, 0.000)deg
[15:38:30.747] [info] [ManualAdjust] 当前外参 [lidar_front→cam_left]:
[15:38:30.747] [info]   旋转 RPY: (7.1299, -88.5405, -31.0062) deg
[15:38:30.747] [info]   平移 XYZ: (0.1230, 0.0399, -0.0527) m
[15:38:30.775] [debug] [ManualAdjust] 旋转增量 RPY=(0.100, 0.000, 0.000)deg
[15:38:30.775] [info] [ManualAdjust] 当前外参 [lidar_front→cam_left]:
[15:38:30.775] [info]   旋转 RPY: (7.2299, -88.5405, -31.0062) deg
[15:38:30.775] [info]   平移 XYZ: (0.1230, 0.0399, -0.0527) m
[15:38:30.805] [debug] [ManualAdjust] 旋转增量 RPY=(0.100, 0.000, 0.000)deg
[15:38:30.805] [info] [ManualAdjust] 当前外参 [lidar_front→cam_left]:
[15:38:30.805] [info]   旋转 RPY: (7.3299, -88.5405, -31.0062) deg
[15:38:30.805] [info]   平移 XYZ: (0.1230, 0.0399, -0.0527) m
[15:38:30.836] [debug] [ManualAdjust] 旋转增量 RPY=(0.100, 0.000, 0.000)deg
[15:38:30.836] [info] [ManualAdjust] 当前外参 [lidar_front→cam_left]:
[15:38:30.836] [info]   旋转 RPY: (7.4299, -88.5405, -31.0062) deg
[15:38:30.836] [info]   平移 XYZ: (0.1230, 0.0399, -0.0527) m
[15:38:30.866] [debug] [ManualAdjust] 旋转增量 RPY=(0.100, 0.000, 0.000)deg
[15:38:30.866] [info] [ManualAdjust] 当前外参 [lidar_front→cam_left]:
[15:38:30.866] [info]   旋转 RPY: (7.5299, -88.5405, -31.0062) deg
[15:38:30.866] [info]   平移 XYZ: (0.1230, 0.0399, -0.0527) m
[15:38:30.895] [debug] [ManualAdjust] 旋转增量 RPY=(0.100, 0.000, 0.000)deg
[15:38:30.895] [info] [ManualAdjust] 当前外参 [lidar_front→cam_left]:
[15:38:30.895] [info]   旋转 RPY: (7.6299, -88.5405, -31.0062) deg
[15:38:30.895] [info]   平移 XYZ: (0.1230, 0.0399, -0.0527) m
[15:38:30.926] [debug] [ManualAdjust] 旋转增量 RPY=(0.100, 0.000, 0.000)deg
[15:38:30.926] [info] [ManualAdjust] 当前外参 [lidar_front→cam_left]:
[15:38:30.926] [info]   旋转 RPY: (7.7299, -88.5405, -31.0062) deg
[15:38:30.926] [info]   平移 XYZ: (0.1230, 0.0399, -0.0527) m
[15:38:30.956] [debug] [ManualAdjust] 旋转增量 RPY=(0.100, 0.000, 0.000)deg
[15:38:30.956] [info] [ManualAdjust] 当前外参 [lidar_front→cam_left]:
[15:38:30.956] [info]   旋转 RPY: (7.8299, -88.5405, -31.0062) deg
[15:38:30.956] [info]   平移 XYZ: (0.1230, 0.0399, -0.0527) m
[15:38:30.986] [debug] [ManualAdjust] 旋转增量 RPY=(0.100, 0.000, 0.000)deg
[15:38:30.986] [info] [ManualAdjust] 当前外参 [lidar_front→cam_left]:
[15:38:30.986] [info]   旋转 RPY: (7.9299, -88.5405, -31.0062) deg
[15:38:30.986] [info]   平移 XYZ: (0.1230, 0.0399, -0.0527) m
[15:38:31.017] [debug] [ManualAdjust] 旋转增量 RPY=(0.100, 0.000, 0.000)deg
[15:38:31.017] [info] [ManualAdjust] 当前外参 [lidar_front→cam_left]:
[15:38:31.017] [info]   旋转 RPY: (8.0299, -88.5405, -31.0062) deg
[15:38:31.017] [info]   平移 XYZ: (0.1230, 0.0399, -0.0527) m
[15:38:31.047] [debug] [ManualAdjust] 旋转增量 RPY=(0.100, 0.000, 0.000)deg
[15:38:31.047] [info] [ManualAdjust] 当前外参 [lidar_front→cam_left]:
[15:38:31.047] [info]   旋转 RPY: (8.1299, -88.5405, -31.0062) deg
[15:38:31.047] [info]   平移 XYZ: (0.1230, 0.0399, -0.0527) m
[15:38:31.077] [debug] [ManualAdjust] 旋转增量 RPY=(0.100, 0.000, 0.000)deg
[15:38:31.077] [info] [ManualAdjust] 当前外参 [lidar_front→cam_left]:
[15:38:31.077] [info]   旋转 RPY: (8.2299, -88.5405, -31.0062) deg
[15:38:31.077] [info]   平移 XYZ: (0.1230, 0.0399, -0.0527) m
[15:38:31.107] [debug] [ManualAdjust] 旋转增量 RPY=(0.100, 0.000, 0.000)deg
[15:38:31.107] [info] [ManualAdjust] 当前外参 [lidar_front→cam_left]:
[15:38:31.107] [info]   旋转 RPY: (8.3299, -88.5405, -31.0062) deg
[15:38:31.107] [info]   平移 XYZ: (0.1230, 0.0399, -0.0527) m
[15:38:31.138] [debug] [ManualAdjust] 旋转增量 RPY=(0.100, 0.000, 0.000)deg
[15:38:31.138] [info] [ManualAdjust] 当前外参 [lidar_front→cam_left]:
[15:38:31.138] [info]   旋转 RPY: (8.4299, -88.5405, -31.0062) deg
[15:38:31.138] [info]   平移 XYZ: (0.1230, 0.0399, -0.0527) m
[15:38:31.168] [debug] [ManualAdjust] 旋转增量 RPY=(0.100, 0.000, 0.000)deg
[15:38:31.168] [info] [ManualAdjust] 当前外参 [lidar_front→cam_left]:
[15:38:31.168] [info]   旋转 RPY: (8.5299, -88.5405, -31.0062) deg
[15:38:31.168] [info]   平移 XYZ: (0.1230, 0.0399, -0.0527) m
[15:38:31.197] [debug] [ManualAdjust] 旋转增量 RPY=(0.100, 0.000, 0.000)deg
[15:38:31.197] [info] [ManualAdjust] 当前外参 [lidar_front→cam_left]:
[15:38:31.197] [info]   旋转 RPY: (8.6299, -88.5405, -31.0062) deg
[15:38:31.197] [info]   平移 XYZ: (0.1230, 0.0399, -0.0527) m
[15:38:31.228] [debug] [ManualAdjust] 旋转增量 RPY=(0.100, 0.000, 0.000)deg
[15:38:31.228] [info] [ManualAdjust] 当前外参 [lidar_front→cam_left]:
[15:38:31.228] [info]   旋转 RPY: (8.7299, -88.5405, -31.0062) deg
[15:38:31.228] [info]   平移 XYZ: (0.1230, 0.0399, -0.0527) m
[15:38:31.257] [debug] [ManualAdjust] 旋转增量 RPY=(0.100, 0.000, 0.000)deg
[15:38:31.257] [info] [ManualAdjust] 当前外参 [lidar_front→cam_left]:
[15:38:31.257] [info]   旋转 RPY: (8.8299, -88.5405, -31.0062) deg
[15:38:31.257] [info]   平移 XYZ: (0.1230, 0.0399, -0.0527) m
[15:38:31.287] [debug] [ManualAdjust] 旋转增量 RPY=(0.100, 0.000, 0.000)deg
[15:38:31.287] [info] [ManualAdjust] 当前外参 [lidar_front→cam_left]:
[15:38:31.287] [info]   旋转 RPY: (8.9299, -88.5405, -31.0062) deg
[15:38:31.287] [info]   平移 XYZ: (0.1230, 0.0399, -0.0527) m
[15:38:31.318] [debug] [ManualAdjust] 旋转增量 RPY=(0.100, 0.000, 0.000)deg
[15:38:31.318] [info] [ManualAdjust] 当前外参 [lidar_front→cam_left]:
[15:38:31.318] [info]   旋转 RPY: (9.0299, -88.5405, -31.0062) deg
[15:38:31.318] [info]   平移 XYZ: (0.1230, 0.0399, -0.0527) m
[15:38:31.348] [debug] [ManualAdjust] 旋转增量 RPY=(0.100, 0.000, 0.000)deg
[15:38:31.348] [info] [ManualAdjust] 当前外参 [lidar_front→cam_left]:
[15:38:31.348] [info]   旋转 RPY: (9.1299, -88.5405, -31.0062) deg
[15:38:31.348] [info]   平移 XYZ: (0.1230, 0.0399, -0.0527) m
[15:38:31.380] [debug] [ManualAdjust] 旋转增量 RPY=(0.100, 0.000, 0.000)deg
[15:38:31.380] [info] [ManualAdjust] 当前外参 [lidar_front→cam_left]:
[15:38:31.380] [info]   旋转 RPY: (9.2299, -88.5405, -31.0062) deg
[15:38:31.380] [info]   平移 XYZ: (0.1230, 0.0399, -0.0527) m
[15:38:31.409] [debug] [ManualAdjust] 旋转增量 RPY=(0.100, 0.000, 0.000)deg
[15:38:31.409] [info] [ManualAdjust] 当前外参 [lidar_front→cam_left]:
[15:38:31.409] [info]   旋转 RPY: (9.3299, -88.5405, -31.0062) deg
[15:38:31.409] [info]   平移 XYZ: (0.1230, 0.0399, -0.0527) m
[15:38:31.439] [debug] [ManualAdjust] 旋转增量 RPY=(0.100, 0.000, 0.000)deg
[15:38:31.439] [info] [ManualAdjust] 当前外参 [lidar_front→cam_left]:
[15:38:31.439] [info]   旋转 RPY: (9.4299, -88.5405, -31.0062) deg
[15:38:31.439] [info]   平移 XYZ: (0.1230, 0.0399, -0.0527) m
[15:38:31.469] [debug] [ManualAdjust] 旋转增量 RPY=(0.100, 0.000, 0.000)deg
[15:38:31.469] [info] [ManualAdjust] 当前外参 [lidar_front→cam_left]:
[15:38:31.469] [info]   旋转 RPY: (9.5299, -88.5405, -31.0062) deg
[15:38:31.469] [info]   平移 XYZ: (0.1230, 0.0399, -0.0527) m
[15:38:31.498] [debug] [ManualAdjust] 旋转增量 RPY=(0.100, 0.000, 0.000)deg
[15:38:31.498] [info] [ManualAdjust] 当前外参 [lidar_front→cam_left]:
[15:38:31.498] [info]   旋转 RPY: (9.6299, -88.5405, -31.0062) deg
[15:38:31.498] [info]   平移 XYZ: (0.1230, 0.0399, -0.0527) m
[15:38:31.529] [debug] [ManualAdjust] 旋转增量 RPY=(0.100, 0.000, 0.000)deg
[15:38:31.529] [info] [ManualAdjust] 当前外参 [lidar_front→cam_left]:
[15:38:31.529] [info]   旋转 RPY: (9.7299, -88.5405, -31.0062) deg
[15:38:31.529] [info]   平移 XYZ: (0.1230, 0.0399, -0.0527) m
[15:38:31.558] [debug] [ManualAdjust] 旋转增量 RPY=(0.100, 0.000, 0.000)deg
[15:38:31.558] [info] [ManualAdjust] 当前外参 [lidar_front→cam_left]:
[15:38:31.558] [info]   旋转 RPY: (9.8299, -88.5405, -31.0062) deg
[15:38:31.558] [info]   平移 XYZ: (0.1230, 0.0399, -0.0527) m
[15:38:31.588] [debug] [ManualAdjust] 旋转增量 RPY=(0.100, 0.000, 0.000)deg
[15:38:31.588] [info] [ManualAdjust] 当前外参 [lidar_front→cam_left]:
[15:38:31.588] [info]   旋转 RPY: (9.9299, -88.5405, -31.0062) deg
[15:38:31.588] [info]   平移 XYZ: (0.1230, 0.0399, -0.0527) m
[15:38:31.619] [debug] [ManualAdjust] 旋转增量 RPY=(0.100, 0.000, 0.000)deg
[15:38:31.619] [info] [ManualAdjust] 当前外参 [lidar_front→cam_left]:
[15:38:31.619] [info]   旋转 RPY: (10.0299, -88.5405, -31.0062) deg
[15:38:31.619] [info]   平移 XYZ: (0.1230, 0.0399, -0.0527) m
[15:38:31.649] [debug] [ManualAdjust] 旋转增量 RPY=(0.100, 0.000, 0.000)deg
[15:38:31.649] [info] [ManualAdjust] 当前外参 [lidar_front→cam_left]:
[15:38:31.649] [info]   旋转 RPY: (10.1299, -88.5405, -31.0062) deg
[15:38:31.649] [info]   平移 XYZ: (0.1230, 0.0399, -0.0527) m
[15:38:31.680] [debug] [ManualAdjust] 旋转增量 RPY=(0.100, 0.000, 0.000)deg
[15:38:31.680] [info] [ManualAdjust] 当前外参 [lidar_front→cam_left]:
[15:38:31.680] [info]   旋转 RPY: (10.2299, -88.5405, -31.0062) deg
[15:38:31.680] [info]   平移 XYZ: (0.1230, 0.0399, -0.0527) m
[15:38:31.708] [debug] [ManualAdjust] 旋转增量 RPY=(0.100, 0.000, 0.000)deg
[15:38:31.708] [info] [ManualAdjust] 当前外参 [lidar_front→cam_left]:
[15:38:31.708] [info]   旋转 RPY: (10.3299, -88.5405, -31.0062) deg
[15:38:31.708] [info]   平移 XYZ: (0.1230, 0.0399, -0.0527) m
[15:38:31.739] [debug] [ManualAdjust] 旋转增量 RPY=(0.100, 0.000, 0.000)deg
[15:38:31.739] [info] [ManualAdjust] 当前外参 [lidar_front→cam_left]:
[15:38:31.739] [info]   旋转 RPY: (10.4299, -88.5405, -31.0062) deg
[15:38:31.739] [info]   平移 XYZ: (0.1230, 0.0399, -0.0527) m
[15:38:31.769] [debug] [ManualAdjust] 旋转增量 RPY=(0.100, 0.000, 0.000)deg
[15:38:31.769] [info] [ManualAdjust] 当前外参 [lidar_front→cam_left]:
[15:38:31.769] [info]   旋转 RPY: (10.5299, -88.5405, -31.0062) deg
[15:38:31.769] [info]   平移 XYZ: (0.1230, 0.0399, -0.0527) m
[15:38:31.800] [debug] [ManualAdjust] 旋转增量 RPY=(0.100, 0.000, 0.000)deg
[15:38:31.800] [info] [ManualAdjust] 当前外参 [lidar_front→cam_left]:
[15:38:31.800] [info]   旋转 RPY: (10.6299, -88.5405, -31.0062) deg
[15:38:31.800] [info]   平移 XYZ: (0.1230, 0.0399, -0.0527) m
[15:38:31.831] [debug] [ManualAdjust] 旋转增量 RPY=(0.100, 0.000, 0.000)deg
[15:38:31.831] [info] [ManualAdjust] 当前外参 [lidar_front→cam_left]:
[15:38:31.831] [info]   旋转 RPY: (10.7299, -88.5405, -31.0062) deg
[15:38:31.831] [info]   平移 XYZ: (0.1230, 0.0399, -0.0527) m
[15:38:31.861] [debug] [ManualAdjust] 旋转增量 RPY=(0.100, 0.000, 0.000)deg
[15:38:31.862] [info] [ManualAdjust] 当前外参 [lidar_front→cam_left]:
[15:38:31.862] [info]   旋转 RPY: (10.8299, -88.5405, -31.0062) deg
[15:38:31.862] [info]   平移 XYZ: (0.1230, 0.0399, -0.0527) m
[15:38:31.892] [debug] [ManualAdjust] 旋转增量 RPY=(0.100, 0.000, 0.000)deg
[15:38:31.892] [info] [ManualAdjust] 当前外参 [lidar_front→cam_left]:
[15:38:31.892] [info]   旋转 RPY: (10.9299, -88.5405, -31.0062) deg
[15:38:31.892] [info]   平移 XYZ: (0.1230, 0.0399, -0.0527) m
[15:38:31.922] [debug] [ManualAdjust] 旋转增量 RPY=(0.100, 0.000, 0.000)deg
[15:38:31.922] [info] [ManualAdjust] 当前外参 [lidar_front→cam_left]:
[15:38:31.922] [info]   旋转 RPY: (11.0299, -88.5405, -31.0062) deg
[15:38:31.922] [info]   平移 XYZ: (0.1230, 0.0399, -0.0527) m
[15:38:31.952] [debug] [ManualAdjust] 旋转增量 RPY=(0.100, 0.000, 0.000)deg
[15:38:31.952] [info] [ManualAdjust] 当前外参 [lidar_front→cam_left]:
[15:38:31.952] [info]   旋转 RPY: (11.1299, -88.5405, -31.0062) deg
[15:38:31.952] [info]   平移 XYZ: (0.1230, 0.0399, -0.0527) m
[15:38:31.982] [debug] [ManualAdjust] 旋转增量 RPY=(0.100, 0.000, 0.000)deg
[15:38:31.982] [info] [ManualAdjust] 当前外参 [lidar_front→cam_left]:
[15:38:31.982] [info]   旋转 RPY: (11.2299, -88.5405, -31.0062) deg
[15:38:31.982] [info]   平移 XYZ: (0.1230, 0.0399, -0.0527) m
[15:38:32.014] [debug] [ManualAdjust] 旋转增量 RPY=(0.100, 0.000, 0.000)deg
[15:38:32.014] [info] [ManualAdjust] 当前外参 [lidar_front→cam_left]:
[15:38:32.014] [info]   旋转 RPY: (11.3299, -88.5405, -31.0062) deg
[15:38:32.014] [info]   平移 XYZ: (0.1230, 0.0399, -0.0527) m
[15:38:32.043] [debug] [ManualAdjust] 旋转增量 RPY=(0.100, 0.000, 0.000)deg
[15:38:32.043] [info] [ManualAdjust] 当前外参 [lidar_front→cam_left]:
[15:38:32.043] [info]   旋转 RPY: (11.4299, -88.5405, -31.0062) deg
[15:38:32.043] [info]   平移 XYZ: (0.1230, 0.0399, -0.0527) m
[15:38:32.074] [debug] [ManualAdjust] 旋转增量 RPY=(0.100, 0.000, 0.000)deg
[15:38:32.074] [info] [ManualAdjust] 当前外参 [lidar_front→cam_left]:
[15:38:32.074] [info]   旋转 RPY: (11.5299, -88.5405, -31.0062) deg
[15:38:32.074] [info]   平移 XYZ: (0.1230, 0.0399, -0.0527) m
[15:38:32.103] [debug] [ManualAdjust] 旋转增量 RPY=(0.100, 0.000, 0.000)deg
[15:38:32.104] [info] [ManualAdjust] 当前外参 [lidar_front→cam_left]:
[15:38:32.104] [info]   旋转 RPY: (11.6299, -88.5405, -31.0062) deg
[15:38:32.104] [info]   平移 XYZ: (0.1230, 0.0399, -0.0527) m
[15:38:32.134] [debug] [ManualAdjust] 旋转增量 RPY=(0.100, 0.000, 0.000)deg
[15:38:32.134] [info] [ManualAdjust] 当前外参 [lidar_front→cam_left]:
[15:38:32.134] [info]   旋转 RPY: (11.7299, -88.5405, -31.0062) deg
[15:38:32.134] [info]   平移 XYZ: (0.1230, 0.0399, -0.0527) m
[15:38:32.164] [debug] [ManualAdjust] 旋转增量 RPY=(0.100, 0.000, 0.000)deg
[15:38:32.164] [info] [ManualAdjust] 当前外参 [lidar_front→cam_left]:
[15:38:32.164] [info]   旋转 RPY: (11.8299, -88.5405, -31.0062) deg
[15:38:32.164] [info]   平移 XYZ: (0.1230, 0.0399, -0.0527) m
[15:38:32.193] [debug] [ManualAdjust] 旋转增量 RPY=(0.100, 0.000, 0.000)deg
[15:38:32.193] [info] [ManualAdjust] 当前外参 [lidar_front→cam_left]:
[15:38:32.193] [info]   旋转 RPY: (11.9299, -88.5405, -31.0062) deg
[15:38:32.193] [info]   平移 XYZ: (0.1230, 0.0399, -0.0527) m
[15:38:32.224] [debug] [ManualAdjust] 旋转增量 RPY=(0.100, 0.000, 0.000)deg
[15:38:32.224] [info] [ManualAdjust] 当前外参 [lidar_front→cam_left]:
[15:38:32.224] [info]   旋转 RPY: (12.0299, -88.5405, -31.0062) deg
[15:38:32.224] [info]   平移 XYZ: (0.1230, 0.0399, -0.0527) m
[15:38:32.255] [debug] [ManualAdjust] 旋转增量 RPY=(0.100, 0.000, 0.000)deg
[15:38:32.255] [info] [ManualAdjust] 当前外参 [lidar_front→cam_left]:
[15:38:32.255] [info]   旋转 RPY: (12.1299, -88.5405, -31.0062) deg
[15:38:32.255] [info]   平移 XYZ: (0.1230, 0.0399, -0.0527) m
[15:38:32.285] [debug] [ManualAdjust] 旋转增量 RPY=(0.100, 0.000, 0.000)deg
[15:38:32.285] [info] [ManualAdjust] 当前外参 [lidar_front→cam_left]:
[15:38:32.285] [info]   旋转 RPY: (12.2299, -88.5405, -31.0062) deg
[15:38:32.285] [info]   平移 XYZ: (0.1230, 0.0399, -0.0527) m
[15:38:32.315] [debug] [ManualAdjust] 旋转增量 RPY=(0.100, 0.000, 0.000)deg
[15:38:32.315] [info] [ManualAdjust] 当前外参 [lidar_front→cam_left]:
[15:38:32.315] [info]   旋转 RPY: (12.3299, -88.5405, -31.0062) deg
[15:38:32.315] [info]   平移 XYZ: (0.1230, 0.0399, -0.0527) m
[15:38:32.345] [debug] [ManualAdjust] 旋转增量 RPY=(0.100, 0.000, 0.000)deg
[15:38:32.345] [info] [ManualAdjust] 当前外参 [lidar_front→cam_left]:
[15:38:32.345] [info]   旋转 RPY: (12.4299, -88.5405, -31.0062) deg
[15:38:32.345] [info]   平移 XYZ: (0.1230, 0.0399, -0.0527) m
[15:38:32.375] [debug] [ManualAdjust] 旋转增量 RPY=(0.100, 0.000, 0.000)deg
[15:38:32.375] [info] [ManualAdjust] 当前外参 [lidar_front→cam_left]:
[15:38:32.375] [info]   旋转 RPY: (12.5299, -88.5405, -31.0062) deg
[15:38:32.375] [info]   平移 XYZ: (0.1230, 0.0399, -0.0527) m
[15:38:32.405] [debug] [ManualAdjust] 旋转增量 RPY=(0.100, 0.000, 0.000)deg
[15:38:32.405] [info] [ManualAdjust] 当前外参 [lidar_front→cam_left]:
[15:38:32.405] [info]   旋转 RPY: (12.6299, -88.5405, -31.0062) deg
[15:38:32.405] [info]   平移 XYZ: (0.1230, 0.0399, -0.0527) m
[15:38:32.436] [debug] [ManualAdjust] 旋转增量 RPY=(0.100, 0.000, 0.000)deg
[15:38:32.436] [info] [ManualAdjust] 当前外参 [lidar_front→cam_left]:
[15:38:32.436] [info]   旋转 RPY: (12.7299, -88.5405, -31.0062) deg
[15:38:32.436] [info]   平移 XYZ: (0.1230, 0.0399, -0.0527) m
[15:38:32.466] [debug] [ManualAdjust] 旋转增量 RPY=(0.100, 0.000, 0.000)deg
[15:38:32.466] [info] [ManualAdjust] 当前外参 [lidar_front→cam_left]:
[15:38:32.466] [info]   旋转 RPY: (12.8299, -88.5405, -31.0062) deg
[15:38:32.466] [info]   平移 XYZ: (0.1230, 0.0399, -0.0527) m
[15:38:32.495] [debug] [ManualAdjust] 旋转增量 RPY=(0.100, 0.000, 0.000)deg
[15:38:32.495] [info] [ManualAdjust] 当前外参 [lidar_front→cam_left]:
[15:38:32.495] [info]   旋转 RPY: (12.9299, -88.5405, -31.0062) deg
[15:38:32.495] [info]   平移 XYZ: (0.1230, 0.0399, -0.0527) m
[15:38:32.525] [debug] [ManualAdjust] 旋转增量 RPY=(0.100, 0.000, 0.000)deg
[15:38:32.525] [info] [ManualAdjust] 当前外参 [lidar_front→cam_left]:
[15:38:32.525] [info]   旋转 RPY: (13.0299, -88.5405, -31.0062) deg
[15:38:32.525] [info]   平移 XYZ: (0.1230, 0.0399, -0.0527) m
[15:38:32.555] [debug] [ManualAdjust] 旋转增量 RPY=(0.100, 0.000, 0.000)deg
[15:38:32.555] [info] [ManualAdjust] 当前外参 [lidar_front→cam_left]:
[15:38:32.555] [info]   旋转 RPY: (13.1299, -88.5405, -31.0062) deg
[15:38:32.555] [info]   平移 XYZ: (0.1230, 0.0399, -0.0527) m
[15:38:32.585] [debug] [ManualAdjust] 旋转增量 RPY=(0.100, 0.000, 0.000)deg
[15:38:32.585] [info] [ManualAdjust] 当前外参 [lidar_front→cam_left]:
[15:38:32.585] [info]   旋转 RPY: (13.2299, -88.5405, -31.0062) deg
[15:38:32.586] [info]   平移 XYZ: (0.1230, 0.0399, -0.0527) m
[15:38:32.616] [debug] [ManualAdjust] 旋转增量 RPY=(0.100, 0.000, 0.000)deg
[15:38:32.616] [info] [ManualAdjust] 当前外参 [lidar_front→cam_left]:
[15:38:32.616] [info]   旋转 RPY: (13.3299, -88.5405, -31.0062) deg
[15:38:32.616] [info]   平移 XYZ: (0.1230, 0.0399, -0.0527) m
[15:38:32.647] [debug] [ManualAdjust] 旋转增量 RPY=(0.100, 0.000, 0.000)deg
[15:38:32.647] [info] [ManualAdjust] 当前外参 [lidar_front→cam_left]:
[15:38:32.647] [info]   旋转 RPY: (13.4299, -88.5405, -31.0062) deg
[15:38:32.647] [info]   平移 XYZ: (0.1230, 0.0399, -0.0527) m
[15:38:32.676] [debug] [ManualAdjust] 旋转增量 RPY=(0.100, 0.000, 0.000)deg
[15:38:32.676] [info] [ManualAdjust] 当前外参 [lidar_front→cam_left]:
[15:38:32.676] [info]   旋转 RPY: (13.5299, -88.5405, -31.0062) deg
[15:38:32.676] [info]   平移 XYZ: (0.1230, 0.0399, -0.0527) m
[15:38:32.706] [debug] [ManualAdjust] 旋转增量 RPY=(0.100, 0.000, 0.000)deg
[15:38:32.706] [info] [ManualAdjust] 当前外参 [lidar_front→cam_left]:
[15:38:32.706] [info]   旋转 RPY: (13.6299, -88.5405, -31.0062) deg
[15:38:32.706] [info]   平移 XYZ: (0.1230, 0.0399, -0.0527) m
[15:38:32.737] [debug] [ManualAdjust] 旋转增量 RPY=(0.100, 0.000, 0.000)deg
[15:38:32.737] [info] [ManualAdjust] 当前外参 [lidar_front→cam_left]:
[15:38:32.737] [info]   旋转 RPY: (13.7299, -88.5405, -31.0062) deg
[15:38:32.737] [info]   平移 XYZ: (0.1230, 0.0399, -0.0527) m
[15:38:32.768] [debug] [ManualAdjust] 旋转增量 RPY=(0.100, 0.000, 0.000)deg
[15:38:32.768] [info] [ManualAdjust] 当前外参 [lidar_front→cam_left]:
[15:38:32.768] [info]   旋转 RPY: (13.8299, -88.5405, -31.0062) deg
[15:38:32.768] [info]   平移 XYZ: (0.1230, 0.0399, -0.0527) m
[15:38:32.799] [debug] [ManualAdjust] 旋转增量 RPY=(0.100, 0.000, 0.000)deg
[15:38:32.799] [info] [ManualAdjust] 当前外参 [lidar_front→cam_left]:
[15:38:32.799] [info]   旋转 RPY: (13.9299, -88.5405, -31.0062) deg
[15:38:32.799] [info]   平移 XYZ: (0.1230, 0.0399, -0.0527) m
[15:38:32.828] [debug] [ManualAdjust] 旋转增量 RPY=(0.100, 0.000, 0.000)deg
[15:38:32.828] [info] [ManualAdjust] 当前外参 [lidar_front→cam_left]:
[15:38:32.829] [info]   旋转 RPY: (14.0299, -88.5405, -31.0062) deg
[15:38:32.829] [info]   平移 XYZ: (0.1230, 0.0399, -0.0527) m
[15:38:32.859] [debug] [ManualAdjust] 旋转增量 RPY=(0.100, 0.000, 0.000)deg
[15:38:32.859] [info] [ManualAdjust] 当前外参 [lidar_front→cam_left]:
[15:38:32.859] [info]   旋转 RPY: (14.1299, -88.5405, -31.0062) deg
[15:38:32.859] [info]   平移 XYZ: (0.1230, 0.0399, -0.0527) m
[15:38:32.889] [debug] [ManualAdjust] 旋转增量 RPY=(0.100, 0.000, 0.000)deg
[15:38:32.889] [info] [ManualAdjust] 当前外参 [lidar_front→cam_left]:
[15:38:32.889] [info]   旋转 RPY: (14.2299, -88.5405, -31.0062) deg
[15:38:32.889] [info]   平移 XYZ: (0.1230, 0.0399, -0.0527) m
[15:38:32.919] [debug] [ManualAdjust] 旋转增量 RPY=(0.100, 0.000, 0.000)deg
[15:38:32.919] [info] [ManualAdjust] 当前外参 [lidar_front→cam_left]:
[15:38:32.919] [info]   旋转 RPY: (14.3299, -88.5405, -31.0062) deg
[15:38:32.919] [info]   平移 XYZ: (0.1230, 0.0399, -0.0527) m
[15:38:32.949] [debug] [ManualAdjust] 旋转增量 RPY=(0.100, 0.000, 0.000)deg
[15:38:32.949] [info] [ManualAdjust] 当前外参 [lidar_front→cam_left]:
[15:38:32.949] [info]   旋转 RPY: (14.4299, -88.5405, -31.0062) deg
[15:38:32.949] [info]   平移 XYZ: (0.1230, 0.0399, -0.0527) m
[15:38:32.980] [debug] [ManualAdjust] 旋转增量 RPY=(0.100, 0.000, 0.000)deg
[15:38:32.980] [info] [ManualAdjust] 当前外参 [lidar_front→cam_left]:
[15:38:32.980] [info]   旋转 RPY: (14.5299, -88.5405, -31.0062) deg
[15:38:32.980] [info]   平移 XYZ: (0.1230, 0.0399, -0.0527) m
[15:38:33.009] [debug] [ManualAdjust] 旋转增量 RPY=(0.100, 0.000, 0.000)deg
[15:38:33.009] [info] [ManualAdjust] 当前外参 [lidar_front→cam_left]:
[15:38:33.009] [info]   旋转 RPY: (14.6299, -88.5405, -31.0062) deg
[15:38:33.009] [info]   平移 XYZ: (0.1230, 0.0399, -0.0527) m
[15:38:33.038] [debug] [ManualAdjust] 旋转增量 RPY=(0.100, 0.000, 0.000)deg
[15:38:33.038] [info] [ManualAdjust] 当前外参 [lidar_front→cam_left]:
[15:38:33.038] [info]   旋转 RPY: (14.7299, -88.5405, -31.0062) deg
[15:38:33.038] [info]   平移 XYZ: (0.1230, 0.0399, -0.0527) m
[15:38:33.069] [debug] [ManualAdjust] 旋转增量 RPY=(0.100, 0.000, 0.000)deg
[15:38:33.069] [info] [ManualAdjust] 当前外参 [lidar_front→cam_left]:
[15:38:33.069] [info]   旋转 RPY: (14.8299, -88.5405, -31.0062) deg
[15:38:33.069] [info]   平移 XYZ: (0.1230, 0.0399, -0.0527) m
[15:38:33.100] [debug] [ManualAdjust] 旋转增量 RPY=(0.100, 0.000, 0.000)deg
[15:38:33.100] [info] [ManualAdjust] 当前外参 [lidar_front→cam_left]:
[15:38:33.100] [info]   旋转 RPY: (14.9299, -88.5405, -31.0062) deg
[15:38:33.100] [info]   平移 XYZ: (0.1230, 0.0399, -0.0527) m
[15:38:33.131] [debug] [ManualAdjust] 旋转增量 RPY=(0.100, 0.000, 0.000)deg
[15:38:33.131] [info] [ManualAdjust] 当前外参 [lidar_front→cam_left]:
[15:38:33.131] [info]   旋转 RPY: (15.0299, -88.5405, -31.0062) deg
[15:38:33.131] [info]   平移 XYZ: (0.1230, 0.0399, -0.0527) m
[15:38:33.161] [debug] [ManualAdjust] 旋转增量 RPY=(0.100, 0.000, 0.000)deg
[15:38:33.161] [info] [ManualAdjust] 当前外参 [lidar_front→cam_left]:
[15:38:33.161] [info]   旋转 RPY: (15.1299, -88.5405, -31.0062) deg
[15:38:33.161] [info]   平移 XYZ: (0.1230, 0.0399, -0.0527) m
[15:38:33.191] [debug] [ManualAdjust] 旋转增量 RPY=(0.100, 0.000, 0.000)deg
[15:38:33.191] [info] [ManualAdjust] 当前外参 [lidar_front→cam_left]:
[15:38:33.191] [info]   旋转 RPY: (15.2299, -88.5405, -31.0062) deg
[15:38:33.191] [info]   平移 XYZ: (0.1230, 0.0399, -0.0527) m
[15:38:33.222] [debug] [ManualAdjust] 旋转增量 RPY=(0.100, 0.000, 0.000)deg
[15:38:33.222] [info] [ManualAdjust] 当前外参 [lidar_front→cam_left]:
[15:38:33.222] [info]   旋转 RPY: (15.3299, -88.5405, -31.0062) deg
[15:38:33.222] [info]   平移 XYZ: (0.1230, 0.0399, -0.0527) m
[15:38:33.252] [debug] [ManualAdjust] 旋转增量 RPY=(0.100, 0.000, 0.000)deg
[15:38:33.252] [info] [ManualAdjust] 当前外参 [lidar_front→cam_left]:
[15:38:33.252] [info]   旋转 RPY: (15.4299, -88.5405, -31.0062) deg
[15:38:33.252] [info]   平移 XYZ: (0.1230, 0.0399, -0.0527) m
[15:38:33.282] [debug] [ManualAdjust] 旋转增量 RPY=(0.100, 0.000, 0.000)deg
[15:38:33.282] [info] [ManualAdjust] 当前外参 [lidar_front→cam_left]:
[15:38:33.282] [info]   旋转 RPY: (15.5299, -88.5405, -31.0062) deg
[15:38:33.282] [info]   平移 XYZ: (0.1230, 0.0399, -0.0527) m
[15:38:33.315] [debug] [ManualAdjust] 旋转增量 RPY=(0.100, 0.000, 0.000)deg
[15:38:33.315] [info] [ManualAdjust] 当前外参 [lidar_front→cam_left]:
[15:38:33.315] [info]   旋转 RPY: (15.6299, -88.5405, -31.0062) deg
[15:38:33.315] [info]   平移 XYZ: (0.1230, 0.0399, -0.0527) m
[15:38:33.343] [debug] [ManualAdjust] 旋转增量 RPY=(0.100, 0.000, 0.000)deg
[15:38:33.343] [info] [ManualAdjust] 当前外参 [lidar_front→cam_left]:
[15:38:33.343] [info]   旋转 RPY: (15.7299, -88.5405, -31.0062) deg
[15:38:33.343] [info]   平移 XYZ: (0.1230, 0.0399, -0.0527) m
[15:38:33.374] [debug] [ManualAdjust] 旋转增量 RPY=(0.100, 0.000, 0.000)deg
[15:38:33.374] [info] [ManualAdjust] 当前外参 [lidar_front→cam_left]:
[15:38:33.374] [info]   旋转 RPY: (15.8299, -88.5405, -31.0062) deg
[15:38:33.374] [info]   平移 XYZ: (0.1230, 0.0399, -0.0527) m
[15:38:33.404] [debug] [ManualAdjust] 旋转增量 RPY=(0.100, 0.000, 0.000)deg
[15:38:33.404] [info] [ManualAdjust] 当前外参 [lidar_front→cam_left]:
[15:38:33.404] [info]   旋转 RPY: (15.9299, -88.5405, -31.0062) deg
[15:38:33.404] [info]   平移 XYZ: (0.1230, 0.0399, -0.0527) m
[15:38:33.435] [debug] [ManualAdjust] 旋转增量 RPY=(0.100, 0.000, 0.000)deg
[15:38:33.435] [info] [ManualAdjust] 当前外参 [lidar_front→cam_left]:
[15:38:33.435] [info]   旋转 RPY: (16.0299, -88.5405, -31.0062) deg
[15:38:33.435] [info]   平移 XYZ: (0.1230, 0.0399, -0.0527) m
[15:38:33.466] [debug] [ManualAdjust] 旋转增量 RPY=(0.100, 0.000, 0.000)deg
[15:38:33.466] [info] [ManualAdjust] 当前外参 [lidar_front→cam_left]:
[15:38:33.466] [info]   旋转 RPY: (16.1299, -88.5405, -31.0062) deg
[15:38:33.466] [info]   平移 XYZ: (0.1230, 0.0399, -0.0527) m
[15:38:33.495] [debug] [ManualAdjust] 旋转增量 RPY=(0.100, 0.000, 0.000)deg
[15:38:33.495] [info] [ManualAdjust] 当前外参 [lidar_front→cam_left]:
[15:38:33.495] [info]   旋转 RPY: (16.2299, -88.5405, -31.0062) deg
[15:38:33.495] [info]   平移 XYZ: (0.1230, 0.0399, -0.0527) m
[15:38:33.525] [debug] [ManualAdjust] 旋转增量 RPY=(0.100, 0.000, 0.000)deg
[15:38:33.526] [info] [ManualAdjust] 当前外参 [lidar_front→cam_left]:
[15:38:33.526] [info]   旋转 RPY: (16.3299, -88.5405, -31.0062) deg
[15:38:33.526] [info]   平移 XYZ: (0.1230, 0.0399, -0.0527) m
[15:38:33.555] [debug] [ManualAdjust] 旋转增量 RPY=(0.100, 0.000, 0.000)deg
[15:38:33.555] [info] [ManualAdjust] 当前外参 [lidar_front→cam_left]:
[15:38:33.555] [info]   旋转 RPY: (16.4299, -88.5405, -31.0062) deg
[15:38:33.555] [info]   平移 XYZ: (0.1230, 0.0399, -0.0527) m
[15:38:33.586] [debug] [ManualAdjust] 旋转增量 RPY=(0.100, 0.000, 0.000)deg
[15:38:33.586] [info] [ManualAdjust] 当前外参 [lidar_front→cam_left]:
[15:38:33.586] [info]   旋转 RPY: (16.5299, -88.5405, -31.0062) deg
[15:38:33.586] [info]   平移 XYZ: (0.1230, 0.0399, -0.0527) m
[15:38:33.615] [debug] [ManualAdjust] 旋转增量 RPY=(0.100, 0.000, 0.000)deg
[15:38:33.616] [info] [ManualAdjust] 当前外参 [lidar_front→cam_left]:
[15:38:33.616] [info]   旋转 RPY: (16.6299, -88.5405, -31.0062) deg
[15:38:33.616] [info]   平移 XYZ: (0.1230, 0.0399, -0.0527) m
[15:38:33.645] [debug] [ManualAdjust] 旋转增量 RPY=(0.100, 0.000, 0.000)deg
[15:38:33.645] [info] [ManualAdjust] 当前外参 [lidar_front→cam_left]:
[15:38:33.645] [info]   旋转 RPY: (16.7299, -88.5405, -31.0062) deg
[15:38:33.645] [info]   平移 XYZ: (0.1230, 0.0399, -0.0527) m
[15:38:33.676] [debug] [ManualAdjust] 旋转增量 RPY=(0.100, 0.000, 0.000)deg
[15:38:33.676] [info] [ManualAdjust] 当前外参 [lidar_front→cam_left]:
[15:38:33.676] [info]   旋转 RPY: (16.8299, -88.5405, -31.0062) deg
[15:38:33.676] [info]   平移 XYZ: (0.1230, 0.0399, -0.0527) m
[15:38:33.706] [debug] [ManualAdjust] 旋转增量 RPY=(0.100, 0.000, 0.000)deg
[15:38:33.706] [info] [ManualAdjust] 当前外参 [lidar_front→cam_left]:
[15:38:33.706] [info]   旋转 RPY: (16.9299, -88.5405, -31.0062) deg
[15:38:33.706] [info]   平移 XYZ: (0.1230, 0.0399, -0.0527) m
[15:38:33.737] [debug] [ManualAdjust] 旋转增量 RPY=(0.100, 0.000, 0.000)deg
[15:38:33.737] [info] [ManualAdjust] 当前外参 [lidar_front→cam_left]:
[15:38:33.737] [info]   旋转 RPY: (17.0299, -88.5405, -31.0062) deg
[15:38:33.737] [info]   平移 XYZ: (0.1230, 0.0399, -0.0527) m
[15:38:33.767] [debug] [ManualAdjust] 旋转增量 RPY=(0.100, 0.000, 0.000)deg
[15:38:33.767] [info] [ManualAdjust] 当前外参 [lidar_front→cam_left]:
[15:38:33.767] [info]   旋转 RPY: (17.1299, -88.5405, -31.0062) deg
[15:38:33.767] [info]   平移 XYZ: (0.1230, 0.0399, -0.0527) m
[15:38:33.796] [debug] [ManualAdjust] 旋转增量 RPY=(0.100, 0.000, 0.000)deg
[15:38:33.796] [info] [ManualAdjust] 当前外参 [lidar_front→cam_left]:
[15:38:33.796] [info]   旋转 RPY: (17.2299, -88.5405, -31.0062) deg
[15:38:33.796] [info]   平移 XYZ: (0.1230, 0.0399, -0.0527) m
[15:38:33.826] [debug] [ManualAdjust] 旋转增量 RPY=(0.100, 0.000, 0.000)deg
[15:38:33.827] [info] [ManualAdjust] 当前外参 [lidar_front→cam_left]:
[15:38:33.827] [info]   旋转 RPY: (17.3299, -88.5405, -31.0062) deg
[15:38:33.827] [info]   平移 XYZ: (0.1230, 0.0399, -0.0527) m
[15:38:33.856] [debug] [ManualAdjust] 旋转增量 RPY=(0.100, 0.000, 0.000)deg
[15:38:33.856] [info] [ManualAdjust] 当前外参 [lidar_front→cam_left]:
[15:38:33.856] [info]   旋转 RPY: (17.4299, -88.5405, -31.0062) deg
[15:38:33.856] [info]   平移 XYZ: (0.1230, 0.0399, -0.0527) m
[15:38:33.887] [debug] [ManualAdjust] 旋转增量 RPY=(0.100, 0.000, 0.000)deg
[15:38:33.887] [info] [ManualAdjust] 当前外参 [lidar_front→cam_left]:
[15:38:33.887] [info]   旋转 RPY: (17.5299, -88.5405, -31.0062) deg
[15:38:33.887] [info]   平移 XYZ: (0.1230, 0.0399, -0.0527) m
[15:38:33.917] [debug] [ManualAdjust] 旋转增量 RPY=(0.100, 0.000, 0.000)deg
[15:38:33.917] [info] [ManualAdjust] 当前外参 [lidar_front→cam_left]:
[15:38:33.917] [info]   旋转 RPY: (17.6299, -88.5405, -31.0062) deg
[15:38:33.917] [info]   平移 XYZ: (0.1230, 0.0399, -0.0527) m
[15:38:33.947] [debug] [ManualAdjust] 旋转增量 RPY=(0.100, 0.000, 0.000)deg
[15:38:33.947] [info] [ManualAdjust] 当前外参 [lidar_front→cam_left]:
[15:38:33.947] [info]   旋转 RPY: (17.7299, -88.5405, -31.0062) deg
[15:38:33.947] [info]   平移 XYZ: (0.1230, 0.0399, -0.0527) m
[15:38:33.977] [debug] [ManualAdjust] 旋转增量 RPY=(0.100, 0.000, 0.000)deg
[15:38:33.977] [info] [ManualAdjust] 当前外参 [lidar_front→cam_left]:
[15:38:33.977] [info]   旋转 RPY: (17.8299, -88.5405, -31.0062) deg
[15:38:33.977] [info]   平移 XYZ: (0.1230, 0.0399, -0.0527) m
[15:38:34.007] [debug] [ManualAdjust] 旋转增量 RPY=(0.100, 0.000, 0.000)deg
[15:38:34.007] [info] [ManualAdjust] 当前外参 [lidar_front→cam_left]:
[15:38:34.007] [info]   旋转 RPY: (17.9299, -88.5405, -31.0062) deg
[15:38:34.007] [info]   平移 XYZ: (0.1230, 0.0399, -0.0527) m
[15:38:34.037] [debug] [ManualAdjust] 旋转增量 RPY=(0.100, 0.000, 0.000)deg
[15:38:34.037] [info] [ManualAdjust] 当前外参 [lidar_front→cam_left]:
[15:38:34.037] [info]   旋转 RPY: (18.0299, -88.5405, -31.0062) deg
[15:38:34.037] [info]   平移 XYZ: (0.1230, 0.0399, -0.0527) m
[15:38:34.067] [debug] [ManualAdjust] 旋转增量 RPY=(0.100, 0.000, 0.000)deg
[15:38:34.067] [info] [ManualAdjust] 当前外参 [lidar_front→cam_left]:
[15:38:34.067] [info]   旋转 RPY: (18.1299, -88.5405, -31.0062) deg
[15:38:34.067] [info]   平移 XYZ: (0.1230, 0.0399, -0.0527) m
[15:38:34.096] [debug] [ManualAdjust] 旋转增量 RPY=(0.100, 0.000, 0.000)deg
[15:38:34.096] [info] [ManualAdjust] 当前外参 [lidar_front→cam_left]:
[15:38:34.096] [info]   旋转 RPY: (18.2299, -88.5405, -31.0062) deg
[15:38:34.096] [info]   平移 XYZ: (0.1230, 0.0399, -0.0527) m
[15:38:34.127] [debug] [ManualAdjust] 旋转增量 RPY=(0.100, 0.000, 0.000)deg
[15:38:34.127] [info] [ManualAdjust] 当前外参 [lidar_front→cam_left]:
[15:38:34.127] [info]   旋转 RPY: (18.3299, -88.5405, -31.0062) deg
[15:38:34.127] [info]   平移 XYZ: (0.1230, 0.0399, -0.0527) m
[15:38:34.157] [debug] [ManualAdjust] 旋转增量 RPY=(0.100, 0.000, 0.000)deg
[15:38:34.157] [info] [ManualAdjust] 当前外参 [lidar_front→cam_left]:
[15:38:34.157] [info]   旋转 RPY: (18.4299, -88.5405, -31.0062) deg
[15:38:34.157] [info]   平移 XYZ: (0.1230, 0.0399, -0.0527) m
[15:38:34.188] [debug] [ManualAdjust] 旋转增量 RPY=(0.100, 0.000, 0.000)deg
[15:38:34.188] [info] [ManualAdjust] 当前外参 [lidar_front→cam_left]:
[15:38:34.188] [info]   旋转 RPY: (18.5299, -88.5405, -31.0062) deg
[15:38:34.188] [info]   平移 XYZ: (0.1230, 0.0399, -0.0527) m
[15:38:34.218] [debug] [ManualAdjust] 旋转增量 RPY=(0.100, 0.000, 0.000)deg
[15:38:34.218] [info] [ManualAdjust] 当前外参 [lidar_front→cam_left]:
[15:38:34.218] [info]   旋转 RPY: (18.6299, -88.5405, -31.0062) deg
[15:38:34.218] [info]   平移 XYZ: (0.1230, 0.0399, -0.0527) m
[15:38:34.248] [debug] [ManualAdjust] 旋转增量 RPY=(0.100, 0.000, 0.000)deg
[15:38:34.248] [info] [ManualAdjust] 当前外参 [lidar_front→cam_left]:
[15:38:34.248] [info]   旋转 RPY: (18.7299, -88.5405, -31.0062) deg
[15:38:34.248] [info]   平移 XYZ: (0.1230, 0.0399, -0.0527) m
[15:38:34.280] [debug] [ManualAdjust] 旋转增量 RPY=(0.100, 0.000, 0.000)deg
[15:38:34.280] [info] [ManualAdjust] 当前外参 [lidar_front→cam_left]:
[15:38:34.280] [info]   旋转 RPY: (18.8299, -88.5405, -31.0062) deg
[15:38:34.280] [info]   平移 XYZ: (0.1230, 0.0399, -0.0527) m
[15:38:34.308] [debug] [ManualAdjust] 旋转增量 RPY=(0.100, 0.000, 0.000)deg
[15:38:34.308] [info] [ManualAdjust] 当前外参 [lidar_front→cam_left]:
[15:38:34.308] [info]   旋转 RPY: (18.9299, -88.5405, -31.0062) deg
[15:38:34.308] [info]   平移 XYZ: (0.1230, 0.0399, -0.0527) m
[15:38:34.338] [debug] [ManualAdjust] 旋转增量 RPY=(0.100, 0.000, 0.000)deg
[15:38:34.338] [info] [ManualAdjust] 当前外参 [lidar_front→cam_left]:
[15:38:34.338] [info]   旋转 RPY: (19.0299, -88.5405, -31.0062) deg
[15:38:34.338] [info]   平移 XYZ: (0.1230, 0.0399, -0.0527) m
[15:38:34.369] [debug] [ManualAdjust] 旋转增量 RPY=(0.100, 0.000, 0.000)deg
[15:38:34.369] [info] [ManualAdjust] 当前外参 [lidar_front→cam_left]:
[15:38:34.369] [info]   旋转 RPY: (19.1299, -88.5405, -31.0062) deg
[15:38:34.369] [info]   平移 XYZ: (0.1230, 0.0399, -0.0527) m
[15:38:34.399] [debug] [ManualAdjust] 旋转增量 RPY=(0.100, 0.000, 0.000)deg
[15:38:34.399] [info] [ManualAdjust] 当前外参 [lidar_front→cam_left]:
[15:38:34.399] [info]   旋转 RPY: (19.2299, -88.5405, -31.0062) deg
[15:38:34.399] [info]   平移 XYZ: (0.1230, 0.0399, -0.0527) m
[15:38:34.429] [debug] [ManualAdjust] 旋转增量 RPY=(0.100, 0.000, 0.000)deg
[15:38:34.429] [info] [ManualAdjust] 当前外参 [lidar_front→cam_left]:
[15:38:34.429] [info]   旋转 RPY: (19.3299, -88.5405, -31.0062) deg
[15:38:34.429] [info]   平移 XYZ: (0.1230, 0.0399, -0.0527) m
[15:38:34.461] [debug] [ManualAdjust] 旋转增量 RPY=(0.100, 0.000, 0.000)deg
[15:38:34.461] [info] [ManualAdjust] 当前外参 [lidar_front→cam_left]:
[15:38:34.461] [info]   旋转 RPY: (19.4299, -88.5405, -31.0062) deg
[15:38:34.461] [info]   平移 XYZ: (0.1230, 0.0399, -0.0527) m
[15:38:34.492] [debug] [ManualAdjust] 旋转增量 RPY=(0.100, 0.000, 0.000)deg
[15:38:34.492] [info] [ManualAdjust] 当前外参 [lidar_front→cam_left]:
[15:38:34.492] [info]   旋转 RPY: (19.5299, -88.5405, -31.0062) deg
[15:38:34.492] [info]   平移 XYZ: (0.1230, 0.0399, -0.0527) m
[15:38:34.522] [debug] [ManualAdjust] 旋转增量 RPY=(0.100, 0.000, 0.000)deg
[15:38:34.522] [info] [ManualAdjust] 当前外参 [lidar_front→cam_left]:
[15:38:34.522] [info]   旋转 RPY: (19.6299, -88.5405, -31.0062) deg
[15:38:34.522] [info]   平移 XYZ: (0.1230, 0.0399, -0.0527) m
[15:38:34.552] [debug] [ManualAdjust] 旋转增量 RPY=(0.100, 0.000, 0.000)deg
[15:38:34.553] [info] [ManualAdjust] 当前外参 [lidar_front→cam_left]:
[15:38:34.553] [info]   旋转 RPY: (19.7299, -88.5405, -31.0062) deg
[15:38:34.553] [info]   平移 XYZ: (0.1230, 0.0399, -0.0527) m
[15:38:34.582] [debug] [ManualAdjust] 旋转增量 RPY=(0.100, 0.000, 0.000)deg
[15:38:34.583] [info] [ManualAdjust] 当前外参 [lidar_front→cam_left]:
[15:38:34.583] [info]   旋转 RPY: (19.8299, -88.5405, -31.0062) deg
[15:38:34.583] [info]   平移 XYZ: (0.1230, 0.0399, -0.0527) m
[15:38:34.613] [debug] [ManualAdjust] 旋转增量 RPY=(0.100, 0.000, 0.000)deg
[15:38:34.613] [info] [ManualAdjust] 当前外参 [lidar_front→cam_left]:
[15:38:34.613] [info]   旋转 RPY: (19.9299, -88.5405, -31.0062) deg
[15:38:34.613] [info]   平移 XYZ: (0.1230, 0.0399, -0.0527) m
[15:38:34.643] [debug] [ManualAdjust] 旋转增量 RPY=(0.100, 0.000, 0.000)deg
[15:38:34.643] [info] [ManualAdjust] 当前外参 [lidar_front→cam_left]:
[15:38:34.643] [info]   旋转 RPY: (20.0299, -88.5405, -31.0062) deg
[15:38:34.643] [info]   平移 XYZ: (0.1230, 0.0399, -0.0527) m
[15:38:34.673] [debug] [ManualAdjust] 旋转增量 RPY=(0.100, 0.000, 0.000)deg
[15:38:34.673] [info] [ManualAdjust] 当前外参 [lidar_front→cam_left]:
[15:38:34.673] [info]   旋转 RPY: (20.1299, -88.5405, -31.0062) deg
[15:38:34.673] [info]   平移 XYZ: (0.1230, 0.0399, -0.0527) m
[15:38:34.703] [debug] [ManualAdjust] 旋转增量 RPY=(0.100, 0.000, 0.000)deg
[15:38:34.703] [info] [ManualAdjust] 当前外参 [lidar_front→cam_left]:
[15:38:34.703] [info]   旋转 RPY: (20.2299, -88.5405, -31.0062) deg
[15:38:34.703] [info]   平移 XYZ: (0.1230, 0.0399, -0.0527) m
[15:38:34.734] [debug] [ManualAdjust] 旋转增量 RPY=(0.100, 0.000, 0.000)deg
[15:38:34.734] [info] [ManualAdjust] 当前外参 [lidar_front→cam_left]:
[15:38:34.734] [info]   旋转 RPY: (20.3299, -88.5405, -31.0062) deg
[15:38:34.734] [info]   平移 XYZ: (0.1230, 0.0399, -0.0527) m
[15:38:34.764] [debug] [ManualAdjust] 旋转增量 RPY=(0.100, 0.000, 0.000)deg
[15:38:34.764] [info] [ManualAdjust] 当前外参 [lidar_front→cam_left]:
[15:38:34.764] [info]   旋转 RPY: (20.4299, -88.5405, -31.0062) deg
[15:38:34.764] [info]   平移 XYZ: (0.1230, 0.0399, -0.0527) m
[15:38:34.794] [debug] [ManualAdjust] 旋转增量 RPY=(0.100, 0.000, 0.000)deg
[15:38:34.794] [info] [ManualAdjust] 当前外参 [lidar_front→cam_left]:
[15:38:34.794] [info]   旋转 RPY: (20.5299, -88.5405, -31.0062) deg
[15:38:34.794] [info]   平移 XYZ: (0.1230, 0.0399, -0.0527) m
[15:38:34.823] [debug] [ManualAdjust] 旋转增量 RPY=(0.100, 0.000, 0.000)deg
[15:38:34.823] [info] [ManualAdjust] 当前外参 [lidar_front→cam_left]:
[15:38:34.823] [info]   旋转 RPY: (20.6299, -88.5405, -31.0062) deg
[15:38:34.823] [info]   平移 XYZ: (0.1230, 0.0399, -0.0527) m
[15:38:34.853] [debug] [ManualAdjust] 旋转增量 RPY=(0.100, 0.000, 0.000)deg
[15:38:34.854] [info] [ManualAdjust] 当前外参 [lidar_front→cam_left]:
[15:38:34.854] [info]   旋转 RPY: (20.7299, -88.5405, -31.0062) deg
[15:38:34.854] [info]   平移 XYZ: (0.1230, 0.0399, -0.0527) m
[15:38:34.883] [debug] [ManualAdjust] 旋转增量 RPY=(0.100, 0.000, 0.000)deg
[15:38:34.883] [info] [ManualAdjust] 当前外参 [lidar_front→cam_left]:
[15:38:34.883] [info]   旋转 RPY: (20.8299, -88.5405, -31.0062) deg
[15:38:34.883] [info]   平移 XYZ: (0.1230, 0.0399, -0.0527) m
[15:38:34.913] [debug] [ManualAdjust] 旋转增量 RPY=(0.100, 0.000, 0.000)deg
[15:38:34.913] [info] [ManualAdjust] 当前外参 [lidar_front→cam_left]:
[15:38:34.914] [info]   旋转 RPY: (20.9299, -88.5405, -31.0062) deg
[15:38:34.914] [info]   平移 XYZ: (0.1230, 0.0399, -0.0527) m
[15:38:34.944] [debug] [ManualAdjust] 旋转增量 RPY=(0.100, 0.000, 0.000)deg
[15:38:34.944] [info] [ManualAdjust] 当前外参 [lidar_front→cam_left]:
[15:38:34.944] [info]   旋转 RPY: (21.0299, -88.5405, -31.0062) deg
[15:38:34.944] [info]   平移 XYZ: (0.1230, 0.0399, -0.0527) m
[15:38:34.975] [debug] [ManualAdjust] 旋转增量 RPY=(0.100, 0.000, 0.000)deg
[15:38:34.975] [info] [ManualAdjust] 当前外参 [lidar_front→cam_left]:
[15:38:34.975] [info]   旋转 RPY: (21.1299, -88.5405, -31.0062) deg
[15:38:34.975] [info]   平移 XYZ: (0.1230, 0.0399, -0.0527) m
[15:38:35.005] [debug] [ManualAdjust] 旋转增量 RPY=(0.100, 0.000, 0.000)deg
[15:38:35.005] [info] [ManualAdjust] 当前外参 [lidar_front→cam_left]:
[15:38:35.005] [info]   旋转 RPY: (21.2299, -88.5405, -31.0062) deg
[15:38:35.005] [info]   平移 XYZ: (0.1230, 0.0399, -0.0527) m
[15:38:35.035] [debug] [ManualAdjust] 旋转增量 RPY=(0.100, 0.000, 0.000)deg
[15:38:35.035] [info] [ManualAdjust] 当前外参 [lidar_front→cam_left]:
[15:38:35.035] [info]   旋转 RPY: (21.3299, -88.5405, -31.0062) deg
[15:38:35.035] [info]   平移 XYZ: (0.1230, 0.0399, -0.0527) m
[15:38:35.065] [debug] [ManualAdjust] 旋转增量 RPY=(0.100, 0.000, 0.000)deg
[15:38:35.065] [info] [ManualAdjust] 当前外参 [lidar_front→cam_left]:
[15:38:35.065] [info]   旋转 RPY: (21.4299, -88.5405, -31.0062) deg
[15:38:35.065] [info]   平移 XYZ: (0.1230, 0.0399, -0.0527) m
[15:38:35.095] [debug] [ManualAdjust] 旋转增量 RPY=(0.100, 0.000, 0.000)deg
[15:38:35.095] [info] [ManualAdjust] 当前外参 [lidar_front→cam_left]:
[15:38:35.095] [info]   旋转 RPY: (21.5299, -88.5405, -31.0062) deg
[15:38:35.095] [info]   平移 XYZ: (0.1230, 0.0399, -0.0527) m
[15:38:35.125] [debug] [ManualAdjust] 旋转增量 RPY=(0.100, 0.000, 0.000)deg
[15:38:35.125] [info] [ManualAdjust] 当前外参 [lidar_front→cam_left]:
[15:38:35.125] [info]   旋转 RPY: (21.6299, -88.5405, -31.0062) deg
[15:38:35.125] [info]   平移 XYZ: (0.1230, 0.0399, -0.0527) m
[15:38:35.156] [debug] [ManualAdjust] 旋转增量 RPY=(0.100, 0.000, 0.000)deg
[15:38:35.156] [info] [ManualAdjust] 当前外参 [lidar_front→cam_left]:
[15:38:35.156] [info]   旋转 RPY: (21.7299, -88.5405, -31.0062) deg
[15:38:35.156] [info]   平移 XYZ: (0.1230, 0.0399, -0.0527) m
[15:38:35.186] [debug] [ManualAdjust] 旋转增量 RPY=(0.100, 0.000, 0.000)deg
[15:38:35.186] [info] [ManualAdjust] 当前外参 [lidar_front→cam_left]:
[15:38:35.186] [info]   旋转 RPY: (21.8299, -88.5405, -31.0062) deg
[15:38:35.186] [info]   平移 XYZ: (0.1230, 0.0399, -0.0527) m
[15:38:35.216] [debug] [ManualAdjust] 旋转增量 RPY=(0.100, 0.000, 0.000)deg
[15:38:35.216] [info] [ManualAdjust] 当前外参 [lidar_front→cam_left]:
[15:38:35.217] [info]   旋转 RPY: (21.9299, -88.5405, -31.0062) deg
[15:38:35.217] [info]   平移 XYZ: (0.1230, 0.0399, -0.0527) m
[15:38:35.247] [debug] [ManualAdjust] 旋转增量 RPY=(0.100, 0.000, 0.000)deg
[15:38:35.247] [info] [ManualAdjust] 当前外参 [lidar_front→cam_left]:
[15:38:35.247] [info]   旋转 RPY: (22.0299, -88.5405, -31.0062) deg
[15:38:35.247] [info]   平移 XYZ: (0.1230, 0.0399, -0.0527) m
[15:38:35.277] [debug] [ManualAdjust] 旋转增量 RPY=(0.100, 0.000, 0.000)deg
[15:38:35.277] [info] [ManualAdjust] 当前外参 [lidar_front→cam_left]:
[15:38:35.277] [info]   旋转 RPY: (22.1299, -88.5405, -31.0062) deg
[15:38:35.277] [info]   平移 XYZ: (0.1230, 0.0399, -0.0527) m
[15:38:35.307] [debug] [ManualAdjust] 旋转增量 RPY=(0.100, 0.000, 0.000)deg
[15:38:35.307] [info] [ManualAdjust] 当前外参 [lidar_front→cam_left]:
[15:38:35.307] [info]   旋转 RPY: (22.2299, -88.5405, -31.0062) deg
[15:38:35.308] [info]   平移 XYZ: (0.1230, 0.0399, -0.0527) m
[15:38:35.337] [debug] [ManualAdjust] 旋转增量 RPY=(0.100, 0.000, 0.000)deg
[15:38:35.337] [info] [ManualAdjust] 当前外参 [lidar_front→cam_left]:
[15:38:35.337] [info]   旋转 RPY: (22.3299, -88.5405, -31.0062) deg
[15:38:35.337] [info]   平移 XYZ: (0.1230, 0.0399, -0.0527) m
[15:38:35.368] [debug] [ManualAdjust] 旋转增量 RPY=(0.100, 0.000, 0.000)deg
[15:38:35.368] [info] [ManualAdjust] 当前外参 [lidar_front→cam_left]:
[15:38:35.368] [info]   旋转 RPY: (22.4299, -88.5405, -31.0062) deg
[15:38:35.368] [info]   平移 XYZ: (0.1230, 0.0399, -0.0527) m
[15:38:35.397] [debug] [ManualAdjust] 旋转增量 RPY=(0.100, 0.000, 0.000)deg
[15:38:35.397] [info] [ManualAdjust] 当前外参 [lidar_front→cam_left]:
[15:38:35.397] [info]   旋转 RPY: (22.5299, -88.5405, -31.0062) deg
[15:38:35.397] [info]   平移 XYZ: (0.1230, 0.0399, -0.0527) m
[15:38:35.427] [debug] [ManualAdjust] 旋转增量 RPY=(0.100, 0.000, 0.000)deg
[15:38:35.427] [info] [ManualAdjust] 当前外参 [lidar_front→cam_left]:
[15:38:35.427] [info]   旋转 RPY: (22.6299, -88.5405, -31.0062) deg
[15:38:35.427] [info]   平移 XYZ: (0.1230, 0.0399, -0.0527) m
[15:38:35.457] [debug] [ManualAdjust] 旋转增量 RPY=(0.100, 0.000, 0.000)deg
[15:38:35.457] [info] [ManualAdjust] 当前外参 [lidar_front→cam_left]:
[15:38:35.457] [info]   旋转 RPY: (22.7299, -88.5405, -31.0062) deg
[15:38:35.457] [info]   平移 XYZ: (0.1230, 0.0399, -0.0527) m
[15:38:35.487] [debug] [ManualAdjust] 旋转增量 RPY=(0.100, 0.000, 0.000)deg
[15:38:35.487] [info] [ManualAdjust] 当前外参 [lidar_front→cam_left]:
[15:38:35.487] [info]   旋转 RPY: (22.8299, -88.5405, -31.0062) deg
[15:38:35.487] [info]   平移 XYZ: (0.1230, 0.0399, -0.0527) m
[15:38:35.518] [debug] [ManualAdjust] 旋转增量 RPY=(0.100, 0.000, 0.000)deg
[15:38:35.518] [info] [ManualAdjust] 当前外参 [lidar_front→cam_left]:
[15:38:35.518] [info]   旋转 RPY: (22.9299, -88.5405, -31.0062) deg
[15:38:35.518] [info]   平移 XYZ: (0.1230, 0.0399, -0.0527) m
[15:38:35.548] [debug] [ManualAdjust] 旋转增量 RPY=(0.100, 0.000, 0.000)deg
[15:38:35.548] [info] [ManualAdjust] 当前外参 [lidar_front→cam_left]:
[15:38:35.548] [info]   旋转 RPY: (23.0299, -88.5405, -31.0062) deg
[15:38:35.548] [info]   平移 XYZ: (0.1230, 0.0399, -0.0527) m
[15:38:35.580] [debug] [ManualAdjust] 旋转增量 RPY=(0.100, 0.000, 0.000)deg
[15:38:35.580] [info] [ManualAdjust] 当前外参 [lidar_front→cam_left]:
[15:38:35.580] [info]   旋转 RPY: (23.1299, -88.5405, -31.0062) deg
[15:38:35.580] [info]   平移 XYZ: (0.1230, 0.0399, -0.0527) m
[15:38:35.608] [debug] [ManualAdjust] 旋转增量 RPY=(0.100, 0.000, 0.000)deg
[15:38:35.608] [info] [ManualAdjust] 当前外参 [lidar_front→cam_left]:
[15:38:35.608] [info]   旋转 RPY: (23.2299, -88.5405, -31.0062) deg
[15:38:35.608] [info]   平移 XYZ: (0.1230, 0.0399, -0.0527) m
[15:38:35.639] [debug] [ManualAdjust] 旋转增量 RPY=(0.100, 0.000, 0.000)deg
[15:38:35.639] [info] [ManualAdjust] 当前外参 [lidar_front→cam_left]:
[15:38:35.639] [info]   旋转 RPY: (23.3299, -88.5405, -31.0062) deg
[15:38:35.639] [info]   平移 XYZ: (0.1230, 0.0399, -0.0527) m
[15:38:35.669] [debug] [ManualAdjust] 旋转增量 RPY=(0.100, 0.000, 0.000)deg
[15:38:35.669] [info] [ManualAdjust] 当前外参 [lidar_front→cam_left]:
[15:38:35.669] [info]   旋转 RPY: (23.4299, -88.5405, -31.0062) deg
[15:38:35.669] [info]   平移 XYZ: (0.1230, 0.0399, -0.0527) m
[15:38:35.699] [debug] [ManualAdjust] 旋转增量 RPY=(0.100, 0.000, 0.000)deg
[15:38:35.699] [info] [ManualAdjust] 当前外参 [lidar_front→cam_left]:
[15:38:35.699] [info]   旋转 RPY: (23.5299, -88.5405, -31.0062) deg
[15:38:35.699] [info]   平移 XYZ: (0.1230, 0.0399, -0.0527) m
[15:38:35.729] [debug] [ManualAdjust] 旋转增量 RPY=(0.100, 0.000, 0.000)deg
[15:38:35.729] [info] [ManualAdjust] 当前外参 [lidar_front→cam_left]:
[15:38:35.729] [info]   旋转 RPY: (23.6299, -88.5405, -31.0062) deg
[15:38:35.729] [info]   平移 XYZ: (0.1230, 0.0399, -0.0527) m
[15:38:35.760] [debug] [ManualAdjust] 旋转增量 RPY=(0.100, 0.000, 0.000)deg
[15:38:35.760] [info] [ManualAdjust] 当前外参 [lidar_front→cam_left]:
[15:38:35.760] [info]   旋转 RPY: (23.7299, -88.5405, -31.0062) deg
[15:38:35.760] [info]   平移 XYZ: (0.1230, 0.0399, -0.0527) m
[15:38:35.790] [debug] [ManualAdjust] 旋转增量 RPY=(0.100, 0.000, 0.000)deg
[15:38:35.790] [info] [ManualAdjust] 当前外参 [lidar_front→cam_left]:
[15:38:35.790] [info]   旋转 RPY: (23.8299, -88.5405, -31.0062) deg
[15:38:35.790] [info]   平移 XYZ: (0.1230, 0.0399, -0.0527) m
[15:38:35.820] [debug] [ManualAdjust] 旋转增量 RPY=(0.100, 0.000, 0.000)deg
[15:38:35.820] [info] [ManualAdjust] 当前外参 [lidar_front→cam_left]:
[15:38:35.820] [info]   旋转 RPY: (23.9299, -88.5405, -31.0062) deg
[15:38:35.820] [info]   平移 XYZ: (0.1230, 0.0399, -0.0527) m
[15:38:35.850] [debug] [ManualAdjust] 旋转增量 RPY=(0.100, 0.000, 0.000)deg
[15:38:35.850] [info] [ManualAdjust] 当前外参 [lidar_front→cam_left]:
[15:38:35.850] [info]   旋转 RPY: (24.0299, -88.5405, -31.0062) deg
[15:38:35.850] [info]   平移 XYZ: (0.1230, 0.0399, -0.0527) m
[15:38:35.881] [debug] [ManualAdjust] 旋转增量 RPY=(0.100, 0.000, 0.000)deg
[15:38:35.881] [info] [ManualAdjust] 当前外参 [lidar_front→cam_left]:
[15:38:35.881] [info]   旋转 RPY: (24.1299, -88.5405, -31.0062) deg
[15:38:35.881] [info]   平移 XYZ: (0.1230, 0.0399, -0.0527) m
[15:38:35.911] [debug] [ManualAdjust] 旋转增量 RPY=(0.100, 0.000, 0.000)deg
[15:38:35.911] [info] [ManualAdjust] 当前外参 [lidar_front→cam_left]:
[15:38:35.911] [info]   旋转 RPY: (24.2299, -88.5405, -31.0062) deg
[15:38:35.911] [info]   平移 XYZ: (0.1230, 0.0399, -0.0527) m
[15:38:35.942] [debug] [ManualAdjust] 旋转增量 RPY=(0.100, 0.000, 0.000)deg
[15:38:35.942] [info] [ManualAdjust] 当前外参 [lidar_front→cam_left]:
[15:38:35.942] [info]   旋转 RPY: (24.3299, -88.5405, -31.0062) deg
[15:38:35.942] [info]   平移 XYZ: (0.1230, 0.0399, -0.0527) m
[15:38:35.972] [debug] [ManualAdjust] 旋转增量 RPY=(0.100, 0.000, 0.000)deg
[15:38:35.972] [info] [ManualAdjust] 当前外参 [lidar_front→cam_left]:
[15:38:35.972] [info]   旋转 RPY: (24.4299, -88.5405, -31.0062) deg
[15:38:35.972] [info]   平移 XYZ: (0.1230, 0.0399, -0.0527) m
[15:38:36.001] [debug] [ManualAdjust] 旋转增量 RPY=(0.100, 0.000, 0.000)deg
[15:38:36.001] [info] [ManualAdjust] 当前外参 [lidar_front→cam_left]:
[15:38:36.001] [info]   旋转 RPY: (24.5299, -88.5405, -31.0062) deg
[15:38:36.001] [info]   平移 XYZ: (0.1230, 0.0399, -0.0527) m
[15:38:36.031] [debug] [ManualAdjust] 旋转增量 RPY=(0.100, 0.000, 0.000)deg
[15:38:36.032] [info] [ManualAdjust] 当前外参 [lidar_front→cam_left]:
[15:38:36.032] [info]   旋转 RPY: (24.6299, -88.5405, -31.0062) deg
[15:38:36.032] [info]   平移 XYZ: (0.1230, 0.0399, -0.0527) m
[15:38:36.061] [debug] [ManualAdjust] 旋转增量 RPY=(0.100, 0.000, 0.000)deg
[15:38:36.061] [info] [ManualAdjust] 当前外参 [lidar_front→cam_left]:
[15:38:36.061] [info]   旋转 RPY: (24.7299, -88.5405, -31.0062) deg
[15:38:36.061] [info]   平移 XYZ: (0.1230, 0.0399, -0.0527) m
[15:38:36.092] [debug] [ManualAdjust] 旋转增量 RPY=(0.100, 0.000, 0.000)deg
[15:38:36.092] [info] [ManualAdjust] 当前外参 [lidar_front→cam_left]:
[15:38:36.092] [info]   旋转 RPY: (24.8299, -88.5405, -31.0062) deg
[15:38:36.092] [info]   平移 XYZ: (0.1230, 0.0399, -0.0527) m
[15:38:36.122] [debug] [ManualAdjust] 旋转增量 RPY=(0.100, 0.000, 0.000)deg
[15:38:36.122] [info] [ManualAdjust] 当前外参 [lidar_front→cam_left]:
[15:38:36.122] [info]   旋转 RPY: (24.9299, -88.5405, -31.0062) deg
[15:38:36.122] [info]   平移 XYZ: (0.1230, 0.0399, -0.0527) m
[15:38:36.152] [debug] [ManualAdjust] 旋转增量 RPY=(0.100, 0.000, 0.000)deg
[15:38:36.152] [info] [ManualAdjust] 当前外参 [lidar_front→cam_left]:
[15:38:36.152] [info]   旋转 RPY: (25.0299, -88.5405, -31.0062) deg
[15:38:36.152] [info]   平移 XYZ: (0.1230, 0.0399, -0.0527) m
[15:38:36.182] [debug] [ManualAdjust] 旋转增量 RPY=(0.100, 0.000, 0.000)deg
[15:38:36.182] [info] [ManualAdjust] 当前外参 [lidar_front→cam_left]:
[15:38:36.182] [info]   旋转 RPY: (25.1299, -88.5405, -31.0062) deg
[15:38:36.182] [info]   平移 XYZ: (0.1230, 0.0399, -0.0527) m
[15:38:36.211] [debug] [ManualAdjust] 旋转增量 RPY=(0.100, 0.000, 0.000)deg
[15:38:36.211] [info] [ManualAdjust] 当前外参 [lidar_front→cam_left]:
[15:38:36.211] [info]   旋转 RPY: (25.2299, -88.5405, -31.0062) deg
[15:38:36.211] [info]   平移 XYZ: (0.1230, 0.0399, -0.0527) m
[15:38:36.241] [debug] [ManualAdjust] 旋转增量 RPY=(0.100, 0.000, 0.000)deg
[15:38:36.241] [info] [ManualAdjust] 当前外参 [lidar_front→cam_left]:
[15:38:36.241] [info]   旋转 RPY: (25.3299, -88.5405, -31.0062) deg
[15:38:36.241] [info]   平移 XYZ: (0.1230, 0.0399, -0.0527) m
[15:38:36.272] [debug] [ManualAdjust] 旋转增量 RPY=(0.100, 0.000, 0.000)deg
[15:38:36.272] [info] [ManualAdjust] 当前外参 [lidar_front→cam_left]:
[15:38:36.272] [info]   旋转 RPY: (25.4299, -88.5405, -31.0062) deg
[15:38:36.272] [info]   平移 XYZ: (0.1230, 0.0399, -0.0527) m
[15:38:36.302] [debug] [ManualAdjust] 旋转增量 RPY=(0.100, 0.000, 0.000)deg
[15:38:36.302] [info] [ManualAdjust] 当前外参 [lidar_front→cam_left]:
[15:38:36.302] [info]   旋转 RPY: (25.5299, -88.5405, -31.0062) deg
[15:38:36.302] [info]   平移 XYZ: (0.1230, 0.0399, -0.0527) m
[15:38:36.333] [debug] [ManualAdjust] 旋转增量 RPY=(0.100, 0.000, 0.000)deg
[15:38:36.333] [info] [ManualAdjust] 当前外参 [lidar_front→cam_left]:
[15:38:36.333] [info]   旋转 RPY: (25.6299, -88.5405, -31.0062) deg
[15:38:36.333] [info]   平移 XYZ: (0.1230, 0.0399, -0.0527) m
[15:38:36.362] [debug] [ManualAdjust] 旋转增量 RPY=(0.100, 0.000, 0.000)deg
[15:38:36.362] [info] [ManualAdjust] 当前外参 [lidar_front→cam_left]:
[15:38:36.362] [info]   旋转 RPY: (25.7299, -88.5405, -31.0062) deg
[15:38:36.362] [info]   平移 XYZ: (0.1230, 0.0399, -0.0527) m
[15:38:36.393] [debug] [ManualAdjust] 旋转增量 RPY=(0.100, 0.000, 0.000)deg
[15:38:36.393] [info] [ManualAdjust] 当前外参 [lidar_front→cam_left]:
[15:38:36.393] [info]   旋转 RPY: (25.8299, -88.5405, -31.0062) deg
[15:38:36.393] [info]   平移 XYZ: (0.1230, 0.0399, -0.0527) m
[15:38:36.423] [debug] [ManualAdjust] 旋转增量 RPY=(0.100, 0.000, 0.000)deg
[15:38:36.423] [info] [ManualAdjust] 当前外参 [lidar_front→cam_left]:
[15:38:36.423] [info]   旋转 RPY: (25.9299, -88.5405, -31.0062) deg
[15:38:36.423] [info]   平移 XYZ: (0.1230, 0.0399, -0.0527) m
[15:38:36.452] [debug] [ManualAdjust] 旋转增量 RPY=(0.100, 0.000, 0.000)deg
[15:38:36.452] [info] [ManualAdjust] 当前外参 [lidar_front→cam_left]:
[15:38:36.452] [info]   旋转 RPY: (26.0299, -88.5405, -31.0062) deg
[15:38:36.452] [info]   平移 XYZ: (0.1230, 0.0399, -0.0527) m
[15:38:36.482] [debug] [ManualAdjust] 旋转增量 RPY=(0.100, 0.000, 0.000)deg
[15:38:36.483] [info] [ManualAdjust] 当前外参 [lidar_front→cam_left]:
[15:38:36.483] [info]   旋转 RPY: (26.1299, -88.5405, -31.0062) deg
[15:38:36.483] [info]   平移 XYZ: (0.1230, 0.0399, -0.0527) m
[15:38:36.513] [debug] [ManualAdjust] 旋转增量 RPY=(0.100, 0.000, 0.000)deg
[15:38:36.513] [info] [ManualAdjust] 当前外参 [lidar_front→cam_left]:
[15:38:36.513] [info]   旋转 RPY: (26.2299, -88.5405, -31.0062) deg
[15:38:36.513] [info]   平移 XYZ: (0.1230, 0.0399, -0.0527) m
[15:38:36.543] [debug] [ManualAdjust] 旋转增量 RPY=(0.100, 0.000, 0.000)deg
[15:38:36.543] [info] [ManualAdjust] 当前外参 [lidar_front→cam_left]:
[15:38:36.543] [info]   旋转 RPY: (26.3299, -88.5405, -31.0062) deg
[15:38:36.543] [info]   平移 XYZ: (0.1230, 0.0399, -0.0527) m
[15:38:36.572] [debug] [ManualAdjust] 旋转增量 RPY=(0.100, 0.000, 0.000)deg
[15:38:36.572] [info] [ManualAdjust] 当前外参 [lidar_front→cam_left]:
[15:38:36.572] [info]   旋转 RPY: (26.4299, -88.5405, -31.0062) deg
[15:38:36.572] [info]   平移 XYZ: (0.1230, 0.0399, -0.0527) m
[15:38:36.602] [debug] [ManualAdjust] 旋转增量 RPY=(0.100, 0.000, 0.000)deg
[15:38:36.602] [info] [ManualAdjust] 当前外参 [lidar_front→cam_left]:
[15:38:36.602] [info]   旋转 RPY: (26.5299, -88.5405, -31.0062) deg
[15:38:36.602] [info]   平移 XYZ: (0.1230, 0.0399, -0.0527) m
[15:38:36.633] [debug] [ManualAdjust] 旋转增量 RPY=(0.100, 0.000, 0.000)deg
[15:38:36.633] [info] [ManualAdjust] 当前外参 [lidar_front→cam_left]:
[15:38:36.633] [info]   旋转 RPY: (26.6299, -88.5405, -31.0062) deg
[15:38:36.633] [info]   平移 XYZ: (0.1230, 0.0399, -0.0527) m
[15:38:36.662] [debug] [ManualAdjust] 旋转增量 RPY=(0.100, 0.000, 0.000)deg
[15:38:36.662] [info] [ManualAdjust] 当前外参 [lidar_front→cam_left]:
[15:38:36.662] [info]   旋转 RPY: (26.7299, -88.5405, -31.0062) deg
[15:38:36.662] [info]   平移 XYZ: (0.1230, 0.0399, -0.0527) m
[15:38:36.693] [debug] [ManualAdjust] 旋转增量 RPY=(0.100, 0.000, 0.000)deg
[15:38:36.693] [info] [ManualAdjust] 当前外参 [lidar_front→cam_left]:
[15:38:36.693] [info]   旋转 RPY: (26.8299, -88.5405, -31.0062) deg
[15:38:36.693] [info]   平移 XYZ: (0.1230, 0.0399, -0.0527) m
[15:38:36.722] [debug] [ManualAdjust] 旋转增量 RPY=(0.100, 0.000, 0.000)deg
[15:38:36.722] [info] [ManualAdjust] 当前外参 [lidar_front→cam_left]:
[15:38:36.722] [info]   旋转 RPY: (26.9299, -88.5405, -31.0062) deg
[15:38:36.722] [info]   平移 XYZ: (0.1230, 0.0399, -0.0527) m
[15:38:36.753] [debug] [ManualAdjust] 旋转增量 RPY=(0.100, 0.000, 0.000)deg
[15:38:36.753] [info] [ManualAdjust] 当前外参 [lidar_front→cam_left]:
[15:38:36.753] [info]   旋转 RPY: (27.0299, -88.5405, -31.0062) deg
[15:38:36.753] [info]   平移 XYZ: (0.1230, 0.0399, -0.0527) m
[15:38:36.783] [debug] [ManualAdjust] 旋转增量 RPY=(0.100, 0.000, 0.000)deg
[15:38:36.783] [info] [ManualAdjust] 当前外参 [lidar_front→cam_left]:
[15:38:36.783] [info]   旋转 RPY: (27.1299, -88.5405, -31.0062) deg
[15:38:36.783] [info]   平移 XYZ: (0.1230, 0.0399, -0.0527) m
[15:38:36.813] [debug] [ManualAdjust] 旋转增量 RPY=(0.100, 0.000, 0.000)deg
[15:38:36.813] [info] [ManualAdjust] 当前外参 [lidar_front→cam_left]:
[15:38:36.813] [info]   旋转 RPY: (27.2299, -88.5405, -31.0062) deg
[15:38:36.813] [info]   平移 XYZ: (0.1230, 0.0399, -0.0527) m
[15:38:36.842] [debug] [ManualAdjust] 旋转增量 RPY=(0.100, 0.000, 0.000)deg
[15:38:36.842] [info] [ManualAdjust] 当前外参 [lidar_front→cam_left]:
[15:38:36.842] [info]   旋转 RPY: (27.3299, -88.5405, -31.0062) deg
[15:38:36.842] [info]   平移 XYZ: (0.1230, 0.0399, -0.0527) m
[15:38:36.872] [debug] [ManualAdjust] 旋转增量 RPY=(0.100, 0.000, 0.000)deg
[15:38:36.872] [info] [ManualAdjust] 当前外参 [lidar_front→cam_left]:
[15:38:36.872] [info]   旋转 RPY: (27.4299, -88.5405, -31.0062) deg
[15:38:36.873] [info]   平移 XYZ: (0.1230, 0.0399, -0.0527) m
[15:38:36.902] [debug] [ManualAdjust] 旋转增量 RPY=(0.100, 0.000, 0.000)deg
[15:38:36.902] [info] [ManualAdjust] 当前外参 [lidar_front→cam_left]:
[15:38:36.903] [info]   旋转 RPY: (27.5299, -88.5405, -31.0062) deg
[15:38:36.903] [info]   平移 XYZ: (0.1230, 0.0399, -0.0527) m
[15:38:36.932] [debug] [ManualAdjust] 旋转增量 RPY=(0.100, 0.000, 0.000)deg
[15:38:36.932] [info] [ManualAdjust] 当前外参 [lidar_front→cam_left]:
[15:38:36.932] [info]   旋转 RPY: (27.6299, -88.5405, -31.0062) deg
[15:38:36.932] [info]   平移 XYZ: (0.1230, 0.0399, -0.0527) m
[15:38:36.962] [debug] [ManualAdjust] 旋转增量 RPY=(0.100, 0.000, 0.000)deg
[15:38:36.962] [info] [ManualAdjust] 当前外参 [lidar_front→cam_left]:
[15:38:36.962] [info]   旋转 RPY: (27.7299, -88.5405, -31.0062) deg
[15:38:36.962] [info]   平移 XYZ: (0.1230, 0.0399, -0.0527) m
[15:38:36.993] [debug] [ManualAdjust] 旋转增量 RPY=(0.100, 0.000, 0.000)deg
[15:38:36.993] [info] [ManualAdjust] 当前外参 [lidar_front→cam_left]:
[15:38:36.993] [info]   旋转 RPY: (27.8299, -88.5405, -31.0062) deg
[15:38:36.993] [info]   平移 XYZ: (0.1230, 0.0399, -0.0527) m
[15:38:37.022] [debug] [ManualAdjust] 旋转增量 RPY=(0.100, 0.000, 0.000)deg
[15:38:37.022] [info] [ManualAdjust] 当前外参 [lidar_front→cam_left]:
[15:38:37.022] [info]   旋转 RPY: (27.9299, -88.5405, -31.0062) deg
[15:38:37.022] [info]   平移 XYZ: (0.1230, 0.0399, -0.0527) m
[15:38:37.052] [debug] [ManualAdjust] 旋转增量 RPY=(0.100, 0.000, 0.000)deg
[15:38:37.052] [info] [ManualAdjust] 当前外参 [lidar_front→cam_left]:
[15:38:37.052] [info]   旋转 RPY: (28.0299, -88.5405, -31.0062) deg
[15:38:37.052] [info]   平移 XYZ: (0.1230, 0.0399, -0.0527) m
[15:38:37.082] [debug] [ManualAdjust] 旋转增量 RPY=(0.100, 0.000, 0.000)deg
[15:38:37.082] [info] [ManualAdjust] 当前外参 [lidar_front→cam_left]:
[15:38:37.082] [info]   旋转 RPY: (28.1299, -88.5405, -31.0062) deg
[15:38:37.082] [info]   平移 XYZ: (0.1230, 0.0399, -0.0527) m
[15:38:37.114] [debug] [ManualAdjust] 旋转增量 RPY=(0.100, 0.000, 0.000)deg
[15:38:37.114] [info] [ManualAdjust] 当前外参 [lidar_front→cam_left]:
[15:38:37.114] [info]   旋转 RPY: (28.2299, -88.5405, -31.0062) deg
[15:38:37.114] [info]   平移 XYZ: (0.1230, 0.0399, -0.0527) m
[15:38:37.143] [debug] [ManualAdjust] 旋转增量 RPY=(0.100, 0.000, 0.000)deg
[15:38:37.143] [info] [ManualAdjust] 当前外参 [lidar_front→cam_left]:
[15:38:37.143] [info]   旋转 RPY: (28.3299, -88.5405, -31.0062) deg
[15:38:37.143] [info]   平移 XYZ: (0.1230, 0.0399, -0.0527) m
[15:38:37.174] [debug] [ManualAdjust] 旋转增量 RPY=(0.100, 0.000, 0.000)deg
[15:38:37.174] [info] [ManualAdjust] 当前外参 [lidar_front→cam_left]:
[15:38:37.174] [info]   旋转 RPY: (28.4299, -88.5405, -31.0062) deg
[15:38:37.174] [info]   平移 XYZ: (0.1230, 0.0399, -0.0527) m
[15:38:37.203] [debug] [ManualAdjust] 旋转增量 RPY=(0.100, 0.000, 0.000)deg
[15:38:37.203] [info] [ManualAdjust] 当前外参 [lidar_front→cam_left]:
[15:38:37.203] [info]   旋转 RPY: (28.5299, -88.5405, -31.0062) deg
[15:38:37.203] [info]   平移 XYZ: (0.1230, 0.0399, -0.0527) m
[15:38:37.234] [debug] [ManualAdjust] 旋转增量 RPY=(0.100, 0.000, 0.000)deg
[15:38:37.234] [info] [ManualAdjust] 当前外参 [lidar_front→cam_left]:
[15:38:37.234] [info]   旋转 RPY: (28.6299, -88.5405, -31.0062) deg
[15:38:37.234] [info]   平移 XYZ: (0.1230, 0.0399, -0.0527) m
[15:38:37.264] [debug] [ManualAdjust] 旋转增量 RPY=(0.100, 0.000, 0.000)deg
[15:38:37.264] [info] [ManualAdjust] 当前外参 [lidar_front→cam_left]:
[15:38:37.264] [info]   旋转 RPY: (28.7299, -88.5405, -31.0062) deg
[15:38:37.264] [info]   平移 XYZ: (0.1230, 0.0399, -0.0527) m
[15:38:37.294] [debug] [ManualAdjust] 旋转增量 RPY=(0.100, 0.000, 0.000)deg
[15:38:37.294] [info] [ManualAdjust] 当前外参 [lidar_front→cam_left]:
[15:38:37.294] [info]   旋转 RPY: (28.8299, -88.5405, -31.0062) deg
[15:38:37.294] [info]   平移 XYZ: (0.1230, 0.0399, -0.0527) m
[15:38:37.323] [debug] [ManualAdjust] 旋转增量 RPY=(0.100, 0.000, 0.000)deg
[15:38:37.324] [info] [ManualAdjust] 当前外参 [lidar_front→cam_left]:
[15:38:37.324] [info]   旋转 RPY: (28.9299, -88.5405, -31.0062) deg
[15:38:37.324] [info]   平移 XYZ: (0.1230, 0.0399, -0.0527) m
[15:38:37.355] [debug] [ManualAdjust] 旋转增量 RPY=(0.100, 0.000, 0.000)deg
[15:38:37.355] [info] [ManualAdjust] 当前外参 [lidar_front→cam_left]:
[15:38:37.355] [info]   旋转 RPY: (29.0299, -88.5405, -31.0062) deg
[15:38:37.355] [info]   平移 XYZ: (0.1230, 0.0399, -0.0527) m
[15:38:37.385] [debug] [ManualAdjust] 旋转增量 RPY=(0.100, 0.000, 0.000)deg
[15:38:37.385] [info] [ManualAdjust] 当前外参 [lidar_front→cam_left]:
[15:38:37.385] [info]   旋转 RPY: (29.1299, -88.5405, -31.0062) deg
[15:38:37.385] [info]   平移 XYZ: (0.1230, 0.0399, -0.0527) m
[15:38:37.415] [debug] [ManualAdjust] 旋转增量 RPY=(0.100, 0.000, 0.000)deg
[15:38:37.415] [info] [ManualAdjust] 当前外参 [lidar_front→cam_left]:
[15:38:37.415] [info]   旋转 RPY: (29.2299, -88.5405, -31.0062) deg
[15:38:37.415] [info]   平移 XYZ: (0.1230, 0.0399, -0.0527) m
[15:38:37.445] [debug] [ManualAdjust] 旋转增量 RPY=(0.100, 0.000, 0.000)deg
[15:38:37.445] [info] [ManualAdjust] 当前外参 [lidar_front→cam_left]:
[15:38:37.445] [info]   旋转 RPY: (29.3299, -88.5405, -31.0062) deg
[15:38:37.445] [info]   平移 XYZ: (0.1230, 0.0399, -0.0527) m
[15:38:37.475] [debug] [ManualAdjust] 旋转增量 RPY=(0.100, 0.000, 0.000)deg
[15:38:37.475] [info] [ManualAdjust] 当前外参 [lidar_front→cam_left]:
[15:38:37.475] [info]   旋转 RPY: (29.4299, -88.5405, -31.0062) deg
[15:38:37.475] [info]   平移 XYZ: (0.1230, 0.0399, -0.0527) m
[15:38:37.505] [debug] [ManualAdjust] 旋转增量 RPY=(0.100, 0.000, 0.000)deg
[15:38:37.505] [info] [ManualAdjust] 当前外参 [lidar_front→cam_left]:
[15:38:37.505] [info]   旋转 RPY: (29.5299, -88.5405, -31.0062) deg
[15:38:37.505] [info]   平移 XYZ: (0.1230, 0.0399, -0.0527) m
[15:38:37.535] [debug] [ManualAdjust] 旋转增量 RPY=(0.100, 0.000, 0.000)deg
[15:38:37.535] [info] [ManualAdjust] 当前外参 [lidar_front→cam_left]:
[15:38:37.535] [info]   旋转 RPY: (29.6299, -88.5405, -31.0062) deg
[15:38:37.535] [info]   平移 XYZ: (0.1230, 0.0399, -0.0527) m
[15:38:37.565] [debug] [ManualAdjust] 旋转增量 RPY=(0.100, 0.000, 0.000)deg
[15:38:37.565] [info] [ManualAdjust] 当前外参 [lidar_front→cam_left]:
[15:38:37.565] [info]   旋转 RPY: (29.7299, -88.5405, -31.0062) deg
[15:38:37.565] [info]   平移 XYZ: (0.1230, 0.0399, -0.0527) m
[15:38:37.595] [debug] [ManualAdjust] 旋转增量 RPY=(0.100, 0.000, 0.000)deg
[15:38:37.595] [info] [ManualAdjust] 当前外参 [lidar_front→cam_left]:
[15:38:37.595] [info]   旋转 RPY: (29.8299, -88.5405, -31.0062) deg
[15:38:37.595] [info]   平移 XYZ: (0.1230, 0.0399, -0.0527) m
[15:38:37.625] [debug] [ManualAdjust] 旋转增量 RPY=(0.100, 0.000, 0.000)deg
[15:38:37.626] [info] [ManualAdjust] 当前外参 [lidar_front→cam_left]:
[15:38:37.626] [info]   旋转 RPY: (29.9299, -88.5405, -31.0062) deg
[15:38:37.626] [info]   平移 XYZ: (0.1230, 0.0399, -0.0527) m
[15:38:37.656] [debug] [ManualAdjust] 旋转增量 RPY=(0.100, 0.000, 0.000)deg
[15:38:37.656] [info] [ManualAdjust] 当前外参 [lidar_front→cam_left]:
[15:38:37.656] [info]   旋转 RPY: (30.0299, -88.5405, -31.0062) deg
[15:38:37.656] [info]   平移 XYZ: (0.1230, 0.0399, -0.0527) m
[15:38:37.686] [debug] [ManualAdjust] 旋转增量 RPY=(0.100, 0.000, 0.000)deg
[15:38:37.686] [info] [ManualAdjust] 当前外参 [lidar_front→cam_left]:
[15:38:37.686] [info]   旋转 RPY: (30.1299, -88.5405, -31.0062) deg
[15:38:37.686] [info]   平移 XYZ: (0.1230, 0.0399, -0.0527) m
[15:38:37.716] [debug] [ManualAdjust] 旋转增量 RPY=(0.100, 0.000, 0.000)deg
[15:38:37.716] [info] [ManualAdjust] 当前外参 [lidar_front→cam_left]:
[15:38:37.716] [info]   旋转 RPY: (30.2299, -88.5405, -31.0062) deg
[15:38:37.716] [info]   平移 XYZ: (0.1230, 0.0399, -0.0527) m
[15:38:37.747] [debug] [ManualAdjust] 旋转增量 RPY=(0.100, 0.000, 0.000)deg
[15:38:37.747] [info] [ManualAdjust] 当前外参 [lidar_front→cam_left]:
[15:38:37.747] [info]   旋转 RPY: (30.3299, -88.5405, -31.0062) deg
[15:38:37.747] [info]   平移 XYZ: (0.1230, 0.0399, -0.0527) m
[15:38:37.777] [debug] [ManualAdjust] 旋转增量 RPY=(0.100, 0.000, 0.000)deg
[15:38:37.777] [info] [ManualAdjust] 当前外参 [lidar_front→cam_left]:
[15:38:37.777] [info]   旋转 RPY: (30.4299, -88.5405, -31.0062) deg
[15:38:37.777] [info]   平移 XYZ: (0.1230, 0.0399, -0.0527) m
[15:38:37.806] [debug] [ManualAdjust] 旋转增量 RPY=(0.100, 0.000, 0.000)deg
[15:38:37.806] [info] [ManualAdjust] 当前外参 [lidar_front→cam_left]:
[15:38:37.806] [info]   旋转 RPY: (30.5299, -88.5405, -31.0062) deg
[15:38:37.806] [info]   平移 XYZ: (0.1230, 0.0399, -0.0527) m
[15:38:37.837] [debug] [ManualAdjust] 旋转增量 RPY=(0.100, 0.000, 0.000)deg
[15:38:37.837] [info] [ManualAdjust] 当前外参 [lidar_front→cam_left]:
[15:38:37.837] [info]   旋转 RPY: (30.6299, -88.5405, -31.0062) deg
[15:38:37.837] [info]   平移 XYZ: (0.1230, 0.0399, -0.0527) m
[15:38:37.867] [debug] [ManualAdjust] 旋转增量 RPY=(0.100, 0.000, 0.000)deg
[15:38:37.867] [info] [ManualAdjust] 当前外参 [lidar_front→cam_left]:
[15:38:37.867] [info]   旋转 RPY: (30.7299, -88.5405, -31.0062) deg
[15:38:37.867] [info]   平移 XYZ: (0.1230, 0.0399, -0.0527) m
[15:38:37.897] [debug] [ManualAdjust] 旋转增量 RPY=(0.100, 0.000, 0.000)deg
[15:38:37.897] [info] [ManualAdjust] 当前外参 [lidar_front→cam_left]:
[15:38:37.897] [info]   旋转 RPY: (30.8299, -88.5405, -31.0062) deg
[15:38:37.897] [info]   平移 XYZ: (0.1230, 0.0399, -0.0527) m
[15:38:37.927] [debug] [ManualAdjust] 旋转增量 RPY=(0.100, 0.000, 0.000)deg
[15:38:37.927] [info] [ManualAdjust] 当前外参 [lidar_front→cam_left]:
[15:38:37.927] [info]   旋转 RPY: (30.9299, -88.5405, -31.0062) deg
[15:38:37.927] [info]   平移 XYZ: (0.1230, 0.0399, -0.0527) m
[15:38:37.958] [debug] [ManualAdjust] 旋转增量 RPY=(0.100, 0.000, 0.000)deg
[15:38:37.958] [info] [ManualAdjust] 当前外参 [lidar_front→cam_left]:
[15:38:37.958] [info]   旋转 RPY: (31.0299, -88.5405, -31.0062) deg
[15:38:37.958] [info]   平移 XYZ: (0.1230, 0.0399, -0.0527) m
[15:38:37.988] [debug] [ManualAdjust] 旋转增量 RPY=(0.100, 0.000, 0.000)deg
[15:38:37.988] [info] [ManualAdjust] 当前外参 [lidar_front→cam_left]:
[15:38:37.988] [info]   旋转 RPY: (31.1299, -88.5405, -31.0062) deg
[15:38:37.988] [info]   平移 XYZ: (0.1230, 0.0399, -0.0527) m
[15:38:38.020] [debug] [ManualAdjust] 旋转增量 RPY=(0.100, 0.000, 0.000)deg
[15:38:38.020] [info] [ManualAdjust] 当前外参 [lidar_front→cam_left]:
[15:38:38.020] [info]   旋转 RPY: (31.2299, -88.5405, -31.0062) deg
[15:38:38.020] [info]   平移 XYZ: (0.1230, 0.0399, -0.0527) m
[15:38:38.051] [debug] [ManualAdjust] 旋转增量 RPY=(0.100, 0.000, 0.000)deg
[15:38:38.051] [info] [ManualAdjust] 当前外参 [lidar_front→cam_left]:
[15:38:38.051] [info]   旋转 RPY: (31.3299, -88.5405, -31.0062) deg
[15:38:38.051] [info]   平移 XYZ: (0.1230, 0.0399, -0.0527) m
[15:38:38.080] [debug] [ManualAdjust] 旋转增量 RPY=(0.100, 0.000, 0.000)deg
[15:38:38.080] [info] [ManualAdjust] 当前外参 [lidar_front→cam_left]:
[15:38:38.080] [info]   旋转 RPY: (31.4299, -88.5405, -31.0062) deg
[15:38:38.080] [info]   平移 XYZ: (0.1230, 0.0399, -0.0527) m
[15:38:38.111] [debug] [ManualAdjust] 旋转增量 RPY=(0.100, 0.000, 0.000)deg
[15:38:38.111] [info] [ManualAdjust] 当前外参 [lidar_front→cam_left]:
[15:38:38.111] [info]   旋转 RPY: (31.5299, -88.5405, -31.0062) deg
[15:38:38.111] [info]   平移 XYZ: (0.1230, 0.0399, -0.0527) m
[15:38:38.141] [debug] [ManualAdjust] 旋转增量 RPY=(0.100, 0.000, 0.000)deg
[15:38:38.141] [info] [ManualAdjust] 当前外参 [lidar_front→cam_left]:
[15:38:38.141] [info]   旋转 RPY: (31.6299, -88.5405, -31.0062) deg
[15:38:38.141] [info]   平移 XYZ: (0.1230, 0.0399, -0.0527) m
[15:38:38.171] [debug] [ManualAdjust] 旋转增量 RPY=(0.100, 0.000, 0.000)deg
[15:38:38.171] [info] [ManualAdjust] 当前外参 [lidar_front→cam_left]:
[15:38:38.171] [info]   旋转 RPY: (31.7299, -88.5405, -31.0062) deg
[15:38:38.171] [info]   平移 XYZ: (0.1230, 0.0399, -0.0527) m
[15:38:38.201] [debug] [ManualAdjust] 旋转增量 RPY=(0.100, 0.000, 0.000)deg
[15:38:38.201] [info] [ManualAdjust] 当前外参 [lidar_front→cam_left]:
[15:38:38.201] [info]   旋转 RPY: (31.8299, -88.5405, -31.0062) deg
[15:38:38.201] [info]   平移 XYZ: (0.1230, 0.0399, -0.0527) m
[15:38:38.232] [debug] [ManualAdjust] 旋转增量 RPY=(0.100, 0.000, 0.000)deg
[15:38:38.232] [info] [ManualAdjust] 当前外参 [lidar_front→cam_left]:
[15:38:38.232] [info]   旋转 RPY: (31.9299, -88.5405, -31.0062) deg
[15:38:38.232] [info]   平移 XYZ: (0.1230, 0.0399, -0.0527) m
[15:38:38.261] [debug] [ManualAdjust] 旋转增量 RPY=(0.100, 0.000, 0.000)deg
[15:38:38.261] [info] [ManualAdjust] 当前外参 [lidar_front→cam_left]:
[15:38:38.261] [info]   旋转 RPY: (32.0299, -88.5405, -31.0062) deg
[15:38:38.262] [info]   平移 XYZ: (0.1230, 0.0399, -0.0527) m
[15:38:38.292] [debug] [ManualAdjust] 旋转增量 RPY=(0.100, 0.000, 0.000)deg
[15:38:38.292] [info] [ManualAdjust] 当前外参 [lidar_front→cam_left]:
[15:38:38.292] [info]   旋转 RPY: (32.1299, -88.5405, -31.0062) deg
[15:38:38.292] [info]   平移 XYZ: (0.1230, 0.0399, -0.0527) m
[15:38:38.321] [debug] [ManualAdjust] 旋转增量 RPY=(0.100, 0.000, 0.000)deg
[15:38:38.321] [info] [ManualAdjust] 当前外参 [lidar_front→cam_left]:
[15:38:38.321] [info]   旋转 RPY: (32.2299, -88.5405, -31.0062) deg
[15:38:38.321] [info]   平移 XYZ: (0.1230, 0.0399, -0.0527) m
[15:38:38.352] [debug] [ManualAdjust] 旋转增量 RPY=(0.100, 0.000, 0.000)deg
[15:38:38.352] [info] [ManualAdjust] 当前外参 [lidar_front→cam_left]:
[15:38:38.352] [info]   旋转 RPY: (32.3299, -88.5405, -31.0062) deg
[15:38:38.352] [info]   平移 XYZ: (0.1230, 0.0399, -0.0527) m
[15:38:38.382] [debug] [ManualAdjust] 旋转增量 RPY=(0.100, 0.000, 0.000)deg
[15:38:38.382] [info] [ManualAdjust] 当前外参 [lidar_front→cam_left]:
[15:38:38.382] [info]   旋转 RPY: (32.4299, -88.5405, -31.0062) deg
[15:38:38.382] [info]   平移 XYZ: (0.1230, 0.0399, -0.0527) m
[15:38:38.411] [debug] [ManualAdjust] 旋转增量 RPY=(0.100, 0.000, 0.000)deg
[15:38:38.411] [info] [ManualAdjust] 当前外参 [lidar_front→cam_left]:
[15:38:38.411] [info]   旋转 RPY: (32.5299, -88.5405, -31.0062) deg
[15:38:38.411] [info]   平移 XYZ: (0.1230, 0.0399, -0.0527) m
[15:38:38.441] [debug] [ManualAdjust] 旋转增量 RPY=(0.100, 0.000, 0.000)deg
[15:38:38.441] [info] [ManualAdjust] 当前外参 [lidar_front→cam_left]:
[15:38:38.441] [info]   旋转 RPY: (32.6299, -88.5405, -31.0062) deg
[15:38:38.441] [info]   平移 XYZ: (0.1230, 0.0399, -0.0527) m
[15:38:38.472] [debug] [ManualAdjust] 旋转增量 RPY=(0.100, 0.000, 0.000)deg
[15:38:38.472] [info] [ManualAdjust] 当前外参 [lidar_front→cam_left]:
[15:38:38.472] [info]   旋转 RPY: (32.7299, -88.5405, -31.0062) deg
[15:38:38.472] [info]   平移 XYZ: (0.1230, 0.0399, -0.0527) m
[15:38:38.501] [debug] [ManualAdjust] 旋转增量 RPY=(0.100, 0.000, 0.000)deg
[15:38:38.501] [info] [ManualAdjust] 当前外参 [lidar_front→cam_left]:
[15:38:38.501] [info]   旋转 RPY: (32.8299, -88.5405, -31.0062) deg
[15:38:38.501] [info]   平移 XYZ: (0.1230, 0.0399, -0.0527) m
[15:38:38.531] [debug] [ManualAdjust] 旋转增量 RPY=(0.100, 0.000, 0.000)deg
[15:38:38.531] [info] [ManualAdjust] 当前外参 [lidar_front→cam_left]:
[15:38:38.531] [info]   旋转 RPY: (32.9299, -88.5405, -31.0062) deg
[15:38:38.531] [info]   平移 XYZ: (0.1230, 0.0399, -0.0527) m
[15:38:38.561] [debug] [ManualAdjust] 旋转增量 RPY=(0.100, 0.000, 0.000)deg
[15:38:38.561] [info] [ManualAdjust] 当前外参 [lidar_front→cam_left]:
[15:38:38.561] [info]   旋转 RPY: (33.0299, -88.5405, -31.0062) deg
[15:38:38.561] [info]   平移 XYZ: (0.1230, 0.0399, -0.0527) m
[15:38:38.592] [debug] [ManualAdjust] 旋转增量 RPY=(0.100, 0.000, 0.000)deg
[15:38:38.592] [info] [ManualAdjust] 当前外参 [lidar_front→cam_left]:
[15:38:38.592] [info]   旋转 RPY: (33.1299, -88.5405, -31.0062) deg
[15:38:38.592] [info]   平移 XYZ: (0.1230, 0.0399, -0.0527) m
[15:38:38.622] [debug] [ManualAdjust] 旋转增量 RPY=(0.100, 0.000, 0.000)deg
[15:38:38.622] [info] [ManualAdjust] 当前外参 [lidar_front→cam_left]:
[15:38:38.622] [info]   旋转 RPY: (33.2299, -88.5405, -31.0062) deg
[15:38:38.622] [info]   平移 XYZ: (0.1230, 0.0399, -0.0527) m
[15:38:38.652] [debug] [ManualAdjust] 旋转增量 RPY=(0.100, 0.000, 0.000)deg
[15:38:38.652] [info] [ManualAdjust] 当前外参 [lidar_front→cam_left]:
[15:38:38.652] [info]   旋转 RPY: (33.3299, -88.5405, -31.0062) deg
[15:38:38.652] [info]   平移 XYZ: (0.1230, 0.0399, -0.0527) m
[15:38:38.681] [debug] [ManualAdjust] 旋转增量 RPY=(0.100, 0.000, 0.000)deg
[15:38:38.681] [info] [ManualAdjust] 当前外参 [lidar_front→cam_left]:
[15:38:38.681] [info]   旋转 RPY: (33.4299, -88.5405, -31.0062) deg
[15:38:38.681] [info]   平移 XYZ: (0.1230, 0.0399, -0.0527) m
[15:38:38.711] [debug] [ManualAdjust] 旋转增量 RPY=(0.100, 0.000, 0.000)deg
[15:38:38.711] [info] [ManualAdjust] 当前外参 [lidar_front→cam_left]:
[15:38:38.711] [info]   旋转 RPY: (33.5299, -88.5405, -31.0062) deg
[15:38:38.711] [info]   平移 XYZ: (0.1230, 0.0399, -0.0527) m
[15:38:38.742] [debug] [ManualAdjust] 旋转增量 RPY=(0.100, 0.000, 0.000)deg
[15:38:38.742] [info] [ManualAdjust] 当前外参 [lidar_front→cam_left]:
[15:38:38.742] [info]   旋转 RPY: (33.6299, -88.5405, -31.0062) deg
[15:38:38.742] [info]   平移 XYZ: (0.1230, 0.0399, -0.0527) m
[15:38:38.771] [debug] [ManualAdjust] 旋转增量 RPY=(0.100, 0.000, 0.000)deg
[15:38:38.771] [info] [ManualAdjust] 当前外参 [lidar_front→cam_left]:
[15:38:38.771] [info]   旋转 RPY: (33.7299, -88.5405, -31.0062) deg
[15:38:38.771] [info]   平移 XYZ: (0.1230, 0.0399, -0.0527) m
[15:38:38.801] [debug] [ManualAdjust] 旋转增量 RPY=(0.100, 0.000, 0.000)deg
[15:38:38.801] [info] [ManualAdjust] 当前外参 [lidar_front→cam_left]:
[15:38:38.801] [info]   旋转 RPY: (33.8299, -88.5405, -31.0062) deg
[15:38:38.801] [info]   平移 XYZ: (0.1230, 0.0399, -0.0527) m
[15:38:38.832] [debug] [ManualAdjust] 旋转增量 RPY=(0.100, 0.000, 0.000)deg
[15:38:38.832] [info] [ManualAdjust] 当前外参 [lidar_front→cam_left]:
[15:38:38.832] [info]   旋转 RPY: (33.9299, -88.5405, -31.0062) deg
[15:38:38.832] [info]   平移 XYZ: (0.1230, 0.0399, -0.0527) m
[15:38:38.861] [debug] [ManualAdjust] 旋转增量 RPY=(0.100, 0.000, 0.000)deg
[15:38:38.861] [info] [ManualAdjust] 当前外参 [lidar_front→cam_left]:
[15:38:38.861] [info]   旋转 RPY: (34.0299, -88.5405, -31.0062) deg
[15:38:38.861] [info]   平移 XYZ: (0.1230, 0.0399, -0.0527) m
[15:38:38.893] [debug] [ManualAdjust] 旋转增量 RPY=(0.100, 0.000, 0.000)deg
[15:38:38.893] [info] [ManualAdjust] 当前外参 [lidar_front→cam_left]:
[15:38:38.893] [info]   旋转 RPY: (34.1299, -88.5405, -31.0062) deg
[15:38:38.893] [info]   平移 XYZ: (0.1230, 0.0399, -0.0527) m
[15:38:38.923] [debug] [ManualAdjust] 旋转增量 RPY=(0.100, 0.000, 0.000)deg
[15:38:38.923] [info] [ManualAdjust] 当前外参 [lidar_front→cam_left]:
[15:38:38.923] [info]   旋转 RPY: (34.2299, -88.5405, -31.0062) deg
[15:38:38.923] [info]   平移 XYZ: (0.1230, 0.0399, -0.0527) m
[15:38:38.953] [debug] [ManualAdjust] 旋转增量 RPY=(0.100, 0.000, 0.000)deg
[15:38:38.953] [info] [ManualAdjust] 当前外参 [lidar_front→cam_left]:
[15:38:38.953] [info]   旋转 RPY: (34.3299, -88.5405, -31.0062) deg
[15:38:38.953] [info]   平移 XYZ: (0.1230, 0.0399, -0.0527) m
[15:38:38.983] [debug] [ManualAdjust] 旋转增量 RPY=(0.100, 0.000, 0.000)deg
[15:38:38.983] [info] [ManualAdjust] 当前外参 [lidar_front→cam_left]:
[15:38:38.983] [info]   旋转 RPY: (34.4299, -88.5405, -31.0062) deg
[15:38:38.983] [info]   平移 XYZ: (0.1230, 0.0399, -0.0527) m
[15:38:39.013] [debug] [ManualAdjust] 旋转增量 RPY=(0.100, 0.000, 0.000)deg
[15:38:39.013] [info] [ManualAdjust] 当前外参 [lidar_front→cam_left]:
[15:38:39.013] [info]   旋转 RPY: (34.5299, -88.5405, -31.0062) deg
[15:38:39.013] [info]   平移 XYZ: (0.1230, 0.0399, -0.0527) m
[15:38:39.043] [debug] [ManualAdjust] 旋转增量 RPY=(0.100, 0.000, 0.000)deg
[15:38:39.043] [info] [ManualAdjust] 当前外参 [lidar_front→cam_left]:
[15:38:39.043] [info]   旋转 RPY: (34.6299, -88.5405, -31.0062) deg
[15:38:39.043] [info]   平移 XYZ: (0.1230, 0.0399, -0.0527) m
[15:38:39.074] [debug] [ManualAdjust] 旋转增量 RPY=(0.100, 0.000, 0.000)deg
[15:38:39.074] [info] [ManualAdjust] 当前外参 [lidar_front→cam_left]:
[15:38:39.074] [info]   旋转 RPY: (34.7299, -88.5405, -31.0062) deg
[15:38:39.074] [info]   平移 XYZ: (0.1230, 0.0399, -0.0527) m
[15:38:39.105] [debug] [ManualAdjust] 旋转增量 RPY=(0.100, 0.000, 0.000)deg
[15:38:39.105] [info] [ManualAdjust] 当前外参 [lidar_front→cam_left]:
[15:38:39.105] [info]   旋转 RPY: (34.8299, -88.5405, -31.0062) deg
[15:38:39.105] [info]   平移 XYZ: (0.1230, 0.0399, -0.0527) m
[15:38:39.137] [debug] [ManualAdjust] 旋转增量 RPY=(0.100, 0.000, 0.000)deg
[15:38:39.137] [info] [ManualAdjust] 当前外参 [lidar_front→cam_left]:
[15:38:39.137] [info]   旋转 RPY: (34.9299, -88.5405, -31.0062) deg
[15:38:39.137] [info]   平移 XYZ: (0.1230, 0.0399, -0.0527) m
[15:38:39.167] [debug] [ManualAdjust] 旋转增量 RPY=(0.100, 0.000, 0.000)deg
[15:38:39.167] [info] [ManualAdjust] 当前外参 [lidar_front→cam_left]:
[15:38:39.167] [info]   旋转 RPY: (35.0299, -88.5405, -31.0062) deg
[15:38:39.167] [info]   平移 XYZ: (0.1230, 0.0399, -0.0527) m
[15:38:39.195] [debug] [ManualAdjust] 旋转增量 RPY=(0.100, 0.000, 0.000)deg
[15:38:39.195] [info] [ManualAdjust] 当前外参 [lidar_front→cam_left]:
[15:38:39.195] [info]   旋转 RPY: (35.1299, -88.5405, -31.0062) deg
[15:38:39.195] [info]   平移 XYZ: (0.1230, 0.0399, -0.0527) m
[15:38:39.226] [debug] [ManualAdjust] 旋转增量 RPY=(0.100, 0.000, 0.000)deg
[15:38:39.226] [info] [ManualAdjust] 当前外参 [lidar_front→cam_left]:
[15:38:39.226] [info]   旋转 RPY: (35.2299, -88.5405, -31.0062) deg
[15:38:39.226] [info]   平移 XYZ: (0.1230, 0.0399, -0.0527) m
[15:38:39.256] [debug] [ManualAdjust] 旋转增量 RPY=(0.100, 0.000, 0.000)deg
[15:38:39.256] [info] [ManualAdjust] 当前外参 [lidar_front→cam_left]:
[15:38:39.256] [info]   旋转 RPY: (35.3299, -88.5405, -31.0062) deg
[15:38:39.256] [info]   平移 XYZ: (0.1230, 0.0399, -0.0527) m
[15:38:39.285] [debug] [ManualAdjust] 旋转增量 RPY=(0.100, 0.000, 0.000)deg
[15:38:39.285] [info] [ManualAdjust] 当前外参 [lidar_front→cam_left]:
[15:38:39.285] [info]   旋转 RPY: (35.4299, -88.5405, -31.0062) deg
[15:38:39.285] [info]   平移 XYZ: (0.1230, 0.0399, -0.0527) m
[15:38:39.316] [debug] [ManualAdjust] 旋转增量 RPY=(0.100, 0.000, 0.000)deg
[15:38:39.316] [info] [ManualAdjust] 当前外参 [lidar_front→cam_left]:
[15:38:39.316] [info]   旋转 RPY: (35.5299, -88.5405, -31.0062) deg
[15:38:39.316] [info]   平移 XYZ: (0.1230, 0.0399, -0.0527) m
[15:38:39.347] [debug] [ManualAdjust] 旋转增量 RPY=(0.100, 0.000, 0.000)deg
[15:38:39.347] [info] [ManualAdjust] 当前外参 [lidar_front→cam_left]:
[15:38:39.347] [info]   旋转 RPY: (35.6299, -88.5405, -31.0062) deg
[15:38:39.347] [info]   平移 XYZ: (0.1230, 0.0399, -0.0527) m
[15:38:39.376] [debug] [ManualAdjust] 旋转增量 RPY=(0.100, 0.000, 0.000)deg
[15:38:39.376] [info] [ManualAdjust] 当前外参 [lidar_front→cam_left]:
[15:38:39.376] [info]   旋转 RPY: (35.7299, -88.5405, -31.0062) deg
[15:38:39.376] [info]   平移 XYZ: (0.1230, 0.0399, -0.0527) m
[15:38:39.407] [debug] [ManualAdjust] 旋转增量 RPY=(0.100, 0.000, 0.000)deg
[15:38:39.407] [info] [ManualAdjust] 当前外参 [lidar_front→cam_left]:
[15:38:39.407] [info]   旋转 RPY: (35.8299, -88.5405, -31.0062) deg
[15:38:39.407] [info]   平移 XYZ: (0.1230, 0.0399, -0.0527) m
[15:38:39.437] [debug] [ManualAdjust] 旋转增量 RPY=(0.100, 0.000, 0.000)deg
[15:38:39.437] [info] [ManualAdjust] 当前外参 [lidar_front→cam_left]:
[15:38:39.437] [info]   旋转 RPY: (35.9299, -88.5405, -31.0062) deg
[15:38:39.437] [info]   平移 XYZ: (0.1230, 0.0399, -0.0527) m
[15:38:39.467] [debug] [ManualAdjust] 旋转增量 RPY=(0.100, 0.000, 0.000)deg
[15:38:39.467] [info] [ManualAdjust] 当前外参 [lidar_front→cam_left]:
[15:38:39.467] [info]   旋转 RPY: (36.0299, -88.5405, -31.0062) deg
[15:38:39.467] [info]   平移 XYZ: (0.1230, 0.0399, -0.0527) m
[15:38:39.497] [debug] [ManualAdjust] 旋转增量 RPY=(0.100, 0.000, 0.000)deg
[15:38:39.497] [info] [ManualAdjust] 当前外参 [lidar_front→cam_left]:
[15:38:39.497] [info]   旋转 RPY: (36.1299, -88.5405, -31.0062) deg
[15:38:39.497] [info]   平移 XYZ: (0.1230, 0.0399, -0.0527) m
[15:38:39.527] [debug] [ManualAdjust] 旋转增量 RPY=(0.100, 0.000, 0.000)deg
[15:38:39.527] [info] [ManualAdjust] 当前外参 [lidar_front→cam_left]:
[15:38:39.527] [info]   旋转 RPY: (36.2299, -88.5405, -31.0062) deg
[15:38:39.527] [info]   平移 XYZ: (0.1230, 0.0399, -0.0527) m
[15:38:39.557] [debug] [ManualAdjust] 旋转增量 RPY=(0.100, 0.000, 0.000)deg
[15:38:39.557] [info] [ManualAdjust] 当前外参 [lidar_front→cam_left]:
[15:38:39.557] [info]   旋转 RPY: (36.3299, -88.5405, -31.0062) deg
[15:38:39.557] [info]   平移 XYZ: (0.1230, 0.0399, -0.0527) m
[15:38:39.588] [debug] [ManualAdjust] 旋转增量 RPY=(0.100, 0.000, 0.000)deg
[15:38:39.588] [info] [ManualAdjust] 当前外参 [lidar_front→cam_left]:
[15:38:39.588] [info]   旋转 RPY: (36.4299, -88.5405, -31.0062) deg
[15:38:39.588] [info]   平移 XYZ: (0.1230, 0.0399, -0.0527) m
[15:38:39.618] [debug] [ManualAdjust] 旋转增量 RPY=(0.100, 0.000, 0.000)deg
[15:38:39.618] [info] [ManualAdjust] 当前外参 [lidar_front→cam_left]:
[15:38:39.618] [info]   旋转 RPY: (36.5299, -88.5405, -31.0062) deg
[15:38:39.618] [info]   平移 XYZ: (0.1230, 0.0399, -0.0527) m
[15:38:39.648] [debug] [ManualAdjust] 旋转增量 RPY=(0.100, 0.000, 0.000)deg
[15:38:39.648] [info] [ManualAdjust] 当前外参 [lidar_front→cam_left]:
[15:38:39.648] [info]   旋转 RPY: (36.6299, -88.5405, -31.0062) deg
[15:38:39.648] [info]   平移 XYZ: (0.1230, 0.0399, -0.0527) m
[15:38:39.680] [debug] [ManualAdjust] 旋转增量 RPY=(0.100, 0.000, 0.000)deg
[15:38:39.680] [info] [ManualAdjust] 当前外参 [lidar_front→cam_left]:
[15:38:39.680] [info]   旋转 RPY: (36.7299, -88.5405, -31.0062) deg
[15:38:39.680] [info]   平移 XYZ: (0.1230, 0.0399, -0.0527) m
[15:38:39.709] [debug] [ManualAdjust] 旋转增量 RPY=(0.100, 0.000, 0.000)deg
[15:38:39.709] [info] [ManualAdjust] 当前外参 [lidar_front→cam_left]:
[15:38:39.709] [info]   旋转 RPY: (36.8299, -88.5405, -31.0062) deg
[15:38:39.709] [info]   平移 XYZ: (0.1230, 0.0399, -0.0527) m
[15:38:39.738] [debug] [ManualAdjust] 旋转增量 RPY=(0.100, 0.000, 0.000)deg
[15:38:39.738] [info] [ManualAdjust] 当前外参 [lidar_front→cam_left]:
[15:38:39.738] [info]   旋转 RPY: (36.9299, -88.5405, -31.0062) deg
[15:38:39.738] [info]   平移 XYZ: (0.1230, 0.0399, -0.0527) m
[15:38:39.768] [debug] [ManualAdjust] 旋转增量 RPY=(0.100, 0.000, 0.000)deg
[15:38:39.768] [info] [ManualAdjust] 当前外参 [lidar_front→cam_left]:
[15:38:39.768] [info]   旋转 RPY: (37.0299, -88.5405, -31.0062) deg
[15:38:39.768] [info]   平移 XYZ: (0.1230, 0.0399, -0.0527) m
[15:38:39.798] [debug] [ManualAdjust] 旋转增量 RPY=(0.100, 0.000, 0.000)deg
[15:38:39.798] [info] [ManualAdjust] 当前外参 [lidar_front→cam_left]:
[15:38:39.798] [info]   旋转 RPY: (37.1299, -88.5405, -31.0062) deg
[15:38:39.798] [info]   平移 XYZ: (0.1230, 0.0399, -0.0527) m
[15:38:39.828] [debug] [ManualAdjust] 旋转增量 RPY=(0.100, 0.000, 0.000)deg
[15:38:39.828] [info] [ManualAdjust] 当前外参 [lidar_front→cam_left]:
[15:38:39.828] [info]   旋转 RPY: (37.2299, -88.5405, -31.0062) deg
[15:38:39.828] [info]   平移 XYZ: (0.1230, 0.0399, -0.0527) m
[15:38:39.859] [debug] [ManualAdjust] 旋转增量 RPY=(0.100, 0.000, 0.000)deg
[15:38:39.859] [info] [ManualAdjust] 当前外参 [lidar_front→cam_left]:
[15:38:39.859] [info]   旋转 RPY: (37.3299, -88.5405, -31.0062) deg
[15:38:39.859] [info]   平移 XYZ: (0.1230, 0.0399, -0.0527) m
[15:38:39.890] [debug] [ManualAdjust] 旋转增量 RPY=(0.100, 0.000, 0.000)deg
[15:38:39.890] [info] [ManualAdjust] 当前外参 [lidar_front→cam_left]:
[15:38:39.890] [info]   旋转 RPY: (37.4299, -88.5405, -31.0062) deg
[15:38:39.890] [info]   平移 XYZ: (0.1230, 0.0399, -0.0527) m
[15:38:39.919] [debug] [ManualAdjust] 旋转增量 RPY=(0.100, 0.000, 0.000)deg
[15:38:39.919] [info] [ManualAdjust] 当前外参 [lidar_front→cam_left]:
[15:38:39.919] [info]   旋转 RPY: (37.5299, -88.5405, -31.0062) deg
[15:38:39.919] [info]   平移 XYZ: (0.1230, 0.0399, -0.0527) m
[15:38:39.950] [debug] [ManualAdjust] 旋转增量 RPY=(0.100, 0.000, 0.000)deg
[15:38:39.950] [info] [ManualAdjust] 当前外参 [lidar_front→cam_left]:
[15:38:39.950] [info]   旋转 RPY: (37.6299, -88.5405, -31.0062) deg
[15:38:39.950] [info]   平移 XYZ: (0.1230, 0.0399, -0.0527) m
[15:38:39.980] [debug] [ManualAdjust] 旋转增量 RPY=(0.100, 0.000, 0.000)deg
[15:38:39.980] [info] [ManualAdjust] 当前外参 [lidar_front→cam_left]:
[15:38:39.980] [info]   旋转 RPY: (37.7299, -88.5405, -31.0062) deg
[15:38:39.980] [info]   平移 XYZ: (0.1230, 0.0399, -0.0527) m
[15:38:40.009] [debug] [ManualAdjust] 旋转增量 RPY=(0.100, 0.000, 0.000)deg
[15:38:40.009] [info] [ManualAdjust] 当前外参 [lidar_front→cam_left]:
[15:38:40.009] [info]   旋转 RPY: (37.8299, -88.5405, -31.0062) deg
[15:38:40.009] [info]   平移 XYZ: (0.1230, 0.0399, -0.0527) m
[15:38:40.039] [debug] [ManualAdjust] 旋转增量 RPY=(0.100, 0.000, 0.000)deg
[15:38:40.039] [info] [ManualAdjust] 当前外参 [lidar_front→cam_left]:
[15:38:40.039] [info]   旋转 RPY: (37.9299, -88.5405, -31.0062) deg
[15:38:40.039] [info]   平移 XYZ: (0.1230, 0.0399, -0.0527) m
[15:38:40.070] [debug] [ManualAdjust] 旋转增量 RPY=(0.100, 0.000, 0.000)deg
[15:38:40.070] [info] [ManualAdjust] 当前外参 [lidar_front→cam_left]:
[15:38:40.070] [info]   旋转 RPY: (38.0299, -88.5405, -31.0062) deg
[15:38:40.070] [info]   平移 XYZ: (0.1230, 0.0399, -0.0527) m
[15:38:40.100] [debug] [ManualAdjust] 旋转增量 RPY=(0.100, 0.000, 0.000)deg
[15:38:40.100] [info] [ManualAdjust] 当前外参 [lidar_front→cam_left]:
[15:38:40.100] [info]   旋转 RPY: (38.1299, -88.5405, -31.0062) deg
[15:38:40.100] [info]   平移 XYZ: (0.1230, 0.0399, -0.0527) m
[15:38:40.130] [debug] [ManualAdjust] 旋转增量 RPY=(0.100, 0.000, 0.000)deg
[15:38:40.130] [info] [ManualAdjust] 当前外参 [lidar_front→cam_left]:
[15:38:40.130] [info]   旋转 RPY: (38.2299, -88.5405, -31.0062) deg
[15:38:40.130] [info]   平移 XYZ: (0.1230, 0.0399, -0.0527) m
[15:38:40.160] [debug] [ManualAdjust] 旋转增量 RPY=(0.100, 0.000, 0.000)deg
[15:38:40.160] [info] [ManualAdjust] 当前外参 [lidar_front→cam_left]:
[15:38:40.160] [info]   旋转 RPY: (38.3299, -88.5405, -31.0062) deg
[15:38:40.160] [info]   平移 XYZ: (0.1230, 0.0399, -0.0527) m
[15:38:40.189] [debug] [ManualAdjust] 旋转增量 RPY=(0.100, 0.000, 0.000)deg
[15:38:40.189] [info] [ManualAdjust] 当前外参 [lidar_front→cam_left]:
[15:38:40.189] [info]   旋转 RPY: (38.4299, -88.5405, -31.0062) deg
[15:38:40.189] [info]   平移 XYZ: (0.1230, 0.0399, -0.0527) m
[15:38:40.220] [debug] [ManualAdjust] 旋转增量 RPY=(0.100, 0.000, 0.000)deg
[15:38:40.220] [info] [ManualAdjust] 当前外参 [lidar_front→cam_left]:
[15:38:40.220] [info]   旋转 RPY: (38.5299, -88.5405, -31.0062) deg
[15:38:40.220] [info]   平移 XYZ: (0.1230, 0.0399, -0.0527) m
[15:38:40.250] [debug] [ManualAdjust] 旋转增量 RPY=(0.100, 0.000, 0.000)deg
[15:38:40.250] [info] [ManualAdjust] 当前外参 [lidar_front→cam_left]:
[15:38:40.250] [info]   旋转 RPY: (38.6299, -88.5405, -31.0062) deg
[15:38:40.250] [info]   平移 XYZ: (0.1230, 0.0399, -0.0527) m
[15:38:40.280] [debug] [ManualAdjust] 旋转增量 RPY=(0.100, 0.000, 0.000)deg
[15:38:40.280] [info] [ManualAdjust] 当前外参 [lidar_front→cam_left]:
[15:38:40.280] [info]   旋转 RPY: (38.7299, -88.5405, -31.0062) deg
[15:38:40.280] [info]   平移 XYZ: (0.1230, 0.0399, -0.0527) m
[15:38:40.309] [debug] [ManualAdjust] 旋转增量 RPY=(0.100, 0.000, 0.000)deg
[15:38:40.310] [info] [ManualAdjust] 当前外参 [lidar_front→cam_left]:
[15:38:40.310] [info]   旋转 RPY: (38.8299, -88.5405, -31.0062) deg
[15:38:40.310] [info]   平移 XYZ: (0.1230, 0.0399, -0.0527) m
[15:38:40.340] [debug] [ManualAdjust] 旋转增量 RPY=(0.100, 0.000, 0.000)deg
[15:38:40.340] [info] [ManualAdjust] 当前外参 [lidar_front→cam_left]:
[15:38:40.340] [info]   旋转 RPY: (38.9299, -88.5405, -31.0062) deg
[15:38:40.340] [info]   平移 XYZ: (0.1230, 0.0399, -0.0527) m
[15:38:40.370] [debug] [ManualAdjust] 旋转增量 RPY=(0.100, 0.000, 0.000)deg
[15:38:40.370] [info] [ManualAdjust] 当前外参 [lidar_front→cam_left]:
[15:38:40.370] [info]   旋转 RPY: (39.0299, -88.5405, -31.0062) deg
[15:38:40.370] [info]   平移 XYZ: (0.1230, 0.0399, -0.0527) m
[15:38:40.400] [debug] [ManualAdjust] 旋转增量 RPY=(0.100, 0.000, 0.000)deg
[15:38:40.400] [info] [ManualAdjust] 当前外参 [lidar_front→cam_left]:
[15:38:40.400] [info]   旋转 RPY: (39.1299, -88.5405, -31.0062) deg
[15:38:40.400] [info]   平移 XYZ: (0.1230, 0.0399, -0.0527) m
[15:38:40.429] [debug] [ManualAdjust] 旋转增量 RPY=(0.100, 0.000, 0.000)deg
[15:38:40.429] [info] [ManualAdjust] 当前外参 [lidar_front→cam_left]:
[15:38:40.429] [info]   旋转 RPY: (39.2299, -88.5405, -31.0062) deg
[15:38:40.429] [info]   平移 XYZ: (0.1230, 0.0399, -0.0527) m
[15:38:40.460] [debug] [ManualAdjust] 旋转增量 RPY=(0.100, 0.000, 0.000)deg
[15:38:40.460] [info] [ManualAdjust] 当前外参 [lidar_front→cam_left]:
[15:38:40.460] [info]   旋转 RPY: (39.3299, -88.5405, -31.0062) deg
[15:38:40.460] [info]   平移 XYZ: (0.1230, 0.0399, -0.0527) m
[15:38:40.491] [debug] [ManualAdjust] 旋转增量 RPY=(0.100, 0.000, 0.000)deg
[15:38:40.491] [info] [ManualAdjust] 当前外参 [lidar_front→cam_left]:
[15:38:40.491] [info]   旋转 RPY: (39.4299, -88.5405, -31.0062) deg
[15:38:40.491] [info]   平移 XYZ: (0.1230, 0.0399, -0.0527) m
[15:38:40.520] [debug] [ManualAdjust] 旋转增量 RPY=(0.100, 0.000, 0.000)deg
[15:38:40.520] [info] [ManualAdjust] 当前外参 [lidar_front→cam_left]:
[15:38:40.520] [info]   旋转 RPY: (39.5299, -88.5405, -31.0062) deg
[15:38:40.520] [info]   平移 XYZ: (0.1230, 0.0399, -0.0527) m
[15:38:40.550] [debug] [ManualAdjust] 旋转增量 RPY=(0.100, 0.000, 0.000)deg
[15:38:40.550] [info] [ManualAdjust] 当前外参 [lidar_front→cam_left]:
[15:38:40.550] [info]   旋转 RPY: (39.6299, -88.5405, -31.0062) deg
[15:38:40.550] [info]   平移 XYZ: (0.1230, 0.0399, -0.0527) m
[15:38:40.581] [debug] [ManualAdjust] 旋转增量 RPY=(0.100, 0.000, 0.000)deg
[15:38:40.581] [info] [ManualAdjust] 当前外参 [lidar_front→cam_left]:
[15:38:40.581] [info]   旋转 RPY: (39.7299, -88.5405, -31.0062) deg
[15:38:40.581] [info]   平移 XYZ: (0.1230, 0.0399, -0.0527) m
[15:38:40.611] [debug] [ManualAdjust] 旋转增量 RPY=(0.100, 0.000, 0.000)deg
[15:38:40.611] [info] [ManualAdjust] 当前外参 [lidar_front→cam_left]:
[15:38:40.611] [info]   旋转 RPY: (39.8299, -88.5405, -31.0062) deg
[15:38:40.611] [info]   平移 XYZ: (0.1230, 0.0399, -0.0527) m
[15:38:40.642] [debug] [ManualAdjust] 旋转增量 RPY=(0.100, 0.000, 0.000)deg
[15:38:40.642] [info] [ManualAdjust] 当前外参 [lidar_front→cam_left]:
[15:38:40.642] [info]   旋转 RPY: (39.9299, -88.5405, -31.0062) deg
[15:38:40.642] [info]   平移 XYZ: (0.1230, 0.0399, -0.0527) m
[15:38:40.672] [debug] [ManualAdjust] 旋转增量 RPY=(0.100, 0.000, 0.000)deg
[15:38:40.672] [info] [ManualAdjust] 当前外参 [lidar_front→cam_left]:
[15:38:40.672] [info]   旋转 RPY: (40.0299, -88.5405, -31.0062) deg
[15:38:40.672] [info]   平移 XYZ: (0.1230, 0.0399, -0.0527) m
[15:38:40.701] [debug] [ManualAdjust] 旋转增量 RPY=(0.100, 0.000, 0.000)deg
[15:38:40.701] [info] [ManualAdjust] 当前外参 [lidar_front→cam_left]:
[15:38:40.701] [info]   旋转 RPY: (40.1299, -88.5405, -31.0062) deg
[15:38:40.701] [info]   平移 XYZ: (0.1230, 0.0399, -0.0527) m
[15:38:40.732] [debug] [ManualAdjust] 旋转增量 RPY=(0.100, 0.000, 0.000)deg
[15:38:40.732] [info] [ManualAdjust] 当前外参 [lidar_front→cam_left]:
[15:38:40.732] [info]   旋转 RPY: (40.2299, -88.5405, -31.0062) deg
[15:38:40.732] [info]   平移 XYZ: (0.1230, 0.0399, -0.0527) m
[15:38:40.761] [debug] [ManualAdjust] 旋转增量 RPY=(0.100, 0.000, 0.000)deg
[15:38:40.762] [info] [ManualAdjust] 当前外参 [lidar_front→cam_left]:
[15:38:40.762] [info]   旋转 RPY: (40.3299, -88.5405, -31.0062) deg
[15:38:40.762] [info]   平移 XYZ: (0.1230, 0.0399, -0.0527) m
[15:38:40.791] [debug] [ManualAdjust] 旋转增量 RPY=(0.100, 0.000, 0.000)deg
[15:38:40.791] [info] [ManualAdjust] 当前外参 [lidar_front→cam_left]:
[15:38:40.791] [info]   旋转 RPY: (40.4299, -88.5405, -31.0062) deg
[15:38:40.791] [info]   平移 XYZ: (0.1230, 0.0399, -0.0527) m
[15:38:40.821] [debug] [ManualAdjust] 旋转增量 RPY=(0.100, 0.000, 0.000)deg
[15:38:40.822] [info] [ManualAdjust] 当前外参 [lidar_front→cam_left]:
[15:38:40.822] [info]   旋转 RPY: (40.5299, -88.5405, -31.0062) deg
[15:38:40.822] [info]   平移 XYZ: (0.1230, 0.0399, -0.0527) m
[15:38:40.852] [debug] [ManualAdjust] 旋转增量 RPY=(0.100, 0.000, 0.000)deg
[15:38:40.852] [info] [ManualAdjust] 当前外参 [lidar_front→cam_left]:
[15:38:40.852] [info]   旋转 RPY: (40.6299, -88.5405, -31.0062) deg
[15:38:40.852] [info]   平移 XYZ: (0.1230, 0.0399, -0.0527) m
[15:38:40.883] [debug] [ManualAdjust] 旋转增量 RPY=(0.100, 0.000, 0.000)deg
[15:38:40.883] [info] [ManualAdjust] 当前外参 [lidar_front→cam_left]:
[15:38:40.883] [info]   旋转 RPY: (40.7299, -88.5405, -31.0062) deg
[15:38:40.883] [info]   平移 XYZ: (0.1230, 0.0399, -0.0527) m
[15:38:40.913] [debug] [ManualAdjust] 旋转增量 RPY=(0.100, 0.000, 0.000)deg
[15:38:40.913] [info] [ManualAdjust] 当前外参 [lidar_front→cam_left]:
[15:38:40.913] [info]   旋转 RPY: (40.8299, -88.5405, -31.0062) deg
[15:38:40.913] [info]   平移 XYZ: (0.1230, 0.0399, -0.0527) m
[15:38:40.944] [debug] [ManualAdjust] 旋转增量 RPY=(0.100, 0.000, 0.000)deg
[15:38:40.944] [info] [ManualAdjust] 当前外参 [lidar_front→cam_left]:
[15:38:40.944] [info]   旋转 RPY: (40.9299, -88.5405, -31.0062) deg
[15:38:40.944] [info]   平移 XYZ: (0.1230, 0.0399, -0.0527) m
[15:38:40.974] [debug] [ManualAdjust] 旋转增量 RPY=(0.100, 0.000, 0.000)deg
[15:38:40.974] [info] [ManualAdjust] 当前外参 [lidar_front→cam_left]:
[15:38:40.974] [info]   旋转 RPY: (41.0299, -88.5405, -31.0062) deg
[15:38:40.974] [info]   平移 XYZ: (0.1230, 0.0399, -0.0527) m
[15:38:41.004] [debug] [ManualAdjust] 旋转增量 RPY=(0.100, 0.000, 0.000)deg
[15:38:41.004] [info] [ManualAdjust] 当前外参 [lidar_front→cam_left]:
[15:38:41.004] [info]   旋转 RPY: (41.1299, -88.5405, -31.0062) deg
[15:38:41.004] [info]   平移 XYZ: (0.1230, 0.0399, -0.0527) m
[15:38:41.035] [debug] [ManualAdjust] 旋转增量 RPY=(0.100, 0.000, 0.000)deg
[15:38:41.035] [info] [ManualAdjust] 当前外参 [lidar_front→cam_left]:
[15:38:41.035] [info]   旋转 RPY: (41.2299, -88.5405, -31.0062) deg
[15:38:41.035] [info]   平移 XYZ: (0.1230, 0.0399, -0.0527) m
[15:38:41.065] [debug] [ManualAdjust] 旋转增量 RPY=(0.100, 0.000, 0.000)deg
[15:38:41.065] [info] [ManualAdjust] 当前外参 [lidar_front→cam_left]:
[15:38:41.065] [info]   旋转 RPY: (41.3299, -88.5405, -31.0062) deg
[15:38:41.065] [info]   平移 XYZ: (0.1230, 0.0399, -0.0527) m
[15:38:41.095] [debug] [ManualAdjust] 旋转增量 RPY=(0.100, 0.000, 0.000)deg
[15:38:41.095] [info] [ManualAdjust] 当前外参 [lidar_front→cam_left]:
[15:38:41.095] [info]   旋转 RPY: (41.4299, -88.5405, -31.0062) deg
[15:38:41.095] [info]   平移 XYZ: (0.1230, 0.0399, -0.0527) m
[15:38:41.124] [debug] [ManualAdjust] 旋转增量 RPY=(0.100, 0.000, 0.000)deg
[15:38:41.124] [info] [ManualAdjust] 当前外参 [lidar_front→cam_left]:
[15:38:41.124] [info]   旋转 RPY: (41.5299, -88.5405, -31.0062) deg
[15:38:41.124] [info]   平移 XYZ: (0.1230, 0.0399, -0.0527) m
[15:38:41.155] [debug] [ManualAdjust] 旋转增量 RPY=(0.100, 0.000, 0.000)deg
[15:38:41.155] [info] [ManualAdjust] 当前外参 [lidar_front→cam_left]:
[15:38:41.155] [info]   旋转 RPY: (41.6299, -88.5405, -31.0062) deg
[15:38:41.155] [info]   平移 XYZ: (0.1230, 0.0399, -0.0527) m
[15:38:41.184] [debug] [ManualAdjust] 旋转增量 RPY=(0.100, 0.000, 0.000)deg
[15:38:41.184] [info] [ManualAdjust] 当前外参 [lidar_front→cam_left]:
[15:38:41.184] [info]   旋转 RPY: (41.7299, -88.5405, -31.0062) deg
[15:38:41.184] [info]   平移 XYZ: (0.1230, 0.0399, -0.0527) m
[15:38:41.215] [debug] [ManualAdjust] 旋转增量 RPY=(0.100, 0.000, 0.000)deg
[15:38:41.215] [info] [ManualAdjust] 当前外参 [lidar_front→cam_left]:
[15:38:41.215] [info]   旋转 RPY: (41.8299, -88.5405, -31.0062) deg
[15:38:41.215] [info]   平移 XYZ: (0.1230, 0.0399, -0.0527) m
[15:38:41.245] [debug] [ManualAdjust] 旋转增量 RPY=(0.100, 0.000, 0.000)deg
[15:38:41.245] [info] [ManualAdjust] 当前外参 [lidar_front→cam_left]:
[15:38:41.245] [info]   旋转 RPY: (41.9299, -88.5405, -31.0062) deg
[15:38:41.245] [info]   平移 XYZ: (0.1230, 0.0399, -0.0527) m
[15:38:41.274] [debug] [ManualAdjust] 旋转增量 RPY=(0.100, 0.000, 0.000)deg
[15:38:41.275] [info] [ManualAdjust] 当前外参 [lidar_front→cam_left]:
[15:38:41.275] [info]   旋转 RPY: (42.0299, -88.5405, -31.0062) deg
[15:38:41.275] [info]   平移 XYZ: (0.1230, 0.0399, -0.0527) m
[15:38:41.304] [debug] [ManualAdjust] 旋转增量 RPY=(0.100, 0.000, 0.000)deg
[15:38:41.304] [info] [ManualAdjust] 当前外参 [lidar_front→cam_left]:
[15:38:41.304] [info]   旋转 RPY: (42.1299, -88.5405, -31.0062) deg
[15:38:41.304] [info]   平移 XYZ: (0.1230, 0.0399, -0.0527) m
[15:38:41.334] [debug] [ManualAdjust] 旋转增量 RPY=(0.100, 0.000, 0.000)deg
[15:38:41.334] [info] [ManualAdjust] 当前外参 [lidar_front→cam_left]:
[15:38:41.334] [info]   旋转 RPY: (42.2299, -88.5405, -31.0062) deg
[15:38:41.334] [info]   平移 XYZ: (0.1230, 0.0399, -0.0527) m
[15:38:41.365] [debug] [ManualAdjust] 旋转增量 RPY=(0.100, 0.000, 0.000)deg
[15:38:41.365] [info] [ManualAdjust] 当前外参 [lidar_front→cam_left]:
[15:38:41.365] [info]   旋转 RPY: (42.3299, -88.5405, -31.0062) deg
[15:38:41.365] [info]   平移 XYZ: (0.1230, 0.0399, -0.0527) m
[15:38:41.395] [debug] [ManualAdjust] 旋转增量 RPY=(0.100, 0.000, 0.000)deg
[15:38:41.395] [info] [ManualAdjust] 当前外参 [lidar_front→cam_left]:
[15:38:41.395] [info]   旋转 RPY: (42.4299, -88.5405, -31.0062) deg
[15:38:41.395] [info]   平移 XYZ: (0.1230, 0.0399, -0.0527) m
[15:38:41.425] [debug] [ManualAdjust] 旋转增量 RPY=(0.100, 0.000, 0.000)deg
[15:38:41.425] [info] [ManualAdjust] 当前外参 [lidar_front→cam_left]:
[15:38:41.425] [info]   旋转 RPY: (42.5299, -88.5405, -31.0062) deg
[15:38:41.425] [info]   平移 XYZ: (0.1230, 0.0399, -0.0527) m
[15:38:41.455] [debug] [ManualAdjust] 旋转增量 RPY=(0.100, 0.000, 0.000)deg
[15:38:41.455] [info] [ManualAdjust] 当前外参 [lidar_front→cam_left]:
[15:38:41.455] [info]   旋转 RPY: (42.6299, -88.5405, -31.0062) deg
[15:38:41.455] [info]   平移 XYZ: (0.1230, 0.0399, -0.0527) m
[15:38:41.485] [debug] [ManualAdjust] 旋转增量 RPY=(0.100, 0.000, 0.000)deg
[15:38:41.485] [info] [ManualAdjust] 当前外参 [lidar_front→cam_left]:
[15:38:41.485] [info]   旋转 RPY: (42.7299, -88.5405, -31.0062) deg
[15:38:41.485] [info]   平移 XYZ: (0.1230, 0.0399, -0.0527) m
[15:38:41.516] [debug] [ManualAdjust] 旋转增量 RPY=(0.100, 0.000, 0.000)deg
[15:38:41.516] [info] [ManualAdjust] 当前外参 [lidar_front→cam_left]:
[15:38:41.516] [info]   旋转 RPY: (42.8299, -88.5405, -31.0062) deg
[15:38:41.516] [info]   平移 XYZ: (0.1230, 0.0399, -0.0527) m
[15:38:41.547] [debug] [ManualAdjust] 旋转增量 RPY=(0.100, 0.000, 0.000)deg
[15:38:41.547] [info] [ManualAdjust] 当前外参 [lidar_front→cam_left]:
[15:38:41.547] [info]   旋转 RPY: (42.9299, -88.5405, -31.0062) deg
[15:38:41.547] [info]   平移 XYZ: (0.1230, 0.0399, -0.0527) m
[15:38:41.575] [debug] [ManualAdjust] 旋转增量 RPY=(0.100, 0.000, 0.000)deg
[15:38:41.575] [info] [ManualAdjust] 当前外参 [lidar_front→cam_left]:
[15:38:41.575] [info]   旋转 RPY: (43.0299, -88.5405, -31.0062) deg
[15:38:41.575] [info]   平移 XYZ: (0.1230, 0.0399, -0.0527) m
[15:38:41.605] [debug] [ManualAdjust] 旋转增量 RPY=(0.100, 0.000, 0.000)deg
[15:38:41.605] [info] [ManualAdjust] 当前外参 [lidar_front→cam_left]:
[15:38:41.605] [info]   旋转 RPY: (43.1299, -88.5405, -31.0062) deg
[15:38:41.605] [info]   平移 XYZ: (0.1230, 0.0399, -0.0527) m
[15:38:41.636] [debug] [ManualAdjust] 旋转增量 RPY=(0.100, 0.000, 0.000)deg
[15:38:41.636] [info] [ManualAdjust] 当前外参 [lidar_front→cam_left]:
[15:38:41.636] [info]   旋转 RPY: (43.2299, -88.5405, -31.0062) deg
[15:38:41.636] [info]   平移 XYZ: (0.1230, 0.0399, -0.0527) m
[15:38:41.666] [debug] [ManualAdjust] 旋转增量 RPY=(0.100, 0.000, 0.000)deg
[15:38:41.666] [info] [ManualAdjust] 当前外参 [lidar_front→cam_left]:
[15:38:41.666] [info]   旋转 RPY: (43.3299, -88.5405, -31.0062) deg
[15:38:41.666] [info]   平移 XYZ: (0.1230, 0.0399, -0.0527) m
[15:38:41.697] [debug] [ManualAdjust] 旋转增量 RPY=(0.100, 0.000, 0.000)deg
[15:38:41.697] [info] [ManualAdjust] 当前外参 [lidar_front→cam_left]:
[15:38:41.697] [info]   旋转 RPY: (43.4299, -88.5405, -31.0062) deg
[15:38:41.697] [info]   平移 XYZ: (0.1230, 0.0399, -0.0527) m
[15:38:41.728] [debug] [ManualAdjust] 旋转增量 RPY=(0.100, 0.000, 0.000)deg
[15:38:41.728] [info] [ManualAdjust] 当前外参 [lidar_front→cam_left]:
[15:38:41.728] [info]   旋转 RPY: (43.5299, -88.5405, -31.0062) deg
[15:38:41.728] [info]   平移 XYZ: (0.1230, 0.0399, -0.0527) m
[15:38:41.758] [debug] [ManualAdjust] 旋转增量 RPY=(0.100, 0.000, 0.000)deg
[15:38:41.758] [info] [ManualAdjust] 当前外参 [lidar_front→cam_left]:
[15:38:41.758] [info]   旋转 RPY: (43.6299, -88.5405, -31.0062) deg
[15:38:41.758] [info]   平移 XYZ: (0.1230, 0.0399, -0.0527) m
[15:38:41.787] [debug] [ManualAdjust] 旋转增量 RPY=(0.100, 0.000, 0.000)deg
[15:38:41.787] [info] [ManualAdjust] 当前外参 [lidar_front→cam_left]:
[15:38:41.787] [info]   旋转 RPY: (43.7299, -88.5405, -31.0062) deg
[15:38:41.787] [info]   平移 XYZ: (0.1230, 0.0399, -0.0527) m
[15:38:41.817] [debug] [ManualAdjust] 旋转增量 RPY=(0.100, 0.000, 0.000)deg
[15:38:41.817] [info] [ManualAdjust] 当前外参 [lidar_front→cam_left]:
[15:38:41.817] [info]   旋转 RPY: (43.8299, -88.5405, -31.0062) deg
[15:38:41.817] [info]   平移 XYZ: (0.1230, 0.0399, -0.0527) m
[15:38:41.848] [debug] [ManualAdjust] 旋转增量 RPY=(0.100, 0.000, 0.000)deg
[15:38:41.848] [info] [ManualAdjust] 当前外参 [lidar_front→cam_left]:
[15:38:41.848] [info]   旋转 RPY: (43.9299, -88.5405, -31.0062) deg
[15:38:41.848] [info]   平移 XYZ: (0.1230, 0.0399, -0.0527) m
[15:38:41.878] [debug] [ManualAdjust] 旋转增量 RPY=(0.100, 0.000, 0.000)deg
[15:38:41.878] [info] [ManualAdjust] 当前外参 [lidar_front→cam_left]:
[15:38:41.878] [info]   旋转 RPY: (44.0299, -88.5405, -31.0062) deg
[15:38:41.878] [info]   平移 XYZ: (0.1230, 0.0399, -0.0527) m
[15:38:41.908] [debug] [ManualAdjust] 旋转增量 RPY=(0.100, 0.000, 0.000)deg
[15:38:41.908] [info] [ManualAdjust] 当前外参 [lidar_front→cam_left]:
[15:38:41.908] [info]   旋转 RPY: (44.1299, -88.5405, -31.0062) deg
[15:38:41.908] [info]   平移 XYZ: (0.1230, 0.0399, -0.0527) m
[15:38:41.938] [debug] [ManualAdjust] 旋转增量 RPY=(0.100, 0.000, 0.000)deg
[15:38:41.938] [info] [ManualAdjust] 当前外参 [lidar_front→cam_left]:
[15:38:41.938] [info]   旋转 RPY: (44.2299, -88.5405, -31.0062) deg
[15:38:41.938] [info]   平移 XYZ: (0.1230, 0.0399, -0.0527) m
[15:38:41.968] [debug] [ManualAdjust] 旋转增量 RPY=(0.100, 0.000, 0.000)deg
[15:38:41.968] [info] [ManualAdjust] 当前外参 [lidar_front→cam_left]:
[15:38:41.968] [info]   旋转 RPY: (44.3299, -88.5405, -31.0062) deg
[15:38:41.968] [info]   平移 XYZ: (0.1230, 0.0399, -0.0527) m
[15:38:41.998] [debug] [ManualAdjust] 旋转增量 RPY=(0.100, 0.000, 0.000)deg
[15:38:41.998] [info] [ManualAdjust] 当前外参 [lidar_front→cam_left]:
[15:38:41.998] [info]   旋转 RPY: (44.4299, -88.5405, -31.0062) deg
[15:38:41.998] [info]   平移 XYZ: (0.1230, 0.0399, -0.0527) m
[15:38:42.028] [debug] [ManualAdjust] 旋转增量 RPY=(0.100, 0.000, 0.000)deg
[15:38:42.028] [info] [ManualAdjust] 当前外参 [lidar_front→cam_left]:
[15:38:42.028] [info]   旋转 RPY: (44.5299, -88.5405, -31.0062) deg
[15:38:42.028] [info]   平移 XYZ: (0.1230, 0.0399, -0.0527) m
[15:38:42.059] [debug] [ManualAdjust] 旋转增量 RPY=(0.100, 0.000, 0.000)deg
[15:38:42.059] [info] [ManualAdjust] 当前外参 [lidar_front→cam_left]:
[15:38:42.059] [info]   旋转 RPY: (44.6299, -88.5405, -31.0062) deg
[15:38:42.059] [info]   平移 XYZ: (0.1230, 0.0399, -0.0527) m
[15:38:42.089] [debug] [ManualAdjust] 旋转增量 RPY=(0.100, 0.000, 0.000)deg
[15:38:42.089] [info] [ManualAdjust] 当前外参 [lidar_front→cam_left]:
[15:38:42.089] [info]   旋转 RPY: (44.7299, -88.5405, -31.0062) deg
[15:38:42.089] [info]   平移 XYZ: (0.1230, 0.0399, -0.0527) m
[15:38:42.120] [debug] [ManualAdjust] 旋转增量 RPY=(0.100, 0.000, 0.000)deg
[15:38:42.120] [info] [ManualAdjust] 当前外参 [lidar_front→cam_left]:
[15:38:42.120] [info]   旋转 RPY: (44.8299, -88.5405, -31.0062) deg
[15:38:42.120] [info]   平移 XYZ: (0.1230, 0.0399, -0.0527) m
[15:38:42.150] [debug] [ManualAdjust] 旋转增量 RPY=(0.100, 0.000, 0.000)deg
[15:38:42.150] [info] [ManualAdjust] 当前外参 [lidar_front→cam_left]:
[15:38:42.150] [info]   旋转 RPY: (44.9299, -88.5405, -31.0062) deg
[15:38:42.150] [info]   平移 XYZ: (0.1230, 0.0399, -0.0527) m
[15:38:42.180] [debug] [ManualAdjust] 旋转增量 RPY=(0.100, 0.000, 0.000)deg
[15:38:42.180] [info] [ManualAdjust] 当前外参 [lidar_front→cam_left]:
[15:38:42.180] [info]   旋转 RPY: (45.0299, -88.5405, -31.0062) deg
[15:38:42.180] [info]   平移 XYZ: (0.1230, 0.0399, -0.0527) m
[15:38:42.211] [debug] [ManualAdjust] 旋转增量 RPY=(0.100, 0.000, 0.000)deg
[15:38:42.211] [info] [ManualAdjust] 当前外参 [lidar_front→cam_left]:
[15:38:42.211] [info]   旋转 RPY: (45.1299, -88.5405, -31.0062) deg
[15:38:42.211] [info]   平移 XYZ: (0.1230, 0.0399, -0.0527) m
[15:38:42.241] [debug] [ManualAdjust] 旋转增量 RPY=(0.100, 0.000, 0.000)deg
[15:38:42.241] [info] [ManualAdjust] 当前外参 [lidar_front→cam_left]:
[15:38:42.241] [info]   旋转 RPY: (45.2299, -88.5405, -31.0062) deg
[15:38:42.241] [info]   平移 XYZ: (0.1230, 0.0399, -0.0527) m
[15:38:42.272] [debug] [ManualAdjust] 旋转增量 RPY=(0.100, 0.000, 0.000)deg
[15:38:42.272] [info] [ManualAdjust] 当前外参 [lidar_front→cam_left]:
[15:38:42.272] [info]   旋转 RPY: (45.3299, -88.5405, -31.0062) deg
[15:38:42.272] [info]   平移 XYZ: (0.1230, 0.0399, -0.0527) m
[15:38:42.302] [debug] [ManualAdjust] 旋转增量 RPY=(0.100, 0.000, 0.000)deg
[15:38:42.302] [info] [ManualAdjust] 当前外参 [lidar_front→cam_left]:
[15:38:42.302] [info]   旋转 RPY: (45.4299, -88.5405, -31.0062) deg
[15:38:42.302] [info]   平移 XYZ: (0.1230, 0.0399, -0.0527) m
[15:38:42.333] [debug] [ManualAdjust] 旋转增量 RPY=(0.100, 0.000, 0.000)deg
[15:38:42.333] [info] [ManualAdjust] 当前外参 [lidar_front→cam_left]:
[15:38:42.333] [info]   旋转 RPY: (45.5299, -88.5405, -31.0062) deg
[15:38:42.333] [info]   平移 XYZ: (0.1230, 0.0399, -0.0527) m
[15:38:42.362] [debug] [ManualAdjust] 旋转增量 RPY=(0.100, 0.000, 0.000)deg
[15:38:42.362] [info] [ManualAdjust] 当前外参 [lidar_front→cam_left]:
[15:38:42.362] [info]   旋转 RPY: (45.6299, -88.5405, -31.0062) deg
[15:38:42.362] [info]   平移 XYZ: (0.1230, 0.0399, -0.0527) m
[15:38:42.393] [debug] [ManualAdjust] 旋转增量 RPY=(0.100, 0.000, 0.000)deg
[15:38:42.393] [info] [ManualAdjust] 当前外参 [lidar_front→cam_left]:
[15:38:42.393] [info]   旋转 RPY: (45.7299, -88.5405, -31.0062) deg
[15:38:42.393] [info]   平移 XYZ: (0.1230, 0.0399, -0.0527) m
[15:38:42.424] [debug] [ManualAdjust] 旋转增量 RPY=(0.100, 0.000, 0.000)deg
[15:38:42.424] [info] [ManualAdjust] 当前外参 [lidar_front→cam_left]:
[15:38:42.424] [info]   旋转 RPY: (45.8299, -88.5405, -31.0062) deg
[15:38:42.424] [info]   平移 XYZ: (0.1230, 0.0399, -0.0527) m
[15:38:42.454] [debug] [ManualAdjust] 旋转增量 RPY=(0.100, 0.000, 0.000)deg
[15:38:42.454] [info] [ManualAdjust] 当前外参 [lidar_front→cam_left]:
[15:38:42.454] [info]   旋转 RPY: (45.9299, -88.5405, -31.0062) deg
[15:38:42.454] [info]   平移 XYZ: (0.1230, 0.0399, -0.0527) m
[15:38:42.484] [debug] [ManualAdjust] 旋转增量 RPY=(0.100, 0.000, 0.000)deg
[15:38:42.484] [info] [ManualAdjust] 当前外参 [lidar_front→cam_left]:
[15:38:42.484] [info]   旋转 RPY: (46.0299, -88.5405, -31.0062) deg
[15:38:42.484] [info]   平移 XYZ: (0.1230, 0.0399, -0.0527) m
[15:38:42.513] [debug] [ManualAdjust] 旋转增量 RPY=(0.100, 0.000, 0.000)deg
[15:38:42.513] [info] [ManualAdjust] 当前外参 [lidar_front→cam_left]:
[15:38:42.513] [info]   旋转 RPY: (46.1299, -88.5405, -31.0062) deg
[15:38:42.513] [info]   平移 XYZ: (0.1230, 0.0399, -0.0527) m
[15:38:42.544] [debug] [ManualAdjust] 旋转增量 RPY=(0.100, 0.000, 0.000)deg
[15:38:42.544] [info] [ManualAdjust] 当前外参 [lidar_front→cam_left]:
[15:38:42.544] [info]   旋转 RPY: (46.2299, -88.5405, -31.0062) deg
[15:38:42.544] [info]   平移 XYZ: (0.1230, 0.0399, -0.0527) m
[15:38:42.575] [debug] [ManualAdjust] 旋转增量 RPY=(0.100, 0.000, 0.000)deg
[15:38:42.575] [info] [ManualAdjust] 当前外参 [lidar_front→cam_left]:
[15:38:42.575] [info]   旋转 RPY: (46.3299, -88.5405, -31.0062) deg
[15:38:42.575] [info]   平移 XYZ: (0.1230, 0.0399, -0.0527) m
[15:38:42.605] [debug] [ManualAdjust] 旋转增量 RPY=(0.100, 0.000, 0.000)deg
[15:38:42.605] [info] [ManualAdjust] 当前外参 [lidar_front→cam_left]:
[15:38:42.605] [info]   旋转 RPY: (46.4299, -88.5405, -31.0062) deg
[15:38:42.605] [info]   平移 XYZ: (0.1230, 0.0399, -0.0527) m
[15:38:42.635] [debug] [ManualAdjust] 旋转增量 RPY=(0.100, 0.000, 0.000)deg
[15:38:42.635] [info] [ManualAdjust] 当前外参 [lidar_front→cam_left]:
[15:38:42.635] [info]   旋转 RPY: (46.5299, -88.5405, -31.0062) deg
[15:38:42.635] [info]   平移 XYZ: (0.1230, 0.0399, -0.0527) m
[15:38:42.665] [debug] [ManualAdjust] 旋转增量 RPY=(0.100, 0.000, 0.000)deg
[15:38:42.665] [info] [ManualAdjust] 当前外参 [lidar_front→cam_left]:
[15:38:42.665] [info]   旋转 RPY: (46.6299, -88.5405, -31.0062) deg
[15:38:42.665] [info]   平移 XYZ: (0.1230, 0.0399, -0.0527) m
[15:38:42.695] [debug] [ManualAdjust] 旋转增量 RPY=(0.100, 0.000, 0.000)deg
[15:38:42.695] [info] [ManualAdjust] 当前外参 [lidar_front→cam_left]:
[15:38:42.695] [info]   旋转 RPY: (46.7299, -88.5405, -31.0062) deg
[15:38:42.695] [info]   平移 XYZ: (0.1230, 0.0399, -0.0527) m
[15:38:42.724] [debug] [ManualAdjust] 旋转增量 RPY=(0.100, 0.000, 0.000)deg
[15:38:42.724] [info] [ManualAdjust] 当前外参 [lidar_front→cam_left]:
[15:38:42.724] [info]   旋转 RPY: (46.8299, -88.5405, -31.0062) deg
[15:38:42.724] [info]   平移 XYZ: (0.1230, 0.0399, -0.0527) m
[15:38:42.755] [debug] [ManualAdjust] 旋转增量 RPY=(0.100, 0.000, 0.000)deg
[15:38:42.755] [info] [ManualAdjust] 当前外参 [lidar_front→cam_left]:
[15:38:42.755] [info]   旋转 RPY: (46.9299, -88.5405, -31.0062) deg
[15:38:42.755] [info]   平移 XYZ: (0.1230, 0.0399, -0.0527) m
[15:38:42.784] [debug] [ManualAdjust] 旋转增量 RPY=(0.100, 0.000, 0.000)deg
[15:38:42.784] [info] [ManualAdjust] 当前外参 [lidar_front→cam_left]:
[15:38:42.784] [info]   旋转 RPY: (47.0299, -88.5405, -31.0062) deg
[15:38:42.784] [info]   平移 XYZ: (0.1230, 0.0399, -0.0527) m
[15:38:42.815] [debug] [ManualAdjust] 旋转增量 RPY=(0.100, 0.000, 0.000)deg
[15:38:42.815] [info] [ManualAdjust] 当前外参 [lidar_front→cam_left]:
[15:38:42.815] [info]   旋转 RPY: (47.1299, -88.5405, -31.0062) deg
[15:38:42.815] [info]   平移 XYZ: (0.1230, 0.0399, -0.0527) m
[15:38:42.845] [debug] [ManualAdjust] 旋转增量 RPY=(0.100, 0.000, 0.000)deg
[15:38:42.845] [info] [ManualAdjust] 当前外参 [lidar_front→cam_left]:
[15:38:42.845] [info]   旋转 RPY: (47.2299, -88.5405, -31.0062) deg
[15:38:42.845] [info]   平移 XYZ: (0.1230, 0.0399, -0.0527) m
[15:38:42.875] [debug] [ManualAdjust] 旋转增量 RPY=(0.100, 0.000, 0.000)deg
[15:38:42.875] [info] [ManualAdjust] 当前外参 [lidar_front→cam_left]:
[15:38:42.875] [info]   旋转 RPY: (47.3299, -88.5405, -31.0062) deg
[15:38:42.875] [info]   平移 XYZ: (0.1230, 0.0399, -0.0527) m
[15:38:42.905] [debug] [ManualAdjust] 旋转增量 RPY=(0.100, 0.000, 0.000)deg
[15:38:42.905] [info] [ManualAdjust] 当前外参 [lidar_front→cam_left]:
[15:38:42.905] [info]   旋转 RPY: (47.4299, -88.5405, -31.0062) deg
[15:38:42.905] [info]   平移 XYZ: (0.1230, 0.0399, -0.0527) m
[15:38:42.935] [debug] [ManualAdjust] 旋转增量 RPY=(0.100, 0.000, 0.000)deg
[15:38:42.935] [info] [ManualAdjust] 当前外参 [lidar_front→cam_left]:
[15:38:42.935] [info]   旋转 RPY: (47.5299, -88.5405, -31.0062) deg
[15:38:42.935] [info]   平移 XYZ: (0.1230, 0.0399, -0.0527) m
[15:38:42.966] [debug] [ManualAdjust] 旋转增量 RPY=(0.100, 0.000, 0.000)deg
[15:38:42.966] [info] [ManualAdjust] 当前外参 [lidar_front→cam_left]:
[15:38:42.966] [info]   旋转 RPY: (47.6299, -88.5405, -31.0062) deg
[15:38:42.966] [info]   平移 XYZ: (0.1230, 0.0399, -0.0527) m
[15:38:42.996] [debug] [ManualAdjust] 旋转增量 RPY=(0.100, 0.000, 0.000)deg
[15:38:42.996] [info] [ManualAdjust] 当前外参 [lidar_front→cam_left]:
[15:38:42.996] [info]   旋转 RPY: (47.7299, -88.5405, -31.0062) deg
[15:38:42.996] [info]   平移 XYZ: (0.1230, 0.0399, -0.0527) m
[15:38:43.026] [debug] [ManualAdjust] 旋转增量 RPY=(0.100, 0.000, 0.000)deg
[15:38:43.026] [info] [ManualAdjust] 当前外参 [lidar_front→cam_left]:
[15:38:43.026] [info]   旋转 RPY: (47.8299, -88.5405, -31.0062) deg
[15:38:43.026] [info]   平移 XYZ: (0.1230, 0.0399, -0.0527) m
[15:38:43.056] [debug] [ManualAdjust] 旋转增量 RPY=(0.100, 0.000, 0.000)deg
[15:38:43.057] [info] [ManualAdjust] 当前外参 [lidar_front→cam_left]:
[15:38:43.057] [info]   旋转 RPY: (47.9299, -88.5405, -31.0062) deg
[15:38:43.057] [info]   平移 XYZ: (0.1230, 0.0399, -0.0527) m
[15:38:43.086] [debug] [ManualAdjust] 旋转增量 RPY=(0.100, 0.000, 0.000)deg
[15:38:43.086] [info] [ManualAdjust] 当前外参 [lidar_front→cam_left]:
[15:38:43.086] [info]   旋转 RPY: (48.0299, -88.5405, -31.0062) deg
[15:38:43.087] [info]   平移 XYZ: (0.1230, 0.0399, -0.0527) m
[15:38:43.117] [debug] [ManualAdjust] 旋转增量 RPY=(0.100, 0.000, 0.000)deg
[15:38:43.117] [info] [ManualAdjust] 当前外参 [lidar_front→cam_left]:
[15:38:43.117] [info]   旋转 RPY: (48.1299, -88.5405, -31.0062) deg
[15:38:43.117] [info]   平移 XYZ: (0.1230, 0.0399, -0.0527) m
[15:38:43.148] [debug] [ManualAdjust] 旋转增量 RPY=(0.100, 0.000, 0.000)deg
[15:38:43.148] [info] [ManualAdjust] 当前外参 [lidar_front→cam_left]:
[15:38:43.148] [info]   旋转 RPY: (48.2299, -88.5405, -31.0062) deg
[15:38:43.148] [info]   平移 XYZ: (0.1230, 0.0399, -0.0527) m
[15:38:43.178] [debug] [ManualAdjust] 旋转增量 RPY=(0.100, 0.000, 0.000)deg
[15:38:43.178] [info] [ManualAdjust] 当前外参 [lidar_front→cam_left]:
[15:38:43.178] [info]   旋转 RPY: (48.3299, -88.5405, -31.0062) deg
[15:38:43.178] [info]   平移 XYZ: (0.1230, 0.0399, -0.0527) m
[15:38:43.207] [debug] [ManualAdjust] 旋转增量 RPY=(0.100, 0.000, 0.000)deg
[15:38:43.207] [info] [ManualAdjust] 当前外参 [lidar_front→cam_left]:
[15:38:43.207] [info]   旋转 RPY: (48.4299, -88.5405, -31.0062) deg
[15:38:43.207] [info]   平移 XYZ: (0.1230, 0.0399, -0.0527) m
[15:38:43.238] [debug] [ManualAdjust] 旋转增量 RPY=(0.100, 0.000, 0.000)deg
[15:38:43.238] [info] [ManualAdjust] 当前外参 [lidar_front→cam_left]:
[15:38:43.238] [info]   旋转 RPY: (48.5299, -88.5405, -31.0062) deg
[15:38:43.238] [info]   平移 XYZ: (0.1230, 0.0399, -0.0527) m
[15:38:43.268] [debug] [ManualAdjust] 旋转增量 RPY=(0.100, 0.000, 0.000)deg
[15:38:43.268] [info] [ManualAdjust] 当前外参 [lidar_front→cam_left]:
[15:38:43.268] [info]   旋转 RPY: (48.6299, -88.5405, -31.0062) deg
[15:38:43.268] [info]   平移 XYZ: (0.1230, 0.0399, -0.0527) m
[15:38:43.298] [debug] [ManualAdjust] 旋转增量 RPY=(0.100, 0.000, 0.000)deg
[15:38:43.298] [info] [ManualAdjust] 当前外参 [lidar_front→cam_left]:
[15:38:43.298] [info]   旋转 RPY: (48.7299, -88.5405, -31.0062) deg
[15:38:43.298] [info]   平移 XYZ: (0.1230, 0.0399, -0.0527) m
[15:38:43.327] [debug] [ManualAdjust] 旋转增量 RPY=(0.100, 0.000, 0.000)deg
[15:38:43.327] [info] [ManualAdjust] 当前外参 [lidar_front→cam_left]:
[15:38:43.327] [info]   旋转 RPY: (48.8299, -88.5405, -31.0062) deg
[15:38:43.327] [info]   平移 XYZ: (0.1230, 0.0399, -0.0527) m
[15:38:43.358] [debug] [ManualAdjust] 旋转增量 RPY=(0.100, 0.000, 0.000)deg
[15:38:43.358] [info] [ManualAdjust] 当前外参 [lidar_front→cam_left]:
[15:38:43.358] [info]   旋转 RPY: (48.9299, -88.5405, -31.0062) deg
[15:38:43.358] [info]   平移 XYZ: (0.1230, 0.0399, -0.0527) m
[15:38:43.388] [debug] [ManualAdjust] 旋转增量 RPY=(0.100, 0.000, 0.000)deg
[15:38:43.388] [info] [ManualAdjust] 当前外参 [lidar_front→cam_left]:
[15:38:43.388] [info]   旋转 RPY: (49.0299, -88.5405, -31.0062) deg
[15:38:43.388] [info]   平移 XYZ: (0.1230, 0.0399, -0.0527) m
[15:38:43.418] [debug] [ManualAdjust] 旋转增量 RPY=(0.100, 0.000, 0.000)deg
[15:38:43.418] [info] [ManualAdjust] 当前外参 [lidar_front→cam_left]:
[15:38:43.419] [info]   旋转 RPY: (49.1299, -88.5405, -31.0062) deg
[15:38:43.419] [info]   平移 XYZ: (0.1230, 0.0399, -0.0527) m
[15:38:43.448] [debug] [ManualAdjust] 旋转增量 RPY=(0.100, 0.000, 0.000)deg
[15:38:43.448] [info] [ManualAdjust] 当前外参 [lidar_front→cam_left]:
[15:38:43.449] [info]   旋转 RPY: (49.2299, -88.5405, -31.0062) deg
[15:38:43.449] [info]   平移 XYZ: (0.1230, 0.0399, -0.0527) m
[15:38:43.480] [debug] [ManualAdjust] 旋转增量 RPY=(0.100, 0.000, 0.000)deg
[15:38:43.480] [info] [ManualAdjust] 当前外参 [lidar_front→cam_left]:
[15:38:43.480] [info]   旋转 RPY: (49.3299, -88.5405, -31.0062) deg
[15:38:43.480] [info]   平移 XYZ: (0.1230, 0.0399, -0.0527) m
[15:38:43.509] [debug] [ManualAdjust] 旋转增量 RPY=(0.100, 0.000, 0.000)deg
[15:38:43.509] [info] [ManualAdjust] 当前外参 [lidar_front→cam_left]:
[15:38:43.509] [info]   旋转 RPY: (49.4299, -88.5405, -31.0062) deg
[15:38:43.509] [info]   平移 XYZ: (0.1230, 0.0399, -0.0527) m
[15:38:43.539] [debug] [ManualAdjust] 旋转增量 RPY=(0.100, 0.000, 0.000)deg
[15:38:43.539] [info] [ManualAdjust] 当前外参 [lidar_front→cam_left]:
[15:38:43.539] [info]   旋转 RPY: (49.5299, -88.5405, -31.0062) deg
[15:38:43.539] [info]   平移 XYZ: (0.1230, 0.0399, -0.0527) m
[15:38:43.569] [debug] [ManualAdjust] 旋转增量 RPY=(0.100, 0.000, 0.000)deg
[15:38:43.569] [info] [ManualAdjust] 当前外参 [lidar_front→cam_left]:
[15:38:43.569] [info]   旋转 RPY: (49.6299, -88.5405, -31.0062) deg
[15:38:43.569] [info]   平移 XYZ: (0.1230, 0.0399, -0.0527) m
[15:38:43.599] [debug] [ManualAdjust] 旋转增量 RPY=(0.100, 0.000, 0.000)deg
[15:38:43.599] [info] [ManualAdjust] 当前外参 [lidar_front→cam_left]:
[15:38:43.599] [info]   旋转 RPY: (49.7299, -88.5405, -31.0062) deg
[15:38:43.599] [info]   平移 XYZ: (0.1230, 0.0399, -0.0527) m
[15:38:43.629] [debug] [ManualAdjust] 旋转增量 RPY=(0.100, 0.000, 0.000)deg
[15:38:43.629] [info] [ManualAdjust] 当前外参 [lidar_front→cam_left]:
[15:38:43.629] [info]   旋转 RPY: (49.8299, -88.5405, -31.0062) deg
[15:38:43.629] [info]   平移 XYZ: (0.1230, 0.0399, -0.0527) m
[15:38:43.659] [debug] [ManualAdjust] 旋转增量 RPY=(0.100, 0.000, 0.000)deg
[15:38:43.659] [info] [ManualAdjust] 当前外参 [lidar_front→cam_left]:
[15:38:43.659] [info]   旋转 RPY: (49.9299, -88.5405, -31.0062) deg
[15:38:43.659] [info]   平移 XYZ: (0.1230, 0.0399, -0.0527) m
[15:38:43.689] [debug] [ManualAdjust] 旋转增量 RPY=(0.100, 0.000, 0.000)deg
[15:38:43.689] [info] [ManualAdjust] 当前外参 [lidar_front→cam_left]:
[15:38:43.689] [info]   旋转 RPY: (50.0299, -88.5405, -31.0062) deg
[15:38:43.689] [info]   平移 XYZ: (0.1230, 0.0399, -0.0527) m
[15:38:43.720] [debug] [ManualAdjust] 旋转增量 RPY=(0.100, 0.000, 0.000)deg
[15:38:43.720] [info] [ManualAdjust] 当前外参 [lidar_front→cam_left]:
[15:38:43.720] [info]   旋转 RPY: (50.1299, -88.5405, -31.0062) deg
[15:38:43.720] [info]   平移 XYZ: (0.1230, 0.0399, -0.0527) m
[15:38:43.750] [debug] [ManualAdjust] 旋转增量 RPY=(0.100, 0.000, 0.000)deg
[15:38:43.750] [info] [ManualAdjust] 当前外参 [lidar_front→cam_left]:
[15:38:43.750] [info]   旋转 RPY: (50.2299, -88.5405, -31.0062) deg
[15:38:43.750] [info]   平移 XYZ: (0.1230, 0.0399, -0.0527) m
[15:38:43.780] [debug] [ManualAdjust] 旋转增量 RPY=(0.100, 0.000, 0.000)deg
[15:38:43.780] [info] [ManualAdjust] 当前外参 [lidar_front→cam_left]:
[15:38:43.780] [info]   旋转 RPY: (50.3299, -88.5405, -31.0062) deg
[15:38:43.780] [info]   平移 XYZ: (0.1230, 0.0399, -0.0527) m
[15:38:43.809] [debug] [ManualAdjust] 旋转增量 RPY=(0.100, 0.000, 0.000)deg
[15:38:43.809] [info] [ManualAdjust] 当前外参 [lidar_front→cam_left]:
[15:38:43.809] [info]   旋转 RPY: (50.4299, -88.5405, -31.0062) deg
[15:38:43.809] [info]   平移 XYZ: (0.1230, 0.0399, -0.0527) m
[15:38:43.839] [debug] [ManualAdjust] 旋转增量 RPY=(0.100, 0.000, 0.000)deg
[15:38:43.839] [info] [ManualAdjust] 当前外参 [lidar_front→cam_left]:
[15:38:43.839] [info]   旋转 RPY: (50.5299, -88.5405, -31.0062) deg
[15:38:43.839] [info]   平移 XYZ: (0.1230, 0.0399, -0.0527) m
[15:38:43.870] [debug] [ManualAdjust] 旋转增量 RPY=(0.100, 0.000, 0.000)deg
[15:38:43.870] [info] [ManualAdjust] 当前外参 [lidar_front→cam_left]:
[15:38:43.870] [info]   旋转 RPY: (50.6299, -88.5405, -31.0062) deg
[15:38:43.870] [info]   平移 XYZ: (0.1230, 0.0399, -0.0527) m
[15:38:43.900] [debug] [ManualAdjust] 旋转增量 RPY=(0.100, 0.000, 0.000)deg
[15:38:43.900] [info] [ManualAdjust] 当前外参 [lidar_front→cam_left]:
[15:38:43.900] [info]   旋转 RPY: (50.7299, -88.5405, -31.0062) deg
[15:38:43.900] [info]   平移 XYZ: (0.1230, 0.0399, -0.0527) m
[15:38:43.931] [debug] [ManualAdjust] 旋转增量 RPY=(0.100, 0.000, 0.000)deg
[15:38:43.931] [info] [ManualAdjust] 当前外参 [lidar_front→cam_left]:
[15:38:43.931] [info]   旋转 RPY: (50.8299, -88.5405, -31.0062) deg
[15:38:43.931] [info]   平移 XYZ: (0.1230, 0.0399, -0.0527) m
[15:38:43.961] [debug] [ManualAdjust] 旋转增量 RPY=(0.100, 0.000, 0.000)deg
[15:38:43.961] [info] [ManualAdjust] 当前外参 [lidar_front→cam_left]:
[15:38:43.961] [info]   旋转 RPY: (50.9299, -88.5405, -31.0062) deg
[15:38:43.961] [info]   平移 XYZ: (0.1230, 0.0399, -0.0527) m
[15:38:43.991] [debug] [ManualAdjust] 旋转增量 RPY=(0.100, 0.000, 0.000)deg
[15:38:43.991] [info] [ManualAdjust] 当前外参 [lidar_front→cam_left]:
[15:38:43.991] [info]   旋转 RPY: (51.0299, -88.5405, -31.0062) deg
[15:38:43.991] [info]   平移 XYZ: (0.1230, 0.0399, -0.0527) m
[15:38:44.021] [debug] [ManualAdjust] 旋转增量 RPY=(0.100, 0.000, 0.000)deg
[15:38:44.021] [info] [ManualAdjust] 当前外参 [lidar_front→cam_left]:
[15:38:44.021] [info]   旋转 RPY: (51.1299, -88.5405, -31.0062) deg
[15:38:44.021] [info]   平移 XYZ: (0.1230, 0.0399, -0.0527) m
[15:38:44.052] [debug] [ManualAdjust] 旋转增量 RPY=(0.100, 0.000, 0.000)deg
[15:38:44.052] [info] [ManualAdjust] 当前外参 [lidar_front→cam_left]:
[15:38:44.052] [info]   旋转 RPY: (51.2299, -88.5405, -31.0062) deg
[15:38:44.052] [info]   平移 XYZ: (0.1230, 0.0399, -0.0527) m
[15:38:44.082] [debug] [ManualAdjust] 旋转增量 RPY=(0.100, 0.000, 0.000)deg
[15:38:44.082] [info] [ManualAdjust] 当前外参 [lidar_front→cam_left]:
[15:38:44.082] [info]   旋转 RPY: (51.3299, -88.5405, -31.0062) deg
[15:38:44.082] [info]   平移 XYZ: (0.1230, 0.0399, -0.0527) m
[15:38:44.113] [debug] [ManualAdjust] 旋转增量 RPY=(0.100, 0.000, 0.000)deg
[15:38:44.113] [info] [ManualAdjust] 当前外参 [lidar_front→cam_left]:
[15:38:44.113] [info]   旋转 RPY: (51.4299, -88.5405, -31.0062) deg
[15:38:44.113] [info]   平移 XYZ: (0.1230, 0.0399, -0.0527) m
[15:38:44.142] [debug] [ManualAdjust] 旋转增量 RPY=(0.100, 0.000, 0.000)deg
[15:38:44.142] [info] [ManualAdjust] 当前外参 [lidar_front→cam_left]:
[15:38:44.142] [info]   旋转 RPY: (51.5299, -88.5405, -31.0062) deg
[15:38:44.142] [info]   平移 XYZ: (0.1230, 0.0399, -0.0527) m
[15:38:44.173] [debug] [ManualAdjust] 旋转增量 RPY=(0.100, 0.000, 0.000)deg
[15:38:44.173] [info] [ManualAdjust] 当前外参 [lidar_front→cam_left]:
[15:38:44.173] [info]   旋转 RPY: (51.6299, -88.5405, -31.0062) deg
[15:38:44.173] [info]   平移 XYZ: (0.1230, 0.0399, -0.0527) m
[15:38:44.203] [debug] [ManualAdjust] 旋转增量 RPY=(0.100, 0.000, 0.000)deg
[15:38:44.203] [info] [ManualAdjust] 当前外参 [lidar_front→cam_left]:
[15:38:44.203] [info]   旋转 RPY: (51.7299, -88.5405, -31.0062) deg
[15:38:44.203] [info]   平移 XYZ: (0.1230, 0.0399, -0.0527) m
[15:38:44.234] [debug] [ManualAdjust] 旋转增量 RPY=(0.100, 0.000, 0.000)deg
[15:38:44.234] [info] [ManualAdjust] 当前外参 [lidar_front→cam_left]:
[15:38:44.234] [info]   旋转 RPY: (51.8299, -88.5405, -31.0062) deg
[15:38:44.234] [info]   平移 XYZ: (0.1230, 0.0399, -0.0527) m
[15:38:44.264] [debug] [ManualAdjust] 旋转增量 RPY=(0.100, 0.000, 0.000)deg
[15:38:44.264] [info] [ManualAdjust] 当前外参 [lidar_front→cam_left]:
[15:38:44.264] [info]   旋转 RPY: (51.9299, -88.5405, -31.0062) deg
[15:38:44.264] [info]   平移 XYZ: (0.1230, 0.0399, -0.0527) m
[15:38:44.294] [debug] [ManualAdjust] 旋转增量 RPY=(0.100, 0.000, 0.000)deg
[15:38:44.294] [info] [ManualAdjust] 当前外参 [lidar_front→cam_left]:
[15:38:44.294] [info]   旋转 RPY: (52.0299, -88.5405, -31.0062) deg
[15:38:44.294] [info]   平移 XYZ: (0.1230, 0.0399, -0.0527) m
[15:38:44.324] [debug] [ManualAdjust] 旋转增量 RPY=(0.100, 0.000, 0.000)deg
[15:38:44.324] [info] [ManualAdjust] 当前外参 [lidar_front→cam_left]:
[15:38:44.324] [info]   旋转 RPY: (52.1299, -88.5405, -31.0062) deg
[15:38:44.324] [info]   平移 XYZ: (0.1230, 0.0399, -0.0527) m
[15:38:44.354] [debug] [ManualAdjust] 旋转增量 RPY=(0.100, 0.000, 0.000)deg
[15:38:44.354] [info] [ManualAdjust] 当前外参 [lidar_front→cam_left]:
[15:38:44.354] [info]   旋转 RPY: (52.2299, -88.5405, -31.0062) deg
[15:38:44.354] [info]   平移 XYZ: (0.1230, 0.0399, -0.0527) m
[15:38:44.385] [debug] [ManualAdjust] 旋转增量 RPY=(0.100, 0.000, 0.000)deg
[15:38:44.385] [info] [ManualAdjust] 当前外参 [lidar_front→cam_left]:
[15:38:44.385] [info]   旋转 RPY: (52.3299, -88.5405, -31.0062) deg
[15:38:44.385] [info]   平移 XYZ: (0.1230, 0.0399, -0.0527) m
[15:38:44.415] [debug] [ManualAdjust] 旋转增量 RPY=(0.100, 0.000, 0.000)deg
[15:38:44.415] [info] [ManualAdjust] 当前外参 [lidar_front→cam_left]:
[15:38:44.415] [info]   旋转 RPY: (52.4299, -88.5405, -31.0062) deg
[15:38:44.415] [info]   平移 XYZ: (0.1230, 0.0399, -0.0527) m
[15:38:44.445] [debug] [ManualAdjust] 旋转增量 RPY=(0.100, 0.000, 0.000)deg
[15:38:44.445] [info] [ManualAdjust] 当前外参 [lidar_front→cam_left]:
[15:38:44.445] [info]   旋转 RPY: (52.5299, -88.5405, -31.0062) deg
[15:38:44.445] [info]   平移 XYZ: (0.1230, 0.0399, -0.0527) m
[15:38:44.475] [debug] [ManualAdjust] 旋转增量 RPY=(0.100, 0.000, 0.000)deg
[15:38:44.475] [info] [ManualAdjust] 当前外参 [lidar_front→cam_left]:
[15:38:44.475] [info]   旋转 RPY: (52.6299, -88.5405, -31.0062) deg
[15:38:44.475] [info]   平移 XYZ: (0.1230, 0.0399, -0.0527) m
[15:38:44.505] [debug] [ManualAdjust] 旋转增量 RPY=(0.100, 0.000, 0.000)deg
[15:38:44.505] [info] [ManualAdjust] 当前外参 [lidar_front→cam_left]:
[15:38:44.505] [info]   旋转 RPY: (52.7299, -88.5405, -31.0062) deg
[15:38:44.505] [info]   平移 XYZ: (0.1230, 0.0399, -0.0527) m
[15:38:44.535] [debug] [ManualAdjust] 旋转增量 RPY=(0.100, 0.000, 0.000)deg
[15:38:44.535] [info] [ManualAdjust] 当前外参 [lidar_front→cam_left]:
[15:38:44.535] [info]   旋转 RPY: (52.8299, -88.5405, -31.0062) deg
[15:38:44.535] [info]   平移 XYZ: (0.1230, 0.0399, -0.0527) m
[15:38:44.565] [debug] [ManualAdjust] 旋转增量 RPY=(0.100, 0.000, 0.000)deg
[15:38:44.565] [info] [ManualAdjust] 当前外参 [lidar_front→cam_left]:
[15:38:44.565] [info]   旋转 RPY: (52.9299, -88.5405, -31.0062) deg
[15:38:44.565] [info]   平移 XYZ: (0.1230, 0.0399, -0.0527) m
[15:38:44.594] [debug] [ManualAdjust] 旋转增量 RPY=(0.100, 0.000, 0.000)deg
[15:38:44.594] [info] [ManualAdjust] 当前外参 [lidar_front→cam_left]:
[15:38:44.594] [info]   旋转 RPY: (53.0299, -88.5405, -31.0062) deg
[15:38:44.594] [info]   平移 XYZ: (0.1230, 0.0399, -0.0527) m
[15:38:44.624] [debug] [ManualAdjust] 旋转增量 RPY=(0.100, 0.000, 0.000)deg
[15:38:44.624] [info] [ManualAdjust] 当前外参 [lidar_front→cam_left]:
[15:38:44.625] [info]   旋转 RPY: (53.1299, -88.5405, -31.0062) deg
[15:38:44.625] [info]   平移 XYZ: (0.1230, 0.0399, -0.0527) m
[15:38:44.655] [debug] [ManualAdjust] 旋转增量 RPY=(0.100, 0.000, 0.000)deg
[15:38:44.655] [info] [ManualAdjust] 当前外参 [lidar_front→cam_left]:
[15:38:44.655] [info]   旋转 RPY: (53.2299, -88.5405, -31.0062) deg
[15:38:44.655] [info]   平移 XYZ: (0.1230, 0.0399, -0.0527) m
[15:38:44.685] [debug] [ManualAdjust] 旋转增量 RPY=(0.100, 0.000, 0.000)deg
[15:38:44.685] [info] [ManualAdjust] 当前外参 [lidar_front→cam_left]:
[15:38:44.685] [info]   旋转 RPY: (53.3299, -88.5405, -31.0062) deg
[15:38:44.685] [info]   平移 XYZ: (0.1230, 0.0399, -0.0527) m
[15:38:44.715] [debug] [ManualAdjust] 旋转增量 RPY=(0.100, 0.000, 0.000)deg
[15:38:44.715] [info] [ManualAdjust] 当前外参 [lidar_front→cam_left]:
[15:38:44.715] [info]   旋转 RPY: (53.4299, -88.5405, -31.0062) deg
[15:38:44.715] [info]   平移 XYZ: (0.1230, 0.0399, -0.0527) m
[15:38:44.745] [debug] [ManualAdjust] 旋转增量 RPY=(0.100, 0.000, 0.000)deg
[15:38:44.745] [info] [ManualAdjust] 当前外参 [lidar_front→cam_left]:
[15:38:44.745] [info]   旋转 RPY: (53.5299, -88.5405, -31.0062) deg
[15:38:44.745] [info]   平移 XYZ: (0.1230, 0.0399, -0.0527) m
[15:38:44.774] [debug] [ManualAdjust] 旋转增量 RPY=(0.100, 0.000, 0.000)deg
[15:38:44.774] [info] [ManualAdjust] 当前外参 [lidar_front→cam_left]:
[15:38:44.774] [info]   旋转 RPY: (53.6299, -88.5405, -31.0062) deg
[15:38:44.774] [info]   平移 XYZ: (0.1230, 0.0399, -0.0527) m
[15:38:44.804] [debug] [ManualAdjust] 旋转增量 RPY=(0.100, 0.000, 0.000)deg
[15:38:44.804] [info] [ManualAdjust] 当前外参 [lidar_front→cam_left]:
[15:38:44.804] [info]   旋转 RPY: (53.7299, -88.5405, -31.0062) deg
[15:38:44.804] [info]   平移 XYZ: (0.1230, 0.0399, -0.0527) m
[15:38:44.834] [debug] [ManualAdjust] 旋转增量 RPY=(0.100, 0.000, 0.000)deg
[15:38:44.834] [info] [ManualAdjust] 当前外参 [lidar_front→cam_left]:
[15:38:44.834] [info]   旋转 RPY: (53.8299, -88.5405, -31.0062) deg
[15:38:44.834] [info]   平移 XYZ: (0.1230, 0.0399, -0.0527) m
[15:38:44.865] [debug] [ManualAdjust] 旋转增量 RPY=(0.100, 0.000, 0.000)deg
[15:38:44.865] [info] [ManualAdjust] 当前外参 [lidar_front→cam_left]:
[15:38:44.865] [info]   旋转 RPY: (53.9299, -88.5405, -31.0062) deg
[15:38:44.865] [info]   平移 XYZ: (0.1230, 0.0399, -0.0527) m
[15:38:44.895] [debug] [ManualAdjust] 旋转增量 RPY=(0.100, 0.000, 0.000)deg
[15:38:44.895] [info] [ManualAdjust] 当前外参 [lidar_front→cam_left]:
[15:38:44.895] [info]   旋转 RPY: (54.0299, -88.5405, -31.0062) deg
[15:38:44.895] [info]   平移 XYZ: (0.1230, 0.0399, -0.0527) m
[15:38:44.924] [debug] [ManualAdjust] 旋转增量 RPY=(0.100, 0.000, 0.000)deg
[15:38:44.924] [info] [ManualAdjust] 当前外参 [lidar_front→cam_left]:
[15:38:44.924] [info]   旋转 RPY: (54.1299, -88.5405, -31.0062) deg
[15:38:44.925] [info]   平移 XYZ: (0.1230, 0.0399, -0.0527) m
[15:38:44.955] [debug] [ManualAdjust] 旋转增量 RPY=(0.100, 0.000, 0.000)deg
[15:38:44.955] [info] [ManualAdjust] 当前外参 [lidar_front→cam_left]:
[15:38:44.955] [info]   旋转 RPY: (54.2299, -88.5405, -31.0062) deg
[15:38:44.955] [info]   平移 XYZ: (0.1230, 0.0399, -0.0527) m
[15:38:44.986] [debug] [ManualAdjust] 旋转增量 RPY=(0.100, 0.000, 0.000)deg
[15:38:44.986] [info] [ManualAdjust] 当前外参 [lidar_front→cam_left]:
[15:38:44.986] [info]   旋转 RPY: (54.3299, -88.5405, -31.0062) deg
[15:38:44.986] [info]   平移 XYZ: (0.1230, 0.0399, -0.0527) m
[15:38:45.017] [debug] [ManualAdjust] 旋转增量 RPY=(0.100, 0.000, 0.000)deg
[15:38:45.017] [info] [ManualAdjust] 当前外参 [lidar_front→cam_left]:
[15:38:45.017] [info]   旋转 RPY: (54.4299, -88.5405, -31.0062) deg
[15:38:45.017] [info]   平移 XYZ: (0.1230, 0.0399, -0.0527) m
[15:38:45.047] [debug] [ManualAdjust] 旋转增量 RPY=(0.100, 0.000, 0.000)deg
[15:38:45.047] [info] [ManualAdjust] 当前外参 [lidar_front→cam_left]:
[15:38:45.047] [info]   旋转 RPY: (54.5299, -88.5405, -31.0062) deg
[15:38:45.047] [info]   平移 XYZ: (0.1230, 0.0399, -0.0527) m
[15:38:45.077] [debug] [ManualAdjust] 旋转增量 RPY=(0.100, 0.000, 0.000)deg
[15:38:45.077] [info] [ManualAdjust] 当前外参 [lidar_front→cam_left]:
[15:38:45.077] [info]   旋转 RPY: (54.6299, -88.5405, -31.0062) deg
[15:38:45.077] [info]   平移 XYZ: (0.1230, 0.0399, -0.0527) m
[15:38:45.107] [debug] [ManualAdjust] 旋转增量 RPY=(0.100, 0.000, 0.000)deg
[15:38:45.107] [info] [ManualAdjust] 当前外参 [lidar_front→cam_left]:
[15:38:45.107] [info]   旋转 RPY: (54.7299, -88.5405, -31.0062) deg
[15:38:45.107] [info]   平移 XYZ: (0.1230, 0.0399, -0.0527) m
[15:38:45.137] [debug] [ManualAdjust] 旋转增量 RPY=(0.100, 0.000, 0.000)deg
[15:38:45.137] [info] [ManualAdjust] 当前外参 [lidar_front→cam_left]:
[15:38:45.137] [info]   旋转 RPY: (54.8299, -88.5405, -31.0062) deg
[15:38:45.137] [info]   平移 XYZ: (0.1230, 0.0399, -0.0527) m
[15:38:45.167] [debug] [ManualAdjust] 旋转增量 RPY=(0.100, 0.000, 0.000)deg
[15:38:45.167] [info] [ManualAdjust] 当前外参 [lidar_front→cam_left]:
[15:38:45.167] [info]   旋转 RPY: (54.9299, -88.5405, -31.0062) deg
[15:38:45.167] [info]   平移 XYZ: (0.1230, 0.0399, -0.0527) m
[15:38:45.196] [debug] [ManualAdjust] 旋转增量 RPY=(0.100, 0.000, 0.000)deg
[15:38:45.196] [info] [ManualAdjust] 当前外参 [lidar_front→cam_left]:
[15:38:45.196] [info]   旋转 RPY: (55.0299, -88.5405, -31.0062) deg
[15:38:45.196] [info]   平移 XYZ: (0.1230, 0.0399, -0.0527) m
[15:38:45.226] [debug] [ManualAdjust] 旋转增量 RPY=(0.100, 0.000, 0.000)deg
[15:38:45.227] [info] [ManualAdjust] 当前外参 [lidar_front→cam_left]:
[15:38:45.227] [info]   旋转 RPY: (55.1299, -88.5405, -31.0062) deg
[15:38:45.227] [info]   平移 XYZ: (0.1230, 0.0399, -0.0527) m
[15:38:45.256] [debug] [ManualAdjust] 旋转增量 RPY=(0.100, 0.000, 0.000)deg
[15:38:45.256] [info] [ManualAdjust] 当前外参 [lidar_front→cam_left]:
[15:38:45.256] [info]   旋转 RPY: (55.2299, -88.5405, -31.0062) deg
[15:38:45.256] [info]   平移 XYZ: (0.1230, 0.0399, -0.0527) m
[15:38:45.287] [debug] [ManualAdjust] 旋转增量 RPY=(0.100, 0.000, 0.000)deg
[15:38:45.287] [info] [ManualAdjust] 当前外参 [lidar_front→cam_left]:
[15:38:45.287] [info]   旋转 RPY: (55.3299, -88.5405, -31.0062) deg
[15:38:45.287] [info]   平移 XYZ: (0.1230, 0.0399, -0.0527) m
[15:38:45.318] [debug] [ManualAdjust] 旋转增量 RPY=(0.100, 0.000, 0.000)deg
[15:38:45.318] [info] [ManualAdjust] 当前外参 [lidar_front→cam_left]:
[15:38:45.318] [info]   旋转 RPY: (55.4299, -88.5405, -31.0062) deg
[15:38:45.318] [info]   平移 XYZ: (0.1230, 0.0399, -0.0527) m
[15:38:45.347] [debug] [ManualAdjust] 旋转增量 RPY=(0.100, 0.000, 0.000)deg
[15:38:45.347] [info] [ManualAdjust] 当前外参 [lidar_front→cam_left]:
[15:38:45.347] [info]   旋转 RPY: (55.5299, -88.5405, -31.0062) deg
[15:38:45.347] [info]   平移 XYZ: (0.1230, 0.0399, -0.0527) m
[15:38:45.378] [debug] [ManualAdjust] 旋转增量 RPY=(0.100, 0.000, 0.000)deg
[15:38:45.378] [info] [ManualAdjust] 当前外参 [lidar_front→cam_left]:
[15:38:45.378] [info]   旋转 RPY: (55.6299, -88.5405, -31.0062) deg
[15:38:45.378] [info]   平移 XYZ: (0.1230, 0.0399, -0.0527) m
[15:38:45.407] [debug] [ManualAdjust] 旋转增量 RPY=(0.100, 0.000, 0.000)deg
[15:38:45.407] [info] [ManualAdjust] 当前外参 [lidar_front→cam_left]:
[15:38:45.407] [info]   旋转 RPY: (55.7299, -88.5405, -31.0062) deg
[15:38:45.407] [info]   平移 XYZ: (0.1230, 0.0399, -0.0527) m
[15:38:45.438] [debug] [ManualAdjust] 旋转增量 RPY=(0.100, 0.000, 0.000)deg
[15:38:45.438] [info] [ManualAdjust] 当前外参 [lidar_front→cam_left]:
[15:38:45.438] [info]   旋转 RPY: (55.8299, -88.5405, -31.0062) deg
[15:38:45.438] [info]   平移 XYZ: (0.1230, 0.0399, -0.0527) m
[15:38:45.468] [debug] [ManualAdjust] 旋转增量 RPY=(0.100, 0.000, 0.000)deg
[15:38:45.468] [info] [ManualAdjust] 当前外参 [lidar_front→cam_left]:
[15:38:45.468] [info]   旋转 RPY: (55.9299, -88.5405, -31.0062) deg
[15:38:45.468] [info]   平移 XYZ: (0.1230, 0.0399, -0.0527) m
[15:38:45.498] [debug] [ManualAdjust] 旋转增量 RPY=(0.100, 0.000, 0.000)deg
[15:38:45.498] [info] [ManualAdjust] 当前外参 [lidar_front→cam_left]:
[15:38:45.498] [info]   旋转 RPY: (56.0299, -88.5405, -31.0062) deg
[15:38:45.498] [info]   平移 XYZ: (0.1230, 0.0399, -0.0527) m
[15:38:45.528] [debug] [ManualAdjust] 旋转增量 RPY=(0.100, 0.000, 0.000)deg
[15:38:45.528] [info] [ManualAdjust] 当前外参 [lidar_front→cam_left]:
[15:38:45.528] [info]   旋转 RPY: (56.1299, -88.5405, -31.0062) deg
[15:38:45.528] [info]   平移 XYZ: (0.1230, 0.0399, -0.0527) m
[15:38:45.559] [debug] [ManualAdjust] 旋转增量 RPY=(0.100, 0.000, 0.000)deg
[15:38:45.559] [info] [ManualAdjust] 当前外参 [lidar_front→cam_left]:
[15:38:45.559] [info]   旋转 RPY: (56.2299, -88.5405, -31.0062) deg
[15:38:45.559] [info]   平移 XYZ: (0.1230, 0.0399, -0.0527) m
[15:38:45.588] [debug] [ManualAdjust] 旋转增量 RPY=(0.100, 0.000, 0.000)deg
[15:38:45.588] [info] [ManualAdjust] 当前外参 [lidar_front→cam_left]:
[15:38:45.588] [info]   旋转 RPY: (56.3299, -88.5405, -31.0062) deg
[15:38:45.588] [info]   平移 XYZ: (0.1230, 0.0399, -0.0527) m
[15:38:45.619] [debug] [ManualAdjust] 旋转增量 RPY=(0.100, 0.000, 0.000)deg
[15:38:45.619] [info] [ManualAdjust] 当前外参 [lidar_front→cam_left]:
[15:38:45.619] [info]   旋转 RPY: (56.4299, -88.5405, -31.0062) deg
[15:38:45.619] [info]   平移 XYZ: (0.1230, 0.0399, -0.0527) m
[15:38:45.650] [debug] [ManualAdjust] 旋转增量 RPY=(0.100, 0.000, 0.000)deg
[15:38:45.650] [info] [ManualAdjust] 当前外参 [lidar_front→cam_left]:
[15:38:45.650] [info]   旋转 RPY: (56.5299, -88.5405, -31.0062) deg
[15:38:45.650] [info]   平移 XYZ: (0.1230, 0.0399, -0.0527) m
[15:38:45.681] [debug] [ManualAdjust] 旋转增量 RPY=(0.100, 0.000, 0.000)deg
[15:38:45.681] [info] [ManualAdjust] 当前外参 [lidar_front→cam_left]:
[15:38:45.681] [info]   旋转 RPY: (56.6299, -88.5405, -31.0062) deg
[15:38:45.681] [info]   平移 XYZ: (0.1230, 0.0399, -0.0527) m
[15:38:45.711] [debug] [ManualAdjust] 旋转增量 RPY=(0.100, 0.000, 0.000)deg
[15:38:45.711] [info] [ManualAdjust] 当前外参 [lidar_front→cam_left]:
[15:38:45.711] [info]   旋转 RPY: (56.7299, -88.5405, -31.0062) deg
[15:38:45.711] [info]   平移 XYZ: (0.1230, 0.0399, -0.0527) m
[15:38:45.742] [debug] [ManualAdjust] 旋转增量 RPY=(0.100, 0.000, 0.000)deg
[15:38:45.742] [info] [ManualAdjust] 当前外参 [lidar_front→cam_left]:
[15:38:45.742] [info]   旋转 RPY: (56.8299, -88.5405, -31.0062) deg
[15:38:45.742] [info]   平移 XYZ: (0.1230, 0.0399, -0.0527) m
[15:38:45.772] [debug] [ManualAdjust] 旋转增量 RPY=(0.100, 0.000, 0.000)deg
[15:38:45.772] [info] [ManualAdjust] 当前外参 [lidar_front→cam_left]:
[15:38:45.772] [info]   旋转 RPY: (56.9299, -88.5405, -31.0062) deg
[15:38:45.772] [info]   平移 XYZ: (0.1230, 0.0399, -0.0527) m
[15:38:45.802] [debug] [ManualAdjust] 旋转增量 RPY=(0.100, 0.000, 0.000)deg
[15:38:45.802] [info] [ManualAdjust] 当前外参 [lidar_front→cam_left]:
[15:38:45.802] [info]   旋转 RPY: (57.0299, -88.5405, -31.0062) deg
[15:38:45.802] [info]   平移 XYZ: (0.1230, 0.0399, -0.0527) m
[15:38:45.832] [debug] [ManualAdjust] 旋转增量 RPY=(0.100, 0.000, 0.000)deg
[15:38:45.832] [info] [ManualAdjust] 当前外参 [lidar_front→cam_left]:
[15:38:45.832] [info]   旋转 RPY: (57.1299, -88.5405, -31.0062) deg
[15:38:45.832] [info]   平移 XYZ: (0.1230, 0.0399, -0.0527) m
[15:38:45.862] [debug] [ManualAdjust] 旋转增量 RPY=(0.100, 0.000, 0.000)deg
[15:38:45.862] [info] [ManualAdjust] 当前外参 [lidar_front→cam_left]:
[15:38:45.862] [info]   旋转 RPY: (57.2299, -88.5405, -31.0062) deg
[15:38:45.862] [info]   平移 XYZ: (0.1230, 0.0399, -0.0527) m
[15:38:45.892] [debug] [ManualAdjust] 旋转增量 RPY=(0.100, 0.000, 0.000)deg
[15:38:45.892] [info] [ManualAdjust] 当前外参 [lidar_front→cam_left]:
[15:38:45.892] [info]   旋转 RPY: (57.3299, -88.5405, -31.0062) deg
[15:38:45.892] [info]   平移 XYZ: (0.1230, 0.0399, -0.0527) m
[15:38:45.923] [debug] [ManualAdjust] 旋转增量 RPY=(0.100, 0.000, 0.000)deg
[15:38:45.923] [info] [ManualAdjust] 当前外参 [lidar_front→cam_left]:
[15:38:45.923] [info]   旋转 RPY: (57.4299, -88.5405, -31.0062) deg
[15:38:45.923] [info]   平移 XYZ: (0.1230, 0.0399, -0.0527) m
[15:38:45.953] [debug] [ManualAdjust] 旋转增量 RPY=(0.100, 0.000, 0.000)deg
[15:38:45.953] [info] [ManualAdjust] 当前外参 [lidar_front→cam_left]:
[15:38:45.953] [info]   旋转 RPY: (57.5299, -88.5405, -31.0062) deg
[15:38:45.953] [info]   平移 XYZ: (0.1230, 0.0399, -0.0527) m
[15:38:45.983] [debug] [ManualAdjust] 旋转增量 RPY=(0.100, 0.000, 0.000)deg
[15:38:45.983] [info] [ManualAdjust] 当前外参 [lidar_front→cam_left]:
[15:38:45.983] [info]   旋转 RPY: (57.6299, -88.5405, -31.0062) deg
[15:38:45.983] [info]   平移 XYZ: (0.1230, 0.0399, -0.0527) m
[15:38:46.013] [debug] [ManualAdjust] 旋转增量 RPY=(0.100, 0.000, 0.000)deg
[15:38:46.013] [info] [ManualAdjust] 当前外参 [lidar_front→cam_left]:
[15:38:46.013] [info]   旋转 RPY: (57.7299, -88.5405, -31.0062) deg
[15:38:46.013] [info]   平移 XYZ: (0.1230, 0.0399, -0.0527) m
[15:38:46.044] [debug] [ManualAdjust] 旋转增量 RPY=(0.100, 0.000, 0.000)deg
[15:38:46.044] [info] [ManualAdjust] 当前外参 [lidar_front→cam_left]:
[15:38:46.044] [info]   旋转 RPY: (57.8299, -88.5405, -31.0062) deg
[15:38:46.044] [info]   平移 XYZ: (0.1230, 0.0399, -0.0527) m
[15:38:46.074] [debug] [ManualAdjust] 旋转增量 RPY=(0.100, 0.000, 0.000)deg
[15:38:46.074] [info] [ManualAdjust] 当前外参 [lidar_front→cam_left]:
[15:38:46.074] [info]   旋转 RPY: (57.9299, -88.5405, -31.0062) deg
[15:38:46.074] [info]   平移 XYZ: (0.1230, 0.0399, -0.0527) m
[15:38:46.104] [debug] [ManualAdjust] 旋转增量 RPY=(0.100, 0.000, 0.000)deg
[15:38:46.104] [info] [ManualAdjust] 当前外参 [lidar_front→cam_left]:
[15:38:46.104] [info]   旋转 RPY: (58.0299, -88.5405, -31.0062) deg
[15:38:46.104] [info]   平移 XYZ: (0.1230, 0.0399, -0.0527) m
[15:38:46.134] [debug] [ManualAdjust] 旋转增量 RPY=(0.100, 0.000, 0.000)deg
[15:38:46.134] [info] [ManualAdjust] 当前外参 [lidar_front→cam_left]:
[15:38:46.134] [info]   旋转 RPY: (58.1299, -88.5405, -31.0062) deg
[15:38:46.134] [info]   平移 XYZ: (0.1230, 0.0399, -0.0527) m
[15:38:46.165] [debug] [ManualAdjust] 旋转增量 RPY=(0.100, 0.000, 0.000)deg
[15:38:46.165] [info] [ManualAdjust] 当前外参 [lidar_front→cam_left]:
[15:38:46.165] [info]   旋转 RPY: (58.2299, -88.5405, -31.0062) deg
[15:38:46.165] [info]   平移 XYZ: (0.1230, 0.0399, -0.0527) m
[15:38:46.195] [debug] [ManualAdjust] 旋转增量 RPY=(0.100, 0.000, 0.000)deg
[15:38:46.195] [info] [ManualAdjust] 当前外参 [lidar_front→cam_left]:
[15:38:46.195] [info]   旋转 RPY: (58.3299, -88.5405, -31.0062) deg
[15:38:46.195] [info]   平移 XYZ: (0.1230, 0.0399, -0.0527) m
[15:38:46.225] [debug] [ManualAdjust] 旋转增量 RPY=(0.100, 0.000, 0.000)deg
[15:38:46.225] [info] [ManualAdjust] 当前外参 [lidar_front→cam_left]:
[15:38:46.225] [info]   旋转 RPY: (58.4299, -88.5405, -31.0062) deg
[15:38:46.225] [info]   平移 XYZ: (0.1230, 0.0399, -0.0527) m
[15:38:46.255] [debug] [ManualAdjust] 旋转增量 RPY=(0.100, 0.000, 0.000)deg
[15:38:46.255] [info] [ManualAdjust] 当前外参 [lidar_front→cam_left]:
[15:38:46.255] [info]   旋转 RPY: (58.5299, -88.5405, -31.0062) deg
[15:38:46.255] [info]   平移 XYZ: (0.1230, 0.0399, -0.0527) m
[15:38:46.284] [debug] [ManualAdjust] 旋转增量 RPY=(0.100, 0.000, 0.000)deg
[15:38:46.284] [info] [ManualAdjust] 当前外参 [lidar_front→cam_left]:
[15:38:46.284] [info]   旋转 RPY: (58.6299, -88.5405, -31.0062) deg
[15:38:46.284] [info]   平移 XYZ: (0.1230, 0.0399, -0.0527) m
[15:38:46.314] [debug] [ManualAdjust] 旋转增量 RPY=(0.100, 0.000, 0.000)deg
[15:38:46.314] [info] [ManualAdjust] 当前外参 [lidar_front→cam_left]:
[15:38:46.314] [info]   旋转 RPY: (58.7299, -88.5405, -31.0062) deg
[15:38:46.314] [info]   平移 XYZ: (0.1230, 0.0399, -0.0527) m
[15:38:46.344] [debug] [ManualAdjust] 旋转增量 RPY=(0.100, 0.000, 0.000)deg
[15:38:46.344] [info] [ManualAdjust] 当前外参 [lidar_front→cam_left]:
[15:38:46.344] [info]   旋转 RPY: (58.8299, -88.5405, -31.0062) deg
[15:38:46.344] [info]   平移 XYZ: (0.1230, 0.0399, -0.0527) m
[15:38:46.375] [debug] [ManualAdjust] 旋转增量 RPY=(0.100, 0.000, 0.000)deg
[15:38:46.375] [info] [ManualAdjust] 当前外参 [lidar_front→cam_left]:
[15:38:46.375] [info]   旋转 RPY: (58.9299, -88.5405, -31.0062) deg
[15:38:46.375] [info]   平移 XYZ: (0.1230, 0.0399, -0.0527) m
[15:38:46.404] [debug] [ManualAdjust] 旋转增量 RPY=(0.100, 0.000, 0.000)deg
[15:38:46.404] [info] [ManualAdjust] 当前外参 [lidar_front→cam_left]:
[15:38:46.404] [info]   旋转 RPY: (59.0299, -88.5405, -31.0062) deg
[15:38:46.404] [info]   平移 XYZ: (0.1230, 0.0399, -0.0527) m
[15:38:46.435] [debug] [ManualAdjust] 旋转增量 RPY=(0.100, 0.000, 0.000)deg
[15:38:46.435] [info] [ManualAdjust] 当前外参 [lidar_front→cam_left]:
[15:38:46.435] [info]   旋转 RPY: (59.1299, -88.5405, -31.0062) deg
[15:38:46.435] [info]   平移 XYZ: (0.1230, 0.0399, -0.0527) m
[15:38:46.465] [debug] [ManualAdjust] 旋转增量 RPY=(0.100, 0.000, 0.000)deg
[15:38:46.465] [info] [ManualAdjust] 当前外参 [lidar_front→cam_left]:
[15:38:46.465] [info]   旋转 RPY: (59.2299, -88.5405, -31.0062) deg
[15:38:46.465] [info]   平移 XYZ: (0.1230, 0.0399, -0.0527) m
[15:38:46.495] [debug] [ManualAdjust] 旋转增量 RPY=(0.100, 0.000, 0.000)deg
[15:38:46.495] [info] [ManualAdjust] 当前外参 [lidar_front→cam_left]:
[15:38:46.495] [info]   旋转 RPY: (59.3299, -88.5405, -31.0062) deg
[15:38:46.495] [info]   平移 XYZ: (0.1230, 0.0399, -0.0527) m
[15:38:46.525] [debug] [ManualAdjust] 旋转增量 RPY=(0.100, 0.000, 0.000)deg
[15:38:46.525] [info] [ManualAdjust] 当前外参 [lidar_front→cam_left]:
[15:38:46.525] [info]   旋转 RPY: (59.4299, -88.5405, -31.0062) deg
[15:38:46.525] [info]   平移 XYZ: (0.1230, 0.0399, -0.0527) m
[15:38:46.554] [debug] [ManualAdjust] 旋转增量 RPY=(0.100, 0.000, 0.000)deg
[15:38:46.554] [info] [ManualAdjust] 当前外参 [lidar_front→cam_left]:
[15:38:46.554] [info]   旋转 RPY: (59.5299, -88.5405, -31.0062) deg
[15:38:46.554] [info]   平移 XYZ: (0.1230, 0.0399, -0.0527) m
[15:38:46.584] [debug] [ManualAdjust] 旋转增量 RPY=(0.100, 0.000, 0.000)deg
[15:38:46.584] [info] [ManualAdjust] 当前外参 [lidar_front→cam_left]:
[15:38:46.584] [info]   旋转 RPY: (59.6299, -88.5405, -31.0062) deg
[15:38:46.584] [info]   平移 XYZ: (0.1230, 0.0399, -0.0527) m
[15:38:46.614] [debug] [ManualAdjust] 旋转增量 RPY=(0.100, 0.000, 0.000)deg
[15:38:46.614] [info] [ManualAdjust] 当前外参 [lidar_front→cam_left]:
[15:38:46.614] [info]   旋转 RPY: (59.7299, -88.5405, -31.0062) deg
[15:38:46.614] [info]   平移 XYZ: (0.1230, 0.0399, -0.0527) m
[15:38:46.645] [debug] [ManualAdjust] 旋转增量 RPY=(0.100, 0.000, 0.000)deg
[15:38:46.645] [info] [ManualAdjust] 当前外参 [lidar_front→cam_left]:
[15:38:46.645] [info]   旋转 RPY: (59.8299, -88.5405, -31.0062) deg
[15:38:46.645] [info]   平移 XYZ: (0.1230, 0.0399, -0.0527) m
[15:38:46.675] [debug] [ManualAdjust] 旋转增量 RPY=(0.100, 0.000, 0.000)deg
[15:38:46.675] [info] [ManualAdjust] 当前外参 [lidar_front→cam_left]:
[15:38:46.675] [info]   旋转 RPY: (59.9299, -88.5405, -31.0062) deg
[15:38:46.675] [info]   平移 XYZ: (0.1230, 0.0399, -0.0527) m
[15:38:46.705] [debug] [ManualAdjust] 旋转增量 RPY=(0.100, 0.000, 0.000)deg
[15:38:46.705] [info] [ManualAdjust] 当前外参 [lidar_front→cam_left]:
[15:38:46.705] [info]   旋转 RPY: (60.0299, -88.5405, -31.0062) deg
[15:38:46.705] [info]   平移 XYZ: (0.1230, 0.0399, -0.0527) m
[15:38:46.736] [debug] [ManualAdjust] 旋转增量 RPY=(0.100, 0.000, 0.000)deg
[15:38:46.736] [info] [ManualAdjust] 当前外参 [lidar_front→cam_left]:
[15:38:46.736] [info]   旋转 RPY: (60.1299, -88.5405, -31.0062) deg
[15:38:46.736] [info]   平移 XYZ: (0.1230, 0.0399, -0.0527) m
[15:38:46.766] [debug] [ManualAdjust] 旋转增量 RPY=(0.100, 0.000, 0.000)deg
[15:38:46.766] [info] [ManualAdjust] 当前外参 [lidar_front→cam_left]:
[15:38:46.766] [info]   旋转 RPY: (60.2299, -88.5405, -31.0062) deg
[15:38:46.766] [info]   平移 XYZ: (0.1230, 0.0399, -0.0527) m
[15:38:46.796] [debug] [ManualAdjust] 旋转增量 RPY=(0.100, 0.000, 0.000)deg
[15:38:46.796] [info] [ManualAdjust] 当前外参 [lidar_front→cam_left]:
[15:38:46.796] [info]   旋转 RPY: (60.3299, -88.5405, -31.0062) deg
[15:38:46.796] [info]   平移 XYZ: (0.1230, 0.0399, -0.0527) m
[15:38:46.827] [debug] [ManualAdjust] 旋转增量 RPY=(0.100, 0.000, 0.000)deg
[15:38:46.827] [info] [ManualAdjust] 当前外参 [lidar_front→cam_left]:
[15:38:46.827] [info]   旋转 RPY: (60.4299, -88.5405, -31.0062) deg
[15:38:46.827] [info]   平移 XYZ: (0.1230, 0.0399, -0.0527) m
[15:38:46.856] [debug] [ManualAdjust] 旋转增量 RPY=(0.100, 0.000, 0.000)deg
[15:38:46.856] [info] [ManualAdjust] 当前外参 [lidar_front→cam_left]:
[15:38:46.856] [info]   旋转 RPY: (60.5299, -88.5405, -31.0062) deg
[15:38:46.856] [info]   平移 XYZ: (0.1230, 0.0399, -0.0527) m
[15:38:46.887] [debug] [ManualAdjust] 旋转增量 RPY=(0.100, 0.000, 0.000)deg
[15:38:46.887] [info] [ManualAdjust] 当前外参 [lidar_front→cam_left]:
[15:38:46.887] [info]   旋转 RPY: (60.6299, -88.5405, -31.0062) deg
[15:38:46.887] [info]   平移 XYZ: (0.1230, 0.0399, -0.0527) m
[15:38:46.917] [debug] [ManualAdjust] 旋转增量 RPY=(0.100, 0.000, 0.000)deg
[15:38:46.917] [info] [ManualAdjust] 当前外参 [lidar_front→cam_left]:
[15:38:46.917] [info]   旋转 RPY: (60.7299, -88.5405, -31.0062) deg
[15:38:46.917] [info]   平移 XYZ: (0.1230, 0.0399, -0.0527) m
[15:38:46.948] [debug] [ManualAdjust] 旋转增量 RPY=(0.100, 0.000, 0.000)deg
[15:38:46.948] [info] [ManualAdjust] 当前外参 [lidar_front→cam_left]:
[15:38:46.948] [info]   旋转 RPY: (60.8299, -88.5405, -31.0062) deg
[15:38:46.948] [info]   平移 XYZ: (0.1230, 0.0399, -0.0527) m
[15:38:46.978] [debug] [ManualAdjust] 旋转增量 RPY=(0.100, 0.000, 0.000)deg
[15:38:46.978] [info] [ManualAdjust] 当前外参 [lidar_front→cam_left]:
[15:38:46.978] [info]   旋转 RPY: (60.9299, -88.5405, -31.0062) deg
[15:38:46.978] [info]   平移 XYZ: (0.1230, 0.0399, -0.0527) m
[15:38:47.008] [debug] [ManualAdjust] 旋转增量 RPY=(0.100, 0.000, 0.000)deg
[15:38:47.008] [info] [ManualAdjust] 当前外参 [lidar_front→cam_left]:
[15:38:47.008] [info]   旋转 RPY: (61.0299, -88.5405, -31.0062) deg
[15:38:47.008] [info]   平移 XYZ: (0.1230, 0.0399, -0.0527) m
[15:38:47.039] [debug] [ManualAdjust] 旋转增量 RPY=(0.100, 0.000, 0.000)deg
[15:38:47.039] [info] [ManualAdjust] 当前外参 [lidar_front→cam_left]:
[15:38:47.039] [info]   旋转 RPY: (61.1299, -88.5405, -31.0062) deg
[15:38:47.039] [info]   平移 XYZ: (0.1230, 0.0399, -0.0527) m
[15:38:47.068] [debug] [ManualAdjust] 旋转增量 RPY=(0.100, 0.000, 0.000)deg
[15:38:47.068] [info] [ManualAdjust] 当前外参 [lidar_front→cam_left]:
[15:38:47.068] [info]   旋转 RPY: (61.2299, -88.5405, -31.0062) deg
[15:38:47.068] [info]   平移 XYZ: (0.1230, 0.0399, -0.0527) m
[15:38:47.098] [debug] [ManualAdjust] 旋转增量 RPY=(0.100, 0.000, 0.000)deg
[15:38:47.098] [info] [ManualAdjust] 当前外参 [lidar_front→cam_left]:
[15:38:47.098] [info]   旋转 RPY: (61.3299, -88.5405, -31.0062) deg
[15:38:47.098] [info]   平移 XYZ: (0.1230, 0.0399, -0.0527) m
[15:38:47.128] [debug] [ManualAdjust] 旋转增量 RPY=(0.100, 0.000, 0.000)deg
[15:38:47.128] [info] [ManualAdjust] 当前外参 [lidar_front→cam_left]:
[15:38:47.129] [info]   旋转 RPY: (61.4299, -88.5405, -31.0062) deg
[15:38:47.129] [info]   平移 XYZ: (0.1230, 0.0399, -0.0527) m
[15:38:47.159] [debug] [ManualAdjust] 旋转增量 RPY=(0.100, 0.000, 0.000)deg
[15:38:47.159] [info] [ManualAdjust] 当前外参 [lidar_front→cam_left]:
[15:38:47.159] [info]   旋转 RPY: (61.5299, -88.5405, -31.0062) deg
[15:38:47.159] [info]   平移 XYZ: (0.1230, 0.0399, -0.0527) m
[15:38:47.189] [debug] [ManualAdjust] 旋转增量 RPY=(0.100, 0.000, 0.000)deg
[15:38:47.189] [info] [ManualAdjust] 当前外参 [lidar_front→cam_left]:
[15:38:47.189] [info]   旋转 RPY: (61.6299, -88.5405, -31.0062) deg
[15:38:47.189] [info]   平移 XYZ: (0.1230, 0.0399, -0.0527) m
[15:38:47.219] [debug] [ManualAdjust] 旋转增量 RPY=(0.100, 0.000, 0.000)deg
[15:38:47.219] [info] [ManualAdjust] 当前外参 [lidar_front→cam_left]:
[15:38:47.219] [info]   旋转 RPY: (61.7299, -88.5405, -31.0062) deg
[15:38:47.219] [info]   平移 XYZ: (0.1230, 0.0399, -0.0527) m
[15:38:47.249] [debug] [ManualAdjust] 旋转增量 RPY=(0.100, 0.000, 0.000)deg
[15:38:47.249] [info] [ManualAdjust] 当前外参 [lidar_front→cam_left]:
[15:38:47.249] [info]   旋转 RPY: (61.8299, -88.5405, -31.0062) deg
[15:38:47.249] [info]   平移 XYZ: (0.1230, 0.0399, -0.0527) m
[15:38:47.280] [debug] [ManualAdjust] 旋转增量 RPY=(0.100, 0.000, 0.000)deg
[15:38:47.280] [info] [ManualAdjust] 当前外参 [lidar_front→cam_left]:
[15:38:47.280] [info]   旋转 RPY: (61.9299, -88.5405, -31.0062) deg
[15:38:47.280] [info]   平移 XYZ: (0.1230, 0.0399, -0.0527) m
[15:38:47.311] [debug] [ManualAdjust] 旋转增量 RPY=(0.100, 0.000, 0.000)deg
[15:38:47.311] [info] [ManualAdjust] 当前外参 [lidar_front→cam_left]:
[15:38:47.311] [info]   旋转 RPY: (62.0299, -88.5405, -31.0062) deg
[15:38:47.311] [info]   平移 XYZ: (0.1230, 0.0399, -0.0527) m
[15:38:47.340] [debug] [ManualAdjust] 旋转增量 RPY=(0.100, 0.000, 0.000)deg
[15:38:47.340] [info] [ManualAdjust] 当前外参 [lidar_front→cam_left]:
[15:38:47.340] [info]   旋转 RPY: (62.1299, -88.5405, -31.0062) deg
[15:38:47.340] [info]   平移 XYZ: (0.1230, 0.0399, -0.0527) m
[15:38:47.371] [debug] [ManualAdjust] 旋转增量 RPY=(0.100, 0.000, 0.000)deg
[15:38:47.371] [info] [ManualAdjust] 当前外参 [lidar_front→cam_left]:
[15:38:47.371] [info]   旋转 RPY: (62.2299, -88.5405, -31.0062) deg
[15:38:47.371] [info]   平移 XYZ: (0.1230, 0.0399, -0.0527) m
[15:38:47.401] [debug] [ManualAdjust] 旋转增量 RPY=(0.100, 0.000, 0.000)deg
[15:38:47.401] [info] [ManualAdjust] 当前外参 [lidar_front→cam_left]:
[15:38:47.401] [info]   旋转 RPY: (62.3299, -88.5405, -31.0062) deg
[15:38:47.401] [info]   平移 XYZ: (0.1230, 0.0399, -0.0527) m
[15:38:47.431] [debug] [ManualAdjust] 旋转增量 RPY=(0.100, 0.000, 0.000)deg
[15:38:47.432] [info] [ManualAdjust] 当前外参 [lidar_front→cam_left]:
[15:38:47.432] [info]   旋转 RPY: (62.4299, -88.5405, -31.0062) deg
[15:38:47.432] [info]   平移 XYZ: (0.1230, 0.0399, -0.0527) m
[15:38:47.461] [debug] [ManualAdjust] 旋转增量 RPY=(0.100, 0.000, 0.000)deg
[15:38:47.461] [info] [ManualAdjust] 当前外参 [lidar_front→cam_left]:
[15:38:47.461] [info]   旋转 RPY: (62.5299, -88.5405, -31.0062) deg
[15:38:47.462] [info]   平移 XYZ: (0.1230, 0.0399, -0.0527) m
[15:38:47.492] [debug] [ManualAdjust] 旋转增量 RPY=(0.100, 0.000, 0.000)deg
[15:38:47.492] [info] [ManualAdjust] 当前外参 [lidar_front→cam_left]:
[15:38:47.492] [info]   旋转 RPY: (62.6299, -88.5405, -31.0062) deg
[15:38:47.492] [info]   平移 XYZ: (0.1230, 0.0399, -0.0527) m
[15:38:47.522] [debug] [ManualAdjust] 旋转增量 RPY=(0.100, 0.000, 0.000)deg
[15:38:47.522] [info] [ManualAdjust] 当前外参 [lidar_front→cam_left]:
[15:38:47.522] [info]   旋转 RPY: (62.7299, -88.5405, -31.0062) deg
[15:38:47.522] [info]   平移 XYZ: (0.1230, 0.0399, -0.0527) m
[15:38:47.551] [debug] [ManualAdjust] 旋转增量 RPY=(0.100, 0.000, 0.000)deg
[15:38:47.551] [info] [ManualAdjust] 当前外参 [lidar_front→cam_left]:
[15:38:47.551] [info]   旋转 RPY: (62.8299, -88.5405, -31.0062) deg
[15:38:47.551] [info]   平移 XYZ: (0.1230, 0.0399, -0.0527) m
[15:38:47.582] [debug] [ManualAdjust] 旋转增量 RPY=(0.100, 0.000, 0.000)deg
[15:38:47.582] [info] [ManualAdjust] 当前外参 [lidar_front→cam_left]:
[15:38:47.582] [info]   旋转 RPY: (62.9299, -88.5405, -31.0062) deg
[15:38:47.582] [info]   平移 XYZ: (0.1230, 0.0399, -0.0527) m
[15:38:47.612] [debug] [ManualAdjust] 旋转增量 RPY=(0.100, 0.000, 0.000)deg
[15:38:47.612] [info] [ManualAdjust] 当前外参 [lidar_front→cam_left]:
[15:38:47.612] [info]   旋转 RPY: (63.0299, -88.5405, -31.0062) deg
[15:38:47.612] [info]   平移 XYZ: (0.1230, 0.0399, -0.0527) m
[15:38:47.641] [debug] [ManualAdjust] 旋转增量 RPY=(0.100, 0.000, 0.000)deg
[15:38:47.641] [info] [ManualAdjust] 当前外参 [lidar_front→cam_left]:
[15:38:47.641] [info]   旋转 RPY: (63.1299, -88.5405, -31.0062) deg
[15:38:47.641] [info]   平移 XYZ: (0.1230, 0.0399, -0.0527) m
[15:38:47.672] [debug] [ManualAdjust] 旋转增量 RPY=(0.100, 0.000, 0.000)deg
[15:38:47.672] [info] [ManualAdjust] 当前外参 [lidar_front→cam_left]:
[15:38:47.672] [info]   旋转 RPY: (63.2299, -88.5405, -31.0062) deg
[15:38:47.672] [info]   平移 XYZ: (0.1230, 0.0399, -0.0527) m
[15:38:47.703] [debug] [ManualAdjust] 旋转增量 RPY=(0.100, 0.000, 0.000)deg
[15:38:47.703] [info] [ManualAdjust] 当前外参 [lidar_front→cam_left]:
[15:38:47.703] [info]   旋转 RPY: (63.3299, -88.5405, -31.0062) deg
[15:38:47.703] [info]   平移 XYZ: (0.1230, 0.0399, -0.0527) m
[15:38:47.733] [debug] [ManualAdjust] 旋转增量 RPY=(0.100, 0.000, 0.000)deg
[15:38:47.733] [info] [ManualAdjust] 当前外参 [lidar_front→cam_left]:
[15:38:47.733] [info]   旋转 RPY: (63.4299, -88.5405, -31.0062) deg
[15:38:47.733] [info]   平移 XYZ: (0.1230, 0.0399, -0.0527) m
[15:38:47.762] [debug] [ManualAdjust] 旋转增量 RPY=(0.100, 0.000, 0.000)deg
[15:38:47.762] [info] [ManualAdjust] 当前外参 [lidar_front→cam_left]:
[15:38:47.762] [info]   旋转 RPY: (63.5299, -88.5405, -31.0062) deg
[15:38:47.762] [info]   平移 XYZ: (0.1230, 0.0399, -0.0527) m
[15:38:47.793] [debug] [ManualAdjust] 旋转增量 RPY=(0.100, 0.000, 0.000)deg
[15:38:47.793] [info] [ManualAdjust] 当前外参 [lidar_front→cam_left]:
[15:38:47.793] [info]   旋转 RPY: (63.6299, -88.5405, -31.0062) deg
[15:38:47.793] [info]   平移 XYZ: (0.1230, 0.0399, -0.0527) m
[15:38:47.822] [debug] [ManualAdjust] 旋转增量 RPY=(0.100, 0.000, 0.000)deg
[15:38:47.822] [info] [ManualAdjust] 当前外参 [lidar_front→cam_left]:
[15:38:47.822] [info]   旋转 RPY: (63.7299, -88.5405, -31.0062) deg
[15:38:47.822] [info]   平移 XYZ: (0.1230, 0.0399, -0.0527) m
[15:38:47.853] [debug] [ManualAdjust] 旋转增量 RPY=(0.100, 0.000, 0.000)deg
[15:38:47.853] [info] [ManualAdjust] 当前外参 [lidar_front→cam_left]:
[15:38:47.853] [info]   旋转 RPY: (63.8299, -88.5405, -31.0062) deg
[15:38:47.853] [info]   平移 XYZ: (0.1230, 0.0399, -0.0527) m
[15:38:47.882] [debug] [ManualAdjust] 旋转增量 RPY=(0.100, 0.000, 0.000)deg
[15:38:47.882] [info] [ManualAdjust] 当前外参 [lidar_front→cam_left]:
[15:38:47.882] [info]   旋转 RPY: (63.9299, -88.5405, -31.0062) deg
[15:38:47.882] [info]   平移 XYZ: (0.1230, 0.0399, -0.0527) m
[15:38:47.913] [debug] [ManualAdjust] 旋转增量 RPY=(0.100, 0.000, 0.000)deg
[15:38:47.913] [info] [ManualAdjust] 当前外参 [lidar_front→cam_left]:
[15:38:47.913] [info]   旋转 RPY: (64.0299, -88.5405, -31.0062) deg
[15:38:47.913] [info]   平移 XYZ: (0.1230, 0.0399, -0.0527) m
[15:38:47.943] [debug] [ManualAdjust] 旋转增量 RPY=(0.100, 0.000, 0.000)deg
[15:38:47.943] [info] [ManualAdjust] 当前外参 [lidar_front→cam_left]:
[15:38:47.943] [info]   旋转 RPY: (64.1299, -88.5405, -31.0062) deg
[15:38:47.943] [info]   平移 XYZ: (0.1230, 0.0399, -0.0527) m
[15:38:47.973] [debug] [ManualAdjust] 旋转增量 RPY=(0.100, 0.000, 0.000)deg
[15:38:47.973] [info] [ManualAdjust] 当前外参 [lidar_front→cam_left]:
[15:38:47.973] [info]   旋转 RPY: (64.2299, -88.5405, -31.0062) deg
[15:38:47.973] [info]   平移 XYZ: (0.1230, 0.0399, -0.0527) m
[15:38:48.003] [debug] [ManualAdjust] 旋转增量 RPY=(0.100, 0.000, 0.000)deg
[15:38:48.003] [info] [ManualAdjust] 当前外参 [lidar_front→cam_left]:
[15:38:48.003] [info]   旋转 RPY: (64.3299, -88.5405, -31.0062) deg
[15:38:48.003] [info]   平移 XYZ: (0.1230, 0.0399, -0.0527) m
[15:38:48.034] [debug] [ManualAdjust] 旋转增量 RPY=(0.100, 0.000, 0.000)deg
[15:38:48.034] [info] [ManualAdjust] 当前外参 [lidar_front→cam_left]:
[15:38:48.034] [info]   旋转 RPY: (64.4299, -88.5405, -31.0062) deg
[15:38:48.034] [info]   平移 XYZ: (0.1230, 0.0399, -0.0527) m
[15:38:48.064] [debug] [ManualAdjust] 旋转增量 RPY=(0.100, 0.000, 0.000)deg
[15:38:48.064] [info] [ManualAdjust] 当前外参 [lidar_front→cam_left]:
[15:38:48.064] [info]   旋转 RPY: (64.5299, -88.5405, -31.0062) deg
[15:38:48.064] [info]   平移 XYZ: (0.1230, 0.0399, -0.0527) m
[15:38:48.095] [debug] [ManualAdjust] 旋转增量 RPY=(0.100, 0.000, 0.000)deg
[15:38:48.095] [info] [ManualAdjust] 当前外参 [lidar_front→cam_left]:
[15:38:48.095] [info]   旋转 RPY: (64.6299, -88.5405, -31.0062) deg
[15:38:48.095] [info]   平移 XYZ: (0.1230, 0.0399, -0.0527) m
[15:38:48.126] [debug] [ManualAdjust] 旋转增量 RPY=(0.100, 0.000, 0.000)deg
[15:38:48.126] [info] [ManualAdjust] 当前外参 [lidar_front→cam_left]:
[15:38:48.126] [info]   旋转 RPY: (64.7299, -88.5405, -31.0062) deg
[15:38:48.126] [info]   平移 XYZ: (0.1230, 0.0399, -0.0527) m
[15:38:48.156] [debug] [ManualAdjust] 旋转增量 RPY=(0.100, 0.000, 0.000)deg
[15:38:48.156] [info] [ManualAdjust] 当前外参 [lidar_front→cam_left]:
[15:38:48.156] [info]   旋转 RPY: (64.8299, -88.5405, -31.0062) deg
[15:38:48.156] [info]   平移 XYZ: (0.1230, 0.0399, -0.0527) m
[15:38:48.186] [debug] [ManualAdjust] 旋转增量 RPY=(0.100, 0.000, 0.000)deg
[15:38:48.187] [info] [ManualAdjust] 当前外参 [lidar_front→cam_left]:
[15:38:48.187] [info]   旋转 RPY: (64.9299, -88.5405, -31.0062) deg
[15:38:48.187] [info]   平移 XYZ: (0.1230, 0.0399, -0.0527) m
[15:38:48.217] [debug] [ManualAdjust] 旋转增量 RPY=(0.100, 0.000, 0.000)deg
[15:38:48.217] [info] [ManualAdjust] 当前外参 [lidar_front→cam_left]:
[15:38:48.217] [info]   旋转 RPY: (65.0299, -88.5405, -31.0062) deg
[15:38:48.217] [info]   平移 XYZ: (0.1230, 0.0399, -0.0527) m
[15:38:48.246] [debug] [ManualAdjust] 旋转增量 RPY=(0.100, 0.000, 0.000)deg
[15:38:48.247] [info] [ManualAdjust] 当前外参 [lidar_front→cam_left]:
[15:38:48.247] [info]   旋转 RPY: (65.1299, -88.5405, -31.0062) deg
[15:38:48.247] [info]   平移 XYZ: (0.1230, 0.0399, -0.0527) m
[15:38:48.276] [debug] [ManualAdjust] 旋转增量 RPY=(0.100, 0.000, 0.000)deg
[15:38:48.276] [info] [ManualAdjust] 当前外参 [lidar_front→cam_left]:
[15:38:48.276] [info]   旋转 RPY: (65.2299, -88.5405, -31.0062) deg
[15:38:48.276] [info]   平移 XYZ: (0.1230, 0.0399, -0.0527) m
[15:38:48.306] [debug] [ManualAdjust] 旋转增量 RPY=(0.100, 0.000, 0.000)deg
[15:38:48.307] [info] [ManualAdjust] 当前外参 [lidar_front→cam_left]:
[15:38:48.307] [info]   旋转 RPY: (65.3299, -88.5405, -31.0062) deg
[15:38:48.307] [info]   平移 XYZ: (0.1230, 0.0399, -0.0527) m
[15:38:48.336] [debug] [ManualAdjust] 旋转增量 RPY=(0.100, 0.000, 0.000)deg
[15:38:48.336] [info] [ManualAdjust] 当前外参 [lidar_front→cam_left]:
[15:38:48.336] [info]   旋转 RPY: (65.4299, -88.5405, -31.0062) deg
[15:38:48.336] [info]   平移 XYZ: (0.1230, 0.0399, -0.0527) m
[15:38:48.367] [debug] [ManualAdjust] 旋转增量 RPY=(0.100, 0.000, 0.000)deg
[15:38:48.367] [info] [ManualAdjust] 当前外参 [lidar_front→cam_left]:
[15:38:48.367] [info]   旋转 RPY: (65.5299, -88.5405, -31.0062) deg
[15:38:48.367] [info]   平移 XYZ: (0.1230, 0.0399, -0.0527) m
[15:38:48.397] [debug] [ManualAdjust] 旋转增量 RPY=(0.100, 0.000, 0.000)deg
[15:38:48.397] [info] [ManualAdjust] 当前外参 [lidar_front→cam_left]:
[15:38:48.397] [info]   旋转 RPY: (65.6299, -88.5405, -31.0062) deg
[15:38:48.397] [info]   平移 XYZ: (0.1230, 0.0399, -0.0527) m
[15:38:48.428] [debug] [ManualAdjust] 旋转增量 RPY=(0.100, 0.000, 0.000)deg
[15:38:48.428] [info] [ManualAdjust] 当前外参 [lidar_front→cam_left]:
[15:38:48.428] [info]   旋转 RPY: (65.7299, -88.5405, -31.0062) deg
[15:38:48.429] [info]   平移 XYZ: (0.1230, 0.0399, -0.0527) m
[15:38:48.459] [debug] [ManualAdjust] 旋转增量 RPY=(0.100, 0.000, 0.000)deg
[15:38:48.459] [info] [ManualAdjust] 当前外参 [lidar_front→cam_left]:
[15:38:48.459] [info]   旋转 RPY: (65.8299, -88.5405, -31.0062) deg
[15:38:48.459] [info]   平移 XYZ: (0.1230, 0.0399, -0.0527) m
[15:38:48.488] [debug] [ManualAdjust] 旋转增量 RPY=(0.100, 0.000, 0.000)deg
[15:38:48.489] [info] [ManualAdjust] 当前外参 [lidar_front→cam_left]:
[15:38:48.489] [info]   旋转 RPY: (65.9299, -88.5405, -31.0062) deg
[15:38:48.489] [info]   平移 XYZ: (0.1230, 0.0399, -0.0527) m
[15:38:48.519] [debug] [ManualAdjust] 旋转增量 RPY=(0.100, 0.000, 0.000)deg
[15:38:48.519] [info] [ManualAdjust] 当前外参 [lidar_front→cam_left]:
[15:38:48.519] [info]   旋转 RPY: (66.0299, -88.5405, -31.0062) deg
[15:38:48.519] [info]   平移 XYZ: (0.1230, 0.0399, -0.0527) m
[15:38:48.550] [debug] [ManualAdjust] 旋转增量 RPY=(0.100, 0.000, 0.000)deg
[15:38:48.550] [info] [ManualAdjust] 当前外参 [lidar_front→cam_left]:
[15:38:48.550] [info]   旋转 RPY: (66.1299, -88.5405, -31.0062) deg
[15:38:48.550] [info]   平移 XYZ: (0.1230, 0.0399, -0.0527) m
[15:38:48.580] [debug] [ManualAdjust] 旋转增量 RPY=(0.100, 0.000, 0.000)deg
[15:38:48.580] [info] [ManualAdjust] 当前外参 [lidar_front→cam_left]:
[15:38:48.580] [info]   旋转 RPY: (66.2299, -88.5405, -31.0062) deg
[15:38:48.580] [info]   平移 XYZ: (0.1230, 0.0399, -0.0527) m
[15:38:48.609] [debug] [ManualAdjust] 旋转增量 RPY=(0.100, 0.000, 0.000)deg
[15:38:48.609] [info] [ManualAdjust] 当前外参 [lidar_front→cam_left]:
[15:38:48.609] [info]   旋转 RPY: (66.3299, -88.5405, -31.0062) deg
[15:38:48.609] [info]   平移 XYZ: (0.1230, 0.0399, -0.0527) m
[15:38:48.639] [debug] [ManualAdjust] 旋转增量 RPY=(0.100, 0.000, 0.000)deg
[15:38:48.639] [info] [ManualAdjust] 当前外参 [lidar_front→cam_left]:
[15:38:48.639] [info]   旋转 RPY: (66.4299, -88.5405, -31.0062) deg
[15:38:48.639] [info]   平移 XYZ: (0.1230, 0.0399, -0.0527) m
[15:38:48.670] [debug] [ManualAdjust] 旋转增量 RPY=(0.100, 0.000, 0.000)deg
[15:38:48.670] [info] [ManualAdjust] 当前外参 [lidar_front→cam_left]:
[15:38:48.670] [info]   旋转 RPY: (66.5299, -88.5405, -31.0062) deg
[15:38:48.670] [info]   平移 XYZ: (0.1230, 0.0399, -0.0527) m
[15:38:48.699] [debug] [ManualAdjust] 旋转增量 RPY=(0.100, 0.000, 0.000)deg
[15:38:48.699] [info] [ManualAdjust] 当前外参 [lidar_front→cam_left]:
[15:38:48.699] [info]   旋转 RPY: (66.6299, -88.5405, -31.0062) deg
[15:38:48.699] [info]   平移 XYZ: (0.1230, 0.0399, -0.0527) m
[15:38:48.729] [debug] [ManualAdjust] 旋转增量 RPY=(0.100, 0.000, 0.000)deg
[15:38:48.729] [info] [ManualAdjust] 当前外参 [lidar_front→cam_left]:
[15:38:48.729] [info]   旋转 RPY: (66.7299, -88.5405, -31.0062) deg
[15:38:48.729] [info]   平移 XYZ: (0.1230, 0.0399, -0.0527) m
[15:38:48.760] [debug] [ManualAdjust] 旋转增量 RPY=(0.100, 0.000, 0.000)deg
[15:38:48.760] [info] [ManualAdjust] 当前外参 [lidar_front→cam_left]:
[15:38:48.760] [info]   旋转 RPY: (66.8299, -88.5405, -31.0062) deg
[15:38:48.760] [info]   平移 XYZ: (0.1230, 0.0399, -0.0527) m
[15:38:48.789] [debug] [ManualAdjust] 旋转增量 RPY=(0.100, 0.000, 0.000)deg
[15:38:48.790] [info] [ManualAdjust] 当前外参 [lidar_front→cam_left]:
[15:38:48.790] [info]   旋转 RPY: (66.9299, -88.5405, -31.0062) deg
[15:38:48.790] [info]   平移 XYZ: (0.1230, 0.0399, -0.0527) m
[15:38:48.819] [debug] [ManualAdjust] 旋转增量 RPY=(0.100, 0.000, 0.000)deg
[15:38:48.819] [info] [ManualAdjust] 当前外参 [lidar_front→cam_left]:
[15:38:48.819] [info]   旋转 RPY: (67.0299, -88.5405, -31.0062) deg
[15:38:48.819] [info]   平移 XYZ: (0.1230, 0.0399, -0.0527) m
[15:38:48.850] [debug] [ManualAdjust] 旋转增量 RPY=(0.100, 0.000, 0.000)deg
[15:38:48.850] [info] [ManualAdjust] 当前外参 [lidar_front→cam_left]:
[15:38:48.850] [info]   旋转 RPY: (67.1299, -88.5405, -31.0062) deg
[15:38:48.850] [info]   平移 XYZ: (0.1230, 0.0399, -0.0527) m
[15:38:48.880] [debug] [ManualAdjust] 旋转增量 RPY=(0.100, 0.000, 0.000)deg
[15:38:48.880] [info] [ManualAdjust] 当前外参 [lidar_front→cam_left]:
[15:38:48.880] [info]   旋转 RPY: (67.2299, -88.5405, -31.0062) deg
[15:38:48.880] [info]   平移 XYZ: (0.1230, 0.0399, -0.0527) m
[15:38:48.909] [debug] [ManualAdjust] 旋转增量 RPY=(0.100, 0.000, 0.000)deg
[15:38:48.909] [info] [ManualAdjust] 当前外参 [lidar_front→cam_left]:
[15:38:48.909] [info]   旋转 RPY: (67.3299, -88.5405, -31.0062) deg
[15:38:48.909] [info]   平移 XYZ: (0.1230, 0.0399, -0.0527) m
[15:38:48.939] [debug] [ManualAdjust] 旋转增量 RPY=(0.100, 0.000, 0.000)deg
[15:38:48.939] [info] [ManualAdjust] 当前外参 [lidar_front→cam_left]:
[15:38:48.939] [info]   旋转 RPY: (67.4299, -88.5405, -31.0062) deg
[15:38:48.939] [info]   平移 XYZ: (0.1230, 0.0399, -0.0527) m
[15:38:48.970] [debug] [ManualAdjust] 旋转增量 RPY=(0.100, 0.000, 0.000)deg
[15:38:48.970] [info] [ManualAdjust] 当前外参 [lidar_front→cam_left]:
[15:38:48.970] [info]   旋转 RPY: (67.5299, -88.5405, -31.0062) deg
[15:38:48.970] [info]   平移 XYZ: (0.1230, 0.0399, -0.0527) m
[15:38:49.000] [debug] [ManualAdjust] 旋转增量 RPY=(0.100, 0.000, 0.000)deg
[15:38:49.000] [info] [ManualAdjust] 当前外参 [lidar_front→cam_left]:
[15:38:49.000] [info]   旋转 RPY: (67.6299, -88.5405, -31.0062) deg
[15:38:49.000] [info]   平移 XYZ: (0.1230, 0.0399, -0.0527) m
[15:38:49.030] [debug] [ManualAdjust] 旋转增量 RPY=(0.100, 0.000, 0.000)deg
[15:38:49.030] [info] [ManualAdjust] 当前外参 [lidar_front→cam_left]:
[15:38:49.030] [info]   旋转 RPY: (67.7299, -88.5405, -31.0062) deg
[15:38:49.030] [info]   平移 XYZ: (0.1230, 0.0399, -0.0527) m
[15:38:49.060] [debug] [ManualAdjust] 旋转增量 RPY=(0.100, 0.000, 0.000)deg
[15:38:49.060] [info] [ManualAdjust] 当前外参 [lidar_front→cam_left]:
[15:38:49.060] [info]   旋转 RPY: (67.8299, -88.5405, -31.0062) deg
[15:38:49.060] [info]   平移 XYZ: (0.1230, 0.0399, -0.0527) m
[15:38:49.090] [debug] [ManualAdjust] 旋转增量 RPY=(0.100, 0.000, 0.000)deg
[15:38:49.090] [info] [ManualAdjust] 当前外参 [lidar_front→cam_left]:
[15:38:49.090] [info]   旋转 RPY: (67.9299, -88.5405, -31.0062) deg
[15:38:49.090] [info]   平移 XYZ: (0.1230, 0.0399, -0.0527) m
[15:38:49.120] [debug] [ManualAdjust] 旋转增量 RPY=(0.100, 0.000, 0.000)deg
[15:38:49.120] [info] [ManualAdjust] 当前外参 [lidar_front→cam_left]:
[15:38:49.120] [info]   旋转 RPY: (68.0299, -88.5405, -31.0062) deg
[15:38:49.120] [info]   平移 XYZ: (0.1230, 0.0399, -0.0527) m
[15:38:49.150] [debug] [ManualAdjust] 旋转增量 RPY=(0.100, 0.000, 0.000)deg
[15:38:49.150] [info] [ManualAdjust] 当前外参 [lidar_front→cam_left]:
[15:38:49.150] [info]   旋转 RPY: (68.1299, -88.5405, -31.0062) deg
[15:38:49.150] [info]   平移 XYZ: (0.1230, 0.0399, -0.0527) m
[15:38:49.180] [debug] [ManualAdjust] 旋转增量 RPY=(0.100, 0.000, 0.000)deg
[15:38:49.180] [info] [ManualAdjust] 当前外参 [lidar_front→cam_left]:
[15:38:49.180] [info]   旋转 RPY: (68.2299, -88.5405, -31.0062) deg
[15:38:49.180] [info]   平移 XYZ: (0.1230, 0.0399, -0.0527) m
[15:38:49.210] [debug] [ManualAdjust] 旋转增量 RPY=(0.100, 0.000, 0.000)deg
[15:38:49.210] [info] [ManualAdjust] 当前外参 [lidar_front→cam_left]:
[15:38:49.210] [info]   旋转 RPY: (68.3299, -88.5405, -31.0062) deg
[15:38:49.210] [info]   平移 XYZ: (0.1230, 0.0399, -0.0527) m
[15:38:49.240] [debug] [ManualAdjust] 旋转增量 RPY=(0.100, 0.000, 0.000)deg
[15:38:49.240] [info] [ManualAdjust] 当前外参 [lidar_front→cam_left]:
[15:38:49.240] [info]   旋转 RPY: (68.4299, -88.5405, -31.0062) deg
[15:38:49.240] [info]   平移 XYZ: (0.1230, 0.0399, -0.0527) m
[15:38:49.270] [debug] [ManualAdjust] 旋转增量 RPY=(0.100, 0.000, 0.000)deg
[15:38:49.270] [info] [ManualAdjust] 当前外参 [lidar_front→cam_left]:
[15:38:49.270] [info]   旋转 RPY: (68.5299, -88.5405, -31.0062) deg
[15:38:49.270] [info]   平移 XYZ: (0.1230, 0.0399, -0.0527) m
[15:38:49.300] [debug] [ManualAdjust] 旋转增量 RPY=(0.100, 0.000, 0.000)deg
[15:38:49.300] [info] [ManualAdjust] 当前外参 [lidar_front→cam_left]:
[15:38:49.300] [info]   旋转 RPY: (68.6299, -88.5405, -31.0062) deg
[15:38:49.300] [info]   平移 XYZ: (0.1230, 0.0399, -0.0527) m
[15:38:49.331] [debug] [ManualAdjust] 旋转增量 RPY=(0.100, 0.000, 0.000)deg
[15:38:49.331] [info] [ManualAdjust] 当前外参 [lidar_front→cam_left]:
[15:38:49.331] [info]   旋转 RPY: (68.7299, -88.5405, -31.0062) deg
[15:38:49.331] [info]   平移 XYZ: (0.1230, 0.0399, -0.0527) m
[15:38:49.360] [debug] [ManualAdjust] 旋转增量 RPY=(0.100, 0.000, 0.000)deg
[15:38:49.360] [info] [ManualAdjust] 当前外参 [lidar_front→cam_left]:
[15:38:49.360] [info]   旋转 RPY: (68.8299, -88.5405, -31.0062) deg
[15:38:49.360] [info]   平移 XYZ: (0.1230, 0.0399, -0.0527) m
[15:38:49.391] [debug] [ManualAdjust] 旋转增量 RPY=(0.100, 0.000, 0.000)deg
[15:38:49.391] [info] [ManualAdjust] 当前外参 [lidar_front→cam_left]:
[15:38:49.391] [info]   旋转 RPY: (68.9299, -88.5405, -31.0062) deg
[15:38:49.391] [info]   平移 XYZ: (0.1230, 0.0399, -0.0527) m
[15:38:49.421] [debug] [ManualAdjust] 旋转增量 RPY=(0.100, 0.000, 0.000)deg
[15:38:49.421] [info] [ManualAdjust] 当前外参 [lidar_front→cam_left]:
[15:38:49.421] [info]   旋转 RPY: (69.0299, -88.5405, -31.0062) deg
[15:38:49.421] [info]   平移 XYZ: (0.1230, 0.0399, -0.0527) m
[15:38:49.451] [debug] [ManualAdjust] 旋转增量 RPY=(0.100, 0.000, 0.000)deg
[15:38:49.451] [info] [ManualAdjust] 当前外参 [lidar_front→cam_left]:
[15:38:49.451] [info]   旋转 RPY: (69.1299, -88.5405, -31.0062) deg
[15:38:49.451] [info]   平移 XYZ: (0.1230, 0.0399, -0.0527) m
[15:38:49.481] [debug] [ManualAdjust] 旋转增量 RPY=(0.100, 0.000, 0.000)deg
[15:38:49.481] [info] [ManualAdjust] 当前外参 [lidar_front→cam_left]:
[15:38:49.481] [info]   旋转 RPY: (69.2299, -88.5405, -31.0062) deg
[15:38:49.481] [info]   平移 XYZ: (0.1230, 0.0399, -0.0527) m
[15:38:49.511] [debug] [ManualAdjust] 旋转增量 RPY=(0.100, 0.000, 0.000)deg
[15:38:49.511] [info] [ManualAdjust] 当前外参 [lidar_front→cam_left]:
[15:38:49.511] [info]   旋转 RPY: (69.3299, -88.5405, -31.0062) deg
[15:38:49.511] [info]   平移 XYZ: (0.1230, 0.0399, -0.0527) m
[15:38:49.541] [debug] [ManualAdjust] 旋转增量 RPY=(0.100, 0.000, 0.000)deg
[15:38:49.541] [info] [ManualAdjust] 当前外参 [lidar_front→cam_left]:
[15:38:49.541] [info]   旋转 RPY: (69.4299, -88.5405, -31.0062) deg
[15:38:49.541] [info]   平移 XYZ: (0.1230, 0.0399, -0.0527) m
[15:38:49.571] [debug] [ManualAdjust] 旋转增量 RPY=(0.100, 0.000, 0.000)deg
[15:38:49.571] [info] [ManualAdjust] 当前外参 [lidar_front→cam_left]:
[15:38:49.571] [info]   旋转 RPY: (69.5299, -88.5405, -31.0062) deg
[15:38:49.571] [info]   平移 XYZ: (0.1230, 0.0399, -0.0527) m
[15:38:49.601] [debug] [ManualAdjust] 旋转增量 RPY=(0.100, 0.000, 0.000)deg
[15:38:49.601] [info] [ManualAdjust] 当前外参 [lidar_front→cam_left]:
[15:38:49.601] [info]   旋转 RPY: (69.6299, -88.5405, -31.0062) deg
[15:38:49.601] [info]   平移 XYZ: (0.1230, 0.0399, -0.0527) m
[15:38:49.631] [debug] [ManualAdjust] 旋转增量 RPY=(0.100, 0.000, 0.000)deg
[15:38:49.631] [info] [ManualAdjust] 当前外参 [lidar_front→cam_left]:
[15:38:49.631] [info]   旋转 RPY: (69.7299, -88.5405, -31.0062) deg
[15:38:49.631] [info]   平移 XYZ: (0.1230, 0.0399, -0.0527) m
[15:38:49.661] [debug] [ManualAdjust] 旋转增量 RPY=(0.100, 0.000, 0.000)deg
[15:38:49.661] [info] [ManualAdjust] 当前外参 [lidar_front→cam_left]:
[15:38:49.661] [info]   旋转 RPY: (69.8299, -88.5405, -31.0062) deg
[15:38:49.661] [info]   平移 XYZ: (0.1230, 0.0399, -0.0527) m
[15:38:50.296] [debug] [ManualAdjust] 旋转增量 RPY=(0.100, 0.000, 0.000)deg
[15:38:50.296] [info] [ManualAdjust] 当前外参 [lidar_front→cam_left]:
[15:38:50.296] [info]   旋转 RPY: (69.9299, -88.5405, -31.0062) deg
[15:38:50.296] [info]   平移 XYZ: (0.1230, 0.0399, -0.0527) m
[15:38:50.325] [debug] [ManualAdjust] 旋转增量 RPY=(0.100, 0.000, 0.000)deg
[15:38:50.326] [info] [ManualAdjust] 当前外参 [lidar_front→cam_left]:
[15:38:50.326] [info]   旋转 RPY: (70.0299, -88.5405, -31.0062) deg
[15:38:50.326] [info]   平移 XYZ: (0.1230, 0.0399, -0.0527) m
[15:38:50.355] [debug] [ManualAdjust] 旋转增量 RPY=(0.100, 0.000, 0.000)deg
[15:38:50.355] [info] [ManualAdjust] 当前外参 [lidar_front→cam_left]:
[15:38:50.355] [info]   旋转 RPY: (70.1299, -88.5405, -31.0062) deg
[15:38:50.355] [info]   平移 XYZ: (0.1230, 0.0399, -0.0527) m
[15:38:50.386] [debug] [ManualAdjust] 旋转增量 RPY=(0.100, 0.000, 0.000)deg
[15:38:50.386] [info] [ManualAdjust] 当前外参 [lidar_front→cam_left]:
[15:38:50.386] [info]   旋转 RPY: (70.2299, -88.5405, -31.0062) deg
[15:38:50.386] [info]   平移 XYZ: (0.1230, 0.0399, -0.0527) m
[15:38:50.415] [debug] [ManualAdjust] 旋转增量 RPY=(0.100, 0.000, 0.000)deg
[15:38:50.415] [info] [ManualAdjust] 当前外参 [lidar_front→cam_left]:
[15:38:50.415] [info]   旋转 RPY: (70.3299, -88.5405, -31.0062) deg
[15:38:50.415] [info]   平移 XYZ: (0.1230, 0.0399, -0.0527) m
[15:38:52.400] [debug] [ManualAdjust] 旋转增量 RPY=(0.100, 0.000, 0.000)deg
[15:38:52.400] [info] [ManualAdjust] 当前外参 [lidar_front→cam_left]:
[15:38:52.400] [info]   旋转 RPY: (70.4299, -88.5405, -31.0062) deg
[15:38:52.400] [info]   平移 XYZ: (0.1230, 0.0399, -0.0527) m
[15:38:52.901] [debug] [ManualAdjust] 旋转增量 RPY=(0.100, 0.000, 0.000)deg
[15:38:52.901] [info] [ManualAdjust] 当前外参 [lidar_front→cam_left]:
[15:38:52.901] [info]   旋转 RPY: (70.5299, -88.5405, -31.0062) deg
[15:38:52.901] [info]   平移 XYZ: (0.1230, 0.0399, -0.0527) m
[15:38:52.931] [debug] [ManualAdjust] 旋转增量 RPY=(0.100, 0.000, 0.000)deg
[15:38:52.931] [info] [ManualAdjust] 当前外参 [lidar_front→cam_left]:
[15:38:52.931] [info]   旋转 RPY: (70.6299, -88.5405, -31.0062) deg
[15:38:52.931] [info]   平移 XYZ: (0.1230, 0.0399, -0.0527) m
[15:38:52.961] [debug] [ManualAdjust] 旋转增量 RPY=(0.100, 0.000, 0.000)deg
[15:38:52.961] [info] [ManualAdjust] 当前外参 [lidar_front→cam_left]:
[15:38:52.961] [info]   旋转 RPY: (70.7299, -88.5405, -31.0062) deg
[15:38:52.961] [info]   平移 XYZ: (0.1230, 0.0399, -0.0527) m
[15:38:52.991] [debug] [ManualAdjust] 旋转增量 RPY=(0.100, 0.000, 0.000)deg
[15:38:52.991] [info] [ManualAdjust] 当前外参 [lidar_front→cam_left]:
[15:38:52.991] [info]   旋转 RPY: (70.8299, -88.5405, -31.0062) deg
[15:38:52.991] [info]   平移 XYZ: (0.1230, 0.0399, -0.0527) m
[15:38:53.021] [debug] [ManualAdjust] 旋转增量 RPY=(0.100, 0.000, 0.000)deg
[15:38:53.021] [info] [ManualAdjust] 当前外参 [lidar_front→cam_left]:
[15:38:53.021] [info]   旋转 RPY: (70.9299, -88.5405, -31.0062) deg
[15:38:53.021] [info]   平移 XYZ: (0.1230, 0.0399, -0.0527) m
[15:38:53.052] [debug] [ManualAdjust] 旋转增量 RPY=(0.100, 0.000, 0.000)deg
[15:38:53.052] [info] [ManualAdjust] 当前外参 [lidar_front→cam_left]:
[15:38:53.052] [info]   旋转 RPY: (71.0299, -88.5405, -31.0062) deg
[15:38:53.052] [info]   平移 XYZ: (0.1230, 0.0399, -0.0527) m
[15:38:53.082] [debug] [ManualAdjust] 旋转增量 RPY=(0.100, 0.000, 0.000)deg
[15:38:53.082] [info] [ManualAdjust] 当前外参 [lidar_front→cam_left]:
[15:38:53.082] [info]   旋转 RPY: (71.1299, -88.5405, -31.0062) deg
[15:38:53.082] [info]   平移 XYZ: (0.1230, 0.0399, -0.0527) m
[15:38:53.112] [debug] [ManualAdjust] 旋转增量 RPY=(0.100, 0.000, 0.000)deg
[15:38:53.112] [info] [ManualAdjust] 当前外参 [lidar_front→cam_left]:
[15:38:53.112] [info]   旋转 RPY: (71.2299, -88.5405, -31.0062) deg
[15:38:53.112] [info]   平移 XYZ: (0.1230, 0.0399, -0.0527) m
[15:38:53.142] [debug] [ManualAdjust] 旋转增量 RPY=(0.100, 0.000, 0.000)deg
[15:38:53.142] [info] [ManualAdjust] 当前外参 [lidar_front→cam_left]:
[15:38:53.142] [info]   旋转 RPY: (71.3299, -88.5405, -31.0062) deg
[15:38:53.142] [info]   平移 XYZ: (0.1230, 0.0399, -0.0527) m
[15:38:53.171] [debug] [ManualAdjust] 旋转增量 RPY=(0.100, 0.000, 0.000)deg
[15:38:53.171] [info] [ManualAdjust] 当前外参 [lidar_front→cam_left]:
[15:38:53.171] [info]   旋转 RPY: (71.4299, -88.5405, -31.0062) deg
[15:38:53.171] [info]   平移 XYZ: (0.1230, 0.0399, -0.0527) m
[15:38:53.201] [debug] [ManualAdjust] 旋转增量 RPY=(0.100, 0.000, 0.000)deg
[15:38:53.202] [info] [ManualAdjust] 当前外参 [lidar_front→cam_left]:
[15:38:53.202] [info]   旋转 RPY: (71.5299, -88.5405, -31.0062) deg
[15:38:53.202] [info]   平移 XYZ: (0.1230, 0.0399, -0.0527) m
[15:38:53.232] [debug] [ManualAdjust] 旋转增量 RPY=(0.100, 0.000, 0.000)deg
[15:38:53.232] [info] [ManualAdjust] 当前外参 [lidar_front→cam_left]:
[15:38:53.232] [info]   旋转 RPY: (71.6299, -88.5405, -31.0062) deg
[15:38:53.232] [info]   平移 XYZ: (0.1230, 0.0399, -0.0527) m
[15:38:53.262] [debug] [ManualAdjust] 旋转增量 RPY=(0.100, 0.000, 0.000)deg
[15:38:53.262] [info] [ManualAdjust] 当前外参 [lidar_front→cam_left]:
[15:38:53.262] [info]   旋转 RPY: (71.7299, -88.5405, -31.0062) deg
[15:38:53.262] [info]   平移 XYZ: (0.1230, 0.0399, -0.0527) m
[15:38:53.291] [debug] [ManualAdjust] 旋转增量 RPY=(0.100, 0.000, 0.000)deg
[15:38:53.291] [info] [ManualAdjust] 当前外参 [lidar_front→cam_left]:
[15:38:53.291] [info]   旋转 RPY: (71.8299, -88.5405, -31.0062) deg
[15:38:53.291] [info]   平移 XYZ: (0.1230, 0.0399, -0.0527) m
[15:38:53.322] [debug] [ManualAdjust] 旋转增量 RPY=(0.100, 0.000, 0.000)deg
[15:38:53.322] [info] [ManualAdjust] 当前外参 [lidar_front→cam_left]:
[15:38:53.322] [info]   旋转 RPY: (71.9299, -88.5405, -31.0062) deg
[15:38:53.322] [info]   平移 XYZ: (0.1230, 0.0399, -0.0527) m
[15:38:53.352] [debug] [ManualAdjust] 旋转增量 RPY=(0.100, 0.000, 0.000)deg
[15:38:53.352] [info] [ManualAdjust] 当前外参 [lidar_front→cam_left]:
[15:38:53.352] [info]   旋转 RPY: (72.0299, -88.5405, -31.0062) deg
[15:38:53.352] [info]   平移 XYZ: (0.1230, 0.0399, -0.0527) m
[15:38:53.383] [debug] [ManualAdjust] 旋转增量 RPY=(0.100, 0.000, 0.000)deg
[15:38:53.383] [info] [ManualAdjust] 当前外参 [lidar_front→cam_left]:
[15:38:53.383] [info]   旋转 RPY: (72.1299, -88.5405, -31.0062) deg
[15:38:53.383] [info]   平移 XYZ: (0.1230, 0.0399, -0.0527) m
[15:38:53.412] [debug] [ManualAdjust] 旋转增量 RPY=(0.100, 0.000, 0.000)deg
[15:38:53.412] [info] [ManualAdjust] 当前外参 [lidar_front→cam_left]:
[15:38:53.412] [info]   旋转 RPY: (72.2299, -88.5405, -31.0062) deg
[15:38:53.412] [info]   平移 XYZ: (0.1230, 0.0399, -0.0527) m
[15:38:53.442] [debug] [ManualAdjust] 旋转增量 RPY=(0.100, 0.000, 0.000)deg
[15:38:53.442] [info] [ManualAdjust] 当前外参 [lidar_front→cam_left]:
[15:38:53.442] [info]   旋转 RPY: (72.3299, -88.5405, -31.0062) deg
[15:38:53.442] [info]   平移 XYZ: (0.1230, 0.0399, -0.0527) m
[15:38:53.473] [debug] [ManualAdjust] 旋转增量 RPY=(0.100, 0.000, 0.000)deg
[15:38:53.473] [info] [ManualAdjust] 当前外参 [lidar_front→cam_left]:
[15:38:53.473] [info]   旋转 RPY: (72.4299, -88.5405, -31.0062) deg
[15:38:53.473] [info]   平移 XYZ: (0.1230, 0.0399, -0.0527) m
[15:38:53.503] [debug] [ManualAdjust] 旋转增量 RPY=(0.100, 0.000, 0.000)deg
[15:38:53.503] [info] [ManualAdjust] 当前外参 [lidar_front→cam_left]:
[15:38:53.503] [info]   旋转 RPY: (72.5299, -88.5405, -31.0062) deg
[15:38:53.503] [info]   平移 XYZ: (0.1230, 0.0399, -0.0527) m
[15:38:53.534] [debug] [ManualAdjust] 旋转增量 RPY=(0.100, 0.000, 0.000)deg
[15:38:53.534] [info] [ManualAdjust] 当前外参 [lidar_front→cam_left]:
[15:38:53.535] [info]   旋转 RPY: (72.6299, -88.5405, -31.0062) deg
[15:38:53.535] [info]   平移 XYZ: (0.1230, 0.0399, -0.0527) m
[15:38:53.565] [debug] [ManualAdjust] 旋转增量 RPY=(0.100, 0.000, 0.000)deg
[15:38:53.565] [info] [ManualAdjust] 当前外参 [lidar_front→cam_left]:
[15:38:53.565] [info]   旋转 RPY: (72.7299, -88.5405, -31.0062) deg
[15:38:53.565] [info]   平移 XYZ: (0.1230, 0.0399, -0.0527) m
[15:38:53.595] [debug] [ManualAdjust] 旋转增量 RPY=(0.100, 0.000, 0.000)deg
[15:38:53.595] [info] [ManualAdjust] 当前外参 [lidar_front→cam_left]:
[15:38:53.595] [info]   旋转 RPY: (72.8299, -88.5405, -31.0062) deg
[15:38:53.595] [info]   平移 XYZ: (0.1230, 0.0399, -0.0527) m
[15:38:53.625] [debug] [ManualAdjust] 旋转增量 RPY=(0.100, 0.000, 0.000)deg
[15:38:53.625] [info] [ManualAdjust] 当前外参 [lidar_front→cam_left]:
[15:38:53.625] [info]   旋转 RPY: (72.9299, -88.5405, -31.0062) deg
[15:38:53.625] [info]   平移 XYZ: (0.1230, 0.0399, -0.0527) m
[15:38:53.654] [debug] [ManualAdjust] 旋转增量 RPY=(0.100, 0.000, 0.000)deg
[15:38:53.654] [info] [ManualAdjust] 当前外参 [lidar_front→cam_left]:
[15:38:53.654] [info]   旋转 RPY: (73.0299, -88.5405, -31.0062) deg
[15:38:53.654] [info]   平移 XYZ: (0.1230, 0.0399, -0.0527) m
[15:38:53.684] [debug] [ManualAdjust] 旋转增量 RPY=(0.100, 0.000, 0.000)deg
[15:38:53.684] [info] [ManualAdjust] 当前外参 [lidar_front→cam_left]:
[15:38:53.684] [info]   旋转 RPY: (73.1299, -88.5405, -31.0062) deg
[15:38:53.684] [info]   平移 XYZ: (0.1230, 0.0399, -0.0527) m
[15:38:53.715] [debug] [ManualAdjust] 旋转增量 RPY=(0.100, 0.000, 0.000)deg
[15:38:53.715] [info] [ManualAdjust] 当前外参 [lidar_front→cam_left]:
[15:38:53.715] [info]   旋转 RPY: (73.2299, -88.5405, -31.0062) deg
[15:38:53.715] [info]   平移 XYZ: (0.1230, 0.0399, -0.0527) m
[15:38:53.745] [debug] [ManualAdjust] 旋转增量 RPY=(0.100, 0.000, 0.000)deg
[15:38:53.745] [info] [ManualAdjust] 当前外参 [lidar_front→cam_left]:
[15:38:53.745] [info]   旋转 RPY: (73.3299, -88.5405, -31.0062) deg
[15:38:53.745] [info]   平移 XYZ: (0.1230, 0.0399, -0.0527) m
[15:38:53.775] [debug] [ManualAdjust] 旋转增量 RPY=(0.100, 0.000, 0.000)deg
[15:38:53.775] [info] [ManualAdjust] 当前外参 [lidar_front→cam_left]:
[15:38:53.775] [info]   旋转 RPY: (73.4299, -88.5405, -31.0062) deg
[15:38:53.775] [info]   平移 XYZ: (0.1230, 0.0399, -0.0527) m
[15:38:53.805] [debug] [ManualAdjust] 旋转增量 RPY=(0.100, 0.000, 0.000)deg
[15:38:53.806] [info] [ManualAdjust] 当前外参 [lidar_front→cam_left]:
[15:38:53.806] [info]   旋转 RPY: (73.5299, -88.5405, -31.0062) deg
[15:38:53.806] [info]   平移 XYZ: (0.1230, 0.0399, -0.0527) m
[15:38:53.835] [debug] [ManualAdjust] 旋转增量 RPY=(0.100, 0.000, 0.000)deg
[15:38:53.835] [info] [ManualAdjust] 当前外参 [lidar_front→cam_left]:
[15:38:53.835] [info]   旋转 RPY: (73.6299, -88.5405, -31.0062) deg
[15:38:53.835] [info]   平移 XYZ: (0.1230, 0.0399, -0.0527) m
[15:38:53.866] [debug] [ManualAdjust] 旋转增量 RPY=(0.100, 0.000, 0.000)deg
[15:38:53.866] [info] [ManualAdjust] 当前外参 [lidar_front→cam_left]:
[15:38:53.866] [info]   旋转 RPY: (73.7299, -88.5405, -31.0062) deg
[15:38:53.866] [info]   平移 XYZ: (0.1230, 0.0399, -0.0527) m
[15:38:53.896] [debug] [ManualAdjust] 旋转增量 RPY=(0.100, 0.000, 0.000)deg
[15:38:53.896] [info] [ManualAdjust] 当前外参 [lidar_front→cam_left]:
[15:38:53.896] [info]   旋转 RPY: (73.8299, -88.5405, -31.0062) deg
[15:38:53.896] [info]   平移 XYZ: (0.1230, 0.0399, -0.0527) m
[15:38:53.928] [debug] [ManualAdjust] 旋转增量 RPY=(0.100, 0.000, 0.000)deg
[15:38:53.928] [info] [ManualAdjust] 当前外参 [lidar_front→cam_left]:
[15:38:53.928] [info]   旋转 RPY: (73.9299, -88.5405, -31.0062) deg
[15:38:53.928] [info]   平移 XYZ: (0.1230, 0.0399, -0.0527) m
[15:38:53.958] [debug] [ManualAdjust] 旋转增量 RPY=(0.100, 0.000, 0.000)deg
[15:38:53.958] [info] [ManualAdjust] 当前外参 [lidar_front→cam_left]:
[15:38:53.958] [info]   旋转 RPY: (74.0299, -88.5405, -31.0062) deg
[15:38:53.958] [info]   平移 XYZ: (0.1230, 0.0399, -0.0527) m
[15:38:53.989] [debug] [ManualAdjust] 旋转增量 RPY=(0.100, 0.000, 0.000)deg
[15:38:53.989] [info] [ManualAdjust] 当前外参 [lidar_front→cam_left]:
[15:38:53.989] [info]   旋转 RPY: (74.1299, -88.5405, -31.0062) deg
[15:38:53.989] [info]   平移 XYZ: (0.1230, 0.0399, -0.0527) m
[15:38:54.019] [debug] [ManualAdjust] 旋转增量 RPY=(0.100, 0.000, 0.000)deg
[15:38:54.019] [info] [ManualAdjust] 当前外参 [lidar_front→cam_left]:
[15:38:54.019] [info]   旋转 RPY: (74.2299, -88.5405, -31.0062) deg
[15:38:54.019] [info]   平移 XYZ: (0.1230, 0.0399, -0.0527) m
[15:38:54.050] [debug] [ManualAdjust] 旋转增量 RPY=(0.100, 0.000, 0.000)deg
[15:38:54.050] [info] [ManualAdjust] 当前外参 [lidar_front→cam_left]:
[15:38:54.050] [info]   旋转 RPY: (74.3299, -88.5405, -31.0062) deg
[15:38:54.050] [info]   平移 XYZ: (0.1230, 0.0399, -0.0527) m
[15:38:54.081] [debug] [ManualAdjust] 旋转增量 RPY=(0.100, 0.000, 0.000)deg
[15:38:54.081] [info] [ManualAdjust] 当前外参 [lidar_front→cam_left]:
[15:38:54.081] [info]   旋转 RPY: (74.4299, -88.5405, -31.0062) deg
[15:38:54.081] [info]   平移 XYZ: (0.1230, 0.0399, -0.0527) m
[15:38:54.110] [debug] [ManualAdjust] 旋转增量 RPY=(0.100, 0.000, 0.000)deg
[15:38:54.110] [info] [ManualAdjust] 当前外参 [lidar_front→cam_left]:
[15:38:54.110] [info]   旋转 RPY: (74.5299, -88.5405, -31.0062) deg
[15:38:54.110] [info]   平移 XYZ: (0.1230, 0.0399, -0.0527) m
[15:38:54.140] [debug] [ManualAdjust] 旋转增量 RPY=(0.100, 0.000, 0.000)deg
[15:38:54.140] [info] [ManualAdjust] 当前外参 [lidar_front→cam_left]:
[15:38:54.140] [info]   旋转 RPY: (74.6299, -88.5405, -31.0062) deg
[15:38:54.140] [info]   平移 XYZ: (0.1230, 0.0399, -0.0527) m
[15:38:54.170] [debug] [ManualAdjust] 旋转增量 RPY=(0.100, 0.000, 0.000)deg
[15:38:54.170] [info] [ManualAdjust] 当前外参 [lidar_front→cam_left]:
[15:38:54.170] [info]   旋转 RPY: (74.7299, -88.5405, -31.0062) deg
[15:38:54.170] [info]   平移 XYZ: (0.1230, 0.0399, -0.0527) m
[15:38:54.200] [debug] [ManualAdjust] 旋转增量 RPY=(0.100, 0.000, 0.000)deg
[15:38:54.200] [info] [ManualAdjust] 当前外参 [lidar_front→cam_left]:
[15:38:54.200] [info]   旋转 RPY: (74.8299, -88.5405, -31.0062) deg
[15:38:54.200] [info]   平移 XYZ: (0.1230, 0.0399, -0.0527) m
[15:38:54.231] [debug] [ManualAdjust] 旋转增量 RPY=(0.100, 0.000, 0.000)deg
[15:38:54.231] [info] [ManualAdjust] 当前外参 [lidar_front→cam_left]:
[15:38:54.231] [info]   旋转 RPY: (74.9299, -88.5405, -31.0062) deg
[15:38:54.231] [info]   平移 XYZ: (0.1230, 0.0399, -0.0527) m
[15:38:54.261] [debug] [ManualAdjust] 旋转增量 RPY=(0.100, 0.000, 0.000)deg
[15:38:54.261] [info] [ManualAdjust] 当前外参 [lidar_front→cam_left]:
[15:38:54.261] [info]   旋转 RPY: (75.0299, -88.5405, -31.0062) deg
[15:38:54.261] [info]   平移 XYZ: (0.1230, 0.0399, -0.0527) m
[15:38:54.291] [debug] [ManualAdjust] 旋转增量 RPY=(0.100, 0.000, 0.000)deg
[15:38:54.291] [info] [ManualAdjust] 当前外参 [lidar_front→cam_left]:
[15:38:54.291] [info]   旋转 RPY: (75.1299, -88.5405, -31.0062) deg
[15:38:54.291] [info]   平移 XYZ: (0.1230, 0.0399, -0.0527) m
[15:38:54.321] [debug] [ManualAdjust] 旋转增量 RPY=(0.100, 0.000, 0.000)deg
[15:38:54.321] [info] [ManualAdjust] 当前外参 [lidar_front→cam_left]:
[15:38:54.321] [info]   旋转 RPY: (75.2299, -88.5405, -31.0062) deg
[15:38:54.321] [info]   平移 XYZ: (0.1230, 0.0399, -0.0527) m
[15:38:54.351] [debug] [ManualAdjust] 旋转增量 RPY=(0.100, 0.000, 0.000)deg
[15:38:54.351] [info] [ManualAdjust] 当前外参 [lidar_front→cam_left]:
[15:38:54.351] [info]   旋转 RPY: (75.3299, -88.5405, -31.0062) deg
[15:38:54.351] [info]   平移 XYZ: (0.1230, 0.0399, -0.0527) m
[15:38:54.381] [debug] [ManualAdjust] 旋转增量 RPY=(0.100, 0.000, 0.000)deg
[15:38:54.381] [info] [ManualAdjust] 当前外参 [lidar_front→cam_left]:
[15:38:54.381] [info]   旋转 RPY: (75.4299, -88.5405, -31.0062) deg
[15:38:54.381] [info]   平移 XYZ: (0.1230, 0.0399, -0.0527) m
[15:38:54.411] [debug] [ManualAdjust] 旋转增量 RPY=(0.100, 0.000, 0.000)deg
[15:38:54.411] [info] [ManualAdjust] 当前外参 [lidar_front→cam_left]:
[15:38:54.411] [info]   旋转 RPY: (75.5299, -88.5405, -31.0062) deg
[15:38:54.411] [info]   平移 XYZ: (0.1230, 0.0399, -0.0527) m
[15:38:54.442] [debug] [ManualAdjust] 旋转增量 RPY=(0.100, 0.000, 0.000)deg
[15:38:54.442] [info] [ManualAdjust] 当前外参 [lidar_front→cam_left]:
[15:38:54.442] [info]   旋转 RPY: (75.6299, -88.5405, -31.0062) deg
[15:38:54.442] [info]   平移 XYZ: (0.1230, 0.0399, -0.0527) m
[15:38:54.471] [debug] [ManualAdjust] 旋转增量 RPY=(0.100, 0.000, 0.000)deg
[15:38:54.471] [info] [ManualAdjust] 当前外参 [lidar_front→cam_left]:
[15:38:54.471] [info]   旋转 RPY: (75.7299, -88.5405, -31.0062) deg
[15:38:54.471] [info]   平移 XYZ: (0.1230, 0.0399, -0.0527) m
[15:38:54.502] [debug] [ManualAdjust] 旋转增量 RPY=(0.100, 0.000, 0.000)deg
[15:38:54.502] [info] [ManualAdjust] 当前外参 [lidar_front→cam_left]:
[15:38:54.502] [info]   旋转 RPY: (75.8299, -88.5405, -31.0062) deg
[15:38:54.502] [info]   平移 XYZ: (0.1230, 0.0399, -0.0527) m
[15:38:54.533] [debug] [ManualAdjust] 旋转增量 RPY=(0.100, 0.000, 0.000)deg
[15:38:54.533] [info] [ManualAdjust] 当前外参 [lidar_front→cam_left]:
[15:38:54.533] [info]   旋转 RPY: (75.9299, -88.5405, -31.0062) deg
[15:38:54.533] [info]   平移 XYZ: (0.1230, 0.0399, -0.0527) m
[15:38:54.563] [debug] [ManualAdjust] 旋转增量 RPY=(0.100, 0.000, 0.000)deg
[15:38:54.563] [info] [ManualAdjust] 当前外参 [lidar_front→cam_left]:
[15:38:54.563] [info]   旋转 RPY: (76.0299, -88.5405, -31.0062) deg
[15:38:54.563] [info]   平移 XYZ: (0.1230, 0.0399, -0.0527) m
[15:38:54.593] [debug] [ManualAdjust] 旋转增量 RPY=(0.100, 0.000, 0.000)deg
[15:38:54.593] [info] [ManualAdjust] 当前外参 [lidar_front→cam_left]:
[15:38:54.593] [info]   旋转 RPY: (76.1299, -88.5405, -31.0062) deg
[15:38:54.593] [info]   平移 XYZ: (0.1230, 0.0399, -0.0527) m
[15:38:54.623] [debug] [ManualAdjust] 旋转增量 RPY=(0.100, 0.000, 0.000)deg
[15:38:54.623] [info] [ManualAdjust] 当前外参 [lidar_front→cam_left]:
[15:38:54.623] [info]   旋转 RPY: (76.2299, -88.5405, -31.0062) deg
[15:38:54.623] [info]   平移 XYZ: (0.1230, 0.0399, -0.0527) m
[15:38:54.653] [debug] [ManualAdjust] 旋转增量 RPY=(0.100, 0.000, 0.000)deg
[15:38:54.653] [info] [ManualAdjust] 当前外参 [lidar_front→cam_left]:
[15:38:54.653] [info]   旋转 RPY: (76.3299, -88.5405, -31.0062) deg
[15:38:54.653] [info]   平移 XYZ: (0.1230, 0.0399, -0.0527) m
[15:38:54.684] [debug] [ManualAdjust] 旋转增量 RPY=(0.100, 0.000, 0.000)deg
[15:38:54.684] [info] [ManualAdjust] 当前外参 [lidar_front→cam_left]:
[15:38:54.684] [info]   旋转 RPY: (76.4299, -88.5405, -31.0062) deg
[15:38:54.684] [info]   平移 XYZ: (0.1230, 0.0399, -0.0527) m
[15:38:54.714] [debug] [ManualAdjust] 旋转增量 RPY=(0.100, 0.000, 0.000)deg
[15:38:54.714] [info] [ManualAdjust] 当前外参 [lidar_front→cam_left]:
[15:38:54.714] [info]   旋转 RPY: (76.5299, -88.5405, -31.0062) deg
[15:38:54.714] [info]   平移 XYZ: (0.1230, 0.0399, -0.0527) m
[15:38:54.745] [debug] [ManualAdjust] 旋转增量 RPY=(0.100, 0.000, 0.000)deg
[15:38:54.745] [info] [ManualAdjust] 当前外参 [lidar_front→cam_left]:
[15:38:54.745] [info]   旋转 RPY: (76.6299, -88.5405, -31.0062) deg
[15:38:54.745] [info]   平移 XYZ: (0.1230, 0.0399, -0.0527) m
[15:38:54.774] [debug] [ManualAdjust] 旋转增量 RPY=(0.100, 0.000, 0.000)deg
[15:38:54.774] [info] [ManualAdjust] 当前外参 [lidar_front→cam_left]:
[15:38:54.774] [info]   旋转 RPY: (76.7299, -88.5405, -31.0062) deg
[15:38:54.774] [info]   平移 XYZ: (0.1230, 0.0399, -0.0527) m
[15:38:54.805] [debug] [ManualAdjust] 旋转增量 RPY=(0.100, 0.000, 0.000)deg
[15:38:54.805] [info] [ManualAdjust] 当前外参 [lidar_front→cam_left]:
[15:38:54.805] [info]   旋转 RPY: (76.8299, -88.5405, -31.0062) deg
[15:38:54.805] [info]   平移 XYZ: (0.1230, 0.0399, -0.0527) m
[15:38:54.835] [debug] [ManualAdjust] 旋转增量 RPY=(0.100, 0.000, 0.000)deg
[15:38:54.835] [info] [ManualAdjust] 当前外参 [lidar_front→cam_left]:
[15:38:54.835] [info]   旋转 RPY: (76.9299, -88.5405, -31.0062) deg
[15:38:54.835] [info]   平移 XYZ: (0.1230, 0.0399, -0.0527) m
[15:38:54.865] [debug] [ManualAdjust] 旋转增量 RPY=(0.100, 0.000, 0.000)deg
[15:38:54.865] [info] [ManualAdjust] 当前外参 [lidar_front→cam_left]:
[15:38:54.865] [info]   旋转 RPY: (77.0299, -88.5405, -31.0062) deg
[15:38:54.865] [info]   平移 XYZ: (0.1230, 0.0399, -0.0527) m
[15:38:54.895] [debug] [ManualAdjust] 旋转增量 RPY=(0.100, 0.000, 0.000)deg
[15:38:54.895] [info] [ManualAdjust] 当前外参 [lidar_front→cam_left]:
[15:38:54.895] [info]   旋转 RPY: (77.1299, -88.5405, -31.0062) deg
[15:38:54.895] [info]   平移 XYZ: (0.1230, 0.0399, -0.0527) m
[15:38:54.924] [debug] [ManualAdjust] 旋转增量 RPY=(0.100, 0.000, 0.000)deg
[15:38:54.924] [info] [ManualAdjust] 当前外参 [lidar_front→cam_left]:
[15:38:54.924] [info]   旋转 RPY: (77.2299, -88.5405, -31.0062) deg
[15:38:54.924] [info]   平移 XYZ: (0.1230, 0.0399, -0.0527) m
[15:38:54.955] [debug] [ManualAdjust] 旋转增量 RPY=(0.100, 0.000, 0.000)deg
[15:38:54.955] [info] [ManualAdjust] 当前外参 [lidar_front→cam_left]:
[15:38:54.955] [info]   旋转 RPY: (77.3299, -88.5405, -31.0062) deg
[15:38:54.955] [info]   平移 XYZ: (0.1230, 0.0399, -0.0527) m
[15:38:54.985] [debug] [ManualAdjust] 旋转增量 RPY=(0.100, 0.000, 0.000)deg
[15:38:54.985] [info] [ManualAdjust] 当前外参 [lidar_front→cam_left]:
[15:38:54.985] [info]   旋转 RPY: (77.4299, -88.5405, -31.0062) deg
[15:38:54.985] [info]   平移 XYZ: (0.1230, 0.0399, -0.0527) m
[15:38:55.016] [debug] [ManualAdjust] 旋转增量 RPY=(0.100, 0.000, 0.000)deg
[15:38:55.016] [info] [ManualAdjust] 当前外参 [lidar_front→cam_left]:
[15:38:55.016] [info]   旋转 RPY: (77.5299, -88.5405, -31.0062) deg
[15:38:55.016] [info]   平移 XYZ: (0.1230, 0.0399, -0.0527) m
[15:38:55.046] [debug] [ManualAdjust] 旋转增量 RPY=(0.100, 0.000, 0.000)deg
[15:38:55.046] [info] [ManualAdjust] 当前外参 [lidar_front→cam_left]:
[15:38:55.046] [info]   旋转 RPY: (77.6299, -88.5405, -31.0062) deg
[15:38:55.046] [info]   平移 XYZ: (0.1230, 0.0399, -0.0527) m
[15:38:55.076] [debug] [ManualAdjust] 旋转增量 RPY=(0.100, 0.000, 0.000)deg
[15:38:55.076] [info] [ManualAdjust] 当前外参 [lidar_front→cam_left]:
[15:38:55.076] [info]   旋转 RPY: (77.7299, -88.5405, -31.0062) deg
[15:38:55.076] [info]   平移 XYZ: (0.1230, 0.0399, -0.0527) m
[15:38:55.106] [debug] [ManualAdjust] 旋转增量 RPY=(0.100, 0.000, 0.000)deg
[15:38:55.106] [info] [ManualAdjust] 当前外参 [lidar_front→cam_left]:
[15:38:55.106] [info]   旋转 RPY: (77.8299, -88.5405, -31.0062) deg
[15:38:55.106] [info]   平移 XYZ: (0.1230, 0.0399, -0.0527) m
[15:38:55.136] [debug] [ManualAdjust] 旋转增量 RPY=(0.100, 0.000, 0.000)deg
[15:38:55.136] [info] [ManualAdjust] 当前外参 [lidar_front→cam_left]:
[15:38:55.136] [info]   旋转 RPY: (77.9299, -88.5405, -31.0062) deg
[15:38:55.136] [info]   平移 XYZ: (0.1230, 0.0399, -0.0527) m
[15:38:55.167] [debug] [ManualAdjust] 旋转增量 RPY=(0.100, 0.000, 0.000)deg
[15:38:55.167] [info] [ManualAdjust] 当前外参 [lidar_front→cam_left]:
[15:38:55.167] [info]   旋转 RPY: (78.0299, -88.5405, -31.0062) deg
[15:38:55.167] [info]   平移 XYZ: (0.1230, 0.0399, -0.0527) m
[15:38:55.198] [debug] [ManualAdjust] 旋转增量 RPY=(0.100, 0.000, 0.000)deg
[15:38:55.198] [info] [ManualAdjust] 当前外参 [lidar_front→cam_left]:
[15:38:55.198] [info]   旋转 RPY: (78.1299, -88.5405, -31.0062) deg
[15:38:55.198] [info]   平移 XYZ: (0.1230, 0.0399, -0.0527) m
[15:38:55.227] [debug] [ManualAdjust] 旋转增量 RPY=(0.100, 0.000, 0.000)deg
[15:38:55.227] [info] [ManualAdjust] 当前外参 [lidar_front→cam_left]:
[15:38:55.227] [info]   旋转 RPY: (78.2299, -88.5405, -31.0062) deg
[15:38:55.227] [info]   平移 XYZ: (0.1230, 0.0399, -0.0527) m
[15:38:55.258] [debug] [ManualAdjust] 旋转增量 RPY=(0.100, 0.000, 0.000)deg
[15:38:55.258] [info] [ManualAdjust] 当前外参 [lidar_front→cam_left]:
[15:38:55.258] [info]   旋转 RPY: (78.3299, -88.5405, -31.0062) deg
[15:38:55.258] [info]   平移 XYZ: (0.1230, 0.0399, -0.0527) m
[15:38:55.288] [debug] [ManualAdjust] 旋转增量 RPY=(0.100, 0.000, 0.000)deg
[15:38:55.288] [info] [ManualAdjust] 当前外参 [lidar_front→cam_left]:
[15:38:55.288] [info]   旋转 RPY: (78.4299, -88.5405, -31.0062) deg
[15:38:55.288] [info]   平移 XYZ: (0.1230, 0.0399, -0.0527) m
[15:38:55.318] [debug] [ManualAdjust] 旋转增量 RPY=(0.100, 0.000, 0.000)deg
[15:38:55.318] [info] [ManualAdjust] 当前外参 [lidar_front→cam_left]:
[15:38:55.318] [info]   旋转 RPY: (78.5299, -88.5405, -31.0062) deg
[15:38:55.318] [info]   平移 XYZ: (0.1230, 0.0399, -0.0527) m
[15:38:55.349] [debug] [ManualAdjust] 旋转增量 RPY=(0.100, 0.000, 0.000)deg
[15:38:55.349] [info] [ManualAdjust] 当前外参 [lidar_front→cam_left]:
[15:38:55.349] [info]   旋转 RPY: (78.6299, -88.5405, -31.0062) deg
[15:38:55.349] [info]   平移 XYZ: (0.1230, 0.0399, -0.0527) m
[15:38:55.379] [debug] [ManualAdjust] 旋转增量 RPY=(0.100, 0.000, 0.000)deg
[15:38:55.379] [info] [ManualAdjust] 当前外参 [lidar_front→cam_left]:
[15:38:55.379] [info]   旋转 RPY: (78.7299, -88.5405, -31.0062) deg
[15:38:55.379] [info]   平移 XYZ: (0.1230, 0.0399, -0.0527) m
[15:38:55.409] [debug] [ManualAdjust] 旋转增量 RPY=(0.100, 0.000, 0.000)deg
[15:38:55.409] [info] [ManualAdjust] 当前外参 [lidar_front→cam_left]:
[15:38:55.409] [info]   旋转 RPY: (78.8299, -88.5405, -31.0062) deg
[15:38:55.409] [info]   平移 XYZ: (0.1230, 0.0399, -0.0527) m
[15:38:55.439] [debug] [ManualAdjust] 旋转增量 RPY=(0.100, 0.000, 0.000)deg
[15:38:55.439] [info] [ManualAdjust] 当前外参 [lidar_front→cam_left]:
[15:38:55.439] [info]   旋转 RPY: (78.9299, -88.5405, -31.0062) deg
[15:38:55.439] [info]   平移 XYZ: (0.1230, 0.0399, -0.0527) m
[15:38:55.469] [debug] [ManualAdjust] 旋转增量 RPY=(0.100, 0.000, 0.000)deg
[15:38:55.469] [info] [ManualAdjust] 当前外参 [lidar_front→cam_left]:
[15:38:55.469] [info]   旋转 RPY: (79.0299, -88.5405, -31.0062) deg
[15:38:55.469] [info]   平移 XYZ: (0.1230, 0.0399, -0.0527) m
[15:38:55.500] [debug] [ManualAdjust] 旋转增量 RPY=(0.100, 0.000, 0.000)deg
[15:38:55.500] [info] [ManualAdjust] 当前外参 [lidar_front→cam_left]:
[15:38:55.500] [info]   旋转 RPY: (79.1299, -88.5405, -31.0062) deg
[15:38:55.500] [info]   平移 XYZ: (0.1230, 0.0399, -0.0527) m
[15:38:55.532] [debug] [ManualAdjust] 旋转增量 RPY=(0.100, 0.000, 0.000)deg
[15:38:55.532] [info] [ManualAdjust] 当前外参 [lidar_front→cam_left]:
[15:38:55.532] [info]   旋转 RPY: (79.2299, -88.5405, -31.0062) deg
[15:38:55.532] [info]   平移 XYZ: (0.1230, 0.0399, -0.0527) m
[15:38:55.561] [debug] [ManualAdjust] 旋转增量 RPY=(0.100, 0.000, 0.000)deg
[15:38:55.561] [info] [ManualAdjust] 当前外参 [lidar_front→cam_left]:
[15:38:55.561] [info]   旋转 RPY: (79.3299, -88.5405, -31.0062) deg
[15:38:55.561] [info]   平移 XYZ: (0.1230, 0.0399, -0.0527) m
[15:38:55.592] [debug] [ManualAdjust] 旋转增量 RPY=(0.100, 0.000, 0.000)deg
[15:38:55.592] [info] [ManualAdjust] 当前外参 [lidar_front→cam_left]:
[15:38:55.592] [info]   旋转 RPY: (79.4299, -88.5405, -31.0062) deg
[15:38:55.592] [info]   平移 XYZ: (0.1230, 0.0399, -0.0527) m
[15:38:55.622] [debug] [ManualAdjust] 旋转增量 RPY=(0.100, 0.000, 0.000)deg
[15:38:55.622] [info] [ManualAdjust] 当前外参 [lidar_front→cam_left]:
[15:38:55.622] [info]   旋转 RPY: (79.5299, -88.5405, -31.0062) deg
[15:38:55.622] [info]   平移 XYZ: (0.1230, 0.0399, -0.0527) m
[15:38:55.651] [debug] [ManualAdjust] 旋转增量 RPY=(0.100, 0.000, 0.000)deg
[15:38:55.651] [info] [ManualAdjust] 当前外参 [lidar_front→cam_left]:
[15:38:55.651] [info]   旋转 RPY: (79.6299, -88.5405, -31.0062) deg
[15:38:55.651] [info]   平移 XYZ: (0.1230, 0.0399, -0.0527) m
[15:38:55.682] [debug] [ManualAdjust] 旋转增量 RPY=(0.100, 0.000, 0.000)deg
[15:38:55.682] [info] [ManualAdjust] 当前外参 [lidar_front→cam_left]:
[15:38:55.682] [info]   旋转 RPY: (79.7299, -88.5405, -31.0062) deg
[15:38:55.682] [info]   平移 XYZ: (0.1230, 0.0399, -0.0527) m
[15:38:55.711] [debug] [ManualAdjust] 旋转增量 RPY=(0.100, 0.000, 0.000)deg
[15:38:55.711] [info] [ManualAdjust] 当前外参 [lidar_front→cam_left]:
[15:38:55.711] [info]   旋转 RPY: (79.8299, -88.5405, -31.0062) deg
[15:38:55.711] [info]   平移 XYZ: (0.1230, 0.0399, -0.0527) m
[15:38:55.742] [debug] [ManualAdjust] 旋转增量 RPY=(0.100, 0.000, 0.000)deg
[15:38:55.742] [info] [ManualAdjust] 当前外参 [lidar_front→cam_left]:
[15:38:55.742] [info]   旋转 RPY: (79.9299, -88.5405, -31.0062) deg
[15:38:55.742] [info]   平移 XYZ: (0.1230, 0.0399, -0.0527) m
[15:38:55.771] [debug] [ManualAdjust] 旋转增量 RPY=(0.100, 0.000, 0.000)deg
[15:38:55.771] [info] [ManualAdjust] 当前外参 [lidar_front→cam_left]:
[15:38:55.771] [info]   旋转 RPY: (80.0299, -88.5405, -31.0062) deg
[15:38:55.771] [info]   平移 XYZ: (0.1230, 0.0399, -0.0527) m
[15:38:55.802] [debug] [ManualAdjust] 旋转增量 RPY=(0.100, 0.000, 0.000)deg
[15:38:55.802] [info] [ManualAdjust] 当前外参 [lidar_front→cam_left]:
[15:38:55.802] [info]   旋转 RPY: (80.1299, -88.5405, -31.0062) deg
[15:38:55.802] [info]   平移 XYZ: (0.1230, 0.0399, -0.0527) m
[15:38:55.832] [debug] [ManualAdjust] 旋转增量 RPY=(0.100, 0.000, 0.000)deg
[15:38:55.832] [info] [ManualAdjust] 当前外参 [lidar_front→cam_left]:
[15:38:55.832] [info]   旋转 RPY: (80.2299, -88.5405, -31.0062) deg
[15:38:55.832] [info]   平移 XYZ: (0.1230, 0.0399, -0.0527) m
[15:38:55.861] [debug] [ManualAdjust] 旋转增量 RPY=(0.100, 0.000, 0.000)deg
[15:38:55.861] [info] [ManualAdjust] 当前外参 [lidar_front→cam_left]:
[15:38:55.861] [info]   旋转 RPY: (80.3299, -88.5405, -31.0062) deg
[15:38:55.861] [info]   平移 XYZ: (0.1230, 0.0399, -0.0527) m
[15:38:55.892] [debug] [ManualAdjust] 旋转增量 RPY=(0.100, 0.000, 0.000)deg
[15:38:55.892] [info] [ManualAdjust] 当前外参 [lidar_front→cam_left]:
[15:38:55.892] [info]   旋转 RPY: (80.4299, -88.5405, -31.0062) deg
[15:38:55.892] [info]   平移 XYZ: (0.1230, 0.0399, -0.0527) m
[15:38:55.922] [debug] [ManualAdjust] 旋转增量 RPY=(0.100, 0.000, 0.000)deg
[15:38:55.922] [info] [ManualAdjust] 当前外参 [lidar_front→cam_left]:
[15:38:55.922] [info]   旋转 RPY: (80.5299, -88.5405, -31.0062) deg
[15:38:55.922] [info]   平移 XYZ: (0.1230, 0.0399, -0.0527) m
[15:38:55.952] [debug] [ManualAdjust] 旋转增量 RPY=(0.100, 0.000, 0.000)deg
[15:38:55.952] [info] [ManualAdjust] 当前外参 [lidar_front→cam_left]:
[15:38:55.952] [info]   旋转 RPY: (80.6299, -88.5405, -31.0062) deg
[15:38:55.952] [info]   平移 XYZ: (0.1230, 0.0399, -0.0527) m
[15:38:55.983] [debug] [ManualAdjust] 旋转增量 RPY=(0.100, 0.000, 0.000)deg
[15:38:55.983] [info] [ManualAdjust] 当前外参 [lidar_front→cam_left]:
[15:38:55.983] [info]   旋转 RPY: (80.7299, -88.5405, -31.0062) deg
[15:38:55.983] [info]   平移 XYZ: (0.1230, 0.0399, -0.0527) m
[15:38:56.012] [debug] [ManualAdjust] 旋转增量 RPY=(0.100, 0.000, 0.000)deg
[15:38:56.012] [info] [ManualAdjust] 当前外参 [lidar_front→cam_left]:
[15:38:56.012] [info]   旋转 RPY: (80.8299, -88.5405, -31.0062) deg
[15:38:56.012] [info]   平移 XYZ: (0.1230, 0.0399, -0.0527) m
[15:38:56.042] [debug] [ManualAdjust] 旋转增量 RPY=(0.100, 0.000, 0.000)deg
[15:38:56.042] [info] [ManualAdjust] 当前外参 [lidar_front→cam_left]:
[15:38:56.042] [info]   旋转 RPY: (80.9299, -88.5405, -31.0062) deg
[15:38:56.042] [info]   平移 XYZ: (0.1230, 0.0399, -0.0527) m
[15:38:56.073] [debug] [ManualAdjust] 旋转增量 RPY=(0.100, 0.000, 0.000)deg
[15:38:56.073] [info] [ManualAdjust] 当前外参 [lidar_front→cam_left]:
[15:38:56.073] [info]   旋转 RPY: (81.0299, -88.5405, -31.0062) deg
[15:38:56.073] [info]   平移 XYZ: (0.1230, 0.0399, -0.0527) m
[15:38:56.103] [debug] [ManualAdjust] 旋转增量 RPY=(0.100, 0.000, 0.000)deg
[15:38:56.103] [info] [ManualAdjust] 当前外参 [lidar_front→cam_left]:
[15:38:56.103] [info]   旋转 RPY: (81.1299, -88.5405, -31.0062) deg
[15:38:56.103] [info]   平移 XYZ: (0.1230, 0.0399, -0.0527) m
[15:38:56.133] [debug] [ManualAdjust] 旋转增量 RPY=(0.100, 0.000, 0.000)deg
[15:38:56.133] [info] [ManualAdjust] 当前外参 [lidar_front→cam_left]:
[15:38:56.133] [info]   旋转 RPY: (81.2299, -88.5405, -31.0062) deg
[15:38:56.133] [info]   平移 XYZ: (0.1230, 0.0399, -0.0527) m
[15:38:56.163] [debug] [ManualAdjust] 旋转增量 RPY=(0.100, 0.000, 0.000)deg
[15:38:56.163] [info] [ManualAdjust] 当前外参 [lidar_front→cam_left]:
[15:38:56.163] [info]   旋转 RPY: (81.3299, -88.5405, -31.0062) deg
[15:38:56.164] [info]   平移 XYZ: (0.1230, 0.0399, -0.0527) m
[15:38:56.194] [debug] [ManualAdjust] 旋转增量 RPY=(0.100, 0.000, 0.000)deg
[15:38:56.194] [info] [ManualAdjust] 当前外参 [lidar_front→cam_left]:
[15:38:56.194] [info]   旋转 RPY: (81.4299, -88.5405, -31.0062) deg
[15:38:56.194] [info]   平移 XYZ: (0.1230, 0.0399, -0.0527) m
[15:38:56.225] [debug] [ManualAdjust] 旋转增量 RPY=(0.100, 0.000, 0.000)deg
[15:38:56.225] [info] [ManualAdjust] 当前外参 [lidar_front→cam_left]:
[15:38:56.225] [info]   旋转 RPY: (81.5299, -88.5405, -31.0062) deg
[15:38:56.225] [info]   平移 XYZ: (0.1230, 0.0399, -0.0527) m
[15:38:56.255] [debug] [ManualAdjust] 旋转增量 RPY=(0.100, 0.000, 0.000)deg
[15:38:56.255] [info] [ManualAdjust] 当前外参 [lidar_front→cam_left]:
[15:38:56.256] [info]   旋转 RPY: (81.6299, -88.5405, -31.0062) deg
[15:38:56.256] [info]   平移 XYZ: (0.1230, 0.0399, -0.0527) m
[15:38:56.285] [debug] [ManualAdjust] 旋转增量 RPY=(0.100, 0.000, 0.000)deg
[15:38:56.286] [info] [ManualAdjust] 当前外参 [lidar_front→cam_left]:
[15:38:56.286] [info]   旋转 RPY: (81.7299, -88.5405, -31.0062) deg
[15:38:56.286] [info]   平移 XYZ: (0.1230, 0.0399, -0.0527) m
[15:38:56.316] [debug] [ManualAdjust] 旋转增量 RPY=(0.100, 0.000, 0.000)deg
[15:38:56.316] [info] [ManualAdjust] 当前外参 [lidar_front→cam_left]:
[15:38:56.316] [info]   旋转 RPY: (81.8299, -88.5405, -31.0062) deg
[15:38:56.316] [info]   平移 XYZ: (0.1230, 0.0399, -0.0527) m
[15:38:56.346] [debug] [ManualAdjust] 旋转增量 RPY=(0.100, 0.000, 0.000)deg
[15:38:56.346] [info] [ManualAdjust] 当前外参 [lidar_front→cam_left]:
[15:38:56.346] [info]   旋转 RPY: (81.9299, -88.5405, -31.0062) deg
[15:38:56.346] [info]   平移 XYZ: (0.1230, 0.0399, -0.0527) m
[15:38:56.376] [debug] [ManualAdjust] 旋转增量 RPY=(0.100, 0.000, 0.000)deg
[15:38:56.376] [info] [ManualAdjust] 当前外参 [lidar_front→cam_left]:
[15:38:56.376] [info]   旋转 RPY: (82.0299, -88.5405, -31.0062) deg
[15:38:56.376] [info]   平移 XYZ: (0.1230, 0.0399, -0.0527) m
[15:38:56.406] [debug] [ManualAdjust] 旋转增量 RPY=(0.100, 0.000, 0.000)deg
[15:38:56.406] [info] [ManualAdjust] 当前外参 [lidar_front→cam_left]:
[15:38:56.406] [info]   旋转 RPY: (82.1299, -88.5405, -31.0062) deg
[15:38:56.406] [info]   平移 XYZ: (0.1230, 0.0399, -0.0527) m
[15:38:56.436] [debug] [ManualAdjust] 旋转增量 RPY=(0.100, 0.000, 0.000)deg
[15:38:56.436] [info] [ManualAdjust] 当前外参 [lidar_front→cam_left]:
[15:38:56.436] [info]   旋转 RPY: (82.2299, -88.5405, -31.0062) deg
[15:38:56.436] [info]   平移 XYZ: (0.1230, 0.0399, -0.0527) m
[15:38:56.467] [debug] [ManualAdjust] 旋转增量 RPY=(0.100, 0.000, 0.000)deg
[15:38:56.467] [info] [ManualAdjust] 当前外参 [lidar_front→cam_left]:
[15:38:56.467] [info]   旋转 RPY: (82.3299, -88.5405, -31.0062) deg
[15:38:56.467] [info]   平移 XYZ: (0.1230, 0.0399, -0.0527) m
[15:38:56.498] [debug] [ManualAdjust] 旋转增量 RPY=(0.100, 0.000, 0.000)deg
[15:38:56.498] [info] [ManualAdjust] 当前外参 [lidar_front→cam_left]:
[15:38:56.498] [info]   旋转 RPY: (82.4299, -88.5405, -31.0062) deg
[15:38:56.498] [info]   平移 XYZ: (0.1230, 0.0399, -0.0527) m
[15:38:56.530] [debug] [ManualAdjust] 旋转增量 RPY=(0.100, 0.000, 0.000)deg
[15:38:56.530] [info] [ManualAdjust] 当前外参 [lidar_front→cam_left]:
[15:38:56.530] [info]   旋转 RPY: (82.5299, -88.5405, -31.0062) deg
[15:38:56.530] [info]   平移 XYZ: (0.1230, 0.0399, -0.0527) m
[15:38:56.559] [debug] [ManualAdjust] 旋转增量 RPY=(0.100, 0.000, 0.000)deg
[15:38:56.559] [info] [ManualAdjust] 当前外参 [lidar_front→cam_left]:
[15:38:56.559] [info]   旋转 RPY: (82.6299, -88.5405, -31.0062) deg
[15:38:56.559] [info]   平移 XYZ: (0.1230, 0.0399, -0.0527) m
[15:38:56.589] [debug] [ManualAdjust] 旋转增量 RPY=(0.100, 0.000, 0.000)deg
[15:38:56.589] [info] [ManualAdjust] 当前外参 [lidar_front→cam_left]:
[15:38:56.589] [info]   旋转 RPY: (82.7299, -88.5405, -31.0062) deg
[15:38:56.589] [info]   平移 XYZ: (0.1230, 0.0399, -0.0527) m
[15:38:56.619] [debug] [ManualAdjust] 旋转增量 RPY=(0.100, 0.000, 0.000)deg
[15:38:56.619] [info] [ManualAdjust] 当前外参 [lidar_front→cam_left]:
[15:38:56.619] [info]   旋转 RPY: (82.8299, -88.5405, -31.0062) deg
[15:38:56.619] [info]   平移 XYZ: (0.1230, 0.0399, -0.0527) m
[15:38:56.649] [debug] [ManualAdjust] 旋转增量 RPY=(0.100, 0.000, 0.000)deg
[15:38:56.649] [info] [ManualAdjust] 当前外参 [lidar_front→cam_left]:
[15:38:56.649] [info]   旋转 RPY: (82.9299, -88.5405, -31.0062) deg
[15:38:56.649] [info]   平移 XYZ: (0.1230, 0.0399, -0.0527) m
[15:38:56.679] [debug] [ManualAdjust] 旋转增量 RPY=(0.100, 0.000, 0.000)deg
[15:38:56.679] [info] [ManualAdjust] 当前外参 [lidar_front→cam_left]:
[15:38:56.679] [info]   旋转 RPY: (83.0299, -88.5405, -31.0062) deg
[15:38:56.679] [info]   平移 XYZ: (0.1230, 0.0399, -0.0527) m
[15:38:56.710] [debug] [ManualAdjust] 旋转增量 RPY=(0.100, 0.000, 0.000)deg
[15:38:56.710] [info] [ManualAdjust] 当前外参 [lidar_front→cam_left]:
[15:38:56.710] [info]   旋转 RPY: (83.1299, -88.5405, -31.0062) deg
[15:38:56.710] [info]   平移 XYZ: (0.1230, 0.0399, -0.0527) m
[15:38:56.740] [debug] [ManualAdjust] 旋转增量 RPY=(0.100, 0.000, 0.000)deg
[15:38:56.740] [info] [ManualAdjust] 当前外参 [lidar_front→cam_left]:
[15:38:56.740] [info]   旋转 RPY: (83.2299, -88.5405, -31.0062) deg
[15:38:56.740] [info]   平移 XYZ: (0.1230, 0.0399, -0.0527) m
[15:38:56.771] [debug] [ManualAdjust] 旋转增量 RPY=(0.100, 0.000, 0.000)deg
[15:38:56.771] [info] [ManualAdjust] 当前外参 [lidar_front→cam_left]:
[15:38:56.771] [info]   旋转 RPY: (83.3299, -88.5405, -31.0062) deg
[15:38:56.771] [info]   平移 XYZ: (0.1230, 0.0399, -0.0527) m
[15:38:56.801] [debug] [ManualAdjust] 旋转增量 RPY=(0.100, 0.000, 0.000)deg
[15:38:56.801] [info] [ManualAdjust] 当前外参 [lidar_front→cam_left]:
[15:38:56.801] [info]   旋转 RPY: (83.4299, -88.5405, -31.0062) deg
[15:38:56.801] [info]   平移 XYZ: (0.1230, 0.0399, -0.0527) m
[15:38:56.831] [debug] [ManualAdjust] 旋转增量 RPY=(0.100, 0.000, 0.000)deg
[15:38:56.831] [info] [ManualAdjust] 当前外参 [lidar_front→cam_left]:
[15:38:56.831] [info]   旋转 RPY: (83.5299, -88.5405, -31.0062) deg
[15:38:56.831] [info]   平移 XYZ: (0.1230, 0.0399, -0.0527) m
[15:38:56.862] [debug] [ManualAdjust] 旋转增量 RPY=(0.100, 0.000, 0.000)deg
[15:38:56.862] [info] [ManualAdjust] 当前外参 [lidar_front→cam_left]:
[15:38:56.862] [info]   旋转 RPY: (83.6299, -88.5405, -31.0062) deg
[15:38:56.862] [info]   平移 XYZ: (0.1230, 0.0399, -0.0527) m
[15:38:56.891] [debug] [ManualAdjust] 旋转增量 RPY=(0.100, 0.000, 0.000)deg
[15:38:56.891] [info] [ManualAdjust] 当前外参 [lidar_front→cam_left]:
[15:38:56.891] [info]   旋转 RPY: (83.7299, -88.5405, -31.0062) deg
[15:38:56.891] [info]   平移 XYZ: (0.1230, 0.0399, -0.0527) m
[15:38:56.922] [debug] [ManualAdjust] 旋转增量 RPY=(0.100, 0.000, 0.000)deg
[15:38:56.922] [info] [ManualAdjust] 当前外参 [lidar_front→cam_left]:
[15:38:56.922] [info]   旋转 RPY: (83.8299, -88.5405, -31.0062) deg
[15:38:56.922] [info]   平移 XYZ: (0.1230, 0.0399, -0.0527) m
[15:38:56.952] [debug] [ManualAdjust] 旋转增量 RPY=(0.100, 0.000, 0.000)deg
[15:38:56.952] [info] [ManualAdjust] 当前外参 [lidar_front→cam_left]:
[15:38:56.952] [info]   旋转 RPY: (83.9299, -88.5405, -31.0062) deg
[15:38:56.952] [info]   平移 XYZ: (0.1230, 0.0399, -0.0527) m
[15:38:56.983] [debug] [ManualAdjust] 旋转增量 RPY=(0.100, 0.000, 0.000)deg
[15:38:56.983] [info] [ManualAdjust] 当前外参 [lidar_front→cam_left]:
[15:38:56.983] [info]   旋转 RPY: (84.0299, -88.5405, -31.0062) deg
[15:38:56.983] [info]   平移 XYZ: (0.1230, 0.0399, -0.0527) m
[15:38:57.012] [debug] [ManualAdjust] 旋转增量 RPY=(0.100, 0.000, 0.000)deg
[15:38:57.012] [info] [ManualAdjust] 当前外参 [lidar_front→cam_left]:
[15:38:57.012] [info]   旋转 RPY: (84.1299, -88.5405, -31.0062) deg
[15:38:57.012] [info]   平移 XYZ: (0.1230, 0.0399, -0.0527) m
[15:38:57.043] [debug] [ManualAdjust] 旋转增量 RPY=(0.100, 0.000, 0.000)deg
[15:38:57.043] [info] [ManualAdjust] 当前外参 [lidar_front→cam_left]:
[15:38:57.043] [info]   旋转 RPY: (84.2299, -88.5405, -31.0062) deg
[15:38:57.043] [info]   平移 XYZ: (0.1230, 0.0399, -0.0527) m
[15:38:57.073] [debug] [ManualAdjust] 旋转增量 RPY=(0.100, 0.000, 0.000)deg
[15:38:57.073] [info] [ManualAdjust] 当前外参 [lidar_front→cam_left]:
[15:38:57.073] [info]   旋转 RPY: (84.3299, -88.5405, -31.0062) deg
[15:38:57.073] [info]   平移 XYZ: (0.1230, 0.0399, -0.0527) m
[15:38:57.104] [debug] [ManualAdjust] 旋转增量 RPY=(0.100, 0.000, 0.000)deg
[15:38:57.104] [info] [ManualAdjust] 当前外参 [lidar_front→cam_left]:
[15:38:57.104] [info]   旋转 RPY: (84.4299, -88.5405, -31.0062) deg
[15:38:57.104] [info]   平移 XYZ: (0.1230, 0.0399, -0.0527) m
[15:38:57.135] [debug] [ManualAdjust] 旋转增量 RPY=(0.100, 0.000, 0.000)deg
[15:38:57.135] [info] [ManualAdjust] 当前外参 [lidar_front→cam_left]:
[15:38:57.135] [info]   旋转 RPY: (84.5299, -88.5405, -31.0062) deg
[15:38:57.135] [info]   平移 XYZ: (0.1230, 0.0399, -0.0527) m
[15:38:57.164] [debug] [ManualAdjust] 旋转增量 RPY=(0.100, 0.000, 0.000)deg
[15:38:57.164] [info] [ManualAdjust] 当前外参 [lidar_front→cam_left]:
[15:38:57.164] [info]   旋转 RPY: (84.6299, -88.5405, -31.0062) deg
[15:38:57.164] [info]   平移 XYZ: (0.1230, 0.0399, -0.0527) m
[15:38:57.195] [debug] [ManualAdjust] 旋转增量 RPY=(0.100, 0.000, 0.000)deg
[15:38:57.195] [info] [ManualAdjust] 当前外参 [lidar_front→cam_left]:
[15:38:57.195] [info]   旋转 RPY: (84.7299, -88.5405, -31.0062) deg
[15:38:57.195] [info]   平移 XYZ: (0.1230, 0.0399, -0.0527) m
[15:38:57.224] [debug] [ManualAdjust] 旋转增量 RPY=(0.100, 0.000, 0.000)deg
[15:38:57.225] [info] [ManualAdjust] 当前外参 [lidar_front→cam_left]:
[15:38:57.225] [info]   旋转 RPY: (84.8299, -88.5405, -31.0062) deg
[15:38:57.225] [info]   平移 XYZ: (0.1230, 0.0399, -0.0527) m
[15:38:57.254] [debug] [ManualAdjust] 旋转增量 RPY=(0.100, 0.000, 0.000)deg
[15:38:57.254] [info] [ManualAdjust] 当前外参 [lidar_front→cam_left]:
[15:38:57.255] [info]   旋转 RPY: (84.9299, -88.5405, -31.0062) deg
[15:38:57.255] [info]   平移 XYZ: (0.1230, 0.0399, -0.0527) m
[15:38:57.285] [debug] [ManualAdjust] 旋转增量 RPY=(0.100, 0.000, 0.000)deg
[15:38:57.285] [info] [ManualAdjust] 当前外参 [lidar_front→cam_left]:
[15:38:57.285] [info]   旋转 RPY: (85.0299, -88.5405, -31.0062) deg
[15:38:57.285] [info]   平移 XYZ: (0.1230, 0.0399, -0.0527) m
[15:38:57.316] [debug] [ManualAdjust] 旋转增量 RPY=(0.100, 0.000, 0.000)deg
[15:38:57.316] [info] [ManualAdjust] 当前外参 [lidar_front→cam_left]:
[15:38:57.316] [info]   旋转 RPY: (85.1299, -88.5405, -31.0062) deg
[15:38:57.316] [info]   平移 XYZ: (0.1230, 0.0399, -0.0527) m
[15:38:57.346] [debug] [ManualAdjust] 旋转增量 RPY=(0.100, 0.000, 0.000)deg
[15:38:57.346] [info] [ManualAdjust] 当前外参 [lidar_front→cam_left]:
[15:38:57.346] [info]   旋转 RPY: (85.2299, -88.5405, -31.0062) deg
[15:38:57.346] [info]   平移 XYZ: (0.1230, 0.0399, -0.0527) m
[15:38:57.376] [debug] [ManualAdjust] 旋转增量 RPY=(0.100, 0.000, 0.000)deg
[15:38:57.376] [info] [ManualAdjust] 当前外参 [lidar_front→cam_left]:
[15:38:57.376] [info]   旋转 RPY: (85.3299, -88.5405, -31.0062) deg
[15:38:57.376] [info]   平移 XYZ: (0.1230, 0.0399, -0.0527) m
[15:38:57.406] [debug] [ManualAdjust] 旋转增量 RPY=(0.100, 0.000, 0.000)deg
[15:38:57.406] [info] [ManualAdjust] 当前外参 [lidar_front→cam_left]:
[15:38:57.406] [info]   旋转 RPY: (85.4299, -88.5405, -31.0062) deg
[15:38:57.406] [info]   平移 XYZ: (0.1230, 0.0399, -0.0527) m
[15:38:57.436] [debug] [ManualAdjust] 旋转增量 RPY=(0.100, 0.000, 0.000)deg
[15:38:57.436] [info] [ManualAdjust] 当前外参 [lidar_front→cam_left]:
[15:38:57.436] [info]   旋转 RPY: (85.5299, -88.5405, -31.0062) deg
[15:38:57.436] [info]   平移 XYZ: (0.1230, 0.0399, -0.0527) m
[15:38:57.466] [debug] [ManualAdjust] 旋转增量 RPY=(0.100, 0.000, 0.000)deg
[15:38:57.466] [info] [ManualAdjust] 当前外参 [lidar_front→cam_left]:
[15:38:57.466] [info]   旋转 RPY: (85.6299, -88.5405, -31.0062) deg
[15:38:57.466] [info]   平移 XYZ: (0.1230, 0.0399, -0.0527) m
[15:38:57.497] [debug] [ManualAdjust] 旋转增量 RPY=(0.100, 0.000, 0.000)deg
[15:38:57.497] [info] [ManualAdjust] 当前外参 [lidar_front→cam_left]:
[15:38:57.497] [info]   旋转 RPY: (85.7299, -88.5405, -31.0062) deg
[15:38:57.497] [info]   平移 XYZ: (0.1230, 0.0399, -0.0527) m
[15:38:57.526] [debug] [ManualAdjust] 旋转增量 RPY=(0.100, 0.000, 0.000)deg
[15:38:57.526] [info] [ManualAdjust] 当前外参 [lidar_front→cam_left]:
[15:38:57.526] [info]   旋转 RPY: (85.8299, -88.5405, -31.0062) deg
[15:38:57.526] [info]   平移 XYZ: (0.1230, 0.0399, -0.0527) m
[15:38:57.557] [debug] [ManualAdjust] 旋转增量 RPY=(0.100, 0.000, 0.000)deg
[15:38:57.557] [info] [ManualAdjust] 当前外参 [lidar_front→cam_left]:
[15:38:57.557] [info]   旋转 RPY: (85.9299, -88.5405, -31.0062) deg
[15:38:57.557] [info]   平移 XYZ: (0.1230, 0.0399, -0.0527) m
[15:38:57.587] [debug] [ManualAdjust] 旋转增量 RPY=(0.100, 0.000, 0.000)deg
[15:38:57.587] [info] [ManualAdjust] 当前外参 [lidar_front→cam_left]:
[15:38:57.587] [info]   旋转 RPY: (86.0299, -88.5405, -31.0062) deg
[15:38:57.587] [info]   平移 XYZ: (0.1230, 0.0399, -0.0527) m
[15:38:57.617] [debug] [ManualAdjust] 旋转增量 RPY=(0.100, 0.000, 0.000)deg
[15:38:57.617] [info] [ManualAdjust] 当前外参 [lidar_front→cam_left]:
[15:38:57.617] [info]   旋转 RPY: (86.1299, -88.5405, -31.0062) deg
[15:38:57.617] [info]   平移 XYZ: (0.1230, 0.0399, -0.0527) m
[15:38:57.647] [debug] [ManualAdjust] 旋转增量 RPY=(0.100, 0.000, 0.000)deg
[15:38:57.647] [info] [ManualAdjust] 当前外参 [lidar_front→cam_left]:
[15:38:57.647] [info]   旋转 RPY: (86.2299, -88.5405, -31.0062) deg
[15:38:57.647] [info]   平移 XYZ: (0.1230, 0.0399, -0.0527) m
[15:38:57.676] [debug] [ManualAdjust] 旋转增量 RPY=(0.100, 0.000, 0.000)deg
[15:38:57.676] [info] [ManualAdjust] 当前外参 [lidar_front→cam_left]:
[15:38:57.676] [info]   旋转 RPY: (86.3299, -88.5405, -31.0062) deg
[15:38:57.676] [info]   平移 XYZ: (0.1230, 0.0399, -0.0527) m
[15:38:57.707] [debug] [ManualAdjust] 旋转增量 RPY=(0.100, 0.000, 0.000)deg
[15:38:57.707] [info] [ManualAdjust] 当前外参 [lidar_front→cam_left]:
[15:38:57.707] [info]   旋转 RPY: (86.4299, -88.5405, -31.0062) deg
[15:38:57.707] [info]   平移 XYZ: (0.1230, 0.0399, -0.0527) m
[15:38:57.737] [debug] [ManualAdjust] 旋转增量 RPY=(0.100, 0.000, 0.000)deg
[15:38:57.737] [info] [ManualAdjust] 当前外参 [lidar_front→cam_left]:
[15:38:57.737] [info]   旋转 RPY: (86.5299, -88.5405, -31.0062) deg
[15:38:57.737] [info]   平移 XYZ: (0.1230, 0.0399, -0.0527) m
[15:38:57.767] [debug] [ManualAdjust] 旋转增量 RPY=(0.100, 0.000, 0.000)deg
[15:38:57.767] [info] [ManualAdjust] 当前外参 [lidar_front→cam_left]:
[15:38:57.767] [info]   旋转 RPY: (86.6299, -88.5405, -31.0062) deg
[15:38:57.767] [info]   平移 XYZ: (0.1230, 0.0399, -0.0527) m
[15:38:57.797] [debug] [ManualAdjust] 旋转增量 RPY=(0.100, 0.000, 0.000)deg
[15:38:57.797] [info] [ManualAdjust] 当前外参 [lidar_front→cam_left]:
[15:38:57.797] [info]   旋转 RPY: (86.7299, -88.5405, -31.0062) deg
[15:38:57.797] [info]   平移 XYZ: (0.1230, 0.0399, -0.0527) m
[15:38:57.827] [debug] [ManualAdjust] 旋转增量 RPY=(0.100, 0.000, 0.000)deg
[15:38:57.827] [info] [ManualAdjust] 当前外参 [lidar_front→cam_left]:
[15:38:57.827] [info]   旋转 RPY: (86.8299, -88.5405, -31.0062) deg
[15:38:57.827] [info]   平移 XYZ: (0.1230, 0.0399, -0.0527) m
[15:38:57.856] [debug] [ManualAdjust] 旋转增量 RPY=(0.100, 0.000, 0.000)deg
[15:38:57.856] [info] [ManualAdjust] 当前外参 [lidar_front→cam_left]:
[15:38:57.856] [info]   旋转 RPY: (86.9299, -88.5405, -31.0062) deg
[15:38:57.856] [info]   平移 XYZ: (0.1230, 0.0399, -0.0527) m
[15:38:57.887] [debug] [ManualAdjust] 旋转增量 RPY=(0.100, 0.000, 0.000)deg
[15:38:57.887] [info] [ManualAdjust] 当前外参 [lidar_front→cam_left]:
[15:38:57.887] [info]   旋转 RPY: (87.0299, -88.5405, -31.0062) deg
[15:38:57.887] [info]   平移 XYZ: (0.1230, 0.0399, -0.0527) m
[15:38:57.917] [debug] [ManualAdjust] 旋转增量 RPY=(0.100, 0.000, 0.000)deg
[15:38:57.917] [info] [ManualAdjust] 当前外参 [lidar_front→cam_left]:
[15:38:57.917] [info]   旋转 RPY: (87.1299, -88.5405, -31.0062) deg
[15:38:57.917] [info]   平移 XYZ: (0.1230, 0.0399, -0.0527) m
[15:38:57.946] [debug] [ManualAdjust] 旋转增量 RPY=(0.100, 0.000, 0.000)deg
[15:38:57.947] [info] [ManualAdjust] 当前外参 [lidar_front→cam_left]:
[15:38:57.947] [info]   旋转 RPY: (87.2299, -88.5405, -31.0062) deg
[15:38:57.947] [info]   平移 XYZ: (0.1230, 0.0399, -0.0527) m
[15:38:57.977] [debug] [ManualAdjust] 旋转增量 RPY=(0.100, 0.000, 0.000)deg
[15:38:57.977] [info] [ManualAdjust] 当前外参 [lidar_front→cam_left]:
[15:38:57.977] [info]   旋转 RPY: (87.3299, -88.5405, -31.0062) deg
[15:38:57.977] [info]   平移 XYZ: (0.1230, 0.0399, -0.0527) m
[15:38:58.007] [debug] [ManualAdjust] 旋转增量 RPY=(0.100, 0.000, 0.000)deg
[15:38:58.007] [info] [ManualAdjust] 当前外参 [lidar_front→cam_left]:
[15:38:58.007] [info]   旋转 RPY: (87.4299, -88.5405, -31.0062) deg
[15:38:58.007] [info]   平移 XYZ: (0.1230, 0.0399, -0.0527) m
[15:38:58.036] [debug] [ManualAdjust] 旋转增量 RPY=(0.100, 0.000, 0.000)deg
[15:38:58.036] [info] [ManualAdjust] 当前外参 [lidar_front→cam_left]:
[15:38:58.036] [info]   旋转 RPY: (87.5299, -88.5405, -31.0062) deg
[15:38:58.036] [info]   平移 XYZ: (0.1230, 0.0399, -0.0527) m
[15:38:58.066] [debug] [ManualAdjust] 旋转增量 RPY=(0.100, 0.000, 0.000)deg
[15:38:58.066] [info] [ManualAdjust] 当前外参 [lidar_front→cam_left]:
[15:38:58.066] [info]   旋转 RPY: (87.6299, -88.5405, -31.0062) deg
[15:38:58.066] [info]   平移 XYZ: (0.1230, 0.0399, -0.0527) m
[15:38:58.097] [debug] [ManualAdjust] 旋转增量 RPY=(0.100, 0.000, 0.000)deg
[15:38:58.097] [info] [ManualAdjust] 当前外参 [lidar_front→cam_left]:
[15:38:58.097] [info]   旋转 RPY: (87.7299, -88.5405, -31.0062) deg
[15:38:58.097] [info]   平移 XYZ: (0.1230, 0.0399, -0.0527) m
[15:38:58.127] [debug] [ManualAdjust] 旋转增量 RPY=(0.100, 0.000, 0.000)deg
[15:38:58.127] [info] [ManualAdjust] 当前外参 [lidar_front→cam_left]:
[15:38:58.127] [info]   旋转 RPY: (87.8299, -88.5405, -31.0062) deg
[15:38:58.127] [info]   平移 XYZ: (0.1230, 0.0399, -0.0527) m
[15:38:58.158] [debug] [ManualAdjust] 旋转增量 RPY=(0.100, 0.000, 0.000)deg
[15:38:58.158] [info] [ManualAdjust] 当前外参 [lidar_front→cam_left]:
[15:38:58.158] [info]   旋转 RPY: (87.9299, -88.5405, -31.0062) deg
[15:38:58.158] [info]   平移 XYZ: (0.1230, 0.0399, -0.0527) m
[15:38:58.189] [debug] [ManualAdjust] 旋转增量 RPY=(0.100, 0.000, 0.000)deg
[15:38:58.189] [info] [ManualAdjust] 当前外参 [lidar_front→cam_left]:
[15:38:58.189] [info]   旋转 RPY: (88.0299, -88.5405, -31.0062) deg
[15:38:58.189] [info]   平移 XYZ: (0.1230, 0.0399, -0.0527) m
[15:38:58.219] [debug] [ManualAdjust] 旋转增量 RPY=(0.100, 0.000, 0.000)deg
[15:38:58.219] [info] [ManualAdjust] 当前外参 [lidar_front→cam_left]:
[15:38:58.219] [info]   旋转 RPY: (88.1299, -88.5405, -31.0062) deg
[15:38:58.219] [info]   平移 XYZ: (0.1230, 0.0399, -0.0527) m
[15:38:58.249] [debug] [ManualAdjust] 旋转增量 RPY=(0.100, 0.000, 0.000)deg
[15:38:58.249] [info] [ManualAdjust] 当前外参 [lidar_front→cam_left]:
[15:38:58.249] [info]   旋转 RPY: (88.2299, -88.5405, -31.0062) deg
[15:38:58.249] [info]   平移 XYZ: (0.1230, 0.0399, -0.0527) m
[15:38:58.279] [debug] [ManualAdjust] 旋转增量 RPY=(0.100, 0.000, 0.000)deg
[15:38:58.279] [info] [ManualAdjust] 当前外参 [lidar_front→cam_left]:
[15:38:58.279] [info]   旋转 RPY: (88.3299, -88.5405, -31.0062) deg
[15:38:58.279] [info]   平移 XYZ: (0.1230, 0.0399, -0.0527) m
[15:38:58.310] [debug] [ManualAdjust] 旋转增量 RPY=(0.100, 0.000, 0.000)deg
[15:38:58.310] [info] [ManualAdjust] 当前外参 [lidar_front→cam_left]:
[15:38:58.310] [info]   旋转 RPY: (88.4299, -88.5405, -31.0062) deg
[15:38:58.310] [info]   平移 XYZ: (0.1230, 0.0399, -0.0527) m
[15:38:58.339] [debug] [ManualAdjust] 旋转增量 RPY=(0.100, 0.000, 0.000)deg
[15:38:58.339] [info] [ManualAdjust] 当前外参 [lidar_front→cam_left]:
[15:38:58.339] [info]   旋转 RPY: (88.5299, -88.5405, -31.0062) deg
[15:38:58.339] [info]   平移 XYZ: (0.1230, 0.0399, -0.0527) m
[15:38:58.369] [debug] [ManualAdjust] 旋转增量 RPY=(0.100, 0.000, 0.000)deg
[15:38:58.370] [info] [ManualAdjust] 当前外参 [lidar_front→cam_left]:
[15:38:58.370] [info]   旋转 RPY: (88.6299, -88.5405, -31.0062) deg
[15:38:58.370] [info]   平移 XYZ: (0.1230, 0.0399, -0.0527) m
[15:38:58.400] [debug] [ManualAdjust] 旋转增量 RPY=(0.100, 0.000, 0.000)deg
[15:38:58.400] [info] [ManualAdjust] 当前外参 [lidar_front→cam_left]:
[15:38:58.400] [info]   旋转 RPY: (88.7299, -88.5405, -31.0062) deg
[15:38:58.400] [info]   平移 XYZ: (0.1230, 0.0399, -0.0527) m
[15:38:58.430] [debug] [ManualAdjust] 旋转增量 RPY=(0.100, 0.000, 0.000)deg
[15:38:58.430] [info] [ManualAdjust] 当前外参 [lidar_front→cam_left]:
[15:38:58.430] [info]   旋转 RPY: (88.8299, -88.5405, -31.0062) deg
[15:38:58.430] [info]   平移 XYZ: (0.1230, 0.0399, -0.0527) m
[15:38:58.461] [debug] [ManualAdjust] 旋转增量 RPY=(0.100, 0.000, 0.000)deg
[15:38:58.461] [info] [ManualAdjust] 当前外参 [lidar_front→cam_left]:
[15:38:58.461] [info]   旋转 RPY: (88.9299, -88.5405, -31.0062) deg
[15:38:58.461] [info]   平移 XYZ: (0.1230, 0.0399, -0.0527) m
[15:38:58.490] [debug] [ManualAdjust] 旋转增量 RPY=(0.100, 0.000, 0.000)deg
[15:38:58.490] [info] [ManualAdjust] 当前外参 [lidar_front→cam_left]:
[15:38:58.490] [info]   旋转 RPY: (89.0299, -88.5405, -31.0062) deg
[15:38:58.490] [info]   平移 XYZ: (0.1230, 0.0399, -0.0527) m
[15:38:58.520] [debug] [ManualAdjust] 旋转增量 RPY=(0.100, 0.000, 0.000)deg
[15:38:58.520] [info] [ManualAdjust] 当前外参 [lidar_front→cam_left]:
[15:38:58.520] [info]   旋转 RPY: (89.1299, -88.5405, -31.0062) deg
[15:38:58.520] [info]   平移 XYZ: (0.1230, 0.0399, -0.0527) m
[15:38:58.550] [debug] [ManualAdjust] 旋转增量 RPY=(0.100, 0.000, 0.000)deg
[15:38:58.550] [info] [ManualAdjust] 当前外参 [lidar_front→cam_left]:
[15:38:58.550] [info]   旋转 RPY: (89.2299, -88.5405, -31.0062) deg
[15:38:58.550] [info]   平移 XYZ: (0.1230, 0.0399, -0.0527) m
[15:38:58.580] [debug] [ManualAdjust] 旋转增量 RPY=(0.100, 0.000, 0.000)deg
[15:38:58.580] [info] [ManualAdjust] 当前外参 [lidar_front→cam_left]:
[15:38:58.580] [info]   旋转 RPY: (89.3299, -88.5405, -31.0062) deg
[15:38:58.580] [info]   平移 XYZ: (0.1230, 0.0399, -0.0527) m
[15:38:58.611] [debug] [ManualAdjust] 旋转增量 RPY=(0.100, 0.000, 0.000)deg
[15:38:58.611] [info] [ManualAdjust] 当前外参 [lidar_front→cam_left]:
[15:38:58.611] [info]   旋转 RPY: (89.4299, -88.5405, -31.0062) deg
[15:38:58.611] [info]   平移 XYZ: (0.1230, 0.0399, -0.0527) m
[15:38:58.641] [debug] [ManualAdjust] 旋转增量 RPY=(0.100, 0.000, 0.000)deg
[15:38:58.641] [info] [ManualAdjust] 当前外参 [lidar_front→cam_left]:
[15:38:58.641] [info]   旋转 RPY: (89.5299, -88.5405, -31.0062) deg
[15:38:58.641] [info]   平移 XYZ: (0.1230, 0.0399, -0.0527) m
[15:38:58.670] [debug] [ManualAdjust] 旋转增量 RPY=(0.100, 0.000, 0.000)deg
[15:38:58.671] [info] [ManualAdjust] 当前外参 [lidar_front→cam_left]:
[15:38:58.671] [info]   旋转 RPY: (89.6299, -88.5405, -31.0062) deg
[15:38:58.671] [info]   平移 XYZ: (0.1230, 0.0399, -0.0527) m
[15:38:58.701] [debug] [ManualAdjust] 旋转增量 RPY=(0.100, 0.000, 0.000)deg
[15:38:58.701] [info] [ManualAdjust] 当前外参 [lidar_front→cam_left]:
[15:38:58.701] [info]   旋转 RPY: (89.7299, -88.5405, -31.0062) deg
[15:38:58.701] [info]   平移 XYZ: (0.1230, 0.0399, -0.0527) m
[15:38:58.730] [debug] [ManualAdjust] 旋转增量 RPY=(0.100, 0.000, 0.000)deg
[15:38:58.730] [info] [ManualAdjust] 当前外参 [lidar_front→cam_left]:
[15:38:58.730] [info]   旋转 RPY: (89.8299, -88.5405, -31.0062) deg
[15:38:58.730] [info]   平移 XYZ: (0.1230, 0.0399, -0.0527) m
[15:38:58.761] [debug] [ManualAdjust] 旋转增量 RPY=(0.100, 0.000, 0.000)deg
[15:38:58.761] [info] [ManualAdjust] 当前外参 [lidar_front→cam_left]:
[15:38:58.761] [info]   旋转 RPY: (89.9299, -88.5405, -31.0062) deg
[15:38:58.761] [info]   平移 XYZ: (0.1230, 0.0399, -0.0527) m
[15:38:58.791] [debug] [ManualAdjust] 旋转增量 RPY=(0.100, 0.000, 0.000)deg
[15:38:58.791] [info] [ManualAdjust] 当前外参 [lidar_front→cam_left]:
[15:38:58.791] [info]   旋转 RPY: (90.0299, -88.5405, -31.0062) deg
[15:38:58.791] [info]   平移 XYZ: (0.1230, 0.0399, -0.0527) m
[15:38:58.821] [debug] [ManualAdjust] 旋转增量 RPY=(0.100, 0.000, 0.000)deg
[15:38:58.821] [info] [ManualAdjust] 当前外参 [lidar_front→cam_left]:
[15:38:58.821] [info]   旋转 RPY: (90.1299, -88.5405, -31.0062) deg
[15:38:58.821] [info]   平移 XYZ: (0.1230, 0.0399, -0.0527) m
[15:38:58.851] [debug] [ManualAdjust] 旋转增量 RPY=(0.100, 0.000, 0.000)deg
[15:38:58.851] [info] [ManualAdjust] 当前外参 [lidar_front→cam_left]:
[15:38:58.851] [info]   旋转 RPY: (90.2299, -88.5405, -31.0062) deg
[15:38:58.851] [info]   平移 XYZ: (0.1230, 0.0399, -0.0527) m
[15:38:58.882] [debug] [ManualAdjust] 旋转增量 RPY=(0.100, 0.000, 0.000)deg
[15:38:58.882] [info] [ManualAdjust] 当前外参 [lidar_front→cam_left]:
[15:38:58.882] [info]   旋转 RPY: (90.3299, -88.5405, -31.0062) deg
[15:38:58.882] [info]   平移 XYZ: (0.1230, 0.0399, -0.0527) m
[15:38:58.912] [debug] [ManualAdjust] 旋转增量 RPY=(0.100, 0.000, 0.000)deg
[15:38:58.912] [info] [ManualAdjust] 当前外参 [lidar_front→cam_left]:
[15:38:58.912] [info]   旋转 RPY: (90.4299, -88.5405, -31.0062) deg
[15:38:58.912] [info]   平移 XYZ: (0.1230, 0.0399, -0.0527) m
[15:38:58.943] [debug] [ManualAdjust] 旋转增量 RPY=(0.100, 0.000, 0.000)deg
[15:38:58.944] [info] [ManualAdjust] 当前外参 [lidar_front→cam_left]:
[15:38:58.944] [info]   旋转 RPY: (90.5299, -88.5405, -31.0062) deg
[15:38:58.944] [info]   平移 XYZ: (0.1230, 0.0399, -0.0527) m
[15:38:58.974] [debug] [ManualAdjust] 旋转增量 RPY=(0.100, 0.000, 0.000)deg
[15:38:58.974] [info] [ManualAdjust] 当前外参 [lidar_front→cam_left]:
[15:38:58.974] [info]   旋转 RPY: (90.6299, -88.5405, -31.0062) deg
[15:38:58.974] [info]   平移 XYZ: (0.1230, 0.0399, -0.0527) m
[15:38:59.004] [debug] [ManualAdjust] 旋转增量 RPY=(0.100, 0.000, 0.000)deg
[15:38:59.004] [info] [ManualAdjust] 当前外参 [lidar_front→cam_left]:
[15:38:59.004] [info]   旋转 RPY: (90.7299, -88.5405, -31.0062) deg
[15:38:59.004] [info]   平移 XYZ: (0.1230, 0.0399, -0.0527) m
[15:38:59.034] [debug] [ManualAdjust] 旋转增量 RPY=(0.100, 0.000, 0.000)deg
[15:38:59.034] [info] [ManualAdjust] 当前外参 [lidar_front→cam_left]:
[15:38:59.034] [info]   旋转 RPY: (90.8299, -88.5405, -31.0062) deg
[15:38:59.034] [info]   平移 XYZ: (0.1230, 0.0399, -0.0527) m
[15:38:59.064] [debug] [ManualAdjust] 旋转增量 RPY=(0.100, 0.000, 0.000)deg
[15:38:59.064] [info] [ManualAdjust] 当前外参 [lidar_front→cam_left]:
[15:38:59.064] [info]   旋转 RPY: (90.9299, -88.5405, -31.0062) deg
[15:38:59.064] [info]   平移 XYZ: (0.1230, 0.0399, -0.0527) m
[15:38:59.095] [debug] [ManualAdjust] 旋转增量 RPY=(0.100, 0.000, 0.000)deg
[15:38:59.095] [info] [ManualAdjust] 当前外参 [lidar_front→cam_left]:
[15:38:59.095] [info]   旋转 RPY: (91.0299, -88.5405, -31.0062) deg
[15:38:59.095] [info]   平移 XYZ: (0.1230, 0.0399, -0.0527) m
[15:38:59.125] [debug] [ManualAdjust] 旋转增量 RPY=(0.100, 0.000, 0.000)deg
[15:38:59.125] [info] [ManualAdjust] 当前外参 [lidar_front→cam_left]:
[15:38:59.125] [info]   旋转 RPY: (91.1299, -88.5405, -31.0062) deg
[15:38:59.125] [info]   平移 XYZ: (0.1230, 0.0399, -0.0527) m
[15:38:59.155] [debug] [ManualAdjust] 旋转增量 RPY=(0.100, 0.000, 0.000)deg
[15:38:59.155] [info] [ManualAdjust] 当前外参 [lidar_front→cam_left]:
[15:38:59.155] [info]   旋转 RPY: (91.2299, -88.5405, -31.0062) deg
[15:38:59.155] [info]   平移 XYZ: (0.1230, 0.0399, -0.0527) m
[15:38:59.185] [debug] [ManualAdjust] 旋转增量 RPY=(0.100, 0.000, 0.000)deg
[15:38:59.185] [info] [ManualAdjust] 当前外参 [lidar_front→cam_left]:
[15:38:59.185] [info]   旋转 RPY: (91.3299, -88.5405, -31.0062) deg
[15:38:59.185] [info]   平移 XYZ: (0.1230, 0.0399, -0.0527) m
[15:38:59.215] [debug] [ManualAdjust] 旋转增量 RPY=(0.100, 0.000, 0.000)deg
[15:38:59.215] [info] [ManualAdjust] 当前外参 [lidar_front→cam_left]:
[15:38:59.215] [info]   旋转 RPY: (91.4299, -88.5405, -31.0062) deg
[15:38:59.215] [info]   平移 XYZ: (0.1230, 0.0399, -0.0527) m
[15:38:59.244] [debug] [ManualAdjust] 旋转增量 RPY=(0.100, 0.000, 0.000)deg
[15:38:59.245] [info] [ManualAdjust] 当前外参 [lidar_front→cam_left]:
[15:38:59.245] [info]   旋转 RPY: (91.5299, -88.5405, -31.0062) deg
[15:38:59.245] [info]   平移 XYZ: (0.1230, 0.0399, -0.0527) m
[15:38:59.275] [debug] [ManualAdjust] 旋转增量 RPY=(0.100, 0.000, 0.000)deg
[15:38:59.275] [info] [ManualAdjust] 当前外参 [lidar_front→cam_left]:
[15:38:59.275] [info]   旋转 RPY: (91.6299, -88.5405, -31.0062) deg
[15:38:59.275] [info]   平移 XYZ: (0.1230, 0.0399, -0.0527) m
[15:38:59.306] [debug] [ManualAdjust] 旋转增量 RPY=(0.100, 0.000, 0.000)deg
[15:38:59.306] [info] [ManualAdjust] 当前外参 [lidar_front→cam_left]:
[15:38:59.306] [info]   旋转 RPY: (91.7299, -88.5405, -31.0062) deg
[15:38:59.306] [info]   平移 XYZ: (0.1230, 0.0399, -0.0527) m
[15:38:59.335] [debug] [ManualAdjust] 旋转增量 RPY=(0.100, 0.000, 0.000)deg
[15:38:59.335] [info] [ManualAdjust] 当前外参 [lidar_front→cam_left]:
[15:38:59.335] [info]   旋转 RPY: (91.8299, -88.5405, -31.0062) deg
[15:38:59.335] [info]   平移 XYZ: (0.1230, 0.0399, -0.0527) m
[15:38:59.366] [debug] [ManualAdjust] 旋转增量 RPY=(0.100, 0.000, 0.000)deg
[15:38:59.366] [info] [ManualAdjust] 当前外参 [lidar_front→cam_left]:
[15:38:59.366] [info]   旋转 RPY: (91.9299, -88.5405, -31.0062) deg
[15:38:59.366] [info]   平移 XYZ: (0.1230, 0.0399, -0.0527) m
[15:38:59.396] [debug] [ManualAdjust] 旋转增量 RPY=(0.100, 0.000, 0.000)deg
[15:38:59.396] [info] [ManualAdjust] 当前外参 [lidar_front→cam_left]:
[15:38:59.396] [info]   旋转 RPY: (92.0299, -88.5405, -31.0062) deg
[15:38:59.396] [info]   平移 XYZ: (0.1230, 0.0399, -0.0527) m
[15:38:59.426] [debug] [ManualAdjust] 旋转增量 RPY=(0.100, 0.000, 0.000)deg
[15:38:59.426] [info] [ManualAdjust] 当前外参 [lidar_front→cam_left]:
[15:38:59.426] [info]   旋转 RPY: (92.1299, -88.5405, -31.0062) deg
[15:38:59.426] [info]   平移 XYZ: (0.1230, 0.0399, -0.0527) m
[15:38:59.455] [debug] [ManualAdjust] 旋转增量 RPY=(0.100, 0.000, 0.000)deg
[15:38:59.455] [info] [ManualAdjust] 当前外参 [lidar_front→cam_left]:
[15:38:59.456] [info]   旋转 RPY: (92.2299, -88.5405, -31.0062) deg
[15:38:59.456] [info]   平移 XYZ: (0.1230, 0.0399, -0.0527) m
[15:38:59.486] [debug] [ManualAdjust] 旋转增量 RPY=(0.100, 0.000, 0.000)deg
[15:38:59.486] [info] [ManualAdjust] 当前外参 [lidar_front→cam_left]:
[15:38:59.486] [info]   旋转 RPY: (92.3299, -88.5405, -31.0062) deg
[15:38:59.486] [info]   平移 XYZ: (0.1230, 0.0399, -0.0527) m
[15:38:59.517] [debug] [ManualAdjust] 旋转增量 RPY=(0.100, 0.000, 0.000)deg
[15:38:59.517] [info] [ManualAdjust] 当前外参 [lidar_front→cam_left]:
[15:38:59.517] [info]   旋转 RPY: (92.4299, -88.5405, -31.0062) deg
[15:38:59.517] [info]   平移 XYZ: (0.1230, 0.0399, -0.0527) m
[15:38:59.547] [debug] [ManualAdjust] 旋转增量 RPY=(0.100, 0.000, 0.000)deg
[15:38:59.547] [info] [ManualAdjust] 当前外参 [lidar_front→cam_left]:
[15:38:59.547] [info]   旋转 RPY: (92.5299, -88.5405, -31.0062) deg
[15:38:59.547] [info]   平移 XYZ: (0.1230, 0.0399, -0.0527) m
[15:38:59.578] [debug] [ManualAdjust] 旋转增量 RPY=(0.100, 0.000, 0.000)deg
[15:38:59.578] [info] [ManualAdjust] 当前外参 [lidar_front→cam_left]:
[15:38:59.578] [info]   旋转 RPY: (92.6299, -88.5405, -31.0062) deg
[15:38:59.578] [info]   平移 XYZ: (0.1230, 0.0399, -0.0527) m
[15:38:59.607] [debug] [ManualAdjust] 旋转增量 RPY=(0.100, 0.000, 0.000)deg
[15:38:59.607] [info] [ManualAdjust] 当前外参 [lidar_front→cam_left]:
[15:38:59.607] [info]   旋转 RPY: (92.7299, -88.5405, -31.0062) deg
[15:38:59.607] [info]   平移 XYZ: (0.1230, 0.0399, -0.0527) m
[15:38:59.637] [debug] [ManualAdjust] 旋转增量 RPY=(0.100, 0.000, 0.000)deg
[15:38:59.637] [info] [ManualAdjust] 当前外参 [lidar_front→cam_left]:
[15:38:59.637] [info]   旋转 RPY: (92.8299, -88.5405, -31.0062) deg
[15:38:59.637] [info]   平移 XYZ: (0.1230, 0.0399, -0.0527) m
[15:38:59.668] [debug] [ManualAdjust] 旋转增量 RPY=(0.100, 0.000, 0.000)deg
[15:38:59.668] [info] [ManualAdjust] 当前外参 [lidar_front→cam_left]:
[15:38:59.668] [info]   旋转 RPY: (92.9299, -88.5405, -31.0062) deg
[15:38:59.668] [info]   平移 XYZ: (0.1230, 0.0399, -0.0527) m
[15:38:59.698] [debug] [ManualAdjust] 旋转增量 RPY=(0.100, 0.000, 0.000)deg
[15:38:59.698] [info] [ManualAdjust] 当前外参 [lidar_front→cam_left]:
[15:38:59.698] [info]   旋转 RPY: (93.0299, -88.5405, -31.0062) deg
[15:38:59.698] [info]   平移 XYZ: (0.1230, 0.0399, -0.0527) m
[15:38:59.728] [debug] [ManualAdjust] 旋转增量 RPY=(0.100, 0.000, 0.000)deg
[15:38:59.729] [info] [ManualAdjust] 当前外参 [lidar_front→cam_left]:
[15:38:59.729] [info]   旋转 RPY: (93.1299, -88.5405, -31.0062) deg
[15:38:59.729] [info]   平移 XYZ: (0.1230, 0.0399, -0.0527) m
[15:38:59.759] [debug] [ManualAdjust] 旋转增量 RPY=(0.100, 0.000, 0.000)deg
[15:38:59.759] [info] [ManualAdjust] 当前外参 [lidar_front→cam_left]:
[15:38:59.759] [info]   旋转 RPY: (93.2299, -88.5405, -31.0062) deg
[15:38:59.759] [info]   平移 XYZ: (0.1230, 0.0399, -0.0527) m
[15:38:59.789] [debug] [ManualAdjust] 旋转增量 RPY=(0.100, 0.000, 0.000)deg
[15:38:59.789] [info] [ManualAdjust] 当前外参 [lidar_front→cam_left]:
[15:38:59.789] [info]   旋转 RPY: (93.3299, -88.5405, -31.0062) deg
[15:38:59.789] [info]   平移 XYZ: (0.1230, 0.0399, -0.0527) m
[15:38:59.819] [debug] [ManualAdjust] 旋转增量 RPY=(0.100, 0.000, 0.000)deg
[15:38:59.819] [info] [ManualAdjust] 当前外参 [lidar_front→cam_left]:
[15:38:59.819] [info]   旋转 RPY: (93.4299, -88.5405, -31.0062) deg
[15:38:59.819] [info]   平移 XYZ: (0.1230, 0.0399, -0.0527) m
[15:38:59.849] [debug] [ManualAdjust] 旋转增量 RPY=(0.100, 0.000, 0.000)deg
[15:38:59.849] [info] [ManualAdjust] 当前外参 [lidar_front→cam_left]:
[15:38:59.849] [info]   旋转 RPY: (93.5299, -88.5405, -31.0062) deg
[15:38:59.849] [info]   平移 XYZ: (0.1230, 0.0399, -0.0527) m
[15:38:59.879] [debug] [ManualAdjust] 旋转增量 RPY=(0.100, 0.000, 0.000)deg
[15:38:59.879] [info] [ManualAdjust] 当前外参 [lidar_front→cam_left]:
[15:38:59.879] [info]   旋转 RPY: (93.6299, -88.5405, -31.0062) deg
[15:38:59.879] [info]   平移 XYZ: (0.1230, 0.0399, -0.0527) m
[15:38:59.910] [debug] [ManualAdjust] 旋转增量 RPY=(0.100, 0.000, 0.000)deg
[15:38:59.910] [info] [ManualAdjust] 当前外参 [lidar_front→cam_left]:
[15:38:59.910] [info]   旋转 RPY: (93.7299, -88.5405, -31.0062) deg
[15:38:59.910] [info]   平移 XYZ: (0.1230, 0.0399, -0.0527) m
[15:38:59.939] [debug] [ManualAdjust] 旋转增量 RPY=(0.100, 0.000, 0.000)deg
[15:38:59.939] [info] [ManualAdjust] 当前外参 [lidar_front→cam_left]:
[15:38:59.939] [info]   旋转 RPY: (93.8299, -88.5405, -31.0062) deg
[15:38:59.939] [info]   平移 XYZ: (0.1230, 0.0399, -0.0527) m
[15:38:59.970] [debug] [ManualAdjust] 旋转增量 RPY=(0.100, 0.000, 0.000)deg
[15:38:59.970] [info] [ManualAdjust] 当前外参 [lidar_front→cam_left]:
[15:38:59.970] [info]   旋转 RPY: (93.9299, -88.5405, -31.0062) deg
[15:38:59.970] [info]   平移 XYZ: (0.1230, 0.0399, -0.0527) m
[15:39:00.000] [debug] [ManualAdjust] 旋转增量 RPY=(0.100, 0.000, 0.000)deg
[15:39:00.000] [info] [ManualAdjust] 当前外参 [lidar_front→cam_left]:
[15:39:00.000] [info]   旋转 RPY: (94.0299, -88.5405, -31.0062) deg
[15:39:00.000] [info]   平移 XYZ: (0.1230, 0.0399, -0.0527) m
[15:39:00.030] [debug] [ManualAdjust] 旋转增量 RPY=(0.100, 0.000, 0.000)deg
[15:39:00.030] [info] [ManualAdjust] 当前外参 [lidar_front→cam_left]:
[15:39:00.030] [info]   旋转 RPY: (94.1299, -88.5405, -31.0062) deg
[15:39:00.030] [info]   平移 XYZ: (0.1230, 0.0399, -0.0527) m
[15:39:00.060] [debug] [ManualAdjust] 旋转增量 RPY=(0.100, 0.000, 0.000)deg
[15:39:00.060] [info] [ManualAdjust] 当前外参 [lidar_front→cam_left]:
[15:39:00.060] [info]   旋转 RPY: (94.2299, -88.5405, -31.0062) deg
[15:39:00.060] [info]   平移 XYZ: (0.1230, 0.0399, -0.0527) m
[15:39:00.091] [debug] [ManualAdjust] 旋转增量 RPY=(0.100, 0.000, 0.000)deg
[15:39:00.091] [info] [ManualAdjust] 当前外参 [lidar_front→cam_left]:
[15:39:00.091] [info]   旋转 RPY: (94.3299, -88.5405, -31.0062) deg
[15:39:00.091] [info]   平移 XYZ: (0.1230, 0.0399, -0.0527) m
[15:39:00.122] [debug] [ManualAdjust] 旋转增量 RPY=(0.100, 0.000, 0.000)deg
[15:39:00.122] [info] [ManualAdjust] 当前外参 [lidar_front→cam_left]:
[15:39:00.122] [info]   旋转 RPY: (94.4299, -88.5405, -31.0062) deg
[15:39:00.122] [info]   平移 XYZ: (0.1230, 0.0399, -0.0527) m
[15:39:00.153] [debug] [ManualAdjust] 旋转增量 RPY=(0.100, 0.000, 0.000)deg
[15:39:00.153] [info] [ManualAdjust] 当前外参 [lidar_front→cam_left]:
[15:39:00.153] [info]   旋转 RPY: (94.5299, -88.5405, -31.0062) deg
[15:39:00.153] [info]   平移 XYZ: (0.1230, 0.0399, -0.0527) m
[15:39:00.183] [debug] [ManualAdjust] 旋转增量 RPY=(0.100, 0.000, 0.000)deg
[15:39:00.183] [info] [ManualAdjust] 当前外参 [lidar_front→cam_left]:
[15:39:00.183] [info]   旋转 RPY: (94.6299, -88.5405, -31.0062) deg
[15:39:00.183] [info]   平移 XYZ: (0.1230, 0.0399, -0.0527) m
[15:39:00.212] [debug] [ManualAdjust] 旋转增量 RPY=(0.100, 0.000, 0.000)deg
[15:39:00.212] [info] [ManualAdjust] 当前外参 [lidar_front→cam_left]:
[15:39:00.212] [info]   旋转 RPY: (94.7299, -88.5405, -31.0062) deg
[15:39:00.212] [info]   平移 XYZ: (0.1230, 0.0399, -0.0527) m
[15:39:00.243] [debug] [ManualAdjust] 旋转增量 RPY=(0.100, 0.000, 0.000)deg
[15:39:00.243] [info] [ManualAdjust] 当前外参 [lidar_front→cam_left]:
[15:39:00.243] [info]   旋转 RPY: (94.8299, -88.5405, -31.0062) deg
[15:39:00.243] [info]   平移 XYZ: (0.1230, 0.0399, -0.0527) m
[15:39:00.274] [debug] [ManualAdjust] 旋转增量 RPY=(0.100, 0.000, 0.000)deg
[15:39:00.274] [info] [ManualAdjust] 当前外参 [lidar_front→cam_left]:
[15:39:00.274] [info]   旋转 RPY: (94.9299, -88.5405, -31.0062) deg
[15:39:00.274] [info]   平移 XYZ: (0.1230, 0.0399, -0.0527) m
[15:39:00.304] [debug] [ManualAdjust] 旋转增量 RPY=(0.100, 0.000, 0.000)deg
[15:39:00.304] [info] [ManualAdjust] 当前外参 [lidar_front→cam_left]:
[15:39:00.304] [info]   旋转 RPY: (95.0299, -88.5405, -31.0062) deg
[15:39:00.304] [info]   平移 XYZ: (0.1230, 0.0399, -0.0527) m
[15:39:00.334] [debug] [ManualAdjust] 旋转增量 RPY=(0.100, 0.000, 0.000)deg
[15:39:00.334] [info] [ManualAdjust] 当前外参 [lidar_front→cam_left]:
[15:39:00.334] [info]   旋转 RPY: (95.1299, -88.5405, -31.0062) deg
[15:39:00.334] [info]   平移 XYZ: (0.1230, 0.0399, -0.0527) m
[15:39:00.363] [debug] [ManualAdjust] 旋转增量 RPY=(0.100, 0.000, 0.000)deg
[15:39:00.363] [info] [ManualAdjust] 当前外参 [lidar_front→cam_left]:
[15:39:00.363] [info]   旋转 RPY: (95.2299, -88.5405, -31.0062) deg
[15:39:00.363] [info]   平移 XYZ: (0.1230, 0.0399, -0.0527) m
[15:39:00.393] [debug] [ManualAdjust] 旋转增量 RPY=(0.100, 0.000, 0.000)deg
[15:39:00.393] [info] [ManualAdjust] 当前外参 [lidar_front→cam_left]:
[15:39:00.393] [info]   旋转 RPY: (95.3299, -88.5405, -31.0062) deg
[15:39:00.393] [info]   平移 XYZ: (0.1230, 0.0399, -0.0527) m
[15:39:00.424] [debug] [ManualAdjust] 旋转增量 RPY=(0.100, 0.000, 0.000)deg
[15:39:00.424] [info] [ManualAdjust] 当前外参 [lidar_front→cam_left]:
[15:39:00.424] [info]   旋转 RPY: (95.4299, -88.5405, -31.0062) deg
[15:39:00.424] [info]   平移 XYZ: (0.1230, 0.0399, -0.0527) m
[15:39:00.453] [debug] [ManualAdjust] 旋转增量 RPY=(0.100, 0.000, 0.000)deg
[15:39:00.453] [info] [ManualAdjust] 当前外参 [lidar_front→cam_left]:
[15:39:00.453] [info]   旋转 RPY: (95.5299, -88.5405, -31.0062) deg
[15:39:00.453] [info]   平移 XYZ: (0.1230, 0.0399, -0.0527) m
[15:39:00.484] [debug] [ManualAdjust] 旋转增量 RPY=(0.100, 0.000, 0.000)deg
[15:39:00.484] [info] [ManualAdjust] 当前外参 [lidar_front→cam_left]:
[15:39:00.484] [info]   旋转 RPY: (95.6299, -88.5405, -31.0062) deg
[15:39:00.484] [info]   平移 XYZ: (0.1230, 0.0399, -0.0527) m
[15:39:00.514] [debug] [ManualAdjust] 旋转增量 RPY=(0.100, 0.000, 0.000)deg
[15:39:00.514] [info] [ManualAdjust] 当前外参 [lidar_front→cam_left]:
[15:39:00.514] [info]   旋转 RPY: (95.7299, -88.5405, -31.0062) deg
[15:39:00.514] [info]   平移 XYZ: (0.1230, 0.0399, -0.0527) m
[15:39:00.544] [debug] [ManualAdjust] 旋转增量 RPY=(0.100, 0.000, 0.000)deg
[15:39:00.544] [info] [ManualAdjust] 当前外参 [lidar_front→cam_left]:
[15:39:00.544] [info]   旋转 RPY: (95.8299, -88.5405, -31.0062) deg
[15:39:00.544] [info]   平移 XYZ: (0.1230, 0.0399, -0.0527) m
[15:39:00.575] [debug] [ManualAdjust] 旋转增量 RPY=(0.100, 0.000, 0.000)deg
[15:39:00.575] [info] [ManualAdjust] 当前外参 [lidar_front→cam_left]:
[15:39:00.575] [info]   旋转 RPY: (95.9299, -88.5405, -31.0062) deg
[15:39:00.575] [info]   平移 XYZ: (0.1230, 0.0399, -0.0527) m
[15:39:00.606] [debug] [ManualAdjust] 旋转增量 RPY=(0.100, 0.000, 0.000)deg
[15:39:00.606] [info] [ManualAdjust] 当前外参 [lidar_front→cam_left]:
[15:39:00.606] [info]   旋转 RPY: (96.0299, -88.5405, -31.0062) deg
[15:39:00.606] [info]   平移 XYZ: (0.1230, 0.0399, -0.0527) m
[15:39:00.636] [debug] [ManualAdjust] 旋转增量 RPY=(0.100, 0.000, 0.000)deg
[15:39:00.636] [info] [ManualAdjust] 当前外参 [lidar_front→cam_left]:
[15:39:00.636] [info]   旋转 RPY: (96.1299, -88.5405, -31.0062) deg
[15:39:00.636] [info]   平移 XYZ: (0.1230, 0.0399, -0.0527) m
[15:39:00.666] [debug] [ManualAdjust] 旋转增量 RPY=(0.100, 0.000, 0.000)deg
[15:39:00.666] [info] [ManualAdjust] 当前外参 [lidar_front→cam_left]:
[15:39:00.666] [info]   旋转 RPY: (96.2299, -88.5405, -31.0062) deg
[15:39:00.666] [info]   平移 XYZ: (0.1230, 0.0399, -0.0527) m
[15:39:00.697] [debug] [ManualAdjust] 旋转增量 RPY=(0.100, 0.000, 0.000)deg
[15:39:00.697] [info] [ManualAdjust] 当前外参 [lidar_front→cam_left]:
[15:39:00.697] [info]   旋转 RPY: (96.3299, -88.5405, -31.0062) deg
[15:39:00.697] [info]   平移 XYZ: (0.1230, 0.0399, -0.0527) m
[15:39:00.725] [debug] [ManualAdjust] 旋转增量 RPY=(0.100, 0.000, 0.000)deg
[15:39:00.725] [info] [ManualAdjust] 当前外参 [lidar_front→cam_left]:
[15:39:00.725] [info]   旋转 RPY: (96.4299, -88.5405, -31.0062) deg
[15:39:00.725] [info]   平移 XYZ: (0.1230, 0.0399, -0.0527) m
[15:39:00.756] [debug] [ManualAdjust] 旋转增量 RPY=(0.100, 0.000, 0.000)deg
[15:39:00.756] [info] [ManualAdjust] 当前外参 [lidar_front→cam_left]:
[15:39:00.756] [info]   旋转 RPY: (96.5299, -88.5405, -31.0062) deg
[15:39:00.756] [info]   平移 XYZ: (0.1230, 0.0399, -0.0527) m
[15:39:00.785] [debug] [ManualAdjust] 旋转增量 RPY=(0.100, 0.000, 0.000)deg
[15:39:00.785] [info] [ManualAdjust] 当前外参 [lidar_front→cam_left]:
[15:39:00.785] [info]   旋转 RPY: (96.6299, -88.5405, -31.0062) deg
[15:39:00.785] [info]   平移 XYZ: (0.1230, 0.0399, -0.0527) m
[15:39:00.816] [debug] [ManualAdjust] 旋转增量 RPY=(0.100, 0.000, 0.000)deg
[15:39:00.816] [info] [ManualAdjust] 当前外参 [lidar_front→cam_left]:
[15:39:00.816] [info]   旋转 RPY: (96.7299, -88.5405, -31.0062) deg
[15:39:00.816] [info]   平移 XYZ: (0.1230, 0.0399, -0.0527) m
[15:39:00.846] [debug] [ManualAdjust] 旋转增量 RPY=(0.100, 0.000, 0.000)deg
[15:39:00.846] [info] [ManualAdjust] 当前外参 [lidar_front→cam_left]:
[15:39:00.846] [info]   旋转 RPY: (96.8299, -88.5405, -31.0062) deg
[15:39:00.846] [info]   平移 XYZ: (0.1230, 0.0399, -0.0527) m
[15:39:00.877] [debug] [ManualAdjust] 旋转增量 RPY=(0.100, 0.000, 0.000)deg
[15:39:00.877] [info] [ManualAdjust] 当前外参 [lidar_front→cam_left]:
[15:39:00.877] [info]   旋转 RPY: (96.9299, -88.5405, -31.0062) deg
[15:39:00.877] [info]   平移 XYZ: (0.1230, 0.0399, -0.0527) m
[15:39:00.908] [debug] [ManualAdjust] 旋转增量 RPY=(0.100, 0.000, 0.000)deg
[15:39:00.908] [info] [ManualAdjust] 当前外参 [lidar_front→cam_left]:
[15:39:00.908] [info]   旋转 RPY: (97.0299, -88.5405, -31.0062) deg
[15:39:00.908] [info]   平移 XYZ: (0.1230, 0.0399, -0.0527) m
[15:39:00.937] [debug] [ManualAdjust] 旋转增量 RPY=(0.100, 0.000, 0.000)deg
[15:39:00.937] [info] [ManualAdjust] 当前外参 [lidar_front→cam_left]:
[15:39:00.937] [info]   旋转 RPY: (97.1299, -88.5405, -31.0062) deg
[15:39:00.937] [info]   平移 XYZ: (0.1230, 0.0399, -0.0527) m
[15:39:00.968] [debug] [ManualAdjust] 旋转增量 RPY=(0.100, 0.000, 0.000)deg
[15:39:00.968] [info] [ManualAdjust] 当前外参 [lidar_front→cam_left]:
[15:39:00.968] [info]   旋转 RPY: (97.2299, -88.5405, -31.0062) deg
[15:39:00.968] [info]   平移 XYZ: (0.1230, 0.0399, -0.0527) m
[15:39:00.998] [debug] [ManualAdjust] 旋转增量 RPY=(0.100, 0.000, 0.000)deg
[15:39:00.998] [info] [ManualAdjust] 当前外参 [lidar_front→cam_left]:
[15:39:00.998] [info]   旋转 RPY: (97.3299, -88.5405, -31.0062) deg
[15:39:00.998] [info]   平移 XYZ: (0.1230, 0.0399, -0.0527) m
[15:39:01.028] [debug] [ManualAdjust] 旋转增量 RPY=(0.100, 0.000, 0.000)deg
[15:39:01.028] [info] [ManualAdjust] 当前外参 [lidar_front→cam_left]:
[15:39:01.028] [info]   旋转 RPY: (97.4299, -88.5405, -31.0062) deg
[15:39:01.028] [info]   平移 XYZ: (0.1230, 0.0399, -0.0527) m
[15:39:01.058] [debug] [ManualAdjust] 旋转增量 RPY=(0.100, 0.000, 0.000)deg
[15:39:01.058] [info] [ManualAdjust] 当前外参 [lidar_front→cam_left]:
[15:39:01.058] [info]   旋转 RPY: (97.5299, -88.5405, -31.0062) deg
[15:39:01.058] [info]   平移 XYZ: (0.1230, 0.0399, -0.0527) m
[15:39:01.088] [debug] [ManualAdjust] 旋转增量 RPY=(0.100, 0.000, 0.000)deg
[15:39:01.088] [info] [ManualAdjust] 当前外参 [lidar_front→cam_left]:
[15:39:01.088] [info]   旋转 RPY: (97.6299, -88.5405, -31.0062) deg
[15:39:01.088] [info]   平移 XYZ: (0.1230, 0.0399, -0.0527) m
[15:39:01.118] [debug] [ManualAdjust] 旋转增量 RPY=(0.100, 0.000, 0.000)deg
[15:39:01.118] [info] [ManualAdjust] 当前外参 [lidar_front→cam_left]:
[15:39:01.118] [info]   旋转 RPY: (97.7299, -88.5405, -31.0062) deg
[15:39:01.118] [info]   平移 XYZ: (0.1230, 0.0399, -0.0527) m
[15:39:01.148] [debug] [ManualAdjust] 旋转增量 RPY=(0.100, 0.000, 0.000)deg
[15:39:01.148] [info] [ManualAdjust] 当前外参 [lidar_front→cam_left]:
[15:39:01.148] [info]   旋转 RPY: (97.8299, -88.5405, -31.0062) deg
[15:39:01.148] [info]   平移 XYZ: (0.1230, 0.0399, -0.0527) m
[15:39:01.178] [debug] [ManualAdjust] 旋转增量 RPY=(0.100, 0.000, 0.000)deg
[15:39:01.178] [info] [ManualAdjust] 当前外参 [lidar_front→cam_left]:
[15:39:01.178] [info]   旋转 RPY: (97.9299, -88.5405, -31.0062) deg
[15:39:01.178] [info]   平移 XYZ: (0.1230, 0.0399, -0.0527) m
[15:39:01.208] [debug] [ManualAdjust] 旋转增量 RPY=(0.100, 0.000, 0.000)deg
[15:39:01.208] [info] [ManualAdjust] 当前外参 [lidar_front→cam_left]:
[15:39:01.208] [info]   旋转 RPY: (98.0299, -88.5405, -31.0062) deg
[15:39:01.208] [info]   平移 XYZ: (0.1230, 0.0399, -0.0527) m
[15:39:01.238] [debug] [ManualAdjust] 旋转增量 RPY=(0.100, 0.000, 0.000)deg
[15:39:01.238] [info] [ManualAdjust] 当前外参 [lidar_front→cam_left]:
[15:39:01.238] [info]   旋转 RPY: (98.1299, -88.5405, -31.0062) deg
[15:39:01.238] [info]   平移 XYZ: (0.1230, 0.0399, -0.0527) m
[15:39:01.269] [debug] [ManualAdjust] 旋转增量 RPY=(0.100, 0.000, 0.000)deg
[15:39:01.269] [info] [ManualAdjust] 当前外参 [lidar_front→cam_left]:
[15:39:01.269] [info]   旋转 RPY: (98.2299, -88.5405, -31.0062) deg
[15:39:01.269] [info]   平移 XYZ: (0.1230, 0.0399, -0.0527) m
[15:39:01.298] [debug] [ManualAdjust] 旋转增量 RPY=(0.100, 0.000, 0.000)deg
[15:39:01.299] [info] [ManualAdjust] 当前外参 [lidar_front→cam_left]:
[15:39:01.299] [info]   旋转 RPY: (98.3299, -88.5405, -31.0062) deg
[15:39:01.299] [info]   平移 XYZ: (0.1230, 0.0399, -0.0527) m
[15:39:01.328] [debug] [ManualAdjust] 旋转增量 RPY=(0.100, 0.000, 0.000)deg
[15:39:01.328] [info] [ManualAdjust] 当前外参 [lidar_front→cam_left]:
[15:39:01.329] [info]   旋转 RPY: (98.4299, -88.5405, -31.0062) deg
[15:39:01.329] [info]   平移 XYZ: (0.1230, 0.0399, -0.0527) m
[15:39:01.359] [debug] [ManualAdjust] 旋转增量 RPY=(0.100, 0.000, 0.000)deg
[15:39:01.359] [info] [ManualAdjust] 当前外参 [lidar_front→cam_left]:
[15:39:01.359] [info]   旋转 RPY: (98.5299, -88.5405, -31.0062) deg
[15:39:01.359] [info]   平移 XYZ: (0.1230, 0.0399, -0.0527) m
[15:39:01.389] [debug] [ManualAdjust] 旋转增量 RPY=(0.100, 0.000, 0.000)deg
[15:39:01.389] [info] [ManualAdjust] 当前外参 [lidar_front→cam_left]:
[15:39:01.389] [info]   旋转 RPY: (98.6299, -88.5405, -31.0062) deg
[15:39:01.389] [info]   平移 XYZ: (0.1230, 0.0399, -0.0527) m
[15:39:01.420] [debug] [ManualAdjust] 旋转增量 RPY=(0.100, 0.000, 0.000)deg
[15:39:01.420] [info] [ManualAdjust] 当前外参 [lidar_front→cam_left]:
[15:39:01.420] [info]   旋转 RPY: (98.7299, -88.5405, -31.0062) deg
[15:39:01.420] [info]   平移 XYZ: (0.1230, 0.0399, -0.0527) m
[15:39:01.449] [debug] [ManualAdjust] 旋转增量 RPY=(0.100, 0.000, 0.000)deg
[15:39:01.449] [info] [ManualAdjust] 当前外参 [lidar_front→cam_left]:
[15:39:01.449] [info]   旋转 RPY: (98.8299, -88.5405, -31.0062) deg
[15:39:01.449] [info]   平移 XYZ: (0.1230, 0.0399, -0.0527) m
[15:39:01.479] [debug] [ManualAdjust] 旋转增量 RPY=(0.100, 0.000, 0.000)deg
[15:39:01.479] [info] [ManualAdjust] 当前外参 [lidar_front→cam_left]:
[15:39:01.479] [info]   旋转 RPY: (98.9299, -88.5405, -31.0062) deg
[15:39:01.479] [info]   平移 XYZ: (0.1230, 0.0399, -0.0527) m
[15:39:01.510] [debug] [ManualAdjust] 旋转增量 RPY=(0.100, 0.000, 0.000)deg
[15:39:01.510] [info] [ManualAdjust] 当前外参 [lidar_front→cam_left]:
[15:39:01.510] [info]   旋转 RPY: (99.0299, -88.5405, -31.0062) deg
[15:39:01.510] [info]   平移 XYZ: (0.1230, 0.0399, -0.0527) m
[15:39:01.540] [debug] [ManualAdjust] 旋转增量 RPY=(0.100, 0.000, 0.000)deg
[15:39:01.540] [info] [ManualAdjust] 当前外参 [lidar_front→cam_left]:
[15:39:01.540] [info]   旋转 RPY: (99.1299, -88.5405, -31.0062) deg
[15:39:01.540] [info]   平移 XYZ: (0.1230, 0.0399, -0.0527) m
[15:39:01.571] [debug] [ManualAdjust] 旋转增量 RPY=(0.100, 0.000, 0.000)deg
[15:39:01.571] [info] [ManualAdjust] 当前外参 [lidar_front→cam_left]:
[15:39:01.571] [info]   旋转 RPY: (99.2299, -88.5405, -31.0062) deg
[15:39:01.571] [info]   平移 XYZ: (0.1230, 0.0399, -0.0527) m
[15:39:01.601] [debug] [ManualAdjust] 旋转增量 RPY=(0.100, 0.000, 0.000)deg
[15:39:01.601] [info] [ManualAdjust] 当前外参 [lidar_front→cam_left]:
[15:39:01.601] [info]   旋转 RPY: (99.3299, -88.5405, -31.0062) deg
[15:39:01.601] [info]   平移 XYZ: (0.1230, 0.0399, -0.0527) m
[15:39:01.631] [debug] [ManualAdjust] 旋转增量 RPY=(0.100, 0.000, 0.000)deg
[15:39:01.631] [info] [ManualAdjust] 当前外参 [lidar_front→cam_left]:
[15:39:01.631] [info]   旋转 RPY: (99.4299, -88.5405, -31.0062) deg
[15:39:01.631] [info]   平移 XYZ: (0.1230, 0.0399, -0.0527) m
[15:39:01.662] [debug] [ManualAdjust] 旋转增量 RPY=(0.100, 0.000, 0.000)deg
[15:39:01.662] [info] [ManualAdjust] 当前外参 [lidar_front→cam_left]:
[15:39:01.662] [info]   旋转 RPY: (99.5299, -88.5405, -31.0062) deg
[15:39:01.662] [info]   平移 XYZ: (0.1230, 0.0399, -0.0527) m
[15:39:01.692] [debug] [ManualAdjust] 旋转增量 RPY=(0.100, 0.000, 0.000)deg
[15:39:01.692] [info] [ManualAdjust] 当前外参 [lidar_front→cam_left]:
[15:39:01.692] [info]   旋转 RPY: (99.6299, -88.5405, -31.0062) deg
[15:39:01.692] [info]   平移 XYZ: (0.1230, 0.0399, -0.0527) m
[15:39:01.723] [debug] [ManualAdjust] 旋转增量 RPY=(0.100, 0.000, 0.000)deg
[15:39:01.723] [info] [ManualAdjust] 当前外参 [lidar_front→cam_left]:
[15:39:01.723] [info]   旋转 RPY: (99.7299, -88.5405, -31.0062) deg
[15:39:01.723] [info]   平移 XYZ: (0.1230, 0.0399, -0.0527) m
[15:39:01.754] [debug] [ManualAdjust] 旋转增量 RPY=(0.100, 0.000, 0.000)deg
[15:39:01.754] [info] [ManualAdjust] 当前外参 [lidar_front→cam_left]:
[15:39:01.754] [info]   旋转 RPY: (99.8299, -88.5405, -31.0062) deg
[15:39:01.754] [info]   平移 XYZ: (0.1230, 0.0399, -0.0527) m
[15:39:01.785] [debug] [ManualAdjust] 旋转增量 RPY=(0.100, 0.000, 0.000)deg
[15:39:01.785] [info] [ManualAdjust] 当前外参 [lidar_front→cam_left]:
[15:39:01.785] [info]   旋转 RPY: (99.9299, -88.5405, -31.0062) deg
[15:39:01.785] [info]   平移 XYZ: (0.1230, 0.0399, -0.0527) m
[15:39:01.815] [debug] [ManualAdjust] 旋转增量 RPY=(0.100, 0.000, 0.000)deg
[15:39:01.815] [info] [ManualAdjust] 当前外参 [lidar_front→cam_left]:
[15:39:01.815] [info]   旋转 RPY: (100.0299, -88.5405, -31.0062) deg
[15:39:01.815] [info]   平移 XYZ: (0.1230, 0.0399, -0.0527) m
[15:39:01.844] [debug] [ManualAdjust] 旋转增量 RPY=(0.100, 0.000, 0.000)deg
[15:39:01.844] [info] [ManualAdjust] 当前外参 [lidar_front→cam_left]:
[15:39:01.844] [info]   旋转 RPY: (100.1299, -88.5405, -31.0062) deg
[15:39:01.844] [info]   平移 XYZ: (0.1230, 0.0399, -0.0527) m
[15:39:01.874] [debug] [ManualAdjust] 旋转增量 RPY=(0.100, 0.000, 0.000)deg
[15:39:01.874] [info] [ManualAdjust] 当前外参 [lidar_front→cam_left]:
[15:39:01.875] [info]   旋转 RPY: (100.2299, -88.5405, -31.0062) deg
[15:39:01.875] [info]   平移 XYZ: (0.1230, 0.0399, -0.0527) m
[15:39:01.905] [debug] [ManualAdjust] 旋转增量 RPY=(0.100, 0.000, 0.000)deg
[15:39:01.905] [info] [ManualAdjust] 当前外参 [lidar_front→cam_left]:
[15:39:01.905] [info]   旋转 RPY: (100.3299, -88.5405, -31.0062) deg
[15:39:01.905] [info]   平移 XYZ: (0.1230, 0.0399, -0.0527) m
[15:39:01.935] [debug] [ManualAdjust] 旋转增量 RPY=(0.100, 0.000, 0.000)deg
[15:39:01.935] [info] [ManualAdjust] 当前外参 [lidar_front→cam_left]:
[15:39:01.935] [info]   旋转 RPY: (100.4299, -88.5405, -31.0062) deg
[15:39:01.935] [info]   平移 XYZ: (0.1230, 0.0399, -0.0527) m
[15:39:01.966] [debug] [ManualAdjust] 旋转增量 RPY=(0.100, 0.000, 0.000)deg
[15:39:01.966] [info] [ManualAdjust] 当前外参 [lidar_front→cam_left]:
[15:39:01.966] [info]   旋转 RPY: (100.5299, -88.5405, -31.0062) deg
[15:39:01.966] [info]   平移 XYZ: (0.1230, 0.0399, -0.0527) m
[15:39:01.997] [debug] [ManualAdjust] 旋转增量 RPY=(0.100, 0.000, 0.000)deg
[15:39:01.997] [info] [ManualAdjust] 当前外参 [lidar_front→cam_left]:
[15:39:01.997] [info]   旋转 RPY: (100.6299, -88.5405, -31.0062) deg
[15:39:01.997] [info]   平移 XYZ: (0.1230, 0.0399, -0.0527) m
[15:39:02.026] [debug] [ManualAdjust] 旋转增量 RPY=(0.100, 0.000, 0.000)deg
[15:39:02.026] [info] [ManualAdjust] 当前外参 [lidar_front→cam_left]:
[15:39:02.026] [info]   旋转 RPY: (100.7299, -88.5405, -31.0062) deg
[15:39:02.026] [info]   平移 XYZ: (0.1230, 0.0399, -0.0527) m
[15:39:02.056] [debug] [ManualAdjust] 旋转增量 RPY=(0.100, 0.000, 0.000)deg
[15:39:02.056] [info] [ManualAdjust] 当前外参 [lidar_front→cam_left]:
[15:39:02.056] [info]   旋转 RPY: (100.8299, -88.5405, -31.0062) deg
[15:39:02.056] [info]   平移 XYZ: (0.1230, 0.0399, -0.0527) m
[15:39:02.087] [debug] [ManualAdjust] 旋转增量 RPY=(0.100, 0.000, 0.000)deg
[15:39:02.087] [info] [ManualAdjust] 当前外参 [lidar_front→cam_left]:
[15:39:02.087] [info]   旋转 RPY: (100.9299, -88.5405, -31.0062) deg
[15:39:02.087] [info]   平移 XYZ: (0.1230, 0.0399, -0.0527) m
[15:39:02.117] [debug] [ManualAdjust] 旋转增量 RPY=(0.100, 0.000, 0.000)deg
[15:39:02.117] [info] [ManualAdjust] 当前外参 [lidar_front→cam_left]:
[15:39:02.117] [info]   旋转 RPY: (101.0299, -88.5405, -31.0062) deg
[15:39:02.117] [info]   平移 XYZ: (0.1230, 0.0399, -0.0527) m
[15:39:02.147] [debug] [ManualAdjust] 旋转增量 RPY=(0.100, 0.000, 0.000)deg
[15:39:02.147] [info] [ManualAdjust] 当前外参 [lidar_front→cam_left]:
[15:39:02.147] [info]   旋转 RPY: (101.1299, -88.5405, -31.0062) deg
[15:39:02.147] [info]   平移 XYZ: (0.1230, 0.0399, -0.0527) m
[15:39:02.177] [debug] [ManualAdjust] 旋转增量 RPY=(0.100, 0.000, 0.000)deg
[15:39:02.177] [info] [ManualAdjust] 当前外参 [lidar_front→cam_left]:
[15:39:02.177] [info]   旋转 RPY: (101.2299, -88.5405, -31.0062) deg
[15:39:02.177] [info]   平移 XYZ: (0.1230, 0.0399, -0.0527) m
[15:39:02.207] [debug] [ManualAdjust] 旋转增量 RPY=(0.100, 0.000, 0.000)deg
[15:39:02.207] [info] [ManualAdjust] 当前外参 [lidar_front→cam_left]:
[15:39:02.207] [info]   旋转 RPY: (101.3299, -88.5405, -31.0062) deg
[15:39:02.207] [info]   平移 XYZ: (0.1230, 0.0399, -0.0527) m
[15:39:02.237] [debug] [ManualAdjust] 旋转增量 RPY=(0.100, 0.000, 0.000)deg
[15:39:02.237] [info] [ManualAdjust] 当前外参 [lidar_front→cam_left]:
[15:39:02.237] [info]   旋转 RPY: (101.4299, -88.5405, -31.0062) deg
[15:39:02.237] [info]   平移 XYZ: (0.1230, 0.0399, -0.0527) m
[15:39:02.267] [debug] [ManualAdjust] 旋转增量 RPY=(0.100, 0.000, 0.000)deg
[15:39:02.267] [info] [ManualAdjust] 当前外参 [lidar_front→cam_left]:
[15:39:02.267] [info]   旋转 RPY: (101.5299, -88.5405, -31.0062) deg
[15:39:02.267] [info]   平移 XYZ: (0.1230, 0.0399, -0.0527) m
[15:39:02.296] [debug] [ManualAdjust] 旋转增量 RPY=(0.100, 0.000, 0.000)deg
[15:39:02.297] [info] [ManualAdjust] 当前外参 [lidar_front→cam_left]:
[15:39:02.297] [info]   旋转 RPY: (101.6299, -88.5405, -31.0062) deg
[15:39:02.297] [info]   平移 XYZ: (0.1230, 0.0399, -0.0527) m
[15:39:02.326] [debug] [ManualAdjust] 旋转增量 RPY=(0.100, 0.000, 0.000)deg
[15:39:02.327] [info] [ManualAdjust] 当前外参 [lidar_front→cam_left]:
[15:39:02.327] [info]   旋转 RPY: (101.7299, -88.5405, -31.0062) deg
[15:39:02.327] [info]   平移 XYZ: (0.1230, 0.0399, -0.0527) m
[15:39:02.356] [debug] [ManualAdjust] 旋转增量 RPY=(0.100, 0.000, 0.000)deg
[15:39:02.356] [info] [ManualAdjust] 当前外参 [lidar_front→cam_left]:
[15:39:02.356] [info]   旋转 RPY: (101.8299, -88.5405, -31.0062) deg
[15:39:02.356] [info]   平移 XYZ: (0.1230, 0.0399, -0.0527) m
[15:39:02.386] [debug] [ManualAdjust] 旋转增量 RPY=(0.100, 0.000, 0.000)deg
[15:39:02.387] [info] [ManualAdjust] 当前外参 [lidar_front→cam_left]:
[15:39:02.387] [info]   旋转 RPY: (101.9299, -88.5405, -31.0062) deg
[15:39:02.387] [info]   平移 XYZ: (0.1230, 0.0399, -0.0527) m
[15:39:02.417] [debug] [ManualAdjust] 旋转增量 RPY=(0.100, 0.000, 0.000)deg
[15:39:02.417] [info] [ManualAdjust] 当前外参 [lidar_front→cam_left]:
[15:39:02.417] [info]   旋转 RPY: (102.0299, -88.5405, -31.0062) deg
[15:39:02.417] [info]   平移 XYZ: (0.1230, 0.0399, -0.0527) m
[15:39:02.446] [debug] [ManualAdjust] 旋转增量 RPY=(0.100, 0.000, 0.000)deg
[15:39:02.446] [info] [ManualAdjust] 当前外参 [lidar_front→cam_left]:
[15:39:02.446] [info]   旋转 RPY: (102.1299, -88.5405, -31.0062) deg
[15:39:02.446] [info]   平移 XYZ: (0.1230, 0.0399, -0.0527) m
[15:39:02.477] [debug] [ManualAdjust] 旋转增量 RPY=(0.100, 0.000, 0.000)deg
[15:39:02.477] [info] [ManualAdjust] 当前外参 [lidar_front→cam_left]:
[15:39:02.477] [info]   旋转 RPY: (102.2299, -88.5405, -31.0062) deg
[15:39:02.477] [info]   平移 XYZ: (0.1230, 0.0399, -0.0527) m
[15:39:02.506] [debug] [ManualAdjust] 旋转增量 RPY=(0.100, 0.000, 0.000)deg
[15:39:02.506] [info] [ManualAdjust] 当前外参 [lidar_front→cam_left]:
[15:39:02.506] [info]   旋转 RPY: (102.3299, -88.5405, -31.0062) deg
[15:39:02.506] [info]   平移 XYZ: (0.1230, 0.0399, -0.0527) m
[15:39:02.537] [debug] [ManualAdjust] 旋转增量 RPY=(0.100, 0.000, 0.000)deg
[15:39:02.537] [info] [ManualAdjust] 当前外参 [lidar_front→cam_left]:
[15:39:02.537] [info]   旋转 RPY: (102.4299, -88.5405, -31.0062) deg
[15:39:02.537] [info]   平移 XYZ: (0.1230, 0.0399, -0.0527) m
[15:39:02.567] [debug] [ManualAdjust] 旋转增量 RPY=(0.100, 0.000, 0.000)deg
[15:39:02.567] [info] [ManualAdjust] 当前外参 [lidar_front→cam_left]:
[15:39:02.567] [info]   旋转 RPY: (102.5299, -88.5405, -31.0062) deg
[15:39:02.567] [info]   平移 XYZ: (0.1230, 0.0399, -0.0527) m
[15:39:02.598] [debug] [ManualAdjust] 旋转增量 RPY=(0.100, 0.000, 0.000)deg
[15:39:02.598] [info] [ManualAdjust] 当前外参 [lidar_front→cam_left]:
[15:39:02.598] [info]   旋转 RPY: (102.6299, -88.5405, -31.0062) deg
[15:39:02.598] [info]   平移 XYZ: (0.1230, 0.0399, -0.0527) m
[15:39:02.627] [debug] [ManualAdjust] 旋转增量 RPY=(0.100, 0.000, 0.000)deg
[15:39:02.627] [info] [ManualAdjust] 当前外参 [lidar_front→cam_left]:
[15:39:02.627] [info]   旋转 RPY: (102.7299, -88.5405, -31.0062) deg
[15:39:02.627] [info]   平移 XYZ: (0.1230, 0.0399, -0.0527) m
[15:39:02.657] [debug] [ManualAdjust] 旋转增量 RPY=(0.100, 0.000, 0.000)deg
[15:39:02.657] [info] [ManualAdjust] 当前外参 [lidar_front→cam_left]:
[15:39:02.657] [info]   旋转 RPY: (102.8299, -88.5405, -31.0062) deg
[15:39:02.657] [info]   平移 XYZ: (0.1230, 0.0399, -0.0527) m
[15:39:02.687] [debug] [ManualAdjust] 旋转增量 RPY=(0.100, 0.000, 0.000)deg
[15:39:02.687] [info] [ManualAdjust] 当前外参 [lidar_front→cam_left]:
[15:39:02.687] [info]   旋转 RPY: (102.9299, -88.5405, -31.0062) deg
[15:39:02.687] [info]   平移 XYZ: (0.1230, 0.0399, -0.0527) m
[15:39:02.717] [debug] [ManualAdjust] 旋转增量 RPY=(0.100, 0.000, 0.000)deg
[15:39:02.717] [info] [ManualAdjust] 当前外参 [lidar_front→cam_left]:
[15:39:02.717] [info]   旋转 RPY: (103.0299, -88.5405, -31.0062) deg
[15:39:02.717] [info]   平移 XYZ: (0.1230, 0.0399, -0.0527) m
[15:39:02.747] [debug] [ManualAdjust] 旋转增量 RPY=(0.100, 0.000, 0.000)deg
[15:39:02.747] [info] [ManualAdjust] 当前外参 [lidar_front→cam_left]:
[15:39:02.747] [info]   旋转 RPY: (103.1299, -88.5405, -31.0062) deg
[15:39:02.747] [info]   平移 XYZ: (0.1230, 0.0399, -0.0527) m
[15:39:02.776] [debug] [ManualAdjust] 旋转增量 RPY=(0.100, 0.000, 0.000)deg
[15:39:02.777] [info] [ManualAdjust] 当前外参 [lidar_front→cam_left]:
[15:39:02.777] [info]   旋转 RPY: (103.2299, -88.5405, -31.0062) deg
[15:39:02.777] [info]   平移 XYZ: (0.1230, 0.0399, -0.0527) m
[15:39:02.806] [debug] [ManualAdjust] 旋转增量 RPY=(0.100, 0.000, 0.000)deg
[15:39:02.806] [info] [ManualAdjust] 当前外参 [lidar_front→cam_left]:
[15:39:02.806] [info]   旋转 RPY: (103.3299, -88.5405, -31.0062) deg
[15:39:02.806] [info]   平移 XYZ: (0.1230, 0.0399, -0.0527) m
[15:39:02.837] [debug] [ManualAdjust] 旋转增量 RPY=(0.100, 0.000, 0.000)deg
[15:39:02.837] [info] [ManualAdjust] 当前外参 [lidar_front→cam_left]:
[15:39:02.837] [info]   旋转 RPY: (103.4299, -88.5405, -31.0062) deg
[15:39:02.837] [info]   平移 XYZ: (0.1230, 0.0399, -0.0527) m
[15:39:02.867] [debug] [ManualAdjust] 旋转增量 RPY=(0.100, 0.000, 0.000)deg
[15:39:02.867] [info] [ManualAdjust] 当前外参 [lidar_front→cam_left]:
[15:39:02.867] [info]   旋转 RPY: (103.5299, -88.5405, -31.0062) deg
[15:39:02.867] [info]   平移 XYZ: (0.1230, 0.0399, -0.0527) m
[15:39:02.897] [debug] [ManualAdjust] 旋转增量 RPY=(0.100, 0.000, 0.000)deg
[15:39:02.897] [info] [ManualAdjust] 当前外参 [lidar_front→cam_left]:
[15:39:02.897] [info]   旋转 RPY: (103.6299, -88.5405, -31.0062) deg
[15:39:02.897] [info]   平移 XYZ: (0.1230, 0.0399, -0.0527) m
[15:39:02.926] [debug] [ManualAdjust] 旋转增量 RPY=(0.100, 0.000, 0.000)deg
[15:39:02.926] [info] [ManualAdjust] 当前外参 [lidar_front→cam_left]:
[15:39:02.926] [info]   旋转 RPY: (103.7299, -88.5405, -31.0062) deg
[15:39:02.926] [info]   平移 XYZ: (0.1230, 0.0399, -0.0527) m
[15:39:02.956] [debug] [ManualAdjust] 旋转增量 RPY=(0.100, 0.000, 0.000)deg
[15:39:02.956] [info] [ManualAdjust] 当前外参 [lidar_front→cam_left]:
[15:39:02.956] [info]   旋转 RPY: (103.8299, -88.5405, -31.0062) deg
[15:39:02.956] [info]   平移 XYZ: (0.1230, 0.0399, -0.0527) m
[15:39:02.987] [debug] [ManualAdjust] 旋转增量 RPY=(0.100, 0.000, 0.000)deg
[15:39:02.987] [info] [ManualAdjust] 当前外参 [lidar_front→cam_left]:
[15:39:02.987] [info]   旋转 RPY: (103.9299, -88.5405, -31.0062) deg
[15:39:02.988] [info]   平移 XYZ: (0.1230, 0.0399, -0.0527) m
[15:39:03.018] [debug] [ManualAdjust] 旋转增量 RPY=(0.100, 0.000, 0.000)deg
[15:39:03.018] [info] [ManualAdjust] 当前外参 [lidar_front→cam_left]:
[15:39:03.018] [info]   旋转 RPY: (104.0299, -88.5405, -31.0062) deg
[15:39:03.018] [info]   平移 XYZ: (0.1230, 0.0399, -0.0527) m
[15:39:03.048] [debug] [ManualAdjust] 旋转增量 RPY=(0.100, 0.000, 0.000)deg
[15:39:03.048] [info] [ManualAdjust] 当前外参 [lidar_front→cam_left]:
[15:39:03.048] [info]   旋转 RPY: (104.1299, -88.5405, -31.0062) deg
[15:39:03.048] [info]   平移 XYZ: (0.1230, 0.0399, -0.0527) m
[15:39:03.078] [debug] [ManualAdjust] 旋转增量 RPY=(0.100, 0.000, 0.000)deg
[15:39:03.078] [info] [ManualAdjust] 当前外参 [lidar_front→cam_left]:
[15:39:03.078] [info]   旋转 RPY: (104.2299, -88.5405, -31.0062) deg
[15:39:03.078] [info]   平移 XYZ: (0.1230, 0.0399, -0.0527) m
[15:39:03.108] [debug] [ManualAdjust] 旋转增量 RPY=(0.100, 0.000, 0.000)deg
[15:39:03.108] [info] [ManualAdjust] 当前外参 [lidar_front→cam_left]:
[15:39:03.108] [info]   旋转 RPY: (104.3299, -88.5405, -31.0062) deg
[15:39:03.108] [info]   平移 XYZ: (0.1230, 0.0399, -0.0527) m
[15:39:03.137] [debug] [ManualAdjust] 旋转增量 RPY=(0.100, 0.000, 0.000)deg
[15:39:03.137] [info] [ManualAdjust] 当前外参 [lidar_front→cam_left]:
[15:39:03.137] [info]   旋转 RPY: (104.4299, -88.5405, -31.0062) deg
[15:39:03.137] [info]   平移 XYZ: (0.1230, 0.0399, -0.0527) m
[15:39:03.168] [debug] [ManualAdjust] 旋转增量 RPY=(0.100, 0.000, 0.000)deg
[15:39:03.168] [info] [ManualAdjust] 当前外参 [lidar_front→cam_left]:
[15:39:03.168] [info]   旋转 RPY: (104.5299, -88.5405, -31.0062) deg
[15:39:03.168] [info]   平移 XYZ: (0.1230, 0.0399, -0.0527) m
[15:39:03.198] [debug] [ManualAdjust] 旋转增量 RPY=(0.100, 0.000, 0.000)deg
[15:39:03.198] [info] [ManualAdjust] 当前外参 [lidar_front→cam_left]:
[15:39:03.198] [info]   旋转 RPY: (104.6299, -88.5405, -31.0062) deg
[15:39:03.198] [info]   平移 XYZ: (0.1230, 0.0399, -0.0527) m
[15:39:03.228] [debug] [ManualAdjust] 旋转增量 RPY=(0.100, 0.000, 0.000)deg
[15:39:03.228] [info] [ManualAdjust] 当前外参 [lidar_front→cam_left]:
[15:39:03.228] [info]   旋转 RPY: (104.7299, -88.5405, -31.0062) deg
[15:39:03.228] [info]   平移 XYZ: (0.1230, 0.0399, -0.0527) m
[15:39:03.259] [debug] [ManualAdjust] 旋转增量 RPY=(0.100, 0.000, 0.000)deg
[15:39:03.259] [info] [ManualAdjust] 当前外参 [lidar_front→cam_left]:
[15:39:03.259] [info]   旋转 RPY: (104.8299, -88.5405, -31.0062) deg
[15:39:03.259] [info]   平移 XYZ: (0.1230, 0.0399, -0.0527) m
[15:39:03.289] [debug] [ManualAdjust] 旋转增量 RPY=(0.100, 0.000, 0.000)deg
[15:39:03.289] [info] [ManualAdjust] 当前外参 [lidar_front→cam_left]:
[15:39:03.289] [info]   旋转 RPY: (104.9299, -88.5405, -31.0062) deg
[15:39:03.289] [info]   平移 XYZ: (0.1230, 0.0399, -0.0527) m
[15:39:03.319] [debug] [ManualAdjust] 旋转增量 RPY=(0.100, 0.000, 0.000)deg
[15:39:03.319] [info] [ManualAdjust] 当前外参 [lidar_front→cam_left]:
[15:39:03.319] [info]   旋转 RPY: (105.0299, -88.5405, -31.0062) deg
[15:39:03.319] [info]   平移 XYZ: (0.1230, 0.0399, -0.0527) m
[15:39:03.349] [debug] [ManualAdjust] 旋转增量 RPY=(0.100, 0.000, 0.000)deg
[15:39:03.349] [info] [ManualAdjust] 当前外参 [lidar_front→cam_left]:
[15:39:03.349] [info]   旋转 RPY: (105.1299, -88.5405, -31.0062) deg
[15:39:03.349] [info]   平移 XYZ: (0.1230, 0.0399, -0.0527) m
[15:39:03.379] [debug] [ManualAdjust] 旋转增量 RPY=(0.100, 0.000, 0.000)deg
[15:39:03.379] [info] [ManualAdjust] 当前外参 [lidar_front→cam_left]:
[15:39:03.379] [info]   旋转 RPY: (105.2299, -88.5405, -31.0062) deg
[15:39:03.379] [info]   平移 XYZ: (0.1230, 0.0399, -0.0527) m
[15:39:03.410] [debug] [ManualAdjust] 旋转增量 RPY=(0.100, 0.000, 0.000)deg
[15:39:03.410] [info] [ManualAdjust] 当前外参 [lidar_front→cam_left]:
[15:39:03.410] [info]   旋转 RPY: (105.3299, -88.5405, -31.0062) deg
[15:39:03.410] [info]   平移 XYZ: (0.1230, 0.0399, -0.0527) m
[15:39:03.439] [debug] [ManualAdjust] 旋转增量 RPY=(0.100, 0.000, 0.000)deg
[15:39:03.439] [info] [ManualAdjust] 当前外参 [lidar_front→cam_left]:
[15:39:03.439] [info]   旋转 RPY: (105.4299, -88.5405, -31.0062) deg
[15:39:03.439] [info]   平移 XYZ: (0.1230, 0.0399, -0.0527) m
[15:39:03.470] [debug] [ManualAdjust] 旋转增量 RPY=(0.100, 0.000, 0.000)deg
[15:39:03.470] [info] [ManualAdjust] 当前外参 [lidar_front→cam_left]:
[15:39:03.470] [info]   旋转 RPY: (105.5299, -88.5405, -31.0062) deg
[15:39:03.470] [info]   平移 XYZ: (0.1230, 0.0399, -0.0527) m
[15:39:03.500] [debug] [ManualAdjust] 旋转增量 RPY=(0.100, 0.000, 0.000)deg
[15:39:03.500] [info] [ManualAdjust] 当前外参 [lidar_front→cam_left]:
[15:39:03.500] [info]   旋转 RPY: (105.6299, -88.5405, -31.0062) deg
[15:39:03.500] [info]   平移 XYZ: (0.1230, 0.0399, -0.0527) m
[15:39:03.531] [debug] [ManualAdjust] 旋转增量 RPY=(0.100, 0.000, 0.000)deg
[15:39:03.531] [info] [ManualAdjust] 当前外参 [lidar_front→cam_left]:
[15:39:03.531] [info]   旋转 RPY: (105.7299, -88.5405, -31.0062) deg
[15:39:03.531] [info]   平移 XYZ: (0.1230, 0.0399, -0.0527) m
[15:39:03.561] [debug] [ManualAdjust] 旋转增量 RPY=(0.100, 0.000, 0.000)deg
[15:39:03.561] [info] [ManualAdjust] 当前外参 [lidar_front→cam_left]:
[15:39:03.561] [info]   旋转 RPY: (105.8299, -88.5405, -31.0062) deg
[15:39:03.561] [info]   平移 XYZ: (0.1230, 0.0399, -0.0527) m
[15:39:03.592] [debug] [ManualAdjust] 旋转增量 RPY=(0.100, 0.000, 0.000)deg
[15:39:03.592] [info] [ManualAdjust] 当前外参 [lidar_front→cam_left]:
[15:39:03.592] [info]   旋转 RPY: (105.9299, -88.5405, -31.0062) deg
[15:39:03.592] [info]   平移 XYZ: (0.1230, 0.0399, -0.0527) m
[15:39:03.622] [debug] [ManualAdjust] 旋转增量 RPY=(0.100, 0.000, 0.000)deg
[15:39:03.622] [info] [ManualAdjust] 当前外参 [lidar_front→cam_left]:
[15:39:03.622] [info]   旋转 RPY: (106.0299, -88.5405, -31.0062) deg
[15:39:03.622] [info]   平移 XYZ: (0.1230, 0.0399, -0.0527) m
[15:39:03.652] [debug] [ManualAdjust] 旋转增量 RPY=(0.100, 0.000, 0.000)deg
[15:39:03.652] [info] [ManualAdjust] 当前外参 [lidar_front→cam_left]:
[15:39:03.652] [info]   旋转 RPY: (106.1299, -88.5405, -31.0062) deg
[15:39:03.652] [info]   平移 XYZ: (0.1230, 0.0399, -0.0527) m
[15:39:03.683] [debug] [ManualAdjust] 旋转增量 RPY=(0.100, 0.000, 0.000)deg
[15:39:03.683] [info] [ManualAdjust] 当前外参 [lidar_front→cam_left]:
[15:39:03.683] [info]   旋转 RPY: (106.2299, -88.5405, -31.0062) deg
[15:39:03.683] [info]   平移 XYZ: (0.1230, 0.0399, -0.0527) m
[15:39:03.712] [debug] [ManualAdjust] 旋转增量 RPY=(0.100, 0.000, 0.000)deg
[15:39:03.712] [info] [ManualAdjust] 当前外参 [lidar_front→cam_left]:
[15:39:03.712] [info]   旋转 RPY: (106.3299, -88.5405, -31.0062) deg
[15:39:03.712] [info]   平移 XYZ: (0.1230, 0.0399, -0.0527) m
[15:39:03.743] [debug] [ManualAdjust] 旋转增量 RPY=(0.100, 0.000, 0.000)deg
[15:39:03.743] [info] [ManualAdjust] 当前外参 [lidar_front→cam_left]:
[15:39:03.743] [info]   旋转 RPY: (106.4299, -88.5405, -31.0062) deg
[15:39:03.743] [info]   平移 XYZ: (0.1230, 0.0399, -0.0527) m
[15:39:03.773] [debug] [ManualAdjust] 旋转增量 RPY=(0.100, 0.000, 0.000)deg
[15:39:03.773] [info] [ManualAdjust] 当前外参 [lidar_front→cam_left]:
[15:39:03.773] [info]   旋转 RPY: (106.5299, -88.5405, -31.0062) deg
[15:39:03.773] [info]   平移 XYZ: (0.1230, 0.0399, -0.0527) m
[15:39:03.802] [debug] [ManualAdjust] 旋转增量 RPY=(0.100, 0.000, 0.000)deg
[15:39:03.802] [info] [ManualAdjust] 当前外参 [lidar_front→cam_left]:
[15:39:03.802] [info]   旋转 RPY: (106.6299, -88.5405, -31.0062) deg
[15:39:03.802] [info]   平移 XYZ: (0.1230, 0.0399, -0.0527) m
[15:39:03.833] [debug] [ManualAdjust] 旋转增量 RPY=(0.100, 0.000, 0.000)deg
[15:39:03.833] [info] [ManualAdjust] 当前外参 [lidar_front→cam_left]:
[15:39:03.833] [info]   旋转 RPY: (106.7299, -88.5405, -31.0062) deg
[15:39:03.833] [info]   平移 XYZ: (0.1230, 0.0399, -0.0527) m
[15:39:03.863] [debug] [ManualAdjust] 旋转增量 RPY=(0.100, 0.000, 0.000)deg
[15:39:03.863] [info] [ManualAdjust] 当前外参 [lidar_front→cam_left]:
[15:39:03.863] [info]   旋转 RPY: (106.8299, -88.5405, -31.0062) deg
[15:39:03.863] [info]   平移 XYZ: (0.1230, 0.0399, -0.0527) m
[15:39:03.893] [debug] [ManualAdjust] 旋转增量 RPY=(0.100, 0.000, 0.000)deg
[15:39:03.893] [info] [ManualAdjust] 当前外参 [lidar_front→cam_left]:
[15:39:03.893] [info]   旋转 RPY: (106.9299, -88.5405, -31.0062) deg
[15:39:03.893] [info]   平移 XYZ: (0.1230, 0.0399, -0.0527) m
[15:39:03.924] [debug] [ManualAdjust] 旋转增量 RPY=(0.100, 0.000, 0.000)deg
[15:39:03.924] [info] [ManualAdjust] 当前外参 [lidar_front→cam_left]:
[15:39:03.924] [info]   旋转 RPY: (107.0299, -88.5405, -31.0062) deg
[15:39:03.924] [info]   平移 XYZ: (0.1230, 0.0399, -0.0527) m
[15:39:03.954] [debug] [ManualAdjust] 旋转增量 RPY=(0.100, 0.000, 0.000)deg
[15:39:03.954] [info] [ManualAdjust] 当前外参 [lidar_front→cam_left]:
[15:39:03.954] [info]   旋转 RPY: (107.1299, -88.5405, -31.0062) deg
[15:39:03.954] [info]   平移 XYZ: (0.1230, 0.0399, -0.0527) m
[15:39:03.984] [debug] [ManualAdjust] 旋转增量 RPY=(0.100, 0.000, 0.000)deg
[15:39:03.984] [info] [ManualAdjust] 当前外参 [lidar_front→cam_left]:
[15:39:03.984] [info]   旋转 RPY: (107.2299, -88.5405, -31.0062) deg
[15:39:03.984] [info]   平移 XYZ: (0.1230, 0.0399, -0.0527) m
[15:39:04.014] [debug] [ManualAdjust] 旋转增量 RPY=(0.100, 0.000, 0.000)deg
[15:39:04.014] [info] [ManualAdjust] 当前外参 [lidar_front→cam_left]:
[15:39:04.014] [info]   旋转 RPY: (107.3299, -88.5405, -31.0062) deg
[15:39:04.014] [info]   平移 XYZ: (0.1230, 0.0399, -0.0527) m
[15:39:04.044] [debug] [ManualAdjust] 旋转增量 RPY=(0.100, 0.000, 0.000)deg
[15:39:04.044] [info] [ManualAdjust] 当前外参 [lidar_front→cam_left]:
[15:39:04.044] [info]   旋转 RPY: (107.4299, -88.5405, -31.0062) deg
[15:39:04.044] [info]   平移 XYZ: (0.1230, 0.0399, -0.0527) m
[15:39:04.074] [debug] [ManualAdjust] 旋转增量 RPY=(0.100, 0.000, 0.000)deg
[15:39:04.074] [info] [ManualAdjust] 当前外参 [lidar_front→cam_left]:
[15:39:04.074] [info]   旋转 RPY: (107.5299, -88.5405, -31.0062) deg
[15:39:04.074] [info]   平移 XYZ: (0.1230, 0.0399, -0.0527) m
[15:39:04.104] [debug] [ManualAdjust] 旋转增量 RPY=(0.100, 0.000, 0.000)deg
[15:39:04.104] [info] [ManualAdjust] 当前外参 [lidar_front→cam_left]:
[15:39:04.104] [info]   旋转 RPY: (107.6299, -88.5405, -31.0062) deg
[15:39:04.104] [info]   平移 XYZ: (0.1230, 0.0399, -0.0527) m
[15:39:04.134] [debug] [ManualAdjust] 旋转增量 RPY=(0.100, 0.000, 0.000)deg
[15:39:04.134] [info] [ManualAdjust] 当前外参 [lidar_front→cam_left]:
[15:39:04.134] [info]   旋转 RPY: (107.7299, -88.5405, -31.0062) deg
[15:39:04.134] [info]   平移 XYZ: (0.1230, 0.0399, -0.0527) m
[15:39:04.164] [debug] [ManualAdjust] 旋转增量 RPY=(0.100, 0.000, 0.000)deg
[15:39:04.165] [info] [ManualAdjust] 当前外参 [lidar_front→cam_left]:
[15:39:04.165] [info]   旋转 RPY: (107.8299, -88.5405, -31.0062) deg
[15:39:04.165] [info]   平移 XYZ: (0.1230, 0.0399, -0.0527) m
[15:39:04.195] [debug] [ManualAdjust] 旋转增量 RPY=(0.100, 0.000, 0.000)deg
[15:39:04.195] [info] [ManualAdjust] 当前外参 [lidar_front→cam_left]:
[15:39:04.195] [info]   旋转 RPY: (107.9299, -88.5405, -31.0062) deg
[15:39:04.195] [info]   平移 XYZ: (0.1230, 0.0399, -0.0527) m
[15:39:04.225] [debug] [ManualAdjust] 旋转增量 RPY=(0.100, 0.000, 0.000)deg
[15:39:04.225] [info] [ManualAdjust] 当前外参 [lidar_front→cam_left]:
[15:39:04.225] [info]   旋转 RPY: (108.0299, -88.5405, -31.0062) deg
[15:39:04.225] [info]   平移 XYZ: (0.1230, 0.0399, -0.0527) m
[15:39:04.254] [debug] [ManualAdjust] 旋转增量 RPY=(0.100, 0.000, 0.000)deg
[15:39:04.255] [info] [ManualAdjust] 当前外参 [lidar_front→cam_left]:
[15:39:04.255] [info]   旋转 RPY: (108.1299, -88.5405, -31.0062) deg
[15:39:04.255] [info]   平移 XYZ: (0.1230, 0.0399, -0.0527) m
[15:39:04.285] [debug] [ManualAdjust] 旋转增量 RPY=(0.100, 0.000, 0.000)deg
[15:39:04.285] [info] [ManualAdjust] 当前外参 [lidar_front→cam_left]:
[15:39:04.285] [info]   旋转 RPY: (108.2299, -88.5405, -31.0062) deg
[15:39:04.285] [info]   平移 XYZ: (0.1230, 0.0399, -0.0527) m
[15:39:04.315] [debug] [ManualAdjust] 旋转增量 RPY=(0.100, 0.000, 0.000)deg
[15:39:04.315] [info] [ManualAdjust] 当前外参 [lidar_front→cam_left]:
[15:39:04.315] [info]   旋转 RPY: (108.3299, -88.5405, -31.0062) deg
[15:39:04.315] [info]   平移 XYZ: (0.1230, 0.0399, -0.0527) m
[15:39:04.344] [debug] [ManualAdjust] 旋转增量 RPY=(0.100, 0.000, 0.000)deg
[15:39:04.344] [info] [ManualAdjust] 当前外参 [lidar_front→cam_left]:
[15:39:04.344] [info]   旋转 RPY: (108.4299, -88.5405, -31.0062) deg
[15:39:04.344] [info]   平移 XYZ: (0.1230, 0.0399, -0.0527) m
[15:39:04.375] [debug] [ManualAdjust] 旋转增量 RPY=(0.100, 0.000, 0.000)deg
[15:39:04.375] [info] [ManualAdjust] 当前外参 [lidar_front→cam_left]:
[15:39:04.375] [info]   旋转 RPY: (108.5299, -88.5405, -31.0062) deg
[15:39:04.375] [info]   平移 XYZ: (0.1230, 0.0399, -0.0527) m
[15:39:04.405] [debug] [ManualAdjust] 旋转增量 RPY=(0.100, 0.000, 0.000)deg
[15:39:04.406] [info] [ManualAdjust] 当前外参 [lidar_front→cam_left]:
[15:39:04.406] [info]   旋转 RPY: (108.6299, -88.5405, -31.0062) deg
[15:39:04.406] [info]   平移 XYZ: (0.1230, 0.0399, -0.0527) m
[15:39:04.435] [debug] [ManualAdjust] 旋转增量 RPY=(0.100, 0.000, 0.000)deg
[15:39:04.435] [info] [ManualAdjust] 当前外参 [lidar_front→cam_left]:
[15:39:04.435] [info]   旋转 RPY: (108.7299, -88.5405, -31.0062) deg
[15:39:04.435] [info]   平移 XYZ: (0.1230, 0.0399, -0.0527) m
[15:39:04.466] [debug] [ManualAdjust] 旋转增量 RPY=(0.100, 0.000, 0.000)deg
[15:39:04.466] [info] [ManualAdjust] 当前外参 [lidar_front→cam_left]:
[15:39:04.466] [info]   旋转 RPY: (108.8299, -88.5405, -31.0062) deg
[15:39:04.466] [info]   平移 XYZ: (0.1230, 0.0399, -0.0527) m
[15:39:04.498] [debug] [ManualAdjust] 旋转增量 RPY=(0.100, 0.000, 0.000)deg
[15:39:04.498] [info] [ManualAdjust] 当前外参 [lidar_front→cam_left]:
[15:39:04.498] [info]   旋转 RPY: (108.9299, -88.5405, -31.0062) deg
[15:39:04.498] [info]   平移 XYZ: (0.1230, 0.0399, -0.0527) m
[15:39:04.525] [debug] [ManualAdjust] 旋转增量 RPY=(0.100, 0.000, 0.000)deg
[15:39:04.525] [info] [ManualAdjust] 当前外参 [lidar_front→cam_left]:
[15:39:04.525] [info]   旋转 RPY: (109.0299, -88.5405, -31.0062) deg
[15:39:04.525] [info]   平移 XYZ: (0.1230, 0.0399, -0.0527) m
[15:39:04.556] [debug] [ManualAdjust] 旋转增量 RPY=(0.100, 0.000, 0.000)deg
[15:39:04.556] [info] [ManualAdjust] 当前外参 [lidar_front→cam_left]:
[15:39:04.556] [info]   旋转 RPY: (109.1299, -88.5405, -31.0062) deg
[15:39:04.556] [info]   平移 XYZ: (0.1230, 0.0399, -0.0527) m
[15:39:04.586] [debug] [ManualAdjust] 旋转增量 RPY=(0.100, 0.000, 0.000)deg
[15:39:04.586] [info] [ManualAdjust] 当前外参 [lidar_front→cam_left]:
[15:39:04.586] [info]   旋转 RPY: (109.2299, -88.5405, -31.0062) deg
[15:39:04.586] [info]   平移 XYZ: (0.1230, 0.0399, -0.0527) m
[15:39:04.616] [debug] [ManualAdjust] 旋转增量 RPY=(0.100, 0.000, 0.000)deg
[15:39:04.616] [info] [ManualAdjust] 当前外参 [lidar_front→cam_left]:
[15:39:04.616] [info]   旋转 RPY: (109.3299, -88.5405, -31.0062) deg
[15:39:04.616] [info]   平移 XYZ: (0.1230, 0.0399, -0.0527) m
[15:39:04.645] [debug] [ManualAdjust] 旋转增量 RPY=(0.100, 0.000, 0.000)deg
[15:39:04.646] [info] [ManualAdjust] 当前外参 [lidar_front→cam_left]:
[15:39:04.646] [info]   旋转 RPY: (109.4299, -88.5405, -31.0062) deg
[15:39:04.646] [info]   平移 XYZ: (0.1230, 0.0399, -0.0527) m
[15:39:04.675] [debug] [ManualAdjust] 旋转增量 RPY=(0.100, 0.000, 0.000)deg
[15:39:04.675] [info] [ManualAdjust] 当前外参 [lidar_front→cam_left]:
[15:39:04.675] [info]   旋转 RPY: (109.5299, -88.5405, -31.0062) deg
[15:39:04.675] [info]   平移 XYZ: (0.1230, 0.0399, -0.0527) m
[15:39:04.706] [debug] [ManualAdjust] 旋转增量 RPY=(0.100, 0.000, 0.000)deg
[15:39:04.706] [info] [ManualAdjust] 当前外参 [lidar_front→cam_left]:
[15:39:04.706] [info]   旋转 RPY: (109.6299, -88.5405, -31.0062) deg
[15:39:04.706] [info]   平移 XYZ: (0.1230, 0.0399, -0.0527) m
[15:39:04.736] [debug] [ManualAdjust] 旋转增量 RPY=(0.100, 0.000, 0.000)deg
[15:39:04.736] [info] [ManualAdjust] 当前外参 [lidar_front→cam_left]:
[15:39:04.736] [info]   旋转 RPY: (109.7299, -88.5405, -31.0062) deg
[15:39:04.736] [info]   平移 XYZ: (0.1230, 0.0399, -0.0527) m
[15:39:04.767] [debug] [ManualAdjust] 旋转增量 RPY=(0.100, 0.000, 0.000)deg
[15:39:04.767] [info] [ManualAdjust] 当前外参 [lidar_front→cam_left]:
[15:39:04.767] [info]   旋转 RPY: (109.8299, -88.5405, -31.0062) deg
[15:39:04.767] [info]   平移 XYZ: (0.1230, 0.0399, -0.0527) m
[15:39:04.797] [debug] [ManualAdjust] 旋转增量 RPY=(0.100, 0.000, 0.000)deg
[15:39:04.797] [info] [ManualAdjust] 当前外参 [lidar_front→cam_left]:
[15:39:04.797] [info]   旋转 RPY: (109.9299, -88.5405, -31.0062) deg
[15:39:04.797] [info]   平移 XYZ: (0.1230, 0.0399, -0.0527) m
[15:39:04.827] [debug] [ManualAdjust] 旋转增量 RPY=(0.100, 0.000, 0.000)deg
[15:39:04.827] [info] [ManualAdjust] 当前外参 [lidar_front→cam_left]:
[15:39:04.827] [info]   旋转 RPY: (110.0299, -88.5405, -31.0062) deg
[15:39:04.827] [info]   平移 XYZ: (0.1230, 0.0399, -0.0527) m
[15:39:04.858] [debug] [ManualAdjust] 旋转增量 RPY=(0.100, 0.000, 0.000)deg
[15:39:04.858] [info] [ManualAdjust] 当前外参 [lidar_front→cam_left]:
[15:39:04.858] [info]   旋转 RPY: (110.1299, -88.5405, -31.0062) deg
[15:39:04.858] [info]   平移 XYZ: (0.1230, 0.0399, -0.0527) m
[15:39:04.888] [debug] [ManualAdjust] 旋转增量 RPY=(0.100, 0.000, 0.000)deg
[15:39:04.888] [info] [ManualAdjust] 当前外参 [lidar_front→cam_left]:
[15:39:04.888] [info]   旋转 RPY: (110.2299, -88.5405, -31.0062) deg
[15:39:04.888] [info]   平移 XYZ: (0.1230, 0.0399, -0.0527) m
[15:39:04.918] [debug] [ManualAdjust] 旋转增量 RPY=(0.100, 0.000, 0.000)deg
[15:39:04.918] [info] [ManualAdjust] 当前外参 [lidar_front→cam_left]:
[15:39:04.918] [info]   旋转 RPY: (110.3299, -88.5405, -31.0062) deg
[15:39:04.918] [info]   平移 XYZ: (0.1230, 0.0399, -0.0527) m
[15:39:04.948] [debug] [ManualAdjust] 旋转增量 RPY=(0.100, 0.000, 0.000)deg
[15:39:04.948] [info] [ManualAdjust] 当前外参 [lidar_front→cam_left]:
[15:39:04.948] [info]   旋转 RPY: (110.4299, -88.5405, -31.0062) deg
[15:39:04.948] [info]   平移 XYZ: (0.1230, 0.0399, -0.0527) m
[15:39:04.978] [debug] [ManualAdjust] 旋转增量 RPY=(0.100, 0.000, 0.000)deg
[15:39:04.978] [info] [ManualAdjust] 当前外参 [lidar_front→cam_left]:
[15:39:04.978] [info]   旋转 RPY: (110.5299, -88.5405, -31.0062) deg
[15:39:04.978] [info]   平移 XYZ: (0.1230, 0.0399, -0.0527) m
[15:39:05.009] [debug] [ManualAdjust] 旋转增量 RPY=(0.100, 0.000, 0.000)deg
[15:39:05.009] [info] [ManualAdjust] 当前外参 [lidar_front→cam_left]:
[15:39:05.009] [info]   旋转 RPY: (110.6299, -88.5405, -31.0062) deg
[15:39:05.009] [info]   平移 XYZ: (0.1230, 0.0399, -0.0527) m
[15:39:05.040] [debug] [ManualAdjust] 旋转增量 RPY=(0.100, 0.000, 0.000)deg
[15:39:05.040] [info] [ManualAdjust] 当前外参 [lidar_front→cam_left]:
[15:39:05.040] [info]   旋转 RPY: (110.7299, -88.5405, -31.0062) deg
[15:39:05.040] [info]   平移 XYZ: (0.1230, 0.0399, -0.0527) m
[15:39:05.070] [debug] [ManualAdjust] 旋转增量 RPY=(0.100, 0.000, 0.000)deg
[15:39:05.070] [info] [ManualAdjust] 当前外参 [lidar_front→cam_left]:
[15:39:05.070] [info]   旋转 RPY: (110.8299, -88.5405, -31.0062) deg
[15:39:05.070] [info]   平移 XYZ: (0.1230, 0.0399, -0.0527) m
[15:39:05.101] [debug] [ManualAdjust] 旋转增量 RPY=(0.100, 0.000, 0.000)deg
[15:39:05.101] [info] [ManualAdjust] 当前外参 [lidar_front→cam_left]:
[15:39:05.101] [info]   旋转 RPY: (110.9299, -88.5405, -31.0062) deg
[15:39:05.101] [info]   平移 XYZ: (0.1230, 0.0399, -0.0527) m
[15:39:05.130] [debug] [ManualAdjust] 旋转增量 RPY=(0.100, 0.000, 0.000)deg
[15:39:05.130] [info] [ManualAdjust] 当前外参 [lidar_front→cam_left]:
[15:39:05.130] [info]   旋转 RPY: (111.0299, -88.5405, -31.0062) deg
[15:39:05.130] [info]   平移 XYZ: (0.1230, 0.0399, -0.0527) m
[15:39:05.161] [debug] [ManualAdjust] 旋转增量 RPY=(0.100, 0.000, 0.000)deg
[15:39:05.161] [info] [ManualAdjust] 当前外参 [lidar_front→cam_left]:
[15:39:05.161] [info]   旋转 RPY: (111.1299, -88.5405, -31.0062) deg
[15:39:05.161] [info]   平移 XYZ: (0.1230, 0.0399, -0.0527) m
[15:39:05.191] [debug] [ManualAdjust] 旋转增量 RPY=(0.100, 0.000, 0.000)deg
[15:39:05.191] [info] [ManualAdjust] 当前外参 [lidar_front→cam_left]:
[15:39:05.191] [info]   旋转 RPY: (111.2299, -88.5405, -31.0062) deg
[15:39:05.191] [info]   平移 XYZ: (0.1230, 0.0399, -0.0527) m
[15:39:05.221] [debug] [ManualAdjust] 旋转增量 RPY=(0.100, 0.000, 0.000)deg
[15:39:05.221] [info] [ManualAdjust] 当前外参 [lidar_front→cam_left]:
[15:39:05.221] [info]   旋转 RPY: (111.3299, -88.5405, -31.0062) deg
[15:39:05.221] [info]   平移 XYZ: (0.1230, 0.0399, -0.0527) m
[15:39:05.251] [debug] [ManualAdjust] 旋转增量 RPY=(0.100, 0.000, 0.000)deg
[15:39:05.251] [info] [ManualAdjust] 当前外参 [lidar_front→cam_left]:
[15:39:05.251] [info]   旋转 RPY: (111.4299, -88.5405, -31.0062) deg
[15:39:05.251] [info]   平移 XYZ: (0.1230, 0.0399, -0.0527) m
[15:39:05.281] [debug] [ManualAdjust] 旋转增量 RPY=(0.100, 0.000, 0.000)deg
[15:39:05.281] [info] [ManualAdjust] 当前外参 [lidar_front→cam_left]:
[15:39:05.281] [info]   旋转 RPY: (111.5299, -88.5405, -31.0062) deg
[15:39:05.281] [info]   平移 XYZ: (0.1230, 0.0399, -0.0527) m
[15:39:05.311] [debug] [ManualAdjust] 旋转增量 RPY=(0.100, 0.000, 0.000)deg
[15:39:05.311] [info] [ManualAdjust] 当前外参 [lidar_front→cam_left]:
[15:39:05.311] [info]   旋转 RPY: (111.6299, -88.5405, -31.0062) deg
[15:39:05.311] [info]   平移 XYZ: (0.1230, 0.0399, -0.0527) m
[15:39:05.342] [debug] [ManualAdjust] 旋转增量 RPY=(0.100, 0.000, 0.000)deg
[15:39:05.342] [info] [ManualAdjust] 当前外参 [lidar_front→cam_left]:
[15:39:05.342] [info]   旋转 RPY: (111.7299, -88.5405, -31.0062) deg
[15:39:05.342] [info]   平移 XYZ: (0.1230, 0.0399, -0.0527) m
[15:39:05.371] [debug] [ManualAdjust] 旋转增量 RPY=(0.100, 0.000, 0.000)deg
[15:39:05.372] [info] [ManualAdjust] 当前外参 [lidar_front→cam_left]:
[15:39:05.372] [info]   旋转 RPY: (111.8299, -88.5405, -31.0062) deg
[15:39:05.372] [info]   平移 XYZ: (0.1230, 0.0399, -0.0527) m
[15:39:05.402] [debug] [ManualAdjust] 旋转增量 RPY=(0.100, 0.000, 0.000)deg
[15:39:05.402] [info] [ManualAdjust] 当前外参 [lidar_front→cam_left]:
[15:39:05.402] [info]   旋转 RPY: (111.9299, -88.5405, -31.0062) deg
[15:39:05.402] [info]   平移 XYZ: (0.1230, 0.0399, -0.0527) m
[15:39:05.432] [debug] [ManualAdjust] 旋转增量 RPY=(0.100, 0.000, 0.000)deg
[15:39:05.432] [info] [ManualAdjust] 当前外参 [lidar_front→cam_left]:
[15:39:05.432] [info]   旋转 RPY: (112.0299, -88.5405, -31.0062) deg
[15:39:05.432] [info]   平移 XYZ: (0.1230, 0.0399, -0.0527) m
[15:39:05.461] [debug] [ManualAdjust] 旋转增量 RPY=(0.100, 0.000, 0.000)deg
[15:39:05.461] [info] [ManualAdjust] 当前外参 [lidar_front→cam_left]:
[15:39:05.461] [info]   旋转 RPY: (112.1299, -88.5405, -31.0062) deg
[15:39:05.461] [info]   平移 XYZ: (0.1230, 0.0399, -0.0527) m
[15:39:05.492] [debug] [ManualAdjust] 旋转增量 RPY=(0.100, 0.000, 0.000)deg
[15:39:05.492] [info] [ManualAdjust] 当前外参 [lidar_front→cam_left]:
[15:39:05.492] [info]   旋转 RPY: (112.2299, -88.5405, -31.0062) deg
[15:39:05.492] [info]   平移 XYZ: (0.1230, 0.0399, -0.0527) m
[15:39:05.521] [debug] [ManualAdjust] 旋转增量 RPY=(0.100, 0.000, 0.000)deg
[15:39:05.522] [info] [ManualAdjust] 当前外参 [lidar_front→cam_left]:
[15:39:05.522] [info]   旋转 RPY: (112.3299, -88.5405, -31.0062) deg
[15:39:05.522] [info]   平移 XYZ: (0.1230, 0.0399, -0.0527) m
[15:39:05.552] [debug] [ManualAdjust] 旋转增量 RPY=(0.100, 0.000, 0.000)deg
[15:39:05.552] [info] [ManualAdjust] 当前外参 [lidar_front→cam_left]:
[15:39:05.552] [info]   旋转 RPY: (112.4299, -88.5405, -31.0062) deg
[15:39:05.552] [info]   平移 XYZ: (0.1230, 0.0399, -0.0527) m
[15:39:05.583] [debug] [ManualAdjust] 旋转增量 RPY=(0.100, 0.000, 0.000)deg
[15:39:05.583] [info] [ManualAdjust] 当前外参 [lidar_front→cam_left]:
[15:39:05.583] [info]   旋转 RPY: (112.5299, -88.5405, -31.0062) deg
[15:39:05.583] [info]   平移 XYZ: (0.1230, 0.0399, -0.0527) m
[15:39:05.612] [debug] [ManualAdjust] 旋转增量 RPY=(0.100, 0.000, 0.000)deg
[15:39:05.612] [info] [ManualAdjust] 当前外参 [lidar_front→cam_left]:
[15:39:05.612] [info]   旋转 RPY: (112.6299, -88.5405, -31.0062) deg
[15:39:05.612] [info]   平移 XYZ: (0.1230, 0.0399, -0.0527) m
[15:39:05.643] [debug] [ManualAdjust] 旋转增量 RPY=(0.100, 0.000, 0.000)deg
[15:39:05.643] [info] [ManualAdjust] 当前外参 [lidar_front→cam_left]:
[15:39:05.643] [info]   旋转 RPY: (112.7299, -88.5405, -31.0062) deg
[15:39:05.643] [info]   平移 XYZ: (0.1230, 0.0399, -0.0527) m
[15:39:05.673] [debug] [ManualAdjust] 旋转增量 RPY=(0.100, 0.000, 0.000)deg
[15:39:05.673] [info] [ManualAdjust] 当前外参 [lidar_front→cam_left]:
[15:39:05.673] [info]   旋转 RPY: (112.8299, -88.5405, -31.0062) deg
[15:39:05.673] [info]   平移 XYZ: (0.1230, 0.0399, -0.0527) m
[15:39:05.703] [debug] [ManualAdjust] 旋转增量 RPY=(0.100, 0.000, 0.000)deg
[15:39:05.703] [info] [ManualAdjust] 当前外参 [lidar_front→cam_left]:
[15:39:05.703] [info]   旋转 RPY: (112.9299, -88.5405, -31.0062) deg
[15:39:05.703] [info]   平移 XYZ: (0.1230, 0.0399, -0.0527) m
[15:39:05.732] [debug] [ManualAdjust] 旋转增量 RPY=(0.100, 0.000, 0.000)deg
[15:39:05.732] [info] [ManualAdjust] 当前外参 [lidar_front→cam_left]:
[15:39:05.732] [info]   旋转 RPY: (113.0299, -88.5405, -31.0062) deg
[15:39:05.732] [info]   平移 XYZ: (0.1230, 0.0399, -0.0527) m
[15:39:05.765] [debug] [ManualAdjust] 旋转增量 RPY=(0.100, 0.000, 0.000)deg
[15:39:05.765] [info] [ManualAdjust] 当前外参 [lidar_front→cam_left]:
[15:39:05.765] [info]   旋转 RPY: (113.1299, -88.5405, -31.0062) deg
[15:39:05.765] [info]   平移 XYZ: (0.1230, 0.0399, -0.0527) m
[15:39:05.793] [debug] [ManualAdjust] 旋转增量 RPY=(0.100, 0.000, 0.000)deg
[15:39:05.793] [info] [ManualAdjust] 当前外参 [lidar_front→cam_left]:
[15:39:05.793] [info]   旋转 RPY: (113.2299, -88.5405, -31.0062) deg
[15:39:05.793] [info]   平移 XYZ: (0.1230, 0.0399, -0.0527) m
[15:39:05.824] [debug] [ManualAdjust] 旋转增量 RPY=(0.100, 0.000, 0.000)deg
[15:39:05.824] [info] [ManualAdjust] 当前外参 [lidar_front→cam_left]:
[15:39:05.824] [info]   旋转 RPY: (113.3299, -88.5405, -31.0062) deg
[15:39:05.824] [info]   平移 XYZ: (0.1230, 0.0399, -0.0527) m
[15:39:05.855] [debug] [ManualAdjust] 旋转增量 RPY=(0.100, 0.000, 0.000)deg
[15:39:05.855] [info] [ManualAdjust] 当前外参 [lidar_front→cam_left]:
[15:39:05.855] [info]   旋转 RPY: (113.4299, -88.5405, -31.0062) deg
[15:39:05.855] [info]   平移 XYZ: (0.1230, 0.0399, -0.0527) m
[15:39:05.885] [debug] [ManualAdjust] 旋转增量 RPY=(0.100, 0.000, 0.000)deg
[15:39:05.885] [info] [ManualAdjust] 当前外参 [lidar_front→cam_left]:
[15:39:05.885] [info]   旋转 RPY: (113.5299, -88.5405, -31.0062) deg
[15:39:05.885] [info]   平移 XYZ: (0.1230, 0.0399, -0.0527) m
[15:39:05.916] [debug] [ManualAdjust] 旋转增量 RPY=(0.100, 0.000, 0.000)deg
[15:39:05.916] [info] [ManualAdjust] 当前外参 [lidar_front→cam_left]:
[15:39:05.916] [info]   旋转 RPY: (113.6299, -88.5405, -31.0062) deg
[15:39:05.916] [info]   平移 XYZ: (0.1230, 0.0399, -0.0527) m
[15:39:05.945] [debug] [ManualAdjust] 旋转增量 RPY=(0.100, 0.000, 0.000)deg
[15:39:05.945] [info] [ManualAdjust] 当前外参 [lidar_front→cam_left]:
[15:39:05.945] [info]   旋转 RPY: (113.7299, -88.5405, -31.0062) deg
[15:39:05.945] [info]   平移 XYZ: (0.1230, 0.0399, -0.0527) m
[15:39:05.976] [debug] [ManualAdjust] 旋转增量 RPY=(0.100, 0.000, 0.000)deg
[15:39:05.976] [info] [ManualAdjust] 当前外参 [lidar_front→cam_left]:
[15:39:05.976] [info]   旋转 RPY: (113.8299, -88.5405, -31.0062) deg
[15:39:05.976] [info]   平移 XYZ: (0.1230, 0.0399, -0.0527) m
[15:39:06.005] [debug] [ManualAdjust] 旋转增量 RPY=(0.100, 0.000, 0.000)deg
[15:39:06.005] [info] [ManualAdjust] 当前外参 [lidar_front→cam_left]:
[15:39:06.005] [info]   旋转 RPY: (113.9299, -88.5405, -31.0062) deg
[15:39:06.005] [info]   平移 XYZ: (0.1230, 0.0399, -0.0527) m
[15:39:06.035] [debug] [ManualAdjust] 旋转增量 RPY=(0.100, 0.000, 0.000)deg
[15:39:06.035] [info] [ManualAdjust] 当前外参 [lidar_front→cam_left]:
[15:39:06.035] [info]   旋转 RPY: (114.0299, -88.5405, -31.0062) deg
[15:39:06.035] [info]   平移 XYZ: (0.1230, 0.0399, -0.0527) m
[15:39:06.065] [debug] [ManualAdjust] 旋转增量 RPY=(0.100, 0.000, 0.000)deg
[15:39:06.065] [info] [ManualAdjust] 当前外参 [lidar_front→cam_left]:
[15:39:06.065] [info]   旋转 RPY: (114.1299, -88.5405, -31.0062) deg
[15:39:06.065] [info]   平移 XYZ: (0.1230, 0.0399, -0.0527) m
[15:39:06.096] [debug] [ManualAdjust] 旋转增量 RPY=(0.100, 0.000, 0.000)deg
[15:39:06.096] [info] [ManualAdjust] 当前外参 [lidar_front→cam_left]:
[15:39:06.096] [info]   旋转 RPY: (114.2299, -88.5405, -31.0062) deg
[15:39:06.096] [info]   平移 XYZ: (0.1230, 0.0399, -0.0527) m
[15:39:06.126] [debug] [ManualAdjust] 旋转增量 RPY=(0.100, 0.000, 0.000)deg
[15:39:06.126] [info] [ManualAdjust] 当前外参 [lidar_front→cam_left]:
[15:39:06.126] [info]   旋转 RPY: (114.3299, -88.5405, -31.0062) deg
[15:39:06.126] [info]   平移 XYZ: (0.1230, 0.0399, -0.0527) m
[15:39:06.155] [debug] [ManualAdjust] 旋转增量 RPY=(0.100, 0.000, 0.000)deg
[15:39:06.155] [info] [ManualAdjust] 当前外参 [lidar_front→cam_left]:
[15:39:06.155] [info]   旋转 RPY: (114.4299, -88.5405, -31.0062) deg
[15:39:06.155] [info]   平移 XYZ: (0.1230, 0.0399, -0.0527) m
[15:39:06.185] [debug] [ManualAdjust] 旋转增量 RPY=(0.100, 0.000, 0.000)deg
[15:39:06.185] [info] [ManualAdjust] 当前外参 [lidar_front→cam_left]:
[15:39:06.185] [info]   旋转 RPY: (114.5299, -88.5405, -31.0062) deg
[15:39:06.185] [info]   平移 XYZ: (0.1230, 0.0399, -0.0527) m
[15:39:06.217] [debug] [ManualAdjust] 旋转增量 RPY=(0.100, 0.000, 0.000)deg
[15:39:06.217] [info] [ManualAdjust] 当前外参 [lidar_front→cam_left]:
[15:39:06.217] [info]   旋转 RPY: (114.6299, -88.5405, -31.0062) deg
[15:39:06.217] [info]   平移 XYZ: (0.1230, 0.0399, -0.0527) m
[15:39:06.247] [debug] [ManualAdjust] 旋转增量 RPY=(0.100, 0.000, 0.000)deg
[15:39:06.247] [info] [ManualAdjust] 当前外参 [lidar_front→cam_left]:
[15:39:06.247] [info]   旋转 RPY: (114.7299, -88.5405, -31.0062) deg
[15:39:06.247] [info]   平移 XYZ: (0.1230, 0.0399, -0.0527) m
[15:39:06.277] [debug] [ManualAdjust] 旋转增量 RPY=(0.100, 0.000, 0.000)deg
[15:39:06.277] [info] [ManualAdjust] 当前外参 [lidar_front→cam_left]:
[15:39:06.277] [info]   旋转 RPY: (114.8299, -88.5405, -31.0062) deg
[15:39:06.277] [info]   平移 XYZ: (0.1230, 0.0399, -0.0527) m
[15:39:06.307] [debug] [ManualAdjust] 旋转增量 RPY=(0.100, 0.000, 0.000)deg
[15:39:06.308] [info] [ManualAdjust] 当前外参 [lidar_front→cam_left]:
[15:39:06.308] [info]   旋转 RPY: (114.9299, -88.5405, -31.0062) deg
[15:39:06.308] [info]   平移 XYZ: (0.1230, 0.0399, -0.0527) m
[15:39:06.337] [debug] [ManualAdjust] 旋转增量 RPY=(0.100, 0.000, 0.000)deg
[15:39:06.337] [info] [ManualAdjust] 当前外参 [lidar_front→cam_left]:
[15:39:06.337] [info]   旋转 RPY: (115.0299, -88.5405, -31.0062) deg
[15:39:06.337] [info]   平移 XYZ: (0.1230, 0.0399, -0.0527) m
[15:39:06.368] [debug] [ManualAdjust] 旋转增量 RPY=(0.100, 0.000, 0.000)deg
[15:39:06.368] [info] [ManualAdjust] 当前外参 [lidar_front→cam_left]:
[15:39:06.368] [info]   旋转 RPY: (115.1299, -88.5405, -31.0062) deg
[15:39:06.368] [info]   平移 XYZ: (0.1230, 0.0399, -0.0527) m
[15:39:06.398] [debug] [ManualAdjust] 旋转增量 RPY=(0.100, 0.000, 0.000)deg
[15:39:06.398] [info] [ManualAdjust] 当前外参 [lidar_front→cam_left]:
[15:39:06.398] [info]   旋转 RPY: (115.2299, -88.5405, -31.0062) deg
[15:39:06.398] [info]   平移 XYZ: (0.1230, 0.0399, -0.0527) m
[15:39:06.428] [debug] [ManualAdjust] 旋转增量 RPY=(0.100, 0.000, 0.000)deg
[15:39:06.428] [info] [ManualAdjust] 当前外参 [lidar_front→cam_left]:
[15:39:06.428] [info]   旋转 RPY: (115.3299, -88.5405, -31.0062) deg
[15:39:06.428] [info]   平移 XYZ: (0.1230, 0.0399, -0.0527) m
[15:39:06.459] [debug] [ManualAdjust] 旋转增量 RPY=(0.100, 0.000, 0.000)deg
[15:39:06.459] [info] [ManualAdjust] 当前外参 [lidar_front→cam_left]:
[15:39:06.459] [info]   旋转 RPY: (115.4299, -88.5405, -31.0062) deg
[15:39:06.459] [info]   平移 XYZ: (0.1230, 0.0399, -0.0527) m
[15:39:06.489] [debug] [ManualAdjust] 旋转增量 RPY=(0.100, 0.000, 0.000)deg
[15:39:06.489] [info] [ManualAdjust] 当前外参 [lidar_front→cam_left]:
[15:39:06.489] [info]   旋转 RPY: (115.5299, -88.5405, -31.0062) deg
[15:39:06.489] [info]   平移 XYZ: (0.1230, 0.0399, -0.0527) m
[15:39:06.520] [debug] [ManualAdjust] 旋转增量 RPY=(0.100, 0.000, 0.000)deg
[15:39:06.520] [info] [ManualAdjust] 当前外参 [lidar_front→cam_left]:
[15:39:06.520] [info]   旋转 RPY: (115.6299, -88.5405, -31.0062) deg
[15:39:06.520] [info]   平移 XYZ: (0.1230, 0.0399, -0.0527) m
[15:39:06.549] [debug] [ManualAdjust] 旋转增量 RPY=(0.100, 0.000, 0.000)deg
[15:39:06.549] [info] [ManualAdjust] 当前外参 [lidar_front→cam_left]:
[15:39:06.549] [info]   旋转 RPY: (115.7299, -88.5405, -31.0062) deg
[15:39:06.549] [info]   平移 XYZ: (0.1230, 0.0399, -0.0527) m
[15:39:06.579] [debug] [ManualAdjust] 旋转增量 RPY=(0.100, 0.000, 0.000)deg
[15:39:06.579] [info] [ManualAdjust] 当前外参 [lidar_front→cam_left]:
[15:39:06.579] [info]   旋转 RPY: (115.8299, -88.5405, -31.0062) deg
[15:39:06.579] [info]   平移 XYZ: (0.1230, 0.0399, -0.0527) m
[15:39:06.610] [debug] [ManualAdjust] 旋转增量 RPY=(0.100, 0.000, 0.000)deg
[15:39:06.610] [info] [ManualAdjust] 当前外参 [lidar_front→cam_left]:
[15:39:06.610] [info]   旋转 RPY: (115.9299, -88.5405, -31.0062) deg
[15:39:06.610] [info]   平移 XYZ: (0.1230, 0.0399, -0.0527) m
[15:39:06.639] [debug] [ManualAdjust] 旋转增量 RPY=(0.100, 0.000, 0.000)deg
[15:39:06.639] [info] [ManualAdjust] 当前外参 [lidar_front→cam_left]:
[15:39:06.639] [info]   旋转 RPY: (116.0299, -88.5405, -31.0062) deg
[15:39:06.639] [info]   平移 XYZ: (0.1230, 0.0399, -0.0527) m
[15:39:06.669] [debug] [ManualAdjust] 旋转增量 RPY=(0.100, 0.000, 0.000)deg
[15:39:06.669] [info] [ManualAdjust] 当前外参 [lidar_front→cam_left]:
[15:39:06.669] [info]   旋转 RPY: (116.1299, -88.5405, -31.0062) deg
[15:39:06.669] [info]   平移 XYZ: (0.1230, 0.0399, -0.0527) m
[15:39:06.700] [debug] [ManualAdjust] 旋转增量 RPY=(0.100, 0.000, 0.000)deg
[15:39:06.700] [info] [ManualAdjust] 当前外参 [lidar_front→cam_left]:
[15:39:06.700] [info]   旋转 RPY: (116.2299, -88.5405, -31.0062) deg
[15:39:06.700] [info]   平移 XYZ: (0.1230, 0.0399, -0.0527) m
[15:39:06.731] [debug] [ManualAdjust] 旋转增量 RPY=(0.100, 0.000, 0.000)deg
[15:39:06.731] [info] [ManualAdjust] 当前外参 [lidar_front→cam_left]:
[15:39:06.731] [info]   旋转 RPY: (116.3299, -88.5405, -31.0062) deg
[15:39:06.731] [info]   平移 XYZ: (0.1230, 0.0399, -0.0527) m
[15:39:06.760] [debug] [ManualAdjust] 旋转增量 RPY=(0.100, 0.000, 0.000)deg
[15:39:06.760] [info] [ManualAdjust] 当前外参 [lidar_front→cam_left]:
[15:39:06.760] [info]   旋转 RPY: (116.4299, -88.5405, -31.0062) deg
[15:39:06.760] [info]   平移 XYZ: (0.1230, 0.0399, -0.0527) m
[15:39:06.789] [debug] [ManualAdjust] 旋转增量 RPY=(0.100, 0.000, 0.000)deg
[15:39:06.789] [info] [ManualAdjust] 当前外参 [lidar_front→cam_left]:
[15:39:06.789] [info]   旋转 RPY: (116.5299, -88.5405, -31.0062) deg
[15:39:06.789] [info]   平移 XYZ: (0.1230, 0.0399, -0.0527) m
[15:39:06.820] [debug] [ManualAdjust] 旋转增量 RPY=(0.100, 0.000, 0.000)deg
[15:39:06.820] [info] [ManualAdjust] 当前外参 [lidar_front→cam_left]:
[15:39:06.820] [info]   旋转 RPY: (116.6299, -88.5405, -31.0062) deg
[15:39:06.820] [info]   平移 XYZ: (0.1230, 0.0399, -0.0527) m
[15:39:06.850] [debug] [ManualAdjust] 旋转增量 RPY=(0.100, 0.000, 0.000)deg
[15:39:06.850] [info] [ManualAdjust] 当前外参 [lidar_front→cam_left]:
[15:39:06.850] [info]   旋转 RPY: (116.7299, -88.5405, -31.0062) deg
[15:39:06.850] [info]   平移 XYZ: (0.1230, 0.0399, -0.0527) m
[15:39:06.881] [debug] [ManualAdjust] 旋转增量 RPY=(0.100, 0.000, 0.000)deg
[15:39:06.881] [info] [ManualAdjust] 当前外参 [lidar_front→cam_left]:
[15:39:06.881] [info]   旋转 RPY: (116.8299, -88.5405, -31.0062) deg
[15:39:06.881] [info]   平移 XYZ: (0.1230, 0.0399, -0.0527) m
[15:39:06.911] [debug] [ManualAdjust] 旋转增量 RPY=(0.100, 0.000, 0.000)deg
[15:39:06.911] [info] [ManualAdjust] 当前外参 [lidar_front→cam_left]:
[15:39:06.911] [info]   旋转 RPY: (116.9299, -88.5405, -31.0062) deg
[15:39:06.911] [info]   平移 XYZ: (0.1230, 0.0399, -0.0527) m
[15:39:06.941] [debug] [ManualAdjust] 旋转增量 RPY=(0.100, 0.000, 0.000)deg
[15:39:06.941] [info] [ManualAdjust] 当前外参 [lidar_front→cam_left]:
[15:39:06.941] [info]   旋转 RPY: (117.0299, -88.5405, -31.0062) deg
[15:39:06.941] [info]   平移 XYZ: (0.1230, 0.0399, -0.0527) m
[15:39:06.971] [debug] [ManualAdjust] 旋转增量 RPY=(0.100, 0.000, 0.000)deg
[15:39:06.971] [info] [ManualAdjust] 当前外参 [lidar_front→cam_left]:
[15:39:06.971] [info]   旋转 RPY: (117.1299, -88.5405, -31.0062) deg
[15:39:06.971] [info]   平移 XYZ: (0.1230, 0.0399, -0.0527) m
[15:39:07.001] [debug] [ManualAdjust] 旋转增量 RPY=(0.100, 0.000, 0.000)deg
[15:39:07.001] [info] [ManualAdjust] 当前外参 [lidar_front→cam_left]:
[15:39:07.001] [info]   旋转 RPY: (117.2299, -88.5405, -31.0062) deg
[15:39:07.001] [info]   平移 XYZ: (0.1230, 0.0399, -0.0527) m
[15:39:07.031] [debug] [ManualAdjust] 旋转增量 RPY=(0.100, 0.000, 0.000)deg
[15:39:07.031] [info] [ManualAdjust] 当前外参 [lidar_front→cam_left]:
[15:39:07.031] [info]   旋转 RPY: (117.3299, -88.5405, -31.0062) deg
[15:39:07.031] [info]   平移 XYZ: (0.1230, 0.0399, -0.0527) m
[15:39:07.061] [debug] [ManualAdjust] 旋转增量 RPY=(0.100, 0.000, 0.000)deg
[15:39:07.061] [info] [ManualAdjust] 当前外参 [lidar_front→cam_left]:
[15:39:07.061] [info]   旋转 RPY: (117.4299, -88.5405, -31.0062) deg
[15:39:07.061] [info]   平移 XYZ: (0.1230, 0.0399, -0.0527) m
[15:39:07.092] [debug] [ManualAdjust] 旋转增量 RPY=(0.100, 0.000, 0.000)deg
[15:39:07.092] [info] [ManualAdjust] 当前外参 [lidar_front→cam_left]:
[15:39:07.092] [info]   旋转 RPY: (117.5299, -88.5405, -31.0062) deg
[15:39:07.092] [info]   平移 XYZ: (0.1230, 0.0399, -0.0527) m
[15:39:07.122] [debug] [ManualAdjust] 旋转增量 RPY=(0.100, 0.000, 0.000)deg
[15:39:07.122] [info] [ManualAdjust] 当前外参 [lidar_front→cam_left]:
[15:39:07.122] [info]   旋转 RPY: (117.6299, -88.5405, -31.0062) deg
[15:39:07.122] [info]   平移 XYZ: (0.1230, 0.0399, -0.0527) m
[15:39:07.152] [debug] [ManualAdjust] 旋转增量 RPY=(0.100, 0.000, 0.000)deg
[15:39:07.152] [info] [ManualAdjust] 当前外参 [lidar_front→cam_left]:
[15:39:07.152] [info]   旋转 RPY: (117.7299, -88.5405, -31.0062) deg
[15:39:07.152] [info]   平移 XYZ: (0.1230, 0.0399, -0.0527) m
[15:39:07.184] [debug] [ManualAdjust] 旋转增量 RPY=(0.100, 0.000, 0.000)deg
[15:39:07.184] [info] [ManualAdjust] 当前外参 [lidar_front→cam_left]:
[15:39:07.184] [info]   旋转 RPY: (117.8299, -88.5405, -31.0062) deg
[15:39:07.184] [info]   平移 XYZ: (0.1230, 0.0399, -0.0527) m
[15:39:07.214] [debug] [ManualAdjust] 旋转增量 RPY=(0.100, 0.000, 0.000)deg
[15:39:07.214] [info] [ManualAdjust] 当前外参 [lidar_front→cam_left]:
[15:39:07.214] [info]   旋转 RPY: (117.9299, -88.5405, -31.0062) deg
[15:39:07.214] [info]   平移 XYZ: (0.1230, 0.0399, -0.0527) m
[15:39:07.244] [debug] [ManualAdjust] 旋转增量 RPY=(0.100, 0.000, 0.000)deg
[15:39:07.244] [info] [ManualAdjust] 当前外参 [lidar_front→cam_left]:
[15:39:07.244] [info]   旋转 RPY: (118.0299, -88.5405, -31.0062) deg
[15:39:07.244] [info]   平移 XYZ: (0.1230, 0.0399, -0.0527) m
[15:39:07.274] [debug] [ManualAdjust] 旋转增量 RPY=(0.100, 0.000, 0.000)deg
[15:39:07.274] [info] [ManualAdjust] 当前外参 [lidar_front→cam_left]:
[15:39:07.274] [info]   旋转 RPY: (118.1299, -88.5405, -31.0062) deg
[15:39:07.274] [info]   平移 XYZ: (0.1230, 0.0399, -0.0527) m
[15:39:07.304] [debug] [ManualAdjust] 旋转增量 RPY=(0.100, 0.000, 0.000)deg
[15:39:07.304] [info] [ManualAdjust] 当前外参 [lidar_front→cam_left]:
[15:39:07.305] [info]   旋转 RPY: (118.2299, -88.5405, -31.0062) deg
[15:39:07.305] [info]   平移 XYZ: (0.1230, 0.0399, -0.0527) m
[15:39:07.335] [debug] [ManualAdjust] 旋转增量 RPY=(0.100, 0.000, 0.000)deg
[15:39:07.335] [info] [ManualAdjust] 当前外参 [lidar_front→cam_left]:
[15:39:07.335] [info]   旋转 RPY: (118.3299, -88.5405, -31.0062) deg
[15:39:07.335] [info]   平移 XYZ: (0.1230, 0.0399, -0.0527) m
[15:39:07.365] [debug] [ManualAdjust] 旋转增量 RPY=(0.100, 0.000, 0.000)deg
[15:39:07.365] [info] [ManualAdjust] 当前外参 [lidar_front→cam_left]:
[15:39:07.365] [info]   旋转 RPY: (118.4299, -88.5405, -31.0062) deg
[15:39:07.365] [info]   平移 XYZ: (0.1230, 0.0399, -0.0527) m
[15:39:07.395] [debug] [ManualAdjust] 旋转增量 RPY=(0.100, 0.000, 0.000)deg
[15:39:07.395] [info] [ManualAdjust] 当前外参 [lidar_front→cam_left]:
[15:39:07.395] [info]   旋转 RPY: (118.5299, -88.5405, -31.0062) deg
[15:39:07.395] [info]   平移 XYZ: (0.1230, 0.0399, -0.0527) m
[15:39:07.425] [debug] [ManualAdjust] 旋转增量 RPY=(0.100, 0.000, 0.000)deg
[15:39:07.425] [info] [ManualAdjust] 当前外参 [lidar_front→cam_left]:
[15:39:07.425] [info]   旋转 RPY: (118.6299, -88.5405, -31.0062) deg
[15:39:07.425] [info]   平移 XYZ: (0.1230, 0.0399, -0.0527) m
[15:39:07.456] [debug] [ManualAdjust] 旋转增量 RPY=(0.100, 0.000, 0.000)deg
[15:39:07.456] [info] [ManualAdjust] 当前外参 [lidar_front→cam_left]:
[15:39:07.456] [info]   旋转 RPY: (118.7299, -88.5405, -31.0062) deg
[15:39:07.456] [info]   平移 XYZ: (0.1230, 0.0399, -0.0527) m
[15:39:07.486] [debug] [ManualAdjust] 旋转增量 RPY=(0.100, 0.000, 0.000)deg
[15:39:07.486] [info] [ManualAdjust] 当前外参 [lidar_front→cam_left]:
[15:39:07.486] [info]   旋转 RPY: (118.8299, -88.5405, -31.0062) deg
[15:39:07.486] [info]   平移 XYZ: (0.1230, 0.0399, -0.0527) m
[15:39:07.516] [debug] [ManualAdjust] 旋转增量 RPY=(0.100, 0.000, 0.000)deg
[15:39:07.516] [info] [ManualAdjust] 当前外参 [lidar_front→cam_left]:
[15:39:07.516] [info]   旋转 RPY: (118.9299, -88.5405, -31.0062) deg
[15:39:07.516] [info]   平移 XYZ: (0.1230, 0.0399, -0.0527) m
[15:39:07.547] [debug] [ManualAdjust] 旋转增量 RPY=(0.100, 0.000, 0.000)deg
[15:39:07.547] [info] [ManualAdjust] 当前外参 [lidar_front→cam_left]:
[15:39:07.547] [info]   旋转 RPY: (119.0299, -88.5405, -31.0062) deg
[15:39:07.547] [info]   平移 XYZ: (0.1230, 0.0399, -0.0527) m
[15:39:07.577] [debug] [ManualAdjust] 旋转增量 RPY=(0.100, 0.000, 0.000)deg
[15:39:07.577] [info] [ManualAdjust] 当前外参 [lidar_front→cam_left]:
[15:39:07.577] [info]   旋转 RPY: (119.1299, -88.5405, -31.0062) deg
[15:39:07.577] [info]   平移 XYZ: (0.1230, 0.0399, -0.0527) m
[15:39:07.607] [debug] [ManualAdjust] 旋转增量 RPY=(0.100, 0.000, 0.000)deg
[15:39:07.607] [info] [ManualAdjust] 当前外参 [lidar_front→cam_left]:
[15:39:07.607] [info]   旋转 RPY: (119.2299, -88.5405, -31.0062) deg
[15:39:07.607] [info]   平移 XYZ: (0.1230, 0.0399, -0.0527) m
[15:39:07.637] [debug] [ManualAdjust] 旋转增量 RPY=(0.100, 0.000, 0.000)deg
[15:39:07.637] [info] [ManualAdjust] 当前外参 [lidar_front→cam_left]:
[15:39:07.637] [info]   旋转 RPY: (119.3299, -88.5405, -31.0062) deg
[15:39:07.637] [info]   平移 XYZ: (0.1230, 0.0399, -0.0527) m
[15:39:07.667] [debug] [ManualAdjust] 旋转增量 RPY=(0.100, 0.000, 0.000)deg
[15:39:07.667] [info] [ManualAdjust] 当前外参 [lidar_front→cam_left]:
[15:39:07.667] [info]   旋转 RPY: (119.4299, -88.5405, -31.0062) deg
[15:39:07.667] [info]   平移 XYZ: (0.1230, 0.0399, -0.0527) m
[15:39:07.697] [debug] [ManualAdjust] 旋转增量 RPY=(0.100, 0.000, 0.000)deg
[15:39:07.697] [info] [ManualAdjust] 当前外参 [lidar_front→cam_left]:
[15:39:07.697] [info]   旋转 RPY: (119.5299, -88.5405, -31.0062) deg
[15:39:07.697] [info]   平移 XYZ: (0.1230, 0.0399, -0.0527) m
[15:39:07.727] [debug] [ManualAdjust] 旋转增量 RPY=(0.100, 0.000, 0.000)deg
[15:39:07.727] [info] [ManualAdjust] 当前外参 [lidar_front→cam_left]:
[15:39:07.727] [info]   旋转 RPY: (119.6299, -88.5405, -31.0062) deg
[15:39:07.727] [info]   平移 XYZ: (0.1230, 0.0399, -0.0527) m
[15:39:07.757] [debug] [ManualAdjust] 旋转增量 RPY=(0.100, 0.000, 0.000)deg
[15:39:07.757] [info] [ManualAdjust] 当前外参 [lidar_front→cam_left]:
[15:39:07.757] [info]   旋转 RPY: (119.7299, -88.5405, -31.0062) deg
[15:39:07.757] [info]   平移 XYZ: (0.1230, 0.0399, -0.0527) m
[15:39:07.788] [debug] [ManualAdjust] 旋转增量 RPY=(0.100, 0.000, 0.000)deg
[15:39:07.788] [info] [ManualAdjust] 当前外参 [lidar_front→cam_left]:
[15:39:07.788] [info]   旋转 RPY: (119.8299, -88.5405, -31.0062) deg
[15:39:07.788] [info]   平移 XYZ: (0.1230, 0.0399, -0.0527) m
[15:39:07.818] [debug] [ManualAdjust] 旋转增量 RPY=(0.100, 0.000, 0.000)deg
[15:39:07.818] [info] [ManualAdjust] 当前外参 [lidar_front→cam_left]:
[15:39:07.818] [info]   旋转 RPY: (119.9299, -88.5405, -31.0062) deg
[15:39:07.818] [info]   平移 XYZ: (0.1230, 0.0399, -0.0527) m
[15:39:07.847] [debug] [ManualAdjust] 旋转增量 RPY=(0.100, 0.000, 0.000)deg
[15:39:07.847] [info] [ManualAdjust] 当前外参 [lidar_front→cam_left]:
[15:39:07.847] [info]   旋转 RPY: (120.0299, -88.5405, -31.0062) deg
[15:39:07.847] [info]   平移 XYZ: (0.1230, 0.0399, -0.0527) m
[15:39:07.878] [debug] [ManualAdjust] 旋转增量 RPY=(0.100, 0.000, 0.000)deg
[15:39:07.878] [info] [ManualAdjust] 当前外参 [lidar_front→cam_left]:
[15:39:07.878] [info]   旋转 RPY: (120.1299, -88.5405, -31.0062) deg
[15:39:07.878] [info]   平移 XYZ: (0.1230, 0.0399, -0.0527) m
[15:39:07.909] [debug] [ManualAdjust] 旋转增量 RPY=(0.100, 0.000, 0.000)deg
[15:39:07.909] [info] [ManualAdjust] 当前外参 [lidar_front→cam_left]:
[15:39:07.909] [info]   旋转 RPY: (120.2299, -88.5405, -31.0062) deg
[15:39:07.909] [info]   平移 XYZ: (0.1230, 0.0399, -0.0527) m
[15:39:07.939] [debug] [ManualAdjust] 旋转增量 RPY=(0.100, 0.000, 0.000)deg
[15:39:07.939] [info] [ManualAdjust] 当前外参 [lidar_front→cam_left]:
[15:39:07.939] [info]   旋转 RPY: (120.3299, -88.5405, -31.0062) deg
[15:39:07.939] [info]   平移 XYZ: (0.1230, 0.0399, -0.0527) m
[15:39:07.968] [debug] [ManualAdjust] 旋转增量 RPY=(0.100, 0.000, 0.000)deg
[15:39:07.968] [info] [ManualAdjust] 当前外参 [lidar_front→cam_left]:
[15:39:07.968] [info]   旋转 RPY: (120.4299, -88.5405, -31.0062) deg
[15:39:07.968] [info]   平移 XYZ: (0.1230, 0.0399, -0.0527) m
[15:39:07.999] [debug] [ManualAdjust] 旋转增量 RPY=(0.100, 0.000, 0.000)deg
[15:39:07.999] [info] [ManualAdjust] 当前外参 [lidar_front→cam_left]:
[15:39:07.999] [info]   旋转 RPY: (120.5299, -88.5405, -31.0062) deg
[15:39:07.999] [info]   平移 XYZ: (0.1230, 0.0399, -0.0527) m
[15:39:08.030] [debug] [ManualAdjust] 旋转增量 RPY=(0.100, 0.000, 0.000)deg
[15:39:08.030] [info] [ManualAdjust] 当前外参 [lidar_front→cam_left]:
[15:39:08.030] [info]   旋转 RPY: (120.6299, -88.5405, -31.0062) deg
[15:39:08.030] [info]   平移 XYZ: (0.1230, 0.0399, -0.0527) m
[15:39:08.059] [debug] [ManualAdjust] 旋转增量 RPY=(0.100, 0.000, 0.000)deg
[15:39:08.059] [info] [ManualAdjust] 当前外参 [lidar_front→cam_left]:
[15:39:08.059] [info]   旋转 RPY: (120.7299, -88.5405, -31.0062) deg
[15:39:08.059] [info]   平移 XYZ: (0.1230, 0.0399, -0.0527) m
[15:39:08.090] [debug] [ManualAdjust] 旋转增量 RPY=(0.100, 0.000, 0.000)deg
[15:39:08.090] [info] [ManualAdjust] 当前外参 [lidar_front→cam_left]:
[15:39:08.090] [info]   旋转 RPY: (120.8299, -88.5405, -31.0062) deg
[15:39:08.090] [info]   平移 XYZ: (0.1230, 0.0399, -0.0527) m
[15:39:08.120] [debug] [ManualAdjust] 旋转增量 RPY=(0.100, 0.000, 0.000)deg
[15:39:08.120] [info] [ManualAdjust] 当前外参 [lidar_front→cam_left]:
[15:39:08.120] [info]   旋转 RPY: (120.9299, -88.5405, -31.0062) deg
[15:39:08.120] [info]   平移 XYZ: (0.1230, 0.0399, -0.0527) m
[15:39:08.150] [debug] [ManualAdjust] 旋转增量 RPY=(0.100, 0.000, 0.000)deg
[15:39:08.150] [info] [ManualAdjust] 当前外参 [lidar_front→cam_left]:
[15:39:08.150] [info]   旋转 RPY: (121.0299, -88.5405, -31.0062) deg
[15:39:08.150] [info]   平移 XYZ: (0.1230, 0.0399, -0.0527) m
[15:39:08.180] [debug] [ManualAdjust] 旋转增量 RPY=(0.100, 0.000, 0.000)deg
[15:39:08.180] [info] [ManualAdjust] 当前外参 [lidar_front→cam_left]:
[15:39:08.180] [info]   旋转 RPY: (121.1299, -88.5405, -31.0062) deg
[15:39:08.180] [info]   平移 XYZ: (0.1230, 0.0399, -0.0527) m
[15:39:09.112] [debug] [ManualAdjust] 旋转增量 RPY=(-0.100, 0.000, 0.000)deg
[15:39:09.112] [info] [ManualAdjust] 当前外参 [lidar_front→cam_left]:
[15:39:09.112] [info]   旋转 RPY: (121.0299, -88.5405, -31.0062) deg
[15:39:09.112] [info]   平移 XYZ: (0.1230, 0.0399, -0.0527) m
[15:39:09.613] [debug] [ManualAdjust] 旋转增量 RPY=(-0.100, 0.000, 0.000)deg
[15:39:09.613] [info] [ManualAdjust] 当前外参 [lidar_front→cam_left]:
[15:39:09.613] [info]   旋转 RPY: (120.9299, -88.5405, -31.0062) deg
[15:39:09.613] [info]   平移 XYZ: (0.1230, 0.0399, -0.0527) m
[15:39:09.644] [debug] [ManualAdjust] 旋转增量 RPY=(-0.100, 0.000, 0.000)deg
[15:39:09.644] [info] [ManualAdjust] 当前外参 [lidar_front→cam_left]:
[15:39:09.644] [info]   旋转 RPY: (120.8299, -88.5405, -31.0062) deg
[15:39:09.644] [info]   平移 XYZ: (0.1230, 0.0399, -0.0527) m
[15:39:09.674] [debug] [ManualAdjust] 旋转增量 RPY=(-0.100, 0.000, 0.000)deg
[15:39:09.674] [info] [ManualAdjust] 当前外参 [lidar_front→cam_left]:
[15:39:09.674] [info]   旋转 RPY: (120.7299, -88.5405, -31.0062) deg
[15:39:09.674] [info]   平移 XYZ: (0.1230, 0.0399, -0.0527) m
[15:39:09.705] [debug] [ManualAdjust] 旋转增量 RPY=(-0.100, 0.000, 0.000)deg
[15:39:09.705] [info] [ManualAdjust] 当前外参 [lidar_front→cam_left]:
[15:39:09.705] [info]   旋转 RPY: (120.6299, -88.5405, -31.0062) deg
[15:39:09.705] [info]   平移 XYZ: (0.1230, 0.0399, -0.0527) m
[15:39:10.888] [debug] [ManualAdjust] 旋转增量 RPY=(0.000, 0.100, 0.000)deg
[15:39:10.888] [info] [ManualAdjust] 当前外参 [lidar_front→cam_left]:
[15:39:10.888] [info]   旋转 RPY: (117.1348, -88.5888, -27.5101) deg
[15:39:10.888] [info]   平移 XYZ: (0.1230, 0.0399, -0.0527) m
[15:39:11.248] [debug] [ManualAdjust] 旋转增量 RPY=(0.000, 0.100, 0.000)deg
[15:39:11.248] [info] [ManualAdjust] 当前外参 [lidar_front→cam_left]:
[15:39:11.248] [info]   旋转 RPY: (113.4068, -88.6315, -23.7810) deg
[15:39:11.248] [info]   平移 XYZ: (0.1230, 0.0399, -0.0527) m
[15:39:11.749] [debug] [ManualAdjust] 旋转增量 RPY=(0.000, 0.100, 0.000)deg
[15:39:11.749] [info] [ManualAdjust] 当前外参 [lidar_front→cam_left]:
[15:39:11.749] [info]   旋转 RPY: (109.4567, -88.6681, -19.8297) deg
[15:39:11.749] [info]   平移 XYZ: (0.1230, 0.0399, -0.0527) m
[15:39:11.778] [debug] [ManualAdjust] 旋转增量 RPY=(0.000, 0.100, 0.000)deg
[15:39:11.778] [info] [ManualAdjust] 当前外参 [lidar_front→cam_left]:
[15:39:11.778] [info]   旋转 RPY: (105.3045, -88.6980, -15.6765) deg
[15:39:11.778] [info]   平移 XYZ: (0.1230, 0.0399, -0.0527) m
[15:39:11.809] [debug] [ManualAdjust] 旋转增量 RPY=(0.000, 0.100, 0.000)deg
[15:39:11.809] [info] [ManualAdjust] 当前外参 [lidar_front→cam_left]:
[15:39:11.809] [info]   旋转 RPY: (100.9811, -88.7207, -11.3520) deg
[15:39:11.809] [info]   平移 XYZ: (0.1230, 0.0399, -0.0527) m
[15:39:11.838] [debug] [ManualAdjust] 旋转增量 RPY=(0.000, 0.100, 0.000)deg
[15:39:11.838] [info] [ManualAdjust] 当前外参 [lidar_front→cam_left]:
[15:39:11.838] [info]   旋转 RPY: (96.5275, -88.7360, -6.8973) deg
[15:39:11.838] [info]   平移 XYZ: (0.1230, 0.0399, -0.0527) m
[15:39:11.868] [debug] [ManualAdjust] 旋转增量 RPY=(0.000, 0.100, 0.000)deg
[15:39:11.868] [info] [ManualAdjust] 当前外参 [lidar_front→cam_left]:
[15:39:11.868] [info]   旋转 RPY: (91.9935, -88.7434, -2.3622) deg
[15:39:11.868] [info]   平移 XYZ: (0.1230, 0.0399, -0.0527) m
[15:39:11.898] [debug] [ManualAdjust] 旋转增量 RPY=(0.000, 0.100, 0.000)deg
[15:39:11.898] [info] [ManualAdjust] 当前外参 [lidar_front→cam_left]:
[15:39:11.898] [info]   旋转 RPY: (87.4343, -88.7429, 2.1981) deg
[15:39:11.898] [info]   平移 XYZ: (0.1230, 0.0399, -0.0527) m
[15:39:11.929] [debug] [ManualAdjust] 旋转增量 RPY=(0.000, 0.100, 0.000)deg
[15:39:11.929] [info] [ManualAdjust] 当前外参 [lidar_front→cam_left]:
[15:39:11.929] [info]   旋转 RPY: (82.9074, -88.7345, 6.7261) deg
[15:39:11.929] [info]   平移 XYZ: (0.1230, 0.0399, -0.0527) m
[15:39:11.959] [debug] [ManualAdjust] 旋转增量 RPY=(0.000, 0.100, 0.000)deg
[15:39:11.959] [info] [ManualAdjust] 当前外参 [lidar_front→cam_left]:
[15:39:11.959] [info]   旋转 RPY: (78.4676, -88.7183, 11.1670) deg
[15:39:11.959] [info]   平移 XYZ: (0.1230, 0.0399, -0.0527) m
[15:39:11.989] [debug] [ManualAdjust] 旋转增量 RPY=(0.000, 0.100, 0.000)deg
[15:39:11.989] [info] [ManualAdjust] 当前外参 [lidar_front→cam_left]:
[15:39:11.989] [info]   旋转 RPY: (74.1637, -88.6946, 15.4720) deg
[15:39:11.989] [info]   平移 XYZ: (0.1230, 0.0399, -0.0527) m
[15:39:12.020] [debug] [ManualAdjust] 旋转增量 RPY=(0.000, 0.100, 0.000)deg
[15:39:12.020] [info] [ManualAdjust] 当前外参 [lidar_front→cam_left]:
[15:39:12.020] [info]   旋转 RPY: (70.0354, -88.6639, 19.6013) deg
[15:39:12.020] [info]   平移 XYZ: (0.1230, 0.0399, -0.0527) m
[15:39:12.050] [debug] [ManualAdjust] 旋转增量 RPY=(0.000, 0.100, 0.000)deg
[15:39:12.050] [info] [ManualAdjust] 当前外参 [lidar_front→cam_left]:
[15:39:12.050] [info]   旋转 RPY: (66.1123, -88.6265, 23.5256) deg
[15:39:12.050] [info]   平移 XYZ: (0.1230, 0.0399, -0.0527) m
[15:39:12.079] [debug] [ManualAdjust] 旋转增量 RPY=(0.000, 0.100, 0.000)deg
[15:39:12.079] [info] [ManualAdjust] 当前外参 [lidar_front→cam_left]:
[15:39:12.079] [info]   旋转 RPY: (62.4132, -88.5831, 27.2258) deg
[15:39:12.079] [info]   平移 XYZ: (0.1230, 0.0399, -0.0527) m
[15:39:12.110] [debug] [ManualAdjust] 旋转增量 RPY=(0.000, 0.100, 0.000)deg
[15:39:12.110] [info] [ManualAdjust] 当前外参 [lidar_front→cam_left]:
[15:39:12.110] [info]   旋转 RPY: (58.9477, -88.5341, 30.6924) deg
[15:39:12.110] [info]   平移 XYZ: (0.1230, 0.0399, -0.0527) m
[15:39:12.139] [debug] [ManualAdjust] 旋转增量 RPY=(0.000, 0.100, 0.000)deg
[15:39:12.139] [info] [ManualAdjust] 当前外参 [lidar_front→cam_left]:
[15:39:12.139] [info]   旋转 RPY: (55.7173, -88.4801, 33.9239) deg
[15:39:12.139] [info]   平移 XYZ: (0.1230, 0.0399, -0.0527) m
[15:39:12.170] [debug] [ManualAdjust] 旋转增量 RPY=(0.000, 0.100, 0.000)deg
[15:39:12.170] [info] [ManualAdjust] 当前外参 [lidar_front→cam_left]:
[15:39:12.170] [info]   旋转 RPY: (52.7173, -88.4216, 36.9250) deg
[15:39:12.170] [info]   平移 XYZ: (0.1230, 0.0399, -0.0527) m
[15:39:12.200] [debug] [ManualAdjust] 旋转增量 RPY=(0.000, 0.100, 0.000)deg
[15:39:12.200] [info] [ManualAdjust] 当前外参 [lidar_front→cam_left]:
[15:39:12.200] [info]   旋转 RPY: (49.9388, -88.3591, 39.7046) deg
[15:39:12.200] [info]   平移 XYZ: (0.1230, 0.0399, -0.0527) m
[15:39:12.230] [debug] [ManualAdjust] 旋转增量 RPY=(0.000, 0.100, 0.000)deg
[15:39:12.230] [info] [ManualAdjust] 当前外参 [lidar_front→cam_left]:
[15:39:12.230] [info]   旋转 RPY: (47.3697, -88.2930, 42.2748) deg
[15:39:12.230] [info]   平移 XYZ: (0.1230, 0.0399, -0.0527) m
[15:39:12.261] [debug] [ManualAdjust] 旋转增量 RPY=(0.000, 0.100, 0.000)deg
[15:39:12.261] [info] [ManualAdjust] 当前外参 [lidar_front→cam_left]:
[15:39:12.261] [info]   旋转 RPY: (44.9965, -88.2237, 44.6491) deg
[15:39:12.261] [info]   平移 XYZ: (0.1230, 0.0399, -0.0527) m
[15:39:12.291] [debug] [ManualAdjust] 旋转增量 RPY=(0.000, 0.100, 0.000)deg
[15:39:12.291] [info] [ManualAdjust] 当前外参 [lidar_front→cam_left]:
[15:39:12.291] [info]   旋转 RPY: (42.8049, -88.1517, 46.8418) deg
[15:39:12.291] [info]   平移 XYZ: (0.1230, 0.0399, -0.0527) m
[15:39:12.321] [debug] [ManualAdjust] 旋转增量 RPY=(0.000, 0.100, 0.000)deg
[15:39:12.322] [info] [ManualAdjust] 当前外参 [lidar_front→cam_left]:
[15:39:12.322] [info]   旋转 RPY: (40.7805, -88.0771, 48.8673) deg
[15:39:12.322] [info]   平移 XYZ: (0.1230, 0.0399, -0.0527) m
[15:39:12.352] [debug] [ManualAdjust] 旋转增量 RPY=(0.000, 0.100, 0.000)deg
[15:39:12.352] [info] [ManualAdjust] 当前外参 [lidar_front→cam_left]:
[15:39:12.352] [info]   旋转 RPY: (38.9094, -88.0003, 50.7395) deg
[15:39:12.352] [info]   平移 XYZ: (0.1230, 0.0399, -0.0527) m
[15:39:12.382] [debug] [ManualAdjust] 旋转增量 RPY=(0.000, 0.100, 0.000)deg
[15:39:12.382] [info] [ManualAdjust] 当前外参 [lidar_front→cam_left]:
[15:39:12.382] [info]   旋转 RPY: (37.1784, -87.9216, 52.4715) deg
[15:39:12.382] [info]   平移 XYZ: (0.1230, 0.0399, -0.0527) m
[15:39:12.413] [debug] [ManualAdjust] 旋转增量 RPY=(0.000, 0.100, 0.000)deg
[15:39:12.413] [info] [ManualAdjust] 当前外参 [lidar_front→cam_left]:
[15:39:12.413] [info]   旋转 RPY: (35.5752, -87.8410, 54.0758) deg
[15:39:12.413] [info]   平移 XYZ: (0.1230, 0.0399, -0.0527) m
[15:39:12.444] [debug] [ManualAdjust] 旋转增量 RPY=(0.000, 0.100, 0.000)deg
[15:39:12.444] [info] [ManualAdjust] 当前外参 [lidar_front→cam_left]:
[15:39:12.444] [info]   旋转 RPY: (34.0884, -87.7589, 55.5638) deg
[15:39:12.444] [info]   平移 XYZ: (0.1230, 0.0399, -0.0527) m
[15:39:12.473] [debug] [ManualAdjust] 旋转增量 RPY=(0.000, 0.100, 0.000)deg
[15:39:12.473] [info] [ManualAdjust] 当前外参 [lidar_front→cam_left]:
[15:39:12.473] [info]   旋转 RPY: (32.7075, -87.6755, 56.9457) deg
[15:39:12.473] [info]   平移 XYZ: (0.1230, 0.0399, -0.0527) m
[15:39:12.504] [debug] [ManualAdjust] 旋转增量 RPY=(0.000, 0.100, 0.000)deg
[15:39:12.504] [info] [ManualAdjust] 当前外参 [lidar_front→cam_left]:
[15:39:12.504] [info]   旋转 RPY: (31.4231, -87.5907, 58.2312) deg
[15:39:12.504] [info]   平移 XYZ: (0.1230, 0.0399, -0.0527) m
[15:39:12.534] [debug] [ManualAdjust] 旋转增量 RPY=(0.000, 0.100, 0.000)deg
[15:39:12.534] [info] [ManualAdjust] 当前外参 [lidar_front→cam_left]:
[15:39:12.534] [info]   旋转 RPY: (30.2266, -87.5048, 59.4289) deg
[15:39:12.534] [info]   平移 XYZ: (0.1230, 0.0399, -0.0527) m
[15:39:12.563] [debug] [ManualAdjust] 旋转增量 RPY=(0.000, 0.100, 0.000)deg
[15:39:12.563] [info] [ManualAdjust] 当前外参 [lidar_front→cam_left]:
[15:39:12.563] [info]   旋转 RPY: (29.1101, -87.4179, 60.5464) deg
[15:39:12.563] [info]   平移 XYZ: (0.1230, 0.0399, -0.0527) m
[15:39:12.593] [debug] [ManualAdjust] 旋转增量 RPY=(0.000, 0.100, 0.000)deg
[15:39:12.593] [info] [ManualAdjust] 当前外参 [lidar_front→cam_left]:
[15:39:12.593] [info]   旋转 RPY: (28.0668, -87.3301, 61.5908) deg
[15:39:12.593] [info]   平移 XYZ: (0.1230, 0.0399, -0.0527) m
[15:39:12.623] [debug] [ManualAdjust] 旋转增量 RPY=(0.000, 0.100, 0.000)deg
[15:39:12.623] [info] [ManualAdjust] 当前外参 [lidar_front→cam_left]:
[15:39:12.623] [info]   旋转 RPY: (27.0902, -87.2415, 62.5685) deg
[15:39:12.623] [info]   平移 XYZ: (0.1230, 0.0399, -0.0527) m
[15:39:12.654] [debug] [ManualAdjust] 旋转增量 RPY=(0.000, 0.100, 0.000)deg
[15:39:12.654] [info] [ManualAdjust] 当前外参 [lidar_front→cam_left]:
[15:39:12.654] [info]   旋转 RPY: (26.1747, -87.1521, 63.4851) deg
[15:39:12.654] [info]   平移 XYZ: (0.1230, 0.0399, -0.0527) m
[15:39:12.684] [debug] [ManualAdjust] 旋转增量 RPY=(0.000, 0.100, 0.000)deg
[15:39:12.684] [info] [ManualAdjust] 当前外参 [lidar_front→cam_left]:
[15:39:12.684] [info]   旋转 RPY: (25.3151, -87.0620, 64.3458) deg
[15:39:12.684] [info]   平移 XYZ: (0.1230, 0.0399, -0.0527) m
[15:39:12.714] [debug] [ManualAdjust] 旋转增量 RPY=(0.000, 0.100, 0.000)deg
[15:39:12.714] [info] [ManualAdjust] 当前外参 [lidar_front→cam_left]:
[15:39:12.714] [info]   旋转 RPY: (24.5069, -86.9713, 65.1551) deg
[15:39:12.714] [info]   平移 XYZ: (0.1230, 0.0399, -0.0527) m
[15:39:12.744] [debug] [ManualAdjust] 旋转增量 RPY=(0.000, 0.100, 0.000)deg
[15:39:12.744] [info] [ManualAdjust] 当前外参 [lidar_front→cam_left]:
[15:39:12.744] [info]   旋转 RPY: (23.7459, -86.8800, 65.9172) deg
[15:39:12.744] [info]   平移 XYZ: (0.1230, 0.0399, -0.0527) m
[15:39:12.773] [debug] [ManualAdjust] 旋转增量 RPY=(0.000, 0.100, 0.000)deg
[15:39:12.773] [info] [ManualAdjust] 当前外参 [lidar_front→cam_left]:
[15:39:12.773] [info]   旋转 RPY: (23.0282, -86.7883, 66.6360) deg
[15:39:12.773] [info]   平移 XYZ: (0.1230, 0.0399, -0.0527) m
[15:39:12.804] [debug] [ManualAdjust] 旋转增量 RPY=(0.000, 0.100, 0.000)deg
[15:39:12.804] [info] [ManualAdjust] 当前外参 [lidar_front→cam_left]:
[15:39:12.804] [info]   旋转 RPY: (22.3505, -86.6960, 67.3147) deg
[15:39:12.804] [info]   平移 XYZ: (0.1230, 0.0399, -0.0527) m
[15:39:12.834] [debug] [ManualAdjust] 旋转增量 RPY=(0.000, 0.100, 0.000)deg
[15:39:12.834] [info] [ManualAdjust] 当前外参 [lidar_front→cam_left]:
[15:39:12.834] [info]   旋转 RPY: (21.7098, -86.6033, 67.9566) deg
[15:39:12.834] [info]   平移 XYZ: (0.1230, 0.0399, -0.0527) m
[15:39:12.864] [debug] [ManualAdjust] 旋转增量 RPY=(0.000, 0.100, 0.000)deg
[15:39:12.865] [info] [ManualAdjust] 当前外参 [lidar_front→cam_left]:
[15:39:12.865] [info]   旋转 RPY: (21.1032, -86.5102, 68.5643) deg
[15:39:12.865] [info]   平移 XYZ: (0.1230, 0.0399, -0.0527) m
[15:39:13.896] [debug] [ManualAdjust] 旋转增量 RPY=(0.000, -0.100, 0.000)deg
[15:39:13.896] [info] [ManualAdjust] 当前外参 [lidar_front→cam_left]:
[15:39:13.896] [info]   旋转 RPY: (21.7098, -86.6033, 67.9566) deg
[15:39:13.896] [info]   平移 XYZ: (0.1230, 0.0399, -0.0527) m
[15:39:13.919] [info] [ManualAdjust] 结果已保存: ./results/lidar_camera_extrinsic/manual_extrinsic_20260422_153913.yaml
[15:39:13.919] [info] [ManualCalib] 手动微调快照已保存:
[15:39:13.919] [info]   - 投影图: ./results/lidar_camera_extrinsic/manual_projection_20260422_153913.png
[15:39:13.919] [info]   - 点云:   ./results/lidar_camera_extrinsic/manual_cloud_20260422_153913.pcd
[15:39:13.919] [info]   - 外参:   ./results/lidar_camera_extrinsic/manual_extrinsic_20260422_153913.yaml
[15:39:14.665] [debug] [ManualAdjust] 旋转增量 RPY=(0.000, 0.100, 0.000)deg
[15:39:14.665] [info] [ManualAdjust] 当前外参 [lidar_front→cam_left]:
[15:39:14.665] [info]   旋转 RPY: (21.1032, -86.5102, 68.5643) deg
[15:39:14.665] [info]   平移 XYZ: (0.1230, 0.0399, -0.0527) m
[15:39:15.164] [debug] [ManualAdjust] 旋转增量 RPY=(0.000, 0.100, 0.000)deg
[15:39:15.164] [info] [ManualAdjust] 当前外参 [lidar_front→cam_left]:
[15:39:15.164] [info]   旋转 RPY: (20.5282, -86.4167, 69.1404) deg
[15:39:15.164] [info]   平移 XYZ: (0.1230, 0.0399, -0.0527) m
[15:39:15.194] [debug] [ManualAdjust] 旋转增量 RPY=(0.000, 0.100, 0.000)deg
[15:39:15.194] [info] [ManualAdjust] 当前外参 [lidar_front→cam_left]:
[15:39:15.194] [info]   旋转 RPY: (19.9825, -86.3229, 69.6872) deg
[15:39:15.194] [info]   平移 XYZ: (0.1230, 0.0399, -0.0527) m
[15:39:15.224] [debug] [ManualAdjust] 旋转增量 RPY=(0.000, 0.100, 0.000)deg
[15:39:15.224] [info] [ManualAdjust] 当前外参 [lidar_front→cam_left]:
[15:39:15.224] [info]   旋转 RPY: (19.4640, -86.2288, 70.2067) deg
[15:39:15.224] [info]   平移 XYZ: (0.1230, 0.0399, -0.0527) m
[15:39:15.254] [debug] [ManualAdjust] 旋转增量 RPY=(0.000, 0.100, 0.000)deg
[15:39:15.254] [info] [ManualAdjust] 当前外参 [lidar_front→cam_left]:
[15:39:15.254] [info]   旋转 RPY: (18.9709, -86.1343, 70.7010) deg
[15:39:15.254] [info]   平移 XYZ: (0.1230, 0.0399, -0.0527) m
[15:39:15.284] [debug] [ManualAdjust] 旋转增量 RPY=(0.000, 0.100, 0.000)deg
[15:39:15.284] [info] [ManualAdjust] 当前外参 [lidar_front→cam_left]:
[15:39:15.284] [info]   旋转 RPY: (18.5013, -86.0396, 71.1717) deg
[15:39:15.284] [info]   平移 XYZ: (0.1230, 0.0399, -0.0527) m
[15:39:15.314] [debug] [ManualAdjust] 旋转增量 RPY=(0.000, 0.100, 0.000)deg
[15:39:15.314] [info] [ManualAdjust] 当前外参 [lidar_front→cam_left]:
[15:39:15.314] [info]   旋转 RPY: (18.0537, -85.9447, 71.6204) deg
[15:39:15.314] [info]   平移 XYZ: (0.1230, 0.0399, -0.0527) m
[15:39:15.344] [debug] [ManualAdjust] 旋转增量 RPY=(0.000, 0.100, 0.000)deg
[15:39:15.344] [info] [ManualAdjust] 当前外参 [lidar_front→cam_left]:
[15:39:15.344] [info]   旋转 RPY: (17.6266, -85.8495, 72.0486) deg
[15:39:15.344] [info]   平移 XYZ: (0.1230, 0.0399, -0.0527) m
[15:39:15.374] [debug] [ManualAdjust] 旋转增量 RPY=(0.000, 0.100, 0.000)deg
[15:39:15.374] [info] [ManualAdjust] 当前外参 [lidar_front→cam_left]:
[15:39:15.374] [info]   旋转 RPY: (17.2187, -85.7541, 72.4576) deg
[15:39:15.374] [info]   平移 XYZ: (0.1230, 0.0399, -0.0527) m
[15:39:15.404] [debug] [ManualAdjust] 旋转增量 RPY=(0.000, 0.100, 0.000)deg
[15:39:15.404] [info] [ManualAdjust] 当前外参 [lidar_front→cam_left]:
[15:39:15.404] [info]   旋转 RPY: (16.8287, -85.6585, 72.8486) deg
[15:39:15.404] [info]   平移 XYZ: (0.1230, 0.0399, -0.0527) m
[15:39:15.434] [debug] [ManualAdjust] 旋转增量 RPY=(0.000, 0.100, 0.000)deg
[15:39:15.434] [info] [ManualAdjust] 当前外参 [lidar_front→cam_left]:
[15:39:15.434] [info]   旋转 RPY: (16.4556, -85.5626, 73.2228) deg
[15:39:15.434] [info]   平移 XYZ: (0.1230, 0.0399, -0.0527) m
[15:39:15.465] [debug] [ManualAdjust] 旋转增量 RPY=(0.000, 0.100, 0.000)deg
[15:39:15.465] [info] [ManualAdjust] 当前外参 [lidar_front→cam_left]:
[15:39:15.465] [info]   旋转 RPY: (16.0983, -85.4667, 73.5812) deg
[15:39:15.465] [info]   平移 XYZ: (0.1230, 0.0399, -0.0527) m
[15:39:15.496] [debug] [ManualAdjust] 旋转增量 RPY=(0.000, 0.100, 0.000)deg
[15:39:15.496] [info] [ManualAdjust] 当前外参 [lidar_front→cam_left]:
[15:39:15.496] [info]   旋转 RPY: (15.7559, -85.3705, 73.9248) deg
[15:39:15.496] [info]   平移 XYZ: (0.1230, 0.0399, -0.0527) m
[15:39:15.526] [debug] [ManualAdjust] 旋转增量 RPY=(0.000, 0.100, 0.000)deg
[15:39:15.526] [info] [ManualAdjust] 当前外参 [lidar_front→cam_left]:
[15:39:15.526] [info]   旋转 RPY: (15.4274, -85.2742, 74.2544) deg
[15:39:15.526] [info]   平移 XYZ: (0.1230, 0.0399, -0.0527) m
[15:39:15.556] [debug] [ManualAdjust] 旋转增量 RPY=(0.000, 0.100, 0.000)deg
[15:39:15.556] [info] [ManualAdjust] 当前外参 [lidar_front→cam_left]:
[15:39:15.556] [info]   旋转 RPY: (15.1120, -85.1777, 74.5708) deg
[15:39:15.556] [info]   平移 XYZ: (0.1230, 0.0399, -0.0527) m
[15:39:15.586] [debug] [ManualAdjust] 旋转增量 RPY=(0.000, 0.100, 0.000)deg
[15:39:15.586] [info] [ManualAdjust] 当前外参 [lidar_front→cam_left]:
[15:39:15.586] [info]   旋转 RPY: (14.8091, -85.0811, 74.8748) deg
[15:39:15.586] [info]   平移 XYZ: (0.1230, 0.0399, -0.0527) m
[15:39:15.615] [debug] [ManualAdjust] 旋转增量 RPY=(0.000, 0.100, 0.000)deg
[15:39:15.615] [info] [ManualAdjust] 当前外参 [lidar_front→cam_left]:
[15:39:15.615] [info]   旋转 RPY: (14.5178, -84.9843, 75.1672) deg
[15:39:15.615] [info]   平移 XYZ: (0.1230, 0.0399, -0.0527) m
[15:39:15.646] [debug] [ManualAdjust] 旋转增量 RPY=(0.000, 0.100, 0.000)deg
[15:39:15.646] [info] [ManualAdjust] 当前外参 [lidar_front→cam_left]:
[15:39:15.646] [info]   旋转 RPY: (14.2376, -84.8875, 75.4485) deg
[15:39:15.646] [info]   平移 XYZ: (0.1230, 0.0399, -0.0527) m
[15:39:15.675] [debug] [ManualAdjust] 旋转增量 RPY=(0.000, 0.100, 0.000)deg
[15:39:15.675] [info] [ManualAdjust] 当前外参 [lidar_front→cam_left]:
[15:39:15.675] [info]   旋转 RPY: (13.9679, -84.7905, 75.7194) deg
[15:39:15.675] [info]   平移 XYZ: (0.1230, 0.0399, -0.0527) m
[15:39:16.264] [debug] [ManualAdjust] 旋转增量 RPY=(0.100, 0.000, 0.000)deg
[15:39:16.264] [info] [ManualAdjust] 当前外参 [lidar_front→cam_left]:
[15:39:16.264] [info]   旋转 RPY: (14.0679, -84.7905, 75.7194) deg
[15:39:16.264] [info]   平移 XYZ: (0.1230, 0.0399, -0.0527) m
[15:39:16.765] [debug] [ManualAdjust] 旋转增量 RPY=(0.100, 0.000, 0.000)deg
[15:39:16.765] [info] [ManualAdjust] 当前外参 [lidar_front→cam_left]:
[15:39:16.765] [info]   旋转 RPY: (14.1679, -84.7905, 75.7194) deg
[15:39:16.765] [info]   平移 XYZ: (0.1230, 0.0399, -0.0527) m
[15:39:16.796] [debug] [ManualAdjust] 旋转增量 RPY=(0.100, 0.000, 0.000)deg
[15:39:16.796] [info] [ManualAdjust] 当前外参 [lidar_front→cam_left]:
[15:39:16.796] [info]   旋转 RPY: (14.2679, -84.7905, 75.7194) deg
[15:39:16.796] [info]   平移 XYZ: (0.1230, 0.0399, -0.0527) m
[15:39:16.825] [debug] [ManualAdjust] 旋转增量 RPY=(0.100, 0.000, 0.000)deg
[15:39:16.826] [info] [ManualAdjust] 当前外参 [lidar_front→cam_left]:
[15:39:16.826] [info]   旋转 RPY: (14.3679, -84.7905, 75.7194) deg
[15:39:16.826] [info]   平移 XYZ: (0.1230, 0.0399, -0.0527) m
[15:39:16.855] [debug] [ManualAdjust] 旋转增量 RPY=(0.100, 0.000, 0.000)deg
[15:39:16.856] [info] [ManualAdjust] 当前外参 [lidar_front→cam_left]:
[15:39:16.856] [info]   旋转 RPY: (14.4679, -84.7905, 75.7194) deg
[15:39:16.856] [info]   平移 XYZ: (0.1230, 0.0399, -0.0527) m
[15:39:17.480] [debug] [ManualAdjust] 旋转增量 RPY=(-0.100, 0.000, 0.000)deg
[15:39:17.480] [info] [ManualAdjust] 当前外参 [lidar_front→cam_left]:
[15:39:17.480] [info]   旋转 RPY: (14.3679, -84.7905, 75.7194) deg
[15:39:17.480] [info]   平移 XYZ: (0.1230, 0.0399, -0.0527) m
[15:39:17.864] [debug] [ManualAdjust] 旋转增量 RPY=(-0.100, 0.000, 0.000)deg
[15:39:17.864] [info] [ManualAdjust] 当前外参 [lidar_front→cam_left]:
[15:39:17.864] [info]   旋转 RPY: (14.2679, -84.7905, 75.7194) deg
[15:39:17.864] [info]   平移 XYZ: (0.1230, 0.0399, -0.0527) m
[15:39:18.616] [debug] [ManualAdjust] 旋转增量 RPY=(0.000, 0.000, 0.100)deg
[15:39:18.616] [info] [ManualAdjust] 当前外参 [lidar_front→cam_left]:
[15:39:18.616] [info]   旋转 RPY: (13.1999, -84.8142, 76.7917) deg
[15:39:18.616] [info]   平移 XYZ: (0.1230, 0.0399, -0.0527) m
[15:39:18.937] [debug] [ManualAdjust] 旋转增量 RPY=(0.000, 0.000, 0.100)deg
[15:39:18.937] [info] [ManualAdjust] 当前外参 [lidar_front→cam_left]:
[15:39:18.937] [info]   旋转 RPY: (12.1226, -84.8362, 77.8735) deg
[15:39:18.937] [info]   平移 XYZ: (0.1230, 0.0399, -0.0527) m
[15:39:19.089] [debug] [ManualAdjust] 旋转增量 RPY=(0.000, 0.000, 0.100)deg
[15:39:19.089] [info] [ManualAdjust] 当前外参 [lidar_front→cam_left]:
[15:39:19.089] [info]   旋转 RPY: (11.0364, -84.8562, 78.9640) deg
[15:39:19.089] [info]   平移 XYZ: (0.1230, 0.0399, -0.0527) m
[15:39:19.589] [debug] [ManualAdjust] 旋转增量 RPY=(0.000, 0.000, 0.100)deg
[15:39:19.589] [info] [ManualAdjust] 当前外参 [lidar_front→cam_left]:
[15:39:19.589] [info]   旋转 RPY: (9.9421, -84.8744, 80.0627) deg
[15:39:19.589] [info]   平移 XYZ: (0.1230, 0.0399, -0.0527) m
[15:39:19.619] [debug] [ManualAdjust] 旋转增量 RPY=(0.000, 0.000, 0.100)deg
[15:39:19.619] [info] [ManualAdjust] 当前外参 [lidar_front→cam_left]:
[15:39:19.619] [info]   旋转 RPY: (8.8404, -84.8908, 81.1688) deg
[15:39:19.619] [info]   平移 XYZ: (0.1230, 0.0399, -0.0527) m
[15:39:19.650] [debug] [ManualAdjust] 旋转增量 RPY=(0.000, 0.000, 0.100)deg
[15:39:19.650] [info] [ManualAdjust] 当前外参 [lidar_front→cam_left]:
[15:39:19.650] [info]   旋转 RPY: (7.7321, -84.9052, 82.2816) deg
[15:39:19.650] [info]   平移 XYZ: (0.1230, 0.0399, -0.0527) m
[15:39:19.680] [debug] [ManualAdjust] 旋转增量 RPY=(0.000, 0.000, 0.100)deg
[15:39:19.680] [info] [ManualAdjust] 当前外参 [lidar_front→cam_left]:
[15:39:19.680] [info]   旋转 RPY: (6.6179, -84.9177, 83.4002) deg
[15:39:19.680] [info]   平移 XYZ: (0.1230, 0.0399, -0.0527) m
[15:39:19.709] [debug] [ManualAdjust] 旋转增量 RPY=(0.000, 0.000, 0.100)deg
[15:39:19.709] [info] [ManualAdjust] 当前外参 [lidar_front→cam_left]:
[15:39:19.709] [info]   旋转 RPY: (5.4986, -84.9282, 84.5239) deg
[15:39:19.709] [info]   平移 XYZ: (0.1230, 0.0399, -0.0527) m
[15:39:19.740] [debug] [ManualAdjust] 旋转增量 RPY=(0.000, 0.000, 0.100)deg
[15:39:19.740] [info] [ManualAdjust] 当前外参 [lidar_front→cam_left]:
[15:39:19.740] [info]   旋转 RPY: (4.3750, -84.9368, 85.6519) deg
[15:39:19.740] [info]   平移 XYZ: (0.1230, 0.0399, -0.0527) m
[15:39:19.769] [debug] [ManualAdjust] 旋转增量 RPY=(0.000, 0.000, 0.100)deg
[15:39:19.769] [info] [ManualAdjust] 当前外参 [lidar_front→cam_left]:
[15:39:19.769] [info]   旋转 RPY: (3.2481, -84.9435, 86.7832) deg
[15:39:19.769] [info]   平移 XYZ: (0.1230, 0.0399, -0.0527) m
[15:39:19.799] [debug] [ManualAdjust] 旋转增量 RPY=(0.000, 0.000, 0.100)deg
[15:39:19.799] [info] [ManualAdjust] 当前外参 [lidar_front→cam_left]:
[15:39:19.799] [info]   旋转 RPY: (2.1186, -84.9481, 87.9171) deg
[15:39:19.799] [info]   平移 XYZ: (0.1230, 0.0399, -0.0527) m
[15:39:19.830] [debug] [ManualAdjust] 旋转增量 RPY=(0.000, 0.000, 0.100)deg
[15:39:19.830] [info] [ManualAdjust] 当前外参 [lidar_front→cam_left]:
[15:39:19.830] [info]   旋转 RPY: (0.9875, -84.9509, 89.0526) deg
[15:39:19.830] [info]   平移 XYZ: (0.1230, 0.0399, -0.0527) m
[15:39:19.861] [debug] [ManualAdjust] 旋转增量 RPY=(0.000, 0.000, 0.100)deg
[15:39:19.861] [info] [ManualAdjust] 当前外参 [lidar_front→cam_left]:
[15:39:19.861] [info]   旋转 RPY: (-0.1444, -84.9516, 90.1889) deg
[15:39:19.861] [info]   平移 XYZ: (0.1230, 0.0399, -0.0527) m
[15:39:19.891] [debug] [ManualAdjust] 旋转增量 RPY=(0.000, 0.000, 0.100)deg
[15:39:19.891] [info] [ManualAdjust] 当前外参 [lidar_front→cam_left]:
[15:39:19.891] [info]   旋转 RPY: (-1.2762, -84.9504, 91.3251) deg
[15:39:19.891] [info]   平移 XYZ: (0.1230, 0.0399, -0.0527) m
[15:39:19.921] [debug] [ManualAdjust] 旋转增量 RPY=(0.000, 0.000, 0.100)deg
[15:39:19.921] [info] [ManualAdjust] 当前外参 [lidar_front→cam_left]:
[15:39:19.921] [info]   旋转 RPY: (-2.4070, -84.9471, 92.4603) deg
[15:39:19.921] [info]   平移 XYZ: (0.1230, 0.0399, -0.0527) m
[15:39:19.950] [debug] [ManualAdjust] 旋转增量 RPY=(0.000, 0.000, 0.100)deg
[15:39:19.950] [info] [ManualAdjust] 当前外参 [lidar_front→cam_left]:
[15:39:19.950] [info]   旋转 RPY: (-3.5359, -84.9420, 93.5936) deg
[15:39:19.950] [info]   平移 XYZ: (0.1230, 0.0399, -0.0527) m
[15:39:19.981] [debug] [ManualAdjust] 旋转增量 RPY=(0.000, 0.000, 0.100)deg
[15:39:19.981] [info] [ManualAdjust] 当前外参 [lidar_front→cam_left]:
[15:39:19.981] [info]   旋转 RPY: (-4.6620, -84.9348, 94.7242) deg
[15:39:19.981] [info]   平移 XYZ: (0.1230, 0.0399, -0.0527) m
[15:39:20.011] [debug] [ManualAdjust] 旋转增量 RPY=(0.000, 0.000, 0.100)deg
[15:39:20.011] [info] [ManualAdjust] 当前外参 [lidar_front→cam_left]:
[15:39:20.011] [info]   旋转 RPY: (-5.7845, -84.9257, 95.8511) deg
[15:39:20.011] [info]   平移 XYZ: (0.1230, 0.0399, -0.0527) m
[15:39:20.042] [debug] [ManualAdjust] 旋转增量 RPY=(0.000, 0.000, 0.100)deg
[15:39:20.042] [info] [ManualAdjust] 当前外参 [lidar_front→cam_left]:
[15:39:20.042] [info]   旋转 RPY: (-6.9026, -84.9147, 96.9736) deg
[15:39:20.042] [info]   平移 XYZ: (0.1230, 0.0399, -0.0527) m
[15:39:20.071] [debug] [ManualAdjust] 旋转增量 RPY=(0.000, 0.000, 0.100)deg
[15:39:20.071] [info] [ManualAdjust] 当前外参 [lidar_front→cam_left]:
[15:39:20.071] [info]   旋转 RPY: (-8.0154, -84.9017, 98.0908) deg
[15:39:20.071] [info]   平移 XYZ: (0.1230, 0.0399, -0.0527) m
[15:39:20.101] [debug] [ManualAdjust] 旋转增量 RPY=(0.000, 0.000, 0.100)deg
[15:39:20.101] [info] [ManualAdjust] 当前外参 [lidar_front→cam_left]:
[15:39:20.101] [info]   旋转 RPY: (-9.1222, -84.8868, 99.2020) deg
[15:39:20.101] [info]   平移 XYZ: (0.1230, 0.0399, -0.0527) m
[15:39:20.132] [debug] [ManualAdjust] 旋转增量 RPY=(0.000, 0.000, 0.100)deg
[15:39:20.132] [info] [ManualAdjust] 当前外参 [lidar_front→cam_left]:
[15:39:20.132] [info]   旋转 RPY: (-10.2220, -84.8700, 100.3063) deg
[15:39:20.132] [info]   平移 XYZ: (0.1230, 0.0399, -0.0527) m
[15:39:20.161] [debug] [ManualAdjust] 旋转增量 RPY=(0.000, 0.000, 0.100)deg
[15:39:20.161] [info] [ManualAdjust] 当前外参 [lidar_front→cam_left]:
[15:39:20.161] [info]   旋转 RPY: (-11.3143, -84.8513, 101.4030) deg
[15:39:20.161] [info]   平移 XYZ: (0.1230, 0.0399, -0.0527) m
[15:39:20.191] [debug] [ManualAdjust] 旋转增量 RPY=(0.000, 0.000, 0.100)deg
[15:39:20.191] [info] [ManualAdjust] 当前外参 [lidar_front→cam_left]:
[15:39:20.191] [info]   旋转 RPY: (-12.3983, -84.8307, 102.4913) deg
[15:39:20.191] [info]   平移 XYZ: (0.1230, 0.0399, -0.0527) m
[15:39:20.221] [debug] [ManualAdjust] 旋转增量 RPY=(0.000, 0.000, 0.100)deg
[15:39:20.221] [info] [ManualAdjust] 当前外参 [lidar_front→cam_left]:
[15:39:20.221] [info]   旋转 RPY: (-13.4733, -84.8083, 103.5708) deg
[15:39:20.221] [info]   平移 XYZ: (0.1230, 0.0399, -0.0527) m
[15:39:20.252] [debug] [ManualAdjust] 旋转增量 RPY=(0.000, 0.000, 0.100)deg
[15:39:20.252] [info] [ManualAdjust] 当前外参 [lidar_front→cam_left]:
[15:39:20.252] [info]   旋转 RPY: (-14.5387, -84.7841, 104.6406) deg
[15:39:20.252] [info]   平移 XYZ: (0.1230, 0.0399, -0.0527) m
[15:39:20.283] [debug] [ManualAdjust] 旋转增量 RPY=(0.000, 0.000, 0.100)deg
[15:39:20.283] [info] [ManualAdjust] 当前外参 [lidar_front→cam_left]:
[15:39:20.283] [info]   旋转 RPY: (-15.5939, -84.7581, 105.7001) deg
[15:39:20.283] [info]   平移 XYZ: (0.1230, 0.0399, -0.0527) m
[15:39:20.313] [debug] [ManualAdjust] 旋转增量 RPY=(0.000, 0.000, 0.100)deg
[15:39:20.313] [info] [ManualAdjust] 当前外参 [lidar_front→cam_left]:
[15:39:20.313] [info]   旋转 RPY: (-16.6383, -84.7304, 106.7489) deg
[15:39:20.313] [info]   平移 XYZ: (0.1230, 0.0399, -0.0527) m
[15:39:20.343] [debug] [ManualAdjust] 旋转增量 RPY=(0.000, 0.000, 0.100)deg
[15:39:20.343] [info] [ManualAdjust] 当前外参 [lidar_front→cam_left]:
[15:39:20.343] [info]   旋转 RPY: (-17.6714, -84.7009, 107.7864) deg
[15:39:20.343] [info]   平移 XYZ: (0.1230, 0.0399, -0.0527) m
[15:39:20.373] [debug] [ManualAdjust] 旋转增量 RPY=(0.000, 0.000, 0.100)deg
[15:39:20.373] [info] [ManualAdjust] 当前外参 [lidar_front→cam_left]:
[15:39:20.373] [info]   旋转 RPY: (-18.6927, -84.6697, 108.8122) deg
[15:39:20.373] [info]   平移 XYZ: (0.1230, 0.0399, -0.0527) m
[15:39:20.403] [debug] [ManualAdjust] 旋转增量 RPY=(0.000, 0.000, 0.100)deg
[15:39:20.403] [info] [ManualAdjust] 当前外参 [lidar_front→cam_left]:
[15:39:20.403] [info]   旋转 RPY: (-19.7017, -84.6368, 109.8257) deg
[15:39:20.403] [info]   平移 XYZ: (0.1230, 0.0399, -0.0527) m
[15:39:20.434] [debug] [ManualAdjust] 旋转增量 RPY=(0.000, 0.000, 0.100)deg
[15:39:20.434] [info] [ManualAdjust] 当前外参 [lidar_front→cam_left]:
[15:39:20.434] [info]   旋转 RPY: (-20.6982, -84.6023, 110.8265) deg
[15:39:20.434] [info]   平移 XYZ: (0.1230, 0.0399, -0.0527) m
[15:39:20.464] [debug] [ManualAdjust] 旋转增量 RPY=(0.000, 0.000, 0.100)deg
[15:39:20.464] [info] [ManualAdjust] 当前外参 [lidar_front→cam_left]:
[15:39:20.464] [info]   旋转 RPY: (-21.6817, -84.5661, 111.8144) deg
[15:39:20.464] [info]   平移 XYZ: (0.1230, 0.0399, -0.0527) m
[15:39:20.494] [debug] [ManualAdjust] 旋转增量 RPY=(0.000, 0.000, 0.100)deg
[15:39:20.494] [info] [ManualAdjust] 当前外参 [lidar_front→cam_left]:
[15:39:20.494] [info]   旋转 RPY: (-22.6519, -84.5284, 112.7890) deg
[15:39:20.494] [info]   平移 XYZ: (0.1230, 0.0399, -0.0527) m
[15:39:20.525] [debug] [ManualAdjust] 旋转增量 RPY=(0.000, 0.000, 0.100)deg
[15:39:20.525] [info] [ManualAdjust] 当前外参 [lidar_front→cam_left]:
[15:39:20.525] [info]   旋转 RPY: (-23.6085, -84.4891, 113.7500) deg
[15:39:20.525] [info]   平移 XYZ: (0.1230, 0.0399, -0.0527) m
[15:39:20.554] [debug] [ManualAdjust] 旋转增量 RPY=(0.000, 0.000, 0.100)deg
[15:39:20.554] [info] [ManualAdjust] 当前外参 [lidar_front→cam_left]:
[15:39:20.554] [info]   旋转 RPY: (-24.5512, -84.4483, 114.6972) deg
[15:39:20.554] [info]   平移 XYZ: (0.1230, 0.0399, -0.0527) m
[15:39:20.585] [debug] [ManualAdjust] 旋转增量 RPY=(0.000, 0.000, 0.100)deg
[15:39:20.585] [info] [ManualAdjust] 当前外参 [lidar_front→cam_left]:
[15:39:20.585] [info]   旋转 RPY: (-25.4800, -84.4060, 115.6304) deg
[15:39:20.585] [info]   平移 XYZ: (0.1230, 0.0399, -0.0527) m
[15:39:20.615] [debug] [ManualAdjust] 旋转增量 RPY=(0.000, 0.000, 0.100)deg
[15:39:20.615] [info] [ManualAdjust] 当前外参 [lidar_front→cam_left]:
[15:39:20.615] [info]   旋转 RPY: (-26.3946, -84.3623, 116.5493) deg
[15:39:20.615] [info]   平移 XYZ: (0.1230, 0.0399, -0.0527) m
[15:39:20.644] [debug] [ManualAdjust] 旋转增量 RPY=(0.000, 0.000, 0.100)deg
[15:39:20.644] [info] [ManualAdjust] 当前外参 [lidar_front→cam_left]:
[15:39:20.644] [info]   旋转 RPY: (-27.2948, -84.3171, 117.4540) deg
[15:39:20.644] [info]   平移 XYZ: (0.1230, 0.0399, -0.0527) m
[15:39:20.674] [debug] [ManualAdjust] 旋转增量 RPY=(0.000, 0.000, 0.100)deg
[15:39:20.674] [info] [ManualAdjust] 当前外参 [lidar_front→cam_left]:
[15:39:20.674] [info]   旋转 RPY: (-28.1806, -84.2706, 118.3442) deg
[15:39:20.674] [info]   平移 XYZ: (0.1230, 0.0399, -0.0527) m
[15:39:20.704] [debug] [ManualAdjust] 旋转增量 RPY=(0.000, 0.000, 0.100)deg
[15:39:20.704] [info] [ManualAdjust] 当前外参 [lidar_front→cam_left]:
[15:39:20.704] [info]   旋转 RPY: (-29.0519, -84.2227, 119.2199) deg
[15:39:20.704] [info]   平移 XYZ: (0.1230, 0.0399, -0.0527) m
[15:39:20.735] [debug] [ManualAdjust] 旋转增量 RPY=(0.000, 0.000, 0.100)deg
[15:39:20.735] [info] [ManualAdjust] 当前外参 [lidar_front→cam_left]:
[15:39:20.735] [info]   旋转 RPY: (-29.9086, -84.1735, 120.0810) deg
[15:39:20.735] [info]   平移 XYZ: (0.1230, 0.0399, -0.0527) m
[15:39:20.765] [debug] [ManualAdjust] 旋转增量 RPY=(0.000, 0.000, 0.100)deg
[15:39:20.765] [info] [ManualAdjust] 当前外参 [lidar_front→cam_left]:
[15:39:20.765] [info]   旋转 RPY: (-30.7508, -84.1230, 120.9276) deg
[15:39:20.765] [info]   平移 XYZ: (0.1230, 0.0399, -0.0527) m
[15:39:20.795] [debug] [ManualAdjust] 旋转增量 RPY=(0.000, 0.000, 0.100)deg
[15:39:20.795] [info] [ManualAdjust] 当前外参 [lidar_front→cam_left]:
[15:39:20.795] [info]   旋转 RPY: (-31.5784, -84.0712, 121.7596) deg
[15:39:20.795] [info]   平移 XYZ: (0.1230, 0.0399, -0.0527) m
[15:39:20.825] [debug] [ManualAdjust] 旋转增量 RPY=(0.000, 0.000, 0.100)deg
[15:39:20.825] [info] [ManualAdjust] 当前外参 [lidar_front→cam_left]:
[15:39:20.825] [info]   旋转 RPY: (-32.3915, -84.0182, 122.5772) deg
[15:39:20.825] [info]   平移 XYZ: (0.1230, 0.0399, -0.0527) m
[15:39:20.855] [debug] [ManualAdjust] 旋转增量 RPY=(0.000, 0.000, 0.100)deg
[15:39:20.855] [info] [ManualAdjust] 当前外参 [lidar_front→cam_left]:
[15:39:20.855] [info]   旋转 RPY: (-33.1902, -83.9641, 123.3802) deg
[15:39:20.855] [info]   平移 XYZ: (0.1230, 0.0399, -0.0527) m
[15:39:20.884] [debug] [ManualAdjust] 旋转增量 RPY=(0.000, 0.000, 0.100)deg
[15:39:20.884] [info] [ManualAdjust] 当前外参 [lidar_front→cam_left]:
[15:39:20.884] [info]   旋转 RPY: (-33.9744, -83.9088, 124.1689) deg
[15:39:20.884] [info]   平移 XYZ: (0.1230, 0.0399, -0.0527) m
[15:39:20.915] [debug] [ManualAdjust] 旋转增量 RPY=(0.000, 0.000, 0.100)deg
[15:39:20.915] [info] [ManualAdjust] 当前外参 [lidar_front→cam_left]:
[15:39:20.915] [info]   旋转 RPY: (-34.7444, -83.8523, 124.9433) deg
[15:39:20.915] [info]   平移 XYZ: (0.1230, 0.0399, -0.0527) m
[15:39:20.944] [debug] [ManualAdjust] 旋转增量 RPY=(0.000, 0.000, 0.100)deg
[15:39:20.944] [info] [ManualAdjust] 当前外参 [lidar_front→cam_left]:
[15:39:20.944] [info]   旋转 RPY: (-35.5002, -83.7948, 125.7035) deg
[15:39:20.944] [info]   平移 XYZ: (0.1230, 0.0399, -0.0527) m
[15:39:20.975] [debug] [ManualAdjust] 旋转增量 RPY=(0.000, 0.000, 0.100)deg
[15:39:20.975] [info] [ManualAdjust] 当前外参 [lidar_front→cam_left]:
[15:39:20.975] [info]   旋转 RPY: (-36.2420, -83.7362, 126.4497) deg
[15:39:20.975] [info]   平移 XYZ: (0.1230, 0.0399, -0.0527) m
[15:39:21.005] [debug] [ManualAdjust] 旋转增量 RPY=(0.000, 0.000, 0.100)deg
[15:39:21.005] [info] [ManualAdjust] 当前外参 [lidar_front→cam_left]:
[15:39:21.005] [info]   旋转 RPY: (-36.9699, -83.6766, 127.1820) deg
[15:39:21.005] [info]   平移 XYZ: (0.1230, 0.0399, -0.0527) m
[15:39:21.035] [debug] [ManualAdjust] 旋转增量 RPY=(0.000, 0.000, 0.100)deg
[15:39:21.035] [info] [ManualAdjust] 当前外参 [lidar_front→cam_left]:
[15:39:21.035] [info]   旋转 RPY: (-37.6840, -83.6159, 127.9006) deg
[15:39:21.035] [info]   平移 XYZ: (0.1230, 0.0399, -0.0527) m
[15:39:21.065] [debug] [ManualAdjust] 旋转增量 RPY=(0.000, 0.000, 0.100)deg
[15:39:21.065] [info] [ManualAdjust] 当前外参 [lidar_front→cam_left]:
[15:39:21.065] [info]   旋转 RPY: (-38.3846, -83.5543, 128.6055) deg
[15:39:21.065] [info]   平移 XYZ: (0.1230, 0.0399, -0.0527) m
[15:39:21.098] [debug] [ManualAdjust] 旋转增量 RPY=(0.000, 0.000, 0.100)deg
[15:39:21.098] [info] [ManualAdjust] 当前外参 [lidar_front→cam_left]:
[15:39:21.098] [info]   旋转 RPY: (-39.0717, -83.4918, 129.2971) deg
[15:39:21.098] [info]   平移 XYZ: (0.1230, 0.0399, -0.0527) m
[15:39:21.126] [debug] [ManualAdjust] 旋转增量 RPY=(0.000, 0.000, 0.100)deg
[15:39:21.126] [info] [ManualAdjust] 当前外参 [lidar_front→cam_left]:
[15:39:21.126] [info]   旋转 RPY: (-39.7457, -83.4283, 129.9755) deg
[15:39:21.126] [info]   平移 XYZ: (0.1230, 0.0399, -0.0527) m
[15:39:21.156] [debug] [ManualAdjust] 旋转增量 RPY=(0.000, 0.000, 0.100)deg
[15:39:21.156] [info] [ManualAdjust] 当前外参 [lidar_front→cam_left]:
[15:39:21.156] [info]   旋转 RPY: (-40.4066, -83.3639, 130.6408) deg
[15:39:21.156] [info]   平移 XYZ: (0.1230, 0.0399, -0.0527) m
[15:39:21.185] [debug] [ManualAdjust] 旋转增量 RPY=(0.000, 0.000, 0.100)deg
[15:39:21.185] [info] [ManualAdjust] 当前外参 [lidar_front→cam_left]:
[15:39:21.185] [info]   旋转 RPY: (-41.0548, -83.2986, 131.2934) deg
[15:39:21.185] [info]   平移 XYZ: (0.1230, 0.0399, -0.0527) m
[15:39:21.216] [debug] [ManualAdjust] 旋转增量 RPY=(0.000, 0.000, 0.100)deg
[15:39:21.216] [info] [ManualAdjust] 当前外参 [lidar_front→cam_left]:
[15:39:21.216] [info]   旋转 RPY: (-41.6903, -83.2325, 131.9333) deg
[15:39:21.216] [info]   平移 XYZ: (0.1230, 0.0399, -0.0527) m
[15:39:21.245] [debug] [ManualAdjust] 旋转增量 RPY=(0.000, 0.000, 0.100)deg
[15:39:21.245] [info] [ManualAdjust] 当前外参 [lidar_front→cam_left]:
[15:39:21.245] [info]   旋转 RPY: (-42.3134, -83.1656, 132.5608) deg
[15:39:21.245] [info]   平移 XYZ: (0.1230, 0.0399, -0.0527) m
[15:39:21.276] [debug] [ManualAdjust] 旋转增量 RPY=(0.000, 0.000, 0.100)deg
[15:39:21.276] [info] [ManualAdjust] 当前外参 [lidar_front→cam_left]:
[15:39:21.276] [info]   旋转 RPY: (-42.9243, -83.0979, 133.1762) deg
[15:39:21.276] [info]   平移 XYZ: (0.1230, 0.0399, -0.0527) m
[15:39:21.306] [debug] [ManualAdjust] 旋转增量 RPY=(0.000, 0.000, 0.100)deg
[15:39:21.306] [info] [ManualAdjust] 当前外参 [lidar_front→cam_left]:
[15:39:21.306] [info]   旋转 RPY: (-43.5233, -83.0294, 133.7796) deg
[15:39:21.306] [info]   平移 XYZ: (0.1230, 0.0399, -0.0527) m
[15:39:21.336] [debug] [ManualAdjust] 旋转增量 RPY=(0.000, 0.000, 0.100)deg
[15:39:21.336] [info] [ManualAdjust] 当前外参 [lidar_front→cam_left]:
[15:39:21.336] [info]   旋转 RPY: (-44.1105, -82.9602, 134.3712) deg
[15:39:21.336] [info]   平移 XYZ: (0.1230, 0.0399, -0.0527) m
[15:39:21.367] [debug] [ManualAdjust] 旋转增量 RPY=(0.000, 0.000, 0.100)deg
[15:39:21.367] [info] [ManualAdjust] 当前外参 [lidar_front→cam_left]:
[15:39:21.367] [info]   旋转 RPY: (-44.6862, -82.8902, 134.9513) deg
[15:39:21.367] [info]   平移 XYZ: (0.1230, 0.0399, -0.0527) m
[15:39:21.397] [debug] [ManualAdjust] 旋转增量 RPY=(0.000, 0.000, 0.100)deg
[15:39:21.397] [info] [ManualAdjust] 当前外参 [lidar_front→cam_left]:
[15:39:21.397] [info]   旋转 RPY: (-45.2506, -82.8196, 135.5201) deg
[15:39:21.397] [info]   平移 XYZ: (0.1230, 0.0399, -0.0527) m
[15:39:21.427] [debug] [ManualAdjust] 旋转增量 RPY=(0.000, 0.000, 0.100)deg
[15:39:21.427] [info] [ManualAdjust] 当前外参 [lidar_front→cam_left]:
[15:39:21.427] [info]   旋转 RPY: (-45.8039, -82.7482, 136.0779) deg
[15:39:21.427] [info]   平移 XYZ: (0.1230, 0.0399, -0.0527) m
[15:39:21.456] [debug] [ManualAdjust] 旋转增量 RPY=(0.000, 0.000, 0.100)deg
[15:39:21.457] [info] [ManualAdjust] 当前外参 [lidar_front→cam_left]:
[15:39:21.457] [info]   旋转 RPY: (-46.3464, -82.6762, 136.6247) deg
[15:39:21.457] [info]   平移 XYZ: (0.1230, 0.0399, -0.0527) m
[15:39:21.486] [debug] [ManualAdjust] 旋转增量 RPY=(0.000, 0.000, 0.100)deg
[15:39:21.486] [info] [ManualAdjust] 当前外参 [lidar_front→cam_left]:
[15:39:21.486] [info]   旋转 RPY: (-46.8782, -82.6035, 137.1610) deg
[15:39:21.486] [info]   平移 XYZ: (0.1230, 0.0399, -0.0527) m
[15:39:21.517] [debug] [ManualAdjust] 旋转增量 RPY=(0.000, 0.000, 0.100)deg
[15:39:21.517] [info] [ManualAdjust] 当前外参 [lidar_front→cam_left]:
[15:39:21.517] [info]   旋转 RPY: (-47.3996, -82.5302, 137.6868) deg
[15:39:21.517] [info]   平移 XYZ: (0.1230, 0.0399, -0.0527) m
[15:39:21.547] [debug] [ManualAdjust] 旋转增量 RPY=(0.000, 0.000, 0.100)deg
[15:39:21.547] [info] [ManualAdjust] 当前外参 [lidar_front→cam_left]:
[15:39:21.547] [info]   旋转 RPY: (-47.9107, -82.4563, 138.2024) deg
[15:39:21.547] [info]   平移 XYZ: (0.1230, 0.0399, -0.0527) m
[15:39:21.576] [debug] [ManualAdjust] 旋转增量 RPY=(0.000, 0.000, 0.100)deg
[15:39:21.577] [info] [ManualAdjust] 当前外参 [lidar_front→cam_left]:
[15:39:21.577] [info]   旋转 RPY: (-48.4119, -82.3818, 138.7080) deg
[15:39:21.577] [info]   平移 XYZ: (0.1230, 0.0399, -0.0527) m
[15:39:21.607] [debug] [ManualAdjust] 旋转增量 RPY=(0.000, 0.000, 0.100)deg
[15:39:21.607] [info] [ManualAdjust] 当前外参 [lidar_front→cam_left]:
[15:39:21.607] [info]   旋转 RPY: (-48.9033, -82.3067, 139.2038) deg
[15:39:21.607] [info]   平移 XYZ: (0.1230, 0.0399, -0.0527) m
[15:39:21.637] [debug] [ManualAdjust] 旋转增量 RPY=(0.000, 0.000, 0.100)deg
[15:39:21.637] [info] [ManualAdjust] 当前外参 [lidar_front→cam_left]:
[15:39:21.637] [info]   旋转 RPY: (-49.3852, -82.2311, 139.6901) deg
[15:39:21.637] [info]   平移 XYZ: (0.1230, 0.0399, -0.0527) m
[15:39:21.667] [debug] [ManualAdjust] 旋转增量 RPY=(0.000, 0.000, 0.100)deg
[15:39:21.667] [info] [ManualAdjust] 当前外参 [lidar_front→cam_left]:
[15:39:21.667] [info]   旋转 RPY: (-49.8577, -82.1549, 140.1670) deg
[15:39:21.667] [info]   平移 XYZ: (0.1230, 0.0399, -0.0527) m
[15:39:21.698] [debug] [ManualAdjust] 旋转增量 RPY=(0.000, 0.000, 0.100)deg
[15:39:21.698] [info] [ManualAdjust] 当前外参 [lidar_front→cam_left]:
[15:39:21.698] [info]   旋转 RPY: (-50.3211, -82.0782, 140.6348) deg
[15:39:21.698] [info]   平移 XYZ: (0.1230, 0.0399, -0.0527) m
[15:39:21.727] [debug] [ManualAdjust] 旋转增量 RPY=(0.000, 0.000, 0.100)deg
[15:39:21.727] [info] [ManualAdjust] 当前外参 [lidar_front→cam_left]:
[15:39:21.727] [info]   旋转 RPY: (-50.7755, -82.0010, 141.0936) deg
[15:39:21.727] [info]   平移 XYZ: (0.1230, 0.0399, -0.0527) m
[15:39:21.758] [debug] [ManualAdjust] 旋转增量 RPY=(0.000, 0.000, 0.100)deg
[15:39:21.758] [info] [ManualAdjust] 当前外参 [lidar_front→cam_left]:
[15:39:21.758] [info]   旋转 RPY: (-51.2211, -81.9232, 141.5437) deg
[15:39:21.758] [info]   平移 XYZ: (0.1230, 0.0399, -0.0527) m
[15:39:21.789] [debug] [ManualAdjust] 旋转增量 RPY=(0.000, 0.000, 0.100)deg
[15:39:21.789] [info] [ManualAdjust] 当前外参 [lidar_front→cam_left]:
[15:39:21.789] [info]   旋转 RPY: (-51.6582, -81.8451, 141.9852) deg
[15:39:21.789] [info]   平移 XYZ: (0.1230, 0.0399, -0.0527) m
[15:39:21.819] [debug] [ManualAdjust] 旋转增量 RPY=(0.000, 0.000, 0.100)deg
[15:39:21.820] [info] [ManualAdjust] 当前外参 [lidar_front→cam_left]:
[15:39:21.820] [info]   旋转 RPY: (-52.0870, -81.7664, 142.4184) deg
[15:39:21.820] [info]   平移 XYZ: (0.1230, 0.0399, -0.0527) m
[15:39:21.850] [debug] [ManualAdjust] 旋转增量 RPY=(0.000, 0.000, 0.100)deg
[15:39:21.850] [info] [ManualAdjust] 当前外参 [lidar_front→cam_left]:
[15:39:21.850] [info]   旋转 RPY: (-52.5076, -81.6873, 142.8434) deg
[15:39:21.850] [info]   平移 XYZ: (0.1230, 0.0399, -0.0527) m
[15:39:21.880] [debug] [ManualAdjust] 旋转增量 RPY=(0.000, 0.000, 0.100)deg
[15:39:21.880] [info] [ManualAdjust] 当前外参 [lidar_front→cam_left]:
[15:39:21.880] [info]   旋转 RPY: (-52.9202, -81.6077, 143.2605) deg
[15:39:21.880] [info]   平移 XYZ: (0.1230, 0.0399, -0.0527) m
[15:39:21.910] [debug] [ManualAdjust] 旋转增量 RPY=(0.000, 0.000, 0.100)deg
[15:39:21.910] [info] [ManualAdjust] 当前外参 [lidar_front→cam_left]:
[15:39:21.910] [info]   旋转 RPY: (-53.3250, -81.5277, 143.6697) deg
[15:39:21.910] [info]   平移 XYZ: (0.1230, 0.0399, -0.0527) m
[15:39:21.941] [debug] [ManualAdjust] 旋转增量 RPY=(0.000, 0.000, 0.100)deg
[15:39:21.941] [info] [ManualAdjust] 当前外参 [lidar_front→cam_left]:
[15:39:21.941] [info]   旋转 RPY: (-53.7222, -81.4473, 144.0713) deg
[15:39:21.941] [info]   平移 XYZ: (0.1230, 0.0399, -0.0527) m
[15:39:21.971] [debug] [ManualAdjust] 旋转增量 RPY=(0.000, 0.000, 0.100)deg
[15:39:21.971] [info] [ManualAdjust] 当前外参 [lidar_front→cam_left]:
[15:39:21.971] [info]   旋转 RPY: (-54.1120, -81.3665, 144.4655) deg
[15:39:21.971] [info]   平移 XYZ: (0.1230, 0.0399, -0.0527) m
[15:39:22.002] [debug] [ManualAdjust] 旋转增量 RPY=(0.000, 0.000, 0.100)deg
[15:39:22.002] [info] [ManualAdjust] 当前外参 [lidar_front→cam_left]:
[15:39:22.002] [info]   旋转 RPY: (-54.4944, -81.2853, 144.8524) deg
[15:39:22.002] [info]   平移 XYZ: (0.1230, 0.0399, -0.0527) m
[15:39:22.033] [debug] [ManualAdjust] 旋转增量 RPY=(0.000, 0.000, 0.100)deg
[15:39:22.033] [info] [ManualAdjust] 当前外参 [lidar_front→cam_left]:
[15:39:22.033] [info]   旋转 RPY: (-54.8698, -81.2037, 145.2322) deg
[15:39:22.033] [info]   平移 XYZ: (0.1230, 0.0399, -0.0527) m
[15:39:22.063] [debug] [ManualAdjust] 旋转增量 RPY=(0.000, 0.000, 0.100)deg
[15:39:22.063] [info] [ManualAdjust] 当前外参 [lidar_front→cam_left]:
[15:39:22.063] [info]   旋转 RPY: (-55.2382, -81.1217, 145.6050) deg
[15:39:22.063] [info]   平移 XYZ: (0.1230, 0.0399, -0.0527) m
[15:39:22.092] [debug] [ManualAdjust] 旋转增量 RPY=(0.000, 0.000, 0.100)deg
[15:39:22.092] [info] [ManualAdjust] 当前外参 [lidar_front→cam_left]:
[15:39:22.092] [info]   旋转 RPY: (-55.5999, -81.0394, 145.9711) deg
[15:39:22.092] [info]   平移 XYZ: (0.1230, 0.0399, -0.0527) m
[15:39:22.123] [debug] [ManualAdjust] 旋转增量 RPY=(0.000, 0.000, 0.100)deg
[15:39:22.123] [info] [ManualAdjust] 当前外参 [lidar_front→cam_left]:
[15:39:22.123] [info]   旋转 RPY: (-55.9549, -80.9567, 146.3305) deg
[15:39:22.123] [info]   平移 XYZ: (0.1230, 0.0399, -0.0527) m
[15:39:22.153] [debug] [ManualAdjust] 旋转增量 RPY=(0.000, 0.000, 0.100)deg
[15:39:22.153] [info] [ManualAdjust] 当前外参 [lidar_front→cam_left]:
[15:39:22.153] [info]   旋转 RPY: (-56.3034, -80.8737, 146.6835) deg
[15:39:22.153] [info]   平移 XYZ: (0.1230, 0.0399, -0.0527) m
[15:39:22.183] [debug] [ManualAdjust] 旋转增量 RPY=(0.000, 0.000, 0.100)deg
[15:39:22.183] [info] [ManualAdjust] 当前外参 [lidar_front→cam_left]:
[15:39:22.183] [info]   旋转 RPY: (-56.6456, -80.7903, 147.0301) deg
[15:39:22.183] [info]   平移 XYZ: (0.1230, 0.0399, -0.0527) m
[15:39:22.214] [debug] [ManualAdjust] 旋转增量 RPY=(0.000, 0.000, 0.100)deg
[15:39:22.214] [info] [ManualAdjust] 当前外参 [lidar_front→cam_left]:
[15:39:22.214] [info]   旋转 RPY: (-56.9817, -80.7066, 147.3706) deg
[15:39:22.214] [info]   平移 XYZ: (0.1230, 0.0399, -0.0527) m
[15:39:22.244] [debug] [ManualAdjust] 旋转增量 RPY=(0.000, 0.000, 0.100)deg
[15:39:22.244] [info] [ManualAdjust] 当前外参 [lidar_front→cam_left]:
[15:39:22.244] [info]   旋转 RPY: (-57.3117, -80.6226, 147.7050) deg
[15:39:22.244] [info]   平移 XYZ: (0.1230, 0.0399, -0.0527) m
[15:39:22.274] [debug] [ManualAdjust] 旋转增量 RPY=(0.000, 0.000, 0.100)deg
[15:39:22.274] [info] [ManualAdjust] 当前外参 [lidar_front→cam_left]:
[15:39:22.274] [info]   旋转 RPY: (-57.6358, -80.5383, 148.0336) deg
[15:39:22.274] [info]   平移 XYZ: (0.1230, 0.0399, -0.0527) m
[15:39:22.305] [debug] [ManualAdjust] 旋转增量 RPY=(0.000, 0.000, 0.100)deg
[15:39:22.305] [info] [ManualAdjust] 当前外参 [lidar_front→cam_left]:
[15:39:22.305] [info]   旋转 RPY: (-57.9541, -80.4537, 148.3563) deg
[15:39:22.305] [info]   平移 XYZ: (0.1230, 0.0399, -0.0527) m
[15:39:22.336] [debug] [ManualAdjust] 旋转增量 RPY=(0.000, 0.000, 0.100)deg
[15:39:22.336] [info] [ManualAdjust] 当前外参 [lidar_front→cam_left]:
[15:39:22.336] [info]   旋转 RPY: (-58.2668, -80.3688, 148.6735) deg
[15:39:22.336] [info]   平移 XYZ: (0.1230, 0.0399, -0.0527) m
[15:39:22.366] [debug] [ManualAdjust] 旋转增量 RPY=(0.000, 0.000, 0.100)deg
[15:39:22.366] [info] [ManualAdjust] 当前外参 [lidar_front→cam_left]:
[15:39:22.366] [info]   旋转 RPY: (-58.5740, -80.2836, 148.9851) deg
[15:39:22.366] [info]   平移 XYZ: (0.1230, 0.0399, -0.0527) m
[15:39:22.398] [debug] [ManualAdjust] 旋转增量 RPY=(0.000, 0.000, 0.100)deg
[15:39:22.398] [info] [ManualAdjust] 当前外参 [lidar_front→cam_left]:
[15:39:22.398] [info]   旋转 RPY: (-58.8759, -80.1981, 149.2914) deg
[15:39:22.398] [info]   平移 XYZ: (0.1230, 0.0399, -0.0527) m
[15:39:22.427] [debug] [ManualAdjust] 旋转增量 RPY=(0.000, 0.000, 0.100)deg
[15:39:22.427] [info] [ManualAdjust] 当前外参 [lidar_front→cam_left]:
[15:39:22.427] [info]   旋转 RPY: (-59.1725, -80.1124, 149.5924) deg
[15:39:22.427] [info]   平移 XYZ: (0.1230, 0.0399, -0.0527) m
[15:39:22.457] [debug] [ManualAdjust] 旋转增量 RPY=(0.000, 0.000, 0.100)deg
[15:39:22.458] [info] [ManualAdjust] 当前外参 [lidar_front→cam_left]:
[15:39:22.458] [info]   旋转 RPY: (-59.4639, -80.0264, 149.8883) deg
[15:39:22.458] [info]   平移 XYZ: (0.1230, 0.0399, -0.0527) m
[15:39:22.487] [debug] [ManualAdjust] 旋转增量 RPY=(0.000, 0.000, 0.100)deg
[15:39:22.487] [info] [ManualAdjust] 当前外参 [lidar_front→cam_left]:
[15:39:22.487] [info]   旋转 RPY: (-59.7503, -79.9401, 150.1792) deg
[15:39:22.488] [info]   平移 XYZ: (0.1230, 0.0399, -0.0527) m
[15:39:22.518] [debug] [ManualAdjust] 旋转增量 RPY=(0.000, 0.000, 0.100)deg
[15:39:22.518] [info] [ManualAdjust] 当前外参 [lidar_front→cam_left]:
[15:39:22.518] [info]   旋转 RPY: (-60.0319, -79.8536, 150.4651) deg
[15:39:22.518] [info]   平移 XYZ: (0.1230, 0.0399, -0.0527) m
[15:39:22.548] [debug] [ManualAdjust] 旋转增量 RPY=(0.000, 0.000, 0.100)deg
[15:39:22.548] [info] [ManualAdjust] 当前外参 [lidar_front→cam_left]:
[15:39:22.548] [info]   旋转 RPY: (-60.3086, -79.7668, 150.7463) deg
[15:39:22.548] [info]   平移 XYZ: (0.1230, 0.0399, -0.0527) m
[15:39:22.578] [debug] [ManualAdjust] 旋转增量 RPY=(0.000, 0.000, 0.100)deg
[15:39:22.578] [info] [ManualAdjust] 当前外参 [lidar_front→cam_left]:
[15:39:22.578] [info]   旋转 RPY: (-60.5807, -79.6799, 151.0228) deg
[15:39:22.578] [info]   平移 XYZ: (0.1230, 0.0399, -0.0527) m
[15:39:22.608] [debug] [ManualAdjust] 旋转增量 RPY=(0.000, 0.000, 0.100)deg
[15:39:22.608] [info] [ManualAdjust] 当前外参 [lidar_front→cam_left]:
[15:39:22.608] [info]   旋转 RPY: (-60.8481, -79.5926, 151.2947) deg
[15:39:22.608] [info]   平移 XYZ: (0.1230, 0.0399, -0.0527) m
[15:39:22.638] [debug] [ManualAdjust] 旋转增量 RPY=(0.000, 0.000, 0.100)deg
[15:39:22.638] [info] [ManualAdjust] 当前外参 [lidar_front→cam_left]:
[15:39:22.638] [info]   旋转 RPY: (-61.1111, -79.5052, 151.5621) deg
[15:39:22.638] [info]   平移 XYZ: (0.1230, 0.0399, -0.0527) m
[15:39:23.996] [debug] [ManualAdjust] 旋转增量 RPY=(0.000, 0.000, -0.100)deg
[15:39:23.996] [info] [ManualAdjust] 当前外参 [lidar_front→cam_left]:
[15:39:23.996] [info]   旋转 RPY: (-60.8481, -79.5926, 151.2947) deg
[15:39:23.996] [info]   平移 XYZ: (0.1230, 0.0399, -0.0527) m
[15:39:24.688] [debug] [ManualAdjust] 旋转增量 RPY=(0.000, 0.000, 0.100)deg
[15:39:24.688] [info] [ManualAdjust] 当前外参 [lidar_front→cam_left]:
[15:39:24.688] [info]   旋转 RPY: (-61.1111, -79.5052, 151.5621) deg
[15:39:24.688] [info]   平移 XYZ: (0.1230, 0.0399, -0.0527) m
[15:39:24.896] [debug] [ManualAdjust] 旋转增量 RPY=(0.000, 0.000, 0.100)deg
[15:39:24.896] [info] [ManualAdjust] 当前外参 [lidar_front→cam_left]:
[15:39:24.896] [info]   旋转 RPY: (-61.3698, -79.4175, 151.8252) deg
[15:39:24.896] [info]   平移 XYZ: (0.1230, 0.0399, -0.0527) m
[15:39:25.432] [debug] [ManualAdjust] 平移增量 dxyz=(0.0050, 0.0000, 0.0000)m
[15:39:25.432] [info] [ManualAdjust] 当前外参 [lidar_front→cam_left]:
[15:39:25.432] [info]   旋转 RPY: (-61.3698, -79.4175, 151.8252) deg
[15:39:25.432] [info]   平移 XYZ: (0.1280, 0.0399, -0.0527) m
[15:39:25.933] [debug] [ManualAdjust] 平移增量 dxyz=(0.0050, 0.0000, 0.0000)m
[15:39:25.933] [info] [ManualAdjust] 当前外参 [lidar_front→cam_left]:
[15:39:25.933] [info]   旋转 RPY: (-61.3698, -79.4175, 151.8252) deg
[15:39:25.933] [info]   平移 XYZ: (0.1330, 0.0399, -0.0527) m
[15:39:25.963] [debug] [ManualAdjust] 平移增量 dxyz=(0.0050, 0.0000, 0.0000)m
[15:39:25.963] [info] [ManualAdjust] 当前外参 [lidar_front→cam_left]:
[15:39:25.963] [info]   旋转 RPY: (-61.3698, -79.4175, 151.8252) deg
[15:39:25.963] [info]   平移 XYZ: (0.1380, 0.0399, -0.0527) m
[15:39:25.993] [debug] [ManualAdjust] 平移增量 dxyz=(0.0050, 0.0000, 0.0000)m
[15:39:25.993] [info] [ManualAdjust] 当前外参 [lidar_front→cam_left]:
[15:39:25.993] [info]   旋转 RPY: (-61.3698, -79.4175, 151.8252) deg
[15:39:25.993] [info]   平移 XYZ: (0.1430, 0.0399, -0.0527) m
[15:39:26.022] [debug] [ManualAdjust] 平移增量 dxyz=(0.0050, 0.0000, 0.0000)m
[15:39:26.022] [info] [ManualAdjust] 当前外参 [lidar_front→cam_left]:
[15:39:26.022] [info]   旋转 RPY: (-61.3698, -79.4175, 151.8252) deg
[15:39:26.022] [info]   平移 XYZ: (0.1480, 0.0399, -0.0527) m
[15:39:26.053] [debug] [ManualAdjust] 平移增量 dxyz=(0.0050, 0.0000, 0.0000)m
[15:39:26.053] [info] [ManualAdjust] 当前外参 [lidar_front→cam_left]:
[15:39:26.053] [info]   旋转 RPY: (-61.3698, -79.4175, 151.8252) deg
[15:39:26.053] [info]   平移 XYZ: (0.1530, 0.0399, -0.0527) m
[15:39:26.082] [debug] [ManualAdjust] 平移增量 dxyz=(0.0050, 0.0000, 0.0000)m
[15:39:26.082] [info] [ManualAdjust] 当前外参 [lidar_front→cam_left]:
[15:39:26.082] [info]   旋转 RPY: (-61.3698, -79.4175, 151.8252) deg
[15:39:26.082] [info]   平移 XYZ: (0.1580, 0.0399, -0.0527) m
[15:39:26.112] [debug] [ManualAdjust] 平移增量 dxyz=(0.0050, 0.0000, 0.0000)m
[15:39:26.112] [info] [ManualAdjust] 当前外参 [lidar_front→cam_left]:
[15:39:26.112] [info]   旋转 RPY: (-61.3698, -79.4175, 151.8252) deg
[15:39:26.112] [info]   平移 XYZ: (0.1630, 0.0399, -0.0527) m
[15:39:26.144] [debug] [ManualAdjust] 平移增量 dxyz=(0.0050, 0.0000, 0.0000)m
[15:39:26.144] [info] [ManualAdjust] 当前外参 [lidar_front→cam_left]:
[15:39:26.144] [info]   旋转 RPY: (-61.3698, -79.4175, 151.8252) deg
[15:39:26.144] [info]   平移 XYZ: (0.1680, 0.0399, -0.0527) m
[15:39:26.174] [debug] [ManualAdjust] 平移增量 dxyz=(0.0050, 0.0000, 0.0000)m
[15:39:26.174] [info] [ManualAdjust] 当前外参 [lidar_front→cam_left]:
[15:39:26.174] [info]   旋转 RPY: (-61.3698, -79.4175, 151.8252) deg
[15:39:26.174] [info]   平移 XYZ: (0.1730, 0.0399, -0.0527) m
[15:39:26.204] [debug] [ManualAdjust] 平移增量 dxyz=(0.0050, 0.0000, 0.0000)m
[15:39:26.204] [info] [ManualAdjust] 当前外参 [lidar_front→cam_left]:
[15:39:26.204] [info]   旋转 RPY: (-61.3698, -79.4175, 151.8252) deg
[15:39:26.204] [info]   平移 XYZ: (0.1780, 0.0399, -0.0527) m
[15:39:26.234] [debug] [ManualAdjust] 平移增量 dxyz=(0.0050, 0.0000, 0.0000)m
[15:39:26.234] [info] [ManualAdjust] 当前外参 [lidar_front→cam_left]:
[15:39:26.234] [info]   旋转 RPY: (-61.3698, -79.4175, 151.8252) deg
[15:39:26.234] [info]   平移 XYZ: (0.1830, 0.0399, -0.0527) m
[15:39:26.784] [debug] [ManualAdjust] 平移增量 dxyz=(-0.0050, 0.0000, 0.0000)m
[15:39:26.784] [info] [ManualAdjust] 当前外参 [lidar_front→cam_left]:
[15:39:26.784] [info]   旋转 RPY: (-61.3698, -79.4175, 151.8252) deg
[15:39:26.784] [info]   平移 XYZ: (0.1780, 0.0399, -0.0527) m
[15:39:27.285] [debug] [ManualAdjust] 平移增量 dxyz=(-0.0050, 0.0000, 0.0000)m
[15:39:27.285] [info] [ManualAdjust] 当前外参 [lidar_front→cam_left]:
[15:39:27.285] [info]   旋转 RPY: (-61.3698, -79.4175, 151.8252) deg
[15:39:27.285] [info]   平移 XYZ: (0.1730, 0.0399, -0.0527) m
[15:39:27.316] [debug] [ManualAdjust] 平移增量 dxyz=(-0.0050, 0.0000, 0.0000)m
[15:39:27.316] [info] [ManualAdjust] 当前外参 [lidar_front→cam_left]:
[15:39:27.316] [info]   旋转 RPY: (-61.3698, -79.4175, 151.8252) deg
[15:39:27.316] [info]   平移 XYZ: (0.1680, 0.0399, -0.0527) m
[15:39:27.346] [debug] [ManualAdjust] 平移增量 dxyz=(-0.0050, 0.0000, 0.0000)m
[15:39:27.346] [info] [ManualAdjust] 当前外参 [lidar_front→cam_left]:
[15:39:27.346] [info]   旋转 RPY: (-61.3698, -79.4175, 151.8252) deg
[15:39:27.346] [info]   平移 XYZ: (0.1630, 0.0399, -0.0527) m
[15:39:27.376] [debug] [ManualAdjust] 平移增量 dxyz=(-0.0050, 0.0000, 0.0000)m
[15:39:27.377] [info] [ManualAdjust] 当前外参 [lidar_front→cam_left]:
[15:39:27.377] [info]   旋转 RPY: (-61.3698, -79.4175, 151.8252) deg
[15:39:27.377] [info]   平移 XYZ: (0.1580, 0.0399, -0.0527) m
[15:39:27.407] [debug] [ManualAdjust] 平移增量 dxyz=(-0.0050, 0.0000, 0.0000)m
[15:39:27.407] [info] [ManualAdjust] 当前外参 [lidar_front→cam_left]:
[15:39:27.407] [info]   旋转 RPY: (-61.3698, -79.4175, 151.8252) deg
[15:39:27.407] [info]   平移 XYZ: (0.1530, 0.0399, -0.0527) m
[15:39:27.437] [debug] [ManualAdjust] 平移增量 dxyz=(-0.0050, 0.0000, 0.0000)m
[15:39:27.437] [info] [ManualAdjust] 当前外参 [lidar_front→cam_left]:
[15:39:27.437] [info]   旋转 RPY: (-61.3698, -79.4175, 151.8252) deg
[15:39:27.437] [info]   平移 XYZ: (0.1480, 0.0399, -0.0527) m
[15:39:27.468] [debug] [ManualAdjust] 平移增量 dxyz=(-0.0050, 0.0000, 0.0000)m
[15:39:27.468] [info] [ManualAdjust] 当前外参 [lidar_front→cam_left]:
[15:39:27.468] [info]   旋转 RPY: (-61.3698, -79.4175, 151.8252) deg
[15:39:27.468] [info]   平移 XYZ: (0.1430, 0.0399, -0.0527) m
[15:39:27.498] [debug] [ManualAdjust] 平移增量 dxyz=(-0.0050, 0.0000, 0.0000)m
[15:39:27.498] [info] [ManualAdjust] 当前外参 [lidar_front→cam_left]:
[15:39:27.498] [info]   旋转 RPY: (-61.3698, -79.4175, 151.8252) deg
[15:39:27.498] [info]   平移 XYZ: (0.1380, 0.0399, -0.0527) m
[15:39:27.529] [debug] [ManualAdjust] 平移增量 dxyz=(-0.0050, 0.0000, 0.0000)m
[15:39:27.529] [info] [ManualAdjust] 当前外参 [lidar_front→cam_left]:
[15:39:27.529] [info]   旋转 RPY: (-61.3698, -79.4175, 151.8252) deg
[15:39:27.529] [info]   平移 XYZ: (0.1330, 0.0399, -0.0527) m
[15:39:27.559] [debug] [ManualAdjust] 平移增量 dxyz=(-0.0050, 0.0000, 0.0000)m
[15:39:27.559] [info] [ManualAdjust] 当前外参 [lidar_front→cam_left]:
[15:39:27.559] [info]   旋转 RPY: (-61.3698, -79.4175, 151.8252) deg
[15:39:27.559] [info]   平移 XYZ: (0.1280, 0.0399, -0.0527) m
[15:39:27.588] [debug] [ManualAdjust] 平移增量 dxyz=(-0.0050, 0.0000, 0.0000)m
[15:39:27.588] [info] [ManualAdjust] 当前外参 [lidar_front→cam_left]:
[15:39:27.589] [info]   旋转 RPY: (-61.3698, -79.4175, 151.8252) deg
[15:39:27.589] [info]   平移 XYZ: (0.1230, 0.0399, -0.0527) m
[15:39:27.619] [debug] [ManualAdjust] 平移增量 dxyz=(-0.0050, 0.0000, 0.0000)m
[15:39:27.619] [info] [ManualAdjust] 当前外参 [lidar_front→cam_left]:
[15:39:27.619] [info]   旋转 RPY: (-61.3698, -79.4175, 151.8252) deg
[15:39:27.619] [info]   平移 XYZ: (0.1180, 0.0399, -0.0527) m
[15:39:27.648] [debug] [ManualAdjust] 平移增量 dxyz=(-0.0050, 0.0000, 0.0000)m
[15:39:27.648] [info] [ManualAdjust] 当前外参 [lidar_front→cam_left]:
[15:39:27.648] [info]   旋转 RPY: (-61.3698, -79.4175, 151.8252) deg
[15:39:27.648] [info]   平移 XYZ: (0.1130, 0.0399, -0.0527) m
[15:39:27.679] [debug] [ManualAdjust] 平移增量 dxyz=(-0.0050, 0.0000, 0.0000)m
[15:39:27.679] [info] [ManualAdjust] 当前外参 [lidar_front→cam_left]:
[15:39:27.679] [info]   旋转 RPY: (-61.3698, -79.4175, 151.8252) deg
[15:39:27.679] [info]   平移 XYZ: (0.1080, 0.0399, -0.0527) m
[15:39:27.709] [debug] [ManualAdjust] 平移增量 dxyz=(-0.0050, 0.0000, 0.0000)m
[15:39:27.709] [info] [ManualAdjust] 当前外参 [lidar_front→cam_left]:
[15:39:27.709] [info]   旋转 RPY: (-61.3698, -79.4175, 151.8252) deg
[15:39:27.709] [info]   平移 XYZ: (0.1030, 0.0399, -0.0527) m
[15:39:27.739] [debug] [ManualAdjust] 平移增量 dxyz=(-0.0050, 0.0000, 0.0000)m
[15:39:27.739] [info] [ManualAdjust] 当前外参 [lidar_front→cam_left]:
[15:39:27.739] [info]   旋转 RPY: (-61.3698, -79.4175, 151.8252) deg
[15:39:27.739] [info]   平移 XYZ: (0.0980, 0.0399, -0.0527) m
[15:39:27.769] [debug] [ManualAdjust] 平移增量 dxyz=(-0.0050, 0.0000, 0.0000)m
[15:39:27.769] [info] [ManualAdjust] 当前外参 [lidar_front→cam_left]:
[15:39:27.769] [info]   旋转 RPY: (-61.3698, -79.4175, 151.8252) deg
[15:39:27.769] [info]   平移 XYZ: (0.0930, 0.0399, -0.0527) m
[15:39:27.798] [debug] [ManualAdjust] 平移增量 dxyz=(-0.0050, 0.0000, 0.0000)m
[15:39:27.798] [info] [ManualAdjust] 当前外参 [lidar_front→cam_left]:
[15:39:27.798] [info]   旋转 RPY: (-61.3698, -79.4175, 151.8252) deg
[15:39:27.798] [info]   平移 XYZ: (0.0880, 0.0399, -0.0527) m
[15:39:27.828] [debug] [ManualAdjust] 平移增量 dxyz=(-0.0050, 0.0000, 0.0000)m
[15:39:27.829] [info] [ManualAdjust] 当前外参 [lidar_front→cam_left]:
[15:39:27.829] [info]   旋转 RPY: (-61.3698, -79.4175, 151.8252) deg
[15:39:27.829] [info]   平移 XYZ: (0.0830, 0.0399, -0.0527) m
[15:39:27.859] [debug] [ManualAdjust] 平移增量 dxyz=(-0.0050, 0.0000, 0.0000)m
[15:39:27.859] [info] [ManualAdjust] 当前外参 [lidar_front→cam_left]:
[15:39:27.859] [info]   旋转 RPY: (-61.3698, -79.4175, 151.8252) deg
[15:39:27.859] [info]   平移 XYZ: (0.0780, 0.0399, -0.0527) m
[15:39:27.889] [debug] [ManualAdjust] 平移增量 dxyz=(-0.0050, 0.0000, 0.0000)m
[15:39:27.889] [info] [ManualAdjust] 当前外参 [lidar_front→cam_left]:
[15:39:27.889] [info]   旋转 RPY: (-61.3698, -79.4175, 151.8252) deg
[15:39:27.889] [info]   平移 XYZ: (0.0730, 0.0399, -0.0527) m
[15:39:27.919] [debug] [ManualAdjust] 平移增量 dxyz=(-0.0050, 0.0000, 0.0000)m
[15:39:27.919] [info] [ManualAdjust] 当前外参 [lidar_front→cam_left]:
[15:39:27.919] [info]   旋转 RPY: (-61.3698, -79.4175, 151.8252) deg
[15:39:27.919] [info]   平移 XYZ: (0.0680, 0.0399, -0.0527) m
[15:39:27.949] [debug] [ManualAdjust] 平移增量 dxyz=(-0.0050, 0.0000, 0.0000)m
[15:39:27.949] [info] [ManualAdjust] 当前外参 [lidar_front→cam_left]:
[15:39:27.949] [info]   旋转 RPY: (-61.3698, -79.4175, 151.8252) deg
[15:39:27.949] [info]   平移 XYZ: (0.0630, 0.0399, -0.0527) m
[15:39:27.979] [debug] [ManualAdjust] 平移增量 dxyz=(-0.0050, 0.0000, 0.0000)m
[15:39:27.979] [info] [ManualAdjust] 当前外参 [lidar_front→cam_left]:
[15:39:27.979] [info]   旋转 RPY: (-61.3698, -79.4175, 151.8252) deg
[15:39:27.979] [info]   平移 XYZ: (0.0580, 0.0399, -0.0527) m
[15:39:28.008] [debug] [ManualAdjust] 平移增量 dxyz=(-0.0050, 0.0000, 0.0000)m
[15:39:28.008] [info] [ManualAdjust] 当前外参 [lidar_front→cam_left]:
[15:39:28.008] [info]   旋转 RPY: (-61.3698, -79.4175, 151.8252) deg
[15:39:28.008] [info]   平移 XYZ: (0.0530, 0.0399, -0.0527) m
[15:39:28.344] [debug] [ManualAdjust] 平移增量 dxyz=(-0.0050, 0.0000, 0.0000)m
[15:39:28.344] [info] [ManualAdjust] 当前外参 [lidar_front→cam_left]:
[15:39:28.344] [info]   旋转 RPY: (-61.3698, -79.4175, 151.8252) deg
[15:39:28.344] [info]   平移 XYZ: (0.0480, 0.0399, -0.0527) m
[15:39:28.696] [debug] [ManualAdjust] 平移增量 dxyz=(-0.0050, 0.0000, 0.0000)m
[15:39:28.696] [info] [ManualAdjust] 当前外参 [lidar_front→cam_left]:
[15:39:28.696] [info]   旋转 RPY: (-61.3698, -79.4175, 151.8252) deg
[15:39:28.696] [info]   平移 XYZ: (0.0430, 0.0399, -0.0527) m
[15:39:28.920] [debug] [ManualAdjust] 平移增量 dxyz=(-0.0050, 0.0000, 0.0000)m
[15:39:28.920] [info] [ManualAdjust] 当前外参 [lidar_front→cam_left]:
[15:39:28.920] [info]   旋转 RPY: (-61.3698, -79.4175, 151.8252) deg
[15:39:28.920] [info]   平移 XYZ: (0.0380, 0.0399, -0.0527) m
[15:39:29.120] [debug] [ManualAdjust] 平移增量 dxyz=(-0.0050, 0.0000, 0.0000)m
[15:39:29.120] [info] [ManualAdjust] 当前外参 [lidar_front→cam_left]:
[15:39:29.120] [info]   旋转 RPY: (-61.3698, -79.4175, 151.8252) deg
[15:39:29.120] [info]   平移 XYZ: (0.0330, 0.0399, -0.0527) m
[15:39:29.320] [debug] [ManualAdjust] 平移增量 dxyz=(-0.0050, 0.0000, 0.0000)m
[15:39:29.320] [info] [ManualAdjust] 当前外参 [lidar_front→cam_left]:
[15:39:29.320] [info]   旋转 RPY: (-61.3698, -79.4175, 151.8252) deg
[15:39:29.320] [info]   平移 XYZ: (0.0280, 0.0399, -0.0527) m
[15:39:29.597] [debug] [ManualAdjust] 平移增量 dxyz=(-0.0050, 0.0000, 0.0000)m
[15:39:29.597] [info] [ManualAdjust] 当前外参 [lidar_front→cam_left]:
[15:39:29.597] [info]   旋转 RPY: (-61.3698, -79.4175, 151.8252) deg
[15:39:29.597] [info]   平移 XYZ: (0.0230, 0.0399, -0.0527) m
[15:39:30.000] [debug] [ManualAdjust] 平移增量 dxyz=(-0.0050, 0.0000, 0.0000)m
[15:39:30.001] [info] [ManualAdjust] 当前外参 [lidar_front→cam_left]:
[15:39:30.001] [info]   旋转 RPY: (-61.3698, -79.4175, 151.8252) deg
[15:39:30.001] [info]   平移 XYZ: (0.0180, 0.0399, -0.0527) m
[15:39:30.296] [debug] [ManualAdjust] 平移增量 dxyz=(-0.0050, 0.0000, 0.0000)m
[15:39:30.296] [info] [ManualAdjust] 当前外参 [lidar_front→cam_left]:
[15:39:30.296] [info]   旋转 RPY: (-61.3698, -79.4175, 151.8252) deg
[15:39:30.296] [info]   平移 XYZ: (0.0130, 0.0399, -0.0527) m
[15:39:30.680] [debug] [ManualAdjust] 平移增量 dxyz=(-0.0050, 0.0000, 0.0000)m
[15:39:30.680] [info] [ManualAdjust] 当前外参 [lidar_front→cam_left]:
[15:39:30.680] [info]   旋转 RPY: (-61.3698, -79.4175, 151.8252) deg
[15:39:30.680] [info]   平移 XYZ: (0.0080, 0.0399, -0.0527) m
[15:39:32.496] [debug] [ManualAdjust] 旋转增量 RPY=(0.000, 0.000, -0.100)deg
[15:39:32.496] [info] [ManualAdjust] 当前外参 [lidar_front→cam_left]:
[15:39:32.496] [info]   旋转 RPY: (-61.1111, -79.5052, 151.5621) deg
[15:39:32.496] [info]   平移 XYZ: (0.0080, 0.0399, -0.0527) m
[15:39:32.800] [debug] [ManualAdjust] 旋转增量 RPY=(0.000, 0.000, -0.100)deg
[15:39:32.800] [info] [ManualAdjust] 当前外参 [lidar_front→cam_left]:
[15:39:32.800] [info]   旋转 RPY: (-60.8481, -79.5926, 151.2947) deg
[15:39:32.800] [info]   平移 XYZ: (0.0080, 0.0399, -0.0527) m
[15:39:32.993] [debug] [ManualAdjust] 旋转增量 RPY=(0.000, 0.000, -0.100)deg
[15:39:32.993] [info] [ManualAdjust] 当前外参 [lidar_front→cam_left]:
[15:39:32.993] [info]   旋转 RPY: (-60.5807, -79.6799, 151.0228) deg
[15:39:32.993] [info]   平移 XYZ: (0.0080, 0.0399, -0.0527) m
[15:39:33.344] [debug] [ManualAdjust] 旋转增量 RPY=(0.000, 0.000, -0.100)deg
[15:39:33.344] [info] [ManualAdjust] 当前外参 [lidar_front→cam_left]:
[15:39:33.344] [info]   旋转 RPY: (-60.3086, -79.7668, 150.7463) deg
[15:39:33.344] [info]   平移 XYZ: (0.0080, 0.0399, -0.0527) m
[15:39:33.568] [debug] [ManualAdjust] 旋转增量 RPY=(0.000, 0.000, -0.100)deg
[15:39:33.568] [info] [ManualAdjust] 当前外参 [lidar_front→cam_left]:
[15:39:33.568] [info]   旋转 RPY: (-60.0319, -79.8536, 150.4651) deg
[15:39:33.568] [info]   平移 XYZ: (0.0080, 0.0399, -0.0527) m
[15:39:34.069] [debug] [ManualAdjust] 旋转增量 RPY=(0.000, 0.000, -0.100)deg
[15:39:34.069] [info] [ManualAdjust] 当前外参 [lidar_front→cam_left]:
[15:39:34.069] [info]   旋转 RPY: (-59.7503, -79.9401, 150.1792) deg
[15:39:34.069] [info]   平移 XYZ: (0.0080, 0.0399, -0.0527) m
[15:39:34.098] [debug] [ManualAdjust] 旋转增量 RPY=(0.000, 0.000, -0.100)deg
[15:39:34.098] [info] [ManualAdjust] 当前外参 [lidar_front→cam_left]:
[15:39:34.098] [info]   旋转 RPY: (-59.4639, -80.0264, 149.8883) deg
[15:39:34.098] [info]   平移 XYZ: (0.0080, 0.0399, -0.0527) m
[15:39:34.128] [debug] [ManualAdjust] 旋转增量 RPY=(0.000, 0.000, -0.100)deg
[15:39:34.128] [info] [ManualAdjust] 当前外参 [lidar_front→cam_left]:
[15:39:34.128] [info]   旋转 RPY: (-59.1725, -80.1124, 149.5924) deg
[15:39:34.128] [info]   平移 XYZ: (0.0080, 0.0399, -0.0527) m
[15:39:34.158] [debug] [ManualAdjust] 旋转增量 RPY=(0.000, 0.000, -0.100)deg
[15:39:34.158] [info] [ManualAdjust] 当前外参 [lidar_front→cam_left]:
[15:39:34.158] [info]   旋转 RPY: (-58.8759, -80.1981, 149.2914) deg
[15:39:34.158] [info]   平移 XYZ: (0.0080, 0.0399, -0.0527) m
[15:39:34.189] [debug] [ManualAdjust] 旋转增量 RPY=(0.000, 0.000, -0.100)deg
[15:39:34.189] [info] [ManualAdjust] 当前外参 [lidar_front→cam_left]:
[15:39:34.189] [info]   旋转 RPY: (-58.5740, -80.2836, 148.9851) deg
[15:39:34.189] [info]   平移 XYZ: (0.0080, 0.0399, -0.0527) m
[15:39:34.219] [debug] [ManualAdjust] 旋转增量 RPY=(0.000, 0.000, -0.100)deg
[15:39:34.219] [info] [ManualAdjust] 当前外参 [lidar_front→cam_left]:
[15:39:34.219] [info]   旋转 RPY: (-58.2668, -80.3688, 148.6735) deg
[15:39:34.219] [info]   平移 XYZ: (0.0080, 0.0399, -0.0527) m
[15:39:34.249] [debug] [ManualAdjust] 旋转增量 RPY=(0.000, 0.000, -0.100)deg
[15:39:34.249] [info] [ManualAdjust] 当前外参 [lidar_front→cam_left]:
[15:39:34.249] [info]   旋转 RPY: (-57.9541, -80.4537, 148.3563) deg
[15:39:34.249] [info]   平移 XYZ: (0.0080, 0.0399, -0.0527) m
[15:39:34.280] [debug] [ManualAdjust] 旋转增量 RPY=(0.000, 0.000, -0.100)deg
[15:39:34.280] [info] [ManualAdjust] 当前外参 [lidar_front→cam_left]:
[15:39:34.280] [info]   旋转 RPY: (-57.6358, -80.5383, 148.0336) deg
[15:39:34.280] [info]   平移 XYZ: (0.0080, 0.0399, -0.0527) m
[15:39:34.310] [debug] [ManualAdjust] 旋转增量 RPY=(0.000, 0.000, -0.100)deg
[15:39:34.310] [info] [ManualAdjust] 当前外参 [lidar_front→cam_left]:
[15:39:34.310] [info]   旋转 RPY: (-57.3117, -80.6226, 147.7050) deg
[15:39:34.310] [info]   平移 XYZ: (0.0080, 0.0399, -0.0527) m
[15:39:34.340] [debug] [ManualAdjust] 旋转增量 RPY=(0.000, 0.000, -0.100)deg
[15:39:34.340] [info] [ManualAdjust] 当前外参 [lidar_front→cam_left]:
[15:39:34.340] [info]   旋转 RPY: (-56.9817, -80.7066, 147.3706) deg
[15:39:34.340] [info]   平移 XYZ: (0.0080, 0.0399, -0.0527) m
[15:39:34.369] [debug] [ManualAdjust] 旋转增量 RPY=(0.000, 0.000, -0.100)deg
[15:39:34.369] [info] [ManualAdjust] 当前外参 [lidar_front→cam_left]:
[15:39:34.369] [info]   旋转 RPY: (-56.6456, -80.7903, 147.0301) deg
[15:39:34.369] [info]   平移 XYZ: (0.0080, 0.0399, -0.0527) m
[15:39:34.400] [debug] [ManualAdjust] 旋转增量 RPY=(0.000, 0.000, -0.100)deg
[15:39:34.400] [info] [ManualAdjust] 当前外参 [lidar_front→cam_left]:
[15:39:34.400] [info]   旋转 RPY: (-56.3034, -80.8737, 146.6835) deg
[15:39:34.400] [info]   平移 XYZ: (0.0080, 0.0399, -0.0527) m
[15:39:34.430] [debug] [ManualAdjust] 旋转增量 RPY=(0.000, 0.000, -0.100)deg
[15:39:34.430] [info] [ManualAdjust] 当前外参 [lidar_front→cam_left]:
[15:39:34.430] [info]   旋转 RPY: (-55.9549, -80.9567, 146.3305) deg
[15:39:34.430] [info]   平移 XYZ: (0.0080, 0.0399, -0.0527) m
[15:39:34.460] [debug] [ManualAdjust] 旋转增量 RPY=(0.000, 0.000, -0.100)deg
[15:39:34.460] [info] [ManualAdjust] 当前外参 [lidar_front→cam_left]:
[15:39:34.460] [info]   旋转 RPY: (-55.5999, -81.0394, 145.9711) deg
[15:39:34.460] [info]   平移 XYZ: (0.0080, 0.0399, -0.0527) m
[15:39:34.491] [debug] [ManualAdjust] 旋转增量 RPY=(0.000, 0.000, -0.100)deg
[15:39:34.491] [info] [ManualAdjust] 当前外参 [lidar_front→cam_left]:
[15:39:34.491] [info]   旋转 RPY: (-55.2382, -81.1217, 145.6050) deg
[15:39:34.491] [info]   平移 XYZ: (0.0080, 0.0399, -0.0527) m
[15:39:34.521] [debug] [ManualAdjust] 旋转增量 RPY=(0.000, 0.000, -0.100)deg
[15:39:34.521] [info] [ManualAdjust] 当前外参 [lidar_front→cam_left]:
[15:39:34.521] [info]   旋转 RPY: (-54.8698, -81.2037, 145.2322) deg
[15:39:34.521] [info]   平移 XYZ: (0.0080, 0.0399, -0.0527) m
[15:39:34.551] [debug] [ManualAdjust] 旋转增量 RPY=(0.000, 0.000, -0.100)deg
[15:39:34.551] [info] [ManualAdjust] 当前外参 [lidar_front→cam_left]:
[15:39:34.551] [info]   旋转 RPY: (-54.4944, -81.2853, 144.8524) deg
[15:39:34.551] [info]   平移 XYZ: (0.0080, 0.0399, -0.0527) m
[15:39:34.581] [debug] [ManualAdjust] 旋转增量 RPY=(0.000, 0.000, -0.100)deg
[15:39:34.581] [info] [ManualAdjust] 当前外参 [lidar_front→cam_left]:
[15:39:34.581] [info]   旋转 RPY: (-54.1120, -81.3665, 144.4655) deg
[15:39:34.581] [info]   平移 XYZ: (0.0080, 0.0399, -0.0527) m
[15:39:34.611] [debug] [ManualAdjust] 旋转增量 RPY=(0.000, 0.000, -0.100)deg
[15:39:34.611] [info] [ManualAdjust] 当前外参 [lidar_front→cam_left]:
[15:39:34.611] [info]   旋转 RPY: (-53.7222, -81.4473, 144.0713) deg
[15:39:34.611] [info]   平移 XYZ: (0.0080, 0.0399, -0.0527) m
[15:39:34.641] [debug] [ManualAdjust] 旋转增量 RPY=(0.000, 0.000, -0.100)deg
[15:39:34.641] [info] [ManualAdjust] 当前外参 [lidar_front→cam_left]:
[15:39:34.641] [info]   旋转 RPY: (-53.3250, -81.5277, 143.6697) deg
[15:39:34.641] [info]   平移 XYZ: (0.0080, 0.0399, -0.0527) m
[15:39:34.672] [debug] [ManualAdjust] 旋转增量 RPY=(0.000, 0.000, -0.100)deg
[15:39:34.672] [info] [ManualAdjust] 当前外参 [lidar_front→cam_left]:
[15:39:34.672] [info]   旋转 RPY: (-52.9202, -81.6077, 143.2605) deg
[15:39:34.672] [info]   平移 XYZ: (0.0080, 0.0399, -0.0527) m
[15:39:34.703] [debug] [ManualAdjust] 旋转增量 RPY=(0.000, 0.000, -0.100)deg
[15:39:34.703] [info] [ManualAdjust] 当前外参 [lidar_front→cam_left]:
[15:39:34.703] [info]   旋转 RPY: (-52.5076, -81.6873, 142.8434) deg
[15:39:34.703] [info]   平移 XYZ: (0.0080, 0.0399, -0.0527) m
[15:39:34.733] [debug] [ManualAdjust] 旋转增量 RPY=(0.000, 0.000, -0.100)deg
[15:39:34.733] [info] [ManualAdjust] 当前外参 [lidar_front→cam_left]:
[15:39:34.733] [info]   旋转 RPY: (-52.0870, -81.7664, 142.4184) deg
[15:39:34.733] [info]   平移 XYZ: (0.0080, 0.0399, -0.0527) m
[15:39:34.763] [debug] [ManualAdjust] 旋转增量 RPY=(0.000, 0.000, -0.100)deg
[15:39:34.763] [info] [ManualAdjust] 当前外参 [lidar_front→cam_left]:
[15:39:34.763] [info]   旋转 RPY: (-51.6582, -81.8451, 141.9852) deg
[15:39:34.763] [info]   平移 XYZ: (0.0080, 0.0399, -0.0527) m
[15:39:34.793] [debug] [ManualAdjust] 旋转增量 RPY=(0.000, 0.000, -0.100)deg
[15:39:34.793] [info] [ManualAdjust] 当前外参 [lidar_front→cam_left]:
[15:39:34.793] [info]   旋转 RPY: (-51.2211, -81.9232, 141.5437) deg
[15:39:34.793] [info]   平移 XYZ: (0.0080, 0.0399, -0.0527) m
[15:39:34.824] [debug] [ManualAdjust] 旋转增量 RPY=(0.000, 0.000, -0.100)deg
[15:39:34.824] [info] [ManualAdjust] 当前外参 [lidar_front→cam_left]:
[15:39:34.824] [info]   旋转 RPY: (-50.7755, -82.0010, 141.0936) deg
[15:39:34.824] [info]   平移 XYZ: (0.0080, 0.0399, -0.0527) m
[15:39:34.854] [debug] [ManualAdjust] 旋转增量 RPY=(0.000, 0.000, -0.100)deg
[15:39:34.854] [info] [ManualAdjust] 当前外参 [lidar_front→cam_left]:
[15:39:34.854] [info]   旋转 RPY: (-50.3211, -82.0782, 140.6348) deg
[15:39:34.854] [info]   平移 XYZ: (0.0080, 0.0399, -0.0527) m
[15:39:35.352] [debug] [ManualAdjust] 旋转增量 RPY=(0.000, 0.000, -0.100)deg
[15:39:35.352] [info] [ManualAdjust] 当前外参 [lidar_front→cam_left]:
[15:39:35.352] [info]   旋转 RPY: (-49.8577, -82.1549, 140.1670) deg
[15:39:35.352] [info]   平移 XYZ: (0.0080, 0.0399, -0.0527) m
[15:39:35.664] [debug] [ManualAdjust] 旋转增量 RPY=(0.000, 0.000, -0.100)deg
[15:39:35.664] [info] [ManualAdjust] 当前外参 [lidar_front→cam_left]:
[15:39:35.664] [info]   旋转 RPY: (-49.3852, -82.2311, 139.6901) deg
[15:39:35.664] [info]   平移 XYZ: (0.0080, 0.0399, -0.0527) m
[15:39:35.984] [debug] [ManualAdjust] 旋转增量 RPY=(0.000, 0.000, -0.100)deg
[15:39:35.984] [info] [ManualAdjust] 当前外参 [lidar_front→cam_left]:
[15:39:35.984] [info]   旋转 RPY: (-48.9033, -82.3067, 139.2038) deg
[15:39:35.984] [info]   平移 XYZ: (0.0080, 0.0399, -0.0527) m
[15:39:36.806] [debug] [ManualAdjust] 旋转增量 RPY=(0.000, 0.000, -0.100)deg
[15:39:36.806] [info] [ManualAdjust] 当前外参 [lidar_front→cam_left]:
[15:39:36.806] [info]   旋转 RPY: (-48.4119, -82.3818, 138.7080) deg
[15:39:36.806] [info]   平移 XYZ: (0.0080, 0.0399, -0.0527) m
[15:39:37.081] [debug] [ManualAdjust] 旋转增量 RPY=(0.000, 0.000, -0.100)deg
[15:39:37.081] [info] [ManualAdjust] 当前外参 [lidar_front→cam_left]:
[15:39:37.081] [info]   旋转 RPY: (-47.9107, -82.4563, 138.2024) deg
[15:39:37.081] [info]   平移 XYZ: (0.0080, 0.0399, -0.0527) m
[15:39:37.288] [debug] [ManualAdjust] 旋转增量 RPY=(0.000, 0.000, -0.100)deg
[15:39:37.288] [info] [ManualAdjust] 当前外参 [lidar_front→cam_left]:
[15:39:37.288] [info]   旋转 RPY: (-47.3996, -82.5302, 137.6868) deg
[15:39:37.288] [info]   平移 XYZ: (0.0080, 0.0399, -0.0527) m
[15:39:37.571] [debug] [ManualAdjust] 旋转增量 RPY=(0.000, 0.000, -0.100)deg
[15:39:37.571] [info] [ManualAdjust] 当前外参 [lidar_front→cam_left]:
[15:39:37.571] [info]   旋转 RPY: (-46.8782, -82.6035, 137.1610) deg
[15:39:37.571] [info]   平移 XYZ: (0.0080, 0.0399, -0.0527) m
[15:39:38.360] [debug] [ManualAdjust] 平移增量 dxyz=(0.0000, 0.0050, 0.0000)m
[15:39:38.360] [info] [ManualAdjust] 当前外参 [lidar_front→cam_left]:
[15:39:38.360] [info]   旋转 RPY: (-46.8782, -82.6035, 137.1610) deg
[15:39:38.360] [info]   平移 XYZ: (0.0080, 0.0449, -0.0527) m
[15:39:39.088] [debug] [ManualAdjust] 平移增量 dxyz=(0.0000, -0.0050, 0.0000)m
[15:39:39.088] [info] [ManualAdjust] 当前外参 [lidar_front→cam_left]:
[15:39:39.088] [info]   旋转 RPY: (-46.8782, -82.6035, 137.1610) deg
[15:39:39.088] [info]   平移 XYZ: (0.0080, 0.0399, -0.0527) m
[15:39:40.136] [debug] [ManualAdjust] 平移增量 dxyz=(0.0050, 0.0000, 0.0000)m
[15:39:40.136] [info] [ManualAdjust] 当前外参 [lidar_front→cam_left]:
[15:39:40.136] [info]   旋转 RPY: (-46.8782, -82.6035, 137.1610) deg
[15:39:40.136] [info]   平移 XYZ: (0.0130, 0.0399, -0.0527) m
[15:39:40.432] [debug] [ManualAdjust] 平移增量 dxyz=(0.0050, 0.0000, 0.0000)m
[15:39:40.432] [info] [ManualAdjust] 当前外参 [lidar_front→cam_left]:
[15:39:40.432] [info]   旋转 RPY: (-46.8782, -82.6035, 137.1610) deg
[15:39:40.432] [info]   平移 XYZ: (0.0180, 0.0399, -0.0527) m
[15:39:40.824] [debug] [ManualAdjust] 平移增量 dxyz=(-0.0050, 0.0000, 0.0000)m
[15:39:40.824] [info] [ManualAdjust] 当前外参 [lidar_front→cam_left]:
[15:39:40.824] [info]   旋转 RPY: (-46.8782, -82.6035, 137.1610) deg
[15:39:40.824] [info]   平移 XYZ: (0.0130, 0.0399, -0.0527) m
[15:39:41.024] [debug] [ManualAdjust] 平移增量 dxyz=(-0.0050, 0.0000, 0.0000)m
[15:39:41.024] [info] [ManualAdjust] 当前外参 [lidar_front→cam_left]:
[15:39:41.024] [info]   旋转 RPY: (-46.8782, -82.6035, 137.1610) deg
[15:39:41.024] [info]   平移 XYZ: (0.0080, 0.0399, -0.0527) m
[15:39:42.032] [debug] [ManualAdjust] 平移增量 dxyz=(0.0000, 0.0000, 0.0050)m
[15:39:42.032] [info] [ManualAdjust] 当前外参 [lidar_front→cam_left]:
[15:39:42.032] [info]   旋转 RPY: (-46.8782, -82.6035, 137.1610) deg
[15:39:42.032] [info]   平移 XYZ: (0.0080, 0.0399, -0.0477) m
[15:39:42.368] [debug] [ManualAdjust] 平移增量 dxyz=(0.0000, 0.0000, 0.0050)m
[15:39:42.368] [info] [ManualAdjust] 当前外参 [lidar_front→cam_left]:
[15:39:42.368] [info]   旋转 RPY: (-46.8782, -82.6035, 137.1610) deg
[15:39:42.368] [info]   平移 XYZ: (0.0080, 0.0399, -0.0427) m
[15:39:42.600] [debug] [ManualAdjust] 平移增量 dxyz=(0.0000, 0.0000, 0.0050)m
[15:39:42.600] [info] [ManualAdjust] 当前外参 [lidar_front→cam_left]:
[15:39:42.600] [info]   旋转 RPY: (-46.8782, -82.6035, 137.1610) deg
[15:39:42.600] [info]   平移 XYZ: (0.0080, 0.0399, -0.0377) m
[15:39:43.101] [debug] [ManualAdjust] 平移增量 dxyz=(0.0000, 0.0000, 0.0050)m
[15:39:43.101] [info] [ManualAdjust] 当前外参 [lidar_front→cam_left]:
[15:39:43.101] [info]   旋转 RPY: (-46.8782, -82.6035, 137.1610) deg
[15:39:43.101] [info]   平移 XYZ: (0.0080, 0.0399, -0.0327) m
[15:39:43.130] [debug] [ManualAdjust] 平移增量 dxyz=(0.0000, 0.0000, 0.0050)m
[15:39:43.130] [info] [ManualAdjust] 当前外参 [lidar_front→cam_left]:
[15:39:43.130] [info]   旋转 RPY: (-46.8782, -82.6035, 137.1610) deg
[15:39:43.130] [info]   平移 XYZ: (0.0080, 0.0399, -0.0277) m
[15:39:43.161] [debug] [ManualAdjust] 平移增量 dxyz=(0.0000, 0.0000, 0.0050)m
[15:39:43.161] [info] [ManualAdjust] 当前外参 [lidar_front→cam_left]:
[15:39:43.161] [info]   旋转 RPY: (-46.8782, -82.6035, 137.1610) deg
[15:39:43.161] [info]   平移 XYZ: (0.0080, 0.0399, -0.0227) m
[15:39:43.191] [debug] [ManualAdjust] 平移增量 dxyz=(0.0000, 0.0000, 0.0050)m
[15:39:43.191] [info] [ManualAdjust] 当前外参 [lidar_front→cam_left]:
[15:39:43.191] [info]   旋转 RPY: (-46.8782, -82.6035, 137.1610) deg
[15:39:43.191] [info]   平移 XYZ: (0.0080, 0.0399, -0.0177) m
[15:39:43.221] [debug] [ManualAdjust] 平移增量 dxyz=(0.0000, 0.0000, 0.0050)m
[15:39:43.221] [info] [ManualAdjust] 当前外参 [lidar_front→cam_left]:
[15:39:43.221] [info]   旋转 RPY: (-46.8782, -82.6035, 137.1610) deg
[15:39:43.221] [info]   平移 XYZ: (0.0080, 0.0399, -0.0127) m
[15:39:43.251] [debug] [ManualAdjust] 平移增量 dxyz=(0.0000, 0.0000, 0.0050)m
[15:39:43.251] [info] [ManualAdjust] 当前外参 [lidar_front→cam_left]:
[15:39:43.251] [info]   旋转 RPY: (-46.8782, -82.6035, 137.1610) deg
[15:39:43.251] [info]   平移 XYZ: (0.0080, 0.0399, -0.0077) m
[15:39:43.281] [debug] [ManualAdjust] 平移增量 dxyz=(0.0000, 0.0000, 0.0050)m
[15:39:43.281] [info] [ManualAdjust] 当前外参 [lidar_front→cam_left]:
[15:39:43.281] [info]   旋转 RPY: (-46.8782, -82.6035, 137.1610) deg
[15:39:43.281] [info]   平移 XYZ: (0.0080, 0.0399, -0.0027) m
[15:39:43.311] [debug] [ManualAdjust] 平移增量 dxyz=(0.0000, 0.0000, 0.0050)m
[15:39:43.311] [info] [ManualAdjust] 当前外参 [lidar_front→cam_left]:
[15:39:43.311] [info]   旋转 RPY: (-46.8782, -82.6035, 137.1610) deg
[15:39:43.311] [info]   平移 XYZ: (0.0080, 0.0399, 0.0023) m
[15:39:43.342] [debug] [ManualAdjust] 平移增量 dxyz=(0.0000, 0.0000, 0.0050)m
[15:39:43.342] [info] [ManualAdjust] 当前外参 [lidar_front→cam_left]:
[15:39:43.342] [info]   旋转 RPY: (-46.8782, -82.6035, 137.1610) deg
[15:39:43.342] [info]   平移 XYZ: (0.0080, 0.0399, 0.0073) m
[15:39:43.372] [debug] [ManualAdjust] 平移增量 dxyz=(0.0000, 0.0000, 0.0050)m
[15:39:43.372] [info] [ManualAdjust] 当前外参 [lidar_front→cam_left]:
[15:39:43.372] [info]   旋转 RPY: (-46.8782, -82.6035, 137.1610) deg
[15:39:43.372] [info]   平移 XYZ: (0.0080, 0.0399, 0.0123) m
[15:39:43.402] [debug] [ManualAdjust] 平移增量 dxyz=(0.0000, 0.0000, 0.0050)m
[15:39:43.402] [info] [ManualAdjust] 当前外参 [lidar_front→cam_left]:
[15:39:43.402] [info]   旋转 RPY: (-46.8782, -82.6035, 137.1610) deg
[15:39:43.402] [info]   平移 XYZ: (0.0080, 0.0399, 0.0173) m
[15:39:43.432] [debug] [ManualAdjust] 平移增量 dxyz=(0.0000, 0.0000, 0.0050)m
[15:39:43.432] [info] [ManualAdjust] 当前外参 [lidar_front→cam_left]:
[15:39:43.432] [info]   旋转 RPY: (-46.8782, -82.6035, 137.1610) deg
[15:39:43.432] [info]   平移 XYZ: (0.0080, 0.0399, 0.0223) m
[15:39:43.463] [debug] [ManualAdjust] 平移增量 dxyz=(0.0000, 0.0000, 0.0050)m
[15:39:43.463] [info] [ManualAdjust] 当前外参 [lidar_front→cam_left]:
[15:39:43.463] [info]   旋转 RPY: (-46.8782, -82.6035, 137.1610) deg
[15:39:43.463] [info]   平移 XYZ: (0.0080, 0.0399, 0.0273) m
[15:39:43.848] [debug] [ManualAdjust] 平移增量 dxyz=(0.0000, 0.0000, -0.0050)m
[15:39:43.848] [info] [ManualAdjust] 当前外参 [lidar_front→cam_left]:
[15:39:43.848] [info]   旋转 RPY: (-46.8782, -82.6035, 137.1610) deg
[15:39:43.848] [info]   平移 XYZ: (0.0080, 0.0399, 0.0223) m
[15:39:44.349] [debug] [ManualAdjust] 平移增量 dxyz=(0.0000, 0.0000, -0.0050)m
[15:39:44.349] [info] [ManualAdjust] 当前外参 [lidar_front→cam_left]:
[15:39:44.349] [info]   旋转 RPY: (-46.8782, -82.6035, 137.1610) deg
[15:39:44.349] [info]   平移 XYZ: (0.0080, 0.0399, 0.0173) m
[15:39:44.379] [debug] [ManualAdjust] 平移增量 dxyz=(0.0000, 0.0000, -0.0050)m
[15:39:44.379] [info] [ManualAdjust] 当前外参 [lidar_front→cam_left]:
[15:39:44.379] [info]   旋转 RPY: (-46.8782, -82.6035, 137.1610) deg
[15:39:44.379] [info]   平移 XYZ: (0.0080, 0.0399, 0.0123) m
[15:39:44.410] [debug] [ManualAdjust] 平移增量 dxyz=(0.0000, 0.0000, -0.0050)m
[15:39:44.410] [info] [ManualAdjust] 当前外参 [lidar_front→cam_left]:
[15:39:44.410] [info]   旋转 RPY: (-46.8782, -82.6035, 137.1610) deg
[15:39:44.410] [info]   平移 XYZ: (0.0080, 0.0399, 0.0073) m
[15:39:44.441] [debug] [ManualAdjust] 平移增量 dxyz=(0.0000, 0.0000, -0.0050)m
[15:39:44.441] [info] [ManualAdjust] 当前外参 [lidar_front→cam_left]:
[15:39:44.441] [info]   旋转 RPY: (-46.8782, -82.6035, 137.1610) deg
[15:39:44.441] [info]   平移 XYZ: (0.0080, 0.0399, 0.0023) m
[15:39:44.471] [debug] [ManualAdjust] 平移增量 dxyz=(0.0000, 0.0000, -0.0050)m
[15:39:44.471] [info] [ManualAdjust] 当前外参 [lidar_front→cam_left]:
[15:39:44.471] [info]   旋转 RPY: (-46.8782, -82.6035, 137.1610) deg
[15:39:44.471] [info]   平移 XYZ: (0.0080, 0.0399, -0.0027) m
[15:39:44.502] [debug] [ManualAdjust] 平移增量 dxyz=(0.0000, 0.0000, -0.0050)m
[15:39:44.502] [info] [ManualAdjust] 当前外参 [lidar_front→cam_left]:
[15:39:44.502] [info]   旋转 RPY: (-46.8782, -82.6035, 137.1610) deg
[15:39:44.502] [info]   平移 XYZ: (0.0080, 0.0399, -0.0077) m
[15:39:44.532] [debug] [ManualAdjust] 平移增量 dxyz=(0.0000, 0.0000, -0.0050)m
[15:39:44.532] [info] [ManualAdjust] 当前外参 [lidar_front→cam_left]:
[15:39:44.532] [info]   旋转 RPY: (-46.8782, -82.6035, 137.1610) deg
[15:39:44.532] [info]   平移 XYZ: (0.0080, 0.0399, -0.0127) m
[15:39:44.563] [debug] [ManualAdjust] 平移增量 dxyz=(0.0000, 0.0000, -0.0050)m
[15:39:44.563] [info] [ManualAdjust] 当前外参 [lidar_front→cam_left]:
[15:39:44.563] [info]   旋转 RPY: (-46.8782, -82.6035, 137.1610) deg
[15:39:44.563] [info]   平移 XYZ: (0.0080, 0.0399, -0.0177) m
[15:39:44.593] [debug] [ManualAdjust] 平移增量 dxyz=(0.0000, 0.0000, -0.0050)m
[15:39:44.593] [info] [ManualAdjust] 当前外参 [lidar_front→cam_left]:
[15:39:44.593] [info]   旋转 RPY: (-46.8782, -82.6035, 137.1610) deg
[15:39:44.593] [info]   平移 XYZ: (0.0080, 0.0399, -0.0227) m
[15:39:44.622] [debug] [ManualAdjust] 平移增量 dxyz=(0.0000, 0.0000, -0.0050)m
[15:39:44.622] [info] [ManualAdjust] 当前外参 [lidar_front→cam_left]:
[15:39:44.622] [info]   旋转 RPY: (-46.8782, -82.6035, 137.1610) deg
[15:39:44.622] [info]   平移 XYZ: (0.0080, 0.0399, -0.0277) m
[15:39:44.652] [debug] [ManualAdjust] 平移增量 dxyz=(0.0000, 0.0000, -0.0050)m
[15:39:44.652] [info] [ManualAdjust] 当前外参 [lidar_front→cam_left]:
[15:39:44.652] [info]   旋转 RPY: (-46.8782, -82.6035, 137.1610) deg
[15:39:44.652] [info]   平移 XYZ: (0.0080, 0.0399, -0.0327) m
[15:39:44.683] [debug] [ManualAdjust] 平移增量 dxyz=(0.0000, 0.0000, -0.0050)m
[15:39:44.683] [info] [ManualAdjust] 当前外参 [lidar_front→cam_left]:
[15:39:44.683] [info]   旋转 RPY: (-46.8782, -82.6035, 137.1610) deg
[15:39:44.683] [info]   平移 XYZ: (0.0080, 0.0399, -0.0377) m
[15:39:44.713] [debug] [ManualAdjust] 平移增量 dxyz=(0.0000, 0.0000, -0.0050)m
[15:39:44.713] [info] [ManualAdjust] 当前外参 [lidar_front→cam_left]:
[15:39:44.713] [info]   旋转 RPY: (-46.8782, -82.6035, 137.1610) deg
[15:39:44.713] [info]   平移 XYZ: (0.0080, 0.0399, -0.0427) m
[15:39:44.743] [debug] [ManualAdjust] 平移增量 dxyz=(0.0000, 0.0000, -0.0050)m
[15:39:44.743] [info] [ManualAdjust] 当前外参 [lidar_front→cam_left]:
[15:39:44.743] [info]   旋转 RPY: (-46.8782, -82.6035, 137.1610) deg
[15:39:44.743] [info]   平移 XYZ: (0.0080, 0.0399, -0.0477) m
[15:39:44.773] [debug] [ManualAdjust] 平移增量 dxyz=(0.0000, 0.0000, -0.0050)m
[15:39:44.773] [info] [ManualAdjust] 当前外参 [lidar_front→cam_left]:
[15:39:44.773] [info]   旋转 RPY: (-46.8782, -82.6035, 137.1610) deg
[15:39:44.773] [info]   平移 XYZ: (0.0080, 0.0399, -0.0527) m
[15:39:44.803] [debug] [ManualAdjust] 平移增量 dxyz=(0.0000, 0.0000, -0.0050)m
[15:39:44.803] [info] [ManualAdjust] 当前外参 [lidar_front→cam_left]:
[15:39:44.803] [info]   旋转 RPY: (-46.8782, -82.6035, 137.1610) deg
[15:39:44.803] [info]   平移 XYZ: (0.0080, 0.0399, -0.0577) m
[15:39:44.834] [debug] [ManualAdjust] 平移增量 dxyz=(0.0000, 0.0000, -0.0050)m
[15:39:44.834] [info] [ManualAdjust] 当前外参 [lidar_front→cam_left]:
[15:39:44.834] [info]   旋转 RPY: (-46.8782, -82.6035, 137.1610) deg
[15:39:44.834] [info]   平移 XYZ: (0.0080, 0.0399, -0.0627) m
[15:39:44.864] [debug] [ManualAdjust] 平移增量 dxyz=(0.0000, 0.0000, -0.0050)m
[15:39:44.864] [info] [ManualAdjust] 当前外参 [lidar_front→cam_left]:
[15:39:44.864] [info]   旋转 RPY: (-46.8782, -82.6035, 137.1610) deg
[15:39:44.864] [info]   平移 XYZ: (0.0080, 0.0399, -0.0677) m
[15:39:44.894] [debug] [ManualAdjust] 平移增量 dxyz=(0.0000, 0.0000, -0.0050)m
[15:39:44.894] [info] [ManualAdjust] 当前外参 [lidar_front→cam_left]:
[15:39:44.894] [info]   旋转 RPY: (-46.8782, -82.6035, 137.1610) deg
[15:39:44.894] [info]   平移 XYZ: (0.0080, 0.0399, -0.0727) m
[15:39:44.924] [debug] [ManualAdjust] 平移增量 dxyz=(0.0000, 0.0000, -0.0050)m
[15:39:44.924] [info] [ManualAdjust] 当前外参 [lidar_front→cam_left]:
[15:39:44.924] [info]   旋转 RPY: (-46.8782, -82.6035, 137.1610) deg
[15:39:44.924] [info]   平移 XYZ: (0.0080, 0.0399, -0.0777) m
[15:39:44.954] [debug] [ManualAdjust] 平移增量 dxyz=(0.0000, 0.0000, -0.0050)m
[15:39:44.954] [info] [ManualAdjust] 当前外参 [lidar_front→cam_left]:
[15:39:44.954] [info]   旋转 RPY: (-46.8782, -82.6035, 137.1610) deg
[15:39:44.954] [info]   平移 XYZ: (0.0080, 0.0399, -0.0827) m
[15:39:44.985] [debug] [ManualAdjust] 平移增量 dxyz=(0.0000, 0.0000, -0.0050)m
[15:39:44.985] [info] [ManualAdjust] 当前外参 [lidar_front→cam_left]:
[15:39:44.985] [info]   旋转 RPY: (-46.8782, -82.6035, 137.1610) deg
[15:39:44.985] [info]   平移 XYZ: (0.0080, 0.0399, -0.0877) m
[15:39:45.015] [debug] [ManualAdjust] 平移增量 dxyz=(0.0000, 0.0000, -0.0050)m
[15:39:45.015] [info] [ManualAdjust] 当前外参 [lidar_front→cam_left]:
[15:39:45.015] [info]   旋转 RPY: (-46.8782, -82.6035, 137.1610) deg
[15:39:45.015] [info]   平移 XYZ: (0.0080, 0.0399, -0.0927) m
[15:39:45.045] [debug] [ManualAdjust] 平移增量 dxyz=(0.0000, 0.0000, -0.0050)m
[15:39:45.045] [info] [ManualAdjust] 当前外参 [lidar_front→cam_left]:
[15:39:45.045] [info]   旋转 RPY: (-46.8782, -82.6035, 137.1610) deg
[15:39:45.045] [info]   平移 XYZ: (0.0080, 0.0399, -0.0977) m
[15:39:45.075] [debug] [ManualAdjust] 平移增量 dxyz=(0.0000, 0.0000, -0.0050)m
[15:39:45.075] [info] [ManualAdjust] 当前外参 [lidar_front→cam_left]:
[15:39:45.075] [info]   旋转 RPY: (-46.8782, -82.6035, 137.1610) deg
[15:39:45.075] [info]   平移 XYZ: (0.0080, 0.0399, -0.1027) m
[15:39:45.106] [debug] [ManualAdjust] 平移增量 dxyz=(0.0000, 0.0000, -0.0050)m
[15:39:45.106] [info] [ManualAdjust] 当前外参 [lidar_front→cam_left]:
[15:39:45.106] [info]   旋转 RPY: (-46.8782, -82.6035, 137.1610) deg
[15:39:45.106] [info]   平移 XYZ: (0.0080, 0.0399, -0.1077) m
[15:39:45.135] [debug] [ManualAdjust] 平移增量 dxyz=(0.0000, 0.0000, -0.0050)m
[15:39:45.135] [info] [ManualAdjust] 当前外参 [lidar_front→cam_left]:
[15:39:45.135] [info]   旋转 RPY: (-46.8782, -82.6035, 137.1610) deg
[15:39:45.135] [info]   平移 XYZ: (0.0080, 0.0399, -0.1127) m
[15:39:45.166] [debug] [ManualAdjust] 平移增量 dxyz=(0.0000, 0.0000, -0.0050)m
[15:39:45.166] [info] [ManualAdjust] 当前外参 [lidar_front→cam_left]:
[15:39:45.166] [info]   旋转 RPY: (-46.8782, -82.6035, 137.1610) deg
[15:39:45.166] [info]   平移 XYZ: (0.0080, 0.0399, -0.1177) m
[15:39:45.195] [debug] [ManualAdjust] 平移增量 dxyz=(0.0000, 0.0000, -0.0050)m
[15:39:45.195] [info] [ManualAdjust] 当前外参 [lidar_front→cam_left]:
[15:39:45.195] [info]   旋转 RPY: (-46.8782, -82.6035, 137.1610) deg
[15:39:45.195] [info]   平移 XYZ: (0.0080, 0.0399, -0.1227) m
[15:39:45.226] [debug] [ManualAdjust] 平移增量 dxyz=(0.0000, 0.0000, -0.0050)m
[15:39:45.226] [info] [ManualAdjust] 当前外参 [lidar_front→cam_left]:
[15:39:45.226] [info]   旋转 RPY: (-46.8782, -82.6035, 137.1610) deg
[15:39:45.226] [info]   平移 XYZ: (0.0080, 0.0399, -0.1277) m
[15:39:45.255] [debug] [ManualAdjust] 平移增量 dxyz=(0.0000, 0.0000, -0.0050)m
[15:39:45.255] [info] [ManualAdjust] 当前外参 [lidar_front→cam_left]:
[15:39:45.255] [info]   旋转 RPY: (-46.8782, -82.6035, 137.1610) deg
[15:39:45.255] [info]   平移 XYZ: (0.0080, 0.0399, -0.1327) m
[15:39:45.286] [debug] [ManualAdjust] 平移增量 dxyz=(0.0000, 0.0000, -0.0050)m
[15:39:45.286] [info] [ManualAdjust] 当前外参 [lidar_front→cam_left]:
[15:39:45.286] [info]   旋转 RPY: (-46.8782, -82.6035, 137.1610) deg
[15:39:45.286] [info]   平移 XYZ: (0.0080, 0.0399, -0.1377) m
[15:39:45.316] [debug] [ManualAdjust] 平移增量 dxyz=(0.0000, 0.0000, -0.0050)m
[15:39:45.316] [info] [ManualAdjust] 当前外参 [lidar_front→cam_left]:
[15:39:45.316] [info]   旋转 RPY: (-46.8782, -82.6035, 137.1610) deg
[15:39:45.316] [info]   平移 XYZ: (0.0080, 0.0399, -0.1427) m
[15:39:45.728] [debug] [ManualAdjust] 平移增量 dxyz=(0.0000, 0.0000, 0.0050)m
[15:39:45.728] [info] [ManualAdjust] 当前外参 [lidar_front→cam_left]:
[15:39:45.728] [info]   旋转 RPY: (-46.8782, -82.6035, 137.1610) deg
[15:39:45.728] [info]   平移 XYZ: (0.0080, 0.0399, -0.1377) m
[15:39:46.229] [debug] [ManualAdjust] 平移增量 dxyz=(0.0000, 0.0000, 0.0050)m
[15:39:46.229] [info] [ManualAdjust] 当前外参 [lidar_front→cam_left]:
[15:39:46.229] [info]   旋转 RPY: (-46.8782, -82.6035, 137.1610) deg
[15:39:46.229] [info]   平移 XYZ: (0.0080, 0.0399, -0.1327) m
[15:39:46.259] [debug] [ManualAdjust] 平移增量 dxyz=(0.0000, 0.0000, 0.0050)m
[15:39:46.259] [info] [ManualAdjust] 当前外参 [lidar_front→cam_left]:
[15:39:46.259] [info]   旋转 RPY: (-46.8782, -82.6035, 137.1610) deg
[15:39:46.259] [info]   平移 XYZ: (0.0080, 0.0399, -0.1277) m
[15:39:46.288] [debug] [ManualAdjust] 平移增量 dxyz=(0.0000, 0.0000, 0.0050)m
[15:39:46.288] [info] [ManualAdjust] 当前外参 [lidar_front→cam_left]:
[15:39:46.288] [info]   旋转 RPY: (-46.8782, -82.6035, 137.1610) deg
[15:39:46.288] [info]   平移 XYZ: (0.0080, 0.0399, -0.1227) m
[15:39:46.318] [debug] [ManualAdjust] 平移增量 dxyz=(0.0000, 0.0000, 0.0050)m
[15:39:46.318] [info] [ManualAdjust] 当前外参 [lidar_front→cam_left]:
[15:39:46.318] [info]   旋转 RPY: (-46.8782, -82.6035, 137.1610) deg
[15:39:46.318] [info]   平移 XYZ: (0.0080, 0.0399, -0.1177) m
[15:39:46.349] [debug] [ManualAdjust] 平移增量 dxyz=(0.0000, 0.0000, 0.0050)m
[15:39:46.349] [info] [ManualAdjust] 当前外参 [lidar_front→cam_left]:
[15:39:46.349] [info]   旋转 RPY: (-46.8782, -82.6035, 137.1610) deg
[15:39:46.349] [info]   平移 XYZ: (0.0080, 0.0399, -0.1127) m
[15:39:46.379] [debug] [ManualAdjust] 平移增量 dxyz=(0.0000, 0.0000, 0.0050)m
[15:39:46.379] [info] [ManualAdjust] 当前外参 [lidar_front→cam_left]:
[15:39:46.379] [info]   旋转 RPY: (-46.8782, -82.6035, 137.1610) deg
[15:39:46.379] [info]   平移 XYZ: (0.0080, 0.0399, -0.1077) m
[15:39:46.409] [debug] [ManualAdjust] 平移增量 dxyz=(0.0000, 0.0000, 0.0050)m
[15:39:46.409] [info] [ManualAdjust] 当前外参 [lidar_front→cam_left]:
[15:39:46.409] [info]   旋转 RPY: (-46.8782, -82.6035, 137.1610) deg
[15:39:46.409] [info]   平移 XYZ: (0.0080, 0.0399, -0.1027) m
[15:39:46.439] [debug] [ManualAdjust] 平移增量 dxyz=(0.0000, 0.0000, 0.0050)m
[15:39:46.439] [info] [ManualAdjust] 当前外参 [lidar_front→cam_left]:
[15:39:46.439] [info]   旋转 RPY: (-46.8782, -82.6035, 137.1610) deg
[15:39:46.439] [info]   平移 XYZ: (0.0080, 0.0399, -0.0977) m
[15:39:46.468] [debug] [ManualAdjust] 平移增量 dxyz=(0.0000, 0.0000, 0.0050)m
[15:39:46.468] [info] [ManualAdjust] 当前外参 [lidar_front→cam_left]:
[15:39:46.468] [info]   旋转 RPY: (-46.8782, -82.6035, 137.1610) deg
[15:39:46.468] [info]   平移 XYZ: (0.0080, 0.0399, -0.0927) m
[15:39:46.776] [debug] [ManualAdjust] 平移增量 dxyz=(0.0000, 0.0000, 0.0050)m
[15:39:46.776] [info] [ManualAdjust] 当前外参 [lidar_front→cam_left]:
[15:39:46.776] [info]   旋转 RPY: (-46.8782, -82.6035, 137.1610) deg
[15:39:46.776] [info]   平移 XYZ: (0.0080, 0.0399, -0.0877) m
[15:39:46.976] [debug] [ManualAdjust] 平移增量 dxyz=(0.0000, 0.0000, 0.0050)m
[15:39:46.976] [info] [ManualAdjust] 当前外参 [lidar_front→cam_left]:
[15:39:46.976] [info]   旋转 RPY: (-46.8782, -82.6035, 137.1610) deg
[15:39:46.976] [info]   平移 XYZ: (0.0080, 0.0399, -0.0827) m
[15:39:49.640] [debug] [ManualAdjust] 旋转增量 RPY=(0.000, 0.000, 0.100)deg
[15:39:49.640] [info] [ManualAdjust] 当前外参 [lidar_front→cam_left]:
[15:39:49.640] [info]   旋转 RPY: (-47.3996, -82.5302, 137.6868) deg
[15:39:49.640] [info]   平移 XYZ: (0.0080, 0.0399, -0.0827) m
[15:39:50.352] [debug] [ManualAdjust] 旋转增量 RPY=(0.000, 0.000, -0.100)deg
[15:39:50.352] [info] [ManualAdjust] 当前外参 [lidar_front→cam_left]:
[15:39:50.352] [info]   旋转 RPY: (-46.8782, -82.6035, 137.1610) deg
[15:39:50.352] [info]   平移 XYZ: (0.0080, 0.0399, -0.0827) m
[15:39:50.864] [debug] [ManualAdjust] 旋转增量 RPY=(0.000, 0.000, -0.100)deg
[15:39:50.864] [info] [ManualAdjust] 当前外参 [lidar_front→cam_left]:
[15:39:50.864] [info]   旋转 RPY: (-46.3464, -82.6762, 136.6247) deg
[15:39:50.864] [info]   平移 XYZ: (0.0080, 0.0399, -0.0827) m
[15:39:51.336] [debug] [ManualAdjust] 旋转增量 RPY=(0.000, 0.100, 0.000)deg
[15:39:51.336] [info] [ManualAdjust] 当前外参 [lidar_front→cam_left]:
[15:39:51.336] [info]   旋转 RPY: (-45.7887, -82.6068, 136.0624) deg
[15:39:51.336] [info]   平移 XYZ: (0.0080, 0.0399, -0.0827) m
[15:39:51.600] [debug] [ManualAdjust] 旋转增量 RPY=(0.000, 0.100, 0.000)deg
[15:39:51.600] [info] [ManualAdjust] 当前外参 [lidar_front→cam_left]:
[15:39:51.600] [info]   旋转 RPY: (-45.2415, -82.5367, 135.5106) deg
[15:39:51.600] [info]   平移 XYZ: (0.0080, 0.0399, -0.0827) m
[15:39:52.224] [debug] [ManualAdjust] 旋转增量 RPY=(0.000, -0.100, 0.000)deg
[15:39:52.224] [info] [ManualAdjust] 当前外参 [lidar_front→cam_left]:
[15:39:52.224] [info]   旋转 RPY: (-45.7887, -82.6068, 136.0624) deg
[15:39:52.224] [info]   平移 XYZ: (0.0080, 0.0399, -0.0827) m
[15:39:52.245] [info] [ManualAdjust] 结果已保存: ./results/lidar_camera_extrinsic/manual_extrinsic_20260422_153952.yaml
[15:39:52.245] [info] [ManualCalib] 手动微调快照已保存:
[15:39:52.245] [info]   - 投影图: ./results/lidar_camera_extrinsic/manual_projection_20260422_153952.png
[15:39:52.245] [info]   - 点云:   ./results/lidar_camera_extrinsic/manual_cloud_20260422_153952.pcd
[15:39:52.245] [info]   - 外参:   ./results/lidar_camera_extrinsic/manual_extrinsic_20260422_153952.yaml
[15:39:52.416] [debug] [ManualAdjust] 旋转增量 RPY=(0.000, -0.100, 0.000)deg
[15:39:52.416] [info] [ManualAdjust] 当前外参 [lidar_front→cam_left]:
[15:39:52.416] [info]   旋转 RPY: (-46.3464, -82.6762, 136.6247) deg
[15:39:52.416] [info]   平移 XYZ: (0.0080, 0.0399, -0.0827) m
[15:39:52.437] [info] [ManualAdjust] 结果已保存: ./results/lidar_camera_extrinsic/manual_extrinsic_20260422_153952.yaml
[15:39:52.437] [info] [ManualCalib] 手动微调快照已保存:
[15:39:52.437] [info]   - 投影图: ./results/lidar_camera_extrinsic/manual_projection_20260422_153952.png
[15:39:52.437] [info]   - 点云:   ./results/lidar_camera_extrinsic/manual_cloud_20260422_153952.pcd
[15:39:52.437] [info]   - 外参:   ./results/lidar_camera_extrinsic/manual_extrinsic_20260422_153952.yaml
[15:39:52.760] [debug] [ManualAdjust] 旋转增量 RPY=(0.000, -0.100, 0.000)deg
[15:39:52.760] [info] [ManualAdjust] 当前外参 [lidar_front→cam_left]:
[15:39:52.760] [info]   旋转 RPY: (-46.9147, -82.7448, 137.1977) deg
[15:39:52.760] [info]   平移 XYZ: (0.0080, 0.0399, -0.0827) m
[15:39:52.784] [info] [ManualAdjust] 结果已保存: ./results/lidar_camera_extrinsic/manual_extrinsic_20260422_153952.yaml
[15:39:52.784] [info] [ManualCalib] 手动微调快照已保存:
[15:39:52.784] [info]   - 投影图: ./results/lidar_camera_extrinsic/manual_projection_20260422_153952.png
[15:39:52.784] [info]   - 点云:   ./results/lidar_camera_extrinsic/manual_cloud_20260422_153952.pcd
[15:39:52.784] [info]   - 外参:   ./results/lidar_camera_extrinsic/manual_extrinsic_20260422_153952.yaml
[15:39:58.809] [info] [ManualAdjust] 结果已保存: ./results/lidar_camera_extrinsic/manual_extrinsic_20260422_153958_final.yaml
[15:39:58.809] [info] [ManualCalib] 最终微调结果已自动保存:
[15:39:58.809] [info]   - 投影图: ./results/lidar_camera_extrinsic/manual_projection_20260422_153958_final.png
[15:39:58.809] [info]   - 点云:   ./results/lidar_camera_extrinsic/manual_cloud_20260422_153958_final.pcd
[15:39:58.809] [info]   - 外参:   ./results/lidar_camera_extrinsic/manual_extrinsic_20260422_153958_final.yaml
[15:39:58.809] [info] [ManualSession] 用户接受手动调整结果
[15:39:58.809] [info] [ManualSession] Cam-Cam 最终采用外参 RMS=0.000000 (manual if available, else auto=0.000000)
[15:39:58.809] [debug] [ManualSession] 事件: lidar_cam_end | final_rms=0.000000
[15:39:58.809] [info] [ManualSession] 会话已保存: ./results/manual_sessions/session_2026-04-22_15-37-41.yaml
[15:39:58.809] [info] ━━━━━━━━━━━━━━━━━━━━━━━━━━━━━━━━━━━━━━━━━
[15:39:58.809] [info] ■ 结束阶段: [Manual-Refine] 任务: [lidar_cam_extrin]
[15:39:58.809] [info]   结果: ✓ 成功 | 残差RMS: 0.0000 | 耗时: 137406 ms
[15:39:58.809] [info]   消息: LiDAR-Camera 手动调整完成
[15:39:58.809] [info] [CALC] 阶段结束 stage=Manual-Refine task=lidar_cam_extrin success=true residual_rms=0.000000 elapsed_ms=137406.3 threshold=-1.0000
[15:39:58.809] [info] ━━━━━━━━━━━━━━━━━━━━━━━━━━━━━━━━━━━━━━━━━
[15:39:58.809] [info] ====== Pipeline Report: pipeline_20260422_153727 ======
[15:39:58.810] [info]   Total time: 151684.2 ms
[15:39:58.810] [info]   All stages succeeded: YES
[15:39:58.810] [info]   标定质量: 各阶段 RMS 均在阈值内
[15:39:58.810] [info]   [Coarse-AI-lidar_cam_extrin] success=true rms=0.0000 time=0.0ms: 使用配置 initial_extrinsic 作为粗标定结果，精标定将以此起步
[15:39:58.810] [info]   [Fine-Auto-lidar_cam_extrin] success=true rms=0.0000 time=14277.9ms: LiDAR-Camera 精标定完成: 1 个相机, 最大 RMS=0.000000 px
[15:39:58.810] [info]   [Manual-Refine-lidar_cam_extrin] success=true rms=0.0000 time=137406.3ms: LiDAR-Camera 手动调整完成

╔══════════════════════════════════════════════════════╗
║              标定参数汇总                            ║
╠══════════════════════════════════════════════════════╣
║ 外参:
║   lidar_front->cam_left:
║     R(RPY°): [-46.91, -82.74, 137.20]
║     T(m):    [0.01, 0.04, -0.08]
║     时偏(s): 0.00
║     RMS:     0.00 ✗
╚══════════════════════════════════════════════════════╝

[15:39:58.810] [info] ================================
[15:39:58.810] [info] Pipeline report saved: ./results/pipeline_report_20260422_153727.yaml
[15:39:58.810] [info] ====== Pipeline Report: pipeline_20260422_153727 ======
[15:39:58.810] [info]   Total time: 151684.2 ms
[15:39:58.810] [info]   All stages succeeded: YES
[15:39:58.810] [info]   标定质量: 各阶段 RMS 均在阈值内
[15:39:58.810] [info]   [Coarse-AI-lidar_cam_extrin] success=true rms=0.0000 time=0.0ms: 使用配置 initial_extrinsic 作为粗标定结果，精标定将以此起步
[15:39:58.810] [info]   [Fine-Auto-lidar_cam_extrin] success=true rms=0.0000 time=14277.9ms: LiDAR-Camera 精标定完成: 1 个相机, 最大 RMS=0.000000 px
[15:39:58.810] [info]   [Manual-Refine-lidar_cam_extrin] success=true rms=0.0000 time=137406.3ms: LiDAR-Camera 手动调整完成

╔══════════════════════════════════════════════════════╗
║              标定参数汇总                            ║
╠══════════════════════════════════════════════════════╣
║ 外参:
║   lidar_front->cam_left:
║     R(RPY°): [-46.91, -82.74, 137.20]
║     T(m):    [0.01, 0.04, -0.08]
║     时偏(s): 0.00
║     RMS:     0.00 ✗
╚══════════════════════════════════════════════════════╝

[15:39:58.810] [info] ================================
[15:39:58.810] [info] ━━━━━━━━━━━━━━━━━━━━━━━━━━━━━━━━━━━━
[15:39:58.810] [info] LiDAR-Camera 标定流程完成
[15:39:58.810] [info] 结果目录: ./results
[15:39:58.810] [info] 标定流程正常退出 exit_code=0
[15:39:58.810] [info] ━━━━━━━━━━━━━━━━━━━━━━━━━━━━━━━━━━━━
