
 ╔═══════════════════════════════════════════════════════════════╗
 ║   UniCalib v2.0 — 多传感器联合标定系统                        ║
 ║                                                               ║
 ║   支持: IMU内参 / 相机内参 / IMU-LiDAR外参 /                  ║
 ║         LiDAR-Camera外参 / Camera-Camera外参                  ║
 ║                                                               ║
 ║   两阶段: AI粗标定 → 无目标精标定 → 手动校准                  ║
 ║   AI模型: DM-Calib / MIAS-LCEC / Transformer-IMU / L2Calib   ║
 ╚═══════════════════════════════════════════════════════════════╝

[2026-04-14 14:39:52.644] [info] [Joint-Calib] [:] 读取系统配置: /root/calib_ws/calib_unified/config/unicalib_example.yaml
[2026-04-14 14:39:52.646] [info] [Joint-Calib] [:]   IMU: 1, LiDAR: 1, Camera: 2

  标定任务:
    ✓ IMU 内参
    ✓ 相机内参
    ✓ IMU-LiDAR 外参
    ✓ LiDAR-Camera 外参
    ✗ Camera-Camera 外参

  选项:
    AI粗标定:    禁用
    手动校准:    禁用
    无目标优先:  是

[2026-04-14 14:39:52.646] [info] [Joint-Calib] [:] ━━━━━━━━━━━━━━━━━━━━━━━━━━━━━━━━━━━━━━━━━━━━━━━━
[2026-04-14 14:39:52.646] [info] [Joint-Calib] [:] 配置: /root/calib_ws/calib_unified/config/unicalib_example.yaml
[2026-04-14 14:39:52.646] [info] [Joint-Calib] [:] 输出: ./results
[2026-04-14 14:39:52.646] [info] [Joint-Calib] [:] ━━━━━━━━━━━━━━━━━━━━━━━━━━━━━━━━━━━━━━━━━━━━━━━━
[2026-04-14 14:39:52.646] [info] [Joint-Calib] [:] 配置: 读取到 2 对 IMU-LiDAR 标定对
[2026-04-14 14:39:52.646] [info] [Joint-Calib] [:] 配置: 读取到 1 对 LiDAR-LiDAR 标定对
[2026-04-14 14:39:52.646] [info] [Joint-Calib] [:] 配置: 读取到 2 对 LiDAR-Camera 标定对
[2026-04-14 14:39:52.646] [info] [Joint-Calib] [:] 配置: 读取到 1 对 Camera-Camera 标定对 (from pairs)
[2026-04-14 14:39:52.647] [info] [Joint-Calib] [:] [CalibPipeline] 初始化 ID=pipeline_20260414_143952
[2026-04-14 14:39:52.647] [info] [Joint-Calib] [:] [CalibPipeline] 输出目录: ./results
[2026-04-14 14:39:52.647] [info] [Joint-Calib] [:] [CalibPipeline] 无目标优先: true
[2026-04-14 14:39:52.647] [info] [Joint-Calib] [:] [CalibPipeline] 任务掩码: 0x17
[2026-04-14 14:39:52.647] [info] [Joint-Calib] [:] ▶ 开始联合标定流水线...
[2026-04-14 14:39:52.647] [info] [Joint-Calib] [:] 
[2026-04-14 14:39:52.647] [info] [Joint-Calib] [:] ╔═══════════════════════════════════════════════╗
[2026-04-14 14:39:52.647] [info] [Joint-Calib] [:] ║   UniCalib 两阶段标定流水线 — 开始            ║
[2026-04-14 14:39:52.647] [info] [Joint-Calib] [:] ║   Pipeline ID: pipeline_20260414_143952       ║
[2026-04-14 14:39:52.647] [info] [Joint-Calib] [:] ╚═══════════════════════════════════════════════╝
[14:39:52.647] [info] 
[14:39:52.647] [info] ━━━━━━━━━━━━━━━━━━━━━━━━━━━━━━━━━━━━━━━━━
[14:39:52.647] [info] ▶ 开始阶段: [Fine-Auto] 任务: [imu_intrinsic]
[14:39:52.647] [info]   描述: 无目标优化
[14:39:52.647] [info] ━━━━━━━━━━━━━━━━━━━━━━━━━━━━━━━━━━━━━━━━━
[14:39:52.648] [info] [CALC] 精标定阶段开始 task=imu_intrinsic
[14:39:52.648] [info] [Fine-Auto] 任务: imu_intrinsic | 无目标优先: true
[14:39:52.648] [info] [Fine-Auto] 方法: Allan方差分析
[14:39:52.648] [info] [Fine-Auto/IMU-Intrin] 开始执行IMU内参标定...
[14:39:52.648] [info]   数据源类型: ROS2 Bag 文件
[14:39:52.648] [info]   ROS2 Bag 文件: /root/calib_ws/data/my_dataset
[14:39:52.648] [info] [UnifiedDataLoader] 从 ROS2 加载数据...
[14:39:52.648] [info]   Bag 文件: /root/calib_ws/data/my_dataset
[14:39:52.648] [info]   实时模式: false
[14:39:52.648] [info] [Ros2BagDataSource] 打开 bag 文件: /root/calib_ws/data/my_dataset
[14:39:52.648] [info] [Ros2BagDataSource] 正在读取 metadata.yaml: /root/calib_ws/data/my_dataset/metadata.yaml
[14:39:52.648] [debug] [Ros2BagDataSource] 找到话题: /Radar (类型: sensor_msgs/msg/PointCloud2, 消息数: 10675)
[14:39:52.648] [debug] [Ros2BagDataSource] 找到话题: /Lidar (类型: sensor_msgs/msg/PointCloud2, 消息数: 5309)
[14:39:52.648] [debug] [Ros2BagDataSource] 找到话题: /Imu (类型: sensor_msgs/msg/Imu, 消息数: 5294)
[14:39:52.648] [debug] [Ros2BagDataSource] 找到话题: /IR_Image (类型: sensor_msgs/msg/Image, 消息数: 5269)
[14:39:52.648] [debug] [Ros2BagDataSource] 找到话题: /Gps (类型: sensor_msgs/msg/NavSatFix, 消息数: 5294)
[14:39:52.648] [debug] [Ros2BagDataSource] 找到话题: /Camera (类型: sensor_msgs/msg/Image, 消息数: 5299)
[14:39:52.649] [debug] [Ros2BagDataSource] 匹配 LiDAR 话题: /Lidar (关键词: lidar)
[14:39:52.649] [info] [Ros2BagDataSource] 自动检测 LiDAR 话题: /Lidar
[14:39:52.649] [debug] [Ros2BagDataSource] 匹配相机话题: /Camera (关键词: camera)
[14:39:52.649] [info] [Ros2BagDataSource] 自动检测相机话题: /Camera
[14:39:52.649] [info] [Ros2BagDataSource] 使用配置的 IMU 话题: /Imu
[INFO] [1776148792.656067591] [rosbag2_storage]: Opened database '/root/calib_ws/data/my_dataset/drive_0.db3' for READ_ONLY.
[14:39:52.656] [info] [Ros2BagDataSource] Bag 已打开，开始读取消息...
[14:39:52.656] [info] [Ros2BagDataSource] 找到 6 个话题
[14:39:52.656] [info] [Ros2BagDataSource]  话题: /Radar  类型: sensor_msgs/msg/PointCloud2  消息数: 10675
[14:39:52.656] [info] [Ros2BagDataSource]  话题: /Lidar  类型: sensor_msgs/msg/PointCloud2  消息数: 5309
[14:39:52.656] [info] [Ros2BagDataSource]  话题: /Imu  类型: sensor_msgs/msg/Imu  消息数: 5294
[14:39:52.656] [info] [Ros2BagDataSource]  话题: /IR_Image  类型: sensor_msgs/msg/Image  消息数: 5269
[14:39:52.656] [info] [Ros2BagDataSource]  话题: /Gps  类型: sensor_msgs/msg/NavSatFix  消息数: 5294
[14:39:52.656] [info] [Ros2BagDataSource]  话题: /Camera  类型: sensor_msgs/msg/Image  消息数: 5299
[14:39:52.656] [info] [Ros2BagDataSource] 将加载 bag 内所有 IMU / LiDAR / 相机话题，加载后可通过 sensor_id 或话题名选择使用
Failed to find match for field 'intensity'.
Failed to find match for field 'intensity'.
Failed to find match for field 'intensity'.
Failed to find match for field 'intensity'.
Failed to find match for field 'intensity'.
Failed to find match for field 'intensity'.
Failed to find match for field 'intensity'.
Failed to find match for field 'intensity'.
Failed to find match for field 'intensity'.
Failed to find match for field 'intensity'.
Failed to find match for field 'intensity'.
Failed to find match for field 'intensity'.
Failed to find match for field 'intensity'.
Failed to find match for field 'intensity'.
Failed to find match for field 'intensity'.
Failed to find match for field 'intensity'.
Failed to find match for field 'intensity'.
Failed to find match for field 'intensity'.
Failed to find match for field 'intensity'.
Failed to find match for field 'intensity'.
Failed to find match for field 'intensity'.
Failed to find match for field 'intensity'.
Failed to find match for field 'intensity'.
Failed to find match for field 'intensity'.
Failed to find match for field 'intensity'.
Failed to find match for field 'intensity'.
Failed to find match for field 'intensity'.
Failed to find match for field 'intensity'.
Failed to find match for field 'intensity'.
Failed to find match for field 'intensity'.
Failed to find match for field 'intensity'.
Failed to find match for field 'intensity'.
Failed to find match for field 'intensity'.
Failed to find match for field 'intensity'.
Failed to find match for field 'intensity'.
Failed to find match for field 'intensity'.
Failed to find match for field 'intensity'.
Failed to find match for field 'intensity'.
Failed to find match for field 'intensity'.
Failed to find match for field 'intensity'.
Failed to find match for field 'intensity'.
Failed to find match for field 'intensity'.
Failed to find match for field 'intensity'.
Failed to find match for field 'intensity'.
Failed to find match for field 'intensity'.
Failed to find match for field 'intensity'.
Failed to find match for field 'intensity'.
Failed to find match for field 'intensity'.
Failed to find match for field 'intensity'.
Failed to find match for field 'intensity'.
Failed to find match for field 'intensity'.
Failed to find match for field 'intensity'.
Failed to find match for field 'intensity'.
Failed to find match for field 'intensity'.
Failed to find match for field 'intensity'.
Failed to find match for field 'intensity'.
Failed to find match for field 'intensity'.
Failed to find match for field 'intensity'.
Failed to find match for field 'intensity'.
Failed to find match for field 'intensity'.
Failed to find match for field 'intensity'.
Failed to find match for field 'intensity'.
Failed to find match for field 'intensity'.
Failed to find match for field 'intensity'.
Failed to find match for field 'intensity'.
Failed to find match for field 'intensity'.
Failed to find match for field 'intensity'.
Failed to find match for field 'intensity'.
Failed to find match for field 'intensity'.
Failed to find match for field 'intensity'.
Failed to find match for field 'intensity'.
Failed to find match for field 'intensity'.
Failed to find match for field 'intensity'.
Failed to find match for field 'intensity'.
Failed to find match for field 'intensity'.
Failed to find match for field 'intensity'.
Failed to find match for field 'intensity'.
Failed to find match for field 'intensity'.
Failed to find match for field 'intensity'.
Failed to find match for field 'intensity'.
Failed to find match for field 'intensity'.
Failed to find match for field 'intensity'.
Failed to find match for field 'intensity'.
Failed to find match for field 'intensity'.
Failed to find match for field 'intensity'.
Failed to find match for field 'intensity'.
Failed to find match for field 'intensity'.
Failed to find match for field 'intensity'.
Failed to find match for field 'intensity'.
Failed to find match for field 'intensity'.
Failed to find match for field 'intensity'.
Failed to find match for field 'intensity'.
Failed to find match for field 'intensity'.
Failed to find match for field 'intensity'.
Failed to find match for field 'intensity'.
Failed to find match for field 'intensity'.
Failed to find match for field 'intensity'.
Failed to find match for field 'intensity'.
Failed to find match for field 'intensity'.
Failed to find match for field 'intensity'.
Failed to find match for field 'intensity'.
Failed to find match for field 'intensity'.
Failed to find match for field 'intensity'.
Failed to find match for field 'intensity'.
Failed to find match for field 'intensity'.
Failed to find match for field 'intensity'.
Failed to find match for field 'intensity'.
Failed to find match for field 'intensity'.
Failed to find match for field 'intensity'.
Failed to find match for field 'intensity'.
Failed to find match for field 'intensity'.
Failed to find match for field 'intensity'.
Failed to find match for field 'intensity'.
Failed to find match for field 'intensity'.
Failed to find match for field 'intensity'.
Failed to find match for field 'intensity'.
Failed to find match for field 'intensity'.
Failed to find match for field 'intensity'.
Failed to find match for field 'intensity'.
Failed to find match for field 'intensity'.
Failed to find match for field 'intensity'.
Failed to find match for field 'intensity'.
Failed to find match for field 'intensity'.
Failed to find match for field 'intensity'.
Failed to find match for field 'intensity'.
Failed to find match for field 'intensity'.
Failed to find match for field 'intensity'.
Failed to find match for field 'intensity'.
Failed to find match for field 'intensity'.
Failed to find match for field 'intensity'.
Failed to find match for field 'intensity'.
Failed to find match for field 'intensity'.
Failed to find match for field 'intensity'.
Failed to find match for field 'intensity'.
Failed to find match for field 'intensity'.
Failed to find match for field 'intensity'.
Failed to find match for field 'intensity'.
Failed to find match for field 'intensity'.
Failed to find match for field 'intensity'.
Failed to find match for field 'intensity'.
Failed to find match for field 'intensity'.
Failed to find match for field 'intensity'.
Failed to find match for field 'intensity'.
Failed to find match for field 'intensity'.
Failed to find match for field 'intensity'.
Failed to find match for field 'intensity'.
Failed to find match for field 'intensity'.
Failed to find match for field 'intensity'.
Failed to find match for field 'intensity'.
Failed to find match for field 'intensity'.
Failed to find match for field 'intensity'.
Failed to find match for field 'intensity'.
Failed to find match for field 'intensity'.
Failed to find match for field 'intensity'.
Failed to find match for field 'intensity'.
Failed to find match for field 'intensity'.
Failed to find match for field 'intensity'.
Failed to find match for field 'intensity'.
Failed to find match for field 'intensity'.
Failed to find match for field 'intensity'.
Failed to find match for field 'intensity'.
Failed to find match for field 'intensity'.
Failed to find match for field 'intensity'.
Failed to find match for field 'intensity'.
Failed to find match for field 'intensity'.
Failed to find match for field 'intensity'.
Failed to find match for field 'intensity'.
Failed to find match for field 'intensity'.
Failed to find match for field 'intensity'.
Failed to find match for field 'intensity'.
Failed to find match for field 'intensity'.
Failed to find match for field 'intensity'.
Failed to find match for field 'intensity'.
Failed to find match for field 'intensity'.
Failed to find match for field 'intensity'.
Failed to find match for field 'intensity'.
Failed to find match for field 'intensity'.
Failed to find match for field 'intensity'.
Failed to find match for field 'intensity'.
Failed to find match for field 'intensity'.
Failed to find match for field 'intensity'.
Failed to find match for field 'intensity'.
Failed to find match for field 'intensity'.
Failed to find match for field 'intensity'.
Failed to find match for field 'intensity'.
Failed to find match for field 'intensity'.
Failed to find match for field 'intensity'.
Failed to find match for field 'intensity'.
Failed to find match for field 'intensity'.
Failed to find match for field 'intensity'.
Failed to find match for field 'intensity'.
Failed to find match for field 'intensity'.
Failed to find match for field 'intensity'.
Failed to find match for field 'intensity'.
Failed to find match for field 'intensity'.
Failed to find match for field 'intensity'.
Failed to find match for field 'intensity'.
Failed to find match for field 'intensity'.
Failed to find match for field 'intensity'.
Failed to find match for field 'intensity'.
Failed to find match for field 'intensity'.
Failed to find match for field 'intensity'.
Failed to find match for field 'intensity'.
Failed to find match for field 'intensity'.
Failed to find match for field 'intensity'.
Failed to find match for field 'intensity'.
Failed to find match for field 'intensity'.
Failed to find match for field 'intensity'.
Failed to find match for field 'intensity'.
Failed to find match for field 'intensity'.
Failed to find match for field 'intensity'.
Failed to find match for field 'intensity'.
Failed to find match for field 'intensity'.
Failed to find match for field 'intensity'.
Failed to find match for field 'intensity'.
Failed to find match for field 'intensity'.
Failed to find match for field 'intensity'.
Failed to find match for field 'intensity'.
Failed to find match for field 'intensity'.
Failed to find match for field 'intensity'.
Failed to find match for field 'intensity'.
Failed to find match for field 'intensity'.
Failed to find match for field 'intensity'.
Failed to find match for field 'intensity'.
Failed to find match for field 'intensity'.
Failed to find match for field 'intensity'.
Failed to find match for field 'intensity'.
Failed to find match for field 'intensity'.
Failed to find match for field 'intensity'.
Failed to find match for field 'intensity'.
Failed to find match for field 'intensity'.
Failed to find match for field 'intensity'.
Failed to find match for field 'intensity'.
Failed to find match for field 'intensity'.
Failed to find match for field 'intensity'.
Failed to find match for field 'intensity'.
Failed to find match for field 'intensity'.
Failed to find match for field 'intensity'.
Failed to find match for field 'intensity'.
Failed to find match for field 'intensity'.
Failed to find match for field 'intensity'.
Failed to find match for field 'intensity'.
Failed to find match for field 'intensity'.
Failed to find match for field 'intensity'.
Failed to find match for field 'intensity'.
Failed to find match for field 'intensity'.
Failed to find match for field 'intensity'.
Failed to find match for field 'intensity'.
Failed to find match for field 'intensity'.
Failed to find match for field 'intensity'.
Failed to find match for field 'intensity'.
Failed to find match for field 'intensity'.
Failed to find match for field 'intensity'.
Failed to find match for field 'intensity'.
Failed to find match for field 'intensity'.
Failed to find match for field 'intensity'.
Failed to find match for field 'intensity'.
Failed to find match for field 'intensity'.
Failed to find match for field 'intensity'.
Failed to find match for field 'intensity'.
Failed to find match for field 'intensity'.
Failed to find match for field 'intensity'.
Failed to find match for field 'intensity'.
Failed to find match for field 'intensity'.
Failed to find match for field 'intensity'.
Failed to find match for field 'intensity'.
Failed to find match for field 'intensity'.
Failed to find match for field 'intensity'.
Failed to find match for field 'intensity'.
Failed to find match for field 'intensity'.
Failed to find match for field 'intensity'.
Failed to find match for field 'intensity'.
Failed to find match for field 'intensity'.
Failed to find match for field 'intensity'.
Failed to find match for field 'intensity'.
Failed to find match for field 'intensity'.
Failed to find match for field 'intensity'.
Failed to find match for field 'intensity'.
Failed to find match for field 'intensity'.
Failed to find match for field 'intensity'.
Failed to find match for field 'intensity'.
Failed to find match for field 'intensity'.
Failed to find match for field 'intensity'.
Failed to find match for field 'intensity'.
Failed to find match for field 'intensity'.
Failed to find match for field 'intensity'.
Failed to find match for field 'intensity'.
Failed to find match for field 'intensity'.
Failed to find match for field 'intensity'.
Failed to find match for field 'intensity'.
Failed to find match for field 'intensity'.
Failed to find match for field 'intensity'.
Failed to find match for field 'intensity'.
Failed to find match for field 'intensity'.
Failed to find match for field 'intensity'.
Failed to find match for field 'intensity'.
Failed to find match for field 'intensity'.
Failed to find match for field 'intensity'.
Failed to find match for field 'intensity'.
Failed to find match for field 'intensity'.
Failed to find match for field 'intensity'.
Failed to find match for field 'intensity'.
Failed to find match for field 'intensity'.
Failed to find match for field 'intensity'.
Failed to find match for field 'intensity'.
Failed to find match for field 'intensity'.
Failed to find match for field 'intensity'.
Failed to find match for field 'intensity'.
Failed to find match for field 'intensity'.
Failed to find match for field 'intensity'.
Failed to find match for field 'intensity'.
Failed to find match for field 'intensity'.
Failed to find match for field 'intensity'.
Failed to find match for field 'intensity'.
Failed to find match for field 'intensity'.
Failed to find match for field 'intensity'.
Failed to find match for field 'intensity'.
Failed to find match for field 'intensity'.
Failed to find match for field 'intensity'.
Failed to find match for field 'intensity'.
Failed to find match for field 'intensity'.
Failed to find match for field 'intensity'.
Failed to find match for field 'intensity'.
Failed to find match for field 'intensity'.
Failed to find match for field 'intensity'.
Failed to find match for field 'intensity'.
Failed to find match for field 'intensity'.
Failed to find match for field 'intensity'.
Failed to find match for field 'intensity'.
Failed to find match for field 'intensity'.
Failed to find match for field 'intensity'.
Failed to find match for field 'intensity'.
Failed to find match for field 'intensity'.
Failed to find match for field 'intensity'.
Failed to find match for field 'intensity'.
Failed to find match for field 'intensity'.
Failed to find match for field 'intensity'.
Failed to find match for field 'intensity'.
Failed to find match for field 'intensity'.
Failed to find match for field 'intensity'.
Failed to find match for field 'intensity'.
Failed to find match for field 'intensity'.
Failed to find match for field 'intensity'.
Failed to find match for field 'intensity'.
Failed to find match for field 'intensity'.
Failed to find match for field 'intensity'.
Failed to find match for field 'intensity'.
Failed to find match for field 'intensity'.
Failed to find match for field 'intensity'.
Failed to find match for field 'intensity'.
Failed to find match for field 'intensity'.
Failed to find match for field 'intensity'.
Failed to find match for field 'intensity'.
Failed to find match for field 'intensity'.
Failed to find match for field 'intensity'.
Failed to find match for field 'intensity'.
Failed to find match for field 'intensity'.
Failed to find match for field 'intensity'.
Failed to find match for field 'intensity'.
Failed to find match for field 'intensity'.
Failed to find match for field 'intensity'.
Failed to find match for field 'intensity'.
Failed to find match for field 'intensity'.
Failed to find match for field 'intensity'.
Failed to find match for field 'intensity'.
Failed to find match for field 'intensity'.
Failed to find match for field 'intensity'.
Failed to find match for field 'intensity'.
Failed to find match for field 'intensity'.
Failed to find match for field 'intensity'.
Failed to find match for field 'intensity'.
Failed to find match for field 'intensity'.
Failed to find match for field 'intensity'.
Failed to find match for field 'intensity'.
Failed to find match for field 'intensity'.
Failed to find match for field 'intensity'.
Failed to find match for field 'intensity'.
Failed to find match for field 'intensity'.
Failed to find match for field 'intensity'.
Failed to find match for field 'intensity'.
Failed to find match for field 'intensity'.
Failed to find match for field 'intensity'.
Failed to find match for field 'intensity'.
Failed to find match for field 'intensity'.
Failed to find match for field 'intensity'.
Failed to find match for field 'intensity'.
Failed to find match for field 'intensity'.
Failed to find match for field 'intensity'.
Failed to find match for field 'intensity'.
Failed to find match for field 'intensity'.
Failed to find match for field 'intensity'.
Failed to find match for field 'intensity'.
Failed to find match for field 'intensity'.
Failed to find match for field 'intensity'.
Failed to find match for field 'intensity'.
Failed to find match for field 'intensity'.
Failed to find match for field 'intensity'.
Failed to find match for field 'intensity'.
Failed to find match for field 'intensity'.
Failed to find match for field 'intensity'.
Failed to find match for field 'intensity'.
Failed to find match for field 'intensity'.
Failed to find match for field 'intensity'.
Failed to find match for field 'intensity'.
Failed to find match for field 'intensity'.
Failed to find match for field 'intensity'.
Failed to find match for field 'intensity'.
Failed to find match for field 'intensity'.
Failed to find match for field 'intensity'.
Failed to find match for field 'intensity'.
Failed to find match for field 'intensity'.
Failed to find match for field 'intensity'.
Failed to find match for field 'intensity'.
Failed to find match for field 'intensity'.
Failed to find match for field 'intensity'.
Failed to find match for field 'intensity'.
Failed to find match for field 'intensity'.
Failed to find match for field 'intensity'.
Failed to find match for field 'intensity'.
Failed to find match for field 'intensity'.
Failed to find match for field 'intensity'.
Failed to find match for field 'intensity'.
Failed to find match for field 'intensity'.
Failed to find match for field 'intensity'.
Failed to find match for field 'intensity'.
Failed to find match for field 'intensity'.
Failed to find match for field 'intensity'.
Failed to find match for field 'intensity'.
Failed to find match for field 'intensity'.
Failed to find match for field 'intensity'.
Failed to find match for field 'intensity'.
Failed to find match for field 'intensity'.
Failed to find match for field 'intensity'.
Failed to find match for field 'intensity'.
Failed to find match for field 'intensity'.
Failed to find match for field 'intensity'.
Failed to find match for field 'intensity'.
Failed to find match for field 'intensity'.
Failed to find match for field 'intensity'.
Failed to find match for field 'intensity'.
Failed to find match for field 'intensity'.
Failed to find match for field 'intensity'.
Failed to find match for field 'intensity'.
Failed to find match for field 'intensity'.
Failed to find match for field 'intensity'.
Failed to find match for field 'intensity'.
Failed to find match for field 'intensity'.
Failed to find match for field 'intensity'.
Failed to find match for field 'intensity'.
Failed to find match for field 'intensity'.
Failed to find match for field 'intensity'.
Failed to find match for field 'intensity'.
Failed to find match for field 'intensity'.
Failed to find match for field 'intensity'.
Failed to find match for field 'intensity'.
Failed to find match for field 'intensity'.
Failed to find match for field 'intensity'.
Failed to find match for field 'intensity'.
Failed to find match for field 'intensity'.
Failed to find match for field 'intensity'.
Failed to find match for field 'intensity'.
Failed to find match for field 'intensity'.
Failed to find match for field 'intensity'.
Failed to find match for field 'intensity'.
Failed to find match for field 'intensity'.
Failed to find match for field 'intensity'.
Failed to find match for field 'intensity'.
Failed to find match for field 'intensity'.
Failed to find match for field 'intensity'.
Failed to find match for field 'intensity'.
Failed to find match for field 'intensity'.
Failed to find match for field 'intensity'.
Failed to find match for field 'intensity'.
Failed to find match for field 'intensity'.
Failed to find match for field 'intensity'.
Failed to find match for field 'intensity'.
Failed to find match for field 'intensity'.
Failed to find match for field 'intensity'.
Failed to find match for field 'intensity'.
Failed to find match for field 'intensity'.
Failed to find match for field 'intensity'.
Failed to find match for field 'intensity'.
Failed to find match for field 'intensity'.
Failed to find match for field 'intensity'.
Failed to find match for field 'intensity'.
Failed to find match for field 'intensity'.
Failed to find match for field 'intensity'.
Failed to find match for field 'intensity'.
Failed to find match for field 'intensity'.
Failed to find match for field 'intensity'.
Failed to find match for field 'intensity'.
Failed to find match for field 'intensity'.
Failed to find match for field 'intensity'.
Failed to find match for field 'intensity'.
Failed to find match for field 'intensity'.
Failed to find match for field 'intensity'.
Failed to find match for field 'intensity'.
Failed to find match for field 'intensity'.
Failed to find match for field 'intensity'.
Failed to find match for field 'intensity'.
[14:39:54.256] [debug]   收集 LiDAR [/Radar] 帧数: 500
Failed to find match for field 'intensity'.
Failed to find match for field 'intensity'.
Failed to find match for field 'intensity'.
Failed to find match for field 'intensity'.
Failed to find match for field 'intensity'.
Failed to find match for field 'intensity'.
Failed to find match for field 'intensity'.
Failed to find match for field 'intensity'.
Failed to find match for field 'intensity'.
Failed to find match for field 'intensity'.
Failed to find match for field 'intensity'.
Failed to find match for field 'intensity'.
Failed to find match for field 'intensity'.
Failed to find match for field 'intensity'.
Failed to find match for field 'intensity'.
Failed to find match for field 'intensity'.
Failed to find match for field 'intensity'.
Failed to find match for field 'intensity'.
Failed to find match for field 'intensity'.
Failed to find match for field 'intensity'.
Failed to find match for field 'intensity'.
Failed to find match for field 'intensity'.
Failed to find match for field 'intensity'.
Failed to find match for field 'intensity'.
Failed to find match for field 'intensity'.
Failed to find match for field 'intensity'.
Failed to find match for field 'intensity'.
Failed to find match for field 'intensity'.
Failed to find match for field 'intensity'.
Failed to find match for field 'intensity'.
Failed to find match for field 'intensity'.
Failed to find match for field 'intensity'.
Failed to find match for field 'intensity'.
Failed to find match for field 'intensity'.
Failed to find match for field 'intensity'.
Failed to find match for field 'intensity'.
Failed to find match for field 'intensity'.
Failed to find match for field 'intensity'.
Failed to find match for field 'intensity'.
Failed to find match for field 'intensity'.
Failed to find match for field 'intensity'.
Failed to find match for field 'intensity'.
Failed to find match for field 'intensity'.
Failed to find match for field 'intensity'.
Failed to find match for field 'intensity'.
Failed to find match for field 'intensity'.
Failed to find match for field 'intensity'.
Failed to find match for field 'intensity'.
Failed to find match for field 'intensity'.
Failed to find match for field 'intensity'.
Failed to find match for field 'intensity'.
Failed to find match for field 'intensity'.
Failed to find match for field 'intensity'.
Failed to find match for field 'intensity'.
Failed to find match for field 'intensity'.
Failed to find match for field 'intensity'.
Failed to find match for field 'intensity'.
Failed to find match for field 'intensity'.
Failed to find match for field 'intensity'.
Failed to find match for field 'intensity'.
Failed to find match for field 'intensity'.
Failed to find match for field 'intensity'.
Failed to find match for field 'intensity'.
Failed to find match for field 'intensity'.
Failed to find match for field 'intensity'.
Failed to find match for field 'intensity'.
Failed to find match for field 'intensity'.
Failed to find match for field 'intensity'.
Failed to find match for field 'intensity'.
Failed to find match for field 'intensity'.
Failed to find match for field 'intensity'.
Failed to find match for field 'intensity'.
Failed to find match for field 'intensity'.
Failed to find match for field 'intensity'.
Failed to find match for field 'intensity'.
Failed to find match for field 'intensity'.
Failed to find match for field 'intensity'.
Failed to find match for field 'intensity'.
Failed to find match for field 'intensity'.
Failed to find match for field 'intensity'.
Failed to find match for field 'intensity'.
Failed to find match for field 'intensity'.
Failed to find match for field 'intensity'.
Failed to find match for field 'intensity'.
Failed to find match for field 'intensity'.
Failed to find match for field 'intensity'.
Failed to find match for field 'intensity'.
Failed to find match for field 'intensity'.
Failed to find match for field 'intensity'.
Failed to find match for field 'intensity'.
Failed to find match for field 'intensity'.
Failed to find match for field 'intensity'.
Failed to find match for field 'intensity'.
Failed to find match for field 'intensity'.
Failed to find match for field 'intensity'.
Failed to find match for field 'intensity'.
Failed to find match for field 'intensity'.
Failed to find match for field 'intensity'.
Failed to find match for field 'intensity'.
Failed to find match for field 'intensity'.
Failed to find match for field 'intensity'.
Failed to find match for field 'intensity'.
Failed to find match for field 'intensity'.
Failed to find match for field 'intensity'.
Failed to find match for field 'intensity'.
Failed to find match for field 'intensity'.
Failed to find match for field 'intensity'.
Failed to find match for field 'intensity'.
Failed to find match for field 'intensity'.
Failed to find match for field 'intensity'.
Failed to find match for field 'intensity'.
Failed to find match for field 'intensity'.
Failed to find match for field 'intensity'.
Failed to find match for field 'intensity'.
Failed to find match for field 'intensity'.
Failed to find match for field 'intensity'.
Failed to find match for field 'intensity'.
Failed to find match for field 'intensity'.
Failed to find match for field 'intensity'.
Failed to find match for field 'intensity'.
Failed to find match for field 'intensity'.
Failed to find match for field 'intensity'.
Failed to find match for field 'intensity'.
Failed to find match for field 'intensity'.
Failed to find match for field 'intensity'.
Failed to find match for field 'intensity'.
Failed to find match for field 'intensity'.
Failed to find match for field 'intensity'.
Failed to find match for field 'intensity'.
Failed to find match for field 'intensity'.
Failed to find match for field 'intensity'.
Failed to find match for field 'intensity'.
Failed to find match for field 'intensity'.
Failed to find match for field 'intensity'.
Failed to find match for field 'intensity'.
Failed to find match for field 'intensity'.
Failed to find match for field 'intensity'.
Failed to find match for field 'intensity'.
Failed to find match for field 'intensity'.
Failed to find match for field 'intensity'.
Failed to find match for field 'intensity'.
Failed to find match for field 'intensity'.
Failed to find match for field 'intensity'.
Failed to find match for field 'intensity'.
Failed to find match for field 'intensity'.
Failed to find match for field 'intensity'.
Failed to find match for field 'intensity'.
Failed to find match for field 'intensity'.
Failed to find match for field 'intensity'.
Failed to find match for field 'intensity'.
Failed to find match for field 'intensity'.
Failed to find match for field 'intensity'.
Failed to find match for field 'intensity'.
Failed to find match for field 'intensity'.
Failed to find match for field 'intensity'.
Failed to find match for field 'intensity'.
Failed to find match for field 'intensity'.
Failed to find match for field 'intensity'.
Failed to find match for field 'intensity'.
Failed to find match for field 'intensity'.
Failed to find match for field 'intensity'.
Failed to find match for field 'intensity'.
Failed to find match for field 'intensity'.
Failed to find match for field 'intensity'.
Failed to find match for field 'intensity'.
Failed to find match for field 'intensity'.
Failed to find match for field 'intensity'.
Failed to find match for field 'intensity'.
Failed to find match for field 'intensity'.
Failed to find match for field 'intensity'.
Failed to find match for field 'intensity'.
Failed to find match for field 'intensity'.
Failed to find match for field 'intensity'.
Failed to find match for field 'intensity'.
Failed to find match for field 'intensity'.
Failed to find match for field 'intensity'.
Failed to find match for field 'intensity'.
Failed to find match for field 'intensity'.
Failed to find match for field 'intensity'.
Failed to find match for field 'intensity'.
Failed to find match for field 'intensity'.
Failed to find match for field 'intensity'.
Failed to find match for field 'intensity'.
Failed to find match for field 'intensity'.
Failed to find match for field 'intensity'.
Failed to find match for field 'intensity'.
Failed to find match for field 'intensity'.
Failed to find match for field 'intensity'.
Failed to find match for field 'intensity'.
Failed to find match for field 'intensity'.
Failed to find match for field 'intensity'.
Failed to find match for field 'intensity'.
Failed to find match for field 'intensity'.
Failed to find match for field 'intensity'.
Failed to find match for field 'intensity'.
Failed to find match for field 'intensity'.
Failed to find match for field 'intensity'.
Failed to find match for field 'intensity'.
Failed to find match for field 'intensity'.
Failed to find match for field 'intensity'.
Failed to find match for field 'intensity'.
Failed to find match for field 'intensity'.
Failed to find match for field 'intensity'.
Failed to find match for field 'intensity'.
Failed to find match for field 'intensity'.
Failed to find match for field 'intensity'.
Failed to find match for field 'intensity'.
Failed to find match for field 'intensity'.
Failed to find match for field 'intensity'.
Failed to find match for field 'intensity'.
Failed to find match for field 'intensity'.
Failed to find match for field 'intensity'.
Failed to find match for field 'intensity'.
Failed to find match for field 'intensity'.
Failed to find match for field 'intensity'.
Failed to find match for field 'intensity'.
Failed to find match for field 'intensity'.
Failed to find match for field 'intensity'.
Failed to find match for field 'intensity'.
Failed to find match for field 'intensity'.
Failed to find match for field 'intensity'.
Failed to find match for field 'intensity'.
Failed to find match for field 'intensity'.
Failed to find match for field 'intensity'.
Failed to find match for field 'intensity'.
Failed to find match for field 'intensity'.
Failed to find match for field 'intensity'.
Failed to find match for field 'intensity'.
Failed to find match for field 'intensity'.
Failed to find match for field 'intensity'.
Failed to find match for field 'intensity'.
Failed to find match for field 'intensity'.
Failed to find match for field 'intensity'.
Failed to find match for field 'intensity'.
Failed to find match for field 'intensity'.
Failed to find match for field 'intensity'.
Failed to find match for field 'intensity'.
Failed to find match for field 'intensity'.
Failed to find match for field 'intensity'.
Failed to find match for field 'intensity'.
Failed to find match for field 'intensity'.
Failed to find match for field 'intensity'.
Failed to find match for field 'intensity'.
Failed to find match for field 'intensity'.
Failed to find match for field 'intensity'.
Failed to find match for field 'intensity'.
Failed to find match for field 'intensity'.
Failed to find match for field 'intensity'.
Failed to find match for field 'intensity'.
Failed to find match for field 'intensity'.
Failed to find match for field 'intensity'.
Failed to find match for field 'intensity'.
Failed to find match for field 'intensity'.
Failed to find match for field 'intensity'.
Failed to find match for field 'intensity'.
Failed to find match for field 'intensity'.
Failed to find match for field 'intensity'.
Failed to find match for field 'intensity'.
Failed to find match for field 'intensity'.
Failed to find match for field 'intensity'.
Failed to find match for field 'intensity'.
Failed to find match for field 'intensity'.
Failed to find match for field 'intensity'.
Failed to find match for field 'intensity'.
Failed to find match for field 'intensity'.
Failed to find match for field 'intensity'.
Failed to find match for field 'intensity'.
Failed to find match for field 'intensity'.
Failed to find match for field 'intensity'.
Failed to find match for field 'intensity'.
Failed to find match for field 'intensity'.
Failed to find match for field 'intensity'.
Failed to find match for field 'intensity'.
Failed to find match for field 'intensity'.
Failed to find match for field 'intensity'.
Failed to find match for field 'intensity'.
Failed to find match for field 'intensity'.
Failed to find match for field 'intensity'.
Failed to find match for field 'intensity'.
Failed to find match for field 'intensity'.
Failed to find match for field 'intensity'.
Failed to find match for field 'intensity'.
Failed to find match for field 'intensity'.
Failed to find match for field 'intensity'.
Failed to find match for field 'intensity'.
Failed to find match for field 'intensity'.
Failed to find match for field 'intensity'.
Failed to find match for field 'intensity'.
Failed to find match for field 'intensity'.
Failed to find match for field 'intensity'.
Failed to find match for field 'intensity'.
Failed to find match for field 'intensity'.
Failed to find match for field 'intensity'.
Failed to find match for field 'intensity'.
Failed to find match for field 'intensity'.
Failed to find match for field 'intensity'.
Failed to find match for field 'intensity'.
Failed to find match for field 'intensity'.
Failed to find match for field 'intensity'.
Failed to find match for field 'intensity'.
Failed to find match for field 'intensity'.
Failed to find match for field 'intensity'.
Failed to find match for field 'intensity'.
Failed to find match for field 'intensity'.
Failed to find match for field 'intensity'.
Failed to find match for field 'intensity'.
Failed to find match for field 'intensity'.
Failed to find match for field 'intensity'.
Failed to find match for field 'intensity'.
Failed to find match for field 'intensity'.
Failed to find match for field 'intensity'.
Failed to find match for field 'intensity'.
Failed to find match for field 'intensity'.
Failed to find match for field 'intensity'.
Failed to find match for field 'intensity'.
Failed to find match for field 'intensity'.
Failed to find match for field 'intensity'.
Failed to find match for field 'intensity'.
Failed to find match for field 'intensity'.
Failed to find match for field 'intensity'.
Failed to find match for field 'intensity'.
Failed to find match for field 'intensity'.
Failed to find match for field 'intensity'.
Failed to find match for field 'intensity'.
Failed to find match for field 'intensity'.
Failed to find match for field 'intensity'.
Failed to find match for field 'intensity'.
Failed to find match for field 'intensity'.
Failed to find match for field 'intensity'.
Failed to find match for field 'intensity'.
Failed to find match for field 'intensity'.
Failed to find match for field 'intensity'.
Failed to find match for field 'intensity'.
Failed to find match for field 'intensity'.
Failed to find match for field 'intensity'.
Failed to find match for field 'intensity'.
Failed to find match for field 'intensity'.
Failed to find match for field 'intensity'.
Failed to find match for field 'intensity'.
Failed to find match for field 'intensity'.
Failed to find match for field 'intensity'.
Failed to find match for field 'intensity'.
Failed to find match for field 'intensity'.
Failed to find match for field 'intensity'.
Failed to find match for field 'intensity'.
Failed to find match for field 'intensity'.
Failed to find match for field 'intensity'.
Failed to find match for field 'intensity'.
Failed to find match for field 'intensity'.
Failed to find match for field 'intensity'.
Failed to find match for field 'intensity'.
Failed to find match for field 'intensity'.
Failed to find match for field 'intensity'.
Failed to find match for field 'intensity'.
Failed to find match for field 'intensity'.
Failed to find match for field 'intensity'.
Failed to find match for field 'intensity'.
Failed to find match for field 'intensity'.
Failed to find match for field 'intensity'.
Failed to find match for field 'intensity'.
Failed to find match for field 'intensity'.
Failed to find match for field 'intensity'.
Failed to find match for field 'intensity'.
Failed to find match for field 'intensity'.
Failed to find match for field 'intensity'.
Failed to find match for field 'intensity'.
Failed to find match for field 'intensity'.
Failed to find match for field 'intensity'.
Failed to find match for field 'intensity'.
Failed to find match for field 'intensity'.
Failed to find match for field 'intensity'.
Failed to find match for field 'intensity'.
Failed to find match for field 'intensity'.
Failed to find match for field 'intensity'.
Failed to find match for field 'intensity'.
Failed to find match for field 'intensity'.
Failed to find match for field 'intensity'.
Failed to find match for field 'intensity'.
Failed to find match for field 'intensity'.
Failed to find match for field 'intensity'.
Failed to find match for field 'intensity'.
Failed to find match for field 'intensity'.
Failed to find match for field 'intensity'.
Failed to find match for field 'intensity'.
Failed to find match for field 'intensity'.
Failed to find match for field 'intensity'.
Failed to find match for field 'intensity'.
Failed to find match for field 'intensity'.
Failed to find match for field 'intensity'.
Failed to find match for field 'intensity'.
Failed to find match for field 'intensity'.
Failed to find match for field 'intensity'.
Failed to find match for field 'intensity'.
Failed to find match for field 'intensity'.
Failed to find match for field 'intensity'.
Failed to find match for field 'intensity'.
Failed to find match for field 'intensity'.
Failed to find match for field 'intensity'.
Failed to find match for field 'intensity'.
Failed to find match for field 'intensity'.
Failed to find match for field 'intensity'.
Failed to find match for field 'intensity'.
Failed to find match for field 'intensity'.
Failed to find match for field 'intensity'.
Failed to find match for field 'intensity'.
Failed to find match for field 'intensity'.
Failed to find match for field 'intensity'.
Failed to find match for field 'intensity'.
Failed to find match for field 'intensity'.
Failed to find match for field 'intensity'.
Failed to find match for field 'intensity'.
Failed to find match for field 'intensity'.
Failed to find match for field 'intensity'.
Failed to find match for field 'intensity'.
Failed to find match for field 'intensity'.
Failed to find match for field 'intensity'.
Failed to find match for field 'intensity'.
Failed to find match for field 'intensity'.
Failed to find match for field 'intensity'.
Failed to find match for field 'intensity'.
Failed to find match for field 'intensity'.
Failed to find match for field 'intensity'.
Failed to find match for field 'intensity'.
Failed to find match for field 'intensity'.
Failed to find match for field 'intensity'.
Failed to find match for field 'intensity'.
Failed to find match for field 'intensity'.
Failed to find match for field 'intensity'.
Failed to find match for field 'intensity'.
Failed to find match for field 'intensity'.
Failed to find match for field 'intensity'.
Failed to find match for field 'intensity'.
Failed to find match for field 'intensity'.
Failed to find match for field 'intensity'.
Failed to find match for field 'intensity'.
Failed to find match for field 'intensity'.
Failed to find match for field 'intensity'.
Failed to find match for field 'intensity'.
Failed to find match for field 'intensity'.
Failed to find match for field 'intensity'.
Failed to find match for field 'intensity'.
Failed to find match for field 'intensity'.
Failed to find match for field 'intensity'.
Failed to find match for field 'intensity'.
Failed to find match for field 'intensity'.
Failed to find match for field 'intensity'.
Failed to find match for field 'intensity'.
Failed to find match for field 'intensity'.
Failed to find match for field 'intensity'.
Failed to find match for field 'intensity'.
Failed to find match for field 'intensity'.
Failed to find match for field 'intensity'.
Failed to find match for field 'intensity'.
Failed to find match for field 'intensity'.
Failed to find match for field 'intensity'.
Failed to find match for field 'intensity'.
Failed to find match for field 'intensity'.
Failed to find match for field 'intensity'.
Failed to find match for field 'intensity'.
Failed to find match for field 'intensity'.
Failed to find match for field 'intensity'.
Failed to find match for field 'intensity'.
Failed to find match for field 'intensity'.
Failed to find match for field 'intensity'.
Failed to find match for field 'intensity'.
Failed to find match for field 'intensity'.
Failed to find match for field 'intensity'.
Failed to find match for field 'intensity'.
Failed to find match for field 'intensity'.
Failed to find match for field 'intensity'.
Failed to find match for field 'intensity'.
Failed to find match for field 'intensity'.
Failed to find match for field 'intensity'.
Failed to find match for field 'intensity'.
Failed to find match for field 'intensity'.
Failed to find match for field 'intensity'.
Failed to find match for field 'intensity'.
Failed to find match for field 'intensity'.
Failed to find match for field 'intensity'.
Failed to find match for field 'intensity'.
Failed to find match for field 'intensity'.
Failed to find match for field 'intensity'.
Failed to find match for field 'intensity'.
Failed to find match for field 'intensity'.
Failed to find match for field 'intensity'.
Failed to find match for field 'intensity'.
Failed to find match for field 'intensity'.
Failed to find match for field 'intensity'.
Failed to find match for field 'intensity'.
Failed to find match for field 'intensity'.
Failed to find match for field 'intensity'.
Failed to find match for field 'intensity'.
Failed to find match for field 'intensity'.
Failed to find match for field 'intensity'.
Failed to find match for field 'intensity'.
Failed to find match for field 'intensity'.
Failed to find match for field 'intensity'.
Failed to find match for field 'intensity'.
Failed to find match for field 'intensity'.
Failed to find match for field 'intensity'.
[14:39:56.042] [debug]   收集 LiDAR [/Radar] 帧数: 1000
Failed to find match for field 'intensity'.
Failed to find match for field 'intensity'.
Failed to find match for field 'intensity'.
Failed to find match for field 'intensity'.
Failed to find match for field 'intensity'.
Failed to find match for field 'intensity'.
Failed to find match for field 'intensity'.
Failed to find match for field 'intensity'.
Failed to find match for field 'intensity'.
Failed to find match for field 'intensity'.
Failed to find match for field 'intensity'.
Failed to find match for field 'intensity'.
Failed to find match for field 'intensity'.
Failed to find match for field 'intensity'.
Failed to find match for field 'intensity'.
Failed to find match for field 'intensity'.
Failed to find match for field 'intensity'.
Failed to find match for field 'intensity'.
Failed to find match for field 'intensity'.
Failed to find match for field 'intensity'.
Failed to find match for field 'intensity'.
Failed to find match for field 'intensity'.
Failed to find match for field 'intensity'.
Failed to find match for field 'intensity'.
Failed to find match for field 'intensity'.
Failed to find match for field 'intensity'.
Failed to find match for field 'intensity'.
Failed to find match for field 'intensity'.
Failed to find match for field 'intensity'.
Failed to find match for field 'intensity'.
Failed to find match for field 'intensity'.
Failed to find match for field 'intensity'.
Failed to find match for field 'intensity'.
Failed to find match for field 'intensity'.
Failed to find match for field 'intensity'.
Failed to find match for field 'intensity'.
Failed to find match for field 'intensity'.
Failed to find match for field 'intensity'.
Failed to find match for field 'intensity'.
Failed to find match for field 'intensity'.
Failed to find match for field 'intensity'.
Failed to find match for field 'intensity'.
Failed to find match for field 'intensity'.
Failed to find match for field 'intensity'.
Failed to find match for field 'intensity'.
Failed to find match for field 'intensity'.
Failed to find match for field 'intensity'.
Failed to find match for field 'intensity'.
Failed to find match for field 'intensity'.
Failed to find match for field 'intensity'.
Failed to find match for field 'intensity'.
Failed to find match for field 'intensity'.
Failed to find match for field 'intensity'.
Failed to find match for field 'intensity'.
Failed to find match for field 'intensity'.
Failed to find match for field 'intensity'.
Failed to find match for field 'intensity'.
Failed to find match for field 'intensity'.
Failed to find match for field 'intensity'.
Failed to find match for field 'intensity'.
Failed to find match for field 'intensity'.
Failed to find match for field 'intensity'.
[14:39:56.251] [debug]   收集 LiDAR [/Lidar] 帧数: 500
[14:39:56.254] [debug]   收集相机 [/IR_Image] 帧数: 500
Failed to find match for field 'intensity'.
Failed to find match for field 'intensity'.
[14:39:56.264] [debug]   收集相机 [/Camera] 帧数: 500
Failed to find match for field 'intensity'.
Failed to find match for field 'intensity'.
Failed to find match for field 'intensity'.
Failed to find match for field 'intensity'.
Failed to find match for field 'intensity'.
Failed to find match for field 'intensity'.
Failed to find match for field 'intensity'.
Failed to find match for field 'intensity'.
Failed to find match for field 'intensity'.
Failed to find match for field 'intensity'.
Failed to find match for field 'intensity'.
Failed to find match for field 'intensity'.
Failed to find match for field 'intensity'.
Failed to find match for field 'intensity'.
Failed to find match for field 'intensity'.
Failed to find match for field 'intensity'.
Failed to find match for field 'intensity'.
Failed to find match for field 'intensity'.
Failed to find match for field 'intensity'.
Failed to find match for field 'intensity'.
Failed to find match for field 'intensity'.
Failed to find match for field 'intensity'.
Failed to find match for field 'intensity'.
Failed to find match for field 'intensity'.
Failed to find match for field 'intensity'.
Failed to find match for field 'intensity'.
Failed to find match for field 'intensity'.
Failed to find match for field 'intensity'.
Failed to find match for field 'intensity'.
Failed to find match for field 'intensity'.
Failed to find match for field 'intensity'.
Failed to find match for field 'intensity'.
Failed to find match for field 'intensity'.
Failed to find match for field 'intensity'.
Failed to find match for field 'intensity'.
Failed to find match for field 'intensity'.
Failed to find match for field 'intensity'.
Failed to find match for field 'intensity'.
Failed to find match for field 'intensity'.
Failed to find match for field 'intensity'.
Failed to find match for field 'intensity'.
Failed to find match for field 'intensity'.
Failed to find match for field 'intensity'.
Failed to find match for field 'intensity'.
Failed to find match for field 'intensity'.
Failed to find match for field 'intensity'.
Failed to find match for field 'intensity'.
Failed to find match for field 'intensity'.
Failed to find match for field 'intensity'.
Failed to find match for field 'intensity'.
Failed to find match for field 'intensity'.
Failed to find match for field 'intensity'.
Failed to find match for field 'intensity'.
Failed to find match for field 'intensity'.
Failed to find match for field 'intensity'.
Failed to find match for field 'intensity'.
Failed to find match for field 'intensity'.
Failed to find match for field 'intensity'.
Failed to find match for field 'intensity'.
Failed to find match for field 'intensity'.
Failed to find match for field 'intensity'.
Failed to find match for field 'intensity'.
Failed to find match for field 'intensity'.
Failed to find match for field 'intensity'.
Failed to find match for field 'intensity'.
Failed to find match for field 'intensity'.
Failed to find match for field 'intensity'.
Failed to find match for field 'intensity'.
Failed to find match for field 'intensity'.
Failed to find match for field 'intensity'.
Failed to find match for field 'intensity'.
Failed to find match for field 'intensity'.
Failed to find match for field 'intensity'.
Failed to find match for field 'intensity'.
Failed to find match for field 'intensity'.
Failed to find match for field 'intensity'.
Failed to find match for field 'intensity'.
Failed to find match for field 'intensity'.
Failed to find match for field 'intensity'.
Failed to find match for field 'intensity'.
Failed to find match for field 'intensity'.
Failed to find match for field 'intensity'.
Failed to find match for field 'intensity'.
Failed to find match for field 'intensity'.
Failed to find match for field 'intensity'.
Failed to find match for field 'intensity'.
Failed to find match for field 'intensity'.
Failed to find match for field 'intensity'.
Failed to find match for field 'intensity'.
Failed to find match for field 'intensity'.
Failed to find match for field 'intensity'.
Failed to find match for field 'intensity'.
Failed to find match for field 'intensity'.
Failed to find match for field 'intensity'.
Failed to find match for field 'intensity'.
Failed to find match for field 'intensity'.
Failed to find match for field 'intensity'.
Failed to find match for field 'intensity'.
Failed to find match for field 'intensity'.
Failed to find match for field 'intensity'.
Failed to find match for field 'intensity'.
Failed to find match for field 'intensity'.
Failed to find match for field 'intensity'.
Failed to find match for field 'intensity'.
Failed to find match for field 'intensity'.
Failed to find match for field 'intensity'.
Failed to find match for field 'intensity'.
Failed to find match for field 'intensity'.
Failed to find match for field 'intensity'.
Failed to find match for field 'intensity'.
Failed to find match for field 'intensity'.
Failed to find match for field 'intensity'.
Failed to find match for field 'intensity'.
Failed to find match for field 'intensity'.
Failed to find match for field 'intensity'.
Failed to find match for field 'intensity'.
Failed to find match for field 'intensity'.
Failed to find match for field 'intensity'.
Failed to find match for field 'intensity'.
Failed to find match for field 'intensity'.
Failed to find match for field 'intensity'.
Failed to find match for field 'intensity'.
Failed to find match for field 'intensity'.
Failed to find match for field 'intensity'.
Failed to find match for field 'intensity'.
Failed to find match for field 'intensity'.
Failed to find match for field 'intensity'.
Failed to find match for field 'intensity'.
Failed to find match for field 'intensity'.
Failed to find match for field 'intensity'.
Failed to find match for field 'intensity'.
Failed to find match for field 'intensity'.
Failed to find match for field 'intensity'.
Failed to find match for field 'intensity'.
Failed to find match for field 'intensity'.
Failed to find match for field 'intensity'.
Failed to find match for field 'intensity'.
Failed to find match for field 'intensity'.
Failed to find match for field 'intensity'.
Failed to find match for field 'intensity'.
Failed to find match for field 'intensity'.
Failed to find match for field 'intensity'.
Failed to find match for field 'intensity'.
Failed to find match for field 'intensity'.
Failed to find match for field 'intensity'.
Failed to find match for field 'intensity'.
Failed to find match for field 'intensity'.
Failed to find match for field 'intensity'.
Failed to find match for field 'intensity'.
Failed to find match for field 'intensity'.
Failed to find match for field 'intensity'.
Failed to find match for field 'intensity'.
Failed to find match for field 'intensity'.
Failed to find match for field 'intensity'.
Failed to find match for field 'intensity'.
Failed to find match for field 'intensity'.
Failed to find match for field 'intensity'.
Failed to find match for field 'intensity'.
Failed to find match for field 'intensity'.
Failed to find match for field 'intensity'.
Failed to find match for field 'intensity'.
Failed to find match for field 'intensity'.
Failed to find match for field 'intensity'.
Failed to find match for field 'intensity'.
Failed to find match for field 'intensity'.
Failed to find match for field 'intensity'.
Failed to find match for field 'intensity'.
Failed to find match for field 'intensity'.
Failed to find match for field 'intensity'.
Failed to find match for field 'intensity'.
Failed to find match for field 'intensity'.
Failed to find match for field 'intensity'.
Failed to find match for field 'intensity'.
Failed to find match for field 'intensity'.
Failed to find match for field 'intensity'.
Failed to find match for field 'intensity'.
Failed to find match for field 'intensity'.
Failed to find match for field 'intensity'.
Failed to find match for field 'intensity'.
Failed to find match for field 'intensity'.
Failed to find match for field 'intensity'.
Failed to find match for field 'intensity'.
Failed to find match for field 'intensity'.
Failed to find match for field 'intensity'.
Failed to find match for field 'intensity'.
Failed to find match for field 'intensity'.
Failed to find match for field 'intensity'.
Failed to find match for field 'intensity'.
Failed to find match for field 'intensity'.
Failed to find match for field 'intensity'.
Failed to find match for field 'intensity'.
Failed to find match for field 'intensity'.
Failed to find match for field 'intensity'.
Failed to find match for field 'intensity'.
Failed to find match for field 'intensity'.
Failed to find match for field 'intensity'.
Failed to find match for field 'intensity'.
Failed to find match for field 'intensity'.
Failed to find match for field 'intensity'.
Failed to find match for field 'intensity'.
Failed to find match for field 'intensity'.
Failed to find match for field 'intensity'.
Failed to find match for field 'intensity'.
Failed to find match for field 'intensity'.
Failed to find match for field 'intensity'.
Failed to find match for field 'intensity'.
Failed to find match for field 'intensity'.
Failed to find match for field 'intensity'.
Failed to find match for field 'intensity'.
Failed to find match for field 'intensity'.
Failed to find match for field 'intensity'.
Failed to find match for field 'intensity'.
Failed to find match for field 'intensity'.
Failed to find match for field 'intensity'.
Failed to find match for field 'intensity'.
Failed to find match for field 'intensity'.
Failed to find match for field 'intensity'.
Failed to find match for field 'intensity'.
Failed to find match for field 'intensity'.
Failed to find match for field 'intensity'.
Failed to find match for field 'intensity'.
Failed to find match for field 'intensity'.
Failed to find match for field 'intensity'.
Failed to find match for field 'intensity'.
Failed to find match for field 'intensity'.
Failed to find match for field 'intensity'.
Failed to find match for field 'intensity'.
Failed to find match for field 'intensity'.
Failed to find match for field 'intensity'.
Failed to find match for field 'intensity'.
Failed to find match for field 'intensity'.
Failed to find match for field 'intensity'.
Failed to find match for field 'intensity'.
Failed to find match for field 'intensity'.
Failed to find match for field 'intensity'.
Failed to find match for field 'intensity'.
Failed to find match for field 'intensity'.
Failed to find match for field 'intensity'.
Failed to find match for field 'intensity'.
Failed to find match for field 'intensity'.
Failed to find match for field 'intensity'.
Failed to find match for field 'intensity'.
Failed to find match for field 'intensity'.
Failed to find match for field 'intensity'.
Failed to find match for field 'intensity'.
Failed to find match for field 'intensity'.
Failed to find match for field 'intensity'.
Failed to find match for field 'intensity'.
Failed to find match for field 'intensity'.
Failed to find match for field 'intensity'.
Failed to find match for field 'intensity'.
Failed to find match for field 'intensity'.
Failed to find match for field 'intensity'.
Failed to find match for field 'intensity'.
Failed to find match for field 'intensity'.
Failed to find match for field 'intensity'.
Failed to find match for field 'intensity'.
Failed to find match for field 'intensity'.
Failed to find match for field 'intensity'.
Failed to find match for field 'intensity'.
Failed to find match for field 'intensity'.
Failed to find match for field 'intensity'.
Failed to find match for field 'intensity'.
Failed to find match for field 'intensity'.
Failed to find match for field 'intensity'.
Failed to find match for field 'intensity'.
Failed to find match for field 'intensity'.
Failed to find match for field 'intensity'.
Failed to find match for field 'intensity'.
Failed to find match for field 'intensity'.
Failed to find match for field 'intensity'.
Failed to find match for field 'intensity'.
Failed to find match for field 'intensity'.
Failed to find match for field 'intensity'.
Failed to find match for field 'intensity'.
Failed to find match for field 'intensity'.
Failed to find match for field 'intensity'.
Failed to find match for field 'intensity'.
Failed to find match for field 'intensity'.
Failed to find match for field 'intensity'.
Failed to find match for field 'intensity'.
Failed to find match for field 'intensity'.
Failed to find match for field 'intensity'.
Failed to find match for field 'intensity'.
Failed to find match for field 'intensity'.
Failed to find match for field 'intensity'.
Failed to find match for field 'intensity'.
Failed to find match for field 'intensity'.
Failed to find match for field 'intensity'.
Failed to find match for field 'intensity'.
Failed to find match for field 'intensity'.
Failed to find match for field 'intensity'.
Failed to find match for field 'intensity'.
Failed to find match for field 'intensity'.
Failed to find match for field 'intensity'.
Failed to find match for field 'intensity'.
Failed to find match for field 'intensity'.
Failed to find match for field 'intensity'.
Failed to find match for field 'intensity'.
Failed to find match for field 'intensity'.
Failed to find match for field 'intensity'.
Failed to find match for field 'intensity'.
Failed to find match for field 'intensity'.
Failed to find match for field 'intensity'.
Failed to find match for field 'intensity'.
Failed to find match for field 'intensity'.
Failed to find match for field 'intensity'.
Failed to find match for field 'intensity'.
Failed to find match for field 'intensity'.
Failed to find match for field 'intensity'.
Failed to find match for field 'intensity'.
Failed to find match for field 'intensity'.
Failed to find match for field 'intensity'.
Failed to find match for field 'intensity'.
Failed to find match for field 'intensity'.
Failed to find match for field 'intensity'.
Failed to find match for field 'intensity'.
Failed to find match for field 'intensity'.
Failed to find match for field 'intensity'.
Failed to find match for field 'intensity'.
Failed to find match for field 'intensity'.
Failed to find match for field 'intensity'.
Failed to find match for field 'intensity'.
Failed to find match for field 'intensity'.
Failed to find match for field 'intensity'.
Failed to find match for field 'intensity'.
Failed to find match for field 'intensity'.
Failed to find match for field 'intensity'.
Failed to find match for field 'intensity'.
Failed to find match for field 'intensity'.
Failed to find match for field 'intensity'.
Failed to find match for field 'intensity'.
Failed to find match for field 'intensity'.
Failed to find match for field 'intensity'.
Failed to find match for field 'intensity'.
Failed to find match for field 'intensity'.
Failed to find match for field 'intensity'.
Failed to find match for field 'intensity'.
Failed to find match for field 'intensity'.
Failed to find match for field 'intensity'.
Failed to find match for field 'intensity'.
Failed to find match for field 'intensity'.
Failed to find match for field 'intensity'.
Failed to find match for field 'intensity'.
Failed to find match for field 'intensity'.
Failed to find match for field 'intensity'.
Failed to find match for field 'intensity'.
Failed to find match for field 'intensity'.
Failed to find match for field 'intensity'.
Failed to find match for field 'intensity'.
Failed to find match for field 'intensity'.
Failed to find match for field 'intensity'.
Failed to find match for field 'intensity'.
Failed to find match for field 'intensity'.
Failed to find match for field 'intensity'.
Failed to find match for field 'intensity'.
Failed to find match for field 'intensity'.
Failed to find match for field 'intensity'.
Failed to find match for field 'intensity'.
Failed to find match for field 'intensity'.
Failed to find match for field 'intensity'.
Failed to find match for field 'intensity'.
Failed to find match for field 'intensity'.
Failed to find match for field 'intensity'.
Failed to find match for field 'intensity'.
Failed to find match for field 'intensity'.
Failed to find match for field 'intensity'.
Failed to find match for field 'intensity'.
Failed to find match for field 'intensity'.
Failed to find match for field 'intensity'.
Failed to find match for field 'intensity'.
Failed to find match for field 'intensity'.
Failed to find match for field 'intensity'.
Failed to find match for field 'intensity'.
Failed to find match for field 'intensity'.
Failed to find match for field 'intensity'.
Failed to find match for field 'intensity'.
Failed to find match for field 'intensity'.
Failed to find match for field 'intensity'.
Failed to find match for field 'intensity'.
Failed to find match for field 'intensity'.
Failed to find match for field 'intensity'.
Failed to find match for field 'intensity'.
Failed to find match for field 'intensity'.
Failed to find match for field 'intensity'.
Failed to find match for field 'intensity'.
Failed to find match for field 'intensity'.
Failed to find match for field 'intensity'.
Failed to find match for field 'intensity'.
Failed to find match for field 'intensity'.
Failed to find match for field 'intensity'.
Failed to find match for field 'intensity'.
Failed to find match for field 'intensity'.
Failed to find match for field 'intensity'.
Failed to find match for field 'intensity'.
Failed to find match for field 'intensity'.
Failed to find match for field 'intensity'.
Failed to find match for field 'intensity'.
Failed to find match for field 'intensity'.
Failed to find match for field 'intensity'.
Failed to find match for field 'intensity'.
Failed to find match for field 'intensity'.
Failed to find match for field 'intensity'.
Failed to find match for field 'intensity'.
Failed to find match for field 'intensity'.
Failed to find match for field 'intensity'.
Failed to find match for field 'intensity'.
Failed to find match for field 'intensity'.
Failed to find match for field 'intensity'.
Failed to find match for field 'intensity'.
Failed to find match for field 'intensity'.
Failed to find match for field 'intensity'.
Failed to find match for field 'intensity'.
Failed to find match for field 'intensity'.
Failed to find match for field 'intensity'.
Failed to find match for field 'intensity'.
Failed to find match for field 'intensity'.
Failed to find match for field 'intensity'.
Failed to find match for field 'intensity'.
Failed to find match for field 'intensity'.
Failed to find match for field 'intensity'.
Failed to find match for field 'intensity'.
Failed to find match for field 'intensity'.
Failed to find match for field 'intensity'.
Failed to find match for field 'intensity'.
Failed to find match for field 'intensity'.
Failed to find match for field 'intensity'.
Failed to find match for field 'intensity'.
Failed to find match for field 'intensity'.
Failed to find match for field 'intensity'.
Failed to find match for field 'intensity'.
Failed to find match for field 'intensity'.
Failed to find match for field 'intensity'.
Failed to find match for field 'intensity'.
Failed to find match for field 'intensity'.
Failed to find match for field 'intensity'.
[14:39:57.802] [debug]   收集 LiDAR [/Radar] 帧数: 1500
Failed to find match for field 'intensity'.
Failed to find match for field 'intensity'.
Failed to find match for field 'intensity'.
Failed to find match for field 'intensity'.
Failed to find match for field 'intensity'.
Failed to find match for field 'intensity'.
Failed to find match for field 'intensity'.
Failed to find match for field 'intensity'.
Failed to find match for field 'intensity'.
Failed to find match for field 'intensity'.
Failed to find match for field 'intensity'.
Failed to find match for field 'intensity'.
Failed to find match for field 'intensity'.
Failed to find match for field 'intensity'.
Failed to find match for field 'intensity'.
Failed to find match for field 'intensity'.
Failed to find match for field 'intensity'.
Failed to find match for field 'intensity'.
Failed to find match for field 'intensity'.
Failed to find match for field 'intensity'.
Failed to find match for field 'intensity'.
Failed to find match for field 'intensity'.
Failed to find match for field 'intensity'.
Failed to find match for field 'intensity'.
Failed to find match for field 'intensity'.
Failed to find match for field 'intensity'.
Failed to find match for field 'intensity'.
Failed to find match for field 'intensity'.
Failed to find match for field 'intensity'.
Failed to find match for field 'intensity'.
Failed to find match for field 'intensity'.
Failed to find match for field 'intensity'.
Failed to find match for field 'intensity'.
Failed to find match for field 'intensity'.
Failed to find match for field 'intensity'.
Failed to find match for field 'intensity'.
Failed to find match for field 'intensity'.
Failed to find match for field 'intensity'.
Failed to find match for field 'intensity'.
Failed to find match for field 'intensity'.
Failed to find match for field 'intensity'.
Failed to find match for field 'intensity'.
Failed to find match for field 'intensity'.
Failed to find match for field 'intensity'.
Failed to find match for field 'intensity'.
Failed to find match for field 'intensity'.
Failed to find match for field 'intensity'.
Failed to find match for field 'intensity'.
Failed to find match for field 'intensity'.
Failed to find match for field 'intensity'.
Failed to find match for field 'intensity'.
Failed to find match for field 'intensity'.
Failed to find match for field 'intensity'.
Failed to find match for field 'intensity'.
Failed to find match for field 'intensity'.
Failed to find match for field 'intensity'.
Failed to find match for field 'intensity'.
Failed to find match for field 'intensity'.
Failed to find match for field 'intensity'.
Failed to find match for field 'intensity'.
Failed to find match for field 'intensity'.
Failed to find match for field 'intensity'.
Failed to find match for field 'intensity'.
Failed to find match for field 'intensity'.
Failed to find match for field 'intensity'.
Failed to find match for field 'intensity'.
Failed to find match for field 'intensity'.
Failed to find match for field 'intensity'.
Failed to find match for field 'intensity'.
Failed to find match for field 'intensity'.
Failed to find match for field 'intensity'.
Failed to find match for field 'intensity'.
Failed to find match for field 'intensity'.
Failed to find match for field 'intensity'.
Failed to find match for field 'intensity'.
Failed to find match for field 'intensity'.
Failed to find match for field 'intensity'.
Failed to find match for field 'intensity'.
Failed to find match for field 'intensity'.
Failed to find match for field 'intensity'.
Failed to find match for field 'intensity'.
Failed to find match for field 'intensity'.
Failed to find match for field 'intensity'.
Failed to find match for field 'intensity'.
Failed to find match for field 'intensity'.
Failed to find match for field 'intensity'.
Failed to find match for field 'intensity'.
Failed to find match for field 'intensity'.
Failed to find match for field 'intensity'.
Failed to find match for field 'intensity'.
Failed to find match for field 'intensity'.
Failed to find match for field 'intensity'.
Failed to find match for field 'intensity'.
Failed to find match for field 'intensity'.
Failed to find match for field 'intensity'.
Failed to find match for field 'intensity'.
Failed to find match for field 'intensity'.
Failed to find match for field 'intensity'.
Failed to find match for field 'intensity'.
Failed to find match for field 'intensity'.
Failed to find match for field 'intensity'.
Failed to find match for field 'intensity'.
Failed to find match for field 'intensity'.
Failed to find match for field 'intensity'.
Failed to find match for field 'intensity'.
Failed to find match for field 'intensity'.
Failed to find match for field 'intensity'.
Failed to find match for field 'intensity'.
Failed to find match for field 'intensity'.
Failed to find match for field 'intensity'.
Failed to find match for field 'intensity'.
Failed to find match for field 'intensity'.
Failed to find match for field 'intensity'.
Failed to find match for field 'intensity'.
Failed to find match for field 'intensity'.
Failed to find match for field 'intensity'.
Failed to find match for field 'intensity'.
Failed to find match for field 'intensity'.
Failed to find match for field 'intensity'.
Failed to find match for field 'intensity'.
Failed to find match for field 'intensity'.
Failed to find match for field 'intensity'.
Failed to find match for field 'intensity'.
Failed to find match for field 'intensity'.
Failed to find match for field 'intensity'.
Failed to find match for field 'intensity'.
Failed to find match for field 'intensity'.
Failed to find match for field 'intensity'.
Failed to find match for field 'intensity'.
Failed to find match for field 'intensity'.
Failed to find match for field 'intensity'.
Failed to find match for field 'intensity'.
Failed to find match for field 'intensity'.
Failed to find match for field 'intensity'.
Failed to find match for field 'intensity'.
Failed to find match for field 'intensity'.
Failed to find match for field 'intensity'.
Failed to find match for field 'intensity'.
Failed to find match for field 'intensity'.
Failed to find match for field 'intensity'.
Failed to find match for field 'intensity'.
Failed to find match for field 'intensity'.
Failed to find match for field 'intensity'.
Failed to find match for field 'intensity'.
Failed to find match for field 'intensity'.
Failed to find match for field 'intensity'.
Failed to find match for field 'intensity'.
Failed to find match for field 'intensity'.
Failed to find match for field 'intensity'.
Failed to find match for field 'intensity'.
Failed to find match for field 'intensity'.
Failed to find match for field 'intensity'.
Failed to find match for field 'intensity'.
Failed to find match for field 'intensity'.
Failed to find match for field 'intensity'.
Failed to find match for field 'intensity'.
Failed to find match for field 'intensity'.
Failed to find match for field 'intensity'.
Failed to find match for field 'intensity'.
Failed to find match for field 'intensity'.
Failed to find match for field 'intensity'.
Failed to find match for field 'intensity'.
Failed to find match for field 'intensity'.
Failed to find match for field 'intensity'.
Failed to find match for field 'intensity'.
Failed to find match for field 'intensity'.
Failed to find match for field 'intensity'.
Failed to find match for field 'intensity'.
Failed to find match for field 'intensity'.
Failed to find match for field 'intensity'.
Failed to find match for field 'intensity'.
Failed to find match for field 'intensity'.
Failed to find match for field 'intensity'.
Failed to find match for field 'intensity'.
Failed to find match for field 'intensity'.
Failed to find match for field 'intensity'.
Failed to find match for field 'intensity'.
Failed to find match for field 'intensity'.
Failed to find match for field 'intensity'.
Failed to find match for field 'intensity'.
Failed to find match for field 'intensity'.
Failed to find match for field 'intensity'.
Failed to find match for field 'intensity'.
Failed to find match for field 'intensity'.
Failed to find match for field 'intensity'.
Failed to find match for field 'intensity'.
Failed to find match for field 'intensity'.
Failed to find match for field 'intensity'.
Failed to find match for field 'intensity'.
Failed to find match for field 'intensity'.
Failed to find match for field 'intensity'.
Failed to find match for field 'intensity'.
Failed to find match for field 'intensity'.
Failed to find match for field 'intensity'.
Failed to find match for field 'intensity'.
Failed to find match for field 'intensity'.
Failed to find match for field 'intensity'.
Failed to find match for field 'intensity'.
Failed to find match for field 'intensity'.
Failed to find match for field 'intensity'.
Failed to find match for field 'intensity'.
Failed to find match for field 'intensity'.
Failed to find match for field 'intensity'.
Failed to find match for field 'intensity'.
Failed to find match for field 'intensity'.
Failed to find match for field 'intensity'.
Failed to find match for field 'intensity'.
Failed to find match for field 'intensity'.
Failed to find match for field 'intensity'.
Failed to find match for field 'intensity'.
Failed to find match for field 'intensity'.
Failed to find match for field 'intensity'.
Failed to find match for field 'intensity'.
Failed to find match for field 'intensity'.
Failed to find match for field 'intensity'.
Failed to find match for field 'intensity'.
Failed to find match for field 'intensity'.
Failed to find match for field 'intensity'.
Failed to find match for field 'intensity'.
Failed to find match for field 'intensity'.
Failed to find match for field 'intensity'.
Failed to find match for field 'intensity'.
Failed to find match for field 'intensity'.
Failed to find match for field 'intensity'.
Failed to find match for field 'intensity'.
Failed to find match for field 'intensity'.
Failed to find match for field 'intensity'.
Failed to find match for field 'intensity'.
Failed to find match for field 'intensity'.
Failed to find match for field 'intensity'.
Failed to find match for field 'intensity'.
Failed to find match for field 'intensity'.
Failed to find match for field 'intensity'.
Failed to find match for field 'intensity'.
Failed to find match for field 'intensity'.
Failed to find match for field 'intensity'.
Failed to find match for field 'intensity'.
Failed to find match for field 'intensity'.
Failed to find match for field 'intensity'.
Failed to find match for field 'intensity'.
Failed to find match for field 'intensity'.
Failed to find match for field 'intensity'.
Failed to find match for field 'intensity'.
Failed to find match for field 'intensity'.
Failed to find match for field 'intensity'.
Failed to find match for field 'intensity'.
Failed to find match for field 'intensity'.
Failed to find match for field 'intensity'.
Failed to find match for field 'intensity'.
Failed to find match for field 'intensity'.
Failed to find match for field 'intensity'.
Failed to find match for field 'intensity'.
Failed to find match for field 'intensity'.
Failed to find match for field 'intensity'.
Failed to find match for field 'intensity'.
Failed to find match for field 'intensity'.
Failed to find match for field 'intensity'.
Failed to find match for field 'intensity'.
Failed to find match for field 'intensity'.
Failed to find match for field 'intensity'.
Failed to find match for field 'intensity'.
Failed to find match for field 'intensity'.
Failed to find match for field 'intensity'.
Failed to find match for field 'intensity'.
Failed to find match for field 'intensity'.
Failed to find match for field 'intensity'.
Failed to find match for field 'intensity'.
Failed to find match for field 'intensity'.
Failed to find match for field 'intensity'.
Failed to find match for field 'intensity'.
Failed to find match for field 'intensity'.
Failed to find match for field 'intensity'.
Failed to find match for field 'intensity'.
Failed to find match for field 'intensity'.
Failed to find match for field 'intensity'.
Failed to find match for field 'intensity'.
Failed to find match for field 'intensity'.
Failed to find match for field 'intensity'.
Failed to find match for field 'intensity'.
Failed to find match for field 'intensity'.
Failed to find match for field 'intensity'.
Failed to find match for field 'intensity'.
Failed to find match for field 'intensity'.
Failed to find match for field 'intensity'.
Failed to find match for field 'intensity'.
Failed to find match for field 'intensity'.
Failed to find match for field 'intensity'.
Failed to find match for field 'intensity'.
Failed to find match for field 'intensity'.
Failed to find match for field 'intensity'.
Failed to find match for field 'intensity'.
Failed to find match for field 'intensity'.
Failed to find match for field 'intensity'.
Failed to find match for field 'intensity'.
Failed to find match for field 'intensity'.
Failed to find match for field 'intensity'.
Failed to find match for field 'intensity'.
Failed to find match for field 'intensity'.
Failed to find match for field 'intensity'.
Failed to find match for field 'intensity'.
Failed to find match for field 'intensity'.
Failed to find match for field 'intensity'.
Failed to find match for field 'intensity'.
Failed to find match for field 'intensity'.
Failed to find match for field 'intensity'.
Failed to find match for field 'intensity'.
Failed to find match for field 'intensity'.
Failed to find match for field 'intensity'.
Failed to find match for field 'intensity'.
Failed to find match for field 'intensity'.
Failed to find match for field 'intensity'.
Failed to find match for field 'intensity'.
Failed to find match for field 'intensity'.
Failed to find match for field 'intensity'.
Failed to find match for field 'intensity'.
Failed to find match for field 'intensity'.
Failed to find match for field 'intensity'.
Failed to find match for field 'intensity'.
Failed to find match for field 'intensity'.
Failed to find match for field 'intensity'.
Failed to find match for field 'intensity'.
Failed to find match for field 'intensity'.
Failed to find match for field 'intensity'.
Failed to find match for field 'intensity'.
Failed to find match for field 'intensity'.
Failed to find match for field 'intensity'.
Failed to find match for field 'intensity'.
Failed to find match for field 'intensity'.
Failed to find match for field 'intensity'.
Failed to find match for field 'intensity'.
Failed to find match for field 'intensity'.
Failed to find match for field 'intensity'.
Failed to find match for field 'intensity'.
Failed to find match for field 'intensity'.
Failed to find match for field 'intensity'.
Failed to find match for field 'intensity'.
Failed to find match for field 'intensity'.
Failed to find match for field 'intensity'.
Failed to find match for field 'intensity'.
Failed to find match for field 'intensity'.
Failed to find match for field 'intensity'.
Failed to find match for field 'intensity'.
Failed to find match for field 'intensity'.
Failed to find match for field 'intensity'.
Failed to find match for field 'intensity'.
Failed to find match for field 'intensity'.
Failed to find match for field 'intensity'.
Failed to find match for field 'intensity'.
Failed to find match for field 'intensity'.
Failed to find match for field 'intensity'.
Failed to find match for field 'intensity'.
Failed to find match for field 'intensity'.
Failed to find match for field 'intensity'.
Failed to find match for field 'intensity'.
Failed to find match for field 'intensity'.
Failed to find match for field 'intensity'.
Failed to find match for field 'intensity'.
Failed to find match for field 'intensity'.
Failed to find match for field 'intensity'.
Failed to find match for field 'intensity'.
Failed to find match for field 'intensity'.
Failed to find match for field 'intensity'.
Failed to find match for field 'intensity'.
Failed to find match for field 'intensity'.
Failed to find match for field 'intensity'.
Failed to find match for field 'intensity'.
Failed to find match for field 'intensity'.
Failed to find match for field 'intensity'.
Failed to find match for field 'intensity'.
Failed to find match for field 'intensity'.
Failed to find match for field 'intensity'.
Failed to find match for field 'intensity'.
Failed to find match for field 'intensity'.
Failed to find match for field 'intensity'.
Failed to find match for field 'intensity'.
Failed to find match for field 'intensity'.
Failed to find match for field 'intensity'.
Failed to find match for field 'intensity'.
Failed to find match for field 'intensity'.
Failed to find match for field 'intensity'.
Failed to find match for field 'intensity'.
Failed to find match for field 'intensity'.
Failed to find match for field 'intensity'.
Failed to find match for field 'intensity'.
Failed to find match for field 'intensity'.
Failed to find match for field 'intensity'.
Failed to find match for field 'intensity'.
Failed to find match for field 'intensity'.
Failed to find match for field 'intensity'.
Failed to find match for field 'intensity'.
Failed to find match for field 'intensity'.
Failed to find match for field 'intensity'.
Failed to find match for field 'intensity'.
Failed to find match for field 'intensity'.
Failed to find match for field 'intensity'.
Failed to find match for field 'intensity'.
Failed to find match for field 'intensity'.
Failed to find match for field 'intensity'.
Failed to find match for field 'intensity'.
Failed to find match for field 'intensity'.
Failed to find match for field 'intensity'.
Failed to find match for field 'intensity'.
Failed to find match for field 'intensity'.
Failed to find match for field 'intensity'.
Failed to find match for field 'intensity'.
Failed to find match for field 'intensity'.
Failed to find match for field 'intensity'.
Failed to find match for field 'intensity'.
Failed to find match for field 'intensity'.
Failed to find match for field 'intensity'.
Failed to find match for field 'intensity'.
Failed to find match for field 'intensity'.
Failed to find match for field 'intensity'.
Failed to find match for field 'intensity'.
Failed to find match for field 'intensity'.
Failed to find match for field 'intensity'.
Failed to find match for field 'intensity'.
Failed to find match for field 'intensity'.
Failed to find match for field 'intensity'.
Failed to find match for field 'intensity'.
Failed to find match for field 'intensity'.
Failed to find match for field 'intensity'.
Failed to find match for field 'intensity'.
Failed to find match for field 'intensity'.
Failed to find match for field 'intensity'.
Failed to find match for field 'intensity'.
Failed to find match for field 'intensity'.
Failed to find match for field 'intensity'.
Failed to find match for field 'intensity'.
Failed to find match for field 'intensity'.
Failed to find match for field 'intensity'.
Failed to find match for field 'intensity'.
Failed to find match for field 'intensity'.
Failed to find match for field 'intensity'.
Failed to find match for field 'intensity'.
Failed to find match for field 'intensity'.
Failed to find match for field 'intensity'.
Failed to find match for field 'intensity'.
Failed to find match for field 'intensity'.
Failed to find match for field 'intensity'.
Failed to find match for field 'intensity'.
Failed to find match for field 'intensity'.
Failed to find match for field 'intensity'.
Failed to find match for field 'intensity'.
Failed to find match for field 'intensity'.
Failed to find match for field 'intensity'.
Failed to find match for field 'intensity'.
Failed to find match for field 'intensity'.
Failed to find match for field 'intensity'.
Failed to find match for field 'intensity'.
Failed to find match for field 'intensity'.
Failed to find match for field 'intensity'.
Failed to find match for field 'intensity'.
Failed to find match for field 'intensity'.
Failed to find match for field 'intensity'.
Failed to find match for field 'intensity'.
Failed to find match for field 'intensity'.
Failed to find match for field 'intensity'.
Failed to find match for field 'intensity'.
Failed to find match for field 'intensity'.
Failed to find match for field 'intensity'.
Failed to find match for field 'intensity'.
Failed to find match for field 'intensity'.
Failed to find match for field 'intensity'.
Failed to find match for field 'intensity'.
Failed to find match for field 'intensity'.
Failed to find match for field 'intensity'.
Failed to find match for field 'intensity'.
Failed to find match for field 'intensity'.
Failed to find match for field 'intensity'.
Failed to find match for field 'intensity'.
Failed to find match for field 'intensity'.
Failed to find match for field 'intensity'.
Failed to find match for field 'intensity'.
Failed to find match for field 'intensity'.
Failed to find match for field 'intensity'.
Failed to find match for field 'intensity'.
Failed to find match for field 'intensity'.
Failed to find match for field 'intensity'.
Failed to find match for field 'intensity'.
Failed to find match for field 'intensity'.
Failed to find match for field 'intensity'.
Failed to find match for field 'intensity'.
Failed to find match for field 'intensity'.
Failed to find match for field 'intensity'.
Failed to find match for field 'intensity'.
Failed to find match for field 'intensity'.
Failed to find match for field 'intensity'.
Failed to find match for field 'intensity'.
Failed to find match for field 'intensity'.
Failed to find match for field 'intensity'.
Failed to find match for field 'intensity'.
Failed to find match for field 'intensity'.
Failed to find match for field 'intensity'.
Failed to find match for field 'intensity'.
Failed to find match for field 'intensity'.
Failed to find match for field 'intensity'.
Failed to find match for field 'intensity'.
Failed to find match for field 'intensity'.
Failed to find match for field 'intensity'.
[14:39:59.739] [debug]   收集 LiDAR [/Radar] 帧数: 2000
Failed to find match for field 'intensity'.
Failed to find match for field 'intensity'.
Failed to find match for field 'intensity'.
Failed to find match for field 'intensity'.
Failed to find match for field 'intensity'.
Failed to find match for field 'intensity'.
Failed to find match for field 'intensity'.
Failed to find match for field 'intensity'.
Failed to find match for field 'intensity'.
Failed to find match for field 'intensity'.
Failed to find match for field 'intensity'.
Failed to find match for field 'intensity'.
Failed to find match for field 'intensity'.
Failed to find match for field 'intensity'.
Failed to find match for field 'intensity'.
Failed to find match for field 'intensity'.
Failed to find match for field 'intensity'.
Failed to find match for field 'intensity'.
Failed to find match for field 'intensity'.
Failed to find match for field 'intensity'.
Failed to find match for field 'intensity'.
Failed to find match for field 'intensity'.
Failed to find match for field 'intensity'.
Failed to find match for field 'intensity'.
Failed to find match for field 'intensity'.
Failed to find match for field 'intensity'.
Failed to find match for field 'intensity'.
Failed to find match for field 'intensity'.
Failed to find match for field 'intensity'.
Failed to find match for field 'intensity'.
Failed to find match for field 'intensity'.
Failed to find match for field 'intensity'.
Failed to find match for field 'intensity'.
Failed to find match for field 'intensity'.
Failed to find match for field 'intensity'.
Failed to find match for field 'intensity'.
Failed to find match for field 'intensity'.
Failed to find match for field 'intensity'.
Failed to find match for field 'intensity'.
Failed to find match for field 'intensity'.
Failed to find match for field 'intensity'.
Failed to find match for field 'intensity'.
Failed to find match for field 'intensity'.
Failed to find match for field 'intensity'.
Failed to find match for field 'intensity'.
Failed to find match for field 'intensity'.
Failed to find match for field 'intensity'.
Failed to find match for field 'intensity'.
Failed to find match for field 'intensity'.
Failed to find match for field 'intensity'.
Failed to find match for field 'intensity'.
Failed to find match for field 'intensity'.
Failed to find match for field 'intensity'.
Failed to find match for field 'intensity'.
Failed to find match for field 'intensity'.
Failed to find match for field 'intensity'.
Failed to find match for field 'intensity'.
Failed to find match for field 'intensity'.
Failed to find match for field 'intensity'.
Failed to find match for field 'intensity'.
Failed to find match for field 'intensity'.
Failed to find match for field 'intensity'.
[14:39:59.965] [debug]   收集 LiDAR [/Lidar] 帧数: 1000
[14:39:59.968] [debug]   收集相机 [/IR_Image] 帧数: 1000
Failed to find match for field 'intensity'.
Failed to find match for field 'intensity'.
Failed to find match for field 'intensity'.
Failed to find match for field 'intensity'.
Failed to find match for field 'intensity'.
Failed to find match for field 'intensity'.
[14:39:59.993] [debug]   收集相机 [/Camera] 帧数: 1000
Failed to find match for field 'intensity'.
Failed to find match for field 'intensity'.
Failed to find match for field 'intensity'.
Failed to find match for field 'intensity'.
Failed to find match for field 'intensity'.
Failed to find match for field 'intensity'.
Failed to find match for field 'intensity'.
Failed to find match for field 'intensity'.
Failed to find match for field 'intensity'.
Failed to find match for field 'intensity'.
Failed to find match for field 'intensity'.
Failed to find match for field 'intensity'.
Failed to find match for field 'intensity'.
Failed to find match for field 'intensity'.
Failed to find match for field 'intensity'.
Failed to find match for field 'intensity'.
Failed to find match for field 'intensity'.
Failed to find match for field 'intensity'.
Failed to find match for field 'intensity'.
Failed to find match for field 'intensity'.
Failed to find match for field 'intensity'.
Failed to find match for field 'intensity'.
Failed to find match for field 'intensity'.
Failed to find match for field 'intensity'.
Failed to find match for field 'intensity'.
Failed to find match for field 'intensity'.
Failed to find match for field 'intensity'.
Failed to find match for field 'intensity'.
Failed to find match for field 'intensity'.
Failed to find match for field 'intensity'.
Failed to find match for field 'intensity'.
Failed to find match for field 'intensity'.
Failed to find match for field 'intensity'.
Failed to find match for field 'intensity'.
Failed to find match for field 'intensity'.
Failed to find match for field 'intensity'.
Failed to find match for field 'intensity'.
Failed to find match for field 'intensity'.
Failed to find match for field 'intensity'.
Failed to find match for field 'intensity'.
Failed to find match for field 'intensity'.
Failed to find match for field 'intensity'.
Failed to find match for field 'intensity'.
Failed to find match for field 'intensity'.
Failed to find match for field 'intensity'.
Failed to find match for field 'intensity'.
Failed to find match for field 'intensity'.
Failed to find match for field 'intensity'.
Failed to find match for field 'intensity'.
Failed to find match for field 'intensity'.
Failed to find match for field 'intensity'.
Failed to find match for field 'intensity'.
Failed to find match for field 'intensity'.
Failed to find match for field 'intensity'.
Failed to find match for field 'intensity'.
Failed to find match for field 'intensity'.
Failed to find match for field 'intensity'.
Failed to find match for field 'intensity'.
Failed to find match for field 'intensity'.
Failed to find match for field 'intensity'.
Failed to find match for field 'intensity'.
Failed to find match for field 'intensity'.
Failed to find match for field 'intensity'.
Failed to find match for field 'intensity'.
Failed to find match for field 'intensity'.
Failed to find match for field 'intensity'.
Failed to find match for field 'intensity'.
Failed to find match for field 'intensity'.
Failed to find match for field 'intensity'.
Failed to find match for field 'intensity'.
Failed to find match for field 'intensity'.
Failed to find match for field 'intensity'.
Failed to find match for field 'intensity'.
Failed to find match for field 'intensity'.
Failed to find match for field 'intensity'.
Failed to find match for field 'intensity'.
Failed to find match for field 'intensity'.
Failed to find match for field 'intensity'.
Failed to find match for field 'intensity'.
Failed to find match for field 'intensity'.
Failed to find match for field 'intensity'.
Failed to find match for field 'intensity'.
Failed to find match for field 'intensity'.
Failed to find match for field 'intensity'.
Failed to find match for field 'intensity'.
Failed to find match for field 'intensity'.
Failed to find match for field 'intensity'.
Failed to find match for field 'intensity'.
Failed to find match for field 'intensity'.
Failed to find match for field 'intensity'.
Failed to find match for field 'intensity'.
Failed to find match for field 'intensity'.
Failed to find match for field 'intensity'.
Failed to find match for field 'intensity'.
Failed to find match for field 'intensity'.
Failed to find match for field 'intensity'.
Failed to find match for field 'intensity'.
Failed to find match for field 'intensity'.
Failed to find match for field 'intensity'.
Failed to find match for field 'intensity'.
Failed to find match for field 'intensity'.
Failed to find match for field 'intensity'.
Failed to find match for field 'intensity'.
Failed to find match for field 'intensity'.
Failed to find match for field 'intensity'.
Failed to find match for field 'intensity'.
Failed to find match for field 'intensity'.
Failed to find match for field 'intensity'.
Failed to find match for field 'intensity'.
Failed to find match for field 'intensity'.
Failed to find match for field 'intensity'.
Failed to find match for field 'intensity'.
Failed to find match for field 'intensity'.
Failed to find match for field 'intensity'.
Failed to find match for field 'intensity'.
Failed to find match for field 'intensity'.
Failed to find match for field 'intensity'.
Failed to find match for field 'intensity'.
Failed to find match for field 'intensity'.
Failed to find match for field 'intensity'.
Failed to find match for field 'intensity'.
Failed to find match for field 'intensity'.
Failed to find match for field 'intensity'.
Failed to find match for field 'intensity'.
Failed to find match for field 'intensity'.
Failed to find match for field 'intensity'.
Failed to find match for field 'intensity'.
Failed to find match for field 'intensity'.
Failed to find match for field 'intensity'.
Failed to find match for field 'intensity'.
Failed to find match for field 'intensity'.
Failed to find match for field 'intensity'.
Failed to find match for field 'intensity'.
Failed to find match for field 'intensity'.
Failed to find match for field 'intensity'.
Failed to find match for field 'intensity'.
Failed to find match for field 'intensity'.
Failed to find match for field 'intensity'.
Failed to find match for field 'intensity'.
Failed to find match for field 'intensity'.
Failed to find match for field 'intensity'.
Failed to find match for field 'intensity'.
Failed to find match for field 'intensity'.
Failed to find match for field 'intensity'.
Failed to find match for field 'intensity'.
Failed to find match for field 'intensity'.
Failed to find match for field 'intensity'.
Failed to find match for field 'intensity'.
Failed to find match for field 'intensity'.
Failed to find match for field 'intensity'.
Failed to find match for field 'intensity'.
Failed to find match for field 'intensity'.
Failed to find match for field 'intensity'.
Failed to find match for field 'intensity'.
Failed to find match for field 'intensity'.
Failed to find match for field 'intensity'.
Failed to find match for field 'intensity'.
Failed to find match for field 'intensity'.
Failed to find match for field 'intensity'.
Failed to find match for field 'intensity'.
Failed to find match for field 'intensity'.
Failed to find match for field 'intensity'.
Failed to find match for field 'intensity'.
Failed to find match for field 'intensity'.
Failed to find match for field 'intensity'.
Failed to find match for field 'intensity'.
Failed to find match for field 'intensity'.
Failed to find match for field 'intensity'.
Failed to find match for field 'intensity'.
Failed to find match for field 'intensity'.
Failed to find match for field 'intensity'.
Failed to find match for field 'intensity'.
Failed to find match for field 'intensity'.
Failed to find match for field 'intensity'.
Failed to find match for field 'intensity'.
Failed to find match for field 'intensity'.
Failed to find match for field 'intensity'.
Failed to find match for field 'intensity'.
Failed to find match for field 'intensity'.
Failed to find match for field 'intensity'.
Failed to find match for field 'intensity'.
Failed to find match for field 'intensity'.
Failed to find match for field 'intensity'.
Failed to find match for field 'intensity'.
Failed to find match for field 'intensity'.
Failed to find match for field 'intensity'.
Failed to find match for field 'intensity'.
Failed to find match for field 'intensity'.
Failed to find match for field 'intensity'.
Failed to find match for field 'intensity'.
Failed to find match for field 'intensity'.
Failed to find match for field 'intensity'.
Failed to find match for field 'intensity'.
Failed to find match for field 'intensity'.
Failed to find match for field 'intensity'.
Failed to find match for field 'intensity'.
Failed to find match for field 'intensity'.
Failed to find match for field 'intensity'.
Failed to find match for field 'intensity'.
Failed to find match for field 'intensity'.
Failed to find match for field 'intensity'.
Failed to find match for field 'intensity'.
Failed to find match for field 'intensity'.
Failed to find match for field 'intensity'.
Failed to find match for field 'intensity'.
Failed to find match for field 'intensity'.
Failed to find match for field 'intensity'.
Failed to find match for field 'intensity'.
Failed to find match for field 'intensity'.
Failed to find match for field 'intensity'.
Failed to find match for field 'intensity'.
Failed to find match for field 'intensity'.
Failed to find match for field 'intensity'.
Failed to find match for field 'intensity'.
Failed to find match for field 'intensity'.
Failed to find match for field 'intensity'.
Failed to find match for field 'intensity'.
Failed to find match for field 'intensity'.
Failed to find match for field 'intensity'.
Failed to find match for field 'intensity'.
Failed to find match for field 'intensity'.
Failed to find match for field 'intensity'.
Failed to find match for field 'intensity'.
Failed to find match for field 'intensity'.
Failed to find match for field 'intensity'.
Failed to find match for field 'intensity'.
Failed to find match for field 'intensity'.
Failed to find match for field 'intensity'.
Failed to find match for field 'intensity'.
Failed to find match for field 'intensity'.
Failed to find match for field 'intensity'.
Failed to find match for field 'intensity'.
Failed to find match for field 'intensity'.
Failed to find match for field 'intensity'.
Failed to find match for field 'intensity'.
Failed to find match for field 'intensity'.
Failed to find match for field 'intensity'.
Failed to find match for field 'intensity'.
Failed to find match for field 'intensity'.
Failed to find match for field 'intensity'.
Failed to find match for field 'intensity'.
Failed to find match for field 'intensity'.
Failed to find match for field 'intensity'.
Failed to find match for field 'intensity'.
Failed to find match for field 'intensity'.
Failed to find match for field 'intensity'.
Failed to find match for field 'intensity'.
Failed to find match for field 'intensity'.
Failed to find match for field 'intensity'.
Failed to find match for field 'intensity'.
Failed to find match for field 'intensity'.
Failed to find match for field 'intensity'.
Failed to find match for field 'intensity'.
Failed to find match for field 'intensity'.
Failed to find match for field 'intensity'.
Failed to find match for field 'intensity'.
Failed to find match for field 'intensity'.
Failed to find match for field 'intensity'.
Failed to find match for field 'intensity'.
Failed to find match for field 'intensity'.
Failed to find match for field 'intensity'.
Failed to find match for field 'intensity'.
Failed to find match for field 'intensity'.
Failed to find match for field 'intensity'.
Failed to find match for field 'intensity'.
Failed to find match for field 'intensity'.
Failed to find match for field 'intensity'.
Failed to find match for field 'intensity'.
Failed to find match for field 'intensity'.
Failed to find match for field 'intensity'.
Failed to find match for field 'intensity'.
Failed to find match for field 'intensity'.
Failed to find match for field 'intensity'.
Failed to find match for field 'intensity'.
Failed to find match for field 'intensity'.
Failed to find match for field 'intensity'.
Failed to find match for field 'intensity'.
Failed to find match for field 'intensity'.
Failed to find match for field 'intensity'.
Failed to find match for field 'intensity'.
Failed to find match for field 'intensity'.
Failed to find match for field 'intensity'.
Failed to find match for field 'intensity'.
Failed to find match for field 'intensity'.
Failed to find match for field 'intensity'.
Failed to find match for field 'intensity'.
Failed to find match for field 'intensity'.
Failed to find match for field 'intensity'.
Failed to find match for field 'intensity'.
Failed to find match for field 'intensity'.
Failed to find match for field 'intensity'.
Failed to find match for field 'intensity'.
Failed to find match for field 'intensity'.
Failed to find match for field 'intensity'.
Failed to find match for field 'intensity'.
Failed to find match for field 'intensity'.
Failed to find match for field 'intensity'.
Failed to find match for field 'intensity'.
Failed to find match for field 'intensity'.
Failed to find match for field 'intensity'.
Failed to find match for field 'intensity'.
Failed to find match for field 'intensity'.
Failed to find match for field 'intensity'.
Failed to find match for field 'intensity'.
Failed to find match for field 'intensity'.
Failed to find match for field 'intensity'.
Failed to find match for field 'intensity'.
Failed to find match for field 'intensity'.
Failed to find match for field 'intensity'.
Failed to find match for field 'intensity'.
Failed to find match for field 'intensity'.
Failed to find match for field 'intensity'.
Failed to find match for field 'intensity'.
Failed to find match for field 'intensity'.
Failed to find match for field 'intensity'.
Failed to find match for field 'intensity'.
Failed to find match for field 'intensity'.
Failed to find match for field 'intensity'.
Failed to find match for field 'intensity'.
Failed to find match for field 'intensity'.
Failed to find match for field 'intensity'.
Failed to find match for field 'intensity'.
Failed to find match for field 'intensity'.
Failed to find match for field 'intensity'.
Failed to find match for field 'intensity'.
Failed to find match for field 'intensity'.
Failed to find match for field 'intensity'.
Failed to find match for field 'intensity'.
Failed to find match for field 'intensity'.
Failed to find match for field 'intensity'.
Failed to find match for field 'intensity'.
Failed to find match for field 'intensity'.
Failed to find match for field 'intensity'.
Failed to find match for field 'intensity'.
Failed to find match for field 'intensity'.
Failed to find match for field 'intensity'.
Failed to find match for field 'intensity'.
Failed to find match for field 'intensity'.
Failed to find match for field 'intensity'.
Failed to find match for field 'intensity'.
Failed to find match for field 'intensity'.
Failed to find match for field 'intensity'.
Failed to find match for field 'intensity'.
Failed to find match for field 'intensity'.
Failed to find match for field 'intensity'.
Failed to find match for field 'intensity'.
Failed to find match for field 'intensity'.
Failed to find match for field 'intensity'.
Failed to find match for field 'intensity'.
Failed to find match for field 'intensity'.
Failed to find match for field 'intensity'.
Failed to find match for field 'intensity'.
Failed to find match for field 'intensity'.
Failed to find match for field 'intensity'.
Failed to find match for field 'intensity'.
Failed to find match for field 'intensity'.
Failed to find match for field 'intensity'.
Failed to find match for field 'intensity'.
Failed to find match for field 'intensity'.
Failed to find match for field 'intensity'.
Failed to find match for field 'intensity'.
Failed to find match for field 'intensity'.
Failed to find match for field 'intensity'.
Failed to find match for field 'intensity'.
Failed to find match for field 'intensity'.
Failed to find match for field 'intensity'.
Failed to find match for field 'intensity'.
Failed to find match for field 'intensity'.
Failed to find match for field 'intensity'.
Failed to find match for field 'intensity'.
Failed to find match for field 'intensity'.
Failed to find match for field 'intensity'.
Failed to find match for field 'intensity'.
Failed to find match for field 'intensity'.
Failed to find match for field 'intensity'.
Failed to find match for field 'intensity'.
Failed to find match for field 'intensity'.
Failed to find match for field 'intensity'.
Failed to find match for field 'intensity'.
Failed to find match for field 'intensity'.
Failed to find match for field 'intensity'.
Failed to find match for field 'intensity'.
Failed to find match for field 'intensity'.
Failed to find match for field 'intensity'.
Failed to find match for field 'intensity'.
Failed to find match for field 'intensity'.
Failed to find match for field 'intensity'.
Failed to find match for field 'intensity'.
Failed to find match for field 'intensity'.
Failed to find match for field 'intensity'.
Failed to find match for field 'intensity'.
Failed to find match for field 'intensity'.
Failed to find match for field 'intensity'.
Failed to find match for field 'intensity'.
Failed to find match for field 'intensity'.
Failed to find match for field 'intensity'.
Failed to find match for field 'intensity'.
Failed to find match for field 'intensity'.
Failed to find match for field 'intensity'.
Failed to find match for field 'intensity'.
Failed to find match for field 'intensity'.
Failed to find match for field 'intensity'.
Failed to find match for field 'intensity'.
Failed to find match for field 'intensity'.
Failed to find match for field 'intensity'.
Failed to find match for field 'intensity'.
Failed to find match for field 'intensity'.
Failed to find match for field 'intensity'.
Failed to find match for field 'intensity'.
Failed to find match for field 'intensity'.
Failed to find match for field 'intensity'.
Failed to find match for field 'intensity'.
Failed to find match for field 'intensity'.
Failed to find match for field 'intensity'.
Failed to find match for field 'intensity'.
Failed to find match for field 'intensity'.
Failed to find match for field 'intensity'.
Failed to find match for field 'intensity'.
Failed to find match for field 'intensity'.
Failed to find match for field 'intensity'.
Failed to find match for field 'intensity'.
Failed to find match for field 'intensity'.
Failed to find match for field 'intensity'.
Failed to find match for field 'intensity'.
Failed to find match for field 'intensity'.
Failed to find match for field 'intensity'.
Failed to find match for field 'intensity'.
Failed to find match for field 'intensity'.
Failed to find match for field 'intensity'.
Failed to find match for field 'intensity'.
Failed to find match for field 'intensity'.
Failed to find match for field 'intensity'.
[14:40:01.579] [debug]   收集 LiDAR [/Radar] 帧数: 2500
Failed to find match for field 'intensity'.
Failed to find match for field 'intensity'.
Failed to find match for field 'intensity'.
Failed to find match for field 'intensity'.
Failed to find match for field 'intensity'.
Failed to find match for field 'intensity'.
Failed to find match for field 'intensity'.
Failed to find match for field 'intensity'.
Failed to find match for field 'intensity'.
Failed to find match for field 'intensity'.
Failed to find match for field 'intensity'.
Failed to find match for field 'intensity'.
Failed to find match for field 'intensity'.
Failed to find match for field 'intensity'.
Failed to find match for field 'intensity'.
Failed to find match for field 'intensity'.
Failed to find match for field 'intensity'.
Failed to find match for field 'intensity'.
Failed to find match for field 'intensity'.
Failed to find match for field 'intensity'.
Failed to find match for field 'intensity'.
Failed to find match for field 'intensity'.
Failed to find match for field 'intensity'.
Failed to find match for field 'intensity'.
Failed to find match for field 'intensity'.
Failed to find match for field 'intensity'.
Failed to find match for field 'intensity'.
Failed to find match for field 'intensity'.
Failed to find match for field 'intensity'.
Failed to find match for field 'intensity'.
Failed to find match for field 'intensity'.
Failed to find match for field 'intensity'.
Failed to find match for field 'intensity'.
Failed to find match for field 'intensity'.
Failed to find match for field 'intensity'.
Failed to find match for field 'intensity'.
Failed to find match for field 'intensity'.
Failed to find match for field 'intensity'.
Failed to find match for field 'intensity'.
Failed to find match for field 'intensity'.
Failed to find match for field 'intensity'.
Failed to find match for field 'intensity'.
Failed to find match for field 'intensity'.
Failed to find match for field 'intensity'.
Failed to find match for field 'intensity'.
Failed to find match for field 'intensity'.
Failed to find match for field 'intensity'.
Failed to find match for field 'intensity'.
Failed to find match for field 'intensity'.
Failed to find match for field 'intensity'.
Failed to find match for field 'intensity'.
Failed to find match for field 'intensity'.
Failed to find match for field 'intensity'.
Failed to find match for field 'intensity'.
Failed to find match for field 'intensity'.
Failed to find match for field 'intensity'.
Failed to find match for field 'intensity'.
Failed to find match for field 'intensity'.
Failed to find match for field 'intensity'.
Failed to find match for field 'intensity'.
Failed to find match for field 'intensity'.
Failed to find match for field 'intensity'.
Failed to find match for field 'intensity'.
Failed to find match for field 'intensity'.
Failed to find match for field 'intensity'.
Failed to find match for field 'intensity'.
Failed to find match for field 'intensity'.
Failed to find match for field 'intensity'.
Failed to find match for field 'intensity'.
Failed to find match for field 'intensity'.
Failed to find match for field 'intensity'.
Failed to find match for field 'intensity'.
Failed to find match for field 'intensity'.
Failed to find match for field 'intensity'.
Failed to find match for field 'intensity'.
Failed to find match for field 'intensity'.
Failed to find match for field 'intensity'.
Failed to find match for field 'intensity'.
Failed to find match for field 'intensity'.
Failed to find match for field 'intensity'.
Failed to find match for field 'intensity'.
Failed to find match for field 'intensity'.
Failed to find match for field 'intensity'.
Failed to find match for field 'intensity'.
Failed to find match for field 'intensity'.
Failed to find match for field 'intensity'.
Failed to find match for field 'intensity'.
Failed to find match for field 'intensity'.
Failed to find match for field 'intensity'.
Failed to find match for field 'intensity'.
Failed to find match for field 'intensity'.
Failed to find match for field 'intensity'.
Failed to find match for field 'intensity'.
Failed to find match for field 'intensity'.
Failed to find match for field 'intensity'.
Failed to find match for field 'intensity'.
Failed to find match for field 'intensity'.
Failed to find match for field 'intensity'.
Failed to find match for field 'intensity'.
Failed to find match for field 'intensity'.
Failed to find match for field 'intensity'.
Failed to find match for field 'intensity'.
Failed to find match for field 'intensity'.
Failed to find match for field 'intensity'.
Failed to find match for field 'intensity'.
Failed to find match for field 'intensity'.
Failed to find match for field 'intensity'.
Failed to find match for field 'intensity'.
Failed to find match for field 'intensity'.
Failed to find match for field 'intensity'.
Failed to find match for field 'intensity'.
Failed to find match for field 'intensity'.
Failed to find match for field 'intensity'.
Failed to find match for field 'intensity'.
Failed to find match for field 'intensity'.
Failed to find match for field 'intensity'.
Failed to find match for field 'intensity'.
Failed to find match for field 'intensity'.
Failed to find match for field 'intensity'.
Failed to find match for field 'intensity'.
Failed to find match for field 'intensity'.
Failed to find match for field 'intensity'.
Failed to find match for field 'intensity'.
Failed to find match for field 'intensity'.
Failed to find match for field 'intensity'.
Failed to find match for field 'intensity'.
Failed to find match for field 'intensity'.
Failed to find match for field 'intensity'.
Failed to find match for field 'intensity'.
Failed to find match for field 'intensity'.
Failed to find match for field 'intensity'.
Failed to find match for field 'intensity'.
Failed to find match for field 'intensity'.
Failed to find match for field 'intensity'.
Failed to find match for field 'intensity'.
Failed to find match for field 'intensity'.
Failed to find match for field 'intensity'.
Failed to find match for field 'intensity'.
Failed to find match for field 'intensity'.
Failed to find match for field 'intensity'.
Failed to find match for field 'intensity'.
Failed to find match for field 'intensity'.
Failed to find match for field 'intensity'.
Failed to find match for field 'intensity'.
Failed to find match for field 'intensity'.
Failed to find match for field 'intensity'.
Failed to find match for field 'intensity'.
Failed to find match for field 'intensity'.
Failed to find match for field 'intensity'.
Failed to find match for field 'intensity'.
Failed to find match for field 'intensity'.
Failed to find match for field 'intensity'.
Failed to find match for field 'intensity'.
Failed to find match for field 'intensity'.
Failed to find match for field 'intensity'.
Failed to find match for field 'intensity'.
Failed to find match for field 'intensity'.
Failed to find match for field 'intensity'.
Failed to find match for field 'intensity'.
Failed to find match for field 'intensity'.
Failed to find match for field 'intensity'.
Failed to find match for field 'intensity'.
Failed to find match for field 'intensity'.
Failed to find match for field 'intensity'.
Failed to find match for field 'intensity'.
Failed to find match for field 'intensity'.
Failed to find match for field 'intensity'.
Failed to find match for field 'intensity'.
Failed to find match for field 'intensity'.
Failed to find match for field 'intensity'.
Failed to find match for field 'intensity'.
Failed to find match for field 'intensity'.
Failed to find match for field 'intensity'.
Failed to find match for field 'intensity'.
Failed to find match for field 'intensity'.
Failed to find match for field 'intensity'.
Failed to find match for field 'intensity'.
Failed to find match for field 'intensity'.
Failed to find match for field 'intensity'.
Failed to find match for field 'intensity'.
Failed to find match for field 'intensity'.
Failed to find match for field 'intensity'.
Failed to find match for field 'intensity'.
Failed to find match for field 'intensity'.
Failed to find match for field 'intensity'.
Failed to find match for field 'intensity'.
Failed to find match for field 'intensity'.
Failed to find match for field 'intensity'.
Failed to find match for field 'intensity'.
Failed to find match for field 'intensity'.
Failed to find match for field 'intensity'.
Failed to find match for field 'intensity'.
Failed to find match for field 'intensity'.
Failed to find match for field 'intensity'.
Failed to find match for field 'intensity'.
Failed to find match for field 'intensity'.
Failed to find match for field 'intensity'.
Failed to find match for field 'intensity'.
Failed to find match for field 'intensity'.
Failed to find match for field 'intensity'.
Failed to find match for field 'intensity'.
Failed to find match for field 'intensity'.
Failed to find match for field 'intensity'.
Failed to find match for field 'intensity'.
Failed to find match for field 'intensity'.
Failed to find match for field 'intensity'.
Failed to find match for field 'intensity'.
Failed to find match for field 'intensity'.
Failed to find match for field 'intensity'.
Failed to find match for field 'intensity'.
Failed to find match for field 'intensity'.
Failed to find match for field 'intensity'.
Failed to find match for field 'intensity'.
Failed to find match for field 'intensity'.
Failed to find match for field 'intensity'.
Failed to find match for field 'intensity'.
Failed to find match for field 'intensity'.
Failed to find match for field 'intensity'.
Failed to find match for field 'intensity'.
Failed to find match for field 'intensity'.
Failed to find match for field 'intensity'.
Failed to find match for field 'intensity'.
Failed to find match for field 'intensity'.
Failed to find match for field 'intensity'.
Failed to find match for field 'intensity'.
Failed to find match for field 'intensity'.
Failed to find match for field 'intensity'.
Failed to find match for field 'intensity'.
Failed to find match for field 'intensity'.
Failed to find match for field 'intensity'.
Failed to find match for field 'intensity'.
Failed to find match for field 'intensity'.
Failed to find match for field 'intensity'.
Failed to find match for field 'intensity'.
Failed to find match for field 'intensity'.
Failed to find match for field 'intensity'.
Failed to find match for field 'intensity'.
Failed to find match for field 'intensity'.
Failed to find match for field 'intensity'.
Failed to find match for field 'intensity'.
Failed to find match for field 'intensity'.
Failed to find match for field 'intensity'.
Failed to find match for field 'intensity'.
Failed to find match for field 'intensity'.
Failed to find match for field 'intensity'.
Failed to find match for field 'intensity'.
Failed to find match for field 'intensity'.
Failed to find match for field 'intensity'.
Failed to find match for field 'intensity'.
Failed to find match for field 'intensity'.
Failed to find match for field 'intensity'.
Failed to find match for field 'intensity'.
Failed to find match for field 'intensity'.
Failed to find match for field 'intensity'.
Failed to find match for field 'intensity'.
Failed to find match for field 'intensity'.
Failed to find match for field 'intensity'.
Failed to find match for field 'intensity'.
Failed to find match for field 'intensity'.
Failed to find match for field 'intensity'.
Failed to find match for field 'intensity'.
Failed to find match for field 'intensity'.
Failed to find match for field 'intensity'.
Failed to find match for field 'intensity'.
Failed to find match for field 'intensity'.
Failed to find match for field 'intensity'.
Failed to find match for field 'intensity'.
Failed to find match for field 'intensity'.
Failed to find match for field 'intensity'.
Failed to find match for field 'intensity'.
Failed to find match for field 'intensity'.
Failed to find match for field 'intensity'.
Failed to find match for field 'intensity'.
Failed to find match for field 'intensity'.
Failed to find match for field 'intensity'.
Failed to find match for field 'intensity'.
Failed to find match for field 'intensity'.
Failed to find match for field 'intensity'.
Failed to find match for field 'intensity'.
Failed to find match for field 'intensity'.
Failed to find match for field 'intensity'.
Failed to find match for field 'intensity'.
Failed to find match for field 'intensity'.
Failed to find match for field 'intensity'.
Failed to find match for field 'intensity'.
Failed to find match for field 'intensity'.
Failed to find match for field 'intensity'.
Failed to find match for field 'intensity'.
Failed to find match for field 'intensity'.
Failed to find match for field 'intensity'.
Failed to find match for field 'intensity'.
Failed to find match for field 'intensity'.
Failed to find match for field 'intensity'.
Failed to find match for field 'intensity'.
Failed to find match for field 'intensity'.
Failed to find match for field 'intensity'.
Failed to find match for field 'intensity'.
Failed to find match for field 'intensity'.
Failed to find match for field 'intensity'.
Failed to find match for field 'intensity'.
Failed to find match for field 'intensity'.
Failed to find match for field 'intensity'.
Failed to find match for field 'intensity'.
Failed to find match for field 'intensity'.
Failed to find match for field 'intensity'.
Failed to find match for field 'intensity'.
Failed to find match for field 'intensity'.
Failed to find match for field 'intensity'.
Failed to find match for field 'intensity'.
Failed to find match for field 'intensity'.
Failed to find match for field 'intensity'.
Failed to find match for field 'intensity'.
Failed to find match for field 'intensity'.
Failed to find match for field 'intensity'.
Failed to find match for field 'intensity'.
Failed to find match for field 'intensity'.
Failed to find match for field 'intensity'.
Failed to find match for field 'intensity'.
Failed to find match for field 'intensity'.
Failed to find match for field 'intensity'.
Failed to find match for field 'intensity'.
Failed to find match for field 'intensity'.
Failed to find match for field 'intensity'.
Failed to find match for field 'intensity'.
Failed to find match for field 'intensity'.
Failed to find match for field 'intensity'.
Failed to find match for field 'intensity'.
Failed to find match for field 'intensity'.
Failed to find match for field 'intensity'.
Failed to find match for field 'intensity'.
Failed to find match for field 'intensity'.
Failed to find match for field 'intensity'.
Failed to find match for field 'intensity'.
Failed to find match for field 'intensity'.
Failed to find match for field 'intensity'.
Failed to find match for field 'intensity'.
Failed to find match for field 'intensity'.
Failed to find match for field 'intensity'.
Failed to find match for field 'intensity'.
Failed to find match for field 'intensity'.
Failed to find match for field 'intensity'.
Failed to find match for field 'intensity'.
Failed to find match for field 'intensity'.
Failed to find match for field 'intensity'.
Failed to find match for field 'intensity'.
Failed to find match for field 'intensity'.
Failed to find match for field 'intensity'.
Failed to find match for field 'intensity'.
Failed to find match for field 'intensity'.
Failed to find match for field 'intensity'.
Failed to find match for field 'intensity'.
Failed to find match for field 'intensity'.
Failed to find match for field 'intensity'.
Failed to find match for field 'intensity'.
Failed to find match for field 'intensity'.
Failed to find match for field 'intensity'.
Failed to find match for field 'intensity'.
Failed to find match for field 'intensity'.
Failed to find match for field 'intensity'.
Failed to find match for field 'intensity'.
Failed to find match for field 'intensity'.
Failed to find match for field 'intensity'.
Failed to find match for field 'intensity'.
Failed to find match for field 'intensity'.
Failed to find match for field 'intensity'.
Failed to find match for field 'intensity'.
Failed to find match for field 'intensity'.
Failed to find match for field 'intensity'.
Failed to find match for field 'intensity'.
Failed to find match for field 'intensity'.
Failed to find match for field 'intensity'.
Failed to find match for field 'intensity'.
Failed to find match for field 'intensity'.
Failed to find match for field 'intensity'.
Failed to find match for field 'intensity'.
Failed to find match for field 'intensity'.
Failed to find match for field 'intensity'.
Failed to find match for field 'intensity'.
Failed to find match for field 'intensity'.
Failed to find match for field 'intensity'.
Failed to find match for field 'intensity'.
Failed to find match for field 'intensity'.
Failed to find match for field 'intensity'.
Failed to find match for field 'intensity'.
Failed to find match for field 'intensity'.
Failed to find match for field 'intensity'.
Failed to find match for field 'intensity'.
Failed to find match for field 'intensity'.
Failed to find match for field 'intensity'.
Failed to find match for field 'intensity'.
Failed to find match for field 'intensity'.
Failed to find match for field 'intensity'.
Failed to find match for field 'intensity'.
Failed to find match for field 'intensity'.
Failed to find match for field 'intensity'.
Failed to find match for field 'intensity'.
Failed to find match for field 'intensity'.
Failed to find match for field 'intensity'.
Failed to find match for field 'intensity'.
Failed to find match for field 'intensity'.
Failed to find match for field 'intensity'.
Failed to find match for field 'intensity'.
Failed to find match for field 'intensity'.
Failed to find match for field 'intensity'.
Failed to find match for field 'intensity'.
Failed to find match for field 'intensity'.
Failed to find match for field 'intensity'.
Failed to find match for field 'intensity'.
Failed to find match for field 'intensity'.
Failed to find match for field 'intensity'.
Failed to find match for field 'intensity'.
Failed to find match for field 'intensity'.
Failed to find match for field 'intensity'.
Failed to find match for field 'intensity'.
Failed to find match for field 'intensity'.
Failed to find match for field 'intensity'.
Failed to find match for field 'intensity'.
Failed to find match for field 'intensity'.
Failed to find match for field 'intensity'.
Failed to find match for field 'intensity'.
Failed to find match for field 'intensity'.
Failed to find match for field 'intensity'.
Failed to find match for field 'intensity'.
Failed to find match for field 'intensity'.
Failed to find match for field 'intensity'.
Failed to find match for field 'intensity'.
Failed to find match for field 'intensity'.
Failed to find match for field 'intensity'.
Failed to find match for field 'intensity'.
Failed to find match for field 'intensity'.
Failed to find match for field 'intensity'.
Failed to find match for field 'intensity'.
Failed to find match for field 'intensity'.
Failed to find match for field 'intensity'.
Failed to find match for field 'intensity'.
Failed to find match for field 'intensity'.
Failed to find match for field 'intensity'.
Failed to find match for field 'intensity'.
Failed to find match for field 'intensity'.
Failed to find match for field 'intensity'.
Failed to find match for field 'intensity'.
Failed to find match for field 'intensity'.
Failed to find match for field 'intensity'.
Failed to find match for field 'intensity'.
Failed to find match for field 'intensity'.
Failed to find match for field 'intensity'.
Failed to find match for field 'intensity'.
Failed to find match for field 'intensity'.
Failed to find match for field 'intensity'.
Failed to find match for field 'intensity'.
Failed to find match for field 'intensity'.
Failed to find match for field 'intensity'.
Failed to find match for field 'intensity'.
Failed to find match for field 'intensity'.
Failed to find match for field 'intensity'.
Failed to find match for field 'intensity'.
Failed to find match for field 'intensity'.
Failed to find match for field 'intensity'.
Failed to find match for field 'intensity'.
Failed to find match for field 'intensity'.
Failed to find match for field 'intensity'.
Failed to find match for field 'intensity'.
Failed to find match for field 'intensity'.
Failed to find match for field 'intensity'.
Failed to find match for field 'intensity'.
Failed to find match for field 'intensity'.
Failed to find match for field 'intensity'.
Failed to find match for field 'intensity'.
Failed to find match for field 'intensity'.
Failed to find match for field 'intensity'.
Failed to find match for field 'intensity'.
Failed to find match for field 'intensity'.
Failed to find match for field 'intensity'.
Failed to find match for field 'intensity'.
Failed to find match for field 'intensity'.
Failed to find match for field 'intensity'.
Failed to find match for field 'intensity'.
Failed to find match for field 'intensity'.
Failed to find match for field 'intensity'.
Failed to find match for field 'intensity'.
Failed to find match for field 'intensity'.
Failed to find match for field 'intensity'.
Failed to find match for field 'intensity'.
Failed to find match for field 'intensity'.
Failed to find match for field 'intensity'.
Failed to find match for field 'intensity'.
Failed to find match for field 'intensity'.
Failed to find match for field 'intensity'.
Failed to find match for field 'intensity'.
Failed to find match for field 'intensity'.
Failed to find match for field 'intensity'.
Failed to find match for field 'intensity'.
Failed to find match for field 'intensity'.
Failed to find match for field 'intensity'.
Failed to find match for field 'intensity'.
Failed to find match for field 'intensity'.
Failed to find match for field 'intensity'.
Failed to find match for field 'intensity'.
Failed to find match for field 'intensity'.
Failed to find match for field 'intensity'.
[14:40:03.332] [debug]   收集 LiDAR [/Radar] 帧数: 3000
Failed to find match for field 'intensity'.
Failed to find match for field 'intensity'.
Failed to find match for field 'intensity'.
Failed to find match for field 'intensity'.
Failed to find match for field 'intensity'.
Failed to find match for field 'intensity'.
Failed to find match for field 'intensity'.
Failed to find match for field 'intensity'.
Failed to find match for field 'intensity'.
Failed to find match for field 'intensity'.
Failed to find match for field 'intensity'.
Failed to find match for field 'intensity'.
Failed to find match for field 'intensity'.
Failed to find match for field 'intensity'.
Failed to find match for field 'intensity'.
Failed to find match for field 'intensity'.
Failed to find match for field 'intensity'.
Failed to find match for field 'intensity'.
Failed to find match for field 'intensity'.
Failed to find match for field 'intensity'.
Failed to find match for field 'intensity'.
Failed to find match for field 'intensity'.
Failed to find match for field 'intensity'.
Failed to find match for field 'intensity'.
Failed to find match for field 'intensity'.
Failed to find match for field 'intensity'.
Failed to find match for field 'intensity'.
Failed to find match for field 'intensity'.
Failed to find match for field 'intensity'.
Failed to find match for field 'intensity'.
Failed to find match for field 'intensity'.
Failed to find match for field 'intensity'.
Failed to find match for field 'intensity'.
Failed to find match for field 'intensity'.
Failed to find match for field 'intensity'.
Failed to find match for field 'intensity'.
Failed to find match for field 'intensity'.
Failed to find match for field 'intensity'.
Failed to find match for field 'intensity'.
Failed to find match for field 'intensity'.
Failed to find match for field 'intensity'.
Failed to find match for field 'intensity'.
Failed to find match for field 'intensity'.
Failed to find match for field 'intensity'.
Failed to find match for field 'intensity'.
Failed to find match for field 'intensity'.
Failed to find match for field 'intensity'.
Failed to find match for field 'intensity'.
Failed to find match for field 'intensity'.
Failed to find match for field 'intensity'.
Failed to find match for field 'intensity'.
Failed to find match for field 'intensity'.
Failed to find match for field 'intensity'.
Failed to find match for field 'intensity'.
Failed to find match for field 'intensity'.
Failed to find match for field 'intensity'.
Failed to find match for field 'intensity'.
Failed to find match for field 'intensity'.
Failed to find match for field 'intensity'.
Failed to find match for field 'intensity'.
Failed to find match for field 'intensity'.
[14:40:03.669] [debug]   收集 LiDAR [/Lidar] 帧数: 1500
Failed to find match for field 'intensity'.
Failed to find match for field 'intensity'.
Failed to find match for field 'intensity'.
Failed to find match for field 'intensity'.
Failed to find match for field 'intensity'.
Failed to find match for field 'intensity'.
[14:40:03.711] [debug]   收集相机 [/Camera] 帧数: 1500
Failed to find match for field 'intensity'.
Failed to find match for field 'intensity'.
Failed to find match for field 'intensity'.
Failed to find match for field 'intensity'.
Failed to find match for field 'intensity'.
Failed to find match for field 'intensity'.
[14:40:03.740] [debug]   收集相机 [/IR_Image] 帧数: 1500
Failed to find match for field 'intensity'.
Failed to find match for field 'intensity'.
Failed to find match for field 'intensity'.
Failed to find match for field 'intensity'.
Failed to find match for field 'intensity'.
Failed to find match for field 'intensity'.
Failed to find match for field 'intensity'.
Failed to find match for field 'intensity'.
Failed to find match for field 'intensity'.
Failed to find match for field 'intensity'.
Failed to find match for field 'intensity'.
Failed to find match for field 'intensity'.
Failed to find match for field 'intensity'.
Failed to find match for field 'intensity'.
Failed to find match for field 'intensity'.
Failed to find match for field 'intensity'.
Failed to find match for field 'intensity'.
Failed to find match for field 'intensity'.
Failed to find match for field 'intensity'.
Failed to find match for field 'intensity'.
Failed to find match for field 'intensity'.
Failed to find match for field 'intensity'.
Failed to find match for field 'intensity'.
Failed to find match for field 'intensity'.
Failed to find match for field 'intensity'.
Failed to find match for field 'intensity'.
Failed to find match for field 'intensity'.
Failed to find match for field 'intensity'.
Failed to find match for field 'intensity'.
Failed to find match for field 'intensity'.
Failed to find match for field 'intensity'.
Failed to find match for field 'intensity'.
Failed to find match for field 'intensity'.
Failed to find match for field 'intensity'.
Failed to find match for field 'intensity'.
Failed to find match for field 'intensity'.
Failed to find match for field 'intensity'.
Failed to find match for field 'intensity'.
Failed to find match for field 'intensity'.
Failed to find match for field 'intensity'.
Failed to find match for field 'intensity'.
Failed to find match for field 'intensity'.
Failed to find match for field 'intensity'.
Failed to find match for field 'intensity'.
Failed to find match for field 'intensity'.
Failed to find match for field 'intensity'.
Failed to find match for field 'intensity'.
Failed to find match for field 'intensity'.
Failed to find match for field 'intensity'.
Failed to find match for field 'intensity'.
Failed to find match for field 'intensity'.
Failed to find match for field 'intensity'.
Failed to find match for field 'intensity'.
Failed to find match for field 'intensity'.
Failed to find match for field 'intensity'.
Failed to find match for field 'intensity'.
Failed to find match for field 'intensity'.
Failed to find match for field 'intensity'.
Failed to find match for field 'intensity'.
Failed to find match for field 'intensity'.
Failed to find match for field 'intensity'.
Failed to find match for field 'intensity'.
Failed to find match for field 'intensity'.
Failed to find match for field 'intensity'.
Failed to find match for field 'intensity'.
Failed to find match for field 'intensity'.
Failed to find match for field 'intensity'.
Failed to find match for field 'intensity'.
Failed to find match for field 'intensity'.
Failed to find match for field 'intensity'.
Failed to find match for field 'intensity'.
Failed to find match for field 'intensity'.
Failed to find match for field 'intensity'.
Failed to find match for field 'intensity'.
Failed to find match for field 'intensity'.
Failed to find match for field 'intensity'.
Failed to find match for field 'intensity'.
Failed to find match for field 'intensity'.
Failed to find match for field 'intensity'.
Failed to find match for field 'intensity'.
Failed to find match for field 'intensity'.
Failed to find match for field 'intensity'.
Failed to find match for field 'intensity'.
Failed to find match for field 'intensity'.
Failed to find match for field 'intensity'.
Failed to find match for field 'intensity'.
Failed to find match for field 'intensity'.
Failed to find match for field 'intensity'.
Failed to find match for field 'intensity'.
Failed to find match for field 'intensity'.
Failed to find match for field 'intensity'.
Failed to find match for field 'intensity'.
Failed to find match for field 'intensity'.
Failed to find match for field 'intensity'.
Failed to find match for field 'intensity'.
Failed to find match for field 'intensity'.
Failed to find match for field 'intensity'.
Failed to find match for field 'intensity'.
Failed to find match for field 'intensity'.
Failed to find match for field 'intensity'.
Failed to find match for field 'intensity'.
Failed to find match for field 'intensity'.
Failed to find match for field 'intensity'.
Failed to find match for field 'intensity'.
Failed to find match for field 'intensity'.
Failed to find match for field 'intensity'.
Failed to find match for field 'intensity'.
Failed to find match for field 'intensity'.
Failed to find match for field 'intensity'.
Failed to find match for field 'intensity'.
Failed to find match for field 'intensity'.
Failed to find match for field 'intensity'.
Failed to find match for field 'intensity'.
Failed to find match for field 'intensity'.
Failed to find match for field 'intensity'.
Failed to find match for field 'intensity'.
Failed to find match for field 'intensity'.
Failed to find match for field 'intensity'.
Failed to find match for field 'intensity'.
Failed to find match for field 'intensity'.
Failed to find match for field 'intensity'.
Failed to find match for field 'intensity'.
Failed to find match for field 'intensity'.
Failed to find match for field 'intensity'.
Failed to find match for field 'intensity'.
Failed to find match for field 'intensity'.
Failed to find match for field 'intensity'.
Failed to find match for field 'intensity'.
Failed to find match for field 'intensity'.
Failed to find match for field 'intensity'.
Failed to find match for field 'intensity'.
Failed to find match for field 'intensity'.
Failed to find match for field 'intensity'.
Failed to find match for field 'intensity'.
Failed to find match for field 'intensity'.
Failed to find match for field 'intensity'.
Failed to find match for field 'intensity'.
Failed to find match for field 'intensity'.
Failed to find match for field 'intensity'.
Failed to find match for field 'intensity'.
Failed to find match for field 'intensity'.
Failed to find match for field 'intensity'.
Failed to find match for field 'intensity'.
Failed to find match for field 'intensity'.
Failed to find match for field 'intensity'.
Failed to find match for field 'intensity'.
Failed to find match for field 'intensity'.
Failed to find match for field 'intensity'.
Failed to find match for field 'intensity'.
Failed to find match for field 'intensity'.
Failed to find match for field 'intensity'.
Failed to find match for field 'intensity'.
Failed to find match for field 'intensity'.
Failed to find match for field 'intensity'.
Failed to find match for field 'intensity'.
Failed to find match for field 'intensity'.
Failed to find match for field 'intensity'.
Failed to find match for field 'intensity'.
Failed to find match for field 'intensity'.
Failed to find match for field 'intensity'.
Failed to find match for field 'intensity'.
Failed to find match for field 'intensity'.
Failed to find match for field 'intensity'.
Failed to find match for field 'intensity'.
Failed to find match for field 'intensity'.
Failed to find match for field 'intensity'.
Failed to find match for field 'intensity'.
Failed to find match for field 'intensity'.
Failed to find match for field 'intensity'.
Failed to find match for field 'intensity'.
Failed to find match for field 'intensity'.
Failed to find match for field 'intensity'.
Failed to find match for field 'intensity'.
Failed to find match for field 'intensity'.
Failed to find match for field 'intensity'.
Failed to find match for field 'intensity'.
Failed to find match for field 'intensity'.
Failed to find match for field 'intensity'.
Failed to find match for field 'intensity'.
Failed to find match for field 'intensity'.
Failed to find match for field 'intensity'.
Failed to find match for field 'intensity'.
Failed to find match for field 'intensity'.
Failed to find match for field 'intensity'.
Failed to find match for field 'intensity'.
Failed to find match for field 'intensity'.
Failed to find match for field 'intensity'.
Failed to find match for field 'intensity'.
Failed to find match for field 'intensity'.
Failed to find match for field 'intensity'.
Failed to find match for field 'intensity'.
Failed to find match for field 'intensity'.
Failed to find match for field 'intensity'.
Failed to find match for field 'intensity'.
Failed to find match for field 'intensity'.
Failed to find match for field 'intensity'.
Failed to find match for field 'intensity'.
Failed to find match for field 'intensity'.
Failed to find match for field 'intensity'.
Failed to find match for field 'intensity'.
Failed to find match for field 'intensity'.
Failed to find match for field 'intensity'.
Failed to find match for field 'intensity'.
Failed to find match for field 'intensity'.
Failed to find match for field 'intensity'.
Failed to find match for field 'intensity'.
Failed to find match for field 'intensity'.
Failed to find match for field 'intensity'.
Failed to find match for field 'intensity'.
Failed to find match for field 'intensity'.
Failed to find match for field 'intensity'.
Failed to find match for field 'intensity'.
Failed to find match for field 'intensity'.
Failed to find match for field 'intensity'.
Failed to find match for field 'intensity'.
Failed to find match for field 'intensity'.
Failed to find match for field 'intensity'.
Failed to find match for field 'intensity'.
Failed to find match for field 'intensity'.
Failed to find match for field 'intensity'.
Failed to find match for field 'intensity'.
Failed to find match for field 'intensity'.
Failed to find match for field 'intensity'.
Failed to find match for field 'intensity'.
Failed to find match for field 'intensity'.
Failed to find match for field 'intensity'.
Failed to find match for field 'intensity'.
Failed to find match for field 'intensity'.
Failed to find match for field 'intensity'.
Failed to find match for field 'intensity'.
Failed to find match for field 'intensity'.
Failed to find match for field 'intensity'.
Failed to find match for field 'intensity'.
Failed to find match for field 'intensity'.
Failed to find match for field 'intensity'.
Failed to find match for field 'intensity'.
Failed to find match for field 'intensity'.
Failed to find match for field 'intensity'.
Failed to find match for field 'intensity'.
Failed to find match for field 'intensity'.
Failed to find match for field 'intensity'.
Failed to find match for field 'intensity'.
Failed to find match for field 'intensity'.
Failed to find match for field 'intensity'.
Failed to find match for field 'intensity'.
Failed to find match for field 'intensity'.
Failed to find match for field 'intensity'.
Failed to find match for field 'intensity'.
Failed to find match for field 'intensity'.
Failed to find match for field 'intensity'.
Failed to find match for field 'intensity'.
Failed to find match for field 'intensity'.
Failed to find match for field 'intensity'.
Failed to find match for field 'intensity'.
Failed to find match for field 'intensity'.
Failed to find match for field 'intensity'.
Failed to find match for field 'intensity'.
Failed to find match for field 'intensity'.
Failed to find match for field 'intensity'.
Failed to find match for field 'intensity'.
Failed to find match for field 'intensity'.
Failed to find match for field 'intensity'.
Failed to find match for field 'intensity'.
Failed to find match for field 'intensity'.
Failed to find match for field 'intensity'.
Failed to find match for field 'intensity'.
Failed to find match for field 'intensity'.
Failed to find match for field 'intensity'.
Failed to find match for field 'intensity'.
Failed to find match for field 'intensity'.
Failed to find match for field 'intensity'.
Failed to find match for field 'intensity'.
Failed to find match for field 'intensity'.
Failed to find match for field 'intensity'.
Failed to find match for field 'intensity'.
Failed to find match for field 'intensity'.
Failed to find match for field 'intensity'.
Failed to find match for field 'intensity'.
Failed to find match for field 'intensity'.
Failed to find match for field 'intensity'.
Failed to find match for field 'intensity'.
Failed to find match for field 'intensity'.
Failed to find match for field 'intensity'.
Failed to find match for field 'intensity'.
Failed to find match for field 'intensity'.
Failed to find match for field 'intensity'.
Failed to find match for field 'intensity'.
Failed to find match for field 'intensity'.
Failed to find match for field 'intensity'.
Failed to find match for field 'intensity'.
Failed to find match for field 'intensity'.
Failed to find match for field 'intensity'.
Failed to find match for field 'intensity'.
Failed to find match for field 'intensity'.
Failed to find match for field 'intensity'.
Failed to find match for field 'intensity'.
Failed to find match for field 'intensity'.
Failed to find match for field 'intensity'.
Failed to find match for field 'intensity'.
Failed to find match for field 'intensity'.
Failed to find match for field 'intensity'.
Failed to find match for field 'intensity'.
Failed to find match for field 'intensity'.
Failed to find match for field 'intensity'.
Failed to find match for field 'intensity'.
Failed to find match for field 'intensity'.
Failed to find match for field 'intensity'.
Failed to find match for field 'intensity'.
Failed to find match for field 'intensity'.
Failed to find match for field 'intensity'.
Failed to find match for field 'intensity'.
Failed to find match for field 'intensity'.
Failed to find match for field 'intensity'.
Failed to find match for field 'intensity'.
Failed to find match for field 'intensity'.
Failed to find match for field 'intensity'.
Failed to find match for field 'intensity'.
Failed to find match for field 'intensity'.
Failed to find match for field 'intensity'.
Failed to find match for field 'intensity'.
Failed to find match for field 'intensity'.
Failed to find match for field 'intensity'.
Failed to find match for field 'intensity'.
Failed to find match for field 'intensity'.
Failed to find match for field 'intensity'.
Failed to find match for field 'intensity'.
Failed to find match for field 'intensity'.
Failed to find match for field 'intensity'.
Failed to find match for field 'intensity'.
Failed to find match for field 'intensity'.
Failed to find match for field 'intensity'.
Failed to find match for field 'intensity'.
Failed to find match for field 'intensity'.
Failed to find match for field 'intensity'.
Failed to find match for field 'intensity'.
Failed to find match for field 'intensity'.
Failed to find match for field 'intensity'.
Failed to find match for field 'intensity'.
Failed to find match for field 'intensity'.
Failed to find match for field 'intensity'.
Failed to find match for field 'intensity'.
Failed to find match for field 'intensity'.
Failed to find match for field 'intensity'.
Failed to find match for field 'intensity'.
Failed to find match for field 'intensity'.
Failed to find match for field 'intensity'.
Failed to find match for field 'intensity'.
Failed to find match for field 'intensity'.
Failed to find match for field 'intensity'.
Failed to find match for field 'intensity'.
Failed to find match for field 'intensity'.
Failed to find match for field 'intensity'.
Failed to find match for field 'intensity'.
Failed to find match for field 'intensity'.
Failed to find match for field 'intensity'.
Failed to find match for field 'intensity'.
Failed to find match for field 'intensity'.
Failed to find match for field 'intensity'.
Failed to find match for field 'intensity'.
Failed to find match for field 'intensity'.
Failed to find match for field 'intensity'.
Failed to find match for field 'intensity'.
Failed to find match for field 'intensity'.
Failed to find match for field 'intensity'.
Failed to find match for field 'intensity'.
Failed to find match for field 'intensity'.
Failed to find match for field 'intensity'.
Failed to find match for field 'intensity'.
Failed to find match for field 'intensity'.
Failed to find match for field 'intensity'.
Failed to find match for field 'intensity'.
Failed to find match for field 'intensity'.
Failed to find match for field 'intensity'.
Failed to find match for field 'intensity'.
Failed to find match for field 'intensity'.
Failed to find match for field 'intensity'.
Failed to find match for field 'intensity'.
Failed to find match for field 'intensity'.
Failed to find match for field 'intensity'.
Failed to find match for field 'intensity'.
Failed to find match for field 'intensity'.
Failed to find match for field 'intensity'.
Failed to find match for field 'intensity'.
Failed to find match for field 'intensity'.
Failed to find match for field 'intensity'.
Failed to find match for field 'intensity'.
Failed to find match for field 'intensity'.
Failed to find match for field 'intensity'.
Failed to find match for field 'intensity'.
Failed to find match for field 'intensity'.
Failed to find match for field 'intensity'.
Failed to find match for field 'intensity'.
Failed to find match for field 'intensity'.
Failed to find match for field 'intensity'.
Failed to find match for field 'intensity'.
Failed to find match for field 'intensity'.
Failed to find match for field 'intensity'.
Failed to find match for field 'intensity'.
Failed to find match for field 'intensity'.
Failed to find match for field 'intensity'.
Failed to find match for field 'intensity'.
Failed to find match for field 'intensity'.
Failed to find match for field 'intensity'.
Failed to find match for field 'intensity'.
Failed to find match for field 'intensity'.
Failed to find match for field 'intensity'.
Failed to find match for field 'intensity'.
Failed to find match for field 'intensity'.
Failed to find match for field 'intensity'.
Failed to find match for field 'intensity'.
Failed to find match for field 'intensity'.
Failed to find match for field 'intensity'.
Failed to find match for field 'intensity'.
Failed to find match for field 'intensity'.
Failed to find match for field 'intensity'.
Failed to find match for field 'intensity'.
Failed to find match for field 'intensity'.
Failed to find match for field 'intensity'.
Failed to find match for field 'intensity'.
Failed to find match for field 'intensity'.
Failed to find match for field 'intensity'.
Failed to find match for field 'intensity'.
Failed to find match for field 'intensity'.
Failed to find match for field 'intensity'.
Failed to find match for field 'intensity'.
Failed to find match for field 'intensity'.
Failed to find match for field 'intensity'.
[14:40:05.755] [debug]   收集 LiDAR [/Radar] 帧数: 3500
Failed to find match for field 'intensity'.
Failed to find match for field 'intensity'.
Failed to find match for field 'intensity'.
Failed to find match for field 'intensity'.
Failed to find match for field 'intensity'.
Failed to find match for field 'intensity'.
Failed to find match for field 'intensity'.
Failed to find match for field 'intensity'.
Failed to find match for field 'intensity'.
Failed to find match for field 'intensity'.
Failed to find match for field 'intensity'.
Failed to find match for field 'intensity'.
Failed to find match for field 'intensity'.
Failed to find match for field 'intensity'.
Failed to find match for field 'intensity'.
Failed to find match for field 'intensity'.
Failed to find match for field 'intensity'.
Failed to find match for field 'intensity'.
Failed to find match for field 'intensity'.
Failed to find match for field 'intensity'.
Failed to find match for field 'intensity'.
Failed to find match for field 'intensity'.
Failed to find match for field 'intensity'.
Failed to find match for field 'intensity'.
Failed to find match for field 'intensity'.
Failed to find match for field 'intensity'.
Failed to find match for field 'intensity'.
Failed to find match for field 'intensity'.
Failed to find match for field 'intensity'.
Failed to find match for field 'intensity'.
Failed to find match for field 'intensity'.
Failed to find match for field 'intensity'.
Failed to find match for field 'intensity'.
Failed to find match for field 'intensity'.
Failed to find match for field 'intensity'.
Failed to find match for field 'intensity'.
Failed to find match for field 'intensity'.
Failed to find match for field 'intensity'.
Failed to find match for field 'intensity'.
Failed to find match for field 'intensity'.
Failed to find match for field 'intensity'.
Failed to find match for field 'intensity'.
Failed to find match for field 'intensity'.
Failed to find match for field 'intensity'.
Failed to find match for field 'intensity'.
Failed to find match for field 'intensity'.
Failed to find match for field 'intensity'.
Failed to find match for field 'intensity'.
Failed to find match for field 'intensity'.
Failed to find match for field 'intensity'.
Failed to find match for field 'intensity'.
Failed to find match for field 'intensity'.
Failed to find match for field 'intensity'.
Failed to find match for field 'intensity'.
Failed to find match for field 'intensity'.
Failed to find match for field 'intensity'.
Failed to find match for field 'intensity'.
Failed to find match for field 'intensity'.
Failed to find match for field 'intensity'.
Failed to find match for field 'intensity'.
Failed to find match for field 'intensity'.
Failed to find match for field 'intensity'.
Failed to find match for field 'intensity'.
Failed to find match for field 'intensity'.
Failed to find match for field 'intensity'.
Failed to find match for field 'intensity'.
Failed to find match for field 'intensity'.
Failed to find match for field 'intensity'.
Failed to find match for field 'intensity'.
Failed to find match for field 'intensity'.
Failed to find match for field 'intensity'.
Failed to find match for field 'intensity'.
Failed to find match for field 'intensity'.
Failed to find match for field 'intensity'.
Failed to find match for field 'intensity'.
Failed to find match for field 'intensity'.
Failed to find match for field 'intensity'.
Failed to find match for field 'intensity'.
Failed to find match for field 'intensity'.
Failed to find match for field 'intensity'.
Failed to find match for field 'intensity'.
Failed to find match for field 'intensity'.
Failed to find match for field 'intensity'.
Failed to find match for field 'intensity'.
Failed to find match for field 'intensity'.
Failed to find match for field 'intensity'.
Failed to find match for field 'intensity'.
Failed to find match for field 'intensity'.
Failed to find match for field 'intensity'.
Failed to find match for field 'intensity'.
Failed to find match for field 'intensity'.
Failed to find match for field 'intensity'.
Failed to find match for field 'intensity'.
Failed to find match for field 'intensity'.
Failed to find match for field 'intensity'.
Failed to find match for field 'intensity'.
Failed to find match for field 'intensity'.
Failed to find match for field 'intensity'.
Failed to find match for field 'intensity'.
Failed to find match for field 'intensity'.
Failed to find match for field 'intensity'.
Failed to find match for field 'intensity'.
Failed to find match for field 'intensity'.
Failed to find match for field 'intensity'.
Failed to find match for field 'intensity'.
Failed to find match for field 'intensity'.
Failed to find match for field 'intensity'.
Failed to find match for field 'intensity'.
Failed to find match for field 'intensity'.
Failed to find match for field 'intensity'.
Failed to find match for field 'intensity'.
Failed to find match for field 'intensity'.
Failed to find match for field 'intensity'.
Failed to find match for field 'intensity'.
Failed to find match for field 'intensity'.
Failed to find match for field 'intensity'.
Failed to find match for field 'intensity'.
Failed to find match for field 'intensity'.
Failed to find match for field 'intensity'.
Failed to find match for field 'intensity'.
Failed to find match for field 'intensity'.
Failed to find match for field 'intensity'.
Failed to find match for field 'intensity'.
Failed to find match for field 'intensity'.
Failed to find match for field 'intensity'.
Failed to find match for field 'intensity'.
Failed to find match for field 'intensity'.
Failed to find match for field 'intensity'.
Failed to find match for field 'intensity'.
Failed to find match for field 'intensity'.
Failed to find match for field 'intensity'.
Failed to find match for field 'intensity'.
Failed to find match for field 'intensity'.
Failed to find match for field 'intensity'.
Failed to find match for field 'intensity'.
Failed to find match for field 'intensity'.
Failed to find match for field 'intensity'.
Failed to find match for field 'intensity'.
Failed to find match for field 'intensity'.
Failed to find match for field 'intensity'.
Failed to find match for field 'intensity'.
Failed to find match for field 'intensity'.
Failed to find match for field 'intensity'.
Failed to find match for field 'intensity'.
Failed to find match for field 'intensity'.
Failed to find match for field 'intensity'.
Failed to find match for field 'intensity'.
Failed to find match for field 'intensity'.
Failed to find match for field 'intensity'.
Failed to find match for field 'intensity'.
Failed to find match for field 'intensity'.
Failed to find match for field 'intensity'.
Failed to find match for field 'intensity'.
Failed to find match for field 'intensity'.
Failed to find match for field 'intensity'.
Failed to find match for field 'intensity'.
Failed to find match for field 'intensity'.
Failed to find match for field 'intensity'.
Failed to find match for field 'intensity'.
Failed to find match for field 'intensity'.
Failed to find match for field 'intensity'.
Failed to find match for field 'intensity'.
Failed to find match for field 'intensity'.
Failed to find match for field 'intensity'.
Failed to find match for field 'intensity'.
Failed to find match for field 'intensity'.
Failed to find match for field 'intensity'.
Failed to find match for field 'intensity'.
Failed to find match for field 'intensity'.
Failed to find match for field 'intensity'.
Failed to find match for field 'intensity'.
Failed to find match for field 'intensity'.
Failed to find match for field 'intensity'.
Failed to find match for field 'intensity'.
Failed to find match for field 'intensity'.
Failed to find match for field 'intensity'.
Failed to find match for field 'intensity'.
Failed to find match for field 'intensity'.
Failed to find match for field 'intensity'.
Failed to find match for field 'intensity'.
Failed to find match for field 'intensity'.
Failed to find match for field 'intensity'.
Failed to find match for field 'intensity'.
Failed to find match for field 'intensity'.
Failed to find match for field 'intensity'.
Failed to find match for field 'intensity'.
Failed to find match for field 'intensity'.
Failed to find match for field 'intensity'.
Failed to find match for field 'intensity'.
Failed to find match for field 'intensity'.
Failed to find match for field 'intensity'.
Failed to find match for field 'intensity'.
Failed to find match for field 'intensity'.
Failed to find match for field 'intensity'.
Failed to find match for field 'intensity'.
Failed to find match for field 'intensity'.
Failed to find match for field 'intensity'.
Failed to find match for field 'intensity'.
Failed to find match for field 'intensity'.
Failed to find match for field 'intensity'.
Failed to find match for field 'intensity'.
Failed to find match for field 'intensity'.
Failed to find match for field 'intensity'.
Failed to find match for field 'intensity'.
Failed to find match for field 'intensity'.
Failed to find match for field 'intensity'.
Failed to find match for field 'intensity'.
Failed to find match for field 'intensity'.
Failed to find match for field 'intensity'.
Failed to find match for field 'intensity'.
Failed to find match for field 'intensity'.
Failed to find match for field 'intensity'.
Failed to find match for field 'intensity'.
Failed to find match for field 'intensity'.
Failed to find match for field 'intensity'.
Failed to find match for field 'intensity'.
Failed to find match for field 'intensity'.
Failed to find match for field 'intensity'.
Failed to find match for field 'intensity'.
Failed to find match for field 'intensity'.
Failed to find match for field 'intensity'.
Failed to find match for field 'intensity'.
Failed to find match for field 'intensity'.
Failed to find match for field 'intensity'.
Failed to find match for field 'intensity'.
Failed to find match for field 'intensity'.
Failed to find match for field 'intensity'.
Failed to find match for field 'intensity'.
Failed to find match for field 'intensity'.
Failed to find match for field 'intensity'.
Failed to find match for field 'intensity'.
Failed to find match for field 'intensity'.
Failed to find match for field 'intensity'.
Failed to find match for field 'intensity'.
Failed to find match for field 'intensity'.
Failed to find match for field 'intensity'.
Failed to find match for field 'intensity'.
Failed to find match for field 'intensity'.
Failed to find match for field 'intensity'.
Failed to find match for field 'intensity'.
Failed to find match for field 'intensity'.
Failed to find match for field 'intensity'.
Failed to find match for field 'intensity'.
Failed to find match for field 'intensity'.
Failed to find match for field 'intensity'.
Failed to find match for field 'intensity'.
Failed to find match for field 'intensity'.
Failed to find match for field 'intensity'.
Failed to find match for field 'intensity'.
Failed to find match for field 'intensity'.
Failed to find match for field 'intensity'.
Failed to find match for field 'intensity'.
Failed to find match for field 'intensity'.
Failed to find match for field 'intensity'.
Failed to find match for field 'intensity'.
Failed to find match for field 'intensity'.
Failed to find match for field 'intensity'.
Failed to find match for field 'intensity'.
Failed to find match for field 'intensity'.
Failed to find match for field 'intensity'.
Failed to find match for field 'intensity'.
Failed to find match for field 'intensity'.
Failed to find match for field 'intensity'.
Failed to find match for field 'intensity'.
Failed to find match for field 'intensity'.
Failed to find match for field 'intensity'.
Failed to find match for field 'intensity'.
Failed to find match for field 'intensity'.
Failed to find match for field 'intensity'.
Failed to find match for field 'intensity'.
Failed to find match for field 'intensity'.
Failed to find match for field 'intensity'.
Failed to find match for field 'intensity'.
Failed to find match for field 'intensity'.
Failed to find match for field 'intensity'.
Failed to find match for field 'intensity'.
Failed to find match for field 'intensity'.
Failed to find match for field 'intensity'.
Failed to find match for field 'intensity'.
Failed to find match for field 'intensity'.
Failed to find match for field 'intensity'.
Failed to find match for field 'intensity'.
Failed to find match for field 'intensity'.
Failed to find match for field 'intensity'.
Failed to find match for field 'intensity'.
Failed to find match for field 'intensity'.
Failed to find match for field 'intensity'.
Failed to find match for field 'intensity'.
Failed to find match for field 'intensity'.
Failed to find match for field 'intensity'.
Failed to find match for field 'intensity'.
Failed to find match for field 'intensity'.
Failed to find match for field 'intensity'.
Failed to find match for field 'intensity'.
Failed to find match for field 'intensity'.
Failed to find match for field 'intensity'.
Failed to find match for field 'intensity'.
Failed to find match for field 'intensity'.
Failed to find match for field 'intensity'.
Failed to find match for field 'intensity'.
Failed to find match for field 'intensity'.
Failed to find match for field 'intensity'.
Failed to find match for field 'intensity'.
Failed to find match for field 'intensity'.
Failed to find match for field 'intensity'.
Failed to find match for field 'intensity'.
Failed to find match for field 'intensity'.
Failed to find match for field 'intensity'.
Failed to find match for field 'intensity'.
Failed to find match for field 'intensity'.
Failed to find match for field 'intensity'.
Failed to find match for field 'intensity'.
Failed to find match for field 'intensity'.
Failed to find match for field 'intensity'.
Failed to find match for field 'intensity'.
Failed to find match for field 'intensity'.
Failed to find match for field 'intensity'.
Failed to find match for field 'intensity'.
Failed to find match for field 'intensity'.
Failed to find match for field 'intensity'.
Failed to find match for field 'intensity'.
Failed to find match for field 'intensity'.
Failed to find match for field 'intensity'.
Failed to find match for field 'intensity'.
Failed to find match for field 'intensity'.
Failed to find match for field 'intensity'.
Failed to find match for field 'intensity'.
Failed to find match for field 'intensity'.
Failed to find match for field 'intensity'.
Failed to find match for field 'intensity'.
Failed to find match for field 'intensity'.
Failed to find match for field 'intensity'.
Failed to find match for field 'intensity'.
Failed to find match for field 'intensity'.
Failed to find match for field 'intensity'.
Failed to find match for field 'intensity'.
Failed to find match for field 'intensity'.
Failed to find match for field 'intensity'.
Failed to find match for field 'intensity'.
Failed to find match for field 'intensity'.
Failed to find match for field 'intensity'.
Failed to find match for field 'intensity'.
Failed to find match for field 'intensity'.
Failed to find match for field 'intensity'.
Failed to find match for field 'intensity'.
Failed to find match for field 'intensity'.
Failed to find match for field 'intensity'.
Failed to find match for field 'intensity'.
Failed to find match for field 'intensity'.
Failed to find match for field 'intensity'.
Failed to find match for field 'intensity'.
Failed to find match for field 'intensity'.
Failed to find match for field 'intensity'.
Failed to find match for field 'intensity'.
Failed to find match for field 'intensity'.
Failed to find match for field 'intensity'.
Failed to find match for field 'intensity'.
Failed to find match for field 'intensity'.
Failed to find match for field 'intensity'.
Failed to find match for field 'intensity'.
Failed to find match for field 'intensity'.
Failed to find match for field 'intensity'.
Failed to find match for field 'intensity'.
Failed to find match for field 'intensity'.
Failed to find match for field 'intensity'.
Failed to find match for field 'intensity'.
Failed to find match for field 'intensity'.
Failed to find match for field 'intensity'.
Failed to find match for field 'intensity'.
Failed to find match for field 'intensity'.
Failed to find match for field 'intensity'.
Failed to find match for field 'intensity'.
Failed to find match for field 'intensity'.
Failed to find match for field 'intensity'.
Failed to find match for field 'intensity'.
Failed to find match for field 'intensity'.
Failed to find match for field 'intensity'.
Failed to find match for field 'intensity'.
Failed to find match for field 'intensity'.
Failed to find match for field 'intensity'.
Failed to find match for field 'intensity'.
Failed to find match for field 'intensity'.
Failed to find match for field 'intensity'.
Failed to find match for field 'intensity'.
Failed to find match for field 'intensity'.
Failed to find match for field 'intensity'.
Failed to find match for field 'intensity'.
Failed to find match for field 'intensity'.
Failed to find match for field 'intensity'.
Failed to find match for field 'intensity'.
Failed to find match for field 'intensity'.
Failed to find match for field 'intensity'.
Failed to find match for field 'intensity'.
Failed to find match for field 'intensity'.
Failed to find match for field 'intensity'.
Failed to find match for field 'intensity'.
Failed to find match for field 'intensity'.
Failed to find match for field 'intensity'.
Failed to find match for field 'intensity'.
Failed to find match for field 'intensity'.
Failed to find match for field 'intensity'.
Failed to find match for field 'intensity'.
Failed to find match for field 'intensity'.
Failed to find match for field 'intensity'.
Failed to find match for field 'intensity'.
Failed to find match for field 'intensity'.
Failed to find match for field 'intensity'.
Failed to find match for field 'intensity'.
Failed to find match for field 'intensity'.
Failed to find match for field 'intensity'.
Failed to find match for field 'intensity'.
Failed to find match for field 'intensity'.
Failed to find match for field 'intensity'.
Failed to find match for field 'intensity'.
Failed to find match for field 'intensity'.
Failed to find match for field 'intensity'.
Failed to find match for field 'intensity'.
Failed to find match for field 'intensity'.
Failed to find match for field 'intensity'.
Failed to find match for field 'intensity'.
Failed to find match for field 'intensity'.
Failed to find match for field 'intensity'.
Failed to find match for field 'intensity'.
Failed to find match for field 'intensity'.
Failed to find match for field 'intensity'.
Failed to find match for field 'intensity'.
Failed to find match for field 'intensity'.
Failed to find match for field 'intensity'.
Failed to find match for field 'intensity'.
Failed to find match for field 'intensity'.
Failed to find match for field 'intensity'.
Failed to find match for field 'intensity'.
Failed to find match for field 'intensity'.
Failed to find match for field 'intensity'.
Failed to find match for field 'intensity'.
Failed to find match for field 'intensity'.
Failed to find match for field 'intensity'.
Failed to find match for field 'intensity'.
Failed to find match for field 'intensity'.
Failed to find match for field 'intensity'.
Failed to find match for field 'intensity'.
Failed to find match for field 'intensity'.
Failed to find match for field 'intensity'.
Failed to find match for field 'intensity'.
Failed to find match for field 'intensity'.
Failed to find match for field 'intensity'.
Failed to find match for field 'intensity'.
Failed to find match for field 'intensity'.
Failed to find match for field 'intensity'.
Failed to find match for field 'intensity'.
Failed to find match for field 'intensity'.
Failed to find match for field 'intensity'.
Failed to find match for field 'intensity'.
Failed to find match for field 'intensity'.
Failed to find match for field 'intensity'.
Failed to find match for field 'intensity'.
Failed to find match for field 'intensity'.
Failed to find match for field 'intensity'.
Failed to find match for field 'intensity'.
Failed to find match for field 'intensity'.
Failed to find match for field 'intensity'.
Failed to find match for field 'intensity'.
Failed to find match for field 'intensity'.
Failed to find match for field 'intensity'.
Failed to find match for field 'intensity'.
Failed to find match for field 'intensity'.
Failed to find match for field 'intensity'.
Failed to find match for field 'intensity'.
Failed to find match for field 'intensity'.
Failed to find match for field 'intensity'.
Failed to find match for field 'intensity'.
Failed to find match for field 'intensity'.
Failed to find match for field 'intensity'.
Failed to find match for field 'intensity'.
Failed to find match for field 'intensity'.
Failed to find match for field 'intensity'.
Failed to find match for field 'intensity'.
Failed to find match for field 'intensity'.
Failed to find match for field 'intensity'.
Failed to find match for field 'intensity'.
Failed to find match for field 'intensity'.
Failed to find match for field 'intensity'.
Failed to find match for field 'intensity'.
Failed to find match for field 'intensity'.
Failed to find match for field 'intensity'.
Failed to find match for field 'intensity'.
Failed to find match for field 'intensity'.
Failed to find match for field 'intensity'.
Failed to find match for field 'intensity'.
Failed to find match for field 'intensity'.
Failed to find match for field 'intensity'.
Failed to find match for field 'intensity'.
Failed to find match for field 'intensity'.
Failed to find match for field 'intensity'.
Failed to find match for field 'intensity'.
Failed to find match for field 'intensity'.
Failed to find match for field 'intensity'.
Failed to find match for field 'intensity'.
Failed to find match for field 'intensity'.
Failed to find match for field 'intensity'.
[14:40:07.718] [debug]   收集 LiDAR [/Radar] 帧数: 4000
Failed to find match for field 'intensity'.
Failed to find match for field 'intensity'.
Failed to find match for field 'intensity'.
Failed to find match for field 'intensity'.
Failed to find match for field 'intensity'.
Failed to find match for field 'intensity'.
Failed to find match for field 'intensity'.
Failed to find match for field 'intensity'.
Failed to find match for field 'intensity'.
Failed to find match for field 'intensity'.
Failed to find match for field 'intensity'.
Failed to find match for field 'intensity'.
Failed to find match for field 'intensity'.
Failed to find match for field 'intensity'.
Failed to find match for field 'intensity'.
Failed to find match for field 'intensity'.
Failed to find match for field 'intensity'.
Failed to find match for field 'intensity'.
Failed to find match for field 'intensity'.
Failed to find match for field 'intensity'.
Failed to find match for field 'intensity'.
Failed to find match for field 'intensity'.
Failed to find match for field 'intensity'.
Failed to find match for field 'intensity'.
Failed to find match for field 'intensity'.
Failed to find match for field 'intensity'.
Failed to find match for field 'intensity'.
Failed to find match for field 'intensity'.
Failed to find match for field 'intensity'.
Failed to find match for field 'intensity'.
Failed to find match for field 'intensity'.
Failed to find match for field 'intensity'.
Failed to find match for field 'intensity'.
Failed to find match for field 'intensity'.
Failed to find match for field 'intensity'.
Failed to find match for field 'intensity'.
Failed to find match for field 'intensity'.
Failed to find match for field 'intensity'.
Failed to find match for field 'intensity'.
Failed to find match for field 'intensity'.
Failed to find match for field 'intensity'.
Failed to find match for field 'intensity'.
Failed to find match for field 'intensity'.
Failed to find match for field 'intensity'.
Failed to find match for field 'intensity'.
Failed to find match for field 'intensity'.
Failed to find match for field 'intensity'.
Failed to find match for field 'intensity'.
Failed to find match for field 'intensity'.
Failed to find match for field 'intensity'.
Failed to find match for field 'intensity'.
Failed to find match for field 'intensity'.
Failed to find match for field 'intensity'.
Failed to find match for field 'intensity'.
Failed to find match for field 'intensity'.
Failed to find match for field 'intensity'.
Failed to find match for field 'intensity'.
Failed to find match for field 'intensity'.
Failed to find match for field 'intensity'.
Failed to find match for field 'intensity'.
[14:40:07.945] [debug]   收集 LiDAR [/Lidar] 帧数: 2000
Failed to find match for field 'intensity'.
Failed to find match for field 'intensity'.
Failed to find match for field 'intensity'.
Failed to find match for field 'intensity'.
Failed to find match for field 'intensity'.
Failed to find match for field 'intensity'.
[14:40:07.975] [debug]   收集相机 [/Camera] 帧数: 2000
Failed to find match for field 'intensity'.
Failed to find match for field 'intensity'.
Failed to find match for field 'intensity'.
Failed to find match for field 'intensity'.
Failed to find match for field 'intensity'.
Failed to find match for field 'intensity'.
Failed to find match for field 'intensity'.
Failed to find match for field 'intensity'.
Failed to find match for field 'intensity'.
Failed to find match for field 'intensity'.
Failed to find match for field 'intensity'.
Failed to find match for field 'intensity'.
Failed to find match for field 'intensity'.
Failed to find match for field 'intensity'.
Failed to find match for field 'intensity'.
Failed to find match for field 'intensity'.
Failed to find match for field 'intensity'.
Failed to find match for field 'intensity'.
Failed to find match for field 'intensity'.
Failed to find match for field 'intensity'.
[14:40:08.066] [debug]   收集相机 [/IR_Image] 帧数: 2000
Failed to find match for field 'intensity'.
Failed to find match for field 'intensity'.
Failed to find match for field 'intensity'.
Failed to find match for field 'intensity'.
Failed to find match for field 'intensity'.
Failed to find match for field 'intensity'.
Failed to find match for field 'intensity'.
Failed to find match for field 'intensity'.
Failed to find match for field 'intensity'.
Failed to find match for field 'intensity'.
Failed to find match for field 'intensity'.
Failed to find match for field 'intensity'.
Failed to find match for field 'intensity'.
Failed to find match for field 'intensity'.
Failed to find match for field 'intensity'.
Failed to find match for field 'intensity'.
Failed to find match for field 'intensity'.
Failed to find match for field 'intensity'.
Failed to find match for field 'intensity'.
Failed to find match for field 'intensity'.
Failed to find match for field 'intensity'.
Failed to find match for field 'intensity'.
Failed to find match for field 'intensity'.
Failed to find match for field 'intensity'.
Failed to find match for field 'intensity'.
Failed to find match for field 'intensity'.
Failed to find match for field 'intensity'.
Failed to find match for field 'intensity'.
Failed to find match for field 'intensity'.
Failed to find match for field 'intensity'.
Failed to find match for field 'intensity'.
Failed to find match for field 'intensity'.
Failed to find match for field 'intensity'.
Failed to find match for field 'intensity'.
Failed to find match for field 'intensity'.
Failed to find match for field 'intensity'.
Failed to find match for field 'intensity'.
Failed to find match for field 'intensity'.
Failed to find match for field 'intensity'.
Failed to find match for field 'intensity'.
Failed to find match for field 'intensity'.
Failed to find match for field 'intensity'.
Failed to find match for field 'intensity'.
Failed to find match for field 'intensity'.
Failed to find match for field 'intensity'.
Failed to find match for field 'intensity'.
Failed to find match for field 'intensity'.
Failed to find match for field 'intensity'.
Failed to find match for field 'intensity'.
Failed to find match for field 'intensity'.
Failed to find match for field 'intensity'.
Failed to find match for field 'intensity'.
Failed to find match for field 'intensity'.
Failed to find match for field 'intensity'.
Failed to find match for field 'intensity'.
Failed to find match for field 'intensity'.
Failed to find match for field 'intensity'.
Failed to find match for field 'intensity'.
Failed to find match for field 'intensity'.
Failed to find match for field 'intensity'.
Failed to find match for field 'intensity'.
Failed to find match for field 'intensity'.
Failed to find match for field 'intensity'.
Failed to find match for field 'intensity'.
Failed to find match for field 'intensity'.
Failed to find match for field 'intensity'.
Failed to find match for field 'intensity'.
Failed to find match for field 'intensity'.
Failed to find match for field 'intensity'.
Failed to find match for field 'intensity'.
Failed to find match for field 'intensity'.
Failed to find match for field 'intensity'.
Failed to find match for field 'intensity'.
Failed to find match for field 'intensity'.
Failed to find match for field 'intensity'.
Failed to find match for field 'intensity'.
Failed to find match for field 'intensity'.
Failed to find match for field 'intensity'.
Failed to find match for field 'intensity'.
Failed to find match for field 'intensity'.
Failed to find match for field 'intensity'.
Failed to find match for field 'intensity'.
Failed to find match for field 'intensity'.
Failed to find match for field 'intensity'.
Failed to find match for field 'intensity'.
Failed to find match for field 'intensity'.
Failed to find match for field 'intensity'.
Failed to find match for field 'intensity'.
Failed to find match for field 'intensity'.
Failed to find match for field 'intensity'.
Failed to find match for field 'intensity'.
Failed to find match for field 'intensity'.
Failed to find match for field 'intensity'.
Failed to find match for field 'intensity'.
Failed to find match for field 'intensity'.
Failed to find match for field 'intensity'.
Failed to find match for field 'intensity'.
Failed to find match for field 'intensity'.
Failed to find match for field 'intensity'.
Failed to find match for field 'intensity'.
Failed to find match for field 'intensity'.
Failed to find match for field 'intensity'.
Failed to find match for field 'intensity'.
Failed to find match for field 'intensity'.
Failed to find match for field 'intensity'.
Failed to find match for field 'intensity'.
Failed to find match for field 'intensity'.
Failed to find match for field 'intensity'.
Failed to find match for field 'intensity'.
Failed to find match for field 'intensity'.
Failed to find match for field 'intensity'.
Failed to find match for field 'intensity'.
Failed to find match for field 'intensity'.
Failed to find match for field 'intensity'.
Failed to find match for field 'intensity'.
Failed to find match for field 'intensity'.
Failed to find match for field 'intensity'.
Failed to find match for field 'intensity'.
Failed to find match for field 'intensity'.
Failed to find match for field 'intensity'.
Failed to find match for field 'intensity'.
Failed to find match for field 'intensity'.
Failed to find match for field 'intensity'.
Failed to find match for field 'intensity'.
Failed to find match for field 'intensity'.
Failed to find match for field 'intensity'.
Failed to find match for field 'intensity'.
Failed to find match for field 'intensity'.
Failed to find match for field 'intensity'.
Failed to find match for field 'intensity'.
Failed to find match for field 'intensity'.
Failed to find match for field 'intensity'.
Failed to find match for field 'intensity'.
Failed to find match for field 'intensity'.
Failed to find match for field 'intensity'.
Failed to find match for field 'intensity'.
Failed to find match for field 'intensity'.
Failed to find match for field 'intensity'.
Failed to find match for field 'intensity'.
Failed to find match for field 'intensity'.
Failed to find match for field 'intensity'.
Failed to find match for field 'intensity'.
Failed to find match for field 'intensity'.
Failed to find match for field 'intensity'.
Failed to find match for field 'intensity'.
Failed to find match for field 'intensity'.
Failed to find match for field 'intensity'.
Failed to find match for field 'intensity'.
Failed to find match for field 'intensity'.
Failed to find match for field 'intensity'.
Failed to find match for field 'intensity'.
Failed to find match for field 'intensity'.
Failed to find match for field 'intensity'.
Failed to find match for field 'intensity'.
Failed to find match for field 'intensity'.
Failed to find match for field 'intensity'.
Failed to find match for field 'intensity'.
Failed to find match for field 'intensity'.
Failed to find match for field 'intensity'.
Failed to find match for field 'intensity'.
Failed to find match for field 'intensity'.
Failed to find match for field 'intensity'.
Failed to find match for field 'intensity'.
Failed to find match for field 'intensity'.
Failed to find match for field 'intensity'.
Failed to find match for field 'intensity'.
Failed to find match for field 'intensity'.
Failed to find match for field 'intensity'.
Failed to find match for field 'intensity'.
Failed to find match for field 'intensity'.
Failed to find match for field 'intensity'.
Failed to find match for field 'intensity'.
Failed to find match for field 'intensity'.
Failed to find match for field 'intensity'.
Failed to find match for field 'intensity'.
Failed to find match for field 'intensity'.
Failed to find match for field 'intensity'.
Failed to find match for field 'intensity'.
Failed to find match for field 'intensity'.
Failed to find match for field 'intensity'.
Failed to find match for field 'intensity'.
Failed to find match for field 'intensity'.
Failed to find match for field 'intensity'.
Failed to find match for field 'intensity'.
Failed to find match for field 'intensity'.
Failed to find match for field 'intensity'.
Failed to find match for field 'intensity'.
Failed to find match for field 'intensity'.
Failed to find match for field 'intensity'.
Failed to find match for field 'intensity'.
Failed to find match for field 'intensity'.
Failed to find match for field 'intensity'.
Failed to find match for field 'intensity'.
Failed to find match for field 'intensity'.
Failed to find match for field 'intensity'.
Failed to find match for field 'intensity'.
Failed to find match for field 'intensity'.
Failed to find match for field 'intensity'.
Failed to find match for field 'intensity'.
Failed to find match for field 'intensity'.
Failed to find match for field 'intensity'.
Failed to find match for field 'intensity'.
Failed to find match for field 'intensity'.
Failed to find match for field 'intensity'.
Failed to find match for field 'intensity'.
Failed to find match for field 'intensity'.
Failed to find match for field 'intensity'.
Failed to find match for field 'intensity'.
Failed to find match for field 'intensity'.
Failed to find match for field 'intensity'.
Failed to find match for field 'intensity'.
Failed to find match for field 'intensity'.
Failed to find match for field 'intensity'.
Failed to find match for field 'intensity'.
Failed to find match for field 'intensity'.
Failed to find match for field 'intensity'.
Failed to find match for field 'intensity'.
Failed to find match for field 'intensity'.
Failed to find match for field 'intensity'.
Failed to find match for field 'intensity'.
Failed to find match for field 'intensity'.
Failed to find match for field 'intensity'.
Failed to find match for field 'intensity'.
Failed to find match for field 'intensity'.
Failed to find match for field 'intensity'.
Failed to find match for field 'intensity'.
Failed to find match for field 'intensity'.
Failed to find match for field 'intensity'.
Failed to find match for field 'intensity'.
Failed to find match for field 'intensity'.
Failed to find match for field 'intensity'.
Failed to find match for field 'intensity'.
Failed to find match for field 'intensity'.
Failed to find match for field 'intensity'.
Failed to find match for field 'intensity'.
Failed to find match for field 'intensity'.
Failed to find match for field 'intensity'.
Failed to find match for field 'intensity'.
Failed to find match for field 'intensity'.
Failed to find match for field 'intensity'.
Failed to find match for field 'intensity'.
Failed to find match for field 'intensity'.
Failed to find match for field 'intensity'.
Failed to find match for field 'intensity'.
Failed to find match for field 'intensity'.
Failed to find match for field 'intensity'.
Failed to find match for field 'intensity'.
Failed to find match for field 'intensity'.
Failed to find match for field 'intensity'.
Failed to find match for field 'intensity'.
Failed to find match for field 'intensity'.
Failed to find match for field 'intensity'.
Failed to find match for field 'intensity'.
Failed to find match for field 'intensity'.
Failed to find match for field 'intensity'.
Failed to find match for field 'intensity'.
Failed to find match for field 'intensity'.
Failed to find match for field 'intensity'.
Failed to find match for field 'intensity'.
Failed to find match for field 'intensity'.
Failed to find match for field 'intensity'.
Failed to find match for field 'intensity'.
Failed to find match for field 'intensity'.
Failed to find match for field 'intensity'.
Failed to find match for field 'intensity'.
Failed to find match for field 'intensity'.
Failed to find match for field 'intensity'.
Failed to find match for field 'intensity'.
Failed to find match for field 'intensity'.
Failed to find match for field 'intensity'.
Failed to find match for field 'intensity'.
Failed to find match for field 'intensity'.
Failed to find match for field 'intensity'.
Failed to find match for field 'intensity'.
Failed to find match for field 'intensity'.
Failed to find match for field 'intensity'.
Failed to find match for field 'intensity'.
Failed to find match for field 'intensity'.
Failed to find match for field 'intensity'.
Failed to find match for field 'intensity'.
Failed to find match for field 'intensity'.
Failed to find match for field 'intensity'.
Failed to find match for field 'intensity'.
Failed to find match for field 'intensity'.
Failed to find match for field 'intensity'.
Failed to find match for field 'intensity'.
Failed to find match for field 'intensity'.
Failed to find match for field 'intensity'.
Failed to find match for field 'intensity'.
Failed to find match for field 'intensity'.
Failed to find match for field 'intensity'.
Failed to find match for field 'intensity'.
Failed to find match for field 'intensity'.
Failed to find match for field 'intensity'.
Failed to find match for field 'intensity'.
Failed to find match for field 'intensity'.
Failed to find match for field 'intensity'.
Failed to find match for field 'intensity'.
Failed to find match for field 'intensity'.
Failed to find match for field 'intensity'.
Failed to find match for field 'intensity'.
Failed to find match for field 'intensity'.
Failed to find match for field 'intensity'.
Failed to find match for field 'intensity'.
Failed to find match for field 'intensity'.
Failed to find match for field 'intensity'.
Failed to find match for field 'intensity'.
Failed to find match for field 'intensity'.
Failed to find match for field 'intensity'.
Failed to find match for field 'intensity'.
Failed to find match for field 'intensity'.
Failed to find match for field 'intensity'.
Failed to find match for field 'intensity'.
Failed to find match for field 'intensity'.
Failed to find match for field 'intensity'.
Failed to find match for field 'intensity'.
Failed to find match for field 'intensity'.
Failed to find match for field 'intensity'.
Failed to find match for field 'intensity'.
Failed to find match for field 'intensity'.
Failed to find match for field 'intensity'.
Failed to find match for field 'intensity'.
Failed to find match for field 'intensity'.
Failed to find match for field 'intensity'.
Failed to find match for field 'intensity'.
Failed to find match for field 'intensity'.
Failed to find match for field 'intensity'.
Failed to find match for field 'intensity'.
Failed to find match for field 'intensity'.
Failed to find match for field 'intensity'.
Failed to find match for field 'intensity'.
Failed to find match for field 'intensity'.
Failed to find match for field 'intensity'.
Failed to find match for field 'intensity'.
Failed to find match for field 'intensity'.
Failed to find match for field 'intensity'.
Failed to find match for field 'intensity'.
Failed to find match for field 'intensity'.
Failed to find match for field 'intensity'.
Failed to find match for field 'intensity'.
Failed to find match for field 'intensity'.
Failed to find match for field 'intensity'.
Failed to find match for field 'intensity'.
Failed to find match for field 'intensity'.
Failed to find match for field 'intensity'.
Failed to find match for field 'intensity'.
Failed to find match for field 'intensity'.
Failed to find match for field 'intensity'.
Failed to find match for field 'intensity'.
Failed to find match for field 'intensity'.
Failed to find match for field 'intensity'.
Failed to find match for field 'intensity'.
Failed to find match for field 'intensity'.
Failed to find match for field 'intensity'.
Failed to find match for field 'intensity'.
Failed to find match for field 'intensity'.
Failed to find match for field 'intensity'.
Failed to find match for field 'intensity'.
Failed to find match for field 'intensity'.
Failed to find match for field 'intensity'.
Failed to find match for field 'intensity'.
Failed to find match for field 'intensity'.
Failed to find match for field 'intensity'.
Failed to find match for field 'intensity'.
Failed to find match for field 'intensity'.
Failed to find match for field 'intensity'.
Failed to find match for field 'intensity'.
Failed to find match for field 'intensity'.
Failed to find match for field 'intensity'.
Failed to find match for field 'intensity'.
Failed to find match for field 'intensity'.
Failed to find match for field 'intensity'.
Failed to find match for field 'intensity'.
Failed to find match for field 'intensity'.
Failed to find match for field 'intensity'.
Failed to find match for field 'intensity'.
Failed to find match for field 'intensity'.
Failed to find match for field 'intensity'.
Failed to find match for field 'intensity'.
Failed to find match for field 'intensity'.
Failed to find match for field 'intensity'.
Failed to find match for field 'intensity'.
Failed to find match for field 'intensity'.
Failed to find match for field 'intensity'.
Failed to find match for field 'intensity'.
Failed to find match for field 'intensity'.
Failed to find match for field 'intensity'.
Failed to find match for field 'intensity'.
Failed to find match for field 'intensity'.
Failed to find match for field 'intensity'.
Failed to find match for field 'intensity'.
Failed to find match for field 'intensity'.
Failed to find match for field 'intensity'.
Failed to find match for field 'intensity'.
Failed to find match for field 'intensity'.
Failed to find match for field 'intensity'.
Failed to find match for field 'intensity'.
Failed to find match for field 'intensity'.
