
 ╔═══════════════════════════════════════════════════════╗
 ║   UniCalib — LiDAR-Camera 外参标定                    ║
 ║   两阶段: AI粗标定(MIAS-LCEC) → 无目标边缘精标定      ║
 ║   手动校准: --manual 触发 6-DOF 交互式调整             ║
 ╚═══════════════════════════════════════════════════════╝

[2026-04-09 20:27:19.030] [info] [LiDAR-Camera] [:] ━━━━━━━━━━━━━━━━━━━━━━━━━━━━━━━━━━━━
[2026-04-09 20:27:19.030] [info] [LiDAR-Camera] [:] 配置文件: /root/calib_ws/calib_unified/config/unicalib_example.yaml
[2026-04-09 20:27:19.030] [info] [LiDAR-Camera] [:] 输出目录: /root/calib_ws/results
[2026-04-09 20:27:19.030] [info] [LiDAR-Camera] [:] 数据根目录: /root/calib_ws/data (--data-dir 或 CALIB_DATA_DIR)
[2026-04-09 20:27:19.030] [info] [LiDAR-Camera] [:] 精标定方法: edge (无目标优先=true)
[2026-04-09 20:27:19.030] [info] [LiDAR-Camera] [:] AI粗标定: true | 手动校准: true
[2026-04-09 20:27:19.030] [info] [LiDAR-Camera] [:] ━━━━━━━━━━━━━━━━━━━━━━━━━━━━━━━━━━━━
[2026-04-09 20:27:19.032] [info] [LiDAR-Camera] [:] 读取系统配置: /root/calib_ws/calib_unified/config/unicalib_example.yaml
[2026-04-09 20:27:19.033] [info] [LiDAR-Camera] [:]   IMU: 0, LiDAR: 1, Camera: 3
[2026-04-09 20:27:19.033] [info] [LiDAR-Camera] [:] ━━━━━━━━━━━━━━━━━━━━━━━━━━━━━━━━━━━━ [数据路径] ━━━━━━━━━━━━━━━━━━━━━━━━━━━━━
[2026-04-09 20:27:19.033] [info] [LiDAR-Camera] [:]   数据路径来源: 统一格式 (data.lidar.<id> / data.camera.<id>.images_dir)
[2026-04-09 20:27:19.033] [info] [LiDAR-Camera] [:]   配置原始值 — lidar:  nuscenes_trainval/lidar_top_pcd
[2026-04-09 20:27:19.033] [info] [LiDAR-Camera] [:]   配置原始值 — camera: nuscenes_trainval/cam_front
[2026-04-09 20:27:19.033] [info] [LiDAR-Camera] [:]   base_data_dir:  /root/calib_ws/data
[2026-04-09 20:27:19.033] [info] [LiDAR-Camera] [:]   base 来源: 命令行 --data-dir
[2026-04-09 20:27:19.033] [info] [LiDAR-Camera] [:]   lidar_dir:      /root/calib_ws/data/nuscenes_trainval/lidar_top_pcd
[2026-04-09 20:27:19.033] [info] [LiDAR-Camera] [:]     → 相对路径，已与 base 拼接
[2026-04-09 20:27:19.033] [info] [LiDAR-Camera] [:]     → 存在: 是
[2026-04-09 20:27:19.033] [info] [LiDAR-Camera] [:]   camera_dir:     /root/calib_ws/data/nuscenes_trainval/cam_front
[2026-04-09 20:27:19.033] [info] [LiDAR-Camera] [:]     → 相对路径，已与 base 拼接
[2026-04-09 20:27:19.033] [info] [LiDAR-Camera] [:]     → 存在: 是
[2026-04-09 20:27:19.033] [info] [LiDAR-Camera] [:]   【数据就绪】是 — 点云与图像目录均存在，将执行精标定
[2026-04-09 20:27:19.033] [info] [LiDAR-Camera] [:]   说明: 使用 --dataset 时请将 data.lidar/data.camera 设为相对 base 的路径（如 pcd、images），不要使用 /path/to/... 占位符
[2026-04-09 20:27:19.033] [info] [LiDAR-Camera] [:] ━━━━━━━━━━━━━━━━━━━━━━━━━━━━━━━━━━━━━━━━━━━━━━━━━━━━━━━━━━━━━━━━━━━━━━━━━━━━
[2026-04-09 20:27:19.033] [info] [LiDAR-Camera] [:] 读取系统配置: /root/calib_ws/calib_unified/config/unicalib_example.yaml
[2026-04-09 20:27:19.034] [info] [LiDAR-Camera] [:]   IMU: 0, LiDAR: 1, Camera: 3
[2026-04-09 20:27:19.034] [info] [LiDAR-Camera] [:] 读取系统配置: /root/calib_ws/calib_unified/config/unicalib_example.yaml
[2026-04-09 20:27:19.035] [info] [LiDAR-Camera] [:]   IMU: 0, LiDAR: 1, Camera: 3
[2026-04-09 20:27:19.035] [info] [LiDAR-Camera] [:] [数据源] 类型=FILES  lidar_dir=/root/calib_ws/data/nuscenes_trainval/lidar_top_pcd  camera_dir=/root/calib_ws/data/nuscenes_trainval/cam_front
[2026-04-09 20:27:19.035] [info] [LiDAR-Camera] [:] [CalibPipeline] 初始化 ID=pipeline_20260409_202719
[2026-04-09 20:27:19.035] [info] [LiDAR-Camera] [:] [CalibPipeline] 输出目录: ./results
[2026-04-09 20:27:19.035] [info] [LiDAR-Camera] [:] [CalibPipeline] 无目标优先: true
[2026-04-09 20:27:19.035] [info] [LiDAR-Camera] [:] [CalibPipeline] 任务掩码: 0x10
[2026-04-09 20:27:19.035] [info] [LiDAR-Camera] [:] ▶ Stage 1: AI 粗标定 (MIAS-LCEC)
[2026-04-09 20:27:19.035] [info] [LiDAR-Camera] [:]   模型路径: /root/calib_ws/MIAS-LCEC (粗标定使用 pretrained_overlap_transformer.pth.tar)
[2026-04-09 20:27:19.861] [info] [LiDAR-Camera] [:] [AI-Calib] DM-Calib 配置的 Python 无 torch，改用已装 torch 的 Python: python3
[2026-04-09 20:27:19.861] [info] [LiDAR-Camera] [:] [AI-Calib] ===== AI 模型可用性检查 =====
[2026-04-09 20:27:19.861] [info] [LiDAR-Camera] [:] [DM-Calib] 可用性检查 失败 原因=推理脚本不存在 路径=/root/calib_ws/DM-Calib/DMCalib/tools/infer_unicalib.py
[2026-04-09 20:27:19.861] [info] [LiDAR-Camera] [:]   DM-Calib (相机内参):      ✗ 不可用
[2026-04-09 20:27:19.861] [info] [LiDAR-Camera] [:]   MIAS-LCEC (LiDAR-Cam):   ✓ 可用
[2026-04-09 20:27:19.861] [info] [LiDAR-Camera] [:] [TransformerIMU] 不可用: 脚本不存在 script=/root/calib_ws/Transformer-IMU-Calibrator/eval_unicalib.py
[2026-04-09 20:27:19.861] [info] [LiDAR-Camera] [:]   Transformer-IMU (IMU内参): ✗ 不可用
[2026-04-09 20:27:19.861] [info] [LiDAR-Camera] [:]   L2Calib (IMU-LiDAR):     ✗ 不可用
[2026-04-09 20:27:19.861] [info] [LiDAR-Camera] [:] [AI-Calib] ================================
[2026-04-09 20:27:19.861] [info] [LiDAR-Camera] [:]   [Stage 1] MIAS-LCEC 可用: 是 (粗标定支持: 1) 指定 coarse_pcd_file/coarse_image_file 2) 从当前数据源取首帧，同相机内参)
[2026-04-09 20:27:19.862] [info] [LiDAR-Camera] [:]   [Stage 1] 粗标定输入来源: 文件目录首帧  PCD=/root/calib_ws/data/nuscenes_trainval/lidar_top_pcd/0000000000.pcd  图像=/root/calib_ws/data/nuscenes_trainval/cam_front/0000000000.jpg
[2026-04-09 20:27:19.862] [warning] [LiDAR-Camera] [:]   [Stage 1] 粗标定前内参仍为 0，Python 端可能无法正确投影；请配置 camera_intrinsic_file 或确保从 ROS2 首帧已推断
[2026-04-09 20:27:19.862] [info] [LiDAR-Camera] [:]   [Stage 1] 标定对: lidar_id=imu_0  camera_id=cam_front
[2026-04-09 20:27:19.862] [info] [LiDAR-Camera] [:]   [Stage 1] 调用粗标定: pcd=/root/calib_ws/data/nuscenes_trainval/lidar_top_pcd/0000000000.pcd  image=/root/calib_ws/data/nuscenes_trainval/cam_front/0000000000.jpg 内参: fx=0.0 尺寸=0x0
[2026-04-09 20:27:19.862] [info] [LiDAR-Camera] [:] [AI-Calib] LiDAR-Cam 粗估 (MIAS-LCEC) lidar_0→cam_0
[2026-04-09 20:27:19.862] [info] [LiDAR-Camera] [:] [MIAS-LCEC] 仓库: /root/calib_ws/calib_unified 脚本: scripts/run_lidar_cam_coarse.py 实际传入模型路径: /root/calib_ws/MIAS-LCEC/model/mobile_sam.pt
[2026-04-09 20:27:19.862] [warning] [LiDAR-Camera] [:] [MIAS-LCEC] sensor_config 内参无效 (width=0 height=0 fx=0 fy=0)，Python 端将无法正确投影；请配置 camera_intrinsic_file 或从首帧推断
[2026-04-09 20:27:19.862] [info] [LiDAR-Camera] [:] [MIAS-LCEC] 子进程 Python: python3 (已绕过 wrapper)
[2026-04-09 20:27:19.862] [info] [LiDAR-Camera] [:] [MIAS-LCEC] 粗标定尝试 1/2  (首次), 超时=180s
[2026-04-09 20:27:19.862] [info] [LiDAR-Camera] [:] [MIAS-LCEC] 执行命令 (python3+PYTHONPATH): python3 /root/calib_ws/calib_unified/scripts/run_lidar_cam_coarse.py --pcd /root/calib_ws/data/nuscenes_trainval/lidar_top_pcd/0000000000.pcd --image /root/calib_ws/data/nuscenes_trainval/cam_front/0000000000.jpg --sensor_config /tmp/mias_work/sensor_config.yaml --output_dir /tmp/mias_work/output --quality-ncc-good 0.300000 --quality-ncc-acceptable 0.200000 --quality-rms-good-px 2.000000 --quality-rms-acceptable-px 5.000000 --quality-inlier-ratio-good 0.600000 --quality-inlier-ratio-acceptable 0.400000 --model_path /root/calib_ws/MIAS-LCEC/model/mobile_sam.pt --mias_repo /root/calib_ws/calib_unified --no-require-model
[2026-04-09 20:27:19.945] [info] [LiDAR-Camera] [:] [MIAS-LCEC] 子进程: [2026-04-09 20:27:19.945] [INFO] 环境: numpy=2.2.6
[2026-04-09 20:27:19.945] [info] [LiDAR-Camera] [:] [MIAS-LCEC] 子进程: [2026-04-09 20:27:19.945] [INFO] ======== 粗标定开始 ========
[2026-04-09 20:27:19.945] [info] [LiDAR-Camera] [:] [MIAS-LCEC] 子进程: [2026-04-09 20:27:19.945] [INFO] 输入: pcd=/root/calib_ws/data/nuscenes_trainval/lidar_top_pcd/0000000000.pcd  image=/root/calib_ws/data/nuscenes_trainval/cam_front/0000000000.jpg  sensor_config=/tmp/mias_work/sensor_config.yaml  output_dir=/tmp/mias_work/output
[2026-04-09 20:27:19.945] [info] [LiDAR-Camera] [:] [MIAS-LCEC] 子进程: [2026-04-09 20:27:19.945] [INFO] [步骤 1/4] 读取 sensor_config...
[2026-04-09 20:27:19.952] [info] [LiDAR-Camera] [:] [MIAS-LCEC] 子进程: [2026-04-09 20:27:19.952] [INFO] 读取 sensor_config: /tmp/mias_work/sensor_config.yaml
[2026-04-09 20:27:19.954] [info] [LiDAR-Camera] [:] [MIAS-LCEC] 子进程: [2026-04-09 20:27:19.954] [INFO] 相机内参: fx=0.00 fy=0.00 cx=0.00 cy=0.00 width=0 height=0
[2026-04-09 20:27:19.954] [info] [LiDAR-Camera] [:] [MIAS-LCEC] 子进程: [2026-04-09 20:27:19.954] [WARNING] sensor_config 内参为 0 或尺寸无效，将导致投影失败；请确保 C++ 端配置 camera_intrinsic_file 或从首帧推断内参
[2026-04-09 20:27:19.954] [info] [LiDAR-Camera] [:] [MIAS-LCEC] 子进程: [2026-04-09 20:27:19.954] [INFO] [步骤 2/4] 读取 PCD...
[2026-04-09 20:27:20.005] [info] [LiDAR-Camera] [:] [MIAS-LCEC] 子进程: [2026-04-09 20:27:20.005] [INFO] PCD 加载方式: ASCII (优先，避免 Open3D/NumPy 2.x 兼容问题)  路径=/root/calib_ws/data/nuscenes_trainval/lidar_top_pcd/0000000000.pcd
[2026-04-09 20:27:20.005] [info] [LiDAR-Camera] [:] [MIAS-LCEC] 子进程: [2026-04-09 20:27:20.005] [INFO] 点云规模: 43360 点  范围 X[-59.39, 255.00] Y[-66.74, 255.00] Z[-90.42, 171.00]
[2026-04-09 20:27:20.005] [info] [LiDAR-Camera] [:] [MIAS-LCEC] 子进程: [2026-04-09 20:27:20.005] [INFO] [步骤 2/4] PCD 读取完成  点数=43360
[2026-04-09 20:27:20.005] [info] [LiDAR-Camera] [:] [MIAS-LCEC] 子进程: [2026-04-09 20:27:20.005] [INFO] [步骤 3/4] 读取图像 (优先 Pillow，避免 NumPy 2.x 下 cv2 崩溃)...
[2026-04-09 20:27:20.031] [info] [LiDAR-Camera] [:] [MIAS-LCEC] 子进程: [2026-04-09 20:27:20.031] [INFO] 图像加载: Pillow  路径=/root/calib_ws/data/nuscenes_trainval/cam_front/0000000000.jpg  尺寸=1600x900 (避免 NumPy 2.x 下 cv2 崩溃)
[2026-04-09 20:27:20.031] [info] [LiDAR-Camera] [:] [MIAS-LCEC] 子进程: [2026-04-09 20:27:20.031] [INFO] [步骤 3/4] 图像读取完成  尺寸=1600x900
[2026-04-09 20:27:20.031] [info] [LiDAR-Camera] [:] [MIAS-LCEC] 子进程: [2026-04-09 20:27:20.031] [INFO] [粗标定] ===== 尝试深度模型推理 =====
[2026-04-09 20:27:20.031] [info] [LiDAR-Camera] [:] [MIAS-LCEC] 子进程: [2026-04-09 20:27:20.031] [INFO] [粗标定] 配置: model_path=/root/calib_ws/MIAS-LCEC/model/mobile_sam.pt
[2026-04-09 20:27:20.031] [info] [LiDAR-Camera] [:] [MIAS-LCEC] 子进程: [2026-04-09 20:27:20.031] [INFO] [粗标定] 配置: mias_repo=/root/calib_ws/calib_unified
[2026-04-09 20:27:20.031] [info] [LiDAR-Camera] [:] [MIAS-LCEC] 子进程: [2026-04-09 20:27:20.031] [INFO] [粗标定] require_model=False
[2026-04-09 20:27:20.031] [info] [LiDAR-Camera] [:] [MIAS-LCEC] 子进程: [2026-04-09 20:27:20.031] [INFO] [粗标定] mias_lcec_infer 导入成功
[2026-04-09 20:27:20.031] [info] [LiDAR-Camera] [:] [MIAS-LCEC] 子进程: [2026-04-09 20:27:20.031] [INFO] [粗标定] 开始调用深度模型推理...
[2026-04-09 20:27:20.031] [info] [LiDAR-Camera] [:] [MIAS-LCEC] 子进程: [2026-04-09 20:27:20.031] [INFO] [粗标定] 输入: pcd=/root/calib_ws/data/nuscenes_trainval/lidar_top_pcd/0000000000.pcd image=/root/calib_ws/data/nuscenes_trainval/cam_front/0000000000.jpg
[2026-04-09 20:27:20.031] [info] [LiDAR-Camera] [:] [MIAS-LCEC] 子进程: [MIAS_LCEC_INFER 2026-04-09 20:27:20.031] [WARNING] [MIAS-LCEC 推理] 未使用深度模型: 模型文件不存在或未配置 model_path=/root/calib_ws/MIAS-LCEC/model/mobile_sam.pt
[2026-04-09 20:27:20.031] [info] [LiDAR-Camera] [:] [MIAS-LCEC] 子进程: [2026-04-09 20:27:20.031] [INFO] [粗标定] 推理完成，返回值类型: None
[2026-04-09 20:27:20.031] [info] [LiDAR-Camera] [:] [MIAS-LCEC] 子进程: [2026-04-09 20:27:20.031] [WARNING] [粗标定] 深度模型未返回结果 (require_model=false)，将回退 PnP 几何初值；请检查: 1) MIAS-LCEC 仓库是否有 infer_unicalib.py 或 LcMatch_CApi 2) Python 版本是否为 3.10 (LcMatch_CApi 需要) 3) model_path 是否正确
[2026-04-09 20:27:20.031] [info] [LiDAR-Camera] [:] [MIAS-LCEC] 子进程: [2026-04-09 20:27:20.031] [WARNING] [粗标定] ★ 结论: 未使用深度模型，将回退 PnP；原因见上方 [MIAS_LCEC_INFER] 错误日志（如 Read-only file system、ImportError 等）
[2026-04-09 20:27:20.121] [info] [LiDAR-Camera] [:] [MIAS-LCEC] 子进程: A module that was compiled using NumPy 1.x cannot be run in
[2026-04-09 20:27:20.121] [info] [LiDAR-Camera] [:] [MIAS-LCEC] 子进程: NumPy 2.2.6 as it may crash. To support both 1.x and 2.x
[2026-04-09 20:27:20.121] [info] [LiDAR-Camera] [:] [MIAS-LCEC] 子进程: versions of NumPy, modules must be compiled with NumPy 2.0.
[2026-04-09 20:27:20.121] [info] [LiDAR-Camera] [:] [MIAS-LCEC] 子进程: Some module may need to rebuild instead e.g. with 'pybind11>=2.12'.
[2026-04-09 20:27:20.121] [info] [LiDAR-Camera] [:] [MIAS-LCEC] 子进程: If you are a user of the module, the easiest solution will be to
[2026-04-09 20:27:20.121] [info] [LiDAR-Camera] [:] [MIAS-LCEC] 子进程: downgrade to 'numpy<2' or try to upgrade the affected module.
[2026-04-09 20:27:20.121] [info] [LiDAR-Camera] [:] [MIAS-LCEC] 子进程: We expect that some modules will need time to support NumPy 2.
[2026-04-09 20:27:20.121] [info] [LiDAR-Camera] [:] [MIAS-LCEC] 子进程: Traceback (most recent call last):  File "/root/calib_ws/calib_unified/scripts/run_lidar_cam_coarse.py", line 698, in <module>
[2026-04-09 20:27:20.121] [info] [LiDAR-Camera] [:] [MIAS-LCEC] 子进程:     sys.exit(main_with_traceback())
[2026-04-09 20:27:20.121] [info] [LiDAR-Camera] [:] [MIAS-LCEC] 子进程:   File "/root/calib_ws/calib_unified/scripts/run_lidar_cam_coarse.py", line 689, in main_with_traceback
[2026-04-09 20:27:20.121] [info] [LiDAR-Camera] [:] [MIAS-LCEC] 子进程:     return main()
[2026-04-09 20:27:20.121] [info] [LiDAR-Camera] [:] [MIAS-LCEC] 子进程:   File "/root/calib_ws/calib_unified/scripts/run_lidar_cam_coarse.py", line 567, in main
[2026-04-09 20:27:20.121] [info] [LiDAR-Camera] [:] [MIAS-LCEC] 子进程:     if not _check_cv2_available():
[2026-04-09 20:27:20.121] [info] [LiDAR-Camera] [:] [MIAS-LCEC] 子进程:   File "/root/calib_ws/calib_unified/scripts/run_lidar_cam_coarse.py", line 259, in _check_cv2_available
[2026-04-09 20:27:20.121] [info] [LiDAR-Camera] [:] [MIAS-LCEC] 子进程:     import cv2  # noqa: F401
[2026-04-09 20:27:20.121] [info] [LiDAR-Camera] [:] [MIAS-LCEC] 子进程:   File "/usr/local/lib/python3.10/dist-packages/cv2/__init__.py", line 181, in <module>
[2026-04-09 20:27:20.121] [info] [LiDAR-Camera] [:] [MIAS-LCEC] 子进程:     bootstrap()
[2026-04-09 20:27:20.121] [info] [LiDAR-Camera] [:] [MIAS-LCEC] 子进程:   File "/usr/local/lib/python3.10/dist-packages/cv2/__init__.py", line 153, in bootstrap
[2026-04-09 20:27:20.121] [info] [LiDAR-Camera] [:] [MIAS-LCEC] 子进程:     native_module = importlib.import_module("cv2")
[2026-04-09 20:27:20.121] [info] [LiDAR-Camera] [:] [MIAS-LCEC] 子进程:   File "/usr/lib/python3.10/importlib/__init__.py", line 126, in import_module
[2026-04-09 20:27:20.121] [info] [LiDAR-Camera] [:] [MIAS-LCEC] 子进程:     return _bootstrap._gcd_import(name[level:], package, level)
[2026-04-09 20:27:20.121] [info] [LiDAR-Camera] [:] [MIAS-LCEC] 子进程: AttributeError: _ARRAY_API not found
[2026-04-09 20:27:20.121] [info] [LiDAR-Camera] [:] [MIAS-LCEC] 子进程: [2026-04-09 20:27:20.121] [WARNING] [粗标定] cv2 不可用 (ImportError)，跳过 PnP，将输出 identity。原因: numpy.core.multiarray failed to import
[2026-04-09 20:27:20.122] [info] [LiDAR-Camera] [:] [MIAS-LCEC] 子进程: [2026-04-09 20:27:20.122] [WARNING] [粗标定] cv2 不可用，不调用 PnP，输出 identity；精标定可能无法收敛，建议修复环境后重试
[2026-04-09 20:27:20.122] [info] [LiDAR-Camera] [:] [MIAS-LCEC] 子进程: [2026-04-09 20:27:20.122] [INFO] [粗标定] 方法=identity  输出 t=[0, 0, 0]  (精标定可能无法收敛，建议检查 PnP 或深度模型)
[2026-04-09 20:27:20.122] [info] [LiDAR-Camera] [:] [MIAS-LCEC] 子进程: [2026-04-09 20:27:20.122] [INFO] [步骤 4/5] 写入 extrinsic_result.yaml...
[2026-04-09 20:27:20.122] [info] [LiDAR-Camera] [:] [MIAS-LCEC] 子进程: [2026-04-09 20:27:20.122] [INFO] 已写出 extrinsic_result.yaml: /tmp/mias_work/output/extrinsic_result.yaml  translation=[0.0000, 0.0000, 0.0000]
[2026-04-09 20:27:20.122] [info] [LiDAR-Camera] [:] [MIAS-LCEC] 子进程: [2026-04-09 20:27:20.122] [INFO] [步骤 5/5] 生成 quality_report.yaml...
[2026-04-09 20:27:20.353] [info] [LiDAR-Camera] [:] [MIAS-LCEC] 子进程: A module that was compiled using NumPy 1.x cannot be run in
[2026-04-09 20:27:20.353] [info] [LiDAR-Camera] [:] [MIAS-LCEC] 子进程: NumPy 2.2.6 as it may crash. To support both 1.x and 2.x
[2026-04-09 20:27:20.353] [info] [LiDAR-Camera] [:] [MIAS-LCEC] 子进程: versions of NumPy, modules must be compiled with NumPy 2.0.
[2026-04-09 20:27:20.353] [info] [LiDAR-Camera] [:] [MIAS-LCEC] 子进程: Some module may need to rebuild instead e.g. with 'pybind11>=2.12'.
[2026-04-09 20:27:20.353] [info] [LiDAR-Camera] [:] [MIAS-LCEC] 子进程: If you are a user of the module, the easiest solution will be to
[2026-04-09 20:27:20.353] [info] [LiDAR-Camera] [:] [MIAS-LCEC] 子进程: downgrade to 'numpy<2' or try to upgrade the affected module.
[2026-04-09 20:27:20.353] [info] [LiDAR-Camera] [:] [MIAS-LCEC] 子进程: We expect that some modules will need time to support NumPy 2.
[2026-04-09 20:27:20.353] [info] [LiDAR-Camera] [:] [MIAS-LCEC] 子进程: Traceback (most recent call last):  File "/root/calib_ws/calib_unified/scripts/run_lidar_cam_coarse.py", line 698, in <module>
[2026-04-09 20:27:20.353] [info] [LiDAR-Camera] [:] [MIAS-LCEC] 子进程:     sys.exit(main_with_traceback())
[2026-04-09 20:27:20.353] [info] [LiDAR-Camera] [:] [MIAS-LCEC] 子进程:   File "/root/calib_ws/calib_unified/scripts/run_lidar_cam_coarse.py", line 689, in main_with_traceback
[2026-04-09 20:27:20.353] [info] [LiDAR-Camera] [:] [MIAS-LCEC] 子进程:     return main()
[2026-04-09 20:27:20.353] [info] [LiDAR-Camera] [:] [MIAS-LCEC] 子进程:   File "/root/calib_ws/calib_unified/scripts/run_lidar_cam_coarse.py", line 636, in main
[2026-04-09 20:27:20.353] [info] [LiDAR-Camera] [:] [MIAS-LCEC] 子进程:     from mias_lcec_pytorch.quality_assessment import assess_calibration_quality
[2026-04-09 20:27:20.353] [info] [LiDAR-Camera] [:] [MIAS-LCEC] 子进程:   File "/root/calib_ws/calib_unified/scripts/mias_lcec_pytorch/__init__.py", line 17, in <module>
[2026-04-09 20:27:20.353] [info] [LiDAR-Camera] [:] [MIAS-LCEC] 子进程:     from .coarse_calib import MIASLCECCoarseCalib
[2026-04-09 20:27:20.353] [info] [LiDAR-Camera] [:] [MIAS-LCEC] 子进程:   File "/root/calib_ws/calib_unified/scripts/mias_lcec_pytorch/coarse_calib.py", line 26, in <module>
[2026-04-09 20:27:20.353] [info] [LiDAR-Camera] [:] [MIAS-LCEC] 子进程:     import torch
[2026-04-09 20:27:20.353] [info] [LiDAR-Camera] [:] [MIAS-LCEC] 子进程:   File "/usr/local/lib/python3.10/dist-packages/torch/__init__.py", line 1382, in <module>
[2026-04-09 20:27:20.353] [info] [LiDAR-Camera] [:] [MIAS-LCEC] 子进程:     from .functional import *  # noqa: F403
[2026-04-09 20:27:20.353] [info] [LiDAR-Camera] [:] [MIAS-LCEC] 子进程:   File "/usr/local/lib/python3.10/dist-packages/torch/functional.py", line 7, in <module>
[2026-04-09 20:27:20.353] [info] [LiDAR-Camera] [:] [MIAS-LCEC] 子进程:     import torch.nn.functional as F
[2026-04-09 20:27:20.353] [info] [LiDAR-Camera] [:] [MIAS-LCEC] 子进程:   File "/usr/local/lib/python3.10/dist-packages/torch/nn/__init__.py", line 1, in <module>
[2026-04-09 20:27:20.353] [info] [LiDAR-Camera] [:] [MIAS-LCEC] 子进程:     from .modules import *  # noqa: F403
[2026-04-09 20:27:20.353] [info] [LiDAR-Camera] [:] [MIAS-LCEC] 子进程:   File "/usr/local/lib/python3.10/dist-packages/torch/nn/modules/__init__.py", line 35, in <module>
[2026-04-09 20:27:20.353] [info] [LiDAR-Camera] [:] [MIAS-LCEC] 子进程:     from .transformer import TransformerEncoder, TransformerDecoder, \
[2026-04-09 20:27:20.353] [info] [LiDAR-Camera] [:] [MIAS-LCEC] 子进程:   File "/usr/local/lib/python3.10/dist-packages/torch/nn/modules/transformer.py", line 20, in <module>
[2026-04-09 20:27:20.353] [info] [LiDAR-Camera] [:] [MIAS-LCEC] 子进程:     device: torch.device = torch.device(torch._C._get_default_device()),  # torch.device('cpu'),
[2026-04-09 20:27:20.353] [info] [LiDAR-Camera] [:] [MIAS-LCEC] 子进程: /usr/local/lib/python3.10/dist-packages/torch/nn/modules/transformer.py:20: UserWarning: Failed to initialize NumPy: _ARRAY_API not found (Triggered internally at ../torch/csrc/utils/tensor_numpy.cpp:84.)
[2026-04-09 20:27:20.353] [info] [LiDAR-Camera] [:] [MIAS-LCEC] 子进程:   device: torch.device = torch.device(torch._C._get_default_device()),  # torch.device('cpu'),
[2026-04-09 20:27:21.491] [info] [LiDAR-Camera] [:] [MIAS-LCEC] 子进程: /usr/local/lib/python3.10/dist-packages/timm/models/layers/__init__.py:49: FutureWarning: Importing from timm.models.layers is deprecated, please import via timm.layers
[2026-04-09 20:27:21.491] [info] [LiDAR-Camera] [:] [MIAS-LCEC] 子进程:   warnings.warn(f"Importing from {__name__} is deprecated, please import via timm.layers", FutureWarning)
[2026-04-09 20:27:21.491] [info] [LiDAR-Camera] [:] [MIAS-LCEC] 子进程: /usr/local/lib/python3.10/dist-packages/timm/models/registry.py:4: FutureWarning: Importing from timm.models.registry is deprecated, please import via timm.models
[2026-04-09 20:27:21.491] [info] [LiDAR-Camera] [:] [MIAS-LCEC] 子进程:   warnings.warn(f"Importing from {__name__} is deprecated, please import via timm.models", FutureWarning)
[2026-04-09 20:27:21.491] [info] [LiDAR-Camera] [:] [MIAS-LCEC] 子进程: /root/calib_ws/calib_unified/thirdparty/MobileSAM/mobile_sam/modeling/tiny_vit_sam.py:656: UserWarning: Overwriting tiny_vit_5m_224 in registry with mobile_sam.modeling.tiny_vit_sam.tiny_vit_5m_224. This is because the name being registered conflicts with an existing name. Please check if this is not expected.
[2026-04-09 20:27:21.491] [info] [LiDAR-Camera] [:] [MIAS-LCEC] 子进程:   return register_model(fn_wrapper)
[2026-04-09 20:27:21.491] [info] [LiDAR-Camera] [:] [MIAS-LCEC] 子进程: /root/calib_ws/calib_unified/thirdparty/MobileSAM/mobile_sam/modeling/tiny_vit_sam.py:656: UserWarning: Overwriting tiny_vit_11m_224 in registry with mobile_sam.modeling.tiny_vit_sam.tiny_vit_11m_224. This is because the name being registered conflicts with an existing name. Please check if this is not expected.
[2026-04-09 20:27:21.491] [info] [LiDAR-Camera] [:] [MIAS-LCEC] 子进程:   return register_model(fn_wrapper)
[2026-04-09 20:27:21.491] [info] [LiDAR-Camera] [:] [MIAS-LCEC] 子进程: /root/calib_ws/calib_unified/thirdparty/MobileSAM/mobile_sam/modeling/tiny_vit_sam.py:656: UserWarning: Overwriting tiny_vit_21m_224 in registry with mobile_sam.modeling.tiny_vit_sam.tiny_vit_21m_224. This is because the name being registered conflicts with an existing name. Please check if this is not expected.
[2026-04-09 20:27:21.491] [info] [LiDAR-Camera] [:] [MIAS-LCEC] 子进程:   return register_model(fn_wrapper)
[2026-04-09 20:27:21.491] [info] [LiDAR-Camera] [:] [MIAS-LCEC] 子进程: /root/calib_ws/calib_unified/thirdparty/MobileSAM/mobile_sam/modeling/tiny_vit_sam.py:656: UserWarning: Overwriting tiny_vit_21m_384 in registry with mobile_sam.modeling.tiny_vit_sam.tiny_vit_21m_384. This is because the name being registered conflicts with an existing name. Please check if this is not expected.
[2026-04-09 20:27:21.491] [info] [LiDAR-Camera] [:] [MIAS-LCEC] 子进程:   return register_model(fn_wrapper)
[2026-04-09 20:27:21.491] [info] [LiDAR-Camera] [:] [MIAS-LCEC] 子进程: /root/calib_ws/calib_unified/thirdparty/MobileSAM/mobile_sam/modeling/tiny_vit_sam.py:656: UserWarning: Overwriting tiny_vit_21m_512 in registry with mobile_sam.modeling.tiny_vit_sam.tiny_vit_21m_512. This is because the name being registered conflicts with an existing name. Please check if this is not expected.
[2026-04-09 20:27:21.491] [info] [LiDAR-Camera] [:] [MIAS-LCEC] 子进程:   return register_model(fn_wrapper)
[2026-04-09 20:27:21.495] [info] [LiDAR-Camera] [:] [MIAS-LCEC] 子进程: [2026-04-09 20:27:21.495] [INFO] 已写出 quality_report.yaml: /tmp/mias_work/output/quality_report.yaml
[2026-04-09 20:27:21.495] [info] [LiDAR-Camera] [:] [MIAS-LCEC] 子进程: [2026-04-09 20:27:21.495] [INFO] 粗标定完成  方法=identity  耗时=1.59s  输出=/tmp/mias_work/output/extrinsic_result.yaml
[2026-04-09 20:27:21.495] [info] [LiDAR-Camera] [:] [MIAS-LCEC] 子进程: [2026-04-09 20:27:21.495] [INFO] [粗标定] ★ 最终: 使用恒等外参 (identity)，未使用深度模型
[2026-04-09 20:27:21.495] [info] [LiDAR-Camera] [:] [MIAS-LCEC] 子进程: [2026-04-09 20:27:21.495] [INFO] ======== 粗标定结束 ========
[2026-04-09 20:27:21.495] [info] [LiDAR-Camera] [:] [MIAS-LCEC] 子进程: [2026-04-09 20:27:21.495] [WARNING] [粗标定] 诊断摘要: 未使用深度模型 (method=identity)，详见上方 [MIAS_LCEC_INFER] 错误与修复建议
[2026-04-09 20:27:21.496] [info] [LiDAR-Camera] [:] [MIAS-LCEC] 子进程: [run_lidar_cam_coarse] OK  method=identity  output=/tmp/mias_work/output/extrinsic_result.yaml  elapsed_s=1.59
[2026-04-09 20:27:21.865] [info] [LiDAR-Camera] [:] [AI-Exec] 子进程完整输出已保存到: /tmp/mias_work/subprocess_1775737639.log
[2026-04-09 20:27:21.865] [info] [LiDAR-Camera] [:] [MIAS-LCEC] 子进程结束  exit_code=0  elapsed_ms=2002  output_exists=yes
[2026-04-09 20:27:21.865] [info] [LiDAR-Camera] [:] [MIAS-LCEC] 粗标定方法: identity)，详见上方 (由子进程 stdout 解析)
[2026-04-09 20:27:21.865] [warning] [LiDAR-Camera] [:] [MIAS-LCEC] ★ 粗标定未使用深度模型，结果来自几何回退(identity)，详见上方)；原因见上方子进程日志或 子进程完整输出
[2026-04-09 20:27:21.866] [info] [LiDAR-Camera] [:] [MIAS-LCEC] 解析结果  t=[0.0000, 0.0000, 0.0000]  is_identity=true
[2026-04-09 20:27:21.866] [warning] [LiDAR-Camera] [:] [MIAS-LCEC] 粗标定结果为 identity，重试  attempt=2/2  显式附加 --use_pnp
[2026-04-09 20:27:21.866] [info] [LiDAR-Camera] [:] [MIAS-LCEC] 粗标定尝试 2/2  (identity 后重试), 超时=180s
[2026-04-09 20:27:21.866] [info] [LiDAR-Camera] [:] [MIAS-LCEC] 执行命令 (python3+PYTHONPATH): python3 /root/calib_ws/calib_unified/scripts/run_lidar_cam_coarse.py --pcd /root/calib_ws/data/nuscenes_trainval/lidar_top_pcd/0000000000.pcd --image /root/calib_ws/data/nuscenes_trainval/cam_front/0000000000.jpg --sensor_config /tmp/mias_work/sensor_config.yaml --output_dir /tmp/mias_work/output --quality-ncc-good 0.300000 --quality-ncc-acceptable 0.200000 --quality-rms-good-px 2.000000 --quality-rms-acceptable-px 5.000000 --quality-inlier-ratio-good 0.600000 --quality-inlier-ratio-acceptable 0.400000 --model_path /root/calib_ws/MIAS-LCEC/model/mobile_sam.pt --mias_repo /root/calib_ws/calib_unified --no-require-model --use_pnp
[2026-04-09 20:27:21.981] [info] [LiDAR-Camera] [:] [MIAS-LCEC] 子进程: [2026-04-09 20:27:21.981] [INFO] 环境: numpy=2.2.6
[2026-04-09 20:27:21.981] [info] [LiDAR-Camera] [:] [MIAS-LCEC] 子进程: [2026-04-09 20:27:21.981] [INFO] ======== 粗标定开始 ========
[2026-04-09 20:27:21.981] [info] [LiDAR-Camera] [:] [MIAS-LCEC] 子进程: [2026-04-09 20:27:21.981] [INFO] 输入: pcd=/root/calib_ws/data/nuscenes_trainval/lidar_top_pcd/0000000000.pcd  image=/root/calib_ws/data/nuscenes_trainval/cam_front/0000000000.jpg  sensor_config=/tmp/mias_work/sensor_config.yaml  output_dir=/tmp/mias_work/output
[2026-04-09 20:27:21.981] [info] [LiDAR-Camera] [:] [MIAS-LCEC] 子进程: [2026-04-09 20:27:21.981] [INFO] [步骤 1/4] 读取 sensor_config...
[2026-04-09 20:27:21.990] [info] [LiDAR-Camera] [:] [MIAS-LCEC] 子进程: [2026-04-09 20:27:21.990] [INFO] 读取 sensor_config: /tmp/mias_work/sensor_config.yaml
[2026-04-09 20:27:21.991] [info] [LiDAR-Camera] [:] [MIAS-LCEC] 子进程: [2026-04-09 20:27:21.991] [INFO] 相机内参: fx=0.00 fy=0.00 cx=0.00 cy=0.00 width=0 height=0
[2026-04-09 20:27:21.991] [info] [LiDAR-Camera] [:] [MIAS-LCEC] 子进程: [2026-04-09 20:27:21.991] [WARNING] sensor_config 内参为 0 或尺寸无效，将导致投影失败；请确保 C++ 端配置 camera_intrinsic_file 或从首帧推断内参
[2026-04-09 20:27:21.991] [info] [LiDAR-Camera] [:] [MIAS-LCEC] 子进程: [2026-04-09 20:27:21.991] [INFO] [步骤 2/4] 读取 PCD...
[2026-04-09 20:27:22.040] [info] [LiDAR-Camera] [:] [MIAS-LCEC] 子进程: [2026-04-09 20:27:22.040] [INFO] PCD 加载方式: ASCII (优先，避免 Open3D/NumPy 2.x 兼容问题)  路径=/root/calib_ws/data/nuscenes_trainval/lidar_top_pcd/0000000000.pcd
[2026-04-09 20:27:22.040] [info] [LiDAR-Camera] [:] [MIAS-LCEC] 子进程: [2026-04-09 20:27:22.040] [INFO] 点云规模: 43360 点  范围 X[-59.39, 255.00] Y[-66.74, 255.00] Z[-90.42, 171.00]
[2026-04-09 20:27:22.040] [info] [LiDAR-Camera] [:] [MIAS-LCEC] 子进程: [2026-04-09 20:27:22.040] [INFO] [步骤 2/4] PCD 读取完成  点数=43360
[2026-04-09 20:27:22.040] [info] [LiDAR-Camera] [:] [MIAS-LCEC] 子进程: [2026-04-09 20:27:22.040] [INFO] [步骤 3/4] 读取图像 (优先 Pillow，避免 NumPy 2.x 下 cv2 崩溃)...
[2026-04-09 20:27:22.065] [info] [LiDAR-Camera] [:] [MIAS-LCEC] 子进程: [2026-04-09 20:27:22.065] [INFO] 图像加载: Pillow  路径=/root/calib_ws/data/nuscenes_trainval/cam_front/0000000000.jpg  尺寸=1600x900 (避免 NumPy 2.x 下 cv2 崩溃)
[2026-04-09 20:27:22.065] [info] [LiDAR-Camera] [:] [MIAS-LCEC] 子进程: [2026-04-09 20:27:22.065] [INFO] [步骤 3/4] 图像读取完成  尺寸=1600x900
[2026-04-09 20:27:22.065] [info] [LiDAR-Camera] [:] [MIAS-LCEC] 子进程: [2026-04-09 20:27:22.065] [INFO] [粗标定] ===== 尝试深度模型推理 =====
[2026-04-09 20:27:22.065] [info] [LiDAR-Camera] [:] [MIAS-LCEC] 子进程: [2026-04-09 20:27:22.065] [INFO] [粗标定] 配置: model_path=/root/calib_ws/MIAS-LCEC/model/mobile_sam.pt
[2026-04-09 20:27:22.065] [info] [LiDAR-Camera] [:] [MIAS-LCEC] 子进程: [2026-04-09 20:27:22.065] [INFO] [粗标定] 配置: mias_repo=/root/calib_ws/calib_unified
[2026-04-09 20:27:22.065] [info] [LiDAR-Camera] [:] [MIAS-LCEC] 子进程: [2026-04-09 20:27:22.065] [INFO] [粗标定] require_model=False
[2026-04-09 20:27:22.065] [info] [LiDAR-Camera] [:] [MIAS-LCEC] 子进程: [2026-04-09 20:27:22.065] [INFO] [粗标定] mias_lcec_infer 导入成功
[2026-04-09 20:27:22.065] [info] [LiDAR-Camera] [:] [MIAS-LCEC] 子进程: [2026-04-09 20:27:22.065] [INFO] [粗标定] 开始调用深度模型推理...
[2026-04-09 20:27:22.065] [info] [LiDAR-Camera] [:] [MIAS-LCEC] 子进程: [2026-04-09 20:27:22.065] [INFO] [粗标定] 输入: pcd=/root/calib_ws/data/nuscenes_trainval/lidar_top_pcd/0000000000.pcd image=/root/calib_ws/data/nuscenes_trainval/cam_front/0000000000.jpg
[2026-04-09 20:27:22.065] [info] [LiDAR-Camera] [:] [MIAS-LCEC] 子进程: [MIAS_LCEC_INFER 2026-04-09 20:27:22.065] [WARNING] [MIAS-LCEC 推理] 未使用深度模型: 模型文件不存在或未配置 model_path=/root/calib_ws/MIAS-LCEC/model/mobile_sam.pt
[2026-04-09 20:27:22.065] [info] [LiDAR-Camera] [:] [MIAS-LCEC] 子进程: [2026-04-09 20:27:22.065] [INFO] [粗标定] 推理完成，返回值类型: None
[2026-04-09 20:27:22.065] [info] [LiDAR-Camera] [:] [MIAS-LCEC] 子进程: [2026-04-09 20:27:22.065] [WARNING] [粗标定] 深度模型未返回结果 (require_model=false)，将回退 PnP 几何初值；请检查: 1) MIAS-LCEC 仓库是否有 infer_unicalib.py 或 LcMatch_CApi 2) Python 版本是否为 3.10 (LcMatch_CApi 需要) 3) model_path 是否正确
[2026-04-09 20:27:22.065] [info] [LiDAR-Camera] [:] [MIAS-LCEC] 子进程: [2026-04-09 20:27:22.065] [WARNING] [粗标定] ★ 结论: 未使用深度模型，将回退 PnP；原因见上方 [MIAS_LCEC_INFER] 错误日志（如 Read-only file system、ImportError 等）
[2026-04-09 20:27:22.158] [info] [LiDAR-Camera] [:] [MIAS-LCEC] 子进程: A module that was compiled using NumPy 1.x cannot be run in
[2026-04-09 20:27:22.158] [info] [LiDAR-Camera] [:] [MIAS-LCEC] 子进程: NumPy 2.2.6 as it may crash. To support both 1.x and 2.x
[2026-04-09 20:27:22.158] [info] [LiDAR-Camera] [:] [MIAS-LCEC] 子进程: versions of NumPy, modules must be compiled with NumPy 2.0.
[2026-04-09 20:27:22.158] [info] [LiDAR-Camera] [:] [MIAS-LCEC] 子进程: Some module may need to rebuild instead e.g. with 'pybind11>=2.12'.
[2026-04-09 20:27:22.158] [info] [LiDAR-Camera] [:] [MIAS-LCEC] 子进程: If you are a user of the module, the easiest solution will be to
[2026-04-09 20:27:22.158] [info] [LiDAR-Camera] [:] [MIAS-LCEC] 子进程: downgrade to 'numpy<2' or try to upgrade the affected module.
[2026-04-09 20:27:22.158] [info] [LiDAR-Camera] [:] [MIAS-LCEC] 子进程: We expect that some modules will need time to support NumPy 2.
[2026-04-09 20:27:22.158] [info] [LiDAR-Camera] [:] [MIAS-LCEC] 子进程: Traceback (most recent call last):  File "/root/calib_ws/calib_unified/scripts/run_lidar_cam_coarse.py", line 698, in <module>
[2026-04-09 20:27:22.158] [info] [LiDAR-Camera] [:] [MIAS-LCEC] 子进程:     sys.exit(main_with_traceback())
[2026-04-09 20:27:22.158] [info] [LiDAR-Camera] [:] [MIAS-LCEC] 子进程:   File "/root/calib_ws/calib_unified/scripts/run_lidar_cam_coarse.py", line 689, in main_with_traceback
[2026-04-09 20:27:22.158] [info] [LiDAR-Camera] [:] [MIAS-LCEC] 子进程:     return main()
[2026-04-09 20:27:22.158] [info] [LiDAR-Camera] [:] [MIAS-LCEC] 子进程:   File "/root/calib_ws/calib_unified/scripts/run_lidar_cam_coarse.py", line 567, in main
[2026-04-09 20:27:22.158] [info] [LiDAR-Camera] [:] [MIAS-LCEC] 子进程:     if not _check_cv2_available():
[2026-04-09 20:27:22.158] [info] [LiDAR-Camera] [:] [MIAS-LCEC] 子进程:   File "/root/calib_ws/calib_unified/scripts/run_lidar_cam_coarse.py", line 259, in _check_cv2_available
[2026-04-09 20:27:22.158] [info] [LiDAR-Camera] [:] [MIAS-LCEC] 子进程:     import cv2  # noqa: F401
[2026-04-09 20:27:22.158] [info] [LiDAR-Camera] [:] [MIAS-LCEC] 子进程:   File "/usr/local/lib/python3.10/dist-packages/cv2/__init__.py", line 181, in <module>
[2026-04-09 20:27:22.158] [info] [LiDAR-Camera] [:] [MIAS-LCEC] 子进程:     bootstrap()
[2026-04-09 20:27:22.158] [info] [LiDAR-Camera] [:] [MIAS-LCEC] 子进程:   File "/usr/local/lib/python3.10/dist-packages/cv2/__init__.py", line 153, in bootstrap
[2026-04-09 20:27:22.158] [info] [LiDAR-Camera] [:] [MIAS-LCEC] 子进程:     native_module = importlib.import_module("cv2")
[2026-04-09 20:27:22.158] [info] [LiDAR-Camera] [:] [MIAS-LCEC] 子进程:   File "/usr/lib/python3.10/importlib/__init__.py", line 126, in import_module
[2026-04-09 20:27:22.158] [info] [LiDAR-Camera] [:] [MIAS-LCEC] 子进程:     return _bootstrap._gcd_import(name[level:], package, level)
[2026-04-09 20:27:22.158] [info] [LiDAR-Camera] [:] [MIAS-LCEC] 子进程: AttributeError: _ARRAY_API not found
[2026-04-09 20:27:22.158] [info] [LiDAR-Camera] [:] [MIAS-LCEC] 子进程: [2026-04-09 20:27:22.157] [WARNING] [粗标定] cv2 不可用 (ImportError)，跳过 PnP，将输出 identity。原因: numpy.core.multiarray failed to import
[2026-04-09 20:27:22.158] [info] [LiDAR-Camera] [:] [MIAS-LCEC] 子进程: [2026-04-09 20:27:22.158] [WARNING] [粗标定] cv2 不可用，不调用 PnP，输出 identity；精标定可能无法收敛，建议修复环境后重试
[2026-04-09 20:27:22.158] [info] [LiDAR-Camera] [:] [MIAS-LCEC] 子进程: [2026-04-09 20:27:22.158] [INFO] [粗标定] 方法=identity  输出 t=[0, 0, 0]  (精标定可能无法收敛，建议检查 PnP 或深度模型)
[2026-04-09 20:27:22.158] [info] [LiDAR-Camera] [:] [MIAS-LCEC] 子进程: [2026-04-09 20:27:22.158] [INFO] [步骤 4/5] 写入 extrinsic_result.yaml...
[2026-04-09 20:27:22.158] [info] [LiDAR-Camera] [:] [MIAS-LCEC] 子进程: [2026-04-09 20:27:22.158] [INFO] 已写出 extrinsic_result.yaml: /tmp/mias_work/output/extrinsic_result.yaml  translation=[0.0000, 0.0000, 0.0000]
[2026-04-09 20:27:22.158] [info] [LiDAR-Camera] [:] [MIAS-LCEC] 子进程: [2026-04-09 20:27:22.158] [INFO] [步骤 5/5] 生成 quality_report.yaml...
[2026-04-09 20:27:22.381] [info] [LiDAR-Camera] [:] [MIAS-LCEC] 子进程: A module that was compiled using NumPy 1.x cannot be run in
[2026-04-09 20:27:22.381] [info] [LiDAR-Camera] [:] [MIAS-LCEC] 子进程: NumPy 2.2.6 as it may crash. To support both 1.x and 2.x
[2026-04-09 20:27:22.381] [info] [LiDAR-Camera] [:] [MIAS-LCEC] 子进程: versions of NumPy, modules must be compiled with NumPy 2.0.
[2026-04-09 20:27:22.381] [info] [LiDAR-Camera] [:] [MIAS-LCEC] 子进程: Some module may need to rebuild instead e.g. with 'pybind11>=2.12'.
[2026-04-09 20:27:22.381] [info] [LiDAR-Camera] [:] [MIAS-LCEC] 子进程: If you are a user of the module, the easiest solution will be to
[2026-04-09 20:27:22.381] [info] [LiDAR-Camera] [:] [MIAS-LCEC] 子进程: downgrade to 'numpy<2' or try to upgrade the affected module.
[2026-04-09 20:27:22.381] [info] [LiDAR-Camera] [:] [MIAS-LCEC] 子进程: We expect that some modules will need time to support NumPy 2.
[2026-04-09 20:27:22.381] [info] [LiDAR-Camera] [:] [MIAS-LCEC] 子进程: Traceback (most recent call last):  File "/root/calib_ws/calib_unified/scripts/run_lidar_cam_coarse.py", line 698, in <module>
[2026-04-09 20:27:22.381] [info] [LiDAR-Camera] [:] [MIAS-LCEC] 子进程:     sys.exit(main_with_traceback())
[2026-04-09 20:27:22.381] [info] [LiDAR-Camera] [:] [MIAS-LCEC] 子进程:   File "/root/calib_ws/calib_unified/scripts/run_lidar_cam_coarse.py", line 689, in main_with_traceback
[2026-04-09 20:27:22.381] [info] [LiDAR-Camera] [:] [MIAS-LCEC] 子进程:     return main()
[2026-04-09 20:27:22.381] [info] [LiDAR-Camera] [:] [MIAS-LCEC] 子进程:   File "/root/calib_ws/calib_unified/scripts/run_lidar_cam_coarse.py", line 636, in main
[2026-04-09 20:27:22.381] [info] [LiDAR-Camera] [:] [MIAS-LCEC] 子进程:     from mias_lcec_pytorch.quality_assessment import assess_calibration_quality
[2026-04-09 20:27:22.381] [info] [LiDAR-Camera] [:] [MIAS-LCEC] 子进程:   File "/root/calib_ws/calib_unified/scripts/mias_lcec_pytorch/__init__.py", line 17, in <module>
[2026-04-09 20:27:22.381] [info] [LiDAR-Camera] [:] [MIAS-LCEC] 子进程:     from .coarse_calib import MIASLCECCoarseCalib
[2026-04-09 20:27:22.381] [info] [LiDAR-Camera] [:] [MIAS-LCEC] 子进程:   File "/root/calib_ws/calib_unified/scripts/mias_lcec_pytorch/coarse_calib.py", line 26, in <module>
[2026-04-09 20:27:22.381] [info] [LiDAR-Camera] [:] [MIAS-LCEC] 子进程:     import torch
[2026-04-09 20:27:22.381] [info] [LiDAR-Camera] [:] [MIAS-LCEC] 子进程:   File "/usr/local/lib/python3.10/dist-packages/torch/__init__.py", line 1382, in <module>
[2026-04-09 20:27:22.381] [info] [LiDAR-Camera] [:] [MIAS-LCEC] 子进程:     from .functional import *  # noqa: F403
[2026-04-09 20:27:22.381] [info] [LiDAR-Camera] [:] [MIAS-LCEC] 子进程:   File "/usr/local/lib/python3.10/dist-packages/torch/functional.py", line 7, in <module>
[2026-04-09 20:27:22.381] [info] [LiDAR-Camera] [:] [MIAS-LCEC] 子进程:     import torch.nn.functional as F
[2026-04-09 20:27:22.381] [info] [LiDAR-Camera] [:] [MIAS-LCEC] 子进程:   File "/usr/local/lib/python3.10/dist-packages/torch/nn/__init__.py", line 1, in <module>
[2026-04-09 20:27:22.381] [info] [LiDAR-Camera] [:] [MIAS-LCEC] 子进程:     from .modules import *  # noqa: F403
[2026-04-09 20:27:22.381] [info] [LiDAR-Camera] [:] [MIAS-LCEC] 子进程:   File "/usr/local/lib/python3.10/dist-packages/torch/nn/modules/__init__.py", line 35, in <module>
[2026-04-09 20:27:22.381] [info] [LiDAR-Camera] [:] [MIAS-LCEC] 子进程:     from .transformer import TransformerEncoder, TransformerDecoder, \
[2026-04-09 20:27:22.381] [info] [LiDAR-Camera] [:] [MIAS-LCEC] 子进程:   File "/usr/local/lib/python3.10/dist-packages/torch/nn/modules/transformer.py", line 20, in <module>
[2026-04-09 20:27:22.381] [info] [LiDAR-Camera] [:] [MIAS-LCEC] 子进程:     device: torch.device = torch.device(torch._C._get_default_device()),  # torch.device('cpu'),
[2026-04-09 20:27:22.381] [info] [LiDAR-Camera] [:] [MIAS-LCEC] 子进程: /usr/local/lib/python3.10/dist-packages/torch/nn/modules/transformer.py:20: UserWarning: Failed to initialize NumPy: _ARRAY_API not found (Triggered internally at ../torch/csrc/utils/tensor_numpy.cpp:84.)
[2026-04-09 20:27:22.381] [info] [LiDAR-Camera] [:] [MIAS-LCEC] 子进程:   device: torch.device = torch.device(torch._C._get_default_device()),  # torch.device('cpu'),
[2026-04-09 20:27:23.473] [info] [LiDAR-Camera] [:] [MIAS-LCEC] 子进程: /usr/local/lib/python3.10/dist-packages/timm/models/layers/__init__.py:49: FutureWarning: Importing from timm.models.layers is deprecated, please import via timm.layers
[2026-04-09 20:27:23.473] [info] [LiDAR-Camera] [:] [MIAS-LCEC] 子进程:   warnings.warn(f"Importing from {__name__} is deprecated, please import via timm.layers", FutureWarning)
[2026-04-09 20:27:23.473] [info] [LiDAR-Camera] [:] [MIAS-LCEC] 子进程: /usr/local/lib/python3.10/dist-packages/timm/models/registry.py:4: FutureWarning: Importing from timm.models.registry is deprecated, please import via timm.models
[2026-04-09 20:27:23.473] [info] [LiDAR-Camera] [:] [MIAS-LCEC] 子进程:   warnings.warn(f"Importing from {__name__} is deprecated, please import via timm.models", FutureWarning)
[2026-04-09 20:27:23.473] [info] [LiDAR-Camera] [:] [MIAS-LCEC] 子进程: /root/calib_ws/calib_unified/thirdparty/MobileSAM/mobile_sam/modeling/tiny_vit_sam.py:656: UserWarning: Overwriting tiny_vit_5m_224 in registry with mobile_sam.modeling.tiny_vit_sam.tiny_vit_5m_224. This is because the name being registered conflicts with an existing name. Please check if this is not expected.
[2026-04-09 20:27:23.473] [info] [LiDAR-Camera] [:] [MIAS-LCEC] 子进程:   return register_model(fn_wrapper)
[2026-04-09 20:27:23.473] [info] [LiDAR-Camera] [:] [MIAS-LCEC] 子进程: /root/calib_ws/calib_unified/thirdparty/MobileSAM/mobile_sam/modeling/tiny_vit_sam.py:656: UserWarning: Overwriting tiny_vit_11m_224 in registry with mobile_sam.modeling.tiny_vit_sam.tiny_vit_11m_224. This is because the name being registered conflicts with an existing name. Please check if this is not expected.
[2026-04-09 20:27:23.473] [info] [LiDAR-Camera] [:] [MIAS-LCEC] 子进程:   return register_model(fn_wrapper)
[2026-04-09 20:27:23.473] [info] [LiDAR-Camera] [:] [MIAS-LCEC] 子进程: /root/calib_ws/calib_unified/thirdparty/MobileSAM/mobile_sam/modeling/tiny_vit_sam.py:656: UserWarning: Overwriting tiny_vit_21m_224 in registry with mobile_sam.modeling.tiny_vit_sam.tiny_vit_21m_224. This is because the name being registered conflicts with an existing name. Please check if this is not expected.
[2026-04-09 20:27:23.473] [info] [LiDAR-Camera] [:] [MIAS-LCEC] 子进程:   return register_model(fn_wrapper)
[2026-04-09 20:27:23.473] [info] [LiDAR-Camera] [:] [MIAS-LCEC] 子进程: /root/calib_ws/calib_unified/thirdparty/MobileSAM/mobile_sam/modeling/tiny_vit_sam.py:656: UserWarning: Overwriting tiny_vit_21m_384 in registry with mobile_sam.modeling.tiny_vit_sam.tiny_vit_21m_384. This is because the name being registered conflicts with an existing name. Please check if this is not expected.
[2026-04-09 20:27:23.473] [info] [LiDAR-Camera] [:] [MIAS-LCEC] 子进程:   return register_model(fn_wrapper)
[2026-04-09 20:27:23.473] [info] [LiDAR-Camera] [:] [MIAS-LCEC] 子进程: /root/calib_ws/calib_unified/thirdparty/MobileSAM/mobile_sam/modeling/tiny_vit_sam.py:656: UserWarning: Overwriting tiny_vit_21m_512 in registry with mobile_sam.modeling.tiny_vit_sam.tiny_vit_21m_512. This is because the name being registered conflicts with an existing name. Please check if this is not expected.
[2026-04-09 20:27:23.473] [info] [LiDAR-Camera] [:] [MIAS-LCEC] 子进程:   return register_model(fn_wrapper)
[2026-04-09 20:27:23.477] [info] [LiDAR-Camera] [:] [MIAS-LCEC] 子进程: [2026-04-09 20:27:23.477] [INFO] 已写出 quality_report.yaml: /tmp/mias_work/output/quality_report.yaml
[2026-04-09 20:27:23.477] [info] [LiDAR-Camera] [:] [MIAS-LCEC] 子进程: [2026-04-09 20:27:23.477] [INFO] 粗标定完成  方法=identity  耗时=1.54s  输出=/tmp/mias_work/output/extrinsic_result.yaml
[2026-04-09 20:27:23.477] [info] [LiDAR-Camera] [:] [MIAS-LCEC] 子进程: [2026-04-09 20:27:23.477] [INFO] [粗标定] ★ 最终: 使用恒等外参 (identity)，未使用深度模型
[2026-04-09 20:27:23.477] [info] [LiDAR-Camera] [:] [MIAS-LCEC] 子进程: [2026-04-09 20:27:23.477] [INFO] ======== 粗标定结束 ========
[2026-04-09 20:27:23.477] [info] [LiDAR-Camera] [:] [MIAS-LCEC] 子进程: [2026-04-09 20:27:23.477] [WARNING] [粗标定] 诊断摘要: 未使用深度模型 (method=identity)，详见上方 [MIAS_LCEC_INFER] 错误与修复建议
[2026-04-09 20:27:23.477] [info] [LiDAR-Camera] [:] [MIAS-LCEC] 子进程: [run_lidar_cam_coarse] OK  method=identity  output=/tmp/mias_work/output/extrinsic_result.yaml  elapsed_s=1.54
[2026-04-09 20:27:23.872] [info] [LiDAR-Camera] [:] [AI-Exec] 子进程完整输出已保存到: /tmp/mias_work/subprocess_1775737641.log
[2026-04-09 20:27:23.872] [info] [LiDAR-Camera] [:] [MIAS-LCEC] 子进程结束  exit_code=0  elapsed_ms=2005  output_exists=yes
[2026-04-09 20:27:23.872] [info] [LiDAR-Camera] [:] [MIAS-LCEC] 粗标定方法: identity)，详见上方 (由子进程 stdout 解析)
[2026-04-09 20:27:23.872] [warning] [LiDAR-Camera] [:] [MIAS-LCEC] ★ 粗标定未使用深度模型，结果来自几何回退(identity)，详见上方)；原因见上方子进程日志或 子进程完整输出
[2026-04-09 20:27:23.872] [info] [LiDAR-Camera] [:] [MIAS-LCEC] 解析结果  t=[0.0000, 0.0000, 0.0000]  is_identity=true
[2026-04-09 20:27:23.872] [info] [LiDAR-Camera] [:] [MIAS-LCEC] 第 2 次尝试仍为 identity，使用该结果
[2026-04-09 20:27:23.872] [info] [LiDAR-Camera] [:] [MIAS-LCEC] 粗估外参 最终: t=[0.0000, 0.0000, 0.0000]m  is_identity=true  output=/tmp/mias_work/output/extrinsic_result.yaml (重试后)
[2026-04-09 20:27:23.872] [info] [LiDAR-Camera] [:] [MIAS-LCEC] 粗标定结果来源: identity)，详见上方 (mias_lcec=深度模型, pnp=几何回退, identity=恒等)
[2026-04-09 20:27:23.872] [warning] [LiDAR-Camera] [:] [MIAS-LCEC] 粗标定输出为 identity；精标定可能无法收敛。建议: 1) 查看上方 [PnP] 日志确认网格/回退是否成功 2) 配置 model_path 尝试深度模型 3) 检查内参与数据
[2026-04-09 20:27:23.872] [info] [LiDAR-Camera] [:]   ✓ AI粗标定成功: t=[0.000,0.000,0.000]m
[2026-04-09 20:27:23.872] [info] [LiDAR-Camera] [:]   [Stage 1] 结果: 成功  初值将用于精标定
[2026-04-09 20:27:23.872] [info] [LiDAR-Camera] [:]   [Stage 1] 结果: 成功  精标定初值已就绪
[2026-04-09 20:27:23.872] [info] [LiDAR-Camera] [:] ▶ Stage 2: 精标定 (方法=edge)
[2026-04-09 20:27:23.873] [info] [LiDAR-Camera] [:] ▶ Stage 3: 手动校准 (manual_threshold=2.00px)
[2026-04-09 20:27:23.873] [info] [LiDAR-Camera] [:]   使用 ManualCalibSession 进行 6-DOF 交互式调整
[2026-04-09 20:27:23.873] [info] [LiDAR-Camera] [:]   调用示例:
[2026-04-09 20:27:23.873] [info] [LiDAR-Camera] [:]     ManualCalibSession::SessionConfig sess_cfg;
[2026-04-09 20:27:23.873] [info] [LiDAR-Camera] [:]     sess_cfg.save_dir = "./results/manual_sessions";
[2026-04-09 20:27:23.873] [info] [LiDAR-Camera] [:]     ManualCalibSession session(sess_cfg);
[2026-04-09 20:27:23.873] [info] [LiDAR-Camera] [:]     auto result = session.run_lidar_cam(scan, image, intrin, auto_result, auto_rms);
[2026-04-09 20:27:23.873] [info] [LiDAR-Camera] [:] 
[2026-04-09 20:27:23.873] [info] [LiDAR-Camera] [:] ╔═══════════════════════════════════════════════╗
[2026-04-09 20:27:23.873] [info] [LiDAR-Camera] [:] ║   UniCalib 两阶段标定流水线 — 开始            ║
[2026-04-09 20:27:23.873] [info] [LiDAR-Camera] [:] ║   Pipeline ID: pipeline_20260409_202719       ║
[2026-04-09 20:27:23.873] [info] [LiDAR-Camera] [:] ╚═══════════════════════════════════════════════╝
[2026-04-09 20:27:23.873] [info] [LiDAR-Camera] [:] [Coarse-AI/LiDAR-Cam] enable_coarse_lidar_cam=true → do_coarse=true
[20:27:23.873] [info] 
[20:27:23.873] [info] ━━━━━━━━━━━━━━━━━━━━━━━━━━━━━━━━━━━━━━━━━
[20:27:23.873] [info] ▶ 开始阶段: [Coarse-AI] 任务: [lidar_cam_extrin]
[20:27:23.873] [info]   描述: AI模型提供初始估计值
[20:27:23.873] [info] ━━━━━━━━━━━━━━━━━━━━━━━━━━━━━━━━━━━━━━━━━
[20:27:23.873] [info] [CALC] 粗标定阶段开始 task=lidar_cam_extrin
[20:27:23.873] [info] [Coarse-AI/LiDAR-Cam] 使用主程序已注入的粗标定结果 t=[0.000,0.000,0.000]m，精标定将以此起步
[20:27:23.873] [info] ━━━━━━━━━━━━━━━━━━━━━━━━━━━━━━━━━━━━━━━━━
[20:27:23.873] [info] ■ 结束阶段: [Coarse-AI] 任务: [lidar_cam_extrin]
[20:27:23.873] [info]   结果: ✓ 成功 | 残差RMS: 0.0000 | 耗时: 0 ms
[20:27:23.873] [info]   消息: 使用主程序 Stage1 粗标定结果，作为精标定初值
[20:27:23.873] [info] [CALC] 阶段结束 stage=Coarse-AI task=lidar_cam_extrin success=true residual_rms=0.000000 elapsed_ms=0.0 threshold=-1.0000
[20:27:23.873] [info] ━━━━━━━━━━━━━━━━━━━━━━━━━━━━━━━━━━━━━━━━━
[20:27:23.873] [info] 
[20:27:23.873] [info] ━━━━━━━━━━━━━━━━━━━━━━━━━━━━━━━━━━━━━━━━━
[20:27:23.873] [info] ▶ 开始阶段: [Fine-Auto] 任务: [lidar_cam_extrin]
[20:27:23.873] [info]   描述: 无目标优化
[20:27:23.873] [info] ━━━━━━━━━━━━━━━━━━━━━━━━━━━━━━━━━━━━━━━━━
[20:27:23.873] [info] [CALC] 精标定阶段开始 task=lidar_cam_extrin
[20:27:23.873] [info] [Fine-Auto] 任务: lidar_cam_extrin | 无目标优先: true
[20:27:23.873] [info] [Fine-Auto] 方法: 边缘对齐互信息 (EDGE_ALIGNMENT, 无目标)
[20:27:23.873] [info] [STAGE=lidar_cam_fine_auto] LiDAR-Camera 精标定 开始
[20:27:23.873] [info] [Fine-Auto/LiDAR-Cam] 开始执行精标定...
[20:27:23.873] [info]   [精标定数据源] 类型=FILES  lidar_id=imu_0
[20:27:23.873] [info]   文件目录: lidar=/root/calib_ws/data/nuscenes_trainval/lidar_top_pcd  camera=/root/calib_ws/data/nuscenes_trainval/cam_front
[20:27:23.873] [info] [Fine-Auto/LiDAR-Cam] 步骤: 从文件加载点云
[20:27:26.877] [info] [Fine-Auto/LiDAR-Cam] 点云加载完成 — 100 帧
[20:27:27.292] [info] [Fine-Auto] 推断内参: 1600x900 fx=1440.0 fy=1440.0
[20:27:27.292] [info] [Fine-Auto/LiDAR-Cam] 步骤: LiDAR-Camera 标定 相机=cam_front (方法: 边缘对齐)
[20:27:27.293] [info] [CalibVisualizer] 初始化完成
[20:27:27.293] [info] [Fine-Auto/LiDAR-Cam] 可视化已启用：仅标定结束后显示一帧「图像+点云投影」叠加，不创建 3D 窗口、不泵送其他帧
[20:27:27.293] [info] [Fine-Auto/LiDAR-Cam] 使用粗标定初值 t=[0.000,0.000,0.000]m
[20:27:27.293] [info] [Fine-Auto/LiDAR-Cam] 执行标定 相机=cam_front: 点云 100 帧  图像 100 帧
[20:27:27.293] [info] ╔══════════════════════════════════════════════════════════════════╗
[20:27:27.293] [info] ║         LiDAR-Camera 两阶段标定 - 详细日志                  ║
[20:27:27.293] [info] ╚══════════════════════════════════════════════════════════════════╝
[20:27:27.293] [info] ┌────────────────────────────────────────────────────────────────┐
[20:27:27.293] [info] │ 输入参数:
[20:27:27.293] [info] │   - LiDAR ID: imu_0  图像 ID: cam_front
[20:27:27.293] [info] │   - 点云帧数: 100  图像帧数: 100
[20:27:27.293] [info] │   - 图像尺寸: 1600x900
[20:27:27.293] [info] │   - 相机内参: fx=1440.00 fy=1440.00 cx=800.00 cy=450.00
[20:27:27.293] [info] │   - 优先无目标方法: 是(边缘对齐)
[20:27:27.293] [info] │   - 粗标定初值: 已提供
[20:27:27.293] [info] │   - 初始平移: [0.0000, 0.0000, 0.0000] m
[20:27:27.293] [info] └────────────────────────────────────────────────────────────────┘
[20:27:27.293] [info] 
[20:27:27.293] [info] ┌────────────────────────────────────────────────────────────────┐
[20:27:27.293] [info] │ [Stage 1] 粗标定阶段
[20:27:27.293] [info] └────────────────────────────────────────────────────────────────┘
[20:27:27.293] [info] │ [Coarse] 使用提供的初始值:
[20:27:27.293] [info] │   - 平移向量: [0.0000, 0.0000, 0.0000] m
[20:27:27.293] [info] │   - 旋转角度: [-0.00, 0.00, -0.00] deg (RPY)
[20:27:27.293] [info] │   - 变换范数: 0.0000
[20:27:27.293] [info] └────────────────────────────────────────────────────────────────┘
[20:27:27.293] [info] 
[20:27:27.293] [info] ┌────────────────────────────────────────────────────────────────┐
[20:27:27.293] [info] │ [Stage 2] 精标定阶段
[20:27:27.293] [info] └────────────────────────────────────────────────────────────────┘
[20:27:27.293] [info] │ [Fine] 执行边缘对齐优化...
[20:27:27.293] [info] │ 配置: NCC阈值=0.050 帧同步阈值=0.500s 时间偏移搜索范围=±0.500s
[20:27:27.293] [info] ┌────────────────────────────────────────────────────────────────┐
[20:27:27.293] [info] │ [精标定] 边缘对齐法 (Edge Alignment)                        │
[20:27:27.293] [info] ├────────────────────────────────────────────────────────────────┤
[20:27:27.293] [info] │ 初始值: identity (identity=true)
[20:27:27.293] [info] │ 数据: 点云帧=100 图像帧=100 采样=30 尺寸=1600x900
[20:27:27.293] [info] │ 时间: 图像[0.000-495.000]s LiDAR[0.000-495.000]s
[20:27:27.293] [info] │ 配置: 同步阈值=0.500s 边缘Canny(50, 150) NCC阈值=0.050
[20:27:27.293] [info] │ 特征权重: edge=0.50 corner=0.30 intensity=0.20
[20:27:27.293] [info] └────────────────────────────────────────────────────────────────┘
[20:27:34.605] [info] │ [时间偏移搜索] 最佳偏移=-0.5000s 最佳NCC=0.0424
[20:27:34.969] [info]   [精标定] 有效帧数=0 (<3)  当前阈值=0.050  候选帧最大NCC=0.0424
[20:27:35.330] [info]   [精标定] 放宽 NCC 阈值至 0.000  放宽后有效帧数=28
[20:27:35.330] [info]   初值 NCC=0.0424  有效帧数=28  (候选帧数=30  NCC范围=[-0.0028,0.0424] 均值=0.0156)
[20:27:35.740] [info]   [多特征] 角点: 28 帧共 4200 个 keypoints
[20:27:35.777] [info]   [多特征] 强度一致性: 28 帧
[20:27:35.777] [info]   [精标定] 残差块总数=4256  即将调用 Ceres::Solve
[20:27:35.777] [info]   [精标定] 初始参数: axis=[0.000000,0.000000,0.000000] trans=[0.0000,0.0000,0.0000]
[20:27:35.777] [info]   [精标定] 初值 T_cam_lidar: t=[0.0000,0.0000,0.0000]m
[20:27:35.777] [info]   [精标定] frame_pairs=28 use_edge=true use_corner=true use_intensity=true
[20:27:35.777] [info]   [预检查] 开始全面检查 Ceres 输入数据...
[20:27:35.777] [info]   [预检查] 参数角度=0.000000 rad 平移范数=0.0000 m
[20:27:35.777] [info]   [预检查] frame_pairs 统计: 总数=28 有效=28 空图=0 空点云=0 零-size点云=0
[20:27:35.777] [info]   [预检查] EdgeNCCCost 统计: 总数=28 scan无效=0 image空=0
[20:27:35.777] [info]   [预检查] CornerReprojCost 统计: 总数=4200 scan无效=0
[20:27:35.777] [info]   [预检查] IntensityConsistencyCost 统计: 总数=28 scan无效=0 image空=0
[20:27:35.777] [info]   [预检查] 相机内参: fx=1440.00 fy=1440.00 cx=800.00 cy=450.00 size=1600x900
[20:27:35.777] [info]   [预检查] Ceres 问题规模: 残差块=4256 参数块=1(6维)
[20:27:35.777] [info]   [预检查] Ceres 输入数据检查完成
[20:27:35.777] [info]   [Ceres] 即将调用 Solve，残差块=4256 求解器=ITERATIVE_SCHUR
[20:27:35.777] [info]   [调试] 开始 Ceres Solve，残差块=4256
[20:27:35.777] [info]   [调试] 手动测试代价函数求值...
[20:27:35.795] [info]   [调试] 第一个 EdgeNCCCost 求值结果: ok=true residual=-0.007638887085447207
[20:27:35.796] [info]   [调试] 代价函数测试完成，准备调用 Ceres::Solve
[20:29:47.620] [info]   [Ceres] Solve 完成
[20:29:47.620] [info] [CALC] LiDAR-Cam 边缘法 Ceres iter=40 residual_blocks=28 initial_cost=314372.764653 final_cost=269634.884446 converged=yes
[20:29:47.620] [info]   [Ceres] 迭代数=40  残差块数=28  initial_cost=314372.764653  final_cost=269634.884446  converged=true  termination=CONVERGENCE
[20:29:47.840] [info] ┌────────────────────────────────────────────────────────────────┐
[20:29:47.840] [info] │ [优化结果]
[20:29:47.840] [info] [CALC] LiDAR-Cam 边缘法 优化结果 NCC=0.0596 rms=0.9404px converged=no
[20:29:47.840] [info] │   - NCC: 0.0596  RMS: 0.9404px  收敛: 否
[20:29:47.840] [info] │   - 平移: [-0.0307, -0.3070, 0.4896] m
[20:29:47.840] [info] │   - 旋转: [177.68, 179.69, -178.90] deg (RPY)
[20:29:47.840] [info] │   - 质量: 不合格 (NCC<0.3)
[20:29:47.840] [info] └────────────────────────────────────────────────────────────────┘
[20:29:47.840] [info] │
[20:29:47.840] [info] │ ★ 标定结果:
[20:29:47.840] [info] │   - 平移: [-0.0307, -0.3070, 0.4896] m
[20:29:47.840] [info] │   - RMS: 0.9404 px
[20:29:47.840] [info] │   - 收敛: 否
[20:29:47.840] [info] └────────────────────────────────────────────────────────────────┘
[20:29:47.841] [info] [Fine-Auto] 结果已保存: ./results/lidar_cam_cam_front_extrinsic.yaml
[20:29:47.841] [info] [Viz] 即将生成投影图并保存到 ./results/lidar_cam_cam_front_projection.png
[20:29:47.869] [info] 投影可视化保存: ./results/lidar_cam_cam_front_projection.png
[20:29:47.869] [info] [Viz] 投影图已保存（当前未将结果点云回显到 3D 窗口，仅保存 PNG）
[20:29:47.869] [info] [Fine-Auto/LiDAR-Cam] 相机 cam_front 完成, RMS=0.9404 px  收敛=否
[20:29:47.869] [warning] [Fine-Auto/LiDAR-Cam] 精标定未收敛 (NCC 未达 0.3 或 RMS 偏高)，建议: 1) 确保粗标定提供非 identity 初值 2) 检查 LiDAR/相机 FOV 与时间同步 3) 查看上方 [精标定] 质量结论与 NCC 统计
[20:29:47.869] [info] [Viz/Display] 即将关闭可视化窗口 原因=用户关闭或流程结束 pangolin_running=false
[20:29:47.883] [info] [Fine-Auto/LiDAR-Cam] 精标定完成: 1 个相机  最大 RMS=0.9404 px
[20:29:47.883] [info] [STAGE=lidar_cam_fine_auto] LiDAR-Camera 精标定 完成
[20:29:47.883] [info] [Fine-Auto/LiDAR-Cam] RMS 阈值=2.00 px  最大 RMS=0.9404 px  在阈值内
[20:29:47.890] [info] ━━━━━━━━━━━━━━━━━━━━━━━━━━━━━━━━━━━━━━━━━
[20:29:47.890] [info] ■ 结束阶段: [Fine-Auto] 任务: [lidar_cam_extrin]
[20:29:47.890] [info]   结果: ✓ 成功 | 残差RMS: 0.9404 | 耗时: 144016 ms
[20:29:47.890] [info]   消息: LiDAR-Camera 精标定完成: 1 个相机, 最大 RMS=0.940362 px
[20:29:47.890] [info] [CALC] 阶段结束 stage=Fine-Auto task=lidar_cam_extrin success=true residual_rms=0.940362 elapsed_ms=144009.9 threshold=2.0000
[20:29:47.890] [info] ━━━━━━━━━━━━━━━━━━━━━━━━━━━━━━━━━━━━━━━━━
[20:29:47.890] [info] [Pipeline] 用户已启用手动校准 (--manual), 进入 6-DOF 调整
[20:29:47.890] [info] 
[20:29:47.890] [info] ━━━━━━━━━━━━━━━━━━━━━━━━━━━━━━━━━━━━━━━━━
[20:29:47.890] [info] ▶ 开始阶段: [Manual-Refine] 任务: [lidar_cam_extrin]
[20:29:47.890] [info]   描述: 手动校准: 6-DOF 交互式调整
[20:29:47.890] [info] ━━━━━━━━━━━━━━━━━━━━━━━━━━━━━━━━━━━━━━━━━
[20:29:47.890] [info] [Manual-Refine] 任务: lidar_cam_extrin
[20:29:47.890] [info] [Manual-Refine] 操作说明: Q/A Roll  W/S Pitch  E/D Yaw  R/F Tx  T/G Ty  Y/H Tz  U Undo  Enter 接受  Esc 取消
[20:29:47.890] [info] [ManualSession] 会话ID: session_2026-04-09_20-29-47
[20:29:47.890] [info] [ManualSession] 保存目录: ./results/manual_sessions
[20:29:47.890] [info] [Manual-Refine] 已打开 6-DOF 可视化调整窗口，请在本窗口内按键微调后 Enter 接受或 Esc 取消
[20:29:47.890] [info] [Manual-Refine] LiDAR-Camera 手动调整仅使用首帧匹配数据（第 0 帧点云 + 第 0 帧图像）
[20:29:47.890] [info] [ManualSession] 启动 LiDAR-Camera 手动校准
[20:29:47.890] [info] [ManualSession] 自动标定 RMS: 0.9404 px (阈值建议 < 2.0px)
[20:29:47.890] [debug] [ManualSession] 事件: lidar_cam_start | auto_rms=0.940362
[20:29:47.890] [info] [ManualAdjust] 初始外参:
[20:29:47.890] [info] [ManualAdjust] 当前外参 [imu_0→cam_front]:
[20:29:47.890] [info]   旋转 RPY: (-2.3164, 0.3518, 1.0829) deg
[20:29:47.890] [info]   平移 XYZ: (-0.0307, -0.3070, 0.4896) m
[20:29:47.890] [info] [ManualSession] ===== 手动校准操作说明 =====
[20:29:47.890] [info]   Q/A: Roll ±0.1deg   W/S: Pitch ±0.1deg   E/D: Yaw ±0.1deg
[20:29:47.890] [info]   R/F: Tx ±0.5cm   T/G: Ty ±0.5cm   Y/H: Tz ±0.5cm
[20:29:47.890] [info]   Shift+键: 10倍步长
[20:29:47.890] [info]   P: 进入点击精化模式  U: 撤销  Z: 重做
[20:29:47.890] [info]   S: 保存  ESC: 接受并退出
[20:29:47.890] [info]   点云投影质量越高 (边缘对齐越好) 表示标定越准确
[20:29:47.918] [info] [ManualAdjust] 结果已保存: ./results/lidar_camera_extrinsic/manual_extrinsic_20260409_202947_initial.yaml
[20:29:47.918] [info] [ManualCalib] 交互窗口启动前已自动保存初始状态快照（备用）:
[20:29:47.918] [info]   - 投影图: ./results/lidar_camera_extrinsic/manual_projection_20260409_202947_initial.png
[20:29:47.918] [info]   - 点云:   ./results/lidar_camera_extrinsic/manual_cloud_20260409_202947_initial.pcd
[20:29:47.918] [info]   - 外参:   ./results/lidar_camera_extrinsic/manual_extrinsic_20260409_202947_initial.yaml

(unicalib_lidar_camera:100): dbind-WARNING **: 20:29:47.922: Couldn't connect to accessibility bus: Failed to connect to socket /run/user/1000/at-spi/bus: No such file or directory
[20:29:47.940] [info] [ManualCalib] 3D 点云窗口已禁用（避免 VTK 闪退），请在 2D 投影窗口进行微调。按下 'S' 键可手动保存当前微调结果图片和点云。
[20:29:47.940] [info] [ManualCalib] 初始位姿 T_lidar_to_cam:
[20:29:47.940] [info]   - Translation: -0.0307, -0.3070, 0.4896
[20:29:47.940] [info]   - RPY (deg):   177.6773, 179.6923, -178.9038
[20:29:52.972] [debug] [ManualAdjust] 平移增量 dxyz=(0.0000, 0.0000, 0.0050)m
[20:29:52.972] [info] [ManualAdjust] 当前外参 [imu_0→cam_front]:
[20:29:52.972] [info]   旋转 RPY: (-2.3164, 0.3518, 1.0829) deg
[20:29:52.972] [info]   平移 XYZ: (-0.0307, -0.3070, 0.4946) m
[20:29:55.387] [debug] [ManualAdjust] 平移增量 dxyz=(0.0000, 0.0000, 0.0050)m
[20:29:55.387] [info] [ManualAdjust] 当前外参 [imu_0→cam_front]:
[20:29:55.387] [info]   旋转 RPY: (-2.3164, 0.3518, 1.0829) deg
[20:29:55.387] [info]   平移 XYZ: (-0.0307, -0.3070, 0.4996) m
[20:29:55.755] [debug] [ManualAdjust] 平移增量 dxyz=(0.0000, 0.0000, 0.0050)m
[20:29:55.755] [info] [ManualAdjust] 当前外参 [imu_0→cam_front]:
[20:29:55.755] [info]   旋转 RPY: (-2.3164, 0.3518, 1.0829) deg
[20:29:55.755] [info]   平移 XYZ: (-0.0307, -0.3070, 0.5046) m
[20:29:56.069] [debug] [ManualAdjust] 平移增量 dxyz=(0.0000, 0.0000, 0.0050)m
[20:29:56.069] [info] [ManualAdjust] 当前外参 [imu_0→cam_front]:
[20:29:56.069] [info]   旋转 RPY: (-2.3164, 0.3518, 1.0829) deg
[20:29:56.069] [info]   平移 XYZ: (-0.0307, -0.3070, 0.5096) m
[20:29:56.359] [debug] [ManualAdjust] 平移增量 dxyz=(0.0000, 0.0000, 0.0050)m
[20:29:56.359] [info] [ManualAdjust] 当前外参 [imu_0→cam_front]:
[20:29:56.359] [info]   旋转 RPY: (-2.3164, 0.3518, 1.0829) deg
[20:29:56.359] [info]   平移 XYZ: (-0.0307, -0.3070, 0.5146) m
[20:29:56.598] [debug] [ManualAdjust] 平移增量 dxyz=(0.0000, 0.0000, 0.0050)m
[20:29:56.598] [info] [ManualAdjust] 当前外参 [imu_0→cam_front]:
[20:29:56.598] [info]   旋转 RPY: (-2.3164, 0.3518, 1.0829) deg
[20:29:56.598] [info]   平移 XYZ: (-0.0307, -0.3070, 0.5196) m
[20:29:56.863] [debug] [ManualAdjust] 平移增量 dxyz=(0.0000, 0.0000, 0.0050)m
[20:29:56.863] [info] [ManualAdjust] 当前外参 [imu_0→cam_front]:
[20:29:56.863] [info]   旋转 RPY: (-2.3164, 0.3518, 1.0829) deg
[20:29:56.863] [info]   平移 XYZ: (-0.0307, -0.3070, 0.5246) m
[20:29:57.070] [debug] [ManualAdjust] 平移增量 dxyz=(0.0000, 0.0000, 0.0050)m
[20:29:57.071] [info] [ManualAdjust] 当前外参 [imu_0→cam_front]:
[20:29:57.071] [info]   旋转 RPY: (-2.3164, 0.3518, 1.0829) deg
[20:29:57.071] [info]   平移 XYZ: (-0.0307, -0.3070, 0.5296) m
[20:29:58.596] [debug] [ManualAdjust] 平移增量 dxyz=(0.0000, 0.0000, 0.0050)m
[20:29:58.596] [info] [ManualAdjust] 当前外参 [imu_0→cam_front]:
[20:29:58.596] [info]   旋转 RPY: (-2.3164, 0.3518, 1.0829) deg
[20:29:58.596] [info]   平移 XYZ: (-0.0307, -0.3070, 0.5346) m
[20:29:59.083] [debug] [ManualAdjust] 平移增量 dxyz=(0.0000, 0.0000, 0.0050)m
[20:29:59.083] [info] [ManualAdjust] 当前外参 [imu_0→cam_front]:
[20:29:59.083] [info]   旋转 RPY: (-2.3164, 0.3518, 1.0829) deg
[20:29:59.083] [info]   平移 XYZ: (-0.0307, -0.3070, 0.5396) m
[20:29:59.123] [debug] [ManualAdjust] 平移增量 dxyz=(0.0000, 0.0000, 0.0050)m
[20:29:59.123] [info] [ManualAdjust] 当前外参 [imu_0→cam_front]:
[20:29:59.123] [info]   旋转 RPY: (-2.3164, 0.3518, 1.0829) deg
[20:29:59.123] [info]   平移 XYZ: (-0.0307, -0.3070, 0.5446) m
[20:29:59.156] [debug] [ManualAdjust] 平移增量 dxyz=(0.0000, 0.0000, 0.0050)m
[20:29:59.156] [info] [ManualAdjust] 当前外参 [imu_0→cam_front]:
[20:29:59.156] [info]   旋转 RPY: (-2.3164, 0.3518, 1.0829) deg
[20:29:59.156] [info]   平移 XYZ: (-0.0307, -0.3070, 0.5496) m
[20:29:59.216] [debug] [ManualAdjust] 平移增量 dxyz=(0.0000, 0.0000, 0.0050)m
[20:29:59.216] [info] [ManualAdjust] 当前外参 [imu_0→cam_front]:
[20:29:59.216] [info]   旋转 RPY: (-2.3164, 0.3518, 1.0829) deg
[20:29:59.216] [info]   平移 XYZ: (-0.0307, -0.3070, 0.5546) m
[20:29:59.254] [debug] [ManualAdjust] 平移增量 dxyz=(0.0000, 0.0000, 0.0050)m
[20:29:59.254] [info] [ManualAdjust] 当前外参 [imu_0→cam_front]:
[20:29:59.254] [info]   旋转 RPY: (-2.3164, 0.3518, 1.0829) deg
[20:29:59.254] [info]   平移 XYZ: (-0.0307, -0.3070, 0.5596) m
[20:29:59.284] [debug] [ManualAdjust] 平移增量 dxyz=(0.0000, 0.0000, 0.0050)m
[20:29:59.284] [info] [ManualAdjust] 当前外参 [imu_0→cam_front]:
[20:29:59.284] [info]   旋转 RPY: (-2.3164, 0.3518, 1.0829) deg
[20:29:59.284] [info]   平移 XYZ: (-0.0307, -0.3070, 0.5646) m
[20:29:59.314] [debug] [ManualAdjust] 平移增量 dxyz=(0.0000, 0.0000, 0.0050)m
[20:29:59.314] [info] [ManualAdjust] 当前外参 [imu_0→cam_front]:
[20:29:59.314] [info]   旋转 RPY: (-2.3164, 0.3518, 1.0829) deg
[20:29:59.314] [info]   平移 XYZ: (-0.0307, -0.3070, 0.5696) m
[20:29:59.351] [debug] [ManualAdjust] 平移增量 dxyz=(0.0000, 0.0000, 0.0050)m
[20:29:59.351] [info] [ManualAdjust] 当前外参 [imu_0→cam_front]:
[20:29:59.351] [info]   旋转 RPY: (-2.3164, 0.3518, 1.0829) deg
[20:29:59.351] [info]   平移 XYZ: (-0.0307, -0.3070, 0.5746) m
[20:29:59.386] [debug] [ManualAdjust] 平移增量 dxyz=(0.0000, 0.0000, 0.0050)m
[20:29:59.386] [info] [ManualAdjust] 当前外参 [imu_0→cam_front]:
[20:29:59.386] [info]   旋转 RPY: (-2.3164, 0.3518, 1.0829) deg
[20:29:59.386] [info]   平移 XYZ: (-0.0307, -0.3070, 0.5796) m
[20:29:59.417] [debug] [ManualAdjust] 平移增量 dxyz=(0.0000, 0.0000, 0.0050)m
[20:29:59.417] [info] [ManualAdjust] 当前外参 [imu_0→cam_front]:
[20:29:59.417] [info]   旋转 RPY: (-2.3164, 0.3518, 1.0829) deg
[20:29:59.417] [info]   平移 XYZ: (-0.0307, -0.3070, 0.5846) m
[20:29:59.453] [debug] [ManualAdjust] 平移增量 dxyz=(0.0000, 0.0000, 0.0050)m
[20:29:59.453] [info] [ManualAdjust] 当前外参 [imu_0→cam_front]:
[20:29:59.453] [info]   旋转 RPY: (-2.3164, 0.3518, 1.0829) deg
[20:29:59.453] [info]   平移 XYZ: (-0.0307, -0.3070, 0.5896) m
[20:29:59.488] [debug] [ManualAdjust] 平移增量 dxyz=(0.0000, 0.0000, 0.0050)m
[20:29:59.488] [info] [ManualAdjust] 当前外参 [imu_0→cam_front]:
[20:29:59.488] [info]   旋转 RPY: (-2.3164, 0.3518, 1.0829) deg
[20:29:59.488] [info]   平移 XYZ: (-0.0307, -0.3070, 0.5946) m
[20:29:59.518] [debug] [ManualAdjust] 平移增量 dxyz=(0.0000, 0.0000, 0.0050)m
[20:29:59.518] [info] [ManualAdjust] 当前外参 [imu_0→cam_front]:
[20:29:59.518] [info]   旋转 RPY: (-2.3164, 0.3518, 1.0829) deg
[20:29:59.518] [info]   平移 XYZ: (-0.0307, -0.3070, 0.5996) m
[20:29:59.557] [debug] [ManualAdjust] 平移增量 dxyz=(0.0000, 0.0000, 0.0050)m
[20:29:59.557] [info] [ManualAdjust] 当前外参 [imu_0→cam_front]:
[20:29:59.557] [info]   旋转 RPY: (-2.3164, 0.3518, 1.0829) deg
[20:29:59.557] [info]   平移 XYZ: (-0.0307, -0.3070, 0.6046) m
[20:29:59.591] [debug] [ManualAdjust] 平移增量 dxyz=(0.0000, 0.0000, 0.0050)m
[20:29:59.591] [info] [ManualAdjust] 当前外参 [imu_0→cam_front]:
[20:29:59.591] [info]   旋转 RPY: (-2.3164, 0.3518, 1.0829) deg
[20:29:59.591] [info]   平移 XYZ: (-0.0307, -0.3070, 0.6096) m
[20:29:59.621] [debug] [ManualAdjust] 平移增量 dxyz=(0.0000, 0.0000, 0.0050)m
[20:29:59.621] [info] [ManualAdjust] 当前外参 [imu_0→cam_front]:
[20:29:59.621] [info]   旋转 RPY: (-2.3164, 0.3518, 1.0829) deg
[20:29:59.621] [info]   平移 XYZ: (-0.0307, -0.3070, 0.6146) m
[20:29:59.677] [debug] [ManualAdjust] 平移增量 dxyz=(0.0000, 0.0000, 0.0050)m
[20:29:59.677] [info] [ManualAdjust] 当前外参 [imu_0→cam_front]:
[20:29:59.677] [info]   旋转 RPY: (-2.3164, 0.3518, 1.0829) deg
[20:29:59.677] [info]   平移 XYZ: (-0.0307, -0.3070, 0.6196) m
[20:29:59.708] [debug] [ManualAdjust] 平移增量 dxyz=(0.0000, 0.0000, 0.0050)m
[20:29:59.708] [info] [ManualAdjust] 当前外参 [imu_0→cam_front]:
[20:29:59.708] [info]   旋转 RPY: (-2.3164, 0.3518, 1.0829) deg
[20:29:59.708] [info]   平移 XYZ: (-0.0307, -0.3070, 0.6246) m
[20:29:59.758] [debug] [ManualAdjust] 平移增量 dxyz=(0.0000, 0.0000, 0.0050)m
[20:29:59.758] [info] [ManualAdjust] 当前外参 [imu_0→cam_front]:
[20:29:59.758] [info]   旋转 RPY: (-2.3164, 0.3518, 1.0829) deg
[20:29:59.758] [info]   平移 XYZ: (-0.0307, -0.3070, 0.6296) m
[20:29:59.802] [debug] [ManualAdjust] 平移增量 dxyz=(0.0000, 0.0000, 0.0050)m
[20:29:59.802] [info] [ManualAdjust] 当前外参 [imu_0→cam_front]:
[20:29:59.802] [info]   旋转 RPY: (-2.3164, 0.3518, 1.0829) deg
[20:29:59.802] [info]   平移 XYZ: (-0.0307, -0.3070, 0.6346) m
[20:29:59.832] [debug] [ManualAdjust] 平移增量 dxyz=(0.0000, 0.0000, 0.0050)m
[20:29:59.832] [info] [ManualAdjust] 当前外参 [imu_0→cam_front]:
[20:29:59.832] [info]   旋转 RPY: (-2.3164, 0.3518, 1.0829) deg
[20:29:59.832] [info]   平移 XYZ: (-0.0307, -0.3070, 0.6396) m
[20:29:59.881] [debug] [ManualAdjust] 平移增量 dxyz=(0.0000, 0.0000, 0.0050)m
[20:29:59.881] [info] [ManualAdjust] 当前外参 [imu_0→cam_front]:
[20:29:59.881] [info]   旋转 RPY: (-2.3164, 0.3518, 1.0829) deg
[20:29:59.881] [info]   平移 XYZ: (-0.0307, -0.3070, 0.6446) m
[20:29:59.914] [debug] [ManualAdjust] 平移增量 dxyz=(0.0000, 0.0000, 0.0050)m
[20:29:59.914] [info] [ManualAdjust] 当前外参 [imu_0→cam_front]:
[20:29:59.914] [info]   旋转 RPY: (-2.3164, 0.3518, 1.0829) deg
[20:29:59.914] [info]   平移 XYZ: (-0.0307, -0.3070, 0.6496) m
[20:29:59.958] [debug] [ManualAdjust] 平移增量 dxyz=(0.0000, 0.0000, 0.0050)m
[20:29:59.958] [info] [ManualAdjust] 当前外参 [imu_0→cam_front]:
[20:29:59.958] [info]   旋转 RPY: (-2.3164, 0.3518, 1.0829) deg
[20:29:59.958] [info]   平移 XYZ: (-0.0307, -0.3070, 0.6546) m
[20:29:59.990] [debug] [ManualAdjust] 平移增量 dxyz=(0.0000, 0.0000, 0.0050)m
[20:29:59.990] [info] [ManualAdjust] 当前外参 [imu_0→cam_front]:
[20:29:59.990] [info]   旋转 RPY: (-2.3164, 0.3518, 1.0829) deg
[20:29:59.990] [info]   平移 XYZ: (-0.0307, -0.3070, 0.6596) m
[20:30:00.021] [debug] [ManualAdjust] 平移增量 dxyz=(0.0000, 0.0000, 0.0050)m
[20:30:00.021] [info] [ManualAdjust] 当前外参 [imu_0→cam_front]:
[20:30:00.021] [info]   旋转 RPY: (-2.3164, 0.3518, 1.0829) deg
[20:30:00.021] [info]   平移 XYZ: (-0.0307, -0.3070, 0.6646) m
[20:30:00.071] [debug] [ManualAdjust] 平移增量 dxyz=(0.0000, 0.0000, 0.0050)m
[20:30:00.071] [info] [ManualAdjust] 当前外参 [imu_0→cam_front]:
[20:30:00.071] [info]   旋转 RPY: (-2.3164, 0.3518, 1.0829) deg
[20:30:00.071] [info]   平移 XYZ: (-0.0307, -0.3070, 0.6696) m
[20:30:00.113] [debug] [ManualAdjust] 平移增量 dxyz=(0.0000, 0.0000, 0.0050)m
[20:30:00.113] [info] [ManualAdjust] 当前外参 [imu_0→cam_front]:
[20:30:00.113] [info]   旋转 RPY: (-2.3164, 0.3518, 1.0829) deg
[20:30:00.113] [info]   平移 XYZ: (-0.0307, -0.3070, 0.6746) m
[20:30:00.145] [debug] [ManualAdjust] 平移增量 dxyz=(0.0000, 0.0000, 0.0050)m
[20:30:00.145] [info] [ManualAdjust] 当前外参 [imu_0→cam_front]:
[20:30:00.145] [info]   旋转 RPY: (-2.3164, 0.3518, 1.0829) deg
[20:30:00.145] [info]   平移 XYZ: (-0.0307, -0.3070, 0.6796) m
[20:30:00.183] [debug] [ManualAdjust] 平移增量 dxyz=(0.0000, 0.0000, 0.0050)m
[20:30:00.183] [info] [ManualAdjust] 当前外参 [imu_0→cam_front]:
[20:30:00.183] [info]   旋转 RPY: (-2.3164, 0.3518, 1.0829) deg
[20:30:00.183] [info]   平移 XYZ: (-0.0307, -0.3070, 0.6846) m
[20:30:00.216] [debug] [ManualAdjust] 平移增量 dxyz=(0.0000, 0.0000, 0.0050)m
[20:30:00.216] [info] [ManualAdjust] 当前外参 [imu_0→cam_front]:
[20:30:00.216] [info]   旋转 RPY: (-2.3164, 0.3518, 1.0829) deg
[20:30:00.216] [info]   平移 XYZ: (-0.0307, -0.3070, 0.6896) m
[20:30:00.249] [debug] [ManualAdjust] 平移增量 dxyz=(0.0000, 0.0000, 0.0050)m
[20:30:00.249] [info] [ManualAdjust] 当前外参 [imu_0→cam_front]:
[20:30:00.249] [info]   旋转 RPY: (-2.3164, 0.3518, 1.0829) deg
[20:30:00.249] [info]   平移 XYZ: (-0.0307, -0.3070, 0.6946) m
[20:30:00.315] [debug] [ManualAdjust] 平移增量 dxyz=(0.0000, 0.0000, 0.0050)m
[20:30:00.315] [info] [ManualAdjust] 当前外参 [imu_0→cam_front]:
[20:30:00.315] [info]   旋转 RPY: (-2.3164, 0.3518, 1.0829) deg
[20:30:00.315] [info]   平移 XYZ: (-0.0307, -0.3070, 0.6996) m
[20:30:00.349] [debug] [ManualAdjust] 平移增量 dxyz=(0.0000, 0.0000, 0.0050)m
[20:30:00.349] [info] [ManualAdjust] 当前外参 [imu_0→cam_front]:
[20:30:00.349] [info]   旋转 RPY: (-2.3164, 0.3518, 1.0829) deg
[20:30:00.349] [info]   平移 XYZ: (-0.0307, -0.3070, 0.7046) m
[20:30:00.405] [debug] [ManualAdjust] 平移增量 dxyz=(0.0000, 0.0000, 0.0050)m
[20:30:00.405] [info] [ManualAdjust] 当前外参 [imu_0→cam_front]:
[20:30:00.405] [info]   旋转 RPY: (-2.3164, 0.3518, 1.0829) deg
[20:30:00.405] [info]   平移 XYZ: (-0.0307, -0.3070, 0.7096) m
[20:30:00.448] [debug] [ManualAdjust] 平移增量 dxyz=(0.0000, 0.0000, 0.0050)m
[20:30:00.448] [info] [ManualAdjust] 当前外参 [imu_0→cam_front]:
[20:30:00.448] [info]   旋转 RPY: (-2.3164, 0.3518, 1.0829) deg
[20:30:00.448] [info]   平移 XYZ: (-0.0307, -0.3070, 0.7146) m
[20:30:00.479] [debug] [ManualAdjust] 平移增量 dxyz=(0.0000, 0.0000, 0.0050)m
[20:30:00.479] [info] [ManualAdjust] 当前外参 [imu_0→cam_front]:
[20:30:00.479] [info]   旋转 RPY: (-2.3164, 0.3518, 1.0829) deg
[20:30:00.479] [info]   平移 XYZ: (-0.0307, -0.3070, 0.7196) m
[20:30:00.509] [debug] [ManualAdjust] 平移增量 dxyz=(0.0000, 0.0000, 0.0050)m
[20:30:00.509] [info] [ManualAdjust] 当前外参 [imu_0→cam_front]:
[20:30:00.509] [info]   旋转 RPY: (-2.3164, 0.3518, 1.0829) deg
[20:30:00.509] [info]   平移 XYZ: (-0.0307, -0.3070, 0.7246) m
[20:30:00.568] [debug] [ManualAdjust] 平移增量 dxyz=(0.0000, 0.0000, 0.0050)m
[20:30:00.568] [info] [ManualAdjust] 当前外参 [imu_0→cam_front]:
[20:30:00.568] [info]   旋转 RPY: (-2.3164, 0.3518, 1.0829) deg
[20:30:00.568] [info]   平移 XYZ: (-0.0307, -0.3070, 0.7296) m
[20:30:00.598] [debug] [ManualAdjust] 平移增量 dxyz=(0.0000, 0.0000, 0.0050)m
[20:30:00.598] [info] [ManualAdjust] 当前外参 [imu_0→cam_front]:
[20:30:00.598] [info]   旋转 RPY: (-2.3164, 0.3518, 1.0829) deg
[20:30:00.598] [info]   平移 XYZ: (-0.0307, -0.3070, 0.7346) m
[20:30:00.650] [debug] [ManualAdjust] 平移增量 dxyz=(0.0000, 0.0000, 0.0050)m
[20:30:00.650] [info] [ManualAdjust] 当前外参 [imu_0→cam_front]:
[20:30:00.650] [info]   旋转 RPY: (-2.3164, 0.3518, 1.0829) deg
[20:30:00.650] [info]   平移 XYZ: (-0.0307, -0.3070, 0.7396) m
[20:30:00.682] [debug] [ManualAdjust] 平移增量 dxyz=(0.0000, 0.0000, 0.0050)m
[20:30:00.682] [info] [ManualAdjust] 当前外参 [imu_0→cam_front]:
[20:30:00.682] [info]   旋转 RPY: (-2.3164, 0.3518, 1.0829) deg
[20:30:00.682] [info]   平移 XYZ: (-0.0307, -0.3070, 0.7446) m
[20:30:00.721] [debug] [ManualAdjust] 平移增量 dxyz=(0.0000, 0.0000, 0.0050)m
[20:30:00.721] [info] [ManualAdjust] 当前外参 [imu_0→cam_front]:
[20:30:00.721] [info]   旋转 RPY: (-2.3164, 0.3518, 1.0829) deg
[20:30:00.721] [info]   平移 XYZ: (-0.0307, -0.3070, 0.7496) m
[20:30:00.761] [debug] [ManualAdjust] 平移增量 dxyz=(0.0000, 0.0000, 0.0050)m
[20:30:00.762] [info] [ManualAdjust] 当前外参 [imu_0→cam_front]:
[20:30:00.762] [info]   旋转 RPY: (-2.3164, 0.3518, 1.0829) deg
[20:30:00.762] [info]   平移 XYZ: (-0.0307, -0.3070, 0.7546) m
[20:30:00.793] [debug] [ManualAdjust] 平移增量 dxyz=(0.0000, 0.0000, 0.0050)m
[20:30:00.793] [info] [ManualAdjust] 当前外参 [imu_0→cam_front]:
[20:30:00.793] [info]   旋转 RPY: (-2.3164, 0.3518, 1.0829) deg
[20:30:00.793] [info]   平移 XYZ: (-0.0307, -0.3070, 0.7596) m
[20:30:00.846] [debug] [ManualAdjust] 平移增量 dxyz=(0.0000, 0.0000, 0.0050)m
[20:30:00.846] [info] [ManualAdjust] 当前外参 [imu_0→cam_front]:
[20:30:00.846] [info]   旋转 RPY: (-2.3164, 0.3518, 1.0829) deg
[20:30:00.846] [info]   平移 XYZ: (-0.0307, -0.3070, 0.7646) m
[20:30:00.879] [debug] [ManualAdjust] 平移增量 dxyz=(0.0000, 0.0000, 0.0050)m
[20:30:00.881] [info] [ManualAdjust] 当前外参 [imu_0→cam_front]:
[20:30:00.881] [info]   旋转 RPY: (-2.3164, 0.3518, 1.0829) deg
[20:30:00.881] [info]   平移 XYZ: (-0.0307, -0.3070, 0.7696) m
[20:30:00.935] [debug] [ManualAdjust] 平移增量 dxyz=(0.0000, 0.0000, 0.0050)m
[20:30:00.935] [info] [ManualAdjust] 当前外参 [imu_0→cam_front]:
[20:30:00.935] [info]   旋转 RPY: (-2.3164, 0.3518, 1.0829) deg
[20:30:00.935] [info]   平移 XYZ: (-0.0307, -0.3070, 0.7746) m
[20:30:00.981] [debug] [ManualAdjust] 平移增量 dxyz=(0.0000, 0.0000, 0.0050)m
[20:30:00.981] [info] [ManualAdjust] 当前外参 [imu_0→cam_front]:
[20:30:00.981] [info]   旋转 RPY: (-2.3164, 0.3518, 1.0829) deg
[20:30:00.981] [info]   平移 XYZ: (-0.0307, -0.3070, 0.7796) m
[20:30:01.022] [debug] [ManualAdjust] 平移增量 dxyz=(0.0000, 0.0000, 0.0050)m
[20:30:01.022] [info] [ManualAdjust] 当前外参 [imu_0→cam_front]:
[20:30:01.022] [info]   旋转 RPY: (-2.3164, 0.3518, 1.0829) deg
[20:30:01.022] [info]   平移 XYZ: (-0.0307, -0.3070, 0.7846) m
[20:30:01.067] [debug] [ManualAdjust] 平移增量 dxyz=(0.0000, 0.0000, 0.0050)m
[20:30:01.067] [info] [ManualAdjust] 当前外参 [imu_0→cam_front]:
[20:30:01.067] [info]   旋转 RPY: (-2.3164, 0.3518, 1.0829) deg
[20:30:01.067] [info]   平移 XYZ: (-0.0307, -0.3070, 0.7896) m
[20:30:01.104] [debug] [ManualAdjust] 平移增量 dxyz=(0.0000, 0.0000, 0.0050)m
[20:30:01.104] [info] [ManualAdjust] 当前外参 [imu_0→cam_front]:
[20:30:01.104] [info]   旋转 RPY: (-2.3164, 0.3518, 1.0829) deg
[20:30:01.104] [info]   平移 XYZ: (-0.0307, -0.3070, 0.7946) m
[20:30:01.134] [debug] [ManualAdjust] 平移增量 dxyz=(0.0000, 0.0000, 0.0050)m
[20:30:01.134] [info] [ManualAdjust] 当前外参 [imu_0→cam_front]:
[20:30:01.134] [info]   旋转 RPY: (-2.3164, 0.3518, 1.0829) deg
[20:30:01.134] [info]   平移 XYZ: (-0.0307, -0.3070, 0.7996) m
[20:30:01.192] [debug] [ManualAdjust] 平移增量 dxyz=(0.0000, 0.0000, 0.0050)m
[20:30:01.192] [info] [ManualAdjust] 当前外参 [imu_0→cam_front]:
[20:30:01.192] [info]   旋转 RPY: (-2.3164, 0.3518, 1.0829) deg
[20:30:01.192] [info]   平移 XYZ: (-0.0307, -0.3070, 0.8046) m
[20:30:01.225] [debug] [ManualAdjust] 平移增量 dxyz=(0.0000, 0.0000, 0.0050)m
[20:30:01.225] [info] [ManualAdjust] 当前外参 [imu_0→cam_front]:
[20:30:01.225] [info]   旋转 RPY: (-2.3164, 0.3518, 1.0829) deg
[20:30:01.225] [info]   平移 XYZ: (-0.0307, -0.3070, 0.8096) m
[20:30:01.265] [debug] [ManualAdjust] 平移增量 dxyz=(0.0000, 0.0000, 0.0050)m
[20:30:01.265] [info] [ManualAdjust] 当前外参 [imu_0→cam_front]:
[20:30:01.265] [info]   旋转 RPY: (-2.3164, 0.3518, 1.0829) deg
[20:30:01.265] [info]   平移 XYZ: (-0.0307, -0.3070, 0.8146) m
[20:30:01.293] [debug] [ManualAdjust] 平移增量 dxyz=(0.0000, 0.0000, 0.0050)m
[20:30:01.293] [info] [ManualAdjust] 当前外参 [imu_0→cam_front]:
[20:30:01.293] [info]   旋转 RPY: (-2.3164, 0.3518, 1.0829) deg
[20:30:01.293] [info]   平移 XYZ: (-0.0307, -0.3070, 0.8196) m
[20:30:01.324] [debug] [ManualAdjust] 平移增量 dxyz=(0.0000, 0.0000, 0.0050)m
[20:30:01.324] [info] [ManualAdjust] 当前外参 [imu_0→cam_front]:
[20:30:01.324] [info]   旋转 RPY: (-2.3164, 0.3518, 1.0829) deg
[20:30:01.324] [info]   平移 XYZ: (-0.0307, -0.3070, 0.8246) m
[20:30:01.355] [debug] [ManualAdjust] 平移增量 dxyz=(0.0000, 0.0000, 0.0050)m
[20:30:01.355] [info] [ManualAdjust] 当前外参 [imu_0→cam_front]:
[20:30:01.355] [info]   旋转 RPY: (-2.3164, 0.3518, 1.0829) deg
[20:30:01.355] [info]   平移 XYZ: (-0.0307, -0.3070, 0.8296) m
[20:30:01.387] [debug] [ManualAdjust] 平移增量 dxyz=(0.0000, 0.0000, 0.0050)m
[20:30:01.387] [info] [ManualAdjust] 当前外参 [imu_0→cam_front]:
[20:30:01.387] [info]   旋转 RPY: (-2.3164, 0.3518, 1.0829) deg
[20:30:01.387] [info]   平移 XYZ: (-0.0307, -0.3070, 0.8346) m
[20:30:01.445] [debug] [ManualAdjust] 平移增量 dxyz=(0.0000, 0.0000, 0.0050)m
[20:30:01.445] [info] [ManualAdjust] 当前外参 [imu_0→cam_front]:
[20:30:01.445] [info]   旋转 RPY: (-2.3164, 0.3518, 1.0829) deg
[20:30:01.445] [info]   平移 XYZ: (-0.0307, -0.3070, 0.8396) m
[20:30:01.481] [debug] [ManualAdjust] 平移增量 dxyz=(0.0000, 0.0000, 0.0050)m
[20:30:01.481] [info] [ManualAdjust] 当前外参 [imu_0→cam_front]:
[20:30:01.481] [info]   旋转 RPY: (-2.3164, 0.3518, 1.0829) deg
[20:30:01.481] [info]   平移 XYZ: (-0.0307, -0.3070, 0.8446) m
[20:30:01.511] [debug] [ManualAdjust] 平移增量 dxyz=(0.0000, 0.0000, 0.0050)m
[20:30:01.511] [info] [ManualAdjust] 当前外参 [imu_0→cam_front]:
[20:30:01.511] [info]   旋转 RPY: (-2.3164, 0.3518, 1.0829) deg
[20:30:01.511] [info]   平移 XYZ: (-0.0307, -0.3070, 0.8496) m
[20:30:01.568] [debug] [ManualAdjust] 平移增量 dxyz=(0.0000, 0.0000, 0.0050)m
[20:30:01.568] [info] [ManualAdjust] 当前外参 [imu_0→cam_front]:
[20:30:01.568] [info]   旋转 RPY: (-2.3164, 0.3518, 1.0829) deg
[20:30:01.568] [info]   平移 XYZ: (-0.0307, -0.3070, 0.8546) m
[20:30:01.599] [debug] [ManualAdjust] 平移增量 dxyz=(0.0000, 0.0000, 0.0050)m
[20:30:01.599] [info] [ManualAdjust] 当前外参 [imu_0→cam_front]:
[20:30:01.599] [info]   旋转 RPY: (-2.3164, 0.3518, 1.0829) deg
[20:30:01.599] [info]   平移 XYZ: (-0.0307, -0.3070, 0.8596) m
[20:30:01.649] [debug] [ManualAdjust] 平移增量 dxyz=(0.0000, 0.0000, 0.0050)m
[20:30:01.649] [info] [ManualAdjust] 当前外参 [imu_0→cam_front]:
[20:30:01.649] [info]   旋转 RPY: (-2.3164, 0.3518, 1.0829) deg
[20:30:01.649] [info]   平移 XYZ: (-0.0307, -0.3070, 0.8646) m
[20:30:01.681] [debug] [ManualAdjust] 平移增量 dxyz=(0.0000, 0.0000, 0.0050)m
[20:30:01.681] [info] [ManualAdjust] 当前外参 [imu_0→cam_front]:
[20:30:01.681] [info]   旋转 RPY: (-2.3164, 0.3518, 1.0829) deg
[20:30:01.681] [info]   平移 XYZ: (-0.0307, -0.3070, 0.8696) m
[20:30:01.733] [debug] [ManualAdjust] 平移增量 dxyz=(0.0000, 0.0000, 0.0050)m
[20:30:01.733] [info] [ManualAdjust] 当前外参 [imu_0→cam_front]:
[20:30:01.733] [info]   旋转 RPY: (-2.3164, 0.3518, 1.0829) deg
[20:30:01.733] [info]   平移 XYZ: (-0.0307, -0.3070, 0.8746) m
[20:30:01.773] [debug] [ManualAdjust] 平移增量 dxyz=(0.0000, 0.0000, 0.0050)m
[20:30:01.773] [info] [ManualAdjust] 当前外参 [imu_0→cam_front]:
[20:30:01.773] [info]   旋转 RPY: (-2.3164, 0.3518, 1.0829) deg
[20:30:01.773] [info]   平移 XYZ: (-0.0307, -0.3070, 0.8796) m
[20:30:01.804] [debug] [ManualAdjust] 平移增量 dxyz=(0.0000, 0.0000, 0.0050)m
[20:30:01.804] [info] [ManualAdjust] 当前外参 [imu_0→cam_front]:
[20:30:01.804] [info]   旋转 RPY: (-2.3164, 0.3518, 1.0829) deg
[20:30:01.804] [info]   平移 XYZ: (-0.0307, -0.3070, 0.8846) m
[20:30:01.842] [debug] [ManualAdjust] 平移增量 dxyz=(0.0000, 0.0000, 0.0050)m
[20:30:01.842] [info] [ManualAdjust] 当前外参 [imu_0→cam_front]:
[20:30:01.842] [info]   旋转 RPY: (-2.3164, 0.3518, 1.0829) deg
[20:30:01.842] [info]   平移 XYZ: (-0.0307, -0.3070, 0.8896) m
[20:30:01.877] [debug] [ManualAdjust] 平移增量 dxyz=(0.0000, 0.0000, 0.0050)m
[20:30:01.877] [info] [ManualAdjust] 当前外参 [imu_0→cam_front]:
[20:30:01.877] [info]   旋转 RPY: (-2.3164, 0.3518, 1.0829) deg
[20:30:01.877] [info]   平移 XYZ: (-0.0307, -0.3070, 0.8946) m
[20:30:01.929] [debug] [ManualAdjust] 平移增量 dxyz=(0.0000, 0.0000, 0.0050)m
[20:30:01.929] [info] [ManualAdjust] 当前外参 [imu_0→cam_front]:
[20:30:01.929] [info]   旋转 RPY: (-2.3164, 0.3518, 1.0829) deg
[20:30:01.929] [info]   平移 XYZ: (-0.0307, -0.3070, 0.8996) m
[20:30:01.971] [debug] [ManualAdjust] 平移增量 dxyz=(0.0000, 0.0000, 0.0050)m
[20:30:01.971] [info] [ManualAdjust] 当前外参 [imu_0→cam_front]:
[20:30:01.971] [info]   旋转 RPY: (-2.3164, 0.3518, 1.0829) deg
[20:30:01.971] [info]   平移 XYZ: (-0.0307, -0.3070, 0.9046) m
[20:30:02.016] [debug] [ManualAdjust] 平移增量 dxyz=(0.0000, 0.0000, 0.0050)m
[20:30:02.016] [info] [ManualAdjust] 当前外参 [imu_0→cam_front]:
[20:30:02.016] [info]   旋转 RPY: (-2.3164, 0.3518, 1.0829) deg
[20:30:02.016] [info]   平移 XYZ: (-0.0307, -0.3070, 0.9096) m
[20:30:02.046] [debug] [ManualAdjust] 平移增量 dxyz=(0.0000, 0.0000, 0.0050)m
[20:30:02.046] [info] [ManualAdjust] 当前外参 [imu_0→cam_front]:
[20:30:02.046] [info]   旋转 RPY: (-2.3164, 0.3518, 1.0829) deg
[20:30:02.046] [info]   平移 XYZ: (-0.0307, -0.3070, 0.9146) m
[20:30:02.076] [debug] [ManualAdjust] 平移增量 dxyz=(0.0000, 0.0000, 0.0050)m
[20:30:02.076] [info] [ManualAdjust] 当前外参 [imu_0→cam_front]:
[20:30:02.076] [info]   旋转 RPY: (-2.3164, 0.3518, 1.0829) deg
[20:30:02.076] [info]   平移 XYZ: (-0.0307, -0.3070, 0.9196) m
[20:30:02.132] [debug] [ManualAdjust] 平移增量 dxyz=(0.0000, 0.0000, 0.0050)m
[20:30:02.132] [info] [ManualAdjust] 当前外参 [imu_0→cam_front]:
[20:30:02.132] [info]   旋转 RPY: (-2.3164, 0.3518, 1.0829) deg
[20:30:02.132] [info]   平移 XYZ: (-0.0307, -0.3070, 0.9246) m
[20:30:02.162] [debug] [ManualAdjust] 平移增量 dxyz=(0.0000, 0.0000, 0.0050)m
[20:30:02.162] [info] [ManualAdjust] 当前外参 [imu_0→cam_front]:
[20:30:02.162] [info]   旋转 RPY: (-2.3164, 0.3518, 1.0829) deg
[20:30:02.162] [info]   平移 XYZ: (-0.0307, -0.3070, 0.9296) m
[20:30:02.215] [debug] [ManualAdjust] 平移增量 dxyz=(0.0000, 0.0000, 0.0050)m
[20:30:02.215] [info] [ManualAdjust] 当前外参 [imu_0→cam_front]:
[20:30:02.215] [info]   旋转 RPY: (-2.3164, 0.3518, 1.0829) deg
[20:30:02.215] [info]   平移 XYZ: (-0.0307, -0.3070, 0.9346) m
[20:30:02.246] [debug] [ManualAdjust] 平移增量 dxyz=(0.0000, 0.0000, 0.0050)m
[20:30:02.246] [info] [ManualAdjust] 当前外参 [imu_0→cam_front]:
[20:30:02.246] [info]   旋转 RPY: (-2.3164, 0.3518, 1.0829) deg
[20:30:02.246] [info]   平移 XYZ: (-0.0307, -0.3070, 0.9396) m
[20:30:02.276] [debug] [ManualAdjust] 平移增量 dxyz=(0.0000, 0.0000, 0.0050)m
[20:30:02.276] [info] [ManualAdjust] 当前外参 [imu_0→cam_front]:
[20:30:02.276] [info]   旋转 RPY: (-2.3164, 0.3518, 1.0829) deg
[20:30:02.276] [info]   平移 XYZ: (-0.0307, -0.3070, 0.9446) m
[20:30:02.309] [debug] [ManualAdjust] 平移增量 dxyz=(0.0000, 0.0000, 0.0050)m
[20:30:02.309] [info] [ManualAdjust] 当前外参 [imu_0→cam_front]:
[20:30:02.309] [info]   旋转 RPY: (-2.3164, 0.3518, 1.0829) deg
[20:30:02.309] [info]   平移 XYZ: (-0.0307, -0.3070, 0.9496) m
[20:30:02.351] [debug] [ManualAdjust] 平移增量 dxyz=(0.0000, 0.0000, 0.0050)m
[20:30:02.351] [info] [ManualAdjust] 当前外参 [imu_0→cam_front]:
[20:30:02.351] [info]   旋转 RPY: (-2.3164, 0.3518, 1.0829) deg
[20:30:02.351] [info]   平移 XYZ: (-0.0307, -0.3070, 0.9546) m
[20:30:02.392] [debug] [ManualAdjust] 平移增量 dxyz=(0.0000, 0.0000, 0.0050)m
[20:30:02.392] [info] [ManualAdjust] 当前外参 [imu_0→cam_front]:
[20:30:02.392] [info]   旋转 RPY: (-2.3164, 0.3518, 1.0829) deg
[20:30:02.392] [info]   平移 XYZ: (-0.0307, -0.3070, 0.9596) m
[20:30:02.437] [debug] [ManualAdjust] 平移增量 dxyz=(0.0000, 0.0000, 0.0050)m
[20:30:02.437] [info] [ManualAdjust] 当前外参 [imu_0→cam_front]:
[20:30:02.437] [info]   旋转 RPY: (-2.3164, 0.3518, 1.0829) deg
[20:30:02.437] [info]   平移 XYZ: (-0.0307, -0.3070, 0.9646) m
[20:30:02.470] [debug] [ManualAdjust] 平移增量 dxyz=(0.0000, 0.0000, 0.0050)m
[20:30:02.470] [info] [ManualAdjust] 当前外参 [imu_0→cam_front]:
[20:30:02.470] [info]   旋转 RPY: (-2.3164, 0.3518, 1.0829) deg
[20:30:02.470] [info]   平移 XYZ: (-0.0307, -0.3070, 0.9696) m
[20:30:02.500] [debug] [ManualAdjust] 平移增量 dxyz=(0.0000, 0.0000, 0.0050)m
[20:30:02.500] [info] [ManualAdjust] 当前外参 [imu_0→cam_front]:
[20:30:02.500] [info]   旋转 RPY: (-2.3164, 0.3518, 1.0829) deg
[20:30:02.500] [info]   平移 XYZ: (-0.0307, -0.3070, 0.9746) m
[20:30:02.533] [debug] [ManualAdjust] 平移增量 dxyz=(0.0000, 0.0000, 0.0050)m
[20:30:02.533] [info] [ManualAdjust] 当前外参 [imu_0→cam_front]:
[20:30:02.533] [info]   旋转 RPY: (-2.3164, 0.3518, 1.0829) deg
[20:30:02.533] [info]   平移 XYZ: (-0.0307, -0.3070, 0.9796) m
[20:30:02.567] [debug] [ManualAdjust] 平移增量 dxyz=(0.0000, 0.0000, 0.0050)m
[20:30:02.567] [info] [ManualAdjust] 当前外参 [imu_0→cam_front]:
[20:30:02.567] [info]   旋转 RPY: (-2.3164, 0.3518, 1.0829) deg
[20:30:02.567] [info]   平移 XYZ: (-0.0307, -0.3070, 0.9846) m
[20:30:02.598] [debug] [ManualAdjust] 平移增量 dxyz=(0.0000, 0.0000, 0.0050)m
[20:30:02.598] [info] [ManualAdjust] 当前外参 [imu_0→cam_front]:
[20:30:02.598] [info]   旋转 RPY: (-2.3164, 0.3518, 1.0829) deg
[20:30:02.598] [info]   平移 XYZ: (-0.0307, -0.3070, 0.9896) m
[20:30:02.635] [debug] [ManualAdjust] 平移增量 dxyz=(0.0000, 0.0000, 0.0050)m
[20:30:02.635] [info] [ManualAdjust] 当前外参 [imu_0→cam_front]:
[20:30:02.635] [info]   旋转 RPY: (-2.3164, 0.3518, 1.0829) deg
[20:30:02.635] [info]   平移 XYZ: (-0.0307, -0.3070, 0.9946) m
[20:30:02.664] [debug] [ManualAdjust] 平移增量 dxyz=(0.0000, 0.0000, 0.0050)m
[20:30:02.664] [info] [ManualAdjust] 当前外参 [imu_0→cam_front]:
[20:30:02.664] [info]   旋转 RPY: (-2.3164, 0.3518, 1.0829) deg
[20:30:02.664] [info]   平移 XYZ: (-0.0307, -0.3070, 0.9996) m
[20:30:02.694] [debug] [ManualAdjust] 平移增量 dxyz=(0.0000, 0.0000, 0.0050)m
[20:30:02.694] [info] [ManualAdjust] 当前外参 [imu_0→cam_front]:
[20:30:02.694] [info]   旋转 RPY: (-2.3164, 0.3518, 1.0829) deg
[20:30:02.694] [info]   平移 XYZ: (-0.0307, -0.3070, 1.0046) m
[20:30:02.749] [debug] [ManualAdjust] 平移增量 dxyz=(0.0000, 0.0000, 0.0050)m
[20:30:02.749] [info] [ManualAdjust] 当前外参 [imu_0→cam_front]:
[20:30:02.749] [info]   旋转 RPY: (-2.3164, 0.3518, 1.0829) deg
[20:30:02.749] [info]   平移 XYZ: (-0.0307, -0.3070, 1.0096) m
[20:30:02.779] [debug] [ManualAdjust] 平移增量 dxyz=(0.0000, 0.0000, 0.0050)m
[20:30:02.779] [info] [ManualAdjust] 当前外参 [imu_0→cam_front]:
[20:30:02.779] [info]   旋转 RPY: (-2.3164, 0.3518, 1.0829) deg
[20:30:02.779] [info]   平移 XYZ: (-0.0307, -0.3070, 1.0146) m
[20:30:02.839] [debug] [ManualAdjust] 平移增量 dxyz=(0.0000, 0.0000, 0.0050)m
[20:30:02.839] [info] [ManualAdjust] 当前外参 [imu_0→cam_front]:
[20:30:02.839] [info]   旋转 RPY: (-2.3164, 0.3518, 1.0829) deg
[20:30:02.839] [info]   平移 XYZ: (-0.0307, -0.3070, 1.0196) m
[20:30:02.881] [debug] [ManualAdjust] 平移增量 dxyz=(0.0000, 0.0000, 0.0050)m
[20:30:02.881] [info] [ManualAdjust] 当前外参 [imu_0→cam_front]:
[20:30:02.881] [info]   旋转 RPY: (-2.3164, 0.3518, 1.0829) deg
[20:30:02.881] [info]   平移 XYZ: (-0.0307, -0.3070, 1.0246) m
[20:30:02.915] [debug] [ManualAdjust] 平移增量 dxyz=(0.0000, 0.0000, 0.0050)m
[20:30:02.915] [info] [ManualAdjust] 当前外参 [imu_0→cam_front]:
[20:30:02.915] [info]   旋转 RPY: (-2.3164, 0.3518, 1.0829) deg
[20:30:02.915] [info]   平移 XYZ: (-0.0307, -0.3070, 1.0296) m
[20:30:02.945] [debug] [ManualAdjust] 平移增量 dxyz=(0.0000, 0.0000, 0.0050)m
[20:30:02.945] [info] [ManualAdjust] 当前外参 [imu_0→cam_front]:
[20:30:02.945] [info]   旋转 RPY: (-2.3164, 0.3518, 1.0829) deg
[20:30:02.945] [info]   平移 XYZ: (-0.0307, -0.3070, 1.0346) m
[20:30:02.991] [debug] [ManualAdjust] 平移增量 dxyz=(0.0000, 0.0000, 0.0050)m
[20:30:02.991] [info] [ManualAdjust] 当前外参 [imu_0→cam_front]:
[20:30:02.991] [info]   旋转 RPY: (-2.3164, 0.3518, 1.0829) deg
[20:30:02.991] [info]   平移 XYZ: (-0.0307, -0.3070, 1.0396) m
[20:30:03.031] [debug] [ManualAdjust] 平移增量 dxyz=(0.0000, 0.0000, 0.0050)m
[20:30:03.031] [info] [ManualAdjust] 当前外参 [imu_0→cam_front]:
[20:30:03.031] [info]   旋转 RPY: (-2.3164, 0.3518, 1.0829) deg
[20:30:03.031] [info]   平移 XYZ: (-0.0307, -0.3070, 1.0446) m
[20:30:03.064] [debug] [ManualAdjust] 平移增量 dxyz=(0.0000, 0.0000, 0.0050)m
[20:30:03.064] [info] [ManualAdjust] 当前外参 [imu_0→cam_front]:
[20:30:03.064] [info]   旋转 RPY: (-2.3164, 0.3518, 1.0829) deg
[20:30:03.064] [info]   平移 XYZ: (-0.0307, -0.3070, 1.0496) m
[20:30:03.093] [debug] [ManualAdjust] 平移增量 dxyz=(0.0000, 0.0000, 0.0050)m
[20:30:03.093] [info] [ManualAdjust] 当前外参 [imu_0→cam_front]:
[20:30:03.093] [info]   旋转 RPY: (-2.3164, 0.3518, 1.0829) deg
[20:30:03.093] [info]   平移 XYZ: (-0.0307, -0.3070, 1.0546) m
[20:30:03.123] [debug] [ManualAdjust] 平移增量 dxyz=(0.0000, 0.0000, 0.0050)m
[20:30:03.123] [info] [ManualAdjust] 当前外参 [imu_0→cam_front]:
[20:30:03.123] [info]   旋转 RPY: (-2.3164, 0.3518, 1.0829) deg
[20:30:03.123] [info]   平移 XYZ: (-0.0307, -0.3070, 1.0596) m
[20:30:03.167] [debug] [ManualAdjust] 平移增量 dxyz=(0.0000, 0.0000, 0.0050)m
[20:30:03.167] [info] [ManualAdjust] 当前外参 [imu_0→cam_front]:
[20:30:03.167] [info]   旋转 RPY: (-2.3164, 0.3518, 1.0829) deg
[20:30:03.167] [info]   平移 XYZ: (-0.0307, -0.3070, 1.0646) m
[20:30:03.201] [debug] [ManualAdjust] 平移增量 dxyz=(0.0000, 0.0000, 0.0050)m
[20:30:03.201] [info] [ManualAdjust] 当前外参 [imu_0→cam_front]:
[20:30:03.201] [info]   旋转 RPY: (-2.3164, 0.3518, 1.0829) deg
[20:30:03.201] [info]   平移 XYZ: (-0.0307, -0.3070, 1.0696) m
[20:30:03.232] [debug] [ManualAdjust] 平移增量 dxyz=(0.0000, 0.0000, 0.0050)m
[20:30:03.232] [info] [ManualAdjust] 当前外参 [imu_0→cam_front]:
[20:30:03.232] [info]   旋转 RPY: (-2.3164, 0.3518, 1.0829) deg
[20:30:03.232] [info]   平移 XYZ: (-0.0307, -0.3070, 1.0746) m
[20:30:03.287] [debug] [ManualAdjust] 平移增量 dxyz=(0.0000, 0.0000, 0.0050)m
[20:30:03.287] [info] [ManualAdjust] 当前外参 [imu_0→cam_front]:
[20:30:03.287] [info]   旋转 RPY: (-2.3164, 0.3518, 1.0829) deg
[20:30:03.287] [info]   平移 XYZ: (-0.0307, -0.3070, 1.0796) m
[20:30:03.317] [debug] [ManualAdjust] 平移增量 dxyz=(0.0000, 0.0000, 0.0050)m
[20:30:03.317] [info] [ManualAdjust] 当前外参 [imu_0→cam_front]:
[20:30:03.317] [info]   旋转 RPY: (-2.3164, 0.3518, 1.0829) deg
[20:30:03.317] [info]   平移 XYZ: (-0.0307, -0.3070, 1.0846) m
[20:30:03.375] [debug] [ManualAdjust] 平移增量 dxyz=(0.0000, 0.0000, 0.0050)m
[20:30:03.376] [info] [ManualAdjust] 当前外参 [imu_0→cam_front]:
[20:30:03.376] [info]   旋转 RPY: (-2.3164, 0.3518, 1.0829) deg
[20:30:03.376] [info]   平移 XYZ: (-0.0307, -0.3070, 1.0896) m
[20:30:03.414] [debug] [ManualAdjust] 平移增量 dxyz=(0.0000, 0.0000, 0.0050)m
[20:30:03.414] [info] [ManualAdjust] 当前外参 [imu_0→cam_front]:
[20:30:03.414] [info]   旋转 RPY: (-2.3164, 0.3518, 1.0829) deg
[20:30:03.414] [info]   平移 XYZ: (-0.0307, -0.3070, 1.0946) m
[20:30:03.445] [debug] [ManualAdjust] 平移增量 dxyz=(0.0000, 0.0000, 0.0050)m
[20:30:03.445] [info] [ManualAdjust] 当前外参 [imu_0→cam_front]:
[20:30:03.445] [info]   旋转 RPY: (-2.3164, 0.3518, 1.0829) deg
[20:30:03.445] [info]   平移 XYZ: (-0.0307, -0.3070, 1.0996) m
[20:30:03.483] [debug] [ManualAdjust] 平移增量 dxyz=(0.0000, 0.0000, 0.0050)m
[20:30:03.484] [info] [ManualAdjust] 当前外参 [imu_0→cam_front]:
[20:30:03.484] [info]   旋转 RPY: (-2.3164, 0.3518, 1.0829) deg
[20:30:03.484] [info]   平移 XYZ: (-0.0307, -0.3070, 1.1046) m
[20:30:03.514] [debug] [ManualAdjust] 平移增量 dxyz=(0.0000, 0.0000, 0.0050)m
[20:30:03.514] [info] [ManualAdjust] 当前外参 [imu_0→cam_front]:
[20:30:03.514] [info]   旋转 RPY: (-2.3164, 0.3518, 1.0829) deg
[20:30:03.514] [info]   平移 XYZ: (-0.0307, -0.3070, 1.1096) m
[20:30:03.556] [debug] [ManualAdjust] 平移增量 dxyz=(0.0000, 0.0000, 0.0050)m
[20:30:03.556] [info] [ManualAdjust] 当前外参 [imu_0→cam_front]:
[20:30:03.556] [info]   旋转 RPY: (-2.3164, 0.3518, 1.0829) deg
[20:30:03.556] [info]   平移 XYZ: (-0.0307, -0.3070, 1.1146) m
[20:30:03.590] [debug] [ManualAdjust] 平移增量 dxyz=(0.0000, 0.0000, 0.0050)m
[20:30:03.590] [info] [ManualAdjust] 当前外参 [imu_0→cam_front]:
[20:30:03.590] [info]   旋转 RPY: (-2.3164, 0.3518, 1.0829) deg
[20:30:03.590] [info]   平移 XYZ: (-0.0307, -0.3070, 1.1196) m
[20:30:03.620] [debug] [ManualAdjust] 平移增量 dxyz=(0.0000, 0.0000, 0.0050)m
[20:30:03.620] [info] [ManualAdjust] 当前外参 [imu_0→cam_front]:
[20:30:03.620] [info]   旋转 RPY: (-2.3164, 0.3518, 1.0829) deg
[20:30:03.620] [info]   平移 XYZ: (-0.0307, -0.3070, 1.1246) m
[20:30:03.655] [debug] [ManualAdjust] 平移增量 dxyz=(0.0000, 0.0000, 0.0050)m
[20:30:03.655] [info] [ManualAdjust] 当前外参 [imu_0→cam_front]:
[20:30:03.655] [info]   旋转 RPY: (-2.3164, 0.3518, 1.0829) deg
[20:30:03.655] [info]   平移 XYZ: (-0.0307, -0.3070, 1.1296) m
[20:30:03.692] [debug] [ManualAdjust] 平移增量 dxyz=(0.0000, 0.0000, 0.0050)m
[20:30:03.692] [info] [ManualAdjust] 当前外参 [imu_0→cam_front]:
[20:30:03.692] [info]   旋转 RPY: (-2.3164, 0.3518, 1.0829) deg
[20:30:03.692] [info]   平移 XYZ: (-0.0307, -0.3070, 1.1346) m
[20:30:03.737] [debug] [ManualAdjust] 平移增量 dxyz=(0.0000, 0.0000, 0.0050)m
[20:30:03.737] [info] [ManualAdjust] 当前外参 [imu_0→cam_front]:
[20:30:03.737] [info]   旋转 RPY: (-2.3164, 0.3518, 1.0829) deg
[20:30:03.737] [info]   平移 XYZ: (-0.0307, -0.3070, 1.1396) m
[20:30:03.767] [debug] [ManualAdjust] 平移增量 dxyz=(0.0000, 0.0000, 0.0050)m
[20:30:03.767] [info] [ManualAdjust] 当前外参 [imu_0→cam_front]:
[20:30:03.767] [info]   旋转 RPY: (-2.3164, 0.3518, 1.0829) deg
[20:30:03.767] [info]   平移 XYZ: (-0.0307, -0.3070, 1.1446) m
[20:30:03.807] [debug] [ManualAdjust] 平移增量 dxyz=(0.0000, 0.0000, 0.0050)m
[20:30:03.807] [info] [ManualAdjust] 当前外参 [imu_0→cam_front]:
[20:30:03.807] [info]   旋转 RPY: (-2.3164, 0.3518, 1.0829) deg
[20:30:03.807] [info]   平移 XYZ: (-0.0307, -0.3070, 1.1496) m
[20:30:03.836] [debug] [ManualAdjust] 平移增量 dxyz=(0.0000, 0.0000, 0.0050)m
[20:30:03.836] [info] [ManualAdjust] 当前外参 [imu_0→cam_front]:
[20:30:03.836] [info]   旋转 RPY: (-2.3164, 0.3518, 1.0829) deg
[20:30:03.836] [info]   平移 XYZ: (-0.0307, -0.3070, 1.1546) m
[20:30:03.881] [debug] [ManualAdjust] 平移增量 dxyz=(0.0000, 0.0000, 0.0050)m
[20:30:03.881] [info] [ManualAdjust] 当前外参 [imu_0→cam_front]:
[20:30:03.881] [info]   旋转 RPY: (-2.3164, 0.3518, 1.0829) deg
[20:30:03.881] [info]   平移 XYZ: (-0.0307, -0.3070, 1.1596) m
[20:30:03.913] [debug] [ManualAdjust] 平移增量 dxyz=(0.0000, 0.0000, 0.0050)m
[20:30:03.913] [info] [ManualAdjust] 当前外参 [imu_0→cam_front]:
[20:30:03.913] [info]   旋转 RPY: (-2.3164, 0.3518, 1.0829) deg
[20:30:03.913] [info]   平移 XYZ: (-0.0307, -0.3070, 1.1646) m
[20:30:03.943] [debug] [ManualAdjust] 平移增量 dxyz=(0.0000, 0.0000, 0.0050)m
[20:30:03.943] [info] [ManualAdjust] 当前外参 [imu_0→cam_front]:
[20:30:03.943] [info]   旋转 RPY: (-2.3164, 0.3518, 1.0829) deg
[20:30:03.943] [info]   平移 XYZ: (-0.0307, -0.3070, 1.1696) m
[20:30:03.991] [debug] [ManualAdjust] 平移增量 dxyz=(0.0000, 0.0000, 0.0050)m
[20:30:03.991] [info] [ManualAdjust] 当前外参 [imu_0→cam_front]:
[20:30:03.991] [info]   旋转 RPY: (-2.3164, 0.3518, 1.0829) deg
[20:30:03.991] [info]   平移 XYZ: (-0.0307, -0.3070, 1.1746) m
[20:30:04.042] [debug] [ManualAdjust] 平移增量 dxyz=(0.0000, 0.0000, 0.0050)m
[20:30:04.042] [info] [ManualAdjust] 当前外参 [imu_0→cam_front]:
[20:30:04.042] [info]   旋转 RPY: (-2.3164, 0.3518, 1.0829) deg
[20:30:04.042] [info]   平移 XYZ: (-0.0307, -0.3070, 1.1796) m
[20:30:04.080] [debug] [ManualAdjust] 平移增量 dxyz=(0.0000, 0.0000, 0.0050)m
[20:30:04.080] [info] [ManualAdjust] 当前外参 [imu_0→cam_front]:
[20:30:04.080] [info]   旋转 RPY: (-2.3164, 0.3518, 1.0829) deg
[20:30:04.080] [info]   平移 XYZ: (-0.0307, -0.3070, 1.1846) m
[20:30:04.112] [debug] [ManualAdjust] 平移增量 dxyz=(0.0000, 0.0000, 0.0050)m
[20:30:04.112] [info] [ManualAdjust] 当前外参 [imu_0→cam_front]:
[20:30:04.112] [info]   旋转 RPY: (-2.3164, 0.3518, 1.0829) deg
[20:30:04.112] [info]   平移 XYZ: (-0.0307, -0.3070, 1.1896) m
[20:30:04.166] [debug] [ManualAdjust] 平移增量 dxyz=(0.0000, 0.0000, 0.0050)m
[20:30:04.166] [info] [ManualAdjust] 当前外参 [imu_0→cam_front]:
[20:30:04.166] [info]   旋转 RPY: (-2.3164, 0.3518, 1.0829) deg
[20:30:04.166] [info]   平移 XYZ: (-0.0307, -0.3070, 1.1946) m
[20:30:04.199] [debug] [ManualAdjust] 平移增量 dxyz=(0.0000, 0.0000, 0.0050)m
[20:30:04.199] [info] [ManualAdjust] 当前外参 [imu_0→cam_front]:
[20:30:04.199] [info]   旋转 RPY: (-2.3164, 0.3518, 1.0829) deg
[20:30:04.199] [info]   平移 XYZ: (-0.0307, -0.3070, 1.1996) m
[20:30:04.251] [debug] [ManualAdjust] 平移增量 dxyz=(0.0000, 0.0000, 0.0050)m
[20:30:04.251] [info] [ManualAdjust] 当前外参 [imu_0→cam_front]:
[20:30:04.251] [info]   旋转 RPY: (-2.3164, 0.3518, 1.0829) deg
[20:30:04.251] [info]   平移 XYZ: (-0.0307, -0.3070, 1.2046) m
[20:30:04.285] [debug] [ManualAdjust] 平移增量 dxyz=(0.0000, 0.0000, 0.0050)m
[20:30:04.285] [info] [ManualAdjust] 当前外参 [imu_0→cam_front]:
[20:30:04.285] [info]   旋转 RPY: (-2.3164, 0.3518, 1.0829) deg
[20:30:04.285] [info]   平移 XYZ: (-0.0307, -0.3070, 1.2096) m
[20:30:04.313] [debug] [ManualAdjust] 平移增量 dxyz=(0.0000, 0.0000, 0.0050)m
[20:30:04.313] [info] [ManualAdjust] 当前外参 [imu_0→cam_front]:
[20:30:04.313] [info]   旋转 RPY: (-2.3164, 0.3518, 1.0829) deg
[20:30:04.313] [info]   平移 XYZ: (-0.0307, -0.3070, 1.2146) m
[20:30:04.343] [debug] [ManualAdjust] 平移增量 dxyz=(0.0000, 0.0000, 0.0050)m
[20:30:04.343] [info] [ManualAdjust] 当前外参 [imu_0→cam_front]:
[20:30:04.343] [info]   旋转 RPY: (-2.3164, 0.3518, 1.0829) deg
[20:30:04.343] [info]   平移 XYZ: (-0.0307, -0.3070, 1.2196) m
[20:30:04.400] [debug] [ManualAdjust] 平移增量 dxyz=(0.0000, 0.0000, 0.0050)m
[20:30:04.401] [info] [ManualAdjust] 当前外参 [imu_0→cam_front]:
[20:30:04.401] [info]   旋转 RPY: (-2.3164, 0.3518, 1.0829) deg
[20:30:04.401] [info]   平移 XYZ: (-0.0307, -0.3070, 1.2246) m
[20:30:04.431] [debug] [ManualAdjust] 平移增量 dxyz=(0.0000, 0.0000, 0.0050)m
[20:30:04.431] [info] [ManualAdjust] 当前外参 [imu_0→cam_front]:
[20:30:04.431] [info]   旋转 RPY: (-2.3164, 0.3518, 1.0829) deg
[20:30:04.431] [info]   平移 XYZ: (-0.0307, -0.3070, 1.2296) m
[20:30:04.462] [debug] [ManualAdjust] 平移增量 dxyz=(0.0000, 0.0000, 0.0050)m
[20:30:04.462] [info] [ManualAdjust] 当前外参 [imu_0→cam_front]:
[20:30:04.462] [info]   旋转 RPY: (-2.3164, 0.3518, 1.0829) deg
[20:30:04.462] [info]   平移 XYZ: (-0.0307, -0.3070, 1.2346) m
[20:30:04.497] [debug] [ManualAdjust] 平移增量 dxyz=(0.0000, 0.0000, 0.0050)m
[20:30:04.497] [info] [ManualAdjust] 当前外参 [imu_0→cam_front]:
[20:30:04.497] [info]   旋转 RPY: (-2.3164, 0.3518, 1.0829) deg
[20:30:04.497] [info]   平移 XYZ: (-0.0307, -0.3070, 1.2396) m
[20:30:04.528] [debug] [ManualAdjust] 平移增量 dxyz=(0.0000, 0.0000, 0.0050)m
[20:30:04.528] [info] [ManualAdjust] 当前外参 [imu_0→cam_front]:
[20:30:04.528] [info]   旋转 RPY: (-2.3164, 0.3518, 1.0829) deg
[20:30:04.528] [info]   平移 XYZ: (-0.0307, -0.3070, 1.2446) m
[20:30:04.584] [debug] [ManualAdjust] 平移增量 dxyz=(0.0000, 0.0000, 0.0050)m
[20:30:04.584] [info] [ManualAdjust] 当前外参 [imu_0→cam_front]:
[20:30:04.584] [info]   旋转 RPY: (-2.3164, 0.3518, 1.0829) deg
[20:30:04.584] [info]   平移 XYZ: (-0.0307, -0.3070, 1.2496) m
[20:30:04.629] [debug] [ManualAdjust] 平移增量 dxyz=(0.0000, 0.0000, 0.0050)m
[20:30:04.629] [info] [ManualAdjust] 当前外参 [imu_0→cam_front]:
[20:30:04.629] [info]   旋转 RPY: (-2.3164, 0.3518, 1.0829) deg
[20:30:04.629] [info]   平移 XYZ: (-0.0307, -0.3070, 1.2546) m
[20:30:04.673] [debug] [ManualAdjust] 平移增量 dxyz=(0.0000, 0.0000, 0.0050)m
[20:30:04.673] [info] [ManualAdjust] 当前外参 [imu_0→cam_front]:
[20:30:04.673] [info]   旋转 RPY: (-2.3164, 0.3518, 1.0829) deg
[20:30:04.673] [info]   平移 XYZ: (-0.0307, -0.3070, 1.2596) m
[20:30:04.703] [debug] [ManualAdjust] 平移增量 dxyz=(0.0000, 0.0000, 0.0050)m
[20:30:04.703] [info] [ManualAdjust] 当前外参 [imu_0→cam_front]:
[20:30:04.703] [info]   旋转 RPY: (-2.3164, 0.3518, 1.0829) deg
[20:30:04.703] [info]   平移 XYZ: (-0.0307, -0.3070, 1.2646) m
[20:30:04.759] [debug] [ManualAdjust] 平移增量 dxyz=(0.0000, 0.0000, 0.0050)m
[20:30:04.759] [info] [ManualAdjust] 当前外参 [imu_0→cam_front]:
[20:30:04.759] [info]   旋转 RPY: (-2.3164, 0.3518, 1.0829) deg
[20:30:04.759] [info]   平移 XYZ: (-0.0307, -0.3070, 1.2696) m
[20:30:04.789] [debug] [ManualAdjust] 平移增量 dxyz=(0.0000, 0.0000, 0.0050)m
[20:30:04.790] [info] [ManualAdjust] 当前外参 [imu_0→cam_front]:
[20:30:04.790] [info]   旋转 RPY: (-2.3164, 0.3518, 1.0829) deg
[20:30:04.790] [info]   平移 XYZ: (-0.0307, -0.3070, 1.2746) m
[20:30:04.842] [debug] [ManualAdjust] 平移增量 dxyz=(0.0000, 0.0000, 0.0050)m
[20:30:04.842] [info] [ManualAdjust] 当前外参 [imu_0→cam_front]:
[20:30:04.842] [info]   旋转 RPY: (-2.3164, 0.3518, 1.0829) deg
[20:30:04.842] [info]   平移 XYZ: (-0.0307, -0.3070, 1.2796) m
[20:30:04.889] [debug] [ManualAdjust] 平移增量 dxyz=(0.0000, 0.0000, 0.0050)m
[20:30:04.889] [info] [ManualAdjust] 当前外参 [imu_0→cam_front]:
[20:30:04.889] [info]   旋转 RPY: (-2.3164, 0.3518, 1.0829) deg
[20:30:04.889] [info]   平移 XYZ: (-0.0307, -0.3070, 1.2846) m
[20:30:04.918] [debug] [ManualAdjust] 平移增量 dxyz=(0.0000, 0.0000, 0.0050)m
[20:30:04.918] [info] [ManualAdjust] 当前外参 [imu_0→cam_front]:
[20:30:04.918] [info]   旋转 RPY: (-2.3164, 0.3518, 1.0829) deg
[20:30:04.918] [info]   平移 XYZ: (-0.0307, -0.3070, 1.2896) m
[20:30:04.948] [debug] [ManualAdjust] 平移增量 dxyz=(0.0000, 0.0000, 0.0050)m
[20:30:04.948] [info] [ManualAdjust] 当前外参 [imu_0→cam_front]:
[20:30:04.948] [info]   旋转 RPY: (-2.3164, 0.3518, 1.0829) deg
[20:30:04.948] [info]   平移 XYZ: (-0.0307, -0.3070, 1.2946) m
[20:30:05.007] [debug] [ManualAdjust] 平移增量 dxyz=(0.0000, 0.0000, 0.0050)m
[20:30:05.007] [info] [ManualAdjust] 当前外参 [imu_0→cam_front]:
[20:30:05.007] [info]   旋转 RPY: (-2.3164, 0.3518, 1.0829) deg
[20:30:05.007] [info]   平移 XYZ: (-0.0307, -0.3070, 1.2996) m
[20:30:05.040] [debug] [ManualAdjust] 平移增量 dxyz=(0.0000, 0.0000, 0.0050)m
[20:30:05.040] [info] [ManualAdjust] 当前外参 [imu_0→cam_front]:
[20:30:05.040] [info]   旋转 RPY: (-2.3164, 0.3518, 1.0829) deg
[20:30:05.040] [info]   平移 XYZ: (-0.0307, -0.3070, 1.3046) m
[20:30:05.070] [debug] [ManualAdjust] 平移增量 dxyz=(0.0000, 0.0000, 0.0050)m
[20:30:05.070] [info] [ManualAdjust] 当前外参 [imu_0→cam_front]:
[20:30:05.070] [info]   旋转 RPY: (-2.3164, 0.3518, 1.0829) deg
[20:30:05.070] [info]   平移 XYZ: (-0.0307, -0.3070, 1.3096) m
[20:30:05.126] [debug] [ManualAdjust] 平移增量 dxyz=(0.0000, 0.0000, 0.0050)m
[20:30:05.126] [info] [ManualAdjust] 当前外参 [imu_0→cam_front]:
[20:30:05.126] [info]   旋转 RPY: (-2.3164, 0.3518, 1.0829) deg
[20:30:05.126] [info]   平移 XYZ: (-0.0307, -0.3070, 1.3146) m
[20:30:05.171] [debug] [ManualAdjust] 平移增量 dxyz=(0.0000, 0.0000, 0.0050)m
[20:30:05.171] [info] [ManualAdjust] 当前外参 [imu_0→cam_front]:
[20:30:05.171] [info]   旋转 RPY: (-2.3164, 0.3518, 1.0829) deg
[20:30:05.171] [info]   平移 XYZ: (-0.0307, -0.3070, 1.3196) m
[20:30:05.226] [debug] [ManualAdjust] 平移增量 dxyz=(0.0000, 0.0000, 0.0050)m
[20:30:05.226] [info] [ManualAdjust] 当前外参 [imu_0→cam_front]:
[20:30:05.226] [info]   旋转 RPY: (-2.3164, 0.3518, 1.0829) deg
[20:30:05.226] [info]   平移 XYZ: (-0.0307, -0.3070, 1.3246) m
[20:30:05.258] [debug] [ManualAdjust] 平移增量 dxyz=(0.0000, 0.0000, 0.0050)m
[20:30:05.258] [info] [ManualAdjust] 当前外参 [imu_0→cam_front]:
[20:30:05.258] [info]   旋转 RPY: (-2.3164, 0.3518, 1.0829) deg
[20:30:05.258] [info]   平移 XYZ: (-0.0307, -0.3070, 1.3296) m
[20:30:05.294] [debug] [ManualAdjust] 平移增量 dxyz=(0.0000, 0.0000, 0.0050)m
[20:30:05.294] [info] [ManualAdjust] 当前外参 [imu_0→cam_front]:
[20:30:05.294] [info]   旋转 RPY: (-2.3164, 0.3518, 1.0829) deg
[20:30:05.294] [info]   平移 XYZ: (-0.0307, -0.3070, 1.3346) m
[20:30:05.321] [debug] [ManualAdjust] 平移增量 dxyz=(0.0000, 0.0000, 0.0050)m
[20:30:05.321] [info] [ManualAdjust] 当前外参 [imu_0→cam_front]:
[20:30:05.321] [info]   旋转 RPY: (-2.3164, 0.3518, 1.0829) deg
[20:30:05.321] [info]   平移 XYZ: (-0.0307, -0.3070, 1.3396) m
[20:30:05.369] [debug] [ManualAdjust] 平移增量 dxyz=(0.0000, 0.0000, 0.0050)m
[20:30:05.370] [info] [ManualAdjust] 当前外参 [imu_0→cam_front]:
[20:30:05.370] [info]   旋转 RPY: (-2.3164, 0.3518, 1.0829) deg
[20:30:05.370] [info]   平移 XYZ: (-0.0307, -0.3070, 1.3446) m
[20:30:05.410] [debug] [ManualAdjust] 平移增量 dxyz=(0.0000, 0.0000, 0.0050)m
[20:30:05.410] [info] [ManualAdjust] 当前外参 [imu_0→cam_front]:
[20:30:05.410] [info]   旋转 RPY: (-2.3164, 0.3518, 1.0829) deg
[20:30:05.410] [info]   平移 XYZ: (-0.0307, -0.3070, 1.3496) m
[20:30:05.443] [debug] [ManualAdjust] 平移增量 dxyz=(0.0000, 0.0000, 0.0050)m
[20:30:05.443] [info] [ManualAdjust] 当前外参 [imu_0→cam_front]:
[20:30:05.443] [info]   旋转 RPY: (-2.3164, 0.3518, 1.0829) deg
[20:30:05.443] [info]   平移 XYZ: (-0.0307, -0.3070, 1.3546) m
[20:30:05.473] [debug] [ManualAdjust] 平移增量 dxyz=(0.0000, 0.0000, 0.0050)m
[20:30:05.473] [info] [ManualAdjust] 当前外参 [imu_0→cam_front]:
[20:30:05.473] [info]   旋转 RPY: (-2.3164, 0.3518, 1.0829) deg
[20:30:05.473] [info]   平移 XYZ: (-0.0307, -0.3070, 1.3596) m
[20:30:05.535] [debug] [ManualAdjust] 平移增量 dxyz=(0.0000, 0.0000, 0.0050)m
[20:30:05.535] [info] [ManualAdjust] 当前外参 [imu_0→cam_front]:
[20:30:05.535] [info]   旋转 RPY: (-2.3164, 0.3518, 1.0829) deg
[20:30:05.535] [info]   平移 XYZ: (-0.0307, -0.3070, 1.3646) m
[20:30:05.565] [debug] [ManualAdjust] 平移增量 dxyz=(0.0000, 0.0000, 0.0050)m
[20:30:05.565] [info] [ManualAdjust] 当前外参 [imu_0→cam_front]:
[20:30:05.565] [info]   旋转 RPY: (-2.3164, 0.3518, 1.0829) deg
[20:30:05.565] [info]   平移 XYZ: (-0.0307, -0.3070, 1.3696) m
[20:30:05.622] [debug] [ManualAdjust] 平移增量 dxyz=(0.0000, 0.0000, 0.0050)m
[20:30:05.622] [info] [ManualAdjust] 当前外参 [imu_0→cam_front]:
[20:30:05.622] [info]   旋转 RPY: (-2.3164, 0.3518, 1.0829) deg
[20:30:05.622] [info]   平移 XYZ: (-0.0307, -0.3070, 1.3746) m
[20:30:05.664] [debug] [ManualAdjust] 平移增量 dxyz=(0.0000, 0.0000, 0.0050)m
[20:30:05.664] [info] [ManualAdjust] 当前外参 [imu_0→cam_front]:
[20:30:05.664] [info]   旋转 RPY: (-2.3164, 0.3518, 1.0829) deg
[20:30:05.664] [info]   平移 XYZ: (-0.0307, -0.3070, 1.3796) m
[20:30:05.695] [debug] [ManualAdjust] 平移增量 dxyz=(0.0000, 0.0000, 0.0050)m
[20:30:05.695] [info] [ManualAdjust] 当前外参 [imu_0→cam_front]:
[20:30:05.695] [info]   旋转 RPY: (-2.3164, 0.3518, 1.0829) deg
[20:30:05.695] [info]   平移 XYZ: (-0.0307, -0.3070, 1.3846) m
[20:30:05.726] [debug] [ManualAdjust] 平移增量 dxyz=(0.0000, 0.0000, 0.0050)m
[20:30:05.726] [info] [ManualAdjust] 当前外参 [imu_0→cam_front]:
[20:30:05.726] [info]   旋转 RPY: (-2.3164, 0.3518, 1.0829) deg
[20:30:05.726] [info]   平移 XYZ: (-0.0307, -0.3070, 1.3896) m
[20:30:05.784] [debug] [ManualAdjust] 平移增量 dxyz=(0.0000, 0.0000, 0.0050)m
[20:30:05.784] [info] [ManualAdjust] 当前外参 [imu_0→cam_front]:
[20:30:05.784] [info]   旋转 RPY: (-2.3164, 0.3518, 1.0829) deg
[20:30:05.784] [info]   平移 XYZ: (-0.0307, -0.3070, 1.3946) m
[20:30:05.814] [debug] [ManualAdjust] 平移增量 dxyz=(0.0000, 0.0000, 0.0050)m
[20:30:05.814] [info] [ManualAdjust] 当前外参 [imu_0→cam_front]:
[20:30:05.814] [info]   旋转 RPY: (-2.3164, 0.3518, 1.0829) deg
[20:30:05.814] [info]   平移 XYZ: (-0.0307, -0.3070, 1.3996) m
[20:30:05.845] [debug] [ManualAdjust] 平移增量 dxyz=(0.0000, 0.0000, 0.0050)m
[20:30:05.845] [info] [ManualAdjust] 当前外参 [imu_0→cam_front]:
[20:30:05.845] [info]   旋转 RPY: (-2.3164, 0.3518, 1.0829) deg
[20:30:05.845] [info]   平移 XYZ: (-0.0307, -0.3070, 1.4046) m
[20:30:05.884] [debug] [ManualAdjust] 平移增量 dxyz=(0.0000, 0.0000, 0.0050)m
[20:30:05.885] [info] [ManualAdjust] 当前外参 [imu_0→cam_front]:
[20:30:05.885] [info]   旋转 RPY: (-2.3164, 0.3518, 1.0829) deg
[20:30:05.885] [info]   平移 XYZ: (-0.0307, -0.3070, 1.4096) m
[20:30:05.915] [debug] [ManualAdjust] 平移增量 dxyz=(0.0000, 0.0000, 0.0050)m
[20:30:05.915] [info] [ManualAdjust] 当前外参 [imu_0→cam_front]:
[20:30:05.915] [info]   旋转 RPY: (-2.3164, 0.3518, 1.0829) deg
[20:30:05.915] [info]   平移 XYZ: (-0.0307, -0.3070, 1.4146) m
[20:30:05.970] [debug] [ManualAdjust] 平移增量 dxyz=(0.0000, 0.0000, 0.0050)m
[20:30:05.970] [info] [ManualAdjust] 当前外参 [imu_0→cam_front]:
[20:30:05.970] [info]   旋转 RPY: (-2.3164, 0.3518, 1.0829) deg
[20:30:05.970] [info]   平移 XYZ: (-0.0307, -0.3070, 1.4196) m
[20:30:06.012] [debug] [ManualAdjust] 平移增量 dxyz=(0.0000, 0.0000, 0.0050)m
[20:30:06.012] [info] [ManualAdjust] 当前外参 [imu_0→cam_front]:
[20:30:06.012] [info]   旋转 RPY: (-2.3164, 0.3518, 1.0829) deg
[20:30:06.012] [info]   平移 XYZ: (-0.0307, -0.3070, 1.4246) m
[20:30:06.043] [debug] [ManualAdjust] 平移增量 dxyz=(0.0000, 0.0000, 0.0050)m
[20:30:06.043] [info] [ManualAdjust] 当前外参 [imu_0→cam_front]:
[20:30:06.043] [info]   旋转 RPY: (-2.3164, 0.3518, 1.0829) deg
[20:30:06.043] [info]   平移 XYZ: (-0.0307, -0.3070, 1.4296) m
[20:30:06.072] [debug] [ManualAdjust] 平移增量 dxyz=(0.0000, 0.0000, 0.0050)m
[20:30:06.072] [info] [ManualAdjust] 当前外参 [imu_0→cam_front]:
[20:30:06.072] [info]   旋转 RPY: (-2.3164, 0.3518, 1.0829) deg
[20:30:06.072] [info]   平移 XYZ: (-0.0307, -0.3070, 1.4346) m
[20:30:06.106] [debug] [ManualAdjust] 平移增量 dxyz=(0.0000, 0.0000, 0.0050)m
[20:30:06.106] [info] [ManualAdjust] 当前外参 [imu_0→cam_front]:
[20:30:06.106] [info]   旋转 RPY: (-2.3164, 0.3518, 1.0829) deg
[20:30:06.106] [info]   平移 XYZ: (-0.0307, -0.3070, 1.4396) m
[20:30:06.140] [debug] [ManualAdjust] 平移增量 dxyz=(0.0000, 0.0000, 0.0050)m
[20:30:06.142] [info] [ManualAdjust] 当前外参 [imu_0→cam_front]:
[20:30:06.142] [info]   旋转 RPY: (-2.3164, 0.3518, 1.0829) deg
[20:30:06.142] [info]   平移 XYZ: (-0.0307, -0.3070, 1.4446) m
[20:30:06.183] [debug] [ManualAdjust] 平移增量 dxyz=(0.0000, 0.0000, 0.0050)m
[20:30:06.183] [info] [ManualAdjust] 当前外参 [imu_0→cam_front]:
[20:30:06.183] [info]   旋转 RPY: (-2.3164, 0.3518, 1.0829) deg
[20:30:06.183] [info]   平移 XYZ: (-0.0307, -0.3070, 1.4496) m
[20:30:06.213] [debug] [ManualAdjust] 平移增量 dxyz=(0.0000, 0.0000, 0.0050)m
[20:30:06.213] [info] [ManualAdjust] 当前外参 [imu_0→cam_front]:
[20:30:06.213] [info]   旋转 RPY: (-2.3164, 0.3518, 1.0829) deg
[20:30:06.213] [info]   平移 XYZ: (-0.0307, -0.3070, 1.4546) m
[20:30:06.243] [debug] [ManualAdjust] 平移增量 dxyz=(0.0000, 0.0000, 0.0050)m
[20:30:06.243] [info] [ManualAdjust] 当前外参 [imu_0→cam_front]:
[20:30:06.243] [info]   旋转 RPY: (-2.3164, 0.3518, 1.0829) deg
[20:30:06.243] [info]   平移 XYZ: (-0.0307, -0.3070, 1.4596) m
[20:30:06.293] [debug] [ManualAdjust] 平移增量 dxyz=(0.0000, 0.0000, 0.0050)m
[20:30:06.293] [info] [ManualAdjust] 当前外参 [imu_0→cam_front]:
[20:30:06.293] [info]   旋转 RPY: (-2.3164, 0.3518, 1.0829) deg
[20:30:06.293] [info]   平移 XYZ: (-0.0307, -0.3070, 1.4646) m
[20:30:06.324] [debug] [ManualAdjust] 平移增量 dxyz=(0.0000, 0.0000, 0.0050)m
[20:30:06.324] [info] [ManualAdjust] 当前外参 [imu_0→cam_front]:
[20:30:06.324] [info]   旋转 RPY: (-2.3164, 0.3518, 1.0829) deg
[20:30:06.324] [info]   平移 XYZ: (-0.0307, -0.3070, 1.4696) m
[20:30:06.377] [debug] [ManualAdjust] 平移增量 dxyz=(0.0000, 0.0000, 0.0050)m
[20:30:06.377] [info] [ManualAdjust] 当前外参 [imu_0→cam_front]:
[20:30:06.377] [info]   旋转 RPY: (-2.3164, 0.3518, 1.0829) deg
[20:30:06.377] [info]   平移 XYZ: (-0.0307, -0.3070, 1.4746) m
[20:30:06.407] [debug] [ManualAdjust] 平移增量 dxyz=(0.0000, 0.0000, 0.0050)m
[20:30:06.407] [info] [ManualAdjust] 当前外参 [imu_0→cam_front]:
[20:30:06.407] [info]   旋转 RPY: (-2.3164, 0.3518, 1.0829) deg
[20:30:06.407] [info]   平移 XYZ: (-0.0307, -0.3070, 1.4796) m
[20:30:06.456] [debug] [ManualAdjust] 平移增量 dxyz=(0.0000, 0.0000, 0.0050)m
[20:30:06.457] [info] [ManualAdjust] 当前外参 [imu_0→cam_front]:
[20:30:06.457] [info]   旋转 RPY: (-2.3164, 0.3518, 1.0829) deg
[20:30:06.457] [info]   平移 XYZ: (-0.0307, -0.3070, 1.4846) m
[20:30:06.505] [debug] [ManualAdjust] 平移增量 dxyz=(0.0000, 0.0000, 0.0050)m
[20:30:06.505] [info] [ManualAdjust] 当前外参 [imu_0→cam_front]:
[20:30:06.505] [info]   旋转 RPY: (-2.3164, 0.3518, 1.0829) deg
[20:30:06.505] [info]   平移 XYZ: (-0.0307, -0.3070, 1.4896) m
[20:30:06.532] [debug] [ManualAdjust] 平移增量 dxyz=(0.0000, 0.0000, 0.0050)m
[20:30:06.532] [info] [ManualAdjust] 当前外参 [imu_0→cam_front]:
[20:30:06.532] [info]   旋转 RPY: (-2.3164, 0.3518, 1.0829) deg
[20:30:06.532] [info]   平移 XYZ: (-0.0307, -0.3070, 1.4946) m
[20:30:06.562] [debug] [ManualAdjust] 平移增量 dxyz=(0.0000, 0.0000, 0.0050)m
[20:30:06.562] [info] [ManualAdjust] 当前外参 [imu_0→cam_front]:
[20:30:06.562] [info]   旋转 RPY: (-2.3164, 0.3518, 1.0829) deg
[20:30:06.562] [info]   平移 XYZ: (-0.0307, -0.3070, 1.4996) m
[20:30:06.617] [debug] [ManualAdjust] 平移增量 dxyz=(0.0000, 0.0000, 0.0050)m
[20:30:06.617] [info] [ManualAdjust] 当前外参 [imu_0→cam_front]:
[20:30:06.617] [info]   旋转 RPY: (-2.3164, 0.3518, 1.0829) deg
[20:30:06.617] [info]   平移 XYZ: (-0.0307, -0.3070, 1.5046) m
[20:30:06.646] [debug] [ManualAdjust] 平移增量 dxyz=(0.0000, 0.0000, 0.0050)m
[20:30:06.646] [info] [ManualAdjust] 当前外参 [imu_0→cam_front]:
[20:30:06.646] [info]   旋转 RPY: (-2.3164, 0.3518, 1.0829) deg
[20:30:06.646] [info]   平移 XYZ: (-0.0307, -0.3070, 1.5096) m
[20:30:06.694] [debug] [ManualAdjust] 平移增量 dxyz=(0.0000, 0.0000, 0.0050)m
[20:30:06.694] [info] [ManualAdjust] 当前外参 [imu_0→cam_front]:
[20:30:06.694] [info]   旋转 RPY: (-2.3164, 0.3518, 1.0829) deg
[20:30:06.694] [info]   平移 XYZ: (-0.0307, -0.3070, 1.5146) m
[20:30:06.744] [debug] [ManualAdjust] 平移增量 dxyz=(0.0000, 0.0000, 0.0050)m
[20:30:06.744] [info] [ManualAdjust] 当前外参 [imu_0→cam_front]:
[20:30:06.744] [info]   旋转 RPY: (-2.3164, 0.3518, 1.0829) deg
[20:30:06.744] [info]   平移 XYZ: (-0.0307, -0.3070, 1.5196) m
[20:30:06.777] [debug] [ManualAdjust] 平移增量 dxyz=(0.0000, 0.0000, 0.0050)m
[20:30:06.777] [info] [ManualAdjust] 当前外参 [imu_0→cam_front]:
[20:30:06.777] [info]   旋转 RPY: (-2.3164, 0.3518, 1.0829) deg
[20:30:06.777] [info]   平移 XYZ: (-0.0307, -0.3070, 1.5246) m
[20:30:06.819] [debug] [ManualAdjust] 平移增量 dxyz=(0.0000, 0.0000, 0.0050)m
[20:30:06.819] [info] [ManualAdjust] 当前外参 [imu_0→cam_front]:
[20:30:06.819] [info]   旋转 RPY: (-2.3164, 0.3518, 1.0829) deg
[20:30:06.819] [info]   平移 XYZ: (-0.0307, -0.3070, 1.5296) m
[20:30:06.862] [debug] [ManualAdjust] 平移增量 dxyz=(0.0000, 0.0000, 0.0050)m
[20:30:06.862] [info] [ManualAdjust] 当前外参 [imu_0→cam_front]:
[20:30:06.862] [info]   旋转 RPY: (-2.3164, 0.3518, 1.0829) deg
[20:30:06.862] [info]   平移 XYZ: (-0.0307, -0.3070, 1.5346) m
[20:30:06.892] [debug] [ManualAdjust] 平移增量 dxyz=(0.0000, 0.0000, 0.0050)m
[20:30:06.892] [info] [ManualAdjust] 当前外参 [imu_0→cam_front]:
[20:30:06.892] [info]   旋转 RPY: (-2.3164, 0.3518, 1.0829) deg
[20:30:06.892] [info]   平移 XYZ: (-0.0307, -0.3070, 1.5396) m
[20:30:06.925] [debug] [ManualAdjust] 平移增量 dxyz=(0.0000, 0.0000, 0.0050)m
[20:30:06.926] [info] [ManualAdjust] 当前外参 [imu_0→cam_front]:
[20:30:06.926] [info]   旋转 RPY: (-2.3164, 0.3518, 1.0829) deg
[20:30:06.926] [info]   平移 XYZ: (-0.0307, -0.3070, 1.5446) m
[20:30:06.956] [debug] [ManualAdjust] 平移增量 dxyz=(0.0000, 0.0000, 0.0050)m
[20:30:06.956] [info] [ManualAdjust] 当前外参 [imu_0→cam_front]:
[20:30:06.956] [info]   旋转 RPY: (-2.3164, 0.3518, 1.0829) deg
[20:30:06.956] [info]   平移 XYZ: (-0.0307, -0.3070, 1.5496) m
[20:30:07.000] [debug] [ManualAdjust] 平移增量 dxyz=(0.0000, 0.0000, 0.0050)m
[20:30:07.000] [info] [ManualAdjust] 当前外参 [imu_0→cam_front]:
[20:30:07.000] [info]   旋转 RPY: (-2.3164, 0.3518, 1.0829) deg
[20:30:07.000] [info]   平移 XYZ: (-0.0307, -0.3070, 1.5546) m
[20:30:07.038] [debug] [ManualAdjust] 平移增量 dxyz=(0.0000, 0.0000, 0.0050)m
[20:30:07.038] [info] [ManualAdjust] 当前外参 [imu_0→cam_front]:
[20:30:07.038] [info]   旋转 RPY: (-2.3164, 0.3518, 1.0829) deg
[20:30:07.038] [info]   平移 XYZ: (-0.0307, -0.3070, 1.5596) m
[20:30:07.068] [debug] [ManualAdjust] 平移增量 dxyz=(0.0000, 0.0000, 0.0050)m
[20:30:07.068] [info] [ManualAdjust] 当前外参 [imu_0→cam_front]:
[20:30:07.068] [info]   旋转 RPY: (-2.3164, 0.3518, 1.0829) deg
[20:30:07.068] [info]   平移 XYZ: (-0.0307, -0.3070, 1.5646) m
[20:30:07.103] [debug] [ManualAdjust] 平移增量 dxyz=(0.0000, 0.0000, 0.0050)m
[20:30:07.103] [info] [ManualAdjust] 当前外参 [imu_0→cam_front]:
[20:30:07.103] [info]   旋转 RPY: (-2.3164, 0.3518, 1.0829) deg
[20:30:07.103] [info]   平移 XYZ: (-0.0307, -0.3070, 1.5696) m
[20:30:07.137] [debug] [ManualAdjust] 平移增量 dxyz=(0.0000, 0.0000, 0.0050)m
[20:30:07.137] [info] [ManualAdjust] 当前外参 [imu_0→cam_front]:
[20:30:07.137] [info]   旋转 RPY: (-2.3164, 0.3518, 1.0829) deg
[20:30:07.137] [info]   平移 XYZ: (-0.0307, -0.3070, 1.5746) m
[20:30:07.178] [debug] [ManualAdjust] 平移增量 dxyz=(0.0000, 0.0000, 0.0050)m
[20:30:07.178] [info] [ManualAdjust] 当前外参 [imu_0→cam_front]:
[20:30:07.178] [info]   旋转 RPY: (-2.3164, 0.3518, 1.0829) deg
[20:30:07.178] [info]   平移 XYZ: (-0.0307, -0.3070, 1.5796) m
[20:30:07.206] [debug] [ManualAdjust] 平移增量 dxyz=(0.0000, 0.0000, 0.0050)m
[20:30:07.206] [info] [ManualAdjust] 当前外参 [imu_0→cam_front]:
[20:30:07.206] [info]   旋转 RPY: (-2.3164, 0.3518, 1.0829) deg
[20:30:07.206] [info]   平移 XYZ: (-0.0307, -0.3070, 1.5846) m
[20:30:07.237] [debug] [ManualAdjust] 平移增量 dxyz=(0.0000, 0.0000, 0.0050)m
[20:30:07.237] [info] [ManualAdjust] 当前外参 [imu_0→cam_front]:
[20:30:07.237] [info]   旋转 RPY: (-2.3164, 0.3518, 1.0829) deg
[20:30:07.237] [info]   平移 XYZ: (-0.0307, -0.3070, 1.5896) m
[20:30:07.285] [debug] [ManualAdjust] 平移增量 dxyz=(0.0000, 0.0000, 0.0050)m
[20:30:07.285] [info] [ManualAdjust] 当前外参 [imu_0→cam_front]:
[20:30:07.285] [info]   旋转 RPY: (-2.3164, 0.3518, 1.0829) deg
[20:30:07.285] [info]   平移 XYZ: (-0.0307, -0.3070, 1.5946) m
[20:30:07.318] [debug] [ManualAdjust] 平移增量 dxyz=(0.0000, 0.0000, 0.0050)m
[20:30:07.318] [info] [ManualAdjust] 当前外参 [imu_0→cam_front]:
[20:30:07.318] [info]   旋转 RPY: (-2.3164, 0.3518, 1.0829) deg
[20:30:07.318] [info]   平移 XYZ: (-0.0307, -0.3070, 1.5996) m
[20:30:07.377] [debug] [ManualAdjust] 平移增量 dxyz=(0.0000, 0.0000, 0.0050)m
[20:30:07.377] [info] [ManualAdjust] 当前外参 [imu_0→cam_front]:
[20:30:07.377] [info]   旋转 RPY: (-2.3164, 0.3518, 1.0829) deg
[20:30:07.377] [info]   平移 XYZ: (-0.0307, -0.3070, 1.6046) m
[20:30:07.422] [debug] [ManualAdjust] 平移增量 dxyz=(0.0000, 0.0000, 0.0050)m
[20:30:07.422] [info] [ManualAdjust] 当前外参 [imu_0→cam_front]:
[20:30:07.422] [info]   旋转 RPY: (-2.3164, 0.3518, 1.0829) deg
[20:30:07.422] [info]   平移 XYZ: (-0.0307, -0.3070, 1.6096) m
[20:30:07.453] [debug] [ManualAdjust] 平移增量 dxyz=(0.0000, 0.0000, 0.0050)m
[20:30:07.453] [info] [ManualAdjust] 当前外参 [imu_0→cam_front]:
[20:30:07.453] [info]   旋转 RPY: (-2.3164, 0.3518, 1.0829) deg
[20:30:07.453] [info]   平移 XYZ: (-0.0307, -0.3070, 1.6146) m
[20:30:07.500] [debug] [ManualAdjust] 平移增量 dxyz=(0.0000, 0.0000, 0.0050)m
[20:30:07.500] [info] [ManualAdjust] 当前外参 [imu_0→cam_front]:
[20:30:07.500] [info]   旋转 RPY: (-2.3164, 0.3518, 1.0829) deg
[20:30:07.500] [info]   平移 XYZ: (-0.0307, -0.3070, 1.6196) m
[20:30:07.528] [debug] [ManualAdjust] 平移增量 dxyz=(0.0000, 0.0000, 0.0050)m
[20:30:07.528] [info] [ManualAdjust] 当前外参 [imu_0→cam_front]:
[20:30:07.528] [info]   旋转 RPY: (-2.3164, 0.3518, 1.0829) deg
[20:30:07.528] [info]   平移 XYZ: (-0.0307, -0.3070, 1.6246) m
[20:30:07.559] [debug] [ManualAdjust] 平移增量 dxyz=(0.0000, 0.0000, 0.0050)m
[20:30:07.559] [info] [ManualAdjust] 当前外参 [imu_0→cam_front]:
[20:30:07.559] [info]   旋转 RPY: (-2.3164, 0.3518, 1.0829) deg
[20:30:07.559] [info]   平移 XYZ: (-0.0307, -0.3070, 1.6296) m
[20:30:07.617] [debug] [ManualAdjust] 平移增量 dxyz=(0.0000, 0.0000, 0.0050)m
[20:30:07.617] [info] [ManualAdjust] 当前外参 [imu_0→cam_front]:
[20:30:07.617] [info]   旋转 RPY: (-2.3164, 0.3518, 1.0829) deg
[20:30:07.617] [info]   平移 XYZ: (-0.0307, -0.3070, 1.6346) m
[20:30:07.647] [debug] [ManualAdjust] 平移增量 dxyz=(0.0000, 0.0000, 0.0050)m
[20:30:07.647] [info] [ManualAdjust] 当前外参 [imu_0→cam_front]:
[20:30:07.647] [info]   旋转 RPY: (-2.3164, 0.3518, 1.0829) deg
[20:30:07.647] [info]   平移 XYZ: (-0.0307, -0.3070, 1.6396) m
[20:30:07.709] [debug] [ManualAdjust] 平移增量 dxyz=(0.0000, 0.0000, 0.0050)m
[20:30:07.709] [info] [ManualAdjust] 当前外参 [imu_0→cam_front]:
[20:30:07.709] [info]   旋转 RPY: (-2.3164, 0.3518, 1.0829) deg
[20:30:07.709] [info]   平移 XYZ: (-0.0307, -0.3070, 1.6446) m
[20:30:07.739] [debug] [ManualAdjust] 平移增量 dxyz=(0.0000, 0.0000, 0.0050)m
[20:30:07.739] [info] [ManualAdjust] 当前外参 [imu_0→cam_front]:
[20:30:07.739] [info]   旋转 RPY: (-2.3164, 0.3518, 1.0829) deg
[20:30:07.739] [info]   平移 XYZ: (-0.0307, -0.3070, 1.6496) m
[20:30:07.793] [debug] [ManualAdjust] 平移增量 dxyz=(0.0000, 0.0000, 0.0050)m
[20:30:07.793] [info] [ManualAdjust] 当前外参 [imu_0→cam_front]:
[20:30:07.793] [info]   旋转 RPY: (-2.3164, 0.3518, 1.0829) deg
[20:30:07.793] [info]   平移 XYZ: (-0.0307, -0.3070, 1.6546) m
[20:30:07.827] [debug] [ManualAdjust] 平移增量 dxyz=(0.0000, 0.0000, 0.0050)m
[20:30:07.827] [info] [ManualAdjust] 当前外参 [imu_0→cam_front]:
[20:30:07.827] [info]   旋转 RPY: (-2.3164, 0.3518, 1.0829) deg
[20:30:07.827] [info]   平移 XYZ: (-0.0307, -0.3070, 1.6596) m
[20:30:07.875] [debug] [ManualAdjust] 平移增量 dxyz=(0.0000, 0.0000, 0.0050)m
[20:30:07.875] [info] [ManualAdjust] 当前外参 [imu_0→cam_front]:
[20:30:07.875] [info]   旋转 RPY: (-2.3164, 0.3518, 1.0829) deg
[20:30:07.875] [info]   平移 XYZ: (-0.0307, -0.3070, 1.6646) m
[20:30:07.909] [debug] [ManualAdjust] 平移增量 dxyz=(0.0000, 0.0000, 0.0050)m
[20:30:07.910] [info] [ManualAdjust] 当前外参 [imu_0→cam_front]:
[20:30:07.910] [info]   旋转 RPY: (-2.3164, 0.3518, 1.0829) deg
[20:30:07.910] [info]   平移 XYZ: (-0.0307, -0.3070, 1.6696) m
[20:30:07.975] [debug] [ManualAdjust] 平移增量 dxyz=(0.0000, 0.0000, 0.0050)m
[20:30:07.975] [info] [ManualAdjust] 当前外参 [imu_0→cam_front]:
[20:30:07.975] [info]   旋转 RPY: (-2.3164, 0.3518, 1.0829) deg
[20:30:07.975] [info]   平移 XYZ: (-0.0307, -0.3070, 1.6746) m
[20:30:08.005] [debug] [ManualAdjust] 平移增量 dxyz=(0.0000, 0.0000, 0.0050)m
[20:30:08.005] [info] [ManualAdjust] 当前外参 [imu_0→cam_front]:
[20:30:08.005] [info]   旋转 RPY: (-2.3164, 0.3518, 1.0829) deg
[20:30:08.005] [info]   平移 XYZ: (-0.0307, -0.3070, 1.6796) m
[20:30:08.038] [debug] [ManualAdjust] 平移增量 dxyz=(0.0000, 0.0000, 0.0050)m
[20:30:08.039] [info] [ManualAdjust] 当前外参 [imu_0→cam_front]:
[20:30:08.039] [info]   旋转 RPY: (-2.3164, 0.3518, 1.0829) deg
[20:30:08.039] [info]   平移 XYZ: (-0.0307, -0.3070, 1.6846) m
[20:30:08.074] [debug] [ManualAdjust] 平移增量 dxyz=(0.0000, 0.0000, 0.0050)m
[20:30:08.074] [info] [ManualAdjust] 当前外参 [imu_0→cam_front]:
[20:30:08.074] [info]   旋转 RPY: (-2.3164, 0.3518, 1.0829) deg
[20:30:08.074] [info]   平移 XYZ: (-0.0307, -0.3070, 1.6896) m
[20:30:08.104] [debug] [ManualAdjust] 平移增量 dxyz=(0.0000, 0.0000, 0.0050)m
[20:30:08.104] [info] [ManualAdjust] 当前外参 [imu_0→cam_front]:
[20:30:08.104] [info]   旋转 RPY: (-2.3164, 0.3518, 1.0829) deg
[20:30:08.104] [info]   平移 XYZ: (-0.0307, -0.3070, 1.6946) m
[20:30:08.145] [debug] [ManualAdjust] 平移增量 dxyz=(0.0000, 0.0000, 0.0050)m
[20:30:08.145] [info] [ManualAdjust] 当前外参 [imu_0→cam_front]:
[20:30:08.145] [info]   旋转 RPY: (-2.3164, 0.3518, 1.0829) deg
[20:30:08.145] [info]   平移 XYZ: (-0.0307, -0.3070, 1.6996) m
[20:30:08.182] [debug] [ManualAdjust] 平移增量 dxyz=(0.0000, 0.0000, 0.0050)m
[20:30:08.182] [info] [ManualAdjust] 当前外参 [imu_0→cam_front]:
[20:30:08.182] [info]   旋转 RPY: (-2.3164, 0.3518, 1.0829) deg
[20:30:08.182] [info]   平移 XYZ: (-0.0307, -0.3070, 1.7046) m
[20:30:08.212] [debug] [ManualAdjust] 平移增量 dxyz=(0.0000, 0.0000, 0.0050)m
[20:30:08.212] [info] [ManualAdjust] 当前外参 [imu_0→cam_front]:
[20:30:08.212] [info]   旋转 RPY: (-2.3164, 0.3518, 1.0829) deg
[20:30:08.212] [info]   平移 XYZ: (-0.0307, -0.3070, 1.7096) m
[20:30:08.267] [debug] [ManualAdjust] 平移增量 dxyz=(0.0000, 0.0000, 0.0050)m
[20:30:08.267] [info] [ManualAdjust] 当前外参 [imu_0→cam_front]:
[20:30:08.267] [info]   旋转 RPY: (-2.3164, 0.3518, 1.0829) deg
[20:30:08.267] [info]   平移 XYZ: (-0.0307, -0.3070, 1.7146) m
[20:30:08.317] [debug] [ManualAdjust] 平移增量 dxyz=(0.0000, 0.0000, 0.0050)m
[20:30:08.317] [info] [ManualAdjust] 当前外参 [imu_0→cam_front]:
[20:30:08.317] [info]   旋转 RPY: (-2.3164, 0.3518, 1.0829) deg
[20:30:08.317] [info]   平移 XYZ: (-0.0307, -0.3070, 1.7196) m
[20:30:08.346] [debug] [ManualAdjust] 平移增量 dxyz=(0.0000, 0.0000, 0.0050)m
[20:30:08.346] [info] [ManualAdjust] 当前外参 [imu_0→cam_front]:
[20:30:08.346] [info]   旋转 RPY: (-2.3164, 0.3518, 1.0829) deg
[20:30:08.346] [info]   平移 XYZ: (-0.0307, -0.3070, 1.7246) m
[20:30:08.391] [debug] [ManualAdjust] 平移增量 dxyz=(0.0000, 0.0000, 0.0050)m
[20:30:08.391] [info] [ManualAdjust] 当前外参 [imu_0→cam_front]:
[20:30:08.391] [info]   旋转 RPY: (-2.3164, 0.3518, 1.0829) deg
[20:30:08.391] [info]   平移 XYZ: (-0.0307, -0.3070, 1.7296) m
[20:30:08.421] [debug] [ManualAdjust] 平移增量 dxyz=(0.0000, 0.0000, 0.0050)m
[20:30:08.421] [info] [ManualAdjust] 当前外参 [imu_0→cam_front]:
[20:30:08.421] [info]   旋转 RPY: (-2.3164, 0.3518, 1.0829) deg
[20:30:08.421] [info]   平移 XYZ: (-0.0307, -0.3070, 1.7346) m
[20:30:08.469] [debug] [ManualAdjust] 平移增量 dxyz=(0.0000, 0.0000, 0.0050)m
[20:30:08.469] [info] [ManualAdjust] 当前外参 [imu_0→cam_front]:
[20:30:08.469] [info]   旋转 RPY: (-2.3164, 0.3518, 1.0829) deg
[20:30:08.469] [info]   平移 XYZ: (-0.0307, -0.3070, 1.7396) m
[20:30:08.500] [debug] [ManualAdjust] 平移增量 dxyz=(0.0000, 0.0000, 0.0050)m
[20:30:08.500] [info] [ManualAdjust] 当前外参 [imu_0→cam_front]:
[20:30:08.500] [info]   旋转 RPY: (-2.3164, 0.3518, 1.0829) deg
[20:30:08.500] [info]   平移 XYZ: (-0.0307, -0.3070, 1.7446) m
[20:30:08.554] [debug] [ManualAdjust] 平移增量 dxyz=(0.0000, 0.0000, 0.0050)m
[20:30:08.554] [info] [ManualAdjust] 当前外参 [imu_0→cam_front]:
[20:30:08.554] [info]   旋转 RPY: (-2.3164, 0.3518, 1.0829) deg
[20:30:08.554] [info]   平移 XYZ: (-0.0307, -0.3070, 1.7496) m
[20:30:08.589] [debug] [ManualAdjust] 平移增量 dxyz=(0.0000, 0.0000, 0.0050)m
[20:30:08.589] [info] [ManualAdjust] 当前外参 [imu_0→cam_front]:
[20:30:08.589] [info]   旋转 RPY: (-2.3164, 0.3518, 1.0829) deg
[20:30:08.589] [info]   平移 XYZ: (-0.0307, -0.3070, 1.7546) m
[20:30:08.619] [debug] [ManualAdjust] 平移增量 dxyz=(0.0000, 0.0000, 0.0050)m
[20:30:08.619] [info] [ManualAdjust] 当前外参 [imu_0→cam_front]:
[20:30:08.619] [info]   旋转 RPY: (-2.3164, 0.3518, 1.0829) deg
[20:30:08.619] [info]   平移 XYZ: (-0.0307, -0.3070, 1.7596) m
[20:30:08.652] [debug] [ManualAdjust] 平移增量 dxyz=(0.0000, 0.0000, 0.0050)m
[20:30:08.652] [info] [ManualAdjust] 当前外参 [imu_0→cam_front]:
[20:30:08.652] [info]   旋转 RPY: (-2.3164, 0.3518, 1.0829) deg
[20:30:08.652] [info]   平移 XYZ: (-0.0307, -0.3070, 1.7646) m
[20:30:08.680] [debug] [ManualAdjust] 平移增量 dxyz=(0.0000, 0.0000, 0.0050)m
[20:30:08.680] [info] [ManualAdjust] 当前外参 [imu_0→cam_front]:
[20:30:08.680] [info]   旋转 RPY: (-2.3164, 0.3518, 1.0829) deg
[20:30:08.680] [info]   平移 XYZ: (-0.0307, -0.3070, 1.7696) m
[20:30:08.710] [debug] [ManualAdjust] 平移增量 dxyz=(0.0000, 0.0000, 0.0050)m
[20:30:08.710] [info] [ManualAdjust] 当前外参 [imu_0→cam_front]:
[20:30:08.710] [info]   旋转 RPY: (-2.3164, 0.3518, 1.0829) deg
[20:30:08.710] [info]   平移 XYZ: (-0.0307, -0.3070, 1.7746) m
[20:30:08.766] [debug] [ManualAdjust] 平移增量 dxyz=(0.0000, 0.0000, 0.0050)m
[20:30:08.766] [info] [ManualAdjust] 当前外参 [imu_0→cam_front]:
[20:30:08.766] [info]   旋转 RPY: (-2.3164, 0.3518, 1.0829) deg
[20:30:08.766] [info]   平移 XYZ: (-0.0307, -0.3070, 1.7796) m
[20:30:08.796] [debug] [ManualAdjust] 平移增量 dxyz=(0.0000, 0.0000, 0.0050)m
[20:30:08.796] [info] [ManualAdjust] 当前外参 [imu_0→cam_front]:
[20:30:08.796] [info]   旋转 RPY: (-2.3164, 0.3518, 1.0829) deg
[20:30:08.796] [info]   平移 XYZ: (-0.0307, -0.3070, 1.7846) m
[20:30:08.827] [debug] [ManualAdjust] 平移增量 dxyz=(0.0000, 0.0000, 0.0050)m
[20:30:08.827] [info] [ManualAdjust] 当前外参 [imu_0→cam_front]:
[20:30:08.827] [info]   旋转 RPY: (-2.3164, 0.3518, 1.0829) deg
[20:30:08.827] [info]   平移 XYZ: (-0.0307, -0.3070, 1.7896) m
[20:30:08.855] [debug] [ManualAdjust] 平移增量 dxyz=(0.0000, 0.0000, 0.0050)m
[20:30:08.857] [info] [ManualAdjust] 当前外参 [imu_0→cam_front]:
[20:30:08.857] [info]   旋转 RPY: (-2.3164, 0.3518, 1.0829) deg
[20:30:08.857] [info]   平移 XYZ: (-0.0307, -0.3070, 1.7946) m
[20:30:08.902] [debug] [ManualAdjust] 平移增量 dxyz=(0.0000, 0.0000, 0.0050)m
[20:30:08.902] [info] [ManualAdjust] 当前外参 [imu_0→cam_front]:
[20:30:08.902] [info]   旋转 RPY: (-2.3164, 0.3518, 1.0829) deg
[20:30:08.902] [info]   平移 XYZ: (-0.0307, -0.3070, 1.7996) m
[20:30:08.935] [debug] [ManualAdjust] 平移增量 dxyz=(0.0000, 0.0000, 0.0050)m
[20:30:08.935] [info] [ManualAdjust] 当前外参 [imu_0→cam_front]:
[20:30:08.935] [info]   旋转 RPY: (-2.3164, 0.3518, 1.0829) deg
[20:30:08.935] [info]   平移 XYZ: (-0.0307, -0.3070, 1.8046) m
[20:30:08.964] [debug] [ManualAdjust] 平移增量 dxyz=(0.0000, 0.0000, 0.0050)m
[20:30:08.964] [info] [ManualAdjust] 当前外参 [imu_0→cam_front]:
[20:30:08.964] [info]   旋转 RPY: (-2.3164, 0.3518, 1.0829) deg
[20:30:08.964] [info]   平移 XYZ: (-0.0307, -0.3070, 1.8096) m
[20:30:09.005] [debug] [ManualAdjust] 平移增量 dxyz=(0.0000, 0.0000, 0.0050)m
[20:30:09.005] [info] [ManualAdjust] 当前外参 [imu_0→cam_front]:
[20:30:09.005] [info]   旋转 RPY: (-2.3164, 0.3518, 1.0829) deg
[20:30:09.005] [info]   平移 XYZ: (-0.0307, -0.3070, 1.8146) m
[20:30:09.047] [debug] [ManualAdjust] 平移增量 dxyz=(0.0000, 0.0000, 0.0050)m
[20:30:09.047] [info] [ManualAdjust] 当前外参 [imu_0→cam_front]:
[20:30:09.047] [info]   旋转 RPY: (-2.3164, 0.3518, 1.0829) deg
[20:30:09.047] [info]   平移 XYZ: (-0.0307, -0.3070, 1.8196) m
[20:30:09.078] [debug] [ManualAdjust] 平移增量 dxyz=(0.0000, 0.0000, 0.0050)m
[20:30:09.078] [info] [ManualAdjust] 当前外参 [imu_0→cam_front]:
[20:30:09.078] [info]   旋转 RPY: (-2.3164, 0.3518, 1.0829) deg
[20:30:09.078] [info]   平移 XYZ: (-0.0307, -0.3070, 1.8246) m
[20:30:09.126] [debug] [ManualAdjust] 平移增量 dxyz=(0.0000, 0.0000, 0.0050)m
[20:30:09.126] [info] [ManualAdjust] 当前外参 [imu_0→cam_front]:
[20:30:09.126] [info]   旋转 RPY: (-2.3164, 0.3518, 1.0829) deg
[20:30:09.126] [info]   平移 XYZ: (-0.0307, -0.3070, 1.8296) m
[20:30:09.159] [debug] [ManualAdjust] 平移增量 dxyz=(0.0000, 0.0000, 0.0050)m
[20:30:09.159] [info] [ManualAdjust] 当前外参 [imu_0→cam_front]:
[20:30:09.159] [info]   旋转 RPY: (-2.3164, 0.3518, 1.0829) deg
[20:30:09.159] [info]   平移 XYZ: (-0.0307, -0.3070, 1.8346) m
[20:30:09.208] [debug] [ManualAdjust] 平移增量 dxyz=(0.0000, 0.0000, 0.0050)m
[20:30:09.208] [info] [ManualAdjust] 当前外参 [imu_0→cam_front]:
[20:30:09.208] [info]   旋转 RPY: (-2.3164, 0.3518, 1.0829) deg
[20:30:09.208] [info]   平移 XYZ: (-0.0307, -0.3070, 1.8396) m
[20:30:09.239] [debug] [ManualAdjust] 平移增量 dxyz=(0.0000, 0.0000, 0.0050)m
[20:30:09.239] [info] [ManualAdjust] 当前外参 [imu_0→cam_front]:
[20:30:09.239] [info]   旋转 RPY: (-2.3164, 0.3518, 1.0829) deg
[20:30:09.239] [info]   平移 XYZ: (-0.0307, -0.3070, 1.8446) m
[20:30:09.268] [debug] [ManualAdjust] 平移增量 dxyz=(0.0000, 0.0000, 0.0050)m
[20:30:09.268] [info] [ManualAdjust] 当前外参 [imu_0→cam_front]:
[20:30:09.268] [info]   旋转 RPY: (-2.3164, 0.3518, 1.0829) deg
[20:30:09.268] [info]   平移 XYZ: (-0.0307, -0.3070, 1.8496) m
[20:30:09.324] [debug] [ManualAdjust] 平移增量 dxyz=(0.0000, 0.0000, 0.0050)m
[20:30:09.324] [info] [ManualAdjust] 当前外参 [imu_0→cam_front]:
[20:30:09.324] [info]   旋转 RPY: (-2.3164, 0.3518, 1.0829) deg
[20:30:09.324] [info]   平移 XYZ: (-0.0307, -0.3070, 1.8546) m
[20:30:09.356] [debug] [ManualAdjust] 平移增量 dxyz=(0.0000, 0.0000, 0.0050)m
[20:30:09.357] [info] [ManualAdjust] 当前外参 [imu_0→cam_front]:
[20:30:09.357] [info]   旋转 RPY: (-2.3164, 0.3518, 1.0829) deg
[20:30:09.357] [info]   平移 XYZ: (-0.0307, -0.3070, 1.8596) m
[20:30:09.393] [debug] [ManualAdjust] 平移增量 dxyz=(0.0000, 0.0000, 0.0050)m
[20:30:09.393] [info] [ManualAdjust] 当前外参 [imu_0→cam_front]:
[20:30:09.393] [info]   旋转 RPY: (-2.3164, 0.3518, 1.0829) deg
[20:30:09.393] [info]   平移 XYZ: (-0.0307, -0.3070, 1.8646) m
[20:30:09.432] [debug] [ManualAdjust] 平移增量 dxyz=(0.0000, 0.0000, 0.0050)m
[20:30:09.432] [info] [ManualAdjust] 当前外参 [imu_0→cam_front]:
[20:30:09.432] [info]   旋转 RPY: (-2.3164, 0.3518, 1.0829) deg
[20:30:09.432] [info]   平移 XYZ: (-0.0307, -0.3070, 1.8696) m
[20:30:09.459] [debug] [ManualAdjust] 平移增量 dxyz=(0.0000, 0.0000, 0.0050)m
[20:30:09.459] [info] [ManualAdjust] 当前外参 [imu_0→cam_front]:
[20:30:09.459] [info]   旋转 RPY: (-2.3164, 0.3518, 1.0829) deg
[20:30:09.459] [info]   平移 XYZ: (-0.0307, -0.3070, 1.8746) m
[20:30:09.489] [debug] [ManualAdjust] 平移增量 dxyz=(0.0000, 0.0000, 0.0050)m
[20:30:09.489] [info] [ManualAdjust] 当前外参 [imu_0→cam_front]:
[20:30:09.489] [info]   旋转 RPY: (-2.3164, 0.3518, 1.0829) deg
[20:30:09.489] [info]   平移 XYZ: (-0.0307, -0.3070, 1.8796) m
[20:30:09.546] [debug] [ManualAdjust] 平移增量 dxyz=(0.0000, 0.0000, 0.0050)m
[20:30:09.546] [info] [ManualAdjust] 当前外参 [imu_0→cam_front]:
[20:30:09.546] [info]   旋转 RPY: (-2.3164, 0.3518, 1.0829) deg
[20:30:09.546] [info]   平移 XYZ: (-0.0307, -0.3070, 1.8846) m
[20:30:09.592] [debug] [ManualAdjust] 平移增量 dxyz=(0.0000, 0.0000, 0.0050)m
[20:30:09.592] [info] [ManualAdjust] 当前外参 [imu_0→cam_front]:
[20:30:09.592] [info]   旋转 RPY: (-2.3164, 0.3518, 1.0829) deg
[20:30:09.592] [info]   平移 XYZ: (-0.0307, -0.3070, 1.8896) m
[20:30:09.624] [debug] [ManualAdjust] 平移增量 dxyz=(0.0000, 0.0000, 0.0050)m
[20:30:09.624] [info] [ManualAdjust] 当前外参 [imu_0→cam_front]:
[20:30:09.624] [info]   旋转 RPY: (-2.3164, 0.3518, 1.0829) deg
[20:30:09.624] [info]   平移 XYZ: (-0.0307, -0.3070, 1.8946) m
[20:30:09.654] [debug] [ManualAdjust] 平移增量 dxyz=(0.0000, 0.0000, 0.0050)m
[20:30:09.654] [info] [ManualAdjust] 当前外参 [imu_0→cam_front]:
[20:30:09.654] [info]   旋转 RPY: (-2.3164, 0.3518, 1.0829) deg
[20:30:09.654] [info]   平移 XYZ: (-0.0307, -0.3070, 1.8996) m
[20:30:09.684] [debug] [ManualAdjust] 平移增量 dxyz=(0.0000, 0.0000, 0.0050)m
[20:30:09.684] [info] [ManualAdjust] 当前外参 [imu_0→cam_front]:
[20:30:09.684] [info]   旋转 RPY: (-2.3164, 0.3518, 1.0829) deg
[20:30:09.684] [info]   平移 XYZ: (-0.0307, -0.3070, 1.9046) m
[20:30:09.745] [debug] [ManualAdjust] 平移增量 dxyz=(0.0000, 0.0000, 0.0050)m
[20:30:09.745] [info] [ManualAdjust] 当前外参 [imu_0→cam_front]:
[20:30:09.745] [info]   旋转 RPY: (-2.3164, 0.3518, 1.0829) deg
[20:30:09.745] [info]   平移 XYZ: (-0.0307, -0.3070, 1.9096) m
[20:30:09.797] [debug] [ManualAdjust] 平移增量 dxyz=(0.0000, 0.0000, 0.0050)m
[20:30:09.797] [info] [ManualAdjust] 当前外参 [imu_0→cam_front]:
[20:30:09.797] [info]   旋转 RPY: (-2.3164, 0.3518, 1.0829) deg
[20:30:09.797] [info]   平移 XYZ: (-0.0307, -0.3070, 1.9146) m
[20:30:09.824] [debug] [ManualAdjust] 平移增量 dxyz=(0.0000, 0.0000, 0.0050)m
[20:30:09.824] [info] [ManualAdjust] 当前外参 [imu_0→cam_front]:
[20:30:09.824] [info]   旋转 RPY: (-2.3164, 0.3518, 1.0829) deg
[20:30:09.824] [info]   平移 XYZ: (-0.0307, -0.3070, 1.9196) m
[20:30:09.859] [debug] [ManualAdjust] 平移增量 dxyz=(0.0000, 0.0000, 0.0050)m
[20:30:09.859] [info] [ManualAdjust] 当前外参 [imu_0→cam_front]:
[20:30:09.859] [info]   旋转 RPY: (-2.3164, 0.3518, 1.0829) deg
[20:30:09.859] [info]   平移 XYZ: (-0.0307, -0.3070, 1.9246) m
[20:30:09.887] [debug] [ManualAdjust] 平移增量 dxyz=(0.0000, 0.0000, 0.0050)m
[20:30:09.887] [info] [ManualAdjust] 当前外参 [imu_0→cam_front]:
[20:30:09.887] [info]   旋转 RPY: (-2.3164, 0.3518, 1.0829) deg
[20:30:09.887] [info]   平移 XYZ: (-0.0307, -0.3070, 1.9296) m
[20:30:09.933] [debug] [ManualAdjust] 平移增量 dxyz=(0.0000, 0.0000, 0.0050)m
[20:30:09.934] [info] [ManualAdjust] 当前外参 [imu_0→cam_front]:
[20:30:09.934] [info]   旋转 RPY: (-2.3164, 0.3518, 1.0829) deg
[20:30:09.934] [info]   平移 XYZ: (-0.0307, -0.3070, 1.9346) m
[20:30:09.966] [debug] [ManualAdjust] 平移增量 dxyz=(0.0000, 0.0000, 0.0050)m
[20:30:09.966] [info] [ManualAdjust] 当前外参 [imu_0→cam_front]:
[20:30:09.966] [info]   旋转 RPY: (-2.3164, 0.3518, 1.0829) deg
[20:30:09.966] [info]   平移 XYZ: (-0.0307, -0.3070, 1.9396) m
[20:30:10.011] [debug] [ManualAdjust] 平移增量 dxyz=(0.0000, 0.0000, 0.0050)m
[20:30:10.011] [info] [ManualAdjust] 当前外参 [imu_0→cam_front]:
[20:30:10.011] [info]   旋转 RPY: (-2.3164, 0.3518, 1.0829) deg
[20:30:10.011] [info]   平移 XYZ: (-0.0307, -0.3070, 1.9446) m
[20:30:10.040] [debug] [ManualAdjust] 平移增量 dxyz=(0.0000, 0.0000, 0.0050)m
[20:30:10.040] [info] [ManualAdjust] 当前外参 [imu_0→cam_front]:
[20:30:10.040] [info]   旋转 RPY: (-2.3164, 0.3518, 1.0829) deg
[20:30:10.040] [info]   平移 XYZ: (-0.0307, -0.3070, 1.9496) m
[20:30:10.082] [debug] [ManualAdjust] 平移增量 dxyz=(0.0000, 0.0000, 0.0050)m
[20:30:10.082] [info] [ManualAdjust] 当前外参 [imu_0→cam_front]:
[20:30:10.082] [info]   旋转 RPY: (-2.3164, 0.3518, 1.0829) deg
[20:30:10.082] [info]   平移 XYZ: (-0.0307, -0.3070, 1.9546) m
[20:30:10.111] [debug] [ManualAdjust] 平移增量 dxyz=(0.0000, 0.0000, 0.0050)m
[20:30:10.111] [info] [ManualAdjust] 当前外参 [imu_0→cam_front]:
[20:30:10.111] [info]   旋转 RPY: (-2.3164, 0.3518, 1.0829) deg
[20:30:10.111] [info]   平移 XYZ: (-0.0307, -0.3070, 1.9596) m
[20:30:10.141] [debug] [ManualAdjust] 平移增量 dxyz=(0.0000, 0.0000, 0.0050)m
[20:30:10.141] [info] [ManualAdjust] 当前外参 [imu_0→cam_front]:
[20:30:10.141] [info]   旋转 RPY: (-2.3164, 0.3518, 1.0829) deg
[20:30:10.141] [info]   平移 XYZ: (-0.0307, -0.3070, 1.9646) m
[20:30:10.194] [debug] [ManualAdjust] 平移增量 dxyz=(0.0000, 0.0000, 0.0050)m
[20:30:10.194] [info] [ManualAdjust] 当前外参 [imu_0→cam_front]:
[20:30:10.194] [info]   旋转 RPY: (-2.3164, 0.3518, 1.0829) deg
[20:30:10.194] [info]   平移 XYZ: (-0.0307, -0.3070, 1.9696) m
[20:30:10.224] [debug] [ManualAdjust] 平移增量 dxyz=(0.0000, 0.0000, 0.0050)m
[20:30:10.224] [info] [ManualAdjust] 当前外参 [imu_0→cam_front]:
[20:30:10.224] [info]   旋转 RPY: (-2.3164, 0.3518, 1.0829) deg
[20:30:10.224] [info]   平移 XYZ: (-0.0307, -0.3070, 1.9746) m
[20:30:10.258] [debug] [ManualAdjust] 平移增量 dxyz=(0.0000, 0.0000, 0.0050)m
[20:30:10.258] [info] [ManualAdjust] 当前外参 [imu_0→cam_front]:
[20:30:10.258] [info]   旋转 RPY: (-2.3164, 0.3518, 1.0829) deg
[20:30:10.258] [info]   平移 XYZ: (-0.0307, -0.3070, 1.9796) m
[20:30:10.290] [debug] [ManualAdjust] 平移增量 dxyz=(0.0000, 0.0000, 0.0050)m
[20:30:10.290] [info] [ManualAdjust] 当前外参 [imu_0→cam_front]:
[20:30:10.290] [info]   旋转 RPY: (-2.3164, 0.3518, 1.0829) deg
[20:30:10.290] [info]   平移 XYZ: (-0.0307, -0.3070, 1.9846) m
[20:30:10.320] [debug] [ManualAdjust] 平移增量 dxyz=(0.0000, 0.0000, 0.0050)m
[20:30:10.320] [info] [ManualAdjust] 当前外参 [imu_0→cam_front]:
[20:30:10.320] [info]   旋转 RPY: (-2.3164, 0.3518, 1.0829) deg
[20:30:10.320] [info]   平移 XYZ: (-0.0307, -0.3070, 1.9896) m
[20:30:10.375] [debug] [ManualAdjust] 平移增量 dxyz=(0.0000, 0.0000, 0.0050)m
[20:30:10.375] [info] [ManualAdjust] 当前外参 [imu_0→cam_front]:
[20:30:10.375] [info]   旋转 RPY: (-2.3164, 0.3518, 1.0829) deg
[20:30:10.375] [info]   平移 XYZ: (-0.0307, -0.3070, 1.9946) m
[20:30:10.407] [debug] [ManualAdjust] 平移增量 dxyz=(0.0000, 0.0000, 0.0050)m
[20:30:10.407] [info] [ManualAdjust] 当前外参 [imu_0→cam_front]:
[20:30:10.407] [info]   旋转 RPY: (-2.3164, 0.3518, 1.0829) deg
[20:30:10.407] [info]   平移 XYZ: (-0.0307, -0.3070, 1.9996) m
[20:30:10.447] [debug] [ManualAdjust] 平移增量 dxyz=(0.0000, 0.0000, 0.0050)m
[20:30:10.447] [info] [ManualAdjust] 当前外参 [imu_0→cam_front]:
[20:30:10.447] [info]   旋转 RPY: (-2.3164, 0.3518, 1.0829) deg
[20:30:10.447] [info]   平移 XYZ: (-0.0307, -0.3070, 2.0046) m
[20:30:10.491] [debug] [ManualAdjust] 平移增量 dxyz=(0.0000, 0.0000, 0.0050)m
[20:30:10.491] [info] [ManualAdjust] 当前外参 [imu_0→cam_front]:
[20:30:10.491] [info]   旋转 RPY: (-2.3164, 0.3518, 1.0829) deg
[20:30:10.491] [info]   平移 XYZ: (-0.0307, -0.3070, 2.0096) m
[20:30:10.539] [debug] [ManualAdjust] 平移增量 dxyz=(0.0000, 0.0000, 0.0050)m
[20:30:10.540] [info] [ManualAdjust] 当前外参 [imu_0→cam_front]:
[20:30:10.540] [info]   旋转 RPY: (-2.3164, 0.3518, 1.0829) deg
[20:30:10.540] [info]   平移 XYZ: (-0.0307, -0.3070, 2.0146) m
[20:30:10.565] [debug] [ManualAdjust] 平移增量 dxyz=(0.0000, 0.0000, 0.0050)m
[20:30:10.565] [info] [ManualAdjust] 当前外参 [imu_0→cam_front]:
[20:30:10.565] [info]   旋转 RPY: (-2.3164, 0.3518, 1.0829) deg
[20:30:10.565] [info]   平移 XYZ: (-0.0307, -0.3070, 2.0196) m
[20:30:10.615] [debug] [ManualAdjust] 平移增量 dxyz=(0.0000, 0.0000, 0.0050)m
[20:30:10.615] [info] [ManualAdjust] 当前外参 [imu_0→cam_front]:
[20:30:10.615] [info]   旋转 RPY: (-2.3164, 0.3518, 1.0829) deg
[20:30:10.615] [info]   平移 XYZ: (-0.0307, -0.3070, 2.0246) m
[20:30:10.651] [debug] [ManualAdjust] 平移增量 dxyz=(0.0000, 0.0000, 0.0050)m
[20:30:10.651] [info] [ManualAdjust] 当前外参 [imu_0→cam_front]:
[20:30:10.651] [info]   旋转 RPY: (-2.3164, 0.3518, 1.0829) deg
[20:30:10.651] [info]   平移 XYZ: (-0.0307, -0.3070, 2.0296) m
[20:30:10.681] [debug] [ManualAdjust] 平移增量 dxyz=(0.0000, 0.0000, 0.0050)m
[20:30:10.681] [info] [ManualAdjust] 当前外参 [imu_0→cam_front]:
[20:30:10.681] [info]   旋转 RPY: (-2.3164, 0.3518, 1.0829) deg
[20:30:10.681] [info]   平移 XYZ: (-0.0307, -0.3070, 2.0346) m
[20:30:10.739] [debug] [ManualAdjust] 平移增量 dxyz=(0.0000, 0.0000, 0.0050)m
[20:30:10.739] [info] [ManualAdjust] 当前外参 [imu_0→cam_front]:
[20:30:10.739] [info]   旋转 RPY: (-2.3164, 0.3518, 1.0829) deg
[20:30:10.739] [info]   平移 XYZ: (-0.0307, -0.3070, 2.0396) m
[20:30:10.781] [debug] [ManualAdjust] 平移增量 dxyz=(0.0000, 0.0000, 0.0050)m
[20:30:10.781] [info] [ManualAdjust] 当前外参 [imu_0→cam_front]:
[20:30:10.781] [info]   旋转 RPY: (-2.3164, 0.3518, 1.0829) deg
[20:30:10.781] [info]   平移 XYZ: (-0.0307, -0.3070, 2.0446) m
[20:30:10.815] [debug] [ManualAdjust] 平移增量 dxyz=(0.0000, 0.0000, 0.0050)m
[20:30:10.815] [info] [ManualAdjust] 当前外参 [imu_0→cam_front]:
[20:30:10.815] [info]   旋转 RPY: (-2.3164, 0.3518, 1.0829) deg
[20:30:10.815] [info]   平移 XYZ: (-0.0307, -0.3070, 2.0496) m
[20:30:10.846] [debug] [ManualAdjust] 平移增量 dxyz=(0.0000, 0.0000, 0.0050)m
[20:30:10.846] [info] [ManualAdjust] 当前外参 [imu_0→cam_front]:
[20:30:10.846] [info]   旋转 RPY: (-2.3164, 0.3518, 1.0829) deg
[20:30:10.846] [info]   平移 XYZ: (-0.0307, -0.3070, 2.0546) m
[20:30:10.903] [debug] [ManualAdjust] 平移增量 dxyz=(0.0000, 0.0000, 0.0050)m
[20:30:10.903] [info] [ManualAdjust] 当前外参 [imu_0→cam_front]:
[20:30:10.903] [info]   旋转 RPY: (-2.3164, 0.3518, 1.0829) deg
[20:30:10.903] [info]   平移 XYZ: (-0.0307, -0.3070, 2.0596) m
[20:30:10.933] [debug] [ManualAdjust] 平移增量 dxyz=(0.0000, 0.0000, 0.0050)m
[20:30:10.933] [info] [ManualAdjust] 当前外参 [imu_0→cam_front]:
[20:30:10.933] [info]   旋转 RPY: (-2.3164, 0.3518, 1.0829) deg
[20:30:10.933] [info]   平移 XYZ: (-0.0307, -0.3070, 2.0646) m
[20:30:10.973] [debug] [ManualAdjust] 平移增量 dxyz=(0.0000, 0.0000, 0.0050)m
[20:30:10.973] [info] [ManualAdjust] 当前外参 [imu_0→cam_front]:
[20:30:10.973] [info]   旋转 RPY: (-2.3164, 0.3518, 1.0829) deg
[20:30:10.973] [info]   平移 XYZ: (-0.0307, -0.3070, 2.0696) m
[20:30:11.001] [debug] [ManualAdjust] 平移增量 dxyz=(0.0000, 0.0000, 0.0050)m
[20:30:11.001] [info] [ManualAdjust] 当前外参 [imu_0→cam_front]:
[20:30:11.001] [info]   旋转 RPY: (-2.3164, 0.3518, 1.0829) deg
[20:30:11.001] [info]   平移 XYZ: (-0.0307, -0.3070, 2.0746) m
[20:30:11.040] [debug] [ManualAdjust] 平移增量 dxyz=(0.0000, 0.0000, 0.0050)m
[20:30:11.040] [info] [ManualAdjust] 当前外参 [imu_0→cam_front]:
[20:30:11.040] [info]   旋转 RPY: (-2.3164, 0.3518, 1.0829) deg
[20:30:11.040] [info]   平移 XYZ: (-0.0307, -0.3070, 2.0796) m
[20:30:11.078] [debug] [ManualAdjust] 平移增量 dxyz=(0.0000, 0.0000, 0.0050)m
[20:30:11.078] [info] [ManualAdjust] 当前外参 [imu_0→cam_front]:
[20:30:11.078] [info]   旋转 RPY: (-2.3164, 0.3518, 1.0829) deg
[20:30:11.078] [info]   平移 XYZ: (-0.0307, -0.3070, 2.0846) m
[20:30:11.110] [debug] [ManualAdjust] 平移增量 dxyz=(0.0000, 0.0000, 0.0050)m
[20:30:11.110] [info] [ManualAdjust] 当前外参 [imu_0→cam_front]:
[20:30:11.110] [info]   旋转 RPY: (-2.3164, 0.3518, 1.0829) deg
[20:30:11.110] [info]   平移 XYZ: (-0.0307, -0.3070, 2.0896) m
[20:30:11.168] [debug] [ManualAdjust] 平移增量 dxyz=(0.0000, 0.0000, 0.0050)m
[20:30:11.168] [info] [ManualAdjust] 当前外参 [imu_0→cam_front]:
[20:30:11.168] [info]   旋转 RPY: (-2.3164, 0.3518, 1.0829) deg
[20:30:11.168] [info]   平移 XYZ: (-0.0307, -0.3070, 2.0946) m
[20:30:11.207] [debug] [ManualAdjust] 平移增量 dxyz=(0.0000, 0.0000, 0.0050)m
[20:30:11.207] [info] [ManualAdjust] 当前外参 [imu_0→cam_front]:
[20:30:11.207] [info]   旋转 RPY: (-2.3164, 0.3518, 1.0829) deg
[20:30:11.207] [info]   平移 XYZ: (-0.0307, -0.3070, 2.0996) m
[20:30:11.237] [debug] [ManualAdjust] 平移增量 dxyz=(0.0000, 0.0000, 0.0050)m
[20:30:11.237] [info] [ManualAdjust] 当前外参 [imu_0→cam_front]:
[20:30:11.237] [info]   旋转 RPY: (-2.3164, 0.3518, 1.0829) deg
[20:30:11.237] [info]   平移 XYZ: (-0.0307, -0.3070, 2.1046) m
[20:30:11.267] [debug] [ManualAdjust] 平移增量 dxyz=(0.0000, 0.0000, 0.0050)m
[20:30:11.267] [info] [ManualAdjust] 当前外参 [imu_0→cam_front]:
[20:30:11.267] [info]   旋转 RPY: (-2.3164, 0.3518, 1.0829) deg
[20:30:11.267] [info]   平移 XYZ: (-0.0307, -0.3070, 2.1096) m
[20:30:11.312] [debug] [ManualAdjust] 平移增量 dxyz=(0.0000, 0.0000, 0.0050)m
[20:30:11.312] [info] [ManualAdjust] 当前外参 [imu_0→cam_front]:
[20:30:11.312] [info]   旋转 RPY: (-2.3164, 0.3518, 1.0829) deg
[20:30:11.312] [info]   平移 XYZ: (-0.0307, -0.3070, 2.1146) m
[20:30:11.343] [debug] [ManualAdjust] 平移增量 dxyz=(0.0000, 0.0000, 0.0050)m
[20:30:11.343] [info] [ManualAdjust] 当前外参 [imu_0→cam_front]:
[20:30:11.343] [info]   旋转 RPY: (-2.3164, 0.3518, 1.0829) deg
[20:30:11.343] [info]   平移 XYZ: (-0.0307, -0.3070, 2.1196) m
[20:30:11.387] [debug] [ManualAdjust] 平移增量 dxyz=(0.0000, 0.0000, 0.0050)m
[20:30:11.387] [info] [ManualAdjust] 当前外参 [imu_0→cam_front]:
[20:30:11.387] [info]   旋转 RPY: (-2.3164, 0.3518, 1.0829) deg
[20:30:11.387] [info]   平移 XYZ: (-0.0307, -0.3070, 2.1246) m
[20:30:11.415] [debug] [ManualAdjust] 平移增量 dxyz=(0.0000, 0.0000, 0.0050)m
[20:30:11.415] [info] [ManualAdjust] 当前外参 [imu_0→cam_front]:
[20:30:11.415] [info]   旋转 RPY: (-2.3164, 0.3518, 1.0829) deg
[20:30:11.415] [info]   平移 XYZ: (-0.0307, -0.3070, 2.1296) m
[20:30:11.448] [debug] [ManualAdjust] 平移增量 dxyz=(0.0000, 0.0000, 0.0050)m
[20:30:11.448] [info] [ManualAdjust] 当前外参 [imu_0→cam_front]:
[20:30:11.448] [info]   旋转 RPY: (-2.3164, 0.3518, 1.0829) deg
[20:30:11.448] [info]   平移 XYZ: (-0.0307, -0.3070, 2.1346) m
[20:30:11.480] [debug] [ManualAdjust] 平移增量 dxyz=(0.0000, 0.0000, 0.0050)m
[20:30:11.480] [info] [ManualAdjust] 当前外参 [imu_0→cam_front]:
[20:30:11.480] [info]   旋转 RPY: (-2.3164, 0.3518, 1.0829) deg
[20:30:11.480] [info]   平移 XYZ: (-0.0307, -0.3070, 2.1396) m
[20:30:11.516] [debug] [ManualAdjust] 平移增量 dxyz=(0.0000, 0.0000, 0.0050)m
[20:30:11.516] [info] [ManualAdjust] 当前外参 [imu_0→cam_front]:
[20:30:11.516] [info]   旋转 RPY: (-2.3164, 0.3518, 1.0829) deg
[20:30:11.516] [info]   平移 XYZ: (-0.0307, -0.3070, 2.1446) m
[20:30:11.565] [debug] [ManualAdjust] 平移增量 dxyz=(0.0000, 0.0000, 0.0050)m
[20:30:11.565] [info] [ManualAdjust] 当前外参 [imu_0→cam_front]:
[20:30:11.565] [info]   旋转 RPY: (-2.3164, 0.3518, 1.0829) deg
[20:30:11.565] [info]   平移 XYZ: (-0.0307, -0.3070, 2.1496) m
[20:30:11.603] [debug] [ManualAdjust] 平移增量 dxyz=(0.0000, 0.0000, 0.0050)m
[20:30:11.603] [info] [ManualAdjust] 当前外参 [imu_0→cam_front]:
[20:30:11.603] [info]   旋转 RPY: (-2.3164, 0.3518, 1.0829) deg
[20:30:11.603] [info]   平移 XYZ: (-0.0307, -0.3070, 2.1546) m
[20:30:11.636] [debug] [ManualAdjust] 平移增量 dxyz=(0.0000, 0.0000, 0.0050)m
[20:30:11.636] [info] [ManualAdjust] 当前外参 [imu_0→cam_front]:
[20:30:11.636] [info]   旋转 RPY: (-2.3164, 0.3518, 1.0829) deg
[20:30:11.636] [info]   平移 XYZ: (-0.0307, -0.3070, 2.1596) m
[20:30:11.686] [debug] [ManualAdjust] 平移增量 dxyz=(0.0000, 0.0000, 0.0050)m
[20:30:11.686] [info] [ManualAdjust] 当前外参 [imu_0→cam_front]:
[20:30:11.686] [info]   旋转 RPY: (-2.3164, 0.3518, 1.0829) deg
[20:30:11.686] [info]   平移 XYZ: (-0.0307, -0.3070, 2.1646) m
[20:30:11.717] [debug] [ManualAdjust] 平移增量 dxyz=(0.0000, 0.0000, 0.0050)m
[20:30:11.717] [info] [ManualAdjust] 当前外参 [imu_0→cam_front]:
[20:30:11.717] [info]   旋转 RPY: (-2.3164, 0.3518, 1.0829) deg
[20:30:11.717] [info]   平移 XYZ: (-0.0307, -0.3070, 2.1696) m
[20:30:11.755] [debug] [ManualAdjust] 平移增量 dxyz=(0.0000, 0.0000, 0.0050)m
[20:30:11.755] [info] [ManualAdjust] 当前外参 [imu_0→cam_front]:
[20:30:11.755] [info]   旋转 RPY: (-2.3164, 0.3518, 1.0829) deg
[20:30:11.755] [info]   平移 XYZ: (-0.0307, -0.3070, 2.1746) m
[20:30:11.792] [debug] [ManualAdjust] 平移增量 dxyz=(0.0000, 0.0000, 0.0050)m
[20:30:11.792] [info] [ManualAdjust] 当前外参 [imu_0→cam_front]:
[20:30:11.792] [info]   旋转 RPY: (-2.3164, 0.3518, 1.0829) deg
[20:30:11.792] [info]   平移 XYZ: (-0.0307, -0.3070, 2.1796) m
[20:30:11.822] [debug] [ManualAdjust] 平移增量 dxyz=(0.0000, 0.0000, 0.0050)m
[20:30:11.822] [info] [ManualAdjust] 当前外参 [imu_0→cam_front]:
[20:30:11.822] [info]   旋转 RPY: (-2.3164, 0.3518, 1.0829) deg
[20:30:11.822] [info]   平移 XYZ: (-0.0307, -0.3070, 2.1846) m
[20:30:11.857] [debug] [ManualAdjust] 平移增量 dxyz=(0.0000, 0.0000, 0.0050)m
[20:30:11.857] [info] [ManualAdjust] 当前外参 [imu_0→cam_front]:
[20:30:11.857] [info]   旋转 RPY: (-2.3164, 0.3518, 1.0829) deg
[20:30:11.857] [info]   平移 XYZ: (-0.0307, -0.3070, 2.1896) m
[20:30:11.885] [debug] [ManualAdjust] 平移增量 dxyz=(0.0000, 0.0000, 0.0050)m
[20:30:11.885] [info] [ManualAdjust] 当前外参 [imu_0→cam_front]:
[20:30:11.885] [info]   旋转 RPY: (-2.3164, 0.3518, 1.0829) deg
[20:30:11.885] [info]   平移 XYZ: (-0.0307, -0.3070, 2.1946) m
[20:30:11.915] [debug] [ManualAdjust] 平移增量 dxyz=(0.0000, 0.0000, 0.0050)m
[20:30:11.915] [info] [ManualAdjust] 当前外参 [imu_0→cam_front]:
[20:30:11.915] [info]   旋转 RPY: (-2.3164, 0.3518, 1.0829) deg
[20:30:11.915] [info]   平移 XYZ: (-0.0307, -0.3070, 2.1996) m
[20:30:11.965] [debug] [ManualAdjust] 平移增量 dxyz=(0.0000, 0.0000, 0.0050)m
[20:30:11.965] [info] [ManualAdjust] 当前外参 [imu_0→cam_front]:
[20:30:11.965] [info]   旋转 RPY: (-2.3164, 0.3518, 1.0829) deg
[20:30:11.965] [info]   平移 XYZ: (-0.0307, -0.3070, 2.2046) m
[20:30:11.995] [debug] [ManualAdjust] 平移增量 dxyz=(0.0000, 0.0000, 0.0050)m
[20:30:11.995] [info] [ManualAdjust] 当前外参 [imu_0→cam_front]:
[20:30:11.995] [info]   旋转 RPY: (-2.3164, 0.3518, 1.0829) deg
[20:30:11.995] [info]   平移 XYZ: (-0.0307, -0.3070, 2.2096) m
[20:30:12.033] [debug] [ManualAdjust] 平移增量 dxyz=(0.0000, 0.0000, 0.0050)m
[20:30:12.033] [info] [ManualAdjust] 当前外参 [imu_0→cam_front]:
[20:30:12.033] [info]   旋转 RPY: (-2.3164, 0.3518, 1.0829) deg
[20:30:12.033] [info]   平移 XYZ: (-0.0307, -0.3070, 2.2146) m
[20:30:12.061] [debug] [ManualAdjust] 平移增量 dxyz=(0.0000, 0.0000, 0.0050)m
[20:30:12.062] [info] [ManualAdjust] 当前外参 [imu_0→cam_front]:
[20:30:12.062] [info]   旋转 RPY: (-2.3164, 0.3518, 1.0829) deg
[20:30:12.062] [info]   平移 XYZ: (-0.0307, -0.3070, 2.2196) m
[20:30:12.108] [debug] [ManualAdjust] 平移增量 dxyz=(0.0000, 0.0000, 0.0050)m
[20:30:12.108] [info] [ManualAdjust] 当前外参 [imu_0→cam_front]:
[20:30:12.108] [info]   旋转 RPY: (-2.3164, 0.3518, 1.0829) deg
[20:30:12.108] [info]   平移 XYZ: (-0.0307, -0.3070, 2.2246) m
[20:30:12.141] [debug] [ManualAdjust] 平移增量 dxyz=(0.0000, 0.0000, 0.0050)m
[20:30:12.141] [info] [ManualAdjust] 当前外参 [imu_0→cam_front]:
[20:30:12.141] [info]   旋转 RPY: (-2.3164, 0.3518, 1.0829) deg
[20:30:12.141] [info]   平移 XYZ: (-0.0307, -0.3070, 2.2296) m
[20:30:12.171] [debug] [ManualAdjust] 平移增量 dxyz=(0.0000, 0.0000, 0.0050)m
[20:30:12.171] [info] [ManualAdjust] 当前外参 [imu_0→cam_front]:
[20:30:12.171] [info]   旋转 RPY: (-2.3164, 0.3518, 1.0829) deg
[20:30:12.171] [info]   平移 XYZ: (-0.0307, -0.3070, 2.2346) m
[20:30:12.223] [debug] [ManualAdjust] 平移增量 dxyz=(0.0000, 0.0000, 0.0050)m
[20:30:12.223] [info] [ManualAdjust] 当前外参 [imu_0→cam_front]:
[20:30:12.223] [info]   旋转 RPY: (-2.3164, 0.3518, 1.0829) deg
[20:30:12.223] [info]   平移 XYZ: (-0.0307, -0.3070, 2.2396) m
[20:30:12.255] [debug] [ManualAdjust] 平移增量 dxyz=(0.0000, 0.0000, 0.0050)m
[20:30:12.255] [info] [ManualAdjust] 当前外参 [imu_0→cam_front]:
[20:30:12.255] [info]   旋转 RPY: (-2.3164, 0.3518, 1.0829) deg
[20:30:12.255] [info]   平移 XYZ: (-0.0307, -0.3070, 2.2446) m
[20:30:12.304] [debug] [ManualAdjust] 平移增量 dxyz=(0.0000, 0.0000, 0.0050)m
[20:30:12.304] [info] [ManualAdjust] 当前外参 [imu_0→cam_front]:
[20:30:12.304] [info]   旋转 RPY: (-2.3164, 0.3518, 1.0829) deg
[20:30:12.304] [info]   平移 XYZ: (-0.0307, -0.3070, 2.2496) m
[20:30:12.335] [debug] [ManualAdjust] 平移增量 dxyz=(0.0000, 0.0000, 0.0050)m
[20:30:12.335] [info] [ManualAdjust] 当前外参 [imu_0→cam_front]:
[20:30:12.335] [info]   旋转 RPY: (-2.3164, 0.3518, 1.0829) deg
[20:30:12.335] [info]   平移 XYZ: (-0.0307, -0.3070, 2.2546) m
[20:30:12.402] [debug] [ManualAdjust] 平移增量 dxyz=(0.0000, 0.0000, 0.0050)m
[20:30:12.402] [info] [ManualAdjust] 当前外参 [imu_0→cam_front]:
[20:30:12.402] [info]   旋转 RPY: (-2.3164, 0.3518, 1.0829) deg
[20:30:12.402] [info]   平移 XYZ: (-0.0307, -0.3070, 2.2596) m
[20:30:12.444] [debug] [ManualAdjust] 平移增量 dxyz=(0.0000, 0.0000, 0.0050)m
[20:30:12.444] [info] [ManualAdjust] 当前外参 [imu_0→cam_front]:
[20:30:12.444] [info]   旋转 RPY: (-2.3164, 0.3518, 1.0829) deg
[20:30:12.444] [info]   平移 XYZ: (-0.0307, -0.3070, 2.2646) m
[20:30:12.475] [debug] [ManualAdjust] 平移增量 dxyz=(0.0000, 0.0000, 0.0050)m
[20:30:12.475] [info] [ManualAdjust] 当前外参 [imu_0→cam_front]:
[20:30:12.475] [info]   旋转 RPY: (-2.3164, 0.3518, 1.0829) deg
[20:30:12.475] [info]   平移 XYZ: (-0.0307, -0.3070, 2.2696) m
[20:30:12.516] [debug] [ManualAdjust] 平移增量 dxyz=(0.0000, 0.0000, 0.0050)m
[20:30:12.516] [info] [ManualAdjust] 当前外参 [imu_0→cam_front]:
[20:30:12.516] [info]   旋转 RPY: (-2.3164, 0.3518, 1.0829) deg
[20:30:12.516] [info]   平移 XYZ: (-0.0307, -0.3070, 2.2746) m
[20:30:12.547] [debug] [ManualAdjust] 平移增量 dxyz=(0.0000, 0.0000, 0.0050)m
[20:30:12.547] [info] [ManualAdjust] 当前外参 [imu_0→cam_front]:
[20:30:12.547] [info]   旋转 RPY: (-2.3164, 0.3518, 1.0829) deg
[20:30:12.547] [info]   平移 XYZ: (-0.0307, -0.3070, 2.2796) m
[20:30:12.577] [debug] [ManualAdjust] 平移增量 dxyz=(0.0000, 0.0000, 0.0050)m
[20:30:12.577] [info] [ManualAdjust] 当前外参 [imu_0→cam_front]:
[20:30:12.577] [info]   旋转 RPY: (-2.3164, 0.3518, 1.0829) deg
[20:30:12.577] [info]   平移 XYZ: (-0.0307, -0.3070, 2.2846) m
[20:30:12.607] [debug] [ManualAdjust] 平移增量 dxyz=(0.0000, 0.0000, 0.0050)m
[20:30:12.607] [info] [ManualAdjust] 当前外参 [imu_0→cam_front]:
[20:30:12.607] [info]   旋转 RPY: (-2.3164, 0.3518, 1.0829) deg
[20:30:12.607] [info]   平移 XYZ: (-0.0307, -0.3070, 2.2896) m
[20:30:12.665] [debug] [ManualAdjust] 平移增量 dxyz=(0.0000, 0.0000, 0.0050)m
[20:30:12.665] [info] [ManualAdjust] 当前外参 [imu_0→cam_front]:
[20:30:12.665] [info]   旋转 RPY: (-2.3164, 0.3518, 1.0829) deg
[20:30:12.665] [info]   平移 XYZ: (-0.0307, -0.3070, 2.2946) m
[20:30:12.695] [debug] [ManualAdjust] 平移增量 dxyz=(0.0000, 0.0000, 0.0050)m
[20:30:12.695] [info] [ManualAdjust] 当前外参 [imu_0→cam_front]:
[20:30:12.695] [info]   旋转 RPY: (-2.3164, 0.3518, 1.0829) deg
[20:30:12.695] [info]   平移 XYZ: (-0.0307, -0.3070, 2.2996) m
[20:30:12.726] [debug] [ManualAdjust] 平移增量 dxyz=(0.0000, 0.0000, 0.0050)m
[20:30:12.726] [info] [ManualAdjust] 当前外参 [imu_0→cam_front]:
[20:30:12.726] [info]   旋转 RPY: (-2.3164, 0.3518, 1.0829) deg
[20:30:12.726] [info]   平移 XYZ: (-0.0307, -0.3070, 2.3046) m
[20:30:12.757] [debug] [ManualAdjust] 平移增量 dxyz=(0.0000, 0.0000, 0.0050)m
[20:30:12.757] [info] [ManualAdjust] 当前外参 [imu_0→cam_front]:
[20:30:12.757] [info]   旋转 RPY: (-2.3164, 0.3518, 1.0829) deg
[20:30:12.757] [info]   平移 XYZ: (-0.0307, -0.3070, 2.3096) m
[20:30:12.787] [debug] [ManualAdjust] 平移增量 dxyz=(0.0000, 0.0000, 0.0050)m
[20:30:12.787] [info] [ManualAdjust] 当前外参 [imu_0→cam_front]:
[20:30:12.787] [info]   旋转 RPY: (-2.3164, 0.3518, 1.0829) deg
[20:30:12.787] [info]   平移 XYZ: (-0.0307, -0.3070, 2.3146) m
[20:30:12.839] [debug] [ManualAdjust] 平移增量 dxyz=(0.0000, 0.0000, 0.0050)m
[20:30:12.839] [info] [ManualAdjust] 当前外参 [imu_0→cam_front]:
[20:30:12.839] [info]   旋转 RPY: (-2.3164, 0.3518, 1.0829) deg
[20:30:12.839] [info]   平移 XYZ: (-0.0307, -0.3070, 2.3196) m
[20:30:12.869] [debug] [ManualAdjust] 平移增量 dxyz=(0.0000, 0.0000, 0.0050)m
[20:30:12.870] [info] [ManualAdjust] 当前外参 [imu_0→cam_front]:
[20:30:12.870] [info]   旋转 RPY: (-2.3164, 0.3518, 1.0829) deg
[20:30:12.870] [info]   平移 XYZ: (-0.0307, -0.3070, 2.3246) m
[20:30:12.926] [debug] [ManualAdjust] 平移增量 dxyz=(0.0000, 0.0000, 0.0050)m
[20:30:12.926] [info] [ManualAdjust] 当前外参 [imu_0→cam_front]:
[20:30:12.926] [info]   旋转 RPY: (-2.3164, 0.3518, 1.0829) deg
[20:30:12.926] [info]   平移 XYZ: (-0.0307, -0.3070, 2.3296) m
[20:30:12.970] [debug] [ManualAdjust] 平移增量 dxyz=(0.0000, 0.0000, 0.0050)m
[20:30:12.970] [info] [ManualAdjust] 当前外参 [imu_0→cam_front]:
[20:30:12.970] [info]   旋转 RPY: (-2.3164, 0.3518, 1.0829) deg
[20:30:12.970] [info]   平移 XYZ: (-0.0307, -0.3070, 2.3346) m
[20:30:13.007] [debug] [ManualAdjust] 平移增量 dxyz=(0.0000, 0.0000, 0.0050)m
[20:30:13.007] [info] [ManualAdjust] 当前外参 [imu_0→cam_front]:
[20:30:13.007] [info]   旋转 RPY: (-2.3164, 0.3518, 1.0829) deg
[20:30:13.007] [info]   平移 XYZ: (-0.0307, -0.3070, 2.3396) m
[20:30:13.053] [debug] [ManualAdjust] 平移增量 dxyz=(0.0000, 0.0000, 0.0050)m
[20:30:13.053] [info] [ManualAdjust] 当前外参 [imu_0→cam_front]:
[20:30:13.053] [info]   旋转 RPY: (-2.3164, 0.3518, 1.0829) deg
[20:30:13.053] [info]   平移 XYZ: (-0.0307, -0.3070, 2.3446) m
[20:30:13.105] [debug] [ManualAdjust] 平移增量 dxyz=(0.0000, 0.0000, 0.0050)m
[20:30:13.105] [info] [ManualAdjust] 当前外参 [imu_0→cam_front]:
[20:30:13.105] [info]   旋转 RPY: (-2.3164, 0.3518, 1.0829) deg
[20:30:13.105] [info]   平移 XYZ: (-0.0307, -0.3070, 2.3496) m
[20:30:13.135] [debug] [ManualAdjust] 平移增量 dxyz=(0.0000, 0.0000, 0.0050)m
[20:30:13.135] [info] [ManualAdjust] 当前外参 [imu_0→cam_front]:
[20:30:13.135] [info]   旋转 RPY: (-2.3164, 0.3518, 1.0829) deg
[20:30:13.135] [info]   平移 XYZ: (-0.0307, -0.3070, 2.3546) m
[20:30:13.193] [debug] [ManualAdjust] 平移增量 dxyz=(0.0000, 0.0000, 0.0050)m
[20:30:13.193] [info] [ManualAdjust] 当前外参 [imu_0→cam_front]:
[20:30:13.193] [info]   旋转 RPY: (-2.3164, 0.3518, 1.0829) deg
[20:30:13.193] [info]   平移 XYZ: (-0.0307, -0.3070, 2.3596) m
[20:30:13.232] [debug] [ManualAdjust] 平移增量 dxyz=(0.0000, 0.0000, 0.0050)m
[20:30:13.232] [info] [ManualAdjust] 当前外参 [imu_0→cam_front]:
[20:30:13.232] [info]   旋转 RPY: (-2.3164, 0.3518, 1.0829) deg
[20:30:13.232] [info]   平移 XYZ: (-0.0307, -0.3070, 2.3646) m
[20:30:13.269] [debug] [ManualAdjust] 平移增量 dxyz=(0.0000, 0.0000, 0.0050)m
[20:30:13.269] [info] [ManualAdjust] 当前外参 [imu_0→cam_front]:
[20:30:13.269] [info]   旋转 RPY: (-2.3164, 0.3518, 1.0829) deg
[20:30:13.269] [info]   平移 XYZ: (-0.0307, -0.3070, 2.3696) m
[20:30:13.311] [debug] [ManualAdjust] 平移增量 dxyz=(0.0000, 0.0000, 0.0050)m
[20:30:13.311] [info] [ManualAdjust] 当前外参 [imu_0→cam_front]:
[20:30:13.311] [info]   旋转 RPY: (-2.3164, 0.3518, 1.0829) deg
[20:30:13.311] [info]   平移 XYZ: (-0.0307, -0.3070, 2.3746) m
[20:30:13.343] [debug] [ManualAdjust] 平移增量 dxyz=(0.0000, 0.0000, 0.0050)m
[20:30:13.343] [info] [ManualAdjust] 当前外参 [imu_0→cam_front]:
[20:30:13.343] [info]   旋转 RPY: (-2.3164, 0.3518, 1.0829) deg
[20:30:13.343] [info]   平移 XYZ: (-0.0307, -0.3070, 2.3796) m
[20:30:13.373] [debug] [ManualAdjust] 平移增量 dxyz=(0.0000, 0.0000, 0.0050)m
[20:30:13.373] [info] [ManualAdjust] 当前外参 [imu_0→cam_front]:
[20:30:13.373] [info]   旋转 RPY: (-2.3164, 0.3518, 1.0829) deg
[20:30:13.373] [info]   平移 XYZ: (-0.0307, -0.3070, 2.3846) m
[20:30:13.408] [debug] [ManualAdjust] 平移增量 dxyz=(0.0000, 0.0000, 0.0050)m
[20:30:13.408] [info] [ManualAdjust] 当前外参 [imu_0→cam_front]:
[20:30:13.408] [info]   旋转 RPY: (-2.3164, 0.3518, 1.0829) deg
[20:30:13.408] [info]   平移 XYZ: (-0.0307, -0.3070, 2.3896) m
[20:30:13.437] [debug] [ManualAdjust] 平移增量 dxyz=(0.0000, 0.0000, 0.0050)m
[20:30:13.437] [info] [ManualAdjust] 当前外参 [imu_0→cam_front]:
[20:30:13.437] [info]   旋转 RPY: (-2.3164, 0.3518, 1.0829) deg
[20:30:13.437] [info]   平移 XYZ: (-0.0307, -0.3070, 2.3946) m
[20:30:13.469] [debug] [ManualAdjust] 平移增量 dxyz=(0.0000, 0.0000, 0.0050)m
[20:30:13.471] [info] [ManualAdjust] 当前外参 [imu_0→cam_front]:
[20:30:13.471] [info]   旋转 RPY: (-2.3164, 0.3518, 1.0829) deg
[20:30:13.471] [info]   平移 XYZ: (-0.0307, -0.3070, 2.3996) m
[20:30:13.522] [debug] [ManualAdjust] 平移增量 dxyz=(0.0000, 0.0000, 0.0050)m
[20:30:13.522] [info] [ManualAdjust] 当前外参 [imu_0→cam_front]:
[20:30:13.522] [info]   旋转 RPY: (-2.3164, 0.3518, 1.0829) deg
[20:30:13.522] [info]   平移 XYZ: (-0.0307, -0.3070, 2.4046) m
[20:30:13.568] [debug] [ManualAdjust] 平移增量 dxyz=(0.0000, 0.0000, 0.0050)m
[20:30:13.568] [info] [ManualAdjust] 当前外参 [imu_0→cam_front]:
[20:30:13.568] [info]   旋转 RPY: (-2.3164, 0.3518, 1.0829) deg
[20:30:13.568] [info]   平移 XYZ: (-0.0307, -0.3070, 2.4096) m
[20:30:13.601] [debug] [ManualAdjust] 平移增量 dxyz=(0.0000, 0.0000, 0.0050)m
[20:30:13.601] [info] [ManualAdjust] 当前外参 [imu_0→cam_front]:
[20:30:13.601] [info]   旋转 RPY: (-2.3164, 0.3518, 1.0829) deg
[20:30:13.601] [info]   平移 XYZ: (-0.0307, -0.3070, 2.4146) m
[20:30:13.631] [debug] [ManualAdjust] 平移增量 dxyz=(0.0000, 0.0000, 0.0050)m
[20:30:13.631] [info] [ManualAdjust] 当前外参 [imu_0→cam_front]:
[20:30:13.631] [info]   旋转 RPY: (-2.3164, 0.3518, 1.0829) deg
[20:30:13.631] [info]   平移 XYZ: (-0.0307, -0.3070, 2.4196) m
[20:30:13.687] [debug] [ManualAdjust] 平移增量 dxyz=(0.0000, 0.0000, 0.0050)m
[20:30:13.687] [info] [ManualAdjust] 当前外参 [imu_0→cam_front]:
[20:30:13.687] [info]   旋转 RPY: (-2.3164, 0.3518, 1.0829) deg
[20:30:13.687] [info]   平移 XYZ: (-0.0307, -0.3070, 2.4246) m
[20:30:13.730] [debug] [ManualAdjust] 平移增量 dxyz=(0.0000, 0.0000, 0.0050)m
[20:30:13.730] [info] [ManualAdjust] 当前外参 [imu_0→cam_front]:
[20:30:13.730] [info]   旋转 RPY: (-2.3164, 0.3518, 1.0829) deg
[20:30:13.730] [info]   平移 XYZ: (-0.0307, -0.3070, 2.4296) m
[20:30:13.759] [debug] [ManualAdjust] 平移增量 dxyz=(0.0000, 0.0000, 0.0050)m
[20:30:13.759] [info] [ManualAdjust] 当前外参 [imu_0→cam_front]:
[20:30:13.759] [info]   旋转 RPY: (-2.3164, 0.3518, 1.0829) deg
[20:30:13.759] [info]   平移 XYZ: (-0.0307, -0.3070, 2.4346) m
[20:30:13.803] [debug] [ManualAdjust] 平移增量 dxyz=(0.0000, 0.0000, 0.0050)m
[20:30:13.803] [info] [ManualAdjust] 当前外参 [imu_0→cam_front]:
[20:30:13.803] [info]   旋转 RPY: (-2.3164, 0.3518, 1.0829) deg
[20:30:13.803] [info]   平移 XYZ: (-0.0307, -0.3070, 2.4396) m
[20:30:13.835] [debug] [ManualAdjust] 平移增量 dxyz=(0.0000, 0.0000, 0.0050)m
[20:30:13.835] [info] [ManualAdjust] 当前外参 [imu_0→cam_front]:
[20:30:13.835] [info]   旋转 RPY: (-2.3164, 0.3518, 1.0829) deg
[20:30:13.835] [info]   平移 XYZ: (-0.0307, -0.3070, 2.4446) m
[20:30:13.866] [debug] [ManualAdjust] 平移增量 dxyz=(0.0000, 0.0000, 0.0050)m
[20:30:13.866] [info] [ManualAdjust] 当前外参 [imu_0→cam_front]:
[20:30:13.866] [info]   旋转 RPY: (-2.3164, 0.3518, 1.0829) deg
[20:30:13.866] [info]   平移 XYZ: (-0.0307, -0.3070, 2.4496) m
[20:30:13.926] [debug] [ManualAdjust] 平移增量 dxyz=(0.0000, 0.0000, 0.0050)m
[20:30:13.926] [info] [ManualAdjust] 当前外参 [imu_0→cam_front]:
[20:30:13.926] [info]   旋转 RPY: (-2.3164, 0.3518, 1.0829) deg
[20:30:13.926] [info]   平移 XYZ: (-0.0307, -0.3070, 2.4546) m
[20:30:13.957] [debug] [ManualAdjust] 平移增量 dxyz=(0.0000, 0.0000, 0.0050)m
[20:30:13.957] [info] [ManualAdjust] 当前外参 [imu_0→cam_front]:
[20:30:13.957] [info]   旋转 RPY: (-2.3164, 0.3518, 1.0829) deg
[20:30:13.957] [info]   平移 XYZ: (-0.0307, -0.3070, 2.4596) m
[20:30:13.998] [debug] [ManualAdjust] 平移增量 dxyz=(0.0000, 0.0000, 0.0050)m
[20:30:13.998] [info] [ManualAdjust] 当前外参 [imu_0→cam_front]:
[20:30:13.998] [info]   旋转 RPY: (-2.3164, 0.3518, 1.0829) deg
[20:30:13.998] [info]   平移 XYZ: (-0.0307, -0.3070, 2.4646) m
[20:30:14.033] [debug] [ManualAdjust] 平移增量 dxyz=(0.0000, 0.0000, 0.0050)m
[20:30:14.033] [info] [ManualAdjust] 当前外参 [imu_0→cam_front]:
[20:30:14.033] [info]   旋转 RPY: (-2.3164, 0.3518, 1.0829) deg
[20:30:14.033] [info]   平移 XYZ: (-0.0307, -0.3070, 2.4696) m
[20:30:14.064] [debug] [ManualAdjust] 平移增量 dxyz=(0.0000, 0.0000, 0.0050)m
[20:30:14.064] [info] [ManualAdjust] 当前外参 [imu_0→cam_front]:
[20:30:14.064] [info]   旋转 RPY: (-2.3164, 0.3518, 1.0829) deg
[20:30:14.064] [info]   平移 XYZ: (-0.0307, -0.3070, 2.4746) m
[20:30:14.119] [debug] [ManualAdjust] 平移增量 dxyz=(0.0000, 0.0000, 0.0050)m
[20:30:14.119] [info] [ManualAdjust] 当前外参 [imu_0→cam_front]:
[20:30:14.119] [info]   旋转 RPY: (-2.3164, 0.3518, 1.0829) deg
[20:30:14.119] [info]   平移 XYZ: (-0.0307, -0.3070, 2.4796) m
[20:30:14.168] [debug] [ManualAdjust] 平移增量 dxyz=(0.0000, 0.0000, 0.0050)m
[20:30:14.168] [info] [ManualAdjust] 当前外参 [imu_0→cam_front]:
[20:30:14.168] [info]   旋转 RPY: (-2.3164, 0.3518, 1.0829) deg
[20:30:14.168] [info]   平移 XYZ: (-0.0307, -0.3070, 2.4846) m
[20:30:14.211] [debug] [ManualAdjust] 平移增量 dxyz=(0.0000, 0.0000, 0.0050)m
[20:30:14.211] [info] [ManualAdjust] 当前外参 [imu_0→cam_front]:
[20:30:14.211] [info]   旋转 RPY: (-2.3164, 0.3518, 1.0829) deg
[20:30:14.211] [info]   平移 XYZ: (-0.0307, -0.3070, 2.4896) m
[20:30:14.241] [debug] [ManualAdjust] 平移增量 dxyz=(0.0000, 0.0000, 0.0050)m
[20:30:14.241] [info] [ManualAdjust] 当前外参 [imu_0→cam_front]:
[20:30:14.241] [info]   旋转 RPY: (-2.3164, 0.3518, 1.0829) deg
[20:30:14.241] [info]   平移 XYZ: (-0.0307, -0.3070, 2.4946) m
[20:30:14.284] [debug] [ManualAdjust] 平移增量 dxyz=(0.0000, 0.0000, 0.0050)m
[20:30:14.284] [info] [ManualAdjust] 当前外参 [imu_0→cam_front]:
[20:30:14.284] [info]   旋转 RPY: (-2.3164, 0.3518, 1.0829) deg
[20:30:14.284] [info]   平移 XYZ: (-0.0307, -0.3070, 2.4996) m
[20:30:14.318] [debug] [ManualAdjust] 平移增量 dxyz=(0.0000, 0.0000, 0.0050)m
[20:30:14.318] [info] [ManualAdjust] 当前外参 [imu_0→cam_front]:
[20:30:14.318] [info]   旋转 RPY: (-2.3164, 0.3518, 1.0829) deg
[20:30:14.318] [info]   平移 XYZ: (-0.0307, -0.3070, 2.5046) m
[20:30:14.357] [debug] [ManualAdjust] 平移增量 dxyz=(0.0000, 0.0000, 0.0050)m
[20:30:14.357] [info] [ManualAdjust] 当前外参 [imu_0→cam_front]:
[20:30:14.357] [info]   旋转 RPY: (-2.3164, 0.3518, 1.0829) deg
[20:30:14.357] [info]   平移 XYZ: (-0.0307, -0.3070, 2.5096) m
[20:30:14.386] [debug] [ManualAdjust] 平移增量 dxyz=(0.0000, 0.0000, 0.0050)m
[20:30:14.386] [info] [ManualAdjust] 当前外参 [imu_0→cam_front]:
[20:30:14.386] [info]   旋转 RPY: (-2.3164, 0.3518, 1.0829) deg
[20:30:14.386] [info]   平移 XYZ: (-0.0307, -0.3070, 2.5146) m
[20:30:14.436] [debug] [ManualAdjust] 平移增量 dxyz=(0.0000, 0.0000, 0.0050)m
[20:30:14.436] [info] [ManualAdjust] 当前外参 [imu_0→cam_front]:
[20:30:14.436] [info]   旋转 RPY: (-2.3164, 0.3518, 1.0829) deg
[20:30:14.436] [info]   平移 XYZ: (-0.0307, -0.3070, 2.5196) m
[20:30:14.467] [debug] [ManualAdjust] 平移增量 dxyz=(0.0000, 0.0000, 0.0050)m
[20:30:14.467] [info] [ManualAdjust] 当前外参 [imu_0→cam_front]:
[20:30:14.467] [info]   旋转 RPY: (-2.3164, 0.3518, 1.0829) deg
[20:30:14.467] [info]   平移 XYZ: (-0.0307, -0.3070, 2.5246) m
[20:30:14.507] [debug] [ManualAdjust] 平移增量 dxyz=(0.0000, 0.0000, 0.0050)m
[20:30:14.507] [info] [ManualAdjust] 当前外参 [imu_0→cam_front]:
[20:30:14.507] [info]   旋转 RPY: (-2.3164, 0.3518, 1.0829) deg
[20:30:14.507] [info]   平移 XYZ: (-0.0307, -0.3070, 2.5296) m
[20:30:14.536] [debug] [ManualAdjust] 平移增量 dxyz=(0.0000, 0.0000, 0.0050)m
[20:30:14.536] [info] [ManualAdjust] 当前外参 [imu_0→cam_front]:
[20:30:14.536] [info]   旋转 RPY: (-2.3164, 0.3518, 1.0829) deg
[20:30:14.536] [info]   平移 XYZ: (-0.0307, -0.3070, 2.5346) m
[20:30:14.567] [debug] [ManualAdjust] 平移增量 dxyz=(0.0000, 0.0000, 0.0050)m
[20:30:14.567] [info] [ManualAdjust] 当前外参 [imu_0→cam_front]:
[20:30:14.567] [info]   旋转 RPY: (-2.3164, 0.3518, 1.0829) deg
[20:30:14.567] [info]   平移 XYZ: (-0.0307, -0.3070, 2.5396) m
[20:30:14.626] [debug] [ManualAdjust] 平移增量 dxyz=(0.0000, 0.0000, 0.0050)m
[20:30:14.626] [info] [ManualAdjust] 当前外参 [imu_0→cam_front]:
[20:30:14.626] [info]   旋转 RPY: (-2.3164, 0.3518, 1.0829) deg
[20:30:14.626] [info]   平移 XYZ: (-0.0307, -0.3070, 2.5446) m
[20:30:14.669] [debug] [ManualAdjust] 平移增量 dxyz=(0.0000, 0.0000, 0.0050)m
[20:30:14.669] [info] [ManualAdjust] 当前外参 [imu_0→cam_front]:
[20:30:14.669] [info]   旋转 RPY: (-2.3164, 0.3518, 1.0829) deg
[20:30:14.669] [info]   平移 XYZ: (-0.0307, -0.3070, 2.5496) m
[20:30:14.696] [debug] [ManualAdjust] 平移增量 dxyz=(0.0000, 0.0000, 0.0050)m
[20:30:14.696] [info] [ManualAdjust] 当前外参 [imu_0→cam_front]:
[20:30:14.696] [info]   旋转 RPY: (-2.3164, 0.3518, 1.0829) deg
[20:30:14.696] [info]   平移 XYZ: (-0.0307, -0.3070, 2.5546) m
[20:30:14.726] [debug] [ManualAdjust] 平移增量 dxyz=(0.0000, 0.0000, 0.0050)m
[20:30:14.726] [info] [ManualAdjust] 当前外参 [imu_0→cam_front]:
[20:30:14.726] [info]   旋转 RPY: (-2.3164, 0.3518, 1.0829) deg
[20:30:14.726] [info]   平移 XYZ: (-0.0307, -0.3070, 2.5596) m
[20:30:14.776] [debug] [ManualAdjust] 平移增量 dxyz=(0.0000, 0.0000, 0.0050)m
[20:30:14.777] [info] [ManualAdjust] 当前外参 [imu_0→cam_front]:
[20:30:14.777] [info]   旋转 RPY: (-2.3164, 0.3518, 1.0829) deg
[20:30:14.777] [info]   平移 XYZ: (-0.0307, -0.3070, 2.5646) m
[20:30:14.807] [debug] [ManualAdjust] 平移增量 dxyz=(0.0000, 0.0000, 0.0050)m
[20:30:14.807] [info] [ManualAdjust] 当前外参 [imu_0→cam_front]:
[20:30:14.807] [info]   旋转 RPY: (-2.3164, 0.3518, 1.0829) deg
[20:30:14.807] [info]   平移 XYZ: (-0.0307, -0.3070, 2.5696) m
[20:30:14.846] [debug] [ManualAdjust] 平移增量 dxyz=(0.0000, 0.0000, 0.0050)m
[20:30:14.846] [info] [ManualAdjust] 当前外参 [imu_0→cam_front]:
[20:30:14.846] [info]   旋转 RPY: (-2.3164, 0.3518, 1.0829) deg
[20:30:14.846] [info]   平移 XYZ: (-0.0307, -0.3070, 2.5746) m
[20:30:14.877] [debug] [ManualAdjust] 平移增量 dxyz=(0.0000, 0.0000, 0.0050)m
[20:30:14.877] [info] [ManualAdjust] 当前外参 [imu_0→cam_front]:
[20:30:14.877] [info]   旋转 RPY: (-2.3164, 0.3518, 1.0829) deg
[20:30:14.877] [info]   平移 XYZ: (-0.0307, -0.3070, 2.5796) m
[20:30:14.908] [debug] [ManualAdjust] 平移增量 dxyz=(0.0000, 0.0000, 0.0050)m
[20:30:14.908] [info] [ManualAdjust] 当前外参 [imu_0→cam_front]:
[20:30:14.908] [info]   旋转 RPY: (-2.3164, 0.3518, 1.0829) deg
[20:30:14.908] [info]   平移 XYZ: (-0.0307, -0.3070, 2.5846) m
[20:30:14.941] [debug] [ManualAdjust] 平移增量 dxyz=(0.0000, 0.0000, 0.0050)m
[20:30:14.941] [info] [ManualAdjust] 当前外参 [imu_0→cam_front]:
[20:30:14.941] [info]   旋转 RPY: (-2.3164, 0.3518, 1.0829) deg
[20:30:14.941] [info]   平移 XYZ: (-0.0307, -0.3070, 2.5896) m
[20:30:14.975] [debug] [ManualAdjust] 平移增量 dxyz=(0.0000, 0.0000, 0.0050)m
[20:30:14.975] [info] [ManualAdjust] 当前外参 [imu_0→cam_front]:
[20:30:14.975] [info]   旋转 RPY: (-2.3164, 0.3518, 1.0829) deg
[20:30:14.975] [info]   平移 XYZ: (-0.0307, -0.3070, 2.5946) m
[20:30:15.004] [debug] [ManualAdjust] 平移增量 dxyz=(0.0000, 0.0000, 0.0050)m
[20:30:15.004] [info] [ManualAdjust] 当前外参 [imu_0→cam_front]:
[20:30:15.004] [info]   旋转 RPY: (-2.3164, 0.3518, 1.0829) deg
[20:30:15.004] [info]   平移 XYZ: (-0.0307, -0.3070, 2.5996) m
[20:30:15.057] [debug] [ManualAdjust] 平移增量 dxyz=(0.0000, 0.0000, 0.0050)m
[20:30:15.057] [info] [ManualAdjust] 当前外参 [imu_0→cam_front]:
[20:30:15.057] [info]   旋转 RPY: (-2.3164, 0.3518, 1.0829) deg
[20:30:15.057] [info]   平移 XYZ: (-0.0307, -0.3070, 2.6046) m
[20:30:15.103] [debug] [ManualAdjust] 平移增量 dxyz=(0.0000, 0.0000, 0.0050)m
[20:30:15.103] [info] [ManualAdjust] 当前外参 [imu_0→cam_front]:
[20:30:15.103] [info]   旋转 RPY: (-2.3164, 0.3518, 1.0829) deg
[20:30:15.103] [info]   平移 XYZ: (-0.0307, -0.3070, 2.6096) m
[20:30:15.145] [debug] [ManualAdjust] 平移增量 dxyz=(0.0000, 0.0000, 0.0050)m
[20:30:15.145] [info] [ManualAdjust] 当前外参 [imu_0→cam_front]:
[20:30:15.145] [info]   旋转 RPY: (-2.3164, 0.3518, 1.0829) deg
[20:30:15.145] [info]   平移 XYZ: (-0.0307, -0.3070, 2.6146) m
[20:30:15.175] [debug] [ManualAdjust] 平移增量 dxyz=(0.0000, 0.0000, 0.0050)m
[20:30:15.175] [info] [ManualAdjust] 当前外参 [imu_0→cam_front]:
[20:30:15.175] [info]   旋转 RPY: (-2.3164, 0.3518, 1.0829) deg
[20:30:15.175] [info]   平移 XYZ: (-0.0307, -0.3070, 2.6196) m
[20:30:15.206] [debug] [ManualAdjust] 平移增量 dxyz=(0.0000, 0.0000, 0.0050)m
[20:30:15.206] [info] [ManualAdjust] 当前外参 [imu_0→cam_front]:
[20:30:15.206] [info]   旋转 RPY: (-2.3164, 0.3518, 1.0829) deg
[20:30:15.206] [info]   平移 XYZ: (-0.0307, -0.3070, 2.6246) m
[20:30:15.236] [debug] [ManualAdjust] 平移增量 dxyz=(0.0000, 0.0000, 0.0050)m
[20:30:15.236] [info] [ManualAdjust] 当前外参 [imu_0→cam_front]:
[20:30:15.236] [info]   旋转 RPY: (-2.3164, 0.3518, 1.0829) deg
[20:30:15.236] [info]   平移 XYZ: (-0.0307, -0.3070, 2.6296) m
[20:30:15.267] [debug] [ManualAdjust] 平移增量 dxyz=(0.0000, 0.0000, 0.0050)m
[20:30:15.267] [info] [ManualAdjust] 当前外参 [imu_0→cam_front]:
[20:30:15.267] [info]   旋转 RPY: (-2.3164, 0.3518, 1.0829) deg
[20:30:15.267] [info]   平移 XYZ: (-0.0307, -0.3070, 2.6346) m
[20:30:15.333] [debug] [ManualAdjust] 平移增量 dxyz=(0.0000, 0.0000, 0.0050)m
[20:30:15.333] [info] [ManualAdjust] 当前外参 [imu_0→cam_front]:
[20:30:15.333] [info]   旋转 RPY: (-2.3164, 0.3518, 1.0829) deg
[20:30:15.333] [info]   平移 XYZ: (-0.0307, -0.3070, 2.6396) m
[20:30:15.363] [debug] [ManualAdjust] 平移增量 dxyz=(0.0000, 0.0000, 0.0050)m
[20:30:15.363] [info] [ManualAdjust] 当前外参 [imu_0→cam_front]:
[20:30:15.363] [info]   旋转 RPY: (-2.3164, 0.3518, 1.0829) deg
[20:30:15.363] [info]   平移 XYZ: (-0.0307, -0.3070, 2.6446) m
[20:30:15.398] [debug] [ManualAdjust] 平移增量 dxyz=(0.0000, 0.0000, 0.0050)m
[20:30:15.398] [info] [ManualAdjust] 当前外参 [imu_0→cam_front]:
[20:30:15.398] [info]   旋转 RPY: (-2.3164, 0.3518, 1.0829) deg
[20:30:15.398] [info]   平移 XYZ: (-0.0307, -0.3070, 2.6496) m
[20:30:15.427] [debug] [ManualAdjust] 平移增量 dxyz=(0.0000, 0.0000, 0.0050)m
[20:30:15.427] [info] [ManualAdjust] 当前外参 [imu_0→cam_front]:
[20:30:15.427] [info]   旋转 RPY: (-2.3164, 0.3518, 1.0829) deg
[20:30:15.427] [info]   平移 XYZ: (-0.0307, -0.3070, 2.6546) m
[20:30:15.475] [debug] [ManualAdjust] 平移增量 dxyz=(0.0000, 0.0000, 0.0050)m
[20:30:15.475] [info] [ManualAdjust] 当前外参 [imu_0→cam_front]:
[20:30:15.475] [info]   旋转 RPY: (-2.3164, 0.3518, 1.0829) deg
[20:30:15.475] [info]   平移 XYZ: (-0.0307, -0.3070, 2.6596) m
[20:30:15.501] [debug] [ManualAdjust] 平移增量 dxyz=(0.0000, 0.0000, 0.0050)m
[20:30:15.501] [info] [ManualAdjust] 当前外参 [imu_0→cam_front]:
[20:30:15.501] [info]   旋转 RPY: (-2.3164, 0.3518, 1.0829) deg
[20:30:15.501] [info]   平移 XYZ: (-0.0307, -0.3070, 2.6646) m
[20:30:15.533] [debug] [ManualAdjust] 平移增量 dxyz=(0.0000, 0.0000, 0.0050)m
[20:30:15.533] [info] [ManualAdjust] 当前外参 [imu_0→cam_front]:
[20:30:15.533] [info]   旋转 RPY: (-2.3164, 0.3518, 1.0829) deg
[20:30:15.533] [info]   平移 XYZ: (-0.0307, -0.3070, 2.6696) m
[20:30:15.594] [debug] [ManualAdjust] 平移增量 dxyz=(0.0000, 0.0000, 0.0050)m
[20:30:15.594] [info] [ManualAdjust] 当前外参 [imu_0→cam_front]:
[20:30:15.594] [info]   旋转 RPY: (-2.3164, 0.3518, 1.0829) deg
[20:30:15.594] [info]   平移 XYZ: (-0.0307, -0.3070, 2.6746) m
[20:30:15.636] [debug] [ManualAdjust] 平移增量 dxyz=(0.0000, 0.0000, 0.0050)m
[20:30:15.636] [info] [ManualAdjust] 当前外参 [imu_0→cam_front]:
[20:30:15.636] [info]   旋转 RPY: (-2.3164, 0.3518, 1.0829) deg
[20:30:15.636] [info]   平移 XYZ: (-0.0307, -0.3070, 2.6796) m
[20:30:15.667] [debug] [ManualAdjust] 平移增量 dxyz=(0.0000, 0.0000, 0.0050)m
[20:30:15.667] [info] [ManualAdjust] 当前外参 [imu_0→cam_front]:
[20:30:15.667] [info]   旋转 RPY: (-2.3164, 0.3518, 1.0829) deg
[20:30:15.667] [info]   平移 XYZ: (-0.0307, -0.3070, 2.6846) m
[20:30:15.697] [debug] [ManualAdjust] 平移增量 dxyz=(0.0000, 0.0000, 0.0050)m
[20:30:15.697] [info] [ManualAdjust] 当前外参 [imu_0→cam_front]:
[20:30:15.697] [info]   旋转 RPY: (-2.3164, 0.3518, 1.0829) deg
[20:30:15.697] [info]   平移 XYZ: (-0.0307, -0.3070, 2.6896) m
[20:30:15.750] [debug] [ManualAdjust] 平移增量 dxyz=(0.0000, 0.0000, 0.0050)m
[20:30:15.750] [info] [ManualAdjust] 当前外参 [imu_0→cam_front]:
[20:30:15.750] [info]   旋转 RPY: (-2.3164, 0.3518, 1.0829) deg
[20:30:15.750] [info]   平移 XYZ: (-0.0307, -0.3070, 2.6946) m
[20:30:15.780] [debug] [ManualAdjust] 平移增量 dxyz=(0.0000, 0.0000, 0.0050)m
[20:30:15.780] [info] [ManualAdjust] 当前外参 [imu_0→cam_front]:
[20:30:15.780] [info]   旋转 RPY: (-2.3164, 0.3518, 1.0829) deg
[20:30:15.780] [info]   平移 XYZ: (-0.0307, -0.3070, 2.6996) m
[20:30:15.832] [debug] [ManualAdjust] 平移增量 dxyz=(0.0000, 0.0000, 0.0050)m
[20:30:15.832] [info] [ManualAdjust] 当前外参 [imu_0→cam_front]:
[20:30:15.832] [info]   旋转 RPY: (-2.3164, 0.3518, 1.0829) deg
[20:30:15.832] [info]   平移 XYZ: (-0.0307, -0.3070, 2.7046) m
[20:30:15.862] [debug] [ManualAdjust] 平移增量 dxyz=(0.0000, 0.0000, 0.0050)m
[20:30:15.862] [info] [ManualAdjust] 当前外参 [imu_0→cam_front]:
[20:30:15.862] [info]   旋转 RPY: (-2.3164, 0.3518, 1.0829) deg
[20:30:15.862] [info]   平移 XYZ: (-0.0307, -0.3070, 2.7096) m
[20:30:15.901] [debug] [ManualAdjust] 平移增量 dxyz=(0.0000, 0.0000, 0.0050)m
[20:30:15.901] [info] [ManualAdjust] 当前外参 [imu_0→cam_front]:
[20:30:15.901] [info]   旋转 RPY: (-2.3164, 0.3518, 1.0829) deg
[20:30:15.901] [info]   平移 XYZ: (-0.0307, -0.3070, 2.7146) m
[20:30:15.928] [debug] [ManualAdjust] 平移增量 dxyz=(0.0000, 0.0000, 0.0050)m
[20:30:15.928] [info] [ManualAdjust] 当前外参 [imu_0→cam_front]:
[20:30:15.928] [info]   旋转 RPY: (-2.3164, 0.3518, 1.0829) deg
[20:30:15.928] [info]   平移 XYZ: (-0.0307, -0.3070, 2.7196) m
[20:30:15.958] [debug] [ManualAdjust] 平移增量 dxyz=(0.0000, 0.0000, 0.0050)m
[20:30:15.958] [info] [ManualAdjust] 当前外参 [imu_0→cam_front]:
[20:30:15.958] [info]   旋转 RPY: (-2.3164, 0.3518, 1.0829) deg
[20:30:15.958] [info]   平移 XYZ: (-0.0307, -0.3070, 2.7246) m
[20:30:16.015] [debug] [ManualAdjust] 平移增量 dxyz=(0.0000, 0.0000, 0.0050)m
[20:30:16.015] [info] [ManualAdjust] 当前外参 [imu_0→cam_front]:
[20:30:16.015] [info]   旋转 RPY: (-2.3164, 0.3518, 1.0829) deg
[20:30:16.015] [info]   平移 XYZ: (-0.0307, -0.3070, 2.7296) m
[20:30:16.055] [debug] [ManualAdjust] 平移增量 dxyz=(0.0000, 0.0000, 0.0050)m
[20:30:16.055] [info] [ManualAdjust] 当前外参 [imu_0→cam_front]:
[20:30:16.055] [info]   旋转 RPY: (-2.3164, 0.3518, 1.0829) deg
[20:30:16.055] [info]   平移 XYZ: (-0.0307, -0.3070, 2.7346) m
[20:30:16.083] [debug] [ManualAdjust] 平移增量 dxyz=(0.0000, 0.0000, 0.0050)m
[20:30:16.083] [info] [ManualAdjust] 当前外参 [imu_0→cam_front]:
[20:30:16.083] [info]   旋转 RPY: (-2.3164, 0.3518, 1.0829) deg
[20:30:16.083] [info]   平移 XYZ: (-0.0307, -0.3070, 2.7396) m
[20:30:16.112] [debug] [ManualAdjust] 平移增量 dxyz=(0.0000, 0.0000, 0.0050)m
[20:30:16.112] [info] [ManualAdjust] 当前外参 [imu_0→cam_front]:
[20:30:16.112] [info]   旋转 RPY: (-2.3164, 0.3518, 1.0829) deg
[20:30:16.112] [info]   平移 XYZ: (-0.0307, -0.3070, 2.7446) m
[20:30:16.148] [debug] [ManualAdjust] 平移增量 dxyz=(0.0000, 0.0000, 0.0050)m
[20:30:16.148] [info] [ManualAdjust] 当前外参 [imu_0→cam_front]:
[20:30:16.148] [info]   旋转 RPY: (-2.3164, 0.3518, 1.0829) deg
[20:30:16.148] [info]   平移 XYZ: (-0.0307, -0.3070, 2.7496) m
[20:30:16.181] [debug] [ManualAdjust] 平移增量 dxyz=(0.0000, 0.0000, 0.0050)m
[20:30:16.181] [info] [ManualAdjust] 当前外参 [imu_0→cam_front]:
[20:30:16.181] [info]   旋转 RPY: (-2.3164, 0.3518, 1.0829) deg
[20:30:16.181] [info]   平移 XYZ: (-0.0307, -0.3070, 2.7546) m
[20:30:16.211] [debug] [ManualAdjust] 平移增量 dxyz=(0.0000, 0.0000, 0.0050)m
[20:30:16.211] [info] [ManualAdjust] 当前外参 [imu_0→cam_front]:
[20:30:16.211] [info]   旋转 RPY: (-2.3164, 0.3518, 1.0829) deg
[20:30:16.211] [info]   平移 XYZ: (-0.0307, -0.3070, 2.7596) m
[20:30:16.261] [debug] [ManualAdjust] 平移增量 dxyz=(0.0000, 0.0000, 0.0050)m
[20:30:16.261] [info] [ManualAdjust] 当前外参 [imu_0→cam_front]:
[20:30:16.261] [info]   旋转 RPY: (-2.3164, 0.3518, 1.0829) deg
[20:30:16.261] [info]   平移 XYZ: (-0.0307, -0.3070, 2.7646) m
[20:30:16.308] [debug] [ManualAdjust] 平移增量 dxyz=(0.0000, 0.0000, 0.0050)m
[20:30:16.308] [info] [ManualAdjust] 当前外参 [imu_0→cam_front]:
[20:30:16.308] [info]   旋转 RPY: (-2.3164, 0.3518, 1.0829) deg
[20:30:16.308] [info]   平移 XYZ: (-0.0307, -0.3070, 2.7696) m
[20:30:16.343] [debug] [ManualAdjust] 平移增量 dxyz=(0.0000, 0.0000, 0.0050)m
[20:30:16.343] [info] [ManualAdjust] 当前外参 [imu_0→cam_front]:
[20:30:16.343] [info]   旋转 RPY: (-2.3164, 0.3518, 1.0829) deg
[20:30:16.343] [info]   平移 XYZ: (-0.0307, -0.3070, 2.7746) m
[20:30:16.374] [debug] [ManualAdjust] 平移增量 dxyz=(0.0000, 0.0000, 0.0050)m
[20:30:16.374] [info] [ManualAdjust] 当前外参 [imu_0→cam_front]:
[20:30:16.374] [info]   旋转 RPY: (-2.3164, 0.3518, 1.0829) deg
[20:30:16.374] [info]   平移 XYZ: (-0.0307, -0.3070, 2.7796) m
[20:30:16.437] [debug] [ManualAdjust] 平移增量 dxyz=(0.0000, 0.0000, 0.0050)m
[20:30:16.437] [info] [ManualAdjust] 当前外参 [imu_0→cam_front]:
[20:30:16.437] [info]   旋转 RPY: (-2.3164, 0.3518, 1.0829) deg
[20:30:16.437] [info]   平移 XYZ: (-0.0307, -0.3070, 2.7846) m
[20:30:16.467] [debug] [ManualAdjust] 平移增量 dxyz=(0.0000, 0.0000, 0.0050)m
[20:30:16.467] [info] [ManualAdjust] 当前外参 [imu_0→cam_front]:
[20:30:16.467] [info]   旋转 RPY: (-2.3164, 0.3518, 1.0829) deg
[20:30:16.467] [info]   平移 XYZ: (-0.0307, -0.3070, 2.7896) m
[20:30:16.508] [debug] [ManualAdjust] 平移增量 dxyz=(0.0000, 0.0000, 0.0050)m
[20:30:16.508] [info] [ManualAdjust] 当前外参 [imu_0→cam_front]:
[20:30:16.508] [info]   旋转 RPY: (-2.3164, 0.3518, 1.0829) deg
[20:30:16.508] [info]   平移 XYZ: (-0.0307, -0.3070, 2.7946) m
[20:30:16.541] [debug] [ManualAdjust] 平移增量 dxyz=(0.0000, 0.0000, 0.0050)m
[20:30:16.541] [info] [ManualAdjust] 当前外参 [imu_0→cam_front]:
[20:30:16.541] [info]   旋转 RPY: (-2.3164, 0.3518, 1.0829) deg
[20:30:16.541] [info]   平移 XYZ: (-0.0307, -0.3070, 2.7996) m
[20:30:16.571] [debug] [ManualAdjust] 平移增量 dxyz=(0.0000, 0.0000, 0.0050)m
[20:30:16.571] [info] [ManualAdjust] 当前外参 [imu_0→cam_front]:
[20:30:16.571] [info]   旋转 RPY: (-2.3164, 0.3518, 1.0829) deg
[20:30:16.571] [info]   平移 XYZ: (-0.0307, -0.3070, 2.8046) m
[20:30:16.604] [debug] [ManualAdjust] 平移增量 dxyz=(0.0000, 0.0000, 0.0050)m
[20:30:16.604] [info] [ManualAdjust] 当前外参 [imu_0→cam_front]:
[20:30:16.604] [info]   旋转 RPY: (-2.3164, 0.3518, 1.0829) deg
[20:30:16.604] [info]   平移 XYZ: (-0.0307, -0.3070, 2.8096) m
[20:30:16.634] [debug] [ManualAdjust] 平移增量 dxyz=(0.0000, 0.0000, 0.0050)m
[20:30:16.634] [info] [ManualAdjust] 当前外参 [imu_0→cam_front]:
[20:30:16.634] [info]   旋转 RPY: (-2.3164, 0.3518, 1.0829) deg
[20:30:16.634] [info]   平移 XYZ: (-0.0307, -0.3070, 2.8146) m
[20:30:16.664] [debug] [ManualAdjust] 平移增量 dxyz=(0.0000, 0.0000, 0.0050)m
[20:30:16.664] [info] [ManualAdjust] 当前外参 [imu_0→cam_front]:
[20:30:16.664] [info]   旋转 RPY: (-2.3164, 0.3518, 1.0829) deg
[20:30:16.664] [info]   平移 XYZ: (-0.0307, -0.3070, 2.8196) m
[20:30:16.724] [debug] [ManualAdjust] 平移增量 dxyz=(0.0000, 0.0000, 0.0050)m
[20:30:16.725] [info] [ManualAdjust] 当前外参 [imu_0→cam_front]:
[20:30:16.725] [info]   旋转 RPY: (-2.3164, 0.3518, 1.0829) deg
[20:30:16.725] [info]   平移 XYZ: (-0.0307, -0.3070, 2.8246) m
[20:30:16.752] [debug] [ManualAdjust] 平移增量 dxyz=(0.0000, 0.0000, 0.0050)m
[20:30:16.752] [info] [ManualAdjust] 当前外参 [imu_0→cam_front]:
[20:30:16.752] [info]   旋转 RPY: (-2.3164, 0.3518, 1.0829) deg
[20:30:16.752] [info]   平移 XYZ: (-0.0307, -0.3070, 2.8296) m
[20:30:16.797] [debug] [ManualAdjust] 平移增量 dxyz=(0.0000, 0.0000, 0.0050)m
[20:30:16.797] [info] [ManualAdjust] 当前外参 [imu_0→cam_front]:
[20:30:16.797] [info]   旋转 RPY: (-2.3164, 0.3518, 1.0829) deg
[20:30:16.797] [info]   平移 XYZ: (-0.0307, -0.3070, 2.8346) m
[20:30:16.827] [debug] [ManualAdjust] 平移增量 dxyz=(0.0000, 0.0000, 0.0050)m
[20:30:16.827] [info] [ManualAdjust] 当前外参 [imu_0→cam_front]:
[20:30:16.827] [info]   旋转 RPY: (-2.3164, 0.3518, 1.0829) deg
[20:30:16.827] [info]   平移 XYZ: (-0.0307, -0.3070, 2.8396) m
[20:30:16.873] [debug] [ManualAdjust] 平移增量 dxyz=(0.0000, 0.0000, 0.0050)m
[20:30:16.873] [info] [ManualAdjust] 当前外参 [imu_0→cam_front]:
[20:30:16.873] [info]   旋转 RPY: (-2.3164, 0.3518, 1.0829) deg
[20:30:16.873] [info]   平移 XYZ: (-0.0307, -0.3070, 2.8446) m
[20:30:16.904] [debug] [ManualAdjust] 平移增量 dxyz=(0.0000, 0.0000, 0.0050)m
[20:30:16.904] [info] [ManualAdjust] 当前外参 [imu_0→cam_front]:
[20:30:16.904] [info]   旋转 RPY: (-2.3164, 0.3518, 1.0829) deg
[20:30:16.904] [info]   平移 XYZ: (-0.0307, -0.3070, 2.8496) m
[20:30:16.935] [debug] [ManualAdjust] 平移增量 dxyz=(0.0000, 0.0000, 0.0050)m
[20:30:16.935] [info] [ManualAdjust] 当前外参 [imu_0→cam_front]:
[20:30:16.935] [info]   旋转 RPY: (-2.3164, 0.3518, 1.0829) deg
[20:30:16.935] [info]   平移 XYZ: (-0.0307, -0.3070, 2.8546) m
[20:30:16.991] [debug] [ManualAdjust] 平移增量 dxyz=(0.0000, 0.0000, 0.0050)m
[20:30:16.991] [info] [ManualAdjust] 当前外参 [imu_0→cam_front]:
[20:30:16.991] [info]   旋转 RPY: (-2.3164, 0.3518, 1.0829) deg
[20:30:16.991] [info]   平移 XYZ: (-0.0307, -0.3070, 2.8596) m
[20:30:17.022] [debug] [ManualAdjust] 平移增量 dxyz=(0.0000, 0.0000, 0.0050)m
[20:30:17.022] [info] [ManualAdjust] 当前外参 [imu_0→cam_front]:
[20:30:17.022] [info]   旋转 RPY: (-2.3164, 0.3518, 1.0829) deg
[20:30:17.022] [info]   平移 XYZ: (-0.0307, -0.3070, 2.8646) m
[20:30:17.069] [debug] [ManualAdjust] 平移增量 dxyz=(0.0000, 0.0000, 0.0050)m
[20:30:17.069] [info] [ManualAdjust] 当前外参 [imu_0→cam_front]:
[20:30:17.069] [info]   旋转 RPY: (-2.3164, 0.3518, 1.0829) deg
[20:30:17.069] [info]   平移 XYZ: (-0.0307, -0.3070, 2.8696) m
[20:30:17.104] [debug] [ManualAdjust] 平移增量 dxyz=(0.0000, 0.0000, 0.0050)m
[20:30:17.104] [info] [ManualAdjust] 当前外参 [imu_0→cam_front]:
[20:30:17.104] [info]   旋转 RPY: (-2.3164, 0.3518, 1.0829) deg
[20:30:17.104] [info]   平移 XYZ: (-0.0307, -0.3070, 2.8746) m
[20:30:17.135] [debug] [ManualAdjust] 平移增量 dxyz=(0.0000, 0.0000, 0.0050)m
[20:30:17.135] [info] [ManualAdjust] 当前外参 [imu_0→cam_front]:
[20:30:17.135] [info]   旋转 RPY: (-2.3164, 0.3518, 1.0829) deg
[20:30:17.135] [info]   平移 XYZ: (-0.0307, -0.3070, 2.8796) m
[20:30:17.174] [debug] [ManualAdjust] 平移增量 dxyz=(0.0000, 0.0000, 0.0050)m
[20:30:17.174] [info] [ManualAdjust] 当前外参 [imu_0→cam_front]:
[20:30:17.174] [info]   旋转 RPY: (-2.3164, 0.3518, 1.0829) deg
[20:30:17.174] [info]   平移 XYZ: (-0.0307, -0.3070, 2.8846) m
[20:30:17.204] [debug] [ManualAdjust] 平移增量 dxyz=(0.0000, 0.0000, 0.0050)m
[20:30:17.204] [info] [ManualAdjust] 当前外参 [imu_0→cam_front]:
[20:30:17.204] [info]   旋转 RPY: (-2.3164, 0.3518, 1.0829) deg
[20:30:17.204] [info]   平移 XYZ: (-0.0307, -0.3070, 2.8896) m
[20:30:17.250] [debug] [ManualAdjust] 平移增量 dxyz=(0.0000, 0.0000, 0.0050)m
[20:30:17.250] [info] [ManualAdjust] 当前外参 [imu_0→cam_front]:
[20:30:17.250] [info]   旋转 RPY: (-2.3164, 0.3518, 1.0829) deg
[20:30:17.250] [info]   平移 XYZ: (-0.0307, -0.3070, 2.8946) m
[20:30:17.292] [debug] [ManualAdjust] 平移增量 dxyz=(0.0000, 0.0000, 0.0050)m
[20:30:17.292] [info] [ManualAdjust] 当前外参 [imu_0→cam_front]:
[20:30:17.292] [info]   旋转 RPY: (-2.3164, 0.3518, 1.0829) deg
[20:30:17.292] [info]   平移 XYZ: (-0.0307, -0.3070, 2.8996) m
[20:30:17.322] [debug] [ManualAdjust] 平移增量 dxyz=(0.0000, 0.0000, 0.0050)m
[20:30:17.322] [info] [ManualAdjust] 当前外参 [imu_0→cam_front]:
[20:30:17.322] [info]   旋转 RPY: (-2.3164, 0.3518, 1.0829) deg
[20:30:17.322] [info]   平移 XYZ: (-0.0307, -0.3070, 2.9046) m
[20:30:17.364] [debug] [ManualAdjust] 平移增量 dxyz=(0.0000, 0.0000, 0.0050)m
[20:30:17.364] [info] [ManualAdjust] 当前外参 [imu_0→cam_front]:
[20:30:17.364] [info]   旋转 RPY: (-2.3164, 0.3518, 1.0829) deg
[20:30:17.364] [info]   平移 XYZ: (-0.0307, -0.3070, 2.9096) m
[20:30:17.410] [debug] [ManualAdjust] 平移增量 dxyz=(0.0000, 0.0000, 0.0050)m
[20:30:17.411] [info] [ManualAdjust] 当前外参 [imu_0→cam_front]:
[20:30:17.411] [info]   旋转 RPY: (-2.3164, 0.3518, 1.0829) deg
[20:30:17.411] [info]   平移 XYZ: (-0.0307, -0.3070, 2.9146) m
[20:30:17.441] [debug] [ManualAdjust] 平移增量 dxyz=(0.0000, 0.0000, 0.0050)m
[20:30:17.441] [info] [ManualAdjust] 当前外参 [imu_0→cam_front]:
[20:30:17.441] [info]   旋转 RPY: (-2.3164, 0.3518, 1.0829) deg
[20:30:17.441] [info]   平移 XYZ: (-0.0307, -0.3070, 2.9196) m
[20:30:17.478] [debug] [ManualAdjust] 平移增量 dxyz=(0.0000, 0.0000, 0.0050)m
[20:30:17.478] [info] [ManualAdjust] 当前外参 [imu_0→cam_front]:
[20:30:17.478] [info]   旋转 RPY: (-2.3164, 0.3518, 1.0829) deg
[20:30:17.478] [info]   平移 XYZ: (-0.0307, -0.3070, 2.9246) m
[20:30:17.510] [debug] [ManualAdjust] 平移增量 dxyz=(0.0000, 0.0000, 0.0050)m
[20:30:17.510] [info] [ManualAdjust] 当前外参 [imu_0→cam_front]:
[20:30:17.510] [info]   旋转 RPY: (-2.3164, 0.3518, 1.0829) deg
[20:30:17.510] [info]   平移 XYZ: (-0.0307, -0.3070, 2.9296) m
[20:30:17.541] [debug] [ManualAdjust] 平移增量 dxyz=(0.0000, 0.0000, 0.0050)m
[20:30:17.541] [info] [ManualAdjust] 当前外参 [imu_0→cam_front]:
[20:30:17.541] [info]   旋转 RPY: (-2.3164, 0.3518, 1.0829) deg
[20:30:17.541] [info]   平移 XYZ: (-0.0307, -0.3070, 2.9346) m
[20:30:17.597] [debug] [ManualAdjust] 平移增量 dxyz=(0.0000, 0.0000, 0.0050)m
[20:30:17.597] [info] [ManualAdjust] 当前外参 [imu_0→cam_front]:
[20:30:17.597] [info]   旋转 RPY: (-2.3164, 0.3518, 1.0829) deg
[20:30:17.597] [info]   平移 XYZ: (-0.0307, -0.3070, 2.9396) m
[20:30:17.627] [debug] [ManualAdjust] 平移增量 dxyz=(0.0000, 0.0000, 0.0050)m
[20:30:17.627] [info] [ManualAdjust] 当前外参 [imu_0→cam_front]:
[20:30:17.627] [info]   旋转 RPY: (-2.3164, 0.3518, 1.0829) deg
[20:30:17.627] [info]   平移 XYZ: (-0.0307, -0.3070, 2.9446) m
[20:30:17.683] [debug] [ManualAdjust] 平移增量 dxyz=(0.0000, 0.0000, 0.0050)m
[20:30:17.683] [info] [ManualAdjust] 当前外参 [imu_0→cam_front]:
[20:30:17.683] [info]   旋转 RPY: (-2.3164, 0.3518, 1.0829) deg
[20:30:17.683] [info]   平移 XYZ: (-0.0307, -0.3070, 2.9496) m
[20:30:17.724] [debug] [ManualAdjust] 平移增量 dxyz=(0.0000, 0.0000, 0.0050)m
[20:30:17.724] [info] [ManualAdjust] 当前外参 [imu_0→cam_front]:
[20:30:17.724] [info]   旋转 RPY: (-2.3164, 0.3518, 1.0829) deg
[20:30:17.724] [info]   平移 XYZ: (-0.0307, -0.3070, 2.9546) m
[20:30:17.759] [debug] [ManualAdjust] 平移增量 dxyz=(0.0000, 0.0000, 0.0050)m
[20:30:17.759] [info] [ManualAdjust] 当前外参 [imu_0→cam_front]:
[20:30:17.759] [info]   旋转 RPY: (-2.3164, 0.3518, 1.0829) deg
[20:30:17.759] [info]   平移 XYZ: (-0.0307, -0.3070, 2.9596) m
[20:30:17.788] [debug] [ManualAdjust] 平移增量 dxyz=(0.0000, 0.0000, 0.0050)m
[20:30:17.788] [info] [ManualAdjust] 当前外参 [imu_0→cam_front]:
[20:30:17.788] [info]   旋转 RPY: (-2.3164, 0.3518, 1.0829) deg
[20:30:17.788] [info]   平移 XYZ: (-0.0307, -0.3070, 2.9646) m
[20:30:17.857] [debug] [ManualAdjust] 平移增量 dxyz=(0.0000, 0.0000, 0.0050)m
[20:30:17.857] [info] [ManualAdjust] 当前外参 [imu_0→cam_front]:
[20:30:17.857] [info]   旋转 RPY: (-2.3164, 0.3518, 1.0829) deg
[20:30:17.857] [info]   平移 XYZ: (-0.0307, -0.3070, 2.9696) m
[20:30:17.889] [debug] [ManualAdjust] 平移增量 dxyz=(0.0000, 0.0000, 0.0050)m
[20:30:17.889] [info] [ManualAdjust] 当前外参 [imu_0→cam_front]:
[20:30:17.889] [info]   旋转 RPY: (-2.3164, 0.3518, 1.0829) deg
[20:30:17.889] [info]   平移 XYZ: (-0.0307, -0.3070, 2.9746) m
[20:30:17.949] [debug] [ManualAdjust] 平移增量 dxyz=(0.0000, 0.0000, 0.0050)m
[20:30:17.949] [info] [ManualAdjust] 当前外参 [imu_0→cam_front]:
[20:30:17.949] [info]   旋转 RPY: (-2.3164, 0.3518, 1.0829) deg
[20:30:17.949] [info]   平移 XYZ: (-0.0307, -0.3070, 2.9796) m
[20:30:17.980] [debug] [ManualAdjust] 平移增量 dxyz=(0.0000, 0.0000, 0.0050)m
[20:30:17.980] [info] [ManualAdjust] 当前外参 [imu_0→cam_front]:
[20:30:17.980] [info]   旋转 RPY: (-2.3164, 0.3518, 1.0829) deg
[20:30:17.980] [info]   平移 XYZ: (-0.0307, -0.3070, 2.9846) m
[20:30:18.047] [debug] [ManualAdjust] 平移增量 dxyz=(0.0000, 0.0000, 0.0050)m
[20:30:18.047] [info] [ManualAdjust] 当前外参 [imu_0→cam_front]:
[20:30:18.047] [info]   旋转 RPY: (-2.3164, 0.3518, 1.0829) deg
[20:30:18.047] [info]   平移 XYZ: (-0.0307, -0.3070, 2.9896) m
[20:30:18.077] [debug] [ManualAdjust] 平移增量 dxyz=(0.0000, 0.0000, 0.0050)m
[20:30:18.077] [info] [ManualAdjust] 当前外参 [imu_0→cam_front]:
[20:30:18.077] [info]   旋转 RPY: (-2.3164, 0.3518, 1.0829) deg
[20:30:18.077] [info]   平移 XYZ: (-0.0307, -0.3070, 2.9946) m
[20:30:18.107] [debug] [ManualAdjust] 平移增量 dxyz=(0.0000, 0.0000, 0.0050)m
[20:30:18.107] [info] [ManualAdjust] 当前外参 [imu_0→cam_front]:
[20:30:18.107] [info]   旋转 RPY: (-2.3164, 0.3518, 1.0829) deg
[20:30:18.107] [info]   平移 XYZ: (-0.0307, -0.3070, 2.9996) m
[20:30:18.149] [debug] [ManualAdjust] 平移增量 dxyz=(0.0000, 0.0000, 0.0050)m
[20:30:18.149] [info] [ManualAdjust] 当前外参 [imu_0→cam_front]:
[20:30:18.149] [info]   旋转 RPY: (-2.3164, 0.3518, 1.0829) deg
[20:30:18.149] [info]   平移 XYZ: (-0.0307, -0.3070, 3.0046) m
[20:30:18.179] [debug] [ManualAdjust] 平移增量 dxyz=(0.0000, 0.0000, 0.0050)m
[20:30:18.179] [info] [ManualAdjust] 当前外参 [imu_0→cam_front]:
[20:30:18.179] [info]   旋转 RPY: (-2.3164, 0.3518, 1.0829) deg
[20:30:18.179] [info]   平移 XYZ: (-0.0307, -0.3070, 3.0096) m
[20:30:18.220] [debug] [ManualAdjust] 平移增量 dxyz=(0.0000, 0.0000, 0.0050)m
[20:30:18.220] [info] [ManualAdjust] 当前外参 [imu_0→cam_front]:
[20:30:18.220] [info]   旋转 RPY: (-2.3164, 0.3518, 1.0829) deg
[20:30:18.220] [info]   平移 XYZ: (-0.0307, -0.3070, 3.0146) m
[20:30:18.252] [debug] [ManualAdjust] 平移增量 dxyz=(0.0000, 0.0000, 0.0050)m
[20:30:18.252] [info] [ManualAdjust] 当前外参 [imu_0→cam_front]:
[20:30:18.252] [info]   旋转 RPY: (-2.3164, 0.3518, 1.0829) deg
[20:30:18.252] [info]   平移 XYZ: (-0.0307, -0.3070, 3.0196) m
[20:30:18.283] [debug] [ManualAdjust] 平移增量 dxyz=(0.0000, 0.0000, 0.0050)m
[20:30:18.283] [info] [ManualAdjust] 当前外参 [imu_0→cam_front]:
[20:30:18.283] [info]   旋转 RPY: (-2.3164, 0.3518, 1.0829) deg
[20:30:18.283] [info]   平移 XYZ: (-0.0307, -0.3070, 3.0246) m
[20:30:18.324] [debug] [ManualAdjust] 平移增量 dxyz=(0.0000, 0.0000, 0.0050)m
[20:30:18.324] [info] [ManualAdjust] 当前外参 [imu_0→cam_front]:
[20:30:18.324] [info]   旋转 RPY: (-2.3164, 0.3518, 1.0829) deg
[20:30:18.324] [info]   平移 XYZ: (-0.0307, -0.3070, 3.0296) m
[20:30:18.356] [debug] [ManualAdjust] 平移增量 dxyz=(0.0000, 0.0000, 0.0050)m
[20:30:18.357] [info] [ManualAdjust] 当前外参 [imu_0→cam_front]:
[20:30:18.357] [info]   旋转 RPY: (-2.3164, 0.3518, 1.0829) deg
[20:30:18.357] [info]   平移 XYZ: (-0.0307, -0.3070, 3.0346) m
[20:30:18.401] [debug] [ManualAdjust] 平移增量 dxyz=(0.0000, 0.0000, 0.0050)m
[20:30:18.401] [info] [ManualAdjust] 当前外参 [imu_0→cam_front]:
[20:30:18.401] [info]   旋转 RPY: (-2.3164, 0.3518, 1.0829) deg
[20:30:18.401] [info]   平移 XYZ: (-0.0307, -0.3070, 3.0396) m
[20:30:18.434] [debug] [ManualAdjust] 平移增量 dxyz=(0.0000, 0.0000, 0.0050)m
[20:30:18.434] [info] [ManualAdjust] 当前外参 [imu_0→cam_front]:
[20:30:18.434] [info]   旋转 RPY: (-2.3164, 0.3518, 1.0829) deg
[20:30:18.434] [info]   平移 XYZ: (-0.0307, -0.3070, 3.0446) m
[20:30:18.464] [debug] [ManualAdjust] 平移增量 dxyz=(0.0000, 0.0000, 0.0050)m
[20:30:18.464] [info] [ManualAdjust] 当前外参 [imu_0→cam_front]:
[20:30:18.464] [info]   旋转 RPY: (-2.3164, 0.3518, 1.0829) deg
[20:30:18.464] [info]   平移 XYZ: (-0.0307, -0.3070, 3.0496) m
[20:30:18.514] [debug] [ManualAdjust] 平移增量 dxyz=(0.0000, 0.0000, 0.0050)m
[20:30:18.514] [info] [ManualAdjust] 当前外参 [imu_0→cam_front]:
[20:30:18.514] [info]   旋转 RPY: (-2.3164, 0.3518, 1.0829) deg
[20:30:18.514] [info]   平移 XYZ: (-0.0307, -0.3070, 3.0546) m
[20:30:18.544] [debug] [ManualAdjust] 平移增量 dxyz=(0.0000, 0.0000, 0.0050)m
[20:30:18.544] [info] [ManualAdjust] 当前外参 [imu_0→cam_front]:
[20:30:18.544] [info]   旋转 RPY: (-2.3164, 0.3518, 1.0829) deg
[20:30:18.544] [info]   平移 XYZ: (-0.0307, -0.3070, 3.0596) m
[20:30:18.599] [debug] [ManualAdjust] 平移增量 dxyz=(0.0000, 0.0000, 0.0050)m
[20:30:18.599] [info] [ManualAdjust] 当前外参 [imu_0→cam_front]:
[20:30:18.599] [info]   旋转 RPY: (-2.3164, 0.3518, 1.0829) deg
[20:30:18.599] [info]   平移 XYZ: (-0.0307, -0.3070, 3.0646) m
[20:30:18.629] [debug] [ManualAdjust] 平移增量 dxyz=(0.0000, 0.0000, 0.0050)m
[20:30:18.629] [info] [ManualAdjust] 当前外参 [imu_0→cam_front]:
[20:30:18.629] [info]   旋转 RPY: (-2.3164, 0.3518, 1.0829) deg
[20:30:18.629] [info]   平移 XYZ: (-0.0307, -0.3070, 3.0696) m
[20:30:18.681] [debug] [ManualAdjust] 平移增量 dxyz=(0.0000, 0.0000, 0.0050)m
[20:30:18.681] [info] [ManualAdjust] 当前外参 [imu_0→cam_front]:
[20:30:18.681] [info]   旋转 RPY: (-2.3164, 0.3518, 1.0829) deg
[20:30:18.681] [info]   平移 XYZ: (-0.0307, -0.3070, 3.0746) m
[20:30:18.719] [debug] [ManualAdjust] 平移增量 dxyz=(0.0000, 0.0000, 0.0050)m
[20:30:18.719] [info] [ManualAdjust] 当前外参 [imu_0→cam_front]:
[20:30:18.719] [info]   旋转 RPY: (-2.3164, 0.3518, 1.0829) deg
[20:30:18.719] [info]   平移 XYZ: (-0.0307, -0.3070, 3.0796) m
[20:30:18.747] [debug] [ManualAdjust] 平移增量 dxyz=(0.0000, 0.0000, 0.0050)m
[20:30:18.747] [info] [ManualAdjust] 当前外参 [imu_0→cam_front]:
[20:30:18.747] [info]   旋转 RPY: (-2.3164, 0.3518, 1.0829) deg
[20:30:18.747] [info]   平移 XYZ: (-0.0307, -0.3070, 3.0846) m
[20:30:18.777] [debug] [ManualAdjust] 平移增量 dxyz=(0.0000, 0.0000, 0.0050)m
[20:30:18.777] [info] [ManualAdjust] 当前外参 [imu_0→cam_front]:
[20:30:18.777] [info]   旋转 RPY: (-2.3164, 0.3518, 1.0829) deg
[20:30:18.777] [info]   平移 XYZ: (-0.0307, -0.3070, 3.0896) m
[20:30:18.831] [debug] [ManualAdjust] 平移增量 dxyz=(0.0000, 0.0000, 0.0050)m
[20:30:18.831] [info] [ManualAdjust] 当前外参 [imu_0→cam_front]:
[20:30:18.831] [info]   旋转 RPY: (-2.3164, 0.3518, 1.0829) deg
[20:30:18.831] [info]   平移 XYZ: (-0.0307, -0.3070, 3.0946) m
[20:30:18.861] [debug] [ManualAdjust] 平移增量 dxyz=(0.0000, 0.0000, 0.0050)m
[20:30:18.861] [info] [ManualAdjust] 当前外参 [imu_0→cam_front]:
[20:30:18.861] [info]   旋转 RPY: (-2.3164, 0.3518, 1.0829) deg
[20:30:18.861] [info]   平移 XYZ: (-0.0307, -0.3070, 3.0996) m
[20:30:18.896] [debug] [ManualAdjust] 平移增量 dxyz=(0.0000, 0.0000, 0.0050)m
[20:30:18.896] [info] [ManualAdjust] 当前外参 [imu_0→cam_front]:
[20:30:18.896] [info]   旋转 RPY: (-2.3164, 0.3518, 1.0829) deg
[20:30:18.896] [info]   平移 XYZ: (-0.0307, -0.3070, 3.1046) m
[20:30:18.930] [debug] [ManualAdjust] 平移增量 dxyz=(0.0000, 0.0000, 0.0050)m
[20:30:18.930] [info] [ManualAdjust] 当前外参 [imu_0→cam_front]:
[20:30:18.930] [info]   旋转 RPY: (-2.3164, 0.3518, 1.0829) deg
[20:30:18.930] [info]   平移 XYZ: (-0.0307, -0.3070, 3.1096) m
[20:30:18.960] [debug] [ManualAdjust] 平移增量 dxyz=(0.0000, 0.0000, 0.0050)m
[20:30:18.960] [info] [ManualAdjust] 当前外参 [imu_0→cam_front]:
[20:30:18.960] [info]   旋转 RPY: (-2.3164, 0.3518, 1.0829) deg
[20:30:18.960] [info]   平移 XYZ: (-0.0307, -0.3070, 3.1146) m
[20:30:19.018] [debug] [ManualAdjust] 平移增量 dxyz=(0.0000, 0.0000, 0.0050)m
[20:30:19.018] [info] [ManualAdjust] 当前外参 [imu_0→cam_front]:
[20:30:19.018] [info]   旋转 RPY: (-2.3164, 0.3518, 1.0829) deg
[20:30:19.018] [info]   平移 XYZ: (-0.0307, -0.3070, 3.1196) m
[20:30:19.058] [debug] [ManualAdjust] 平移增量 dxyz=(0.0000, 0.0000, 0.0050)m
[20:30:19.058] [info] [ManualAdjust] 当前外参 [imu_0→cam_front]:
[20:30:19.058] [info]   旋转 RPY: (-2.3164, 0.3518, 1.0829) deg
[20:30:19.058] [info]   平移 XYZ: (-0.0307, -0.3070, 3.1246) m
[20:30:19.091] [debug] [ManualAdjust] 平移增量 dxyz=(0.0000, 0.0000, 0.0050)m
[20:30:19.091] [info] [ManualAdjust] 当前外参 [imu_0→cam_front]:
[20:30:19.091] [info]   旋转 RPY: (-2.3164, 0.3518, 1.0829) deg
[20:30:19.091] [info]   平移 XYZ: (-0.0307, -0.3070, 3.1296) m
[20:30:19.123] [debug] [ManualAdjust] 平移增量 dxyz=(0.0000, 0.0000, 0.0050)m
[20:30:19.123] [info] [ManualAdjust] 当前外参 [imu_0→cam_front]:
[20:30:19.123] [info]   旋转 RPY: (-2.3164, 0.3518, 1.0829) deg
[20:30:19.123] [info]   平移 XYZ: (-0.0307, -0.3070, 3.1346) m
[20:30:19.166] [debug] [ManualAdjust] 平移增量 dxyz=(0.0000, 0.0000, 0.0050)m
[20:30:19.166] [info] [ManualAdjust] 当前外参 [imu_0→cam_front]:
[20:30:19.166] [info]   旋转 RPY: (-2.3164, 0.3518, 1.0829) deg
[20:30:19.166] [info]   平移 XYZ: (-0.0307, -0.3070, 3.1396) m
[20:30:19.197] [debug] [ManualAdjust] 平移增量 dxyz=(0.0000, 0.0000, 0.0050)m
[20:30:19.197] [info] [ManualAdjust] 当前外参 [imu_0→cam_front]:
[20:30:19.197] [info]   旋转 RPY: (-2.3164, 0.3518, 1.0829) deg
[20:30:19.197] [info]   平移 XYZ: (-0.0307, -0.3070, 3.1446) m
[20:30:19.227] [debug] [ManualAdjust] 平移增量 dxyz=(0.0000, 0.0000, 0.0050)m
[20:30:19.227] [info] [ManualAdjust] 当前外参 [imu_0→cam_front]:
[20:30:19.227] [info]   旋转 RPY: (-2.3164, 0.3518, 1.0829) deg
[20:30:19.227] [info]   平移 XYZ: (-0.0307, -0.3070, 3.1496) m
[20:30:19.284] [debug] [ManualAdjust] 平移增量 dxyz=(0.0000, 0.0000, 0.0050)m
[20:30:19.284] [info] [ManualAdjust] 当前外参 [imu_0→cam_front]:
[20:30:19.284] [info]   旋转 RPY: (-2.3164, 0.3518, 1.0829) deg
[20:30:19.284] [info]   平移 XYZ: (-0.0307, -0.3070, 3.1546) m
[20:30:19.314] [debug] [ManualAdjust] 平移增量 dxyz=(0.0000, 0.0000, 0.0050)m
[20:30:19.314] [info] [ManualAdjust] 当前外参 [imu_0→cam_front]:
[20:30:19.314] [info]   旋转 RPY: (-2.3164, 0.3518, 1.0829) deg
[20:30:19.314] [info]   平移 XYZ: (-0.0307, -0.3070, 3.1596) m
[20:30:19.365] [debug] [ManualAdjust] 平移增量 dxyz=(0.0000, 0.0000, 0.0050)m
[20:30:19.365] [info] [ManualAdjust] 当前外参 [imu_0→cam_front]:
[20:30:19.365] [info]   旋转 RPY: (-2.3164, 0.3518, 1.0829) deg
[20:30:19.365] [info]   平移 XYZ: (-0.0307, -0.3070, 3.1646) m
[20:30:19.395] [debug] [ManualAdjust] 平移增量 dxyz=(0.0000, 0.0000, 0.0050)m
[20:30:19.395] [info] [ManualAdjust] 当前外参 [imu_0→cam_front]:
[20:30:19.395] [info]   旋转 RPY: (-2.3164, 0.3518, 1.0829) deg
[20:30:19.395] [info]   平移 XYZ: (-0.0307, -0.3070, 3.1696) m
[20:30:19.446] [debug] [ManualAdjust] 平移增量 dxyz=(0.0000, 0.0000, 0.0050)m
[20:30:19.447] [info] [ManualAdjust] 当前外参 [imu_0→cam_front]:
[20:30:19.447] [info]   旋转 RPY: (-2.3164, 0.3518, 1.0829) deg
[20:30:19.447] [info]   平移 XYZ: (-0.0307, -0.3070, 3.1746) m
[20:30:19.496] [debug] [ManualAdjust] 平移增量 dxyz=(0.0000, 0.0000, 0.0050)m
[20:30:19.496] [info] [ManualAdjust] 当前外参 [imu_0→cam_front]:
[20:30:19.496] [info]   旋转 RPY: (-2.3164, 0.3518, 1.0829) deg
[20:30:19.496] [info]   平移 XYZ: (-0.0307, -0.3070, 3.1796) m
[20:30:19.551] [debug] [ManualAdjust] 平移增量 dxyz=(0.0000, 0.0000, 0.0050)m
[20:30:19.551] [info] [ManualAdjust] 当前外参 [imu_0→cam_front]:
[20:30:19.551] [info]   旋转 RPY: (-2.3164, 0.3518, 1.0829) deg
[20:30:19.551] [info]   平移 XYZ: (-0.0307, -0.3070, 3.1846) m
[20:30:19.584] [debug] [ManualAdjust] 平移增量 dxyz=(0.0000, 0.0000, 0.0050)m
[20:30:19.584] [info] [ManualAdjust] 当前外参 [imu_0→cam_front]:
[20:30:19.584] [info]   旋转 RPY: (-2.3164, 0.3518, 1.0829) deg
[20:30:19.584] [info]   平移 XYZ: (-0.0307, -0.3070, 3.1896) m
[20:30:19.626] [debug] [ManualAdjust] 平移增量 dxyz=(0.0000, 0.0000, 0.0050)m
[20:30:19.626] [info] [ManualAdjust] 当前外参 [imu_0→cam_front]:
[20:30:19.626] [info]   旋转 RPY: (-2.3164, 0.3518, 1.0829) deg
[20:30:19.626] [info]   平移 XYZ: (-0.0307, -0.3070, 3.1946) m
[20:30:19.659] [debug] [ManualAdjust] 平移增量 dxyz=(0.0000, 0.0000, 0.0050)m
[20:30:19.659] [info] [ManualAdjust] 当前外参 [imu_0→cam_front]:
[20:30:19.659] [info]   旋转 RPY: (-2.3164, 0.3518, 1.0829) deg
[20:30:19.659] [info]   平移 XYZ: (-0.0307, -0.3070, 3.1996) m
[20:30:19.692] [debug] [ManualAdjust] 平移增量 dxyz=(0.0000, 0.0000, 0.0050)m
[20:30:19.692] [info] [ManualAdjust] 当前外参 [imu_0→cam_front]:
[20:30:19.692] [info]   旋转 RPY: (-2.3164, 0.3518, 1.0829) deg
[20:30:19.692] [info]   平移 XYZ: (-0.0307, -0.3070, 3.2046) m
[20:30:19.747] [debug] [ManualAdjust] 平移增量 dxyz=(0.0000, 0.0000, 0.0050)m
[20:30:19.747] [info] [ManualAdjust] 当前外参 [imu_0→cam_front]:
[20:30:19.747] [info]   旋转 RPY: (-2.3164, 0.3518, 1.0829) deg
[20:30:19.747] [info]   平移 XYZ: (-0.0307, -0.3070, 3.2096) m
[20:30:19.790] [debug] [ManualAdjust] 平移增量 dxyz=(0.0000, 0.0000, 0.0050)m
[20:30:19.790] [info] [ManualAdjust] 当前外参 [imu_0→cam_front]:
[20:30:19.790] [info]   旋转 RPY: (-2.3164, 0.3518, 1.0829) deg
[20:30:19.790] [info]   平移 XYZ: (-0.0307, -0.3070, 3.2146) m
[20:30:19.840] [debug] [ManualAdjust] 平移增量 dxyz=(0.0000, 0.0000, 0.0050)m
[20:30:19.840] [info] [ManualAdjust] 当前外参 [imu_0→cam_front]:
[20:30:19.840] [info]   旋转 RPY: (-2.3164, 0.3518, 1.0829) deg
[20:30:19.840] [info]   平移 XYZ: (-0.0307, -0.3070, 3.2196) m
[20:30:19.871] [debug] [ManualAdjust] 平移增量 dxyz=(0.0000, 0.0000, 0.0050)m
[20:30:19.871] [info] [ManualAdjust] 当前外参 [imu_0→cam_front]:
[20:30:19.871] [info]   旋转 RPY: (-2.3164, 0.3518, 1.0829) deg
[20:30:19.871] [info]   平移 XYZ: (-0.0307, -0.3070, 3.2246) m
[20:30:19.910] [debug] [ManualAdjust] 平移增量 dxyz=(0.0000, 0.0000, 0.0050)m
[20:30:19.910] [info] [ManualAdjust] 当前外参 [imu_0→cam_front]:
[20:30:19.910] [info]   旋转 RPY: (-2.3164, 0.3518, 1.0829) deg
[20:30:19.910] [info]   平移 XYZ: (-0.0307, -0.3070, 3.2296) m
[20:30:19.945] [debug] [ManualAdjust] 平移增量 dxyz=(0.0000, 0.0000, 0.0050)m
[20:30:19.945] [info] [ManualAdjust] 当前外参 [imu_0→cam_front]:
[20:30:19.945] [info]   旋转 RPY: (-2.3164, 0.3518, 1.0829) deg
[20:30:19.945] [info]   平移 XYZ: (-0.0307, -0.3070, 3.2346) m
[20:30:19.975] [debug] [ManualAdjust] 平移增量 dxyz=(0.0000, 0.0000, 0.0050)m
[20:30:19.975] [info] [ManualAdjust] 当前外参 [imu_0→cam_front]:
[20:30:19.975] [info]   旋转 RPY: (-2.3164, 0.3518, 1.0829) deg
[20:30:19.975] [info]   平移 XYZ: (-0.0307, -0.3070, 3.2396) m
[20:30:20.030] [debug] [ManualAdjust] 平移增量 dxyz=(0.0000, 0.0000, 0.0050)m
[20:30:20.030] [info] [ManualAdjust] 当前外参 [imu_0→cam_front]:
[20:30:20.030] [info]   旋转 RPY: (-2.3164, 0.3518, 1.0829) deg
[20:30:20.030] [info]   平移 XYZ: (-0.0307, -0.3070, 3.2446) m
[20:30:20.060] [debug] [ManualAdjust] 平移增量 dxyz=(0.0000, 0.0000, 0.0050)m
[20:30:20.060] [info] [ManualAdjust] 当前外参 [imu_0→cam_front]:
[20:30:20.060] [info]   旋转 RPY: (-2.3164, 0.3518, 1.0829) deg
[20:30:20.060] [info]   平移 XYZ: (-0.0307, -0.3070, 3.2496) m
[20:30:20.118] [debug] [ManualAdjust] 平移增量 dxyz=(0.0000, 0.0000, 0.0050)m
[20:30:20.118] [info] [ManualAdjust] 当前外参 [imu_0→cam_front]:
[20:30:20.118] [info]   旋转 RPY: (-2.3164, 0.3518, 1.0829) deg
[20:30:20.118] [info]   平移 XYZ: (-0.0307, -0.3070, 3.2546) m
[20:30:20.164] [debug] [ManualAdjust] 平移增量 dxyz=(0.0000, 0.0000, 0.0050)m
[20:30:20.164] [info] [ManualAdjust] 当前外参 [imu_0→cam_front]:
[20:30:20.164] [info]   旋转 RPY: (-2.3164, 0.3518, 1.0829) deg
[20:30:20.164] [info]   平移 XYZ: (-0.0307, -0.3070, 3.2596) m
[20:30:20.193] [debug] [ManualAdjust] 平移增量 dxyz=(0.0000, 0.0000, 0.0050)m
[20:30:20.193] [info] [ManualAdjust] 当前外参 [imu_0→cam_front]:
[20:30:20.193] [info]   旋转 RPY: (-2.3164, 0.3518, 1.0829) deg
[20:30:20.193] [info]   平移 XYZ: (-0.0307, -0.3070, 3.2646) m
[20:30:20.233] [debug] [ManualAdjust] 平移增量 dxyz=(0.0000, 0.0000, 0.0050)m
[20:30:20.233] [info] [ManualAdjust] 当前外参 [imu_0→cam_front]:
[20:30:20.233] [info]   旋转 RPY: (-2.3164, 0.3518, 1.0829) deg
[20:30:20.233] [info]   平移 XYZ: (-0.0307, -0.3070, 3.2696) m
[20:30:20.265] [debug] [ManualAdjust] 平移增量 dxyz=(0.0000, 0.0000, 0.0050)m
[20:30:20.265] [info] [ManualAdjust] 当前外参 [imu_0→cam_front]:
[20:30:20.265] [info]   旋转 RPY: (-2.3164, 0.3518, 1.0829) deg
[20:30:20.265] [info]   平移 XYZ: (-0.0307, -0.3070, 3.2746) m
[20:30:20.296] [debug] [ManualAdjust] 平移增量 dxyz=(0.0000, 0.0000, 0.0050)m
[20:30:20.296] [info] [ManualAdjust] 当前外参 [imu_0→cam_front]:
[20:30:20.296] [info]   旋转 RPY: (-2.3164, 0.3518, 1.0829) deg
[20:30:20.296] [info]   平移 XYZ: (-0.0307, -0.3070, 3.2796) m
[20:30:20.350] [debug] [ManualAdjust] 平移增量 dxyz=(0.0000, 0.0000, 0.0050)m
[20:30:20.350] [info] [ManualAdjust] 当前外参 [imu_0→cam_front]:
[20:30:20.350] [info]   旋转 RPY: (-2.3164, 0.3518, 1.0829) deg
[20:30:20.350] [info]   平移 XYZ: (-0.0307, -0.3070, 3.2846) m
[20:30:20.379] [debug] [ManualAdjust] 平移增量 dxyz=(0.0000, 0.0000, 0.0050)m
[20:30:20.379] [info] [ManualAdjust] 当前外参 [imu_0→cam_front]:
[20:30:20.379] [info]   旋转 RPY: (-2.3164, 0.3518, 1.0829) deg
[20:30:20.379] [info]   平移 XYZ: (-0.0307, -0.3070, 3.2896) m
[20:30:20.441] [debug] [ManualAdjust] 平移增量 dxyz=(0.0000, 0.0000, 0.0050)m
[20:30:20.441] [info] [ManualAdjust] 当前外参 [imu_0→cam_front]:
[20:30:20.441] [info]   旋转 RPY: (-2.3164, 0.3518, 1.0829) deg
[20:30:20.441] [info]   平移 XYZ: (-0.0307, -0.3070, 3.2946) m
[20:30:20.471] [debug] [ManualAdjust] 平移增量 dxyz=(0.0000, 0.0000, 0.0050)m
[20:30:20.471] [info] [ManualAdjust] 当前外参 [imu_0→cam_front]:
[20:30:20.471] [info]   旋转 RPY: (-2.3164, 0.3518, 1.0829) deg
[20:30:20.471] [info]   平移 XYZ: (-0.0307, -0.3070, 3.2996) m
[20:30:20.509] [debug] [ManualAdjust] 平移增量 dxyz=(0.0000, 0.0000, 0.0050)m
[20:30:20.509] [info] [ManualAdjust] 当前外参 [imu_0→cam_front]:
[20:30:20.509] [info]   旋转 RPY: (-2.3164, 0.3518, 1.0829) deg
[20:30:20.509] [info]   平移 XYZ: (-0.0307, -0.3070, 3.3046) m
[20:30:20.547] [debug] [ManualAdjust] 平移增量 dxyz=(0.0000, 0.0000, 0.0050)m
[20:30:20.547] [info] [ManualAdjust] 当前外参 [imu_0→cam_front]:
[20:30:20.547] [info]   旋转 RPY: (-2.3164, 0.3518, 1.0829) deg
[20:30:20.547] [info]   平移 XYZ: (-0.0307, -0.3070, 3.3096) m
[20:30:20.579] [debug] [ManualAdjust] 平移增量 dxyz=(0.0000, 0.0000, 0.0050)m
[20:30:20.579] [info] [ManualAdjust] 当前外参 [imu_0→cam_front]:
[20:30:20.579] [info]   旋转 RPY: (-2.3164, 0.3518, 1.0829) deg
[20:30:20.579] [info]   平移 XYZ: (-0.0307, -0.3070, 3.3146) m
[20:30:20.621] [debug] [ManualAdjust] 平移增量 dxyz=(0.0000, 0.0000, 0.0050)m
[20:30:20.621] [info] [ManualAdjust] 当前外参 [imu_0→cam_front]:
[20:30:20.621] [info]   旋转 RPY: (-2.3164, 0.3518, 1.0829) deg
[20:30:20.621] [info]   平移 XYZ: (-0.0307, -0.3070, 3.3196) m
[20:30:20.649] [debug] [ManualAdjust] 平移增量 dxyz=(0.0000, 0.0000, 0.0050)m
[20:30:20.649] [info] [ManualAdjust] 当前外参 [imu_0→cam_front]:
[20:30:20.649] [info]   旋转 RPY: (-2.3164, 0.3518, 1.0829) deg
[20:30:20.649] [info]   平移 XYZ: (-0.0307, -0.3070, 3.3246) m
[20:30:20.679] [debug] [ManualAdjust] 平移增量 dxyz=(0.0000, 0.0000, 0.0050)m
[20:30:20.679] [info] [ManualAdjust] 当前外参 [imu_0→cam_front]:
[20:30:20.679] [info]   旋转 RPY: (-2.3164, 0.3518, 1.0829) deg
[20:30:20.679] [info]   平移 XYZ: (-0.0307, -0.3070, 3.3296) m
[20:30:20.730] [debug] [ManualAdjust] 平移增量 dxyz=(0.0000, 0.0000, 0.0050)m
[20:30:20.730] [info] [ManualAdjust] 当前外参 [imu_0→cam_front]:
[20:30:20.730] [info]   旋转 RPY: (-2.3164, 0.3518, 1.0829) deg
[20:30:20.730] [info]   平移 XYZ: (-0.0307, -0.3070, 3.3346) m
[20:30:20.762] [debug] [ManualAdjust] 平移增量 dxyz=(0.0000, 0.0000, 0.0050)m
[20:30:20.762] [info] [ManualAdjust] 当前外参 [imu_0→cam_front]:
[20:30:20.762] [info]   旋转 RPY: (-2.3164, 0.3518, 1.0829) deg
[20:30:20.762] [info]   平移 XYZ: (-0.0307, -0.3070, 3.3396) m
[20:30:20.813] [debug] [ManualAdjust] 平移增量 dxyz=(0.0000, 0.0000, 0.0050)m
[20:30:20.813] [info] [ManualAdjust] 当前外参 [imu_0→cam_front]:
[20:30:20.813] [info]   旋转 RPY: (-2.3164, 0.3518, 1.0829) deg
[20:30:20.813] [info]   平移 XYZ: (-0.0307, -0.3070, 3.3446) m
[20:30:20.840] [debug] [ManualAdjust] 平移增量 dxyz=(0.0000, 0.0000, 0.0050)m
[20:30:20.840] [info] [ManualAdjust] 当前外参 [imu_0→cam_front]:
[20:30:20.840] [info]   旋转 RPY: (-2.3164, 0.3518, 1.0829) deg
[20:30:20.840] [info]   平移 XYZ: (-0.0307, -0.3070, 3.3496) m
[20:30:20.886] [debug] [ManualAdjust] 平移增量 dxyz=(0.0000, 0.0000, 0.0050)m
[20:30:20.886] [info] [ManualAdjust] 当前外参 [imu_0→cam_front]:
[20:30:20.886] [info]   旋转 RPY: (-2.3164, 0.3518, 1.0829) deg
[20:30:20.886] [info]   平移 XYZ: (-0.0307, -0.3070, 3.3546) m
[20:30:20.922] [debug] [ManualAdjust] 平移增量 dxyz=(0.0000, 0.0000, 0.0050)m
[20:30:20.922] [info] [ManualAdjust] 当前外参 [imu_0→cam_front]:
[20:30:20.922] [info]   旋转 RPY: (-2.3164, 0.3518, 1.0829) deg
[20:30:20.922] [info]   平移 XYZ: (-0.0307, -0.3070, 3.3596) m
[20:30:20.969] [debug] [ManualAdjust] 平移增量 dxyz=(0.0000, 0.0000, 0.0050)m
[20:30:20.969] [info] [ManualAdjust] 当前外参 [imu_0→cam_front]:
[20:30:20.969] [info]   旋转 RPY: (-2.3164, 0.3518, 1.0829) deg
[20:30:20.969] [info]   平移 XYZ: (-0.0307, -0.3070, 3.3646) m
[20:30:21.001] [debug] [ManualAdjust] 平移增量 dxyz=(0.0000, 0.0000, 0.0050)m
[20:30:21.001] [info] [ManualAdjust] 当前外参 [imu_0→cam_front]:
[20:30:21.001] [info]   旋转 RPY: (-2.3164, 0.3518, 1.0829) deg
[20:30:21.001] [info]   平移 XYZ: (-0.0307, -0.3070, 3.3696) m
[20:30:21.031] [debug] [ManualAdjust] 平移增量 dxyz=(0.0000, 0.0000, 0.0050)m
[20:30:21.031] [info] [ManualAdjust] 当前外参 [imu_0→cam_front]:
[20:30:21.031] [info]   旋转 RPY: (-2.3164, 0.3518, 1.0829) deg
[20:30:21.031] [info]   平移 XYZ: (-0.0307, -0.3070, 3.3746) m
[20:30:21.063] [debug] [ManualAdjust] 平移增量 dxyz=(0.0000, 0.0000, 0.0050)m
[20:30:21.063] [info] [ManualAdjust] 当前外参 [imu_0→cam_front]:
[20:30:21.063] [info]   旋转 RPY: (-2.3164, 0.3518, 1.0829) deg
[20:30:21.063] [info]   平移 XYZ: (-0.0307, -0.3070, 3.3796) m
[20:30:21.099] [debug] [ManualAdjust] 平移增量 dxyz=(0.0000, 0.0000, 0.0050)m
[20:30:21.099] [info] [ManualAdjust] 当前外参 [imu_0→cam_front]:
[20:30:21.099] [info]   旋转 RPY: (-2.3164, 0.3518, 1.0829) deg
[20:30:21.099] [info]   平移 XYZ: (-0.0307, -0.3070, 3.3846) m
[20:30:21.132] [debug] [ManualAdjust] 平移增量 dxyz=(0.0000, 0.0000, 0.0050)m
[20:30:21.132] [info] [ManualAdjust] 当前外参 [imu_0→cam_front]:
[20:30:21.132] [info]   旋转 RPY: (-2.3164, 0.3518, 1.0829) deg
[20:30:21.132] [info]   平移 XYZ: (-0.0307, -0.3070, 3.3896) m
[20:30:21.189] [debug] [ManualAdjust] 平移增量 dxyz=(0.0000, 0.0000, 0.0050)m
[20:30:21.189] [info] [ManualAdjust] 当前外参 [imu_0→cam_front]:
[20:30:21.189] [info]   旋转 RPY: (-2.3164, 0.3518, 1.0829) deg
[20:30:21.189] [info]   平移 XYZ: (-0.0307, -0.3070, 3.3946) m
[20:30:21.234] [debug] [ManualAdjust] 平移增量 dxyz=(0.0000, 0.0000, 0.0050)m
[20:30:21.234] [info] [ManualAdjust] 当前外参 [imu_0→cam_front]:
[20:30:21.234] [info]   旋转 RPY: (-2.3164, 0.3518, 1.0829) deg
[20:30:21.234] [info]   平移 XYZ: (-0.0307, -0.3070, 3.3996) m
[20:30:21.268] [debug] [ManualAdjust] 平移增量 dxyz=(0.0000, 0.0000, 0.0050)m
[20:30:21.268] [info] [ManualAdjust] 当前外参 [imu_0→cam_front]:
[20:30:21.268] [info]   旋转 RPY: (-2.3164, 0.3518, 1.0829) deg
[20:30:21.268] [info]   平移 XYZ: (-0.0307, -0.3070, 3.4046) m
[20:30:21.298] [debug] [ManualAdjust] 平移增量 dxyz=(0.0000, 0.0000, 0.0050)m
[20:30:21.298] [info] [ManualAdjust] 当前外参 [imu_0→cam_front]:
[20:30:21.298] [info]   旋转 RPY: (-2.3164, 0.3518, 1.0829) deg
[20:30:21.298] [info]   平移 XYZ: (-0.0307, -0.3070, 3.4096) m
[20:30:21.344] [debug] [ManualAdjust] 平移增量 dxyz=(0.0000, 0.0000, 0.0050)m
[20:30:21.344] [info] [ManualAdjust] 当前外参 [imu_0→cam_front]:
[20:30:21.344] [info]   旋转 RPY: (-2.3164, 0.3518, 1.0829) deg
[20:30:21.344] [info]   平移 XYZ: (-0.0307, -0.3070, 3.4146) m
[20:30:21.375] [debug] [ManualAdjust] 平移增量 dxyz=(0.0000, 0.0000, 0.0050)m
[20:30:21.375] [info] [ManualAdjust] 当前外参 [imu_0→cam_front]:
[20:30:21.375] [info]   旋转 RPY: (-2.3164, 0.3518, 1.0829) deg
[20:30:21.375] [info]   平移 XYZ: (-0.0307, -0.3070, 3.4196) m
[20:30:21.405] [debug] [ManualAdjust] 平移增量 dxyz=(0.0000, 0.0000, 0.0050)m
[20:30:21.405] [info] [ManualAdjust] 当前外参 [imu_0→cam_front]:
[20:30:21.405] [info]   旋转 RPY: (-2.3164, 0.3518, 1.0829) deg
[20:30:21.405] [info]   平移 XYZ: (-0.0307, -0.3070, 3.4246) m
[20:30:21.455] [debug] [ManualAdjust] 平移增量 dxyz=(0.0000, 0.0000, 0.0050)m
[20:30:21.455] [info] [ManualAdjust] 当前外参 [imu_0→cam_front]:
[20:30:21.455] [info]   旋转 RPY: (-2.3164, 0.3518, 1.0829) deg
[20:30:21.455] [info]   平移 XYZ: (-0.0307, -0.3070, 3.4296) m
[20:30:21.487] [debug] [ManualAdjust] 平移增量 dxyz=(0.0000, 0.0000, 0.0050)m
[20:30:21.487] [info] [ManualAdjust] 当前外参 [imu_0→cam_front]:
[20:30:21.487] [info]   旋转 RPY: (-2.3164, 0.3518, 1.0829) deg
[20:30:21.487] [info]   平移 XYZ: (-0.0307, -0.3070, 3.4346) m
[20:30:21.519] [debug] [ManualAdjust] 平移增量 dxyz=(0.0000, 0.0000, 0.0050)m
[20:30:21.519] [info] [ManualAdjust] 当前外参 [imu_0→cam_front]:
[20:30:21.519] [info]   旋转 RPY: (-2.3164, 0.3518, 1.0829) deg
[20:30:21.519] [info]   平移 XYZ: (-0.0307, -0.3070, 3.4396) m
[20:30:21.550] [debug] [ManualAdjust] 平移增量 dxyz=(0.0000, 0.0000, 0.0050)m
[20:30:21.550] [info] [ManualAdjust] 当前外参 [imu_0→cam_front]:
[20:30:21.550] [info]   旋转 RPY: (-2.3164, 0.3518, 1.0829) deg
[20:30:21.550] [info]   平移 XYZ: (-0.0307, -0.3070, 3.4446) m
[20:30:21.591] [debug] [ManualAdjust] 平移增量 dxyz=(0.0000, 0.0000, 0.0050)m
[20:30:21.591] [info] [ManualAdjust] 当前外参 [imu_0→cam_front]:
[20:30:21.591] [info]   旋转 RPY: (-2.3164, 0.3518, 1.0829) deg
[20:30:21.591] [info]   平移 XYZ: (-0.0307, -0.3070, 3.4496) m
[20:30:21.632] [debug] [ManualAdjust] 平移增量 dxyz=(0.0000, 0.0000, 0.0050)m
[20:30:21.632] [info] [ManualAdjust] 当前外参 [imu_0→cam_front]:
[20:30:21.632] [info]   旋转 RPY: (-2.3164, 0.3518, 1.0829) deg
[20:30:21.632] [info]   平移 XYZ: (-0.0307, -0.3070, 3.4546) m
[20:30:21.662] [debug] [ManualAdjust] 平移增量 dxyz=(0.0000, 0.0000, 0.0050)m
[20:30:21.662] [info] [ManualAdjust] 当前外参 [imu_0→cam_front]:
[20:30:21.662] [info]   旋转 RPY: (-2.3164, 0.3518, 1.0829) deg
[20:30:21.662] [info]   平移 XYZ: (-0.0307, -0.3070, 3.4596) m
[20:30:21.702] [debug] [ManualAdjust] 平移增量 dxyz=(0.0000, 0.0000, 0.0050)m
[20:30:21.702] [info] [ManualAdjust] 当前外参 [imu_0→cam_front]:
[20:30:21.702] [info]   旋转 RPY: (-2.3164, 0.3518, 1.0829) deg
[20:30:21.702] [info]   平移 XYZ: (-0.0307, -0.3070, 3.4646) m
[20:30:21.736] [debug] [ManualAdjust] 平移增量 dxyz=(0.0000, 0.0000, 0.0050)m
[20:30:21.736] [info] [ManualAdjust] 当前外参 [imu_0→cam_front]:
[20:30:21.736] [info]   旋转 RPY: (-2.3164, 0.3518, 1.0829) deg
[20:30:21.736] [info]   平移 XYZ: (-0.0307, -0.3070, 3.4696) m
[20:30:21.766] [debug] [ManualAdjust] 平移增量 dxyz=(0.0000, 0.0000, 0.0050)m
[20:30:21.766] [info] [ManualAdjust] 当前外参 [imu_0→cam_front]:
[20:30:21.766] [info]   旋转 RPY: (-2.3164, 0.3518, 1.0829) deg
[20:30:21.766] [info]   平移 XYZ: (-0.0307, -0.3070, 3.4746) m
[20:30:21.832] [debug] [ManualAdjust] 平移增量 dxyz=(0.0000, 0.0000, 0.0050)m
[20:30:21.832] [info] [ManualAdjust] 当前外参 [imu_0→cam_front]:
[20:30:21.832] [info]   旋转 RPY: (-2.3164, 0.3518, 1.0829) deg
[20:30:21.832] [info]   平移 XYZ: (-0.0307, -0.3070, 3.4796) m
[20:30:21.866] [debug] [ManualAdjust] 平移增量 dxyz=(0.0000, 0.0000, 0.0050)m
[20:30:21.866] [info] [ManualAdjust] 当前外参 [imu_0→cam_front]:
[20:30:21.866] [info]   旋转 RPY: (-2.3164, 0.3518, 1.0829) deg
[20:30:21.866] [info]   平移 XYZ: (-0.0307, -0.3070, 3.4846) m
[20:30:21.920] [debug] [ManualAdjust] 平移增量 dxyz=(0.0000, 0.0000, 0.0050)m
[20:30:21.920] [info] [ManualAdjust] 当前外参 [imu_0→cam_front]:
[20:30:21.920] [info]   旋转 RPY: (-2.3164, 0.3518, 1.0829) deg
[20:30:21.920] [info]   平移 XYZ: (-0.0307, -0.3070, 3.4896) m
[20:30:21.963] [debug] [ManualAdjust] 平移增量 dxyz=(0.0000, 0.0000, 0.0050)m
[20:30:21.963] [info] [ManualAdjust] 当前外参 [imu_0→cam_front]:
[20:30:21.963] [info]   旋转 RPY: (-2.3164, 0.3518, 1.0829) deg
[20:30:21.963] [info]   平移 XYZ: (-0.0307, -0.3070, 3.4946) m
[20:30:21.997] [debug] [ManualAdjust] 平移增量 dxyz=(0.0000, 0.0000, 0.0050)m
[20:30:21.997] [info] [ManualAdjust] 当前外参 [imu_0→cam_front]:
[20:30:21.997] [info]   旋转 RPY: (-2.3164, 0.3518, 1.0829) deg
[20:30:21.997] [info]   平移 XYZ: (-0.0307, -0.3070, 3.4996) m
[20:30:22.042] [debug] [ManualAdjust] 平移增量 dxyz=(0.0000, 0.0000, 0.0050)m
[20:30:22.042] [info] [ManualAdjust] 当前外参 [imu_0→cam_front]:
[20:30:22.042] [info]   旋转 RPY: (-2.3164, 0.3518, 1.0829) deg
[20:30:22.042] [info]   平移 XYZ: (-0.0307, -0.3070, 3.5046) m
[20:30:22.078] [debug] [ManualAdjust] 平移增量 dxyz=(0.0000, 0.0000, 0.0050)m
[20:30:22.078] [info] [ManualAdjust] 当前外参 [imu_0→cam_front]:
[20:30:22.078] [info]   旋转 RPY: (-2.3164, 0.3518, 1.0829) deg
[20:30:22.078] [info]   平移 XYZ: (-0.0307, -0.3070, 3.5096) m
[20:30:22.108] [debug] [ManualAdjust] 平移增量 dxyz=(0.0000, 0.0000, 0.0050)m
[20:30:22.108] [info] [ManualAdjust] 当前外参 [imu_0→cam_front]:
[20:30:22.108] [info]   旋转 RPY: (-2.3164, 0.3518, 1.0829) deg
[20:30:22.108] [info]   平移 XYZ: (-0.0307, -0.3070, 3.5146) m
[20:30:22.166] [debug] [ManualAdjust] 平移增量 dxyz=(0.0000, 0.0000, 0.0050)m
[20:30:22.166] [info] [ManualAdjust] 当前外参 [imu_0→cam_front]:
[20:30:22.166] [info]   旋转 RPY: (-2.3164, 0.3518, 1.0829) deg
[20:30:22.166] [info]   平移 XYZ: (-0.0307, -0.3070, 3.5196) m
[20:30:22.197] [debug] [ManualAdjust] 平移增量 dxyz=(0.0000, 0.0000, 0.0050)m
[20:30:22.197] [info] [ManualAdjust] 当前外参 [imu_0→cam_front]:
[20:30:22.197] [info]   旋转 RPY: (-2.3164, 0.3518, 1.0829) deg
[20:30:22.197] [info]   平移 XYZ: (-0.0307, -0.3070, 3.5246) m
[20:30:22.230] [debug] [ManualAdjust] 平移增量 dxyz=(0.0000, 0.0000, 0.0050)m
[20:30:22.230] [info] [ManualAdjust] 当前外参 [imu_0→cam_front]:
[20:30:22.230] [info]   旋转 RPY: (-2.3164, 0.3518, 1.0829) deg
[20:30:22.230] [info]   平移 XYZ: (-0.0307, -0.3070, 3.5296) m
[20:30:22.266] [debug] [ManualAdjust] 平移增量 dxyz=(0.0000, 0.0000, 0.0050)m
[20:30:22.266] [info] [ManualAdjust] 当前外参 [imu_0→cam_front]:
[20:30:22.266] [info]   旋转 RPY: (-2.3164, 0.3518, 1.0829) deg
[20:30:22.266] [info]   平移 XYZ: (-0.0307, -0.3070, 3.5346) m
[20:30:22.312] [debug] [ManualAdjust] 平移增量 dxyz=(0.0000, 0.0000, 0.0050)m
[20:30:22.312] [info] [ManualAdjust] 当前外参 [imu_0→cam_front]:
[20:30:22.312] [info]   旋转 RPY: (-2.3164, 0.3518, 1.0829) deg
[20:30:22.312] [info]   平移 XYZ: (-0.0307, -0.3070, 3.5396) m
[20:30:22.342] [debug] [ManualAdjust] 平移增量 dxyz=(0.0000, 0.0000, 0.0050)m
[20:30:22.342] [info] [ManualAdjust] 当前外参 [imu_0→cam_front]:
[20:30:22.342] [info]   旋转 RPY: (-2.3164, 0.3518, 1.0829) deg
[20:30:22.342] [info]   平移 XYZ: (-0.0307, -0.3070, 3.5446) m
[20:30:22.371] [debug] [ManualAdjust] 平移增量 dxyz=(0.0000, 0.0000, 0.0050)m
[20:30:22.371] [info] [ManualAdjust] 当前外参 [imu_0→cam_front]:
[20:30:22.371] [info]   旋转 RPY: (-2.3164, 0.3518, 1.0829) deg
[20:30:22.372] [info]   平移 XYZ: (-0.0307, -0.3070, 3.5496) m
[20:30:22.425] [debug] [ManualAdjust] 平移增量 dxyz=(0.0000, 0.0000, 0.0050)m
[20:30:22.425] [info] [ManualAdjust] 当前外参 [imu_0→cam_front]:
[20:30:22.425] [info]   旋转 RPY: (-2.3164, 0.3518, 1.0829) deg
[20:30:22.425] [info]   平移 XYZ: (-0.0307, -0.3070, 3.5546) m
[20:30:22.471] [debug] [ManualAdjust] 平移增量 dxyz=(0.0000, 0.0000, 0.0050)m
[20:30:22.471] [info] [ManualAdjust] 当前外参 [imu_0→cam_front]:
[20:30:22.471] [info]   旋转 RPY: (-2.3164, 0.3518, 1.0829) deg
[20:30:22.471] [info]   平移 XYZ: (-0.0307, -0.3070, 3.5596) m
[20:30:22.497] [debug] [ManualAdjust] 平移增量 dxyz=(0.0000, 0.0000, 0.0050)m
[20:30:22.497] [info] [ManualAdjust] 当前外参 [imu_0→cam_front]:
[20:30:22.497] [info]   旋转 RPY: (-2.3164, 0.3518, 1.0829) deg
[20:30:22.497] [info]   平移 XYZ: (-0.0307, -0.3070, 3.5646) m
[20:30:22.527] [debug] [ManualAdjust] 平移增量 dxyz=(0.0000, 0.0000, 0.0050)m
[20:30:22.527] [info] [ManualAdjust] 当前外参 [imu_0→cam_front]:
[20:30:22.527] [info]   旋转 RPY: (-2.3164, 0.3518, 1.0829) deg
[20:30:22.527] [info]   平移 XYZ: (-0.0307, -0.3070, 3.5696) m
[20:30:22.558] [debug] [ManualAdjust] 平移增量 dxyz=(0.0000, 0.0000, 0.0050)m
[20:30:22.558] [info] [ManualAdjust] 当前外参 [imu_0→cam_front]:
[20:30:22.558] [info]   旋转 RPY: (-2.3164, 0.3518, 1.0829) deg
[20:30:22.558] [info]   平移 XYZ: (-0.0307, -0.3070, 3.5746) m
[20:30:22.590] [debug] [ManualAdjust] 平移增量 dxyz=(0.0000, 0.0000, 0.0050)m
[20:30:22.590] [info] [ManualAdjust] 当前外参 [imu_0→cam_front]:
[20:30:22.590] [info]   旋转 RPY: (-2.3164, 0.3518, 1.0829) deg
[20:30:22.590] [info]   平移 XYZ: (-0.0307, -0.3070, 3.5796) m
[20:30:22.620] [debug] [ManualAdjust] 平移增量 dxyz=(0.0000, 0.0000, 0.0050)m
[20:30:22.620] [info] [ManualAdjust] 当前外参 [imu_0→cam_front]:
[20:30:22.620] [info]   旋转 RPY: (-2.3164, 0.3518, 1.0829) deg
[20:30:22.620] [info]   平移 XYZ: (-0.0307, -0.3070, 3.5846) m
[20:30:22.678] [debug] [ManualAdjust] 平移增量 dxyz=(0.0000, 0.0000, 0.0050)m
[20:30:22.678] [info] [ManualAdjust] 当前外参 [imu_0→cam_front]:
[20:30:22.678] [info]   旋转 RPY: (-2.3164, 0.3518, 1.0829) deg
[20:30:22.678] [info]   平移 XYZ: (-0.0307, -0.3070, 3.5896) m
[20:30:22.708] [debug] [ManualAdjust] 平移增量 dxyz=(0.0000, 0.0000, 0.0050)m
[20:30:22.708] [info] [ManualAdjust] 当前外参 [imu_0→cam_front]:
[20:30:22.708] [info]   旋转 RPY: (-2.3164, 0.3518, 1.0829) deg
[20:30:22.708] [info]   平移 XYZ: (-0.0307, -0.3070, 3.5946) m
[20:30:22.769] [debug] [ManualAdjust] 平移增量 dxyz=(0.0000, 0.0000, 0.0050)m
[20:30:22.769] [info] [ManualAdjust] 当前外参 [imu_0→cam_front]:
[20:30:22.769] [info]   旋转 RPY: (-2.3164, 0.3518, 1.0829) deg
[20:30:22.769] [info]   平移 XYZ: (-0.0307, -0.3070, 3.5996) m
[20:30:22.811] [debug] [ManualAdjust] 平移增量 dxyz=(0.0000, 0.0000, 0.0050)m
[20:30:22.811] [info] [ManualAdjust] 当前外参 [imu_0→cam_front]:
[20:30:22.811] [info]   旋转 RPY: (-2.3164, 0.3518, 1.0829) deg
[20:30:22.811] [info]   平移 XYZ: (-0.0307, -0.3070, 3.6046) m
[20:30:22.849] [debug] [ManualAdjust] 平移增量 dxyz=(0.0000, 0.0000, 0.0050)m
[20:30:22.849] [info] [ManualAdjust] 当前外参 [imu_0→cam_front]:
[20:30:22.849] [info]   旋转 RPY: (-2.3164, 0.3518, 1.0829) deg
[20:30:22.849] [info]   平移 XYZ: (-0.0307, -0.3070, 3.6096) m
[20:30:22.880] [debug] [ManualAdjust] 平移增量 dxyz=(0.0000, 0.0000, 0.0050)m
[20:30:22.880] [info] [ManualAdjust] 当前外参 [imu_0→cam_front]:
[20:30:22.880] [info]   旋转 RPY: (-2.3164, 0.3518, 1.0829) deg
[20:30:22.880] [info]   平移 XYZ: (-0.0307, -0.3070, 3.6146) m
[20:30:22.943] [debug] [ManualAdjust] 平移增量 dxyz=(0.0000, 0.0000, 0.0050)m
[20:30:22.943] [info] [ManualAdjust] 当前外参 [imu_0→cam_front]:
[20:30:22.943] [info]   旋转 RPY: (-2.3164, 0.3518, 1.0829) deg
[20:30:22.943] [info]   平移 XYZ: (-0.0307, -0.3070, 3.6196) m
[20:30:22.985] [debug] [ManualAdjust] 平移增量 dxyz=(0.0000, 0.0000, 0.0050)m
[20:30:22.985] [info] [ManualAdjust] 当前外参 [imu_0→cam_front]:
[20:30:22.985] [info]   旋转 RPY: (-2.3164, 0.3518, 1.0829) deg
[20:30:22.985] [info]   平移 XYZ: (-0.0307, -0.3070, 3.6246) m
[20:30:23.026] [debug] [ManualAdjust] 平移增量 dxyz=(0.0000, 0.0000, 0.0050)m
[20:30:23.026] [info] [ManualAdjust] 当前外参 [imu_0→cam_front]:
[20:30:23.026] [info]   旋转 RPY: (-2.3164, 0.3518, 1.0829) deg
[20:30:23.026] [info]   平移 XYZ: (-0.0307, -0.3070, 3.6296) m
[20:30:23.056] [debug] [ManualAdjust] 平移增量 dxyz=(0.0000, 0.0000, 0.0050)m
[20:30:23.056] [info] [ManualAdjust] 当前外参 [imu_0→cam_front]:
[20:30:23.056] [info]   旋转 RPY: (-2.3164, 0.3518, 1.0829) deg
[20:30:23.056] [info]   平移 XYZ: (-0.0307, -0.3070, 3.6346) m
[20:30:23.087] [debug] [ManualAdjust] 平移增量 dxyz=(0.0000, 0.0000, 0.0050)m
[20:30:23.087] [info] [ManualAdjust] 当前外参 [imu_0→cam_front]:
[20:30:23.087] [info]   旋转 RPY: (-2.3164, 0.3518, 1.0829) deg
[20:30:23.087] [info]   平移 XYZ: (-0.0307, -0.3070, 3.6396) m
[20:30:23.146] [debug] [ManualAdjust] 平移增量 dxyz=(0.0000, 0.0000, 0.0050)m
[20:30:23.146] [info] [ManualAdjust] 当前外参 [imu_0→cam_front]:
[20:30:23.146] [info]   旋转 RPY: (-2.3164, 0.3518, 1.0829) deg
[20:30:23.146] [info]   平移 XYZ: (-0.0307, -0.3070, 3.6446) m
[20:30:23.188] [debug] [ManualAdjust] 平移增量 dxyz=(0.0000, 0.0000, 0.0050)m
[20:30:23.188] [info] [ManualAdjust] 当前外参 [imu_0→cam_front]:
[20:30:23.188] [info]   旋转 RPY: (-2.3164, 0.3518, 1.0829) deg
[20:30:23.188] [info]   平移 XYZ: (-0.0307, -0.3070, 3.6496) m
[20:30:23.224] [debug] [ManualAdjust] 平移增量 dxyz=(0.0000, 0.0000, 0.0050)m
[20:30:23.224] [info] [ManualAdjust] 当前外参 [imu_0→cam_front]:
[20:30:23.224] [info]   旋转 RPY: (-2.3164, 0.3518, 1.0829) deg
[20:30:23.224] [info]   平移 XYZ: (-0.0307, -0.3070, 3.6546) m
[20:30:23.255] [debug] [ManualAdjust] 平移增量 dxyz=(0.0000, 0.0000, 0.0050)m
[20:30:23.255] [info] [ManualAdjust] 当前外参 [imu_0→cam_front]:
[20:30:23.255] [info]   旋转 RPY: (-2.3164, 0.3518, 1.0829) deg
[20:30:23.255] [info]   平移 XYZ: (-0.0307, -0.3070, 3.6596) m
[20:30:23.294] [debug] [ManualAdjust] 平移增量 dxyz=(0.0000, 0.0000, 0.0050)m
[20:30:23.294] [info] [ManualAdjust] 当前外参 [imu_0→cam_front]:
[20:30:23.294] [info]   旋转 RPY: (-2.3164, 0.3518, 1.0829) deg
[20:30:23.294] [info]   平移 XYZ: (-0.0307, -0.3070, 3.6646) m
[20:30:23.323] [debug] [ManualAdjust] 平移增量 dxyz=(0.0000, 0.0000, 0.0050)m
[20:30:23.323] [info] [ManualAdjust] 当前外参 [imu_0→cam_front]:
[20:30:23.323] [info]   旋转 RPY: (-2.3164, 0.3518, 1.0829) deg
[20:30:23.323] [info]   平移 XYZ: (-0.0307, -0.3070, 3.6696) m
[20:30:23.353] [debug] [ManualAdjust] 平移增量 dxyz=(0.0000, 0.0000, 0.0050)m
[20:30:23.353] [info] [ManualAdjust] 当前外参 [imu_0→cam_front]:
[20:30:23.353] [info]   旋转 RPY: (-2.3164, 0.3518, 1.0829) deg
[20:30:23.353] [info]   平移 XYZ: (-0.0307, -0.3070, 3.6746) m
[20:30:23.385] [debug] [ManualAdjust] 平移增量 dxyz=(0.0000, 0.0000, 0.0050)m
[20:30:23.385] [info] [ManualAdjust] 当前外参 [imu_0→cam_front]:
[20:30:23.385] [info]   旋转 RPY: (-2.3164, 0.3518, 1.0829) deg
[20:30:23.385] [info]   平移 XYZ: (-0.0307, -0.3070, 3.6796) m
[20:30:23.417] [debug] [ManualAdjust] 平移增量 dxyz=(0.0000, 0.0000, 0.0050)m
[20:30:23.417] [info] [ManualAdjust] 当前外参 [imu_0→cam_front]:
[20:30:23.417] [info]   旋转 RPY: (-2.3164, 0.3518, 1.0829) deg
[20:30:23.417] [info]   平移 XYZ: (-0.0307, -0.3070, 3.6846) m
[20:30:23.462] [debug] [ManualAdjust] 平移增量 dxyz=(0.0000, 0.0000, 0.0050)m
[20:30:23.462] [info] [ManualAdjust] 当前外参 [imu_0→cam_front]:
[20:30:23.462] [info]   旋转 RPY: (-2.3164, 0.3518, 1.0829) deg
[20:30:23.462] [info]   平移 XYZ: (-0.0307, -0.3070, 3.6896) m
[20:30:23.494] [debug] [ManualAdjust] 平移增量 dxyz=(0.0000, 0.0000, 0.0050)m
[20:30:23.494] [info] [ManualAdjust] 当前外参 [imu_0→cam_front]:
[20:30:23.494] [info]   旋转 RPY: (-2.3164, 0.3518, 1.0829) deg
[20:30:23.494] [info]   平移 XYZ: (-0.0307, -0.3070, 3.6946) m
[20:30:23.543] [debug] [ManualAdjust] 平移增量 dxyz=(0.0000, 0.0000, 0.0050)m
[20:30:23.543] [info] [ManualAdjust] 当前外参 [imu_0→cam_front]:
[20:30:23.543] [info]   旋转 RPY: (-2.3164, 0.3518, 1.0829) deg
[20:30:23.543] [info]   平移 XYZ: (-0.0307, -0.3070, 3.6996) m
[20:30:23.573] [debug] [ManualAdjust] 平移增量 dxyz=(0.0000, 0.0000, 0.0050)m
[20:30:23.573] [info] [ManualAdjust] 当前外参 [imu_0→cam_front]:
[20:30:23.573] [info]   旋转 RPY: (-2.3164, 0.3518, 1.0829) deg
[20:30:23.573] [info]   平移 XYZ: (-0.0307, -0.3070, 3.7046) m
[20:30:23.613] [debug] [ManualAdjust] 平移增量 dxyz=(0.0000, 0.0000, 0.0050)m
[20:30:23.613] [info] [ManualAdjust] 当前外参 [imu_0→cam_front]:
[20:30:23.613] [info]   旋转 RPY: (-2.3164, 0.3518, 1.0829) deg
[20:30:23.613] [info]   平移 XYZ: (-0.0307, -0.3070, 3.7096) m
[20:30:23.645] [debug] [ManualAdjust] 平移增量 dxyz=(0.0000, 0.0000, 0.0050)m
[20:30:23.645] [info] [ManualAdjust] 当前外参 [imu_0→cam_front]:
[20:30:23.645] [info]   旋转 RPY: (-2.3164, 0.3518, 1.0829) deg
[20:30:23.645] [info]   平移 XYZ: (-0.0307, -0.3070, 3.7146) m
[20:30:23.675] [debug] [ManualAdjust] 平移增量 dxyz=(0.0000, 0.0000, 0.0050)m
[20:30:23.675] [info] [ManualAdjust] 当前外参 [imu_0→cam_front]:
[20:30:23.675] [info]   旋转 RPY: (-2.3164, 0.3518, 1.0829) deg
[20:30:23.675] [info]   平移 XYZ: (-0.0307, -0.3070, 3.7196) m
[20:30:23.736] [debug] [ManualAdjust] 平移增量 dxyz=(0.0000, 0.0000, 0.0050)m
[20:30:23.736] [info] [ManualAdjust] 当前外参 [imu_0→cam_front]:
[20:30:23.736] [info]   旋转 RPY: (-2.3164, 0.3518, 1.0829) deg
[20:30:23.736] [info]   平移 XYZ: (-0.0307, -0.3070, 3.7246) m
[20:30:23.766] [debug] [ManualAdjust] 平移增量 dxyz=(0.0000, 0.0000, 0.0050)m
[20:30:23.766] [info] [ManualAdjust] 当前外参 [imu_0→cam_front]:
[20:30:23.766] [info]   旋转 RPY: (-2.3164, 0.3518, 1.0829) deg
[20:30:23.766] [info]   平移 XYZ: (-0.0307, -0.3070, 3.7296) m
[20:30:23.824] [debug] [ManualAdjust] 平移增量 dxyz=(0.0000, 0.0000, 0.0050)m
[20:30:23.824] [info] [ManualAdjust] 当前外参 [imu_0→cam_front]:
[20:30:23.824] [info]   旋转 RPY: (-2.3164, 0.3518, 1.0829) deg
[20:30:23.824] [info]   平移 XYZ: (-0.0307, -0.3070, 3.7346) m
[20:30:23.864] [debug] [ManualAdjust] 平移增量 dxyz=(0.0000, 0.0000, 0.0050)m
[20:30:23.864] [info] [ManualAdjust] 当前外参 [imu_0→cam_front]:
[20:30:23.864] [info]   旋转 RPY: (-2.3164, 0.3518, 1.0829) deg
[20:30:23.864] [info]   平移 XYZ: (-0.0307, -0.3070, 3.7396) m
[20:30:23.896] [debug] [ManualAdjust] 平移增量 dxyz=(0.0000, 0.0000, 0.0050)m
[20:30:23.896] [info] [ManualAdjust] 当前外参 [imu_0→cam_front]:
[20:30:23.896] [info]   旋转 RPY: (-2.3164, 0.3518, 1.0829) deg
[20:30:23.896] [info]   平移 XYZ: (-0.0307, -0.3070, 3.7446) m
[20:30:23.937] [debug] [ManualAdjust] 平移增量 dxyz=(0.0000, 0.0000, 0.0050)m
[20:30:23.937] [info] [ManualAdjust] 当前外参 [imu_0→cam_front]:
[20:30:23.937] [info]   旋转 RPY: (-2.3164, 0.3518, 1.0829) deg
[20:30:23.937] [info]   平移 XYZ: (-0.0307, -0.3070, 3.7496) m
[20:30:23.976] [debug] [ManualAdjust] 平移增量 dxyz=(0.0000, 0.0000, 0.0050)m
[20:30:23.976] [info] [ManualAdjust] 当前外参 [imu_0→cam_front]:
[20:30:23.976] [info]   旋转 RPY: (-2.3164, 0.3518, 1.0829) deg
[20:30:23.976] [info]   平移 XYZ: (-0.0307, -0.3070, 3.7546) m
[20:30:24.006] [debug] [ManualAdjust] 平移增量 dxyz=(0.0000, 0.0000, 0.0050)m
[20:30:24.006] [info] [ManualAdjust] 当前外参 [imu_0→cam_front]:
[20:30:24.006] [info]   旋转 RPY: (-2.3164, 0.3518, 1.0829) deg
[20:30:24.006] [info]   平移 XYZ: (-0.0307, -0.3070, 3.7596) m
[20:30:24.045] [debug] [ManualAdjust] 平移增量 dxyz=(0.0000, 0.0000, 0.0050)m
[20:30:24.045] [info] [ManualAdjust] 当前外参 [imu_0→cam_front]:
[20:30:24.045] [info]   旋转 RPY: (-2.3164, 0.3518, 1.0829) deg
[20:30:24.045] [info]   平移 XYZ: (-0.0307, -0.3070, 3.7646) m
[20:30:24.082] [debug] [ManualAdjust] 平移增量 dxyz=(0.0000, 0.0000, 0.0050)m
[20:30:24.082] [info] [ManualAdjust] 当前外参 [imu_0→cam_front]:
[20:30:24.082] [info]   旋转 RPY: (-2.3164, 0.3518, 1.0829) deg
[20:30:24.082] [info]   平移 XYZ: (-0.0307, -0.3070, 3.7696) m
[20:30:24.112] [debug] [ManualAdjust] 平移增量 dxyz=(0.0000, 0.0000, 0.0050)m
[20:30:24.112] [info] [ManualAdjust] 当前外参 [imu_0→cam_front]:
[20:30:24.112] [info]   旋转 RPY: (-2.3164, 0.3518, 1.0829) deg
[20:30:24.112] [info]   平移 XYZ: (-0.0307, -0.3070, 3.7746) m
[20:30:24.144] [debug] [ManualAdjust] 平移增量 dxyz=(0.0000, 0.0000, 0.0050)m
[20:30:24.144] [info] [ManualAdjust] 当前外参 [imu_0→cam_front]:
[20:30:24.144] [info]   旋转 RPY: (-2.3164, 0.3518, 1.0829) deg
[20:30:24.144] [info]   平移 XYZ: (-0.0307, -0.3070, 3.7796) m
[20:30:24.184] [debug] [ManualAdjust] 平移增量 dxyz=(0.0000, 0.0000, 0.0050)m
[20:30:24.184] [info] [ManualAdjust] 当前外参 [imu_0→cam_front]:
[20:30:24.184] [info]   旋转 RPY: (-2.3164, 0.3518, 1.0829) deg
[20:30:24.184] [info]   平移 XYZ: (-0.0307, -0.3070, 3.7846) m
[20:30:24.236] [debug] [ManualAdjust] 平移增量 dxyz=(0.0000, 0.0000, 0.0050)m
[20:30:24.236] [info] [ManualAdjust] 当前外参 [imu_0→cam_front]:
[20:30:24.236] [info]   旋转 RPY: (-2.3164, 0.3518, 1.0829) deg
[20:30:24.236] [info]   平移 XYZ: (-0.0307, -0.3070, 3.7896) m
[20:30:24.269] [debug] [ManualAdjust] 平移增量 dxyz=(0.0000, 0.0000, 0.0050)m
[20:30:24.269] [info] [ManualAdjust] 当前外参 [imu_0→cam_front]:
[20:30:24.269] [info]   旋转 RPY: (-2.3164, 0.3518, 1.0829) deg
[20:30:24.269] [info]   平移 XYZ: (-0.0307, -0.3070, 3.7946) m
[20:30:24.300] [debug] [ManualAdjust] 平移增量 dxyz=(0.0000, 0.0000, 0.0050)m
[20:30:24.300] [info] [ManualAdjust] 当前外参 [imu_0→cam_front]:
[20:30:24.300] [info]   旋转 RPY: (-2.3164, 0.3518, 1.0829) deg
[20:30:24.300] [info]   平移 XYZ: (-0.0307, -0.3070, 3.7996) m
[20:30:24.354] [debug] [ManualAdjust] 平移增量 dxyz=(0.0000, 0.0000, 0.0050)m
[20:30:24.354] [info] [ManualAdjust] 当前外参 [imu_0→cam_front]:
[20:30:24.354] [info]   旋转 RPY: (-2.3164, 0.3518, 1.0829) deg
[20:30:24.354] [info]   平移 XYZ: (-0.0307, -0.3070, 3.8046) m
[20:30:24.384] [debug] [ManualAdjust] 平移增量 dxyz=(0.0000, 0.0000, 0.0050)m
[20:30:24.384] [info] [ManualAdjust] 当前外参 [imu_0→cam_front]:
[20:30:24.384] [info]   旋转 RPY: (-2.3164, 0.3518, 1.0829) deg
[20:30:24.384] [info]   平移 XYZ: (-0.0307, -0.3070, 3.8096) m
[20:30:24.443] [debug] [ManualAdjust] 平移增量 dxyz=(0.0000, 0.0000, 0.0050)m
[20:30:24.443] [info] [ManualAdjust] 当前外参 [imu_0→cam_front]:
[20:30:24.443] [info]   旋转 RPY: (-2.3164, 0.3518, 1.0829) deg
[20:30:24.443] [info]   平移 XYZ: (-0.0307, -0.3070, 3.8146) m
[20:30:24.476] [debug] [ManualAdjust] 平移增量 dxyz=(0.0000, 0.0000, 0.0050)m
[20:30:24.476] [info] [ManualAdjust] 当前外参 [imu_0→cam_front]:
[20:30:24.476] [info]   旋转 RPY: (-2.3164, 0.3518, 1.0829) deg
[20:30:24.476] [info]   平移 XYZ: (-0.0307, -0.3070, 3.8196) m
[20:30:24.532] [debug] [ManualAdjust] 平移增量 dxyz=(0.0000, 0.0000, 0.0050)m
[20:30:24.533] [info] [ManualAdjust] 当前外参 [imu_0→cam_front]:
[20:30:24.533] [info]   旋转 RPY: (-2.3164, 0.3518, 1.0829) deg
[20:30:24.533] [info]   平移 XYZ: (-0.0307, -0.3070, 3.8246) m
[20:30:24.561] [debug] [ManualAdjust] 平移增量 dxyz=(0.0000, 0.0000, 0.0050)m
[20:30:24.561] [info] [ManualAdjust] 当前外参 [imu_0→cam_front]:
[20:30:24.561] [info]   旋转 RPY: (-2.3164, 0.3518, 1.0829) deg
[20:30:24.561] [info]   平移 XYZ: (-0.0307, -0.3070, 3.8296) m
[20:30:24.606] [debug] [ManualAdjust] 平移增量 dxyz=(0.0000, 0.0000, 0.0050)m
[20:30:24.606] [info] [ManualAdjust] 当前外参 [imu_0→cam_front]:
[20:30:24.606] [info]   旋转 RPY: (-2.3164, 0.3518, 1.0829) deg
[20:30:24.606] [info]   平移 XYZ: (-0.0307, -0.3070, 3.8346) m
[20:30:24.636] [debug] [ManualAdjust] 平移增量 dxyz=(0.0000, 0.0000, 0.0050)m
[20:30:24.636] [info] [ManualAdjust] 当前外参 [imu_0→cam_front]:
[20:30:24.636] [info]   旋转 RPY: (-2.3164, 0.3518, 1.0829) deg
[20:30:24.636] [info]   平移 XYZ: (-0.0307, -0.3070, 3.8396) m
[20:30:24.666] [debug] [ManualAdjust] 平移增量 dxyz=(0.0000, 0.0000, 0.0050)m
[20:30:24.666] [info] [ManualAdjust] 当前外参 [imu_0→cam_front]:
[20:30:24.666] [info]   旋转 RPY: (-2.3164, 0.3518, 1.0829) deg
[20:30:24.666] [info]   平移 XYZ: (-0.0307, -0.3070, 3.8446) m
[20:30:24.696] [debug] [ManualAdjust] 平移增量 dxyz=(0.0000, 0.0000, 0.0050)m
[20:30:24.696] [info] [ManualAdjust] 当前外参 [imu_0→cam_front]:
[20:30:24.696] [info]   旋转 RPY: (-2.3164, 0.3518, 1.0829) deg
[20:30:24.696] [info]   平移 XYZ: (-0.0307, -0.3070, 3.8496) m
[20:30:24.738] [debug] [ManualAdjust] 平移增量 dxyz=(0.0000, 0.0000, 0.0050)m
[20:30:24.738] [info] [ManualAdjust] 当前外参 [imu_0→cam_front]:
[20:30:24.738] [info]   旋转 RPY: (-2.3164, 0.3518, 1.0829) deg
[20:30:24.738] [info]   平移 XYZ: (-0.0307, -0.3070, 3.8546) m
[20:30:24.768] [debug] [ManualAdjust] 平移增量 dxyz=(0.0000, 0.0000, 0.0050)m
[20:30:24.768] [info] [ManualAdjust] 当前外参 [imu_0→cam_front]:
[20:30:24.768] [info]   旋转 RPY: (-2.3164, 0.3518, 1.0829) deg
[20:30:24.768] [info]   平移 XYZ: (-0.0307, -0.3070, 3.8596) m
[20:30:24.816] [debug] [ManualAdjust] 平移增量 dxyz=(0.0000, 0.0000, 0.0050)m
[20:30:24.816] [info] [ManualAdjust] 当前外参 [imu_0→cam_front]:
[20:30:24.816] [info]   旋转 RPY: (-2.3164, 0.3518, 1.0829) deg
[20:30:24.816] [info]   平移 XYZ: (-0.0307, -0.3070, 3.8646) m
[20:30:24.846] [debug] [ManualAdjust] 平移增量 dxyz=(0.0000, 0.0000, 0.0050)m
[20:30:24.846] [info] [ManualAdjust] 当前外参 [imu_0→cam_front]:
[20:30:24.846] [info]   旋转 RPY: (-2.3164, 0.3518, 1.0829) deg
[20:30:24.846] [info]   平移 XYZ: (-0.0307, -0.3070, 3.8696) m
[20:30:24.876] [debug] [ManualAdjust] 平移增量 dxyz=(0.0000, 0.0000, 0.0050)m
[20:30:24.876] [info] [ManualAdjust] 当前外参 [imu_0→cam_front]:
[20:30:24.876] [info]   旋转 RPY: (-2.3164, 0.3518, 1.0829) deg
[20:30:24.876] [info]   平移 XYZ: (-0.0307, -0.3070, 3.8746) m
[20:30:24.931] [debug] [ManualAdjust] 平移增量 dxyz=(0.0000, 0.0000, 0.0050)m
[20:30:24.931] [info] [ManualAdjust] 当前外参 [imu_0→cam_front]:
[20:30:24.931] [info]   旋转 RPY: (-2.3164, 0.3518, 1.0829) deg
[20:30:24.931] [info]   平移 XYZ: (-0.0307, -0.3070, 3.8796) m
[20:30:24.979] [debug] [ManualAdjust] 平移增量 dxyz=(0.0000, 0.0000, 0.0050)m
[20:30:24.979] [info] [ManualAdjust] 当前外参 [imu_0→cam_front]:
[20:30:24.979] [info]   旋转 RPY: (-2.3164, 0.3518, 1.0829) deg
[20:30:24.979] [info]   平移 XYZ: (-0.0307, -0.3070, 3.8846) m
[20:30:25.015] [debug] [ManualAdjust] 平移增量 dxyz=(0.0000, 0.0000, 0.0050)m
[20:30:25.015] [info] [ManualAdjust] 当前外参 [imu_0→cam_front]:
[20:30:25.015] [info]   旋转 RPY: (-2.3164, 0.3518, 1.0829) deg
[20:30:25.015] [info]   平移 XYZ: (-0.0307, -0.3070, 3.8896) m
[20:30:25.064] [debug] [ManualAdjust] 平移增量 dxyz=(0.0000, 0.0000, 0.0050)m
[20:30:25.064] [info] [ManualAdjust] 当前外参 [imu_0→cam_front]:
[20:30:25.064] [info]   旋转 RPY: (-2.3164, 0.3518, 1.0829) deg
[20:30:25.064] [info]   平移 XYZ: (-0.0307, -0.3070, 3.8946) m
[20:30:25.098] [debug] [ManualAdjust] 平移增量 dxyz=(0.0000, 0.0000, 0.0050)m
[20:30:25.098] [info] [ManualAdjust] 当前外参 [imu_0→cam_front]:
[20:30:25.098] [info]   旋转 RPY: (-2.3164, 0.3518, 1.0829) deg
[20:30:25.098] [info]   平移 XYZ: (-0.0307, -0.3070, 3.8996) m
[20:30:25.128] [debug] [ManualAdjust] 平移增量 dxyz=(0.0000, 0.0000, 0.0050)m
[20:30:25.128] [info] [ManualAdjust] 当前外参 [imu_0→cam_front]:
[20:30:25.128] [info]   旋转 RPY: (-2.3164, 0.3518, 1.0829) deg
[20:30:25.128] [info]   平移 XYZ: (-0.0307, -0.3070, 3.9046) m
[20:30:25.182] [debug] [ManualAdjust] 平移增量 dxyz=(0.0000, 0.0000, 0.0050)m
[20:30:25.182] [info] [ManualAdjust] 当前外参 [imu_0→cam_front]:
[20:30:25.182] [info]   旋转 RPY: (-2.3164, 0.3518, 1.0829) deg
[20:30:25.182] [info]   平移 XYZ: (-0.0307, -0.3070, 3.9096) m
[20:30:25.212] [debug] [ManualAdjust] 平移增量 dxyz=(0.0000, 0.0000, 0.0050)m
[20:30:25.212] [info] [ManualAdjust] 当前外参 [imu_0→cam_front]:
[20:30:25.212] [info]   旋转 RPY: (-2.3164, 0.3518, 1.0829) deg
[20:30:25.212] [info]   平移 XYZ: (-0.0307, -0.3070, 3.9146) m
[20:30:25.264] [debug] [ManualAdjust] 平移增量 dxyz=(0.0000, 0.0000, 0.0050)m
[20:30:25.264] [info] [ManualAdjust] 当前外参 [imu_0→cam_front]:
[20:30:25.264] [info]   旋转 RPY: (-2.3164, 0.3518, 1.0829) deg
[20:30:25.264] [info]   平移 XYZ: (-0.0307, -0.3070, 3.9196) m
[20:30:25.304] [debug] [ManualAdjust] 平移增量 dxyz=(0.0000, 0.0000, 0.0050)m
[20:30:25.304] [info] [ManualAdjust] 当前外参 [imu_0→cam_front]:
[20:30:25.304] [info]   旋转 RPY: (-2.3164, 0.3518, 1.0829) deg
[20:30:25.304] [info]   平移 XYZ: (-0.0307, -0.3070, 3.9246) m
[20:30:25.357] [debug] [ManualAdjust] 平移增量 dxyz=(0.0000, 0.0000, 0.0050)m
[20:30:25.357] [info] [ManualAdjust] 当前外参 [imu_0→cam_front]:
[20:30:25.357] [info]   旋转 RPY: (-2.3164, 0.3518, 1.0829) deg
[20:30:25.357] [info]   平移 XYZ: (-0.0307, -0.3070, 3.9296) m
[20:30:25.387] [debug] [ManualAdjust] 平移增量 dxyz=(0.0000, 0.0000, 0.0050)m
[20:30:25.387] [info] [ManualAdjust] 当前外参 [imu_0→cam_front]:
[20:30:25.387] [info]   旋转 RPY: (-2.3164, 0.3518, 1.0829) deg
[20:30:25.387] [info]   平移 XYZ: (-0.0307, -0.3070, 3.9346) m
[20:30:25.417] [debug] [ManualAdjust] 平移增量 dxyz=(0.0000, 0.0000, 0.0050)m
[20:30:25.417] [info] [ManualAdjust] 当前外参 [imu_0→cam_front]:
[20:30:25.417] [info]   旋转 RPY: (-2.3164, 0.3518, 1.0829) deg
[20:30:25.417] [info]   平移 XYZ: (-0.0307, -0.3070, 3.9396) m
[20:30:25.447] [debug] [ManualAdjust] 平移增量 dxyz=(0.0000, 0.0000, 0.0050)m
[20:30:25.447] [info] [ManualAdjust] 当前外参 [imu_0→cam_front]:
[20:30:25.447] [info]   旋转 RPY: (-2.3164, 0.3518, 1.0829) deg
[20:30:25.447] [info]   平移 XYZ: (-0.0307, -0.3070, 3.9446) m
[20:30:25.483] [debug] [ManualAdjust] 平移增量 dxyz=(0.0000, 0.0000, 0.0050)m
[20:30:25.483] [info] [ManualAdjust] 当前外参 [imu_0→cam_front]:
[20:30:25.483] [info]   旋转 RPY: (-2.3164, 0.3518, 1.0829) deg
[20:30:25.483] [info]   平移 XYZ: (-0.0307, -0.3070, 3.9496) m
[20:30:25.514] [debug] [ManualAdjust] 平移增量 dxyz=(0.0000, 0.0000, 0.0050)m
[20:30:25.514] [info] [ManualAdjust] 当前外参 [imu_0→cam_front]:
[20:30:25.514] [info]   旋转 RPY: (-2.3164, 0.3518, 1.0829) deg
[20:30:25.514] [info]   平移 XYZ: (-0.0307, -0.3070, 3.9546) m
[20:30:25.572] [debug] [ManualAdjust] 平移增量 dxyz=(0.0000, 0.0000, 0.0050)m
[20:30:25.572] [info] [ManualAdjust] 当前外参 [imu_0→cam_front]:
[20:30:25.572] [info]   旋转 RPY: (-2.3164, 0.3518, 1.0829) deg
[20:30:25.572] [info]   平移 XYZ: (-0.0307, -0.3070, 3.9596) m
[20:30:25.602] [debug] [ManualAdjust] 平移增量 dxyz=(0.0000, 0.0000, 0.0050)m
[20:30:25.602] [info] [ManualAdjust] 当前外参 [imu_0→cam_front]:
[20:30:25.602] [info]   旋转 RPY: (-2.3164, 0.3518, 1.0829) deg
[20:30:25.602] [info]   平移 XYZ: (-0.0307, -0.3070, 3.9646) m
[20:30:25.638] [debug] [ManualAdjust] 平移增量 dxyz=(0.0000, 0.0000, 0.0050)m
[20:30:25.638] [info] [ManualAdjust] 当前外参 [imu_0→cam_front]:
[20:30:25.638] [info]   旋转 RPY: (-2.3164, 0.3518, 1.0829) deg
[20:30:25.638] [info]   平移 XYZ: (-0.0307, -0.3070, 3.9696) m
[20:30:25.680] [debug] [ManualAdjust] 平移增量 dxyz=(0.0000, 0.0000, 0.0050)m
[20:30:25.680] [info] [ManualAdjust] 当前外参 [imu_0→cam_front]:
[20:30:25.680] [info]   旋转 RPY: (-2.3164, 0.3518, 1.0829) deg
[20:30:25.680] [info]   平移 XYZ: (-0.0307, -0.3070, 3.9746) m
[20:30:25.710] [debug] [ManualAdjust] 平移增量 dxyz=(0.0000, 0.0000, 0.0050)m
[20:30:25.710] [info] [ManualAdjust] 当前外参 [imu_0→cam_front]:
[20:30:25.710] [info]   旋转 RPY: (-2.3164, 0.3518, 1.0829) deg
[20:30:25.710] [info]   平移 XYZ: (-0.0307, -0.3070, 3.9796) m
[20:30:25.765] [debug] [ManualAdjust] 平移增量 dxyz=(0.0000, 0.0000, 0.0050)m
[20:30:25.765] [info] [ManualAdjust] 当前外参 [imu_0→cam_front]:
[20:30:25.765] [info]   旋转 RPY: (-2.3164, 0.3518, 1.0829) deg
[20:30:25.765] [info]   平移 XYZ: (-0.0307, -0.3070, 3.9846) m
[20:30:25.799] [debug] [ManualAdjust] 平移增量 dxyz=(0.0000, 0.0000, 0.0050)m
[20:30:25.799] [info] [ManualAdjust] 当前外参 [imu_0→cam_front]:
[20:30:25.799] [info]   旋转 RPY: (-2.3164, 0.3518, 1.0829) deg
[20:30:25.799] [info]   平移 XYZ: (-0.0307, -0.3070, 3.9896) m
[20:30:25.825] [debug] [ManualAdjust] 平移增量 dxyz=(0.0000, 0.0000, 0.0050)m
[20:30:25.825] [info] [ManualAdjust] 当前外参 [imu_0→cam_front]:
[20:30:25.825] [info]   旋转 RPY: (-2.3164, 0.3518, 1.0829) deg
[20:30:25.825] [info]   平移 XYZ: (-0.0307, -0.3070, 3.9946) m
[20:30:25.859] [debug] [ManualAdjust] 平移增量 dxyz=(0.0000, 0.0000, 0.0050)m
[20:30:25.859] [info] [ManualAdjust] 当前外参 [imu_0→cam_front]:
[20:30:25.859] [info]   旋转 RPY: (-2.3164, 0.3518, 1.0829) deg
[20:30:25.859] [info]   平移 XYZ: (-0.0307, -0.3070, 3.9996) m
[20:30:25.895] [debug] [ManualAdjust] 平移增量 dxyz=(0.0000, 0.0000, 0.0050)m
[20:30:25.895] [info] [ManualAdjust] 当前外参 [imu_0→cam_front]:
[20:30:25.896] [info]   旋转 RPY: (-2.3164, 0.3518, 1.0829) deg
[20:30:25.896] [info]   平移 XYZ: (-0.0307, -0.3070, 4.0046) m
[20:30:25.929] [debug] [ManualAdjust] 平移增量 dxyz=(0.0000, 0.0000, 0.0050)m
[20:30:25.929] [info] [ManualAdjust] 当前外参 [imu_0→cam_front]:
[20:30:25.929] [info]   旋转 RPY: (-2.3164, 0.3518, 1.0829) deg
[20:30:25.929] [info]   平移 XYZ: (-0.0307, -0.3070, 4.0096) m
[20:30:25.960] [debug] [ManualAdjust] 平移增量 dxyz=(0.0000, 0.0000, 0.0050)m
[20:30:25.960] [info] [ManualAdjust] 当前外参 [imu_0→cam_front]:
[20:30:25.960] [info]   旋转 RPY: (-2.3164, 0.3518, 1.0829) deg
[20:30:25.960] [info]   平移 XYZ: (-0.0307, -0.3070, 4.0146) m
[20:30:26.019] [debug] [ManualAdjust] 平移增量 dxyz=(0.0000, 0.0000, 0.0050)m
[20:30:26.019] [info] [ManualAdjust] 当前外参 [imu_0→cam_front]:
[20:30:26.019] [info]   旋转 RPY: (-2.3164, 0.3518, 1.0829) deg
[20:30:26.019] [info]   平移 XYZ: (-0.0307, -0.3070, 4.0196) m
[20:30:26.064] [debug] [ManualAdjust] 平移增量 dxyz=(0.0000, 0.0000, 0.0050)m
[20:30:26.064] [info] [ManualAdjust] 当前外参 [imu_0→cam_front]:
[20:30:26.064] [info]   旋转 RPY: (-2.3164, 0.3518, 1.0829) deg
[20:30:26.064] [info]   平移 XYZ: (-0.0307, -0.3070, 4.0246) m
[20:30:26.091] [debug] [ManualAdjust] 平移增量 dxyz=(0.0000, 0.0000, 0.0050)m
[20:30:26.091] [info] [ManualAdjust] 当前外参 [imu_0→cam_front]:
[20:30:26.091] [info]   旋转 RPY: (-2.3164, 0.3518, 1.0829) deg
[20:30:26.091] [info]   平移 XYZ: (-0.0307, -0.3070, 4.0296) m
[20:30:26.142] [debug] [ManualAdjust] 平移增量 dxyz=(0.0000, 0.0000, 0.0050)m
[20:30:26.142] [info] [ManualAdjust] 当前外参 [imu_0→cam_front]:
[20:30:26.142] [info]   旋转 RPY: (-2.3164, 0.3518, 1.0829) deg
[20:30:26.142] [info]   平移 XYZ: (-0.0307, -0.3070, 4.0346) m
[20:30:26.175] [debug] [ManualAdjust] 平移增量 dxyz=(0.0000, 0.0000, 0.0050)m
[20:30:26.175] [info] [ManualAdjust] 当前外参 [imu_0→cam_front]:
[20:30:26.175] [info]   旋转 RPY: (-2.3164, 0.3518, 1.0829) deg
[20:30:26.175] [info]   平移 XYZ: (-0.0307, -0.3070, 4.0396) m
[20:30:26.219] [debug] [ManualAdjust] 平移增量 dxyz=(0.0000, 0.0000, 0.0050)m
[20:30:26.219] [info] [ManualAdjust] 当前外参 [imu_0→cam_front]:
[20:30:26.219] [info]   旋转 RPY: (-2.3164, 0.3518, 1.0829) deg
[20:30:26.219] [info]   平移 XYZ: (-0.0307, -0.3070, 4.0446) m
[20:30:26.248] [debug] [ManualAdjust] 平移增量 dxyz=(0.0000, 0.0000, 0.0050)m
[20:30:26.248] [info] [ManualAdjust] 当前外参 [imu_0→cam_front]:
[20:30:26.248] [info]   旋转 RPY: (-2.3164, 0.3518, 1.0829) deg
[20:30:26.248] [info]   平移 XYZ: (-0.0307, -0.3070, 4.0496) m
[20:30:26.278] [debug] [ManualAdjust] 平移增量 dxyz=(0.0000, 0.0000, 0.0050)m
[20:30:26.278] [info] [ManualAdjust] 当前外参 [imu_0→cam_front]:
[20:30:26.278] [info]   旋转 RPY: (-2.3164, 0.3518, 1.0829) deg
[20:30:26.278] [info]   平移 XYZ: (-0.0307, -0.3070, 4.0546) m
[20:30:26.338] [debug] [ManualAdjust] 平移增量 dxyz=(0.0000, 0.0000, 0.0050)m
[20:30:26.338] [info] [ManualAdjust] 当前外参 [imu_0→cam_front]:
[20:30:26.338] [info]   旋转 RPY: (-2.3164, 0.3518, 1.0829) deg
[20:30:26.338] [info]   平移 XYZ: (-0.0307, -0.3070, 4.0596) m
[20:30:26.381] [debug] [ManualAdjust] 平移增量 dxyz=(0.0000, 0.0000, 0.0050)m
[20:30:26.381] [info] [ManualAdjust] 当前外参 [imu_0→cam_front]:
[20:30:26.381] [info]   旋转 RPY: (-2.3164, 0.3518, 1.0829) deg
[20:30:26.381] [info]   平移 XYZ: (-0.0307, -0.3070, 4.0646) m
[20:30:26.416] [debug] [ManualAdjust] 平移增量 dxyz=(0.0000, 0.0000, 0.0050)m
[20:30:26.416] [info] [ManualAdjust] 当前外参 [imu_0→cam_front]:
[20:30:26.416] [info]   旋转 RPY: (-2.3164, 0.3518, 1.0829) deg
[20:30:26.416] [info]   平移 XYZ: (-0.0307, -0.3070, 4.0696) m
[20:30:26.446] [debug] [ManualAdjust] 平移增量 dxyz=(0.0000, 0.0000, 0.0050)m
[20:30:26.446] [info] [ManualAdjust] 当前外参 [imu_0→cam_front]:
[20:30:26.446] [info]   旋转 RPY: (-2.3164, 0.3518, 1.0829) deg
[20:30:26.446] [info]   平移 XYZ: (-0.0307, -0.3070, 4.0746) m
[20:30:26.477] [debug] [ManualAdjust] 平移增量 dxyz=(0.0000, 0.0000, 0.0050)m
[20:30:26.477] [info] [ManualAdjust] 当前外参 [imu_0→cam_front]:
[20:30:26.477] [info]   旋转 RPY: (-2.3164, 0.3518, 1.0829) deg
[20:30:26.477] [info]   平移 XYZ: (-0.0307, -0.3070, 4.0796) m
[20:30:26.509] [debug] [ManualAdjust] 平移增量 dxyz=(0.0000, 0.0000, 0.0050)m
[20:30:26.509] [info] [ManualAdjust] 当前外参 [imu_0→cam_front]:
[20:30:26.509] [info]   旋转 RPY: (-2.3164, 0.3518, 1.0829) deg
[20:30:26.509] [info]   平移 XYZ: (-0.0307, -0.3070, 4.0846) m
[20:30:26.549] [debug] [ManualAdjust] 平移增量 dxyz=(0.0000, 0.0000, 0.0050)m
[20:30:26.549] [info] [ManualAdjust] 当前外参 [imu_0→cam_front]:
[20:30:26.549] [info]   旋转 RPY: (-2.3164, 0.3518, 1.0829) deg
[20:30:26.549] [info]   平移 XYZ: (-0.0307, -0.3070, 4.0896) m
[20:30:26.580] [debug] [ManualAdjust] 平移增量 dxyz=(0.0000, 0.0000, 0.0050)m
[20:30:26.580] [info] [ManualAdjust] 当前外参 [imu_0→cam_front]:
[20:30:26.580] [info]   旋转 RPY: (-2.3164, 0.3518, 1.0829) deg
[20:30:26.580] [info]   平移 XYZ: (-0.0307, -0.3070, 4.0946) m
[20:30:26.610] [debug] [ManualAdjust] 平移增量 dxyz=(0.0000, 0.0000, 0.0050)m
[20:30:26.610] [info] [ManualAdjust] 当前外参 [imu_0→cam_front]:
[20:30:26.610] [info]   旋转 RPY: (-2.3164, 0.3518, 1.0829) deg
[20:30:26.610] [info]   平移 XYZ: (-0.0307, -0.3070, 4.0996) m
[20:30:26.664] [debug] [ManualAdjust] 平移增量 dxyz=(0.0000, 0.0000, 0.0050)m
[20:30:26.664] [info] [ManualAdjust] 当前外参 [imu_0→cam_front]:
[20:30:26.664] [info]   旋转 RPY: (-2.3164, 0.3518, 1.0829) deg
[20:30:26.664] [info]   平移 XYZ: (-0.0307, -0.3070, 4.1046) m
[20:30:26.695] [debug] [ManualAdjust] 平移增量 dxyz=(0.0000, 0.0000, 0.0050)m
[20:30:26.695] [info] [ManualAdjust] 当前外参 [imu_0→cam_front]:
[20:30:26.695] [info]   旋转 RPY: (-2.3164, 0.3518, 1.0829) deg
[20:30:26.695] [info]   平移 XYZ: (-0.0307, -0.3070, 4.1096) m
[20:30:26.750] [debug] [ManualAdjust] 平移增量 dxyz=(0.0000, 0.0000, 0.0050)m
[20:30:26.750] [info] [ManualAdjust] 当前外参 [imu_0→cam_front]:
[20:30:26.750] [info]   旋转 RPY: (-2.3164, 0.3518, 1.0829) deg
[20:30:26.750] [info]   平移 XYZ: (-0.0307, -0.3070, 4.1146) m
[20:30:26.792] [debug] [ManualAdjust] 平移增量 dxyz=(0.0000, 0.0000, 0.0050)m
[20:30:26.792] [info] [ManualAdjust] 当前外参 [imu_0→cam_front]:
[20:30:26.792] [info]   旋转 RPY: (-2.3164, 0.3518, 1.0829) deg
[20:30:26.792] [info]   平移 XYZ: (-0.0307, -0.3070, 4.1196) m
[20:30:26.836] [debug] [ManualAdjust] 平移增量 dxyz=(0.0000, 0.0000, 0.0050)m
[20:30:26.836] [info] [ManualAdjust] 当前外参 [imu_0→cam_front]:
[20:30:26.836] [info]   旋转 RPY: (-2.3164, 0.3518, 1.0829) deg
[20:30:26.836] [info]   平移 XYZ: (-0.0307, -0.3070, 4.1246) m
[20:30:26.866] [debug] [ManualAdjust] 平移增量 dxyz=(0.0000, 0.0000, 0.0050)m
[20:30:26.866] [info] [ManualAdjust] 当前外参 [imu_0→cam_front]:
[20:30:26.866] [info]   旋转 RPY: (-2.3164, 0.3518, 1.0829) deg
[20:30:26.866] [info]   平移 XYZ: (-0.0307, -0.3070, 4.1296) m
[20:30:26.908] [debug] [ManualAdjust] 平移增量 dxyz=(0.0000, 0.0000, 0.0050)m
[20:30:26.908] [info] [ManualAdjust] 当前外参 [imu_0→cam_front]:
[20:30:26.908] [info]   旋转 RPY: (-2.3164, 0.3518, 1.0829) deg
[20:30:26.908] [info]   平移 XYZ: (-0.0307, -0.3070, 4.1346) m
[20:30:26.940] [debug] [ManualAdjust] 平移增量 dxyz=(0.0000, 0.0000, 0.0050)m
[20:30:26.940] [info] [ManualAdjust] 当前外参 [imu_0→cam_front]:
[20:30:26.940] [info]   旋转 RPY: (-2.3164, 0.3518, 1.0829) deg
[20:30:26.940] [info]   平移 XYZ: (-0.0307, -0.3070, 4.1396) m
[20:30:26.970] [debug] [ManualAdjust] 平移增量 dxyz=(0.0000, 0.0000, 0.0050)m
[20:30:26.970] [info] [ManualAdjust] 当前外参 [imu_0→cam_front]:
[20:30:26.970] [info]   旋转 RPY: (-2.3164, 0.3518, 1.0829) deg
[20:30:26.970] [info]   平移 XYZ: (-0.0307, -0.3070, 4.1446) m
[20:30:27.021] [debug] [ManualAdjust] 平移增量 dxyz=(0.0000, 0.0000, 0.0050)m
[20:30:27.021] [info] [ManualAdjust] 当前外参 [imu_0→cam_front]:
[20:30:27.021] [info]   旋转 RPY: (-2.3164, 0.3518, 1.0829) deg
[20:30:27.021] [info]   平移 XYZ: (-0.0307, -0.3070, 4.1496) m
[20:30:27.051] [debug] [ManualAdjust] 平移增量 dxyz=(0.0000, 0.0000, 0.0050)m
[20:30:27.051] [info] [ManualAdjust] 当前外参 [imu_0→cam_front]:
[20:30:27.051] [info]   旋转 RPY: (-2.3164, 0.3518, 1.0829) deg
[20:30:27.051] [info]   平移 XYZ: (-0.0307, -0.3070, 4.1546) m
[20:30:27.082] [debug] [ManualAdjust] 平移增量 dxyz=(0.0000, 0.0000, 0.0050)m
[20:30:27.082] [info] [ManualAdjust] 当前外参 [imu_0→cam_front]:
[20:30:27.082] [info]   旋转 RPY: (-2.3164, 0.3518, 1.0829) deg
[20:30:27.082] [info]   平移 XYZ: (-0.0307, -0.3070, 4.1596) m
[20:30:27.113] [debug] [ManualAdjust] 平移增量 dxyz=(0.0000, 0.0000, 0.0050)m
[20:30:27.113] [info] [ManualAdjust] 当前外参 [imu_0→cam_front]:
[20:30:27.113] [info]   旋转 RPY: (-2.3164, 0.3518, 1.0829) deg
[20:30:27.113] [info]   平移 XYZ: (-0.0307, -0.3070, 4.1646) m
[20:30:27.160] [debug] [ManualAdjust] 平移增量 dxyz=(0.0000, 0.0000, 0.0050)m
[20:30:27.160] [info] [ManualAdjust] 当前外参 [imu_0→cam_front]:
[20:30:27.160] [info]   旋转 RPY: (-2.3164, 0.3518, 1.0829) deg
[20:30:27.160] [info]   平移 XYZ: (-0.0307, -0.3070, 4.1696) m
[20:30:27.188] [debug] [ManualAdjust] 平移增量 dxyz=(0.0000, 0.0000, 0.0050)m
[20:30:27.188] [info] [ManualAdjust] 当前外参 [imu_0→cam_front]:
[20:30:27.188] [info]   旋转 RPY: (-2.3164, 0.3518, 1.0829) deg
[20:30:27.188] [info]   平移 XYZ: (-0.0307, -0.3070, 4.1746) m
[20:30:27.219] [debug] [ManualAdjust] 平移增量 dxyz=(0.0000, 0.0000, 0.0050)m
[20:30:27.219] [info] [ManualAdjust] 当前外参 [imu_0→cam_front]:
[20:30:27.219] [info]   旋转 RPY: (-2.3164, 0.3518, 1.0829) deg
[20:30:27.219] [info]   平移 XYZ: (-0.0307, -0.3070, 4.1796) m
[20:30:27.274] [debug] [ManualAdjust] 平移增量 dxyz=(0.0000, 0.0000, 0.0050)m
[20:30:27.274] [info] [ManualAdjust] 当前外参 [imu_0→cam_front]:
[20:30:27.274] [info]   旋转 RPY: (-2.3164, 0.3518, 1.0829) deg
[20:30:27.274] [info]   平移 XYZ: (-0.0307, -0.3070, 4.1846) m
[20:30:27.304] [debug] [ManualAdjust] 平移增量 dxyz=(0.0000, 0.0000, 0.0050)m
[20:30:27.304] [info] [ManualAdjust] 当前外参 [imu_0→cam_front]:
[20:30:27.304] [info]   旋转 RPY: (-2.3164, 0.3518, 1.0829) deg
[20:30:27.304] [info]   平移 XYZ: (-0.0307, -0.3070, 4.1896) m
[20:30:27.346] [debug] [ManualAdjust] 平移增量 dxyz=(0.0000, 0.0000, 0.0050)m
[20:30:27.346] [info] [ManualAdjust] 当前外参 [imu_0→cam_front]:
[20:30:27.346] [info]   旋转 RPY: (-2.3164, 0.3518, 1.0829) deg
[20:30:27.346] [info]   平移 XYZ: (-0.0307, -0.3070, 4.1946) m
[20:30:27.385] [debug] [ManualAdjust] 平移增量 dxyz=(0.0000, 0.0000, 0.0050)m
[20:30:27.385] [info] [ManualAdjust] 当前外参 [imu_0→cam_front]:
[20:30:27.385] [info]   旋转 RPY: (-2.3164, 0.3518, 1.0829) deg
[20:30:27.385] [info]   平移 XYZ: (-0.0307, -0.3070, 4.1996) m
[20:30:27.429] [debug] [ManualAdjust] 平移增量 dxyz=(0.0000, 0.0000, 0.0050)m
[20:30:27.429] [info] [ManualAdjust] 当前外参 [imu_0→cam_front]:
[20:30:27.429] [info]   旋转 RPY: (-2.3164, 0.3518, 1.0829) deg
[20:30:27.429] [info]   平移 XYZ: (-0.0307, -0.3070, 4.2046) m
[20:30:27.465] [debug] [ManualAdjust] 平移增量 dxyz=(0.0000, 0.0000, 0.0050)m
[20:30:27.465] [info] [ManualAdjust] 当前外参 [imu_0→cam_front]:
[20:30:27.465] [info]   旋转 RPY: (-2.3164, 0.3518, 1.0829) deg
[20:30:27.465] [info]   平移 XYZ: (-0.0307, -0.3070, 4.2096) m
[20:30:27.508] [debug] [ManualAdjust] 平移增量 dxyz=(0.0000, 0.0000, 0.0050)m
[20:30:27.508] [info] [ManualAdjust] 当前外参 [imu_0→cam_front]:
[20:30:27.508] [info]   旋转 RPY: (-2.3164, 0.3518, 1.0829) deg
[20:30:27.508] [info]   平移 XYZ: (-0.0307, -0.3070, 4.2146) m
[20:30:27.549] [debug] [ManualAdjust] 平移增量 dxyz=(0.0000, 0.0000, 0.0050)m
[20:30:27.549] [info] [ManualAdjust] 当前外参 [imu_0→cam_front]:
[20:30:27.549] [info]   旋转 RPY: (-2.3164, 0.3518, 1.0829) deg
[20:30:27.549] [info]   平移 XYZ: (-0.0307, -0.3070, 4.2196) m
[20:30:27.580] [debug] [ManualAdjust] 平移增量 dxyz=(0.0000, 0.0000, 0.0050)m
[20:30:27.580] [info] [ManualAdjust] 当前外参 [imu_0→cam_front]:
[20:30:27.580] [info]   旋转 RPY: (-2.3164, 0.3518, 1.0829) deg
[20:30:27.580] [info]   平移 XYZ: (-0.0307, -0.3070, 4.2246) m
[20:30:27.644] [debug] [ManualAdjust] 平移增量 dxyz=(0.0000, 0.0000, 0.0050)m
[20:30:27.644] [info] [ManualAdjust] 当前外参 [imu_0→cam_front]:
[20:30:27.644] [info]   旋转 RPY: (-2.3164, 0.3518, 1.0829) deg
[20:30:27.644] [info]   平移 XYZ: (-0.0307, -0.3070, 4.2296) m
[20:30:27.675] [debug] [ManualAdjust] 平移增量 dxyz=(0.0000, 0.0000, 0.0050)m
[20:30:27.675] [info] [ManualAdjust] 当前外参 [imu_0→cam_front]:
[20:30:27.675] [info]   旋转 RPY: (-2.3164, 0.3518, 1.0829) deg
[20:30:27.675] [info]   平移 XYZ: (-0.0307, -0.3070, 4.2346) m
[20:30:27.737] [debug] [ManualAdjust] 平移增量 dxyz=(0.0000, 0.0000, 0.0050)m
[20:30:27.737] [info] [ManualAdjust] 当前外参 [imu_0→cam_front]:
[20:30:27.737] [info]   旋转 RPY: (-2.3164, 0.3518, 1.0829) deg
[20:30:27.737] [info]   平移 XYZ: (-0.0307, -0.3070, 4.2396) m
[20:30:27.779] [debug] [ManualAdjust] 平移增量 dxyz=(0.0000, 0.0000, 0.0050)m
[20:30:27.779] [info] [ManualAdjust] 当前外参 [imu_0→cam_front]:
[20:30:27.779] [info]   旋转 RPY: (-2.3164, 0.3518, 1.0829) deg
[20:30:27.779] [info]   平移 XYZ: (-0.0307, -0.3070, 4.2446) m
[20:30:27.812] [debug] [ManualAdjust] 平移增量 dxyz=(0.0000, 0.0000, 0.0050)m
[20:30:27.812] [info] [ManualAdjust] 当前外参 [imu_0→cam_front]:
[20:30:27.812] [info]   旋转 RPY: (-2.3164, 0.3518, 1.0829) deg
[20:30:27.812] [info]   平移 XYZ: (-0.0307, -0.3070, 4.2496) m
[20:30:27.842] [debug] [ManualAdjust] 平移增量 dxyz=(0.0000, 0.0000, 0.0050)m
[20:30:27.842] [info] [ManualAdjust] 当前外参 [imu_0→cam_front]:
[20:30:27.842] [info]   旋转 RPY: (-2.3164, 0.3518, 1.0829) deg
[20:30:27.842] [info]   平移 XYZ: (-0.0307, -0.3070, 4.2546) m
[20:30:27.882] [debug] [ManualAdjust] 平移增量 dxyz=(0.0000, 0.0000, 0.0050)m
[20:30:27.882] [info] [ManualAdjust] 当前外参 [imu_0→cam_front]:
[20:30:27.882] [info]   旋转 RPY: (-2.3164, 0.3518, 1.0829) deg
[20:30:27.882] [info]   平移 XYZ: (-0.0307, -0.3070, 4.2596) m
[20:30:27.908] [debug] [ManualAdjust] 平移增量 dxyz=(0.0000, 0.0000, 0.0050)m
[20:30:27.908] [info] [ManualAdjust] 当前外参 [imu_0→cam_front]:
[20:30:27.908] [info]   旋转 RPY: (-2.3164, 0.3518, 1.0829) deg
[20:30:27.908] [info]   平移 XYZ: (-0.0307, -0.3070, 4.2646) m
[20:30:27.939] [debug] [ManualAdjust] 平移增量 dxyz=(0.0000, 0.0000, 0.0050)m
[20:30:27.939] [info] [ManualAdjust] 当前外参 [imu_0→cam_front]:
[20:30:27.939] [info]   旋转 RPY: (-2.3164, 0.3518, 1.0829) deg
[20:30:27.939] [info]   平移 XYZ: (-0.0307, -0.3070, 4.2696) m
[20:30:27.979] [debug] [ManualAdjust] 平移增量 dxyz=(0.0000, 0.0000, 0.0050)m
[20:30:27.979] [info] [ManualAdjust] 当前外参 [imu_0→cam_front]:
[20:30:27.979] [info]   旋转 RPY: (-2.3164, 0.3518, 1.0829) deg
[20:30:27.979] [info]   平移 XYZ: (-0.0307, -0.3070, 4.2746) m
[20:30:28.011] [debug] [ManualAdjust] 平移增量 dxyz=(0.0000, 0.0000, 0.0050)m
[20:30:28.011] [info] [ManualAdjust] 当前外参 [imu_0→cam_front]:
[20:30:28.011] [info]   旋转 RPY: (-2.3164, 0.3518, 1.0829) deg
[20:30:28.011] [info]   平移 XYZ: (-0.0307, -0.3070, 4.2796) m
[20:30:28.041] [debug] [ManualAdjust] 平移增量 dxyz=(0.0000, 0.0000, 0.0050)m
[20:30:28.041] [info] [ManualAdjust] 当前外参 [imu_0→cam_front]:
[20:30:28.041] [info]   旋转 RPY: (-2.3164, 0.3518, 1.0829) deg
[20:30:28.041] [info]   平移 XYZ: (-0.0307, -0.3070, 4.2846) m
[20:30:28.073] [debug] [ManualAdjust] 平移增量 dxyz=(0.0000, 0.0000, 0.0050)m
[20:30:28.073] [info] [ManualAdjust] 当前外参 [imu_0→cam_front]:
[20:30:28.073] [info]   旋转 RPY: (-2.3164, 0.3518, 1.0829) deg
[20:30:28.073] [info]   平移 XYZ: (-0.0307, -0.3070, 4.2896) m
[20:30:28.109] [debug] [ManualAdjust] 平移增量 dxyz=(0.0000, 0.0000, 0.0050)m
[20:30:28.109] [info] [ManualAdjust] 当前外参 [imu_0→cam_front]:
[20:30:28.109] [info]   旋转 RPY: (-2.3164, 0.3518, 1.0829) deg
[20:30:28.109] [info]   平移 XYZ: (-0.0307, -0.3070, 4.2946) m
[20:30:28.139] [debug] [ManualAdjust] 平移增量 dxyz=(0.0000, 0.0000, 0.0050)m
[20:30:28.139] [info] [ManualAdjust] 当前外参 [imu_0→cam_front]:
[20:30:28.139] [info]   旋转 RPY: (-2.3164, 0.3518, 1.0829) deg
[20:30:28.139] [info]   平移 XYZ: (-0.0307, -0.3070, 4.2996) m
[20:30:28.197] [debug] [ManualAdjust] 平移增量 dxyz=(0.0000, 0.0000, 0.0050)m
[20:30:28.197] [info] [ManualAdjust] 当前外参 [imu_0→cam_front]:
[20:30:28.197] [info]   旋转 RPY: (-2.3164, 0.3518, 1.0829) deg
[20:30:28.197] [info]   平移 XYZ: (-0.0307, -0.3070, 4.3046) m
[20:30:28.240] [debug] [ManualAdjust] 平移增量 dxyz=(0.0000, 0.0000, 0.0050)m
[20:30:28.240] [info] [ManualAdjust] 当前外参 [imu_0→cam_front]:
[20:30:28.240] [info]   旋转 RPY: (-2.3164, 0.3518, 1.0829) deg
[20:30:28.240] [info]   平移 XYZ: (-0.0307, -0.3070, 4.3096) m
[20:30:28.270] [debug] [ManualAdjust] 平移增量 dxyz=(0.0000, 0.0000, 0.0050)m
[20:30:28.270] [info] [ManualAdjust] 当前外参 [imu_0→cam_front]:
[20:30:28.270] [info]   旋转 RPY: (-2.3164, 0.3518, 1.0829) deg
[20:30:28.270] [info]   平移 XYZ: (-0.0307, -0.3070, 4.3146) m
[20:30:28.300] [debug] [ManualAdjust] 平移增量 dxyz=(0.0000, 0.0000, 0.0050)m
[20:30:28.300] [info] [ManualAdjust] 当前外参 [imu_0→cam_front]:
[20:30:28.300] [info]   旋转 RPY: (-2.3164, 0.3518, 1.0829) deg
[20:30:28.300] [info]   平移 XYZ: (-0.0307, -0.3070, 4.3196) m
[20:30:28.337] [debug] [ManualAdjust] 平移增量 dxyz=(0.0000, 0.0000, 0.0050)m
[20:30:28.337] [info] [ManualAdjust] 当前外参 [imu_0→cam_front]:
[20:30:28.337] [info]   旋转 RPY: (-2.3164, 0.3518, 1.0829) deg
[20:30:28.337] [info]   平移 XYZ: (-0.0307, -0.3070, 4.3246) m
[20:30:28.375] [debug] [ManualAdjust] 平移增量 dxyz=(0.0000, 0.0000, 0.0050)m
[20:30:28.375] [info] [ManualAdjust] 当前外参 [imu_0→cam_front]:
[20:30:28.375] [info]   旋转 RPY: (-2.3164, 0.3518, 1.0829) deg
[20:30:28.375] [info]   平移 XYZ: (-0.0307, -0.3070, 4.3296) m
[20:30:28.429] [debug] [ManualAdjust] 平移增量 dxyz=(0.0000, 0.0000, 0.0050)m
[20:30:28.429] [info] [ManualAdjust] 当前外参 [imu_0→cam_front]:
[20:30:28.429] [info]   旋转 RPY: (-2.3164, 0.3518, 1.0829) deg
[20:30:28.429] [info]   平移 XYZ: (-0.0307, -0.3070, 4.3346) m
[20:30:28.473] [debug] [ManualAdjust] 平移增量 dxyz=(0.0000, 0.0000, 0.0050)m
[20:30:28.473] [info] [ManualAdjust] 当前外参 [imu_0→cam_front]:
[20:30:28.473] [info]   旋转 RPY: (-2.3164, 0.3518, 1.0829) deg
[20:30:28.473] [info]   平移 XYZ: (-0.0307, -0.3070, 4.3396) m
[20:30:28.502] [debug] [ManualAdjust] 平移增量 dxyz=(0.0000, 0.0000, 0.0050)m
[20:30:28.502] [info] [ManualAdjust] 当前外参 [imu_0→cam_front]:
[20:30:28.502] [info]   旋转 RPY: (-2.3164, 0.3518, 1.0829) deg
[20:30:28.502] [info]   平移 XYZ: (-0.0307, -0.3070, 4.3446) m
[20:30:28.538] [debug] [ManualAdjust] 平移增量 dxyz=(0.0000, 0.0000, 0.0050)m
[20:30:28.538] [info] [ManualAdjust] 当前外参 [imu_0→cam_front]:
[20:30:28.538] [info]   旋转 RPY: (-2.3164, 0.3518, 1.0829) deg
[20:30:28.538] [info]   平移 XYZ: (-0.0307, -0.3070, 4.3496) m
[20:30:28.574] [debug] [ManualAdjust] 平移增量 dxyz=(0.0000, 0.0000, 0.0050)m
[20:30:28.574] [info] [ManualAdjust] 当前外参 [imu_0→cam_front]:
[20:30:28.574] [info]   旋转 RPY: (-2.3164, 0.3518, 1.0829) deg
[20:30:28.574] [info]   平移 XYZ: (-0.0307, -0.3070, 4.3546) m
[20:30:28.604] [debug] [ManualAdjust] 平移增量 dxyz=(0.0000, 0.0000, 0.0050)m
[20:30:28.604] [info] [ManualAdjust] 当前外参 [imu_0→cam_front]:
[20:30:28.604] [info]   旋转 RPY: (-2.3164, 0.3518, 1.0829) deg
[20:30:28.604] [info]   平移 XYZ: (-0.0307, -0.3070, 4.3596) m
[20:30:28.658] [debug] [ManualAdjust] 平移增量 dxyz=(0.0000, 0.0000, 0.0050)m
[20:30:28.658] [info] [ManualAdjust] 当前外参 [imu_0→cam_front]:
[20:30:28.658] [info]   旋转 RPY: (-2.3164, 0.3518, 1.0829) deg
[20:30:28.658] [info]   平移 XYZ: (-0.0307, -0.3070, 4.3646) m
[20:30:28.692] [debug] [ManualAdjust] 平移增量 dxyz=(0.0000, 0.0000, 0.0050)m
[20:30:28.692] [info] [ManualAdjust] 当前外参 [imu_0→cam_front]:
[20:30:28.692] [info]   旋转 RPY: (-2.3164, 0.3518, 1.0829) deg
[20:30:28.692] [info]   平移 XYZ: (-0.0307, -0.3070, 4.3696) m
[20:30:28.750] [debug] [ManualAdjust] 平移增量 dxyz=(0.0000, 0.0000, 0.0050)m
[20:30:28.750] [info] [ManualAdjust] 当前外参 [imu_0→cam_front]:
[20:30:28.750] [info]   旋转 RPY: (-2.3164, 0.3518, 1.0829) deg
[20:30:28.750] [info]   平移 XYZ: (-0.0307, -0.3070, 4.3746) m
[20:30:28.787] [debug] [ManualAdjust] 平移增量 dxyz=(0.0000, 0.0000, 0.0050)m
[20:30:28.787] [info] [ManualAdjust] 当前外参 [imu_0→cam_front]:
[20:30:28.787] [info]   旋转 RPY: (-2.3164, 0.3518, 1.0829) deg
[20:30:28.787] [info]   平移 XYZ: (-0.0307, -0.3070, 4.3796) m
[20:30:28.824] [debug] [ManualAdjust] 平移增量 dxyz=(0.0000, 0.0000, 0.0050)m
[20:30:28.824] [info] [ManualAdjust] 当前外参 [imu_0→cam_front]:
[20:30:28.824] [info]   旋转 RPY: (-2.3164, 0.3518, 1.0829) deg
[20:30:28.824] [info]   平移 XYZ: (-0.0307, -0.3070, 4.3846) m
[20:30:28.874] [debug] [ManualAdjust] 平移增量 dxyz=(0.0000, 0.0000, 0.0050)m
[20:30:28.874] [info] [ManualAdjust] 当前外参 [imu_0→cam_front]:
[20:30:28.874] [info]   旋转 RPY: (-2.3164, 0.3518, 1.0829) deg
[20:30:28.874] [info]   平移 XYZ: (-0.0307, -0.3070, 4.3896) m
[20:30:28.916] [debug] [ManualAdjust] 平移增量 dxyz=(0.0000, 0.0000, 0.0050)m
[20:30:28.916] [info] [ManualAdjust] 当前外参 [imu_0→cam_front]:
[20:30:28.916] [info]   旋转 RPY: (-2.3164, 0.3518, 1.0829) deg
[20:30:28.916] [info]   平移 XYZ: (-0.0307, -0.3070, 4.3946) m
[20:30:28.946] [debug] [ManualAdjust] 平移增量 dxyz=(0.0000, 0.0000, 0.0050)m
[20:30:28.946] [info] [ManualAdjust] 当前外参 [imu_0→cam_front]:
[20:30:28.946] [info]   旋转 RPY: (-2.3164, 0.3518, 1.0829) deg
[20:30:28.946] [info]   平移 XYZ: (-0.0307, -0.3070, 4.3996) m
[20:30:29.003] [debug] [ManualAdjust] 平移增量 dxyz=(0.0000, 0.0000, 0.0050)m
[20:30:29.003] [info] [ManualAdjust] 当前外参 [imu_0→cam_front]:
[20:30:29.003] [info]   旋转 RPY: (-2.3164, 0.3518, 1.0829) deg
[20:30:29.003] [info]   平移 XYZ: (-0.0307, -0.3070, 4.4046) m
[20:30:29.048] [debug] [ManualAdjust] 平移增量 dxyz=(0.0000, 0.0000, 0.0050)m
[20:30:29.048] [info] [ManualAdjust] 当前外参 [imu_0→cam_front]:
[20:30:29.048] [info]   旋转 RPY: (-2.3164, 0.3518, 1.0829) deg
[20:30:29.048] [info]   平移 XYZ: (-0.0307, -0.3070, 4.4096) m
[20:30:29.084] [debug] [ManualAdjust] 平移增量 dxyz=(0.0000, 0.0000, 0.0050)m
[20:30:29.084] [info] [ManualAdjust] 当前外参 [imu_0→cam_front]:
[20:30:29.084] [info]   旋转 RPY: (-2.3164, 0.3518, 1.0829) deg
[20:30:29.084] [info]   平移 XYZ: (-0.0307, -0.3070, 4.4146) m
[20:30:29.114] [debug] [ManualAdjust] 平移增量 dxyz=(0.0000, 0.0000, 0.0050)m
[20:30:29.114] [info] [ManualAdjust] 当前外参 [imu_0→cam_front]:
[20:30:29.114] [info]   旋转 RPY: (-2.3164, 0.3518, 1.0829) deg
[20:30:29.114] [info]   平移 XYZ: (-0.0307, -0.3070, 4.4196) m
[20:30:29.171] [debug] [ManualAdjust] 平移增量 dxyz=(0.0000, 0.0000, 0.0050)m
[20:30:29.171] [info] [ManualAdjust] 当前外参 [imu_0→cam_front]:
[20:30:29.171] [info]   旋转 RPY: (-2.3164, 0.3518, 1.0829) deg
[20:30:29.171] [info]   平移 XYZ: (-0.0307, -0.3070, 4.4246) m
[20:30:29.206] [debug] [ManualAdjust] 平移增量 dxyz=(0.0000, 0.0000, 0.0050)m
[20:30:29.206] [info] [ManualAdjust] 当前外参 [imu_0→cam_front]:
[20:30:29.206] [info]   旋转 RPY: (-2.3164, 0.3518, 1.0829) deg
[20:30:29.206] [info]   平移 XYZ: (-0.0307, -0.3070, 4.4296) m
[20:30:29.238] [debug] [ManualAdjust] 平移增量 dxyz=(0.0000, 0.0000, 0.0050)m
[20:30:29.238] [info] [ManualAdjust] 当前外参 [imu_0→cam_front]:
[20:30:29.238] [info]   旋转 RPY: (-2.3164, 0.3518, 1.0829) deg
[20:30:29.238] [info]   平移 XYZ: (-0.0307, -0.3070, 4.4346) m
[20:30:29.278] [debug] [ManualAdjust] 平移增量 dxyz=(0.0000, 0.0000, 0.0050)m
[20:30:29.278] [info] [ManualAdjust] 当前外参 [imu_0→cam_front]:
[20:30:29.278] [info]   旋转 RPY: (-2.3164, 0.3518, 1.0829) deg
[20:30:29.278] [info]   平移 XYZ: (-0.0307, -0.3070, 4.4396) m
[20:30:29.308] [debug] [ManualAdjust] 平移增量 dxyz=(0.0000, 0.0000, 0.0050)m
[20:30:29.308] [info] [ManualAdjust] 当前外参 [imu_0→cam_front]:
[20:30:29.308] [info]   旋转 RPY: (-2.3164, 0.3518, 1.0829) deg
[20:30:29.308] [info]   平移 XYZ: (-0.0307, -0.3070, 4.4446) m
[20:30:29.372] [debug] [ManualAdjust] 平移增量 dxyz=(0.0000, 0.0000, 0.0050)m
[20:30:29.372] [info] [ManualAdjust] 当前外参 [imu_0→cam_front]:
[20:30:29.372] [info]   旋转 RPY: (-2.3164, 0.3518, 1.0829) deg
[20:30:29.372] [info]   平移 XYZ: (-0.0307, -0.3070, 4.4496) m
[20:30:29.402] [debug] [ManualAdjust] 平移增量 dxyz=(0.0000, 0.0000, 0.0050)m
[20:30:29.402] [info] [ManualAdjust] 当前外参 [imu_0→cam_front]:
[20:30:29.402] [info]   旋转 RPY: (-2.3164, 0.3518, 1.0829) deg
[20:30:29.402] [info]   平移 XYZ: (-0.0307, -0.3070, 4.4546) m
[20:30:29.462] [debug] [ManualAdjust] 平移增量 dxyz=(0.0000, 0.0000, 0.0050)m
[20:30:29.462] [info] [ManualAdjust] 当前外参 [imu_0→cam_front]:
[20:30:29.462] [info]   旋转 RPY: (-2.3164, 0.3518, 1.0829) deg
[20:30:29.462] [info]   平移 XYZ: (-0.0307, -0.3070, 4.4596) m
[20:30:29.493] [debug] [ManualAdjust] 平移增量 dxyz=(0.0000, 0.0000, 0.0050)m
[20:30:29.493] [info] [ManualAdjust] 当前外参 [imu_0→cam_front]:
[20:30:29.493] [info]   旋转 RPY: (-2.3164, 0.3518, 1.0829) deg
[20:30:29.493] [info]   平移 XYZ: (-0.0307, -0.3070, 4.4646) m
[20:30:29.533] [debug] [ManualAdjust] 平移增量 dxyz=(0.0000, 0.0000, 0.0050)m
[20:30:29.533] [info] [ManualAdjust] 当前外参 [imu_0→cam_front]:
[20:30:29.533] [info]   旋转 RPY: (-2.3164, 0.3518, 1.0829) deg
[20:30:29.533] [info]   平移 XYZ: (-0.0307, -0.3070, 4.4696) m
[20:30:29.578] [debug] [ManualAdjust] 平移增量 dxyz=(0.0000, 0.0000, 0.0050)m
[20:30:29.578] [info] [ManualAdjust] 当前外参 [imu_0→cam_front]:
[20:30:29.578] [info]   旋转 RPY: (-2.3164, 0.3518, 1.0829) deg
[20:30:29.578] [info]   平移 XYZ: (-0.0307, -0.3070, 4.4746) m
[20:30:29.608] [debug] [ManualAdjust] 平移增量 dxyz=(0.0000, 0.0000, 0.0050)m
[20:30:29.608] [info] [ManualAdjust] 当前外参 [imu_0→cam_front]:
[20:30:29.608] [info]   旋转 RPY: (-2.3164, 0.3518, 1.0829) deg
[20:30:29.608] [info]   平移 XYZ: (-0.0307, -0.3070, 4.4796) m
[20:30:29.650] [debug] [ManualAdjust] 平移增量 dxyz=(0.0000, 0.0000, 0.0050)m
[20:30:29.650] [info] [ManualAdjust] 当前外参 [imu_0→cam_front]:
[20:30:29.650] [info]   旋转 RPY: (-2.3164, 0.3518, 1.0829) deg
[20:30:29.650] [info]   平移 XYZ: (-0.0307, -0.3070, 4.4846) m
[20:30:29.690] [debug] [ManualAdjust] 平移增量 dxyz=(0.0000, 0.0000, 0.0050)m
[20:30:29.690] [info] [ManualAdjust] 当前外参 [imu_0→cam_front]:
[20:30:29.690] [info]   旋转 RPY: (-2.3164, 0.3518, 1.0829) deg
[20:30:29.690] [info]   平移 XYZ: (-0.0307, -0.3070, 4.4896) m
[20:30:29.720] [debug] [ManualAdjust] 平移增量 dxyz=(0.0000, 0.0000, 0.0050)m
[20:30:29.720] [info] [ManualAdjust] 当前外参 [imu_0→cam_front]:
[20:30:29.720] [info]   旋转 RPY: (-2.3164, 0.3518, 1.0829) deg
[20:30:29.720] [info]   平移 XYZ: (-0.0307, -0.3070, 4.4946) m
[20:30:29.777] [debug] [ManualAdjust] 平移增量 dxyz=(0.0000, 0.0000, 0.0050)m
[20:30:29.777] [info] [ManualAdjust] 当前外参 [imu_0→cam_front]:
[20:30:29.777] [info]   旋转 RPY: (-2.3164, 0.3518, 1.0829) deg
[20:30:29.777] [info]   平移 XYZ: (-0.0307, -0.3070, 4.4996) m
[20:30:29.807] [debug] [ManualAdjust] 平移增量 dxyz=(0.0000, 0.0000, 0.0050)m
[20:30:29.807] [info] [ManualAdjust] 当前外参 [imu_0→cam_front]:
[20:30:29.807] [info]   旋转 RPY: (-2.3164, 0.3518, 1.0829) deg
[20:30:29.807] [info]   平移 XYZ: (-0.0307, -0.3070, 4.5046) m
[20:30:29.843] [debug] [ManualAdjust] 平移增量 dxyz=(0.0000, 0.0000, 0.0050)m
[20:30:29.843] [info] [ManualAdjust] 当前外参 [imu_0→cam_front]:
[20:30:29.843] [info]   旋转 RPY: (-2.3164, 0.3518, 1.0829) deg
[20:30:29.843] [info]   平移 XYZ: (-0.0307, -0.3070, 4.5096) m
[20:30:29.871] [debug] [ManualAdjust] 平移增量 dxyz=(0.0000, 0.0000, 0.0050)m
[20:30:29.871] [info] [ManualAdjust] 当前外参 [imu_0→cam_front]:
[20:30:29.871] [info]   旋转 RPY: (-2.3164, 0.3518, 1.0829) deg
[20:30:29.871] [info]   平移 XYZ: (-0.0307, -0.3070, 4.5146) m
[20:30:29.902] [debug] [ManualAdjust] 平移增量 dxyz=(0.0000, 0.0000, 0.0050)m
[20:30:29.902] [info] [ManualAdjust] 当前外参 [imu_0→cam_front]:
[20:30:29.902] [info]   旋转 RPY: (-2.3164, 0.3518, 1.0829) deg
[20:30:29.902] [info]   平移 XYZ: (-0.0307, -0.3070, 4.5196) m
[20:30:29.963] [debug] [ManualAdjust] 平移增量 dxyz=(0.0000, 0.0000, 0.0050)m
[20:30:29.963] [info] [ManualAdjust] 当前外参 [imu_0→cam_front]:
[20:30:29.963] [info]   旋转 RPY: (-2.3164, 0.3518, 1.0829) deg
[20:30:29.963] [info]   平移 XYZ: (-0.0307, -0.3070, 4.5246) m
[20:30:29.993] [debug] [ManualAdjust] 平移增量 dxyz=(0.0000, 0.0000, 0.0050)m
[20:30:29.993] [info] [ManualAdjust] 当前外参 [imu_0→cam_front]:
[20:30:29.993] [info]   旋转 RPY: (-2.3164, 0.3518, 1.0829) deg
[20:30:29.993] [info]   平移 XYZ: (-0.0307, -0.3070, 4.5296) m
[20:30:30.043] [debug] [ManualAdjust] 平移增量 dxyz=(0.0000, 0.0000, 0.0050)m
[20:30:30.043] [info] [ManualAdjust] 当前外参 [imu_0→cam_front]:
[20:30:30.043] [info]   旋转 RPY: (-2.3164, 0.3518, 1.0829) deg
[20:30:30.043] [info]   平移 XYZ: (-0.0307, -0.3070, 4.5346) m
[20:30:30.072] [debug] [ManualAdjust] 平移增量 dxyz=(0.0000, 0.0000, 0.0050)m
[20:30:30.072] [info] [ManualAdjust] 当前外参 [imu_0→cam_front]:
[20:30:30.072] [info]   旋转 RPY: (-2.3164, 0.3518, 1.0829) deg
[20:30:30.072] [info]   平移 XYZ: (-0.0307, -0.3070, 4.5396) m
[20:30:30.102] [debug] [ManualAdjust] 平移增量 dxyz=(0.0000, 0.0000, 0.0050)m
[20:30:30.102] [info] [ManualAdjust] 当前外参 [imu_0→cam_front]:
[20:30:30.102] [info]   旋转 RPY: (-2.3164, 0.3518, 1.0829) deg
[20:30:30.102] [info]   平移 XYZ: (-0.0307, -0.3070, 4.5446) m
[20:30:30.164] [debug] [ManualAdjust] 平移增量 dxyz=(0.0000, 0.0000, 0.0050)m
[20:30:30.164] [info] [ManualAdjust] 当前外参 [imu_0→cam_front]:
[20:30:30.164] [info]   旋转 RPY: (-2.3164, 0.3518, 1.0829) deg
[20:30:30.164] [info]   平移 XYZ: (-0.0307, -0.3070, 4.5496) m
[20:30:30.172] [debug] [ManualAdjust] 平移增量 dxyz=(0.0000, 0.0000, 0.0050)m
[20:30:30.172] [info] [ManualAdjust] 当前外参 [imu_0→cam_front]:
[20:30:30.172] [info]   旋转 RPY: (-2.3164, 0.3518, 1.0829) deg
[20:30:30.172] [info]   平移 XYZ: (-0.0307, -0.3070, 4.5546) m
[20:30:30.202] [debug] [ManualAdjust] 平移增量 dxyz=(0.0000, 0.0000, 0.0050)m
[20:30:30.202] [info] [ManualAdjust] 当前外参 [imu_0→cam_front]:
[20:30:30.202] [info]   旋转 RPY: (-2.3164, 0.3518, 1.0829) deg
[20:30:30.202] [info]   平移 XYZ: (-0.0307, -0.3070, 4.5596) m
[20:30:30.235] [debug] [ManualAdjust] 平移增量 dxyz=(0.0000, 0.0000, 0.0050)m
[20:30:30.235] [info] [ManualAdjust] 当前外参 [imu_0→cam_front]:
[20:30:30.235] [info]   旋转 RPY: (-2.3164, 0.3518, 1.0829) deg
[20:30:30.235] [info]   平移 XYZ: (-0.0307, -0.3070, 4.5646) m
[20:30:30.287] [debug] [ManualAdjust] 平移增量 dxyz=(0.0000, 0.0000, 0.0050)m
[20:30:30.287] [info] [ManualAdjust] 当前外参 [imu_0→cam_front]:
[20:30:30.287] [info]   旋转 RPY: (-2.3164, 0.3518, 1.0829) deg
[20:30:30.287] [info]   平移 XYZ: (-0.0307, -0.3070, 4.5696) m
[20:30:30.317] [debug] [ManualAdjust] 平移增量 dxyz=(0.0000, 0.0000, 0.0050)m
[20:30:30.317] [info] [ManualAdjust] 当前外参 [imu_0→cam_front]:
[20:30:30.317] [info]   旋转 RPY: (-2.3164, 0.3518, 1.0829) deg
[20:30:30.317] [info]   平移 XYZ: (-0.0307, -0.3070, 4.5746) m
[20:30:30.349] [debug] [ManualAdjust] 平移增量 dxyz=(0.0000, 0.0000, 0.0050)m
[20:30:30.349] [info] [ManualAdjust] 当前外参 [imu_0→cam_front]:
[20:30:30.349] [info]   旋转 RPY: (-2.3164, 0.3518, 1.0829) deg
[20:30:30.349] [info]   平移 XYZ: (-0.0307, -0.3070, 4.5796) m
[20:30:30.381] [debug] [ManualAdjust] 平移增量 dxyz=(0.0000, 0.0000, 0.0050)m
[20:30:30.381] [info] [ManualAdjust] 当前外参 [imu_0→cam_front]:
[20:30:30.381] [info]   旋转 RPY: (-2.3164, 0.3518, 1.0829) deg
[20:30:30.381] [info]   平移 XYZ: (-0.0307, -0.3070, 4.5846) m
[20:30:30.411] [debug] [ManualAdjust] 平移增量 dxyz=(0.0000, 0.0000, 0.0050)m
[20:30:30.411] [info] [ManualAdjust] 当前外参 [imu_0→cam_front]:
[20:30:30.411] [info]   旋转 RPY: (-2.3164, 0.3518, 1.0829) deg
[20:30:30.411] [info]   平移 XYZ: (-0.0307, -0.3070, 4.5896) m
[20:30:30.454] [debug] [ManualAdjust] 平移增量 dxyz=(0.0000, 0.0000, 0.0050)m
[20:30:30.454] [info] [ManualAdjust] 当前外参 [imu_0→cam_front]:
[20:30:30.454] [info]   旋转 RPY: (-2.3164, 0.3518, 1.0829) deg
[20:30:30.454] [info]   平移 XYZ: (-0.0307, -0.3070, 4.5946) m
[20:30:30.492] [debug] [ManualAdjust] 平移增量 dxyz=(0.0000, 0.0000, 0.0050)m
[20:30:30.492] [info] [ManualAdjust] 当前外参 [imu_0→cam_front]:
[20:30:30.492] [info]   旋转 RPY: (-2.3164, 0.3518, 1.0829) deg
[20:30:30.492] [info]   平移 XYZ: (-0.0307, -0.3070, 4.5996) m
[20:30:30.522] [debug] [ManualAdjust] 平移增量 dxyz=(0.0000, 0.0000, 0.0050)m
[20:30:30.522] [info] [ManualAdjust] 当前外参 [imu_0→cam_front]:
[20:30:30.522] [info]   旋转 RPY: (-2.3164, 0.3518, 1.0829) deg
[20:30:30.522] [info]   平移 XYZ: (-0.0307, -0.3070, 4.6046) m
[20:30:30.556] [debug] [ManualAdjust] 平移增量 dxyz=(0.0000, 0.0000, 0.0050)m
[20:30:30.556] [info] [ManualAdjust] 当前外参 [imu_0→cam_front]:
[20:30:30.556] [info]   旋转 RPY: (-2.3164, 0.3518, 1.0829) deg
[20:30:30.556] [info]   平移 XYZ: (-0.0307, -0.3070, 4.6096) m
[20:30:30.583] [debug] [ManualAdjust] 平移增量 dxyz=(0.0000, 0.0000, 0.0050)m
[20:30:30.583] [info] [ManualAdjust] 当前外参 [imu_0→cam_front]:
[20:30:30.583] [info]   旋转 RPY: (-2.3164, 0.3518, 1.0829) deg
[20:30:30.583] [info]   平移 XYZ: (-0.0307, -0.3070, 4.6146) m
[20:30:30.613] [debug] [ManualAdjust] 平移增量 dxyz=(0.0000, 0.0000, 0.0050)m
[20:30:30.613] [info] [ManualAdjust] 当前外参 [imu_0→cam_front]:
[20:30:30.613] [info]   旋转 RPY: (-2.3164, 0.3518, 1.0829) deg
[20:30:30.613] [info]   平移 XYZ: (-0.0307, -0.3070, 4.6196) m
[20:30:30.663] [debug] [ManualAdjust] 平移增量 dxyz=(0.0000, 0.0000, 0.0050)m
[20:30:30.663] [info] [ManualAdjust] 当前外参 [imu_0→cam_front]:
[20:30:30.663] [info]   旋转 RPY: (-2.3164, 0.3518, 1.0829) deg
[20:30:30.663] [info]   平移 XYZ: (-0.0307, -0.3070, 4.6246) m
[20:30:30.713] [debug] [ManualAdjust] 平移增量 dxyz=(0.0000, 0.0000, 0.0050)m
[20:30:30.713] [info] [ManualAdjust] 当前外参 [imu_0→cam_front]:
[20:30:30.713] [info]   旋转 RPY: (-2.3164, 0.3518, 1.0829) deg
[20:30:30.713] [info]   平移 XYZ: (-0.0307, -0.3070, 4.6296) m
[20:30:30.745] [debug] [ManualAdjust] 平移增量 dxyz=(0.0000, 0.0000, 0.0050)m
[20:30:30.745] [info] [ManualAdjust] 当前外参 [imu_0→cam_front]:
[20:30:30.745] [info]   旋转 RPY: (-2.3164, 0.3518, 1.0829) deg
[20:30:30.745] [info]   平移 XYZ: (-0.0307, -0.3070, 4.6346) m
[20:30:30.774] [debug] [ManualAdjust] 平移增量 dxyz=(0.0000, 0.0000, 0.0050)m
[20:30:30.774] [info] [ManualAdjust] 当前外参 [imu_0→cam_front]:
[20:30:30.774] [info]   旋转 RPY: (-2.3164, 0.3518, 1.0829) deg
[20:30:30.774] [info]   平移 XYZ: (-0.0307, -0.3070, 4.6396) m
[20:30:30.828] [debug] [ManualAdjust] 平移增量 dxyz=(0.0000, 0.0000, 0.0050)m
[20:30:30.828] [info] [ManualAdjust] 当前外参 [imu_0→cam_front]:
[20:30:30.828] [info]   旋转 RPY: (-2.3164, 0.3518, 1.0829) deg
[20:30:30.828] [info]   平移 XYZ: (-0.0307, -0.3070, 4.6446) m
[20:30:30.858] [debug] [ManualAdjust] 平移增量 dxyz=(0.0000, 0.0000, 0.0050)m
[20:30:30.858] [info] [ManualAdjust] 当前外参 [imu_0→cam_front]:
[20:30:30.858] [info]   旋转 RPY: (-2.3164, 0.3518, 1.0829) deg
[20:30:30.858] [info]   平移 XYZ: (-0.0307, -0.3070, 4.6496) m
[20:30:30.910] [debug] [ManualAdjust] 平移增量 dxyz=(0.0000, 0.0000, 0.0050)m
[20:30:30.910] [info] [ManualAdjust] 当前外参 [imu_0→cam_front]:
[20:30:30.910] [info]   旋转 RPY: (-2.3164, 0.3518, 1.0829) deg
[20:30:30.910] [info]   平移 XYZ: (-0.0307, -0.3070, 4.6546) m
[20:30:30.939] [debug] [ManualAdjust] 平移增量 dxyz=(0.0000, 0.0000, 0.0050)m
[20:30:30.940] [info] [ManualAdjust] 当前外参 [imu_0→cam_front]:
[20:30:30.940] [info]   旋转 RPY: (-2.3164, 0.3518, 1.0829) deg
[20:30:30.940] [info]   平移 XYZ: (-0.0307, -0.3070, 4.6596) m
[20:30:30.981] [debug] [ManualAdjust] 平移增量 dxyz=(0.0000, 0.0000, 0.0050)m
[20:30:30.981] [info] [ManualAdjust] 当前外参 [imu_0→cam_front]:
[20:30:30.981] [info]   旋转 RPY: (-2.3164, 0.3518, 1.0829) deg
[20:30:30.981] [info]   平移 XYZ: (-0.0307, -0.3070, 4.6646) m
[20:30:31.013] [debug] [ManualAdjust] 平移增量 dxyz=(0.0000, 0.0000, 0.0050)m
[20:30:31.013] [info] [ManualAdjust] 当前外参 [imu_0→cam_front]:
[20:30:31.013] [info]   旋转 RPY: (-2.3164, 0.3518, 1.0829) deg
[20:30:31.013] [info]   平移 XYZ: (-0.0307, -0.3070, 4.6696) m
[20:30:31.043] [debug] [ManualAdjust] 平移增量 dxyz=(0.0000, 0.0000, 0.0050)m
[20:30:31.043] [info] [ManualAdjust] 当前外参 [imu_0→cam_front]:
[20:30:31.043] [info]   旋转 RPY: (-2.3164, 0.3518, 1.0829) deg
[20:30:31.043] [info]   平移 XYZ: (-0.0307, -0.3070, 4.6746) m
[20:30:31.073] [debug] [ManualAdjust] 平移增量 dxyz=(0.0000, 0.0000, 0.0050)m
[20:30:31.073] [info] [ManualAdjust] 当前外参 [imu_0→cam_front]:
[20:30:31.073] [info]   旋转 RPY: (-2.3164, 0.3518, 1.0829) deg
[20:30:31.073] [info]   平移 XYZ: (-0.0307, -0.3070, 4.6796) m
[20:30:31.107] [debug] [ManualAdjust] 平移增量 dxyz=(0.0000, 0.0000, 0.0050)m
[20:30:31.107] [info] [ManualAdjust] 当前外参 [imu_0→cam_front]:
[20:30:31.107] [info]   旋转 RPY: (-2.3164, 0.3518, 1.0829) deg
[20:30:31.107] [info]   平移 XYZ: (-0.0307, -0.3070, 4.6846) m
[20:30:31.137] [debug] [ManualAdjust] 平移增量 dxyz=(0.0000, 0.0000, 0.0050)m
[20:30:31.137] [info] [ManualAdjust] 当前外参 [imu_0→cam_front]:
[20:30:31.137] [info]   旋转 RPY: (-2.3164, 0.3518, 1.0829) deg
[20:30:31.137] [info]   平移 XYZ: (-0.0307, -0.3070, 4.6896) m
[20:30:31.195] [debug] [ManualAdjust] 平移增量 dxyz=(0.0000, 0.0000, 0.0050)m
[20:30:31.195] [info] [ManualAdjust] 当前外参 [imu_0→cam_front]:
[20:30:31.195] [info]   旋转 RPY: (-2.3164, 0.3518, 1.0829) deg
[20:30:31.195] [info]   平移 XYZ: (-0.0307, -0.3070, 4.6946) m
[20:30:31.240] [debug] [ManualAdjust] 平移增量 dxyz=(0.0000, 0.0000, 0.0050)m
[20:30:31.240] [info] [ManualAdjust] 当前外参 [imu_0→cam_front]:
[20:30:31.240] [info]   旋转 RPY: (-2.3164, 0.3518, 1.0829) deg
[20:30:31.240] [info]   平移 XYZ: (-0.0307, -0.3070, 4.6996) m
[20:30:31.270] [debug] [ManualAdjust] 平移增量 dxyz=(0.0000, 0.0000, 0.0050)m
[20:30:31.270] [info] [ManualAdjust] 当前外参 [imu_0→cam_front]:
[20:30:31.270] [info]   旋转 RPY: (-2.3164, 0.3518, 1.0829) deg
[20:30:31.270] [info]   平移 XYZ: (-0.0307, -0.3070, 4.7046) m
[20:30:31.300] [debug] [ManualAdjust] 平移增量 dxyz=(0.0000, 0.0000, 0.0050)m
[20:30:31.300] [info] [ManualAdjust] 当前外参 [imu_0→cam_front]:
[20:30:31.300] [info]   旋转 RPY: (-2.3164, 0.3518, 1.0829) deg
[20:30:31.300] [info]   平移 XYZ: (-0.0307, -0.3070, 4.7096) m
[20:30:31.351] [debug] [ManualAdjust] 平移增量 dxyz=(0.0000, 0.0000, 0.0050)m
[20:30:31.351] [info] [ManualAdjust] 当前外参 [imu_0→cam_front]:
[20:30:31.351] [info]   旋转 RPY: (-2.3164, 0.3518, 1.0829) deg
[20:30:31.351] [info]   平移 XYZ: (-0.0307, -0.3070, 4.7146) m
[20:30:31.399] [debug] [ManualAdjust] 平移增量 dxyz=(0.0000, 0.0000, 0.0050)m
[20:30:31.399] [info] [ManualAdjust] 当前外参 [imu_0→cam_front]:
[20:30:31.399] [info]   旋转 RPY: (-2.3164, 0.3518, 1.0829) deg
[20:30:31.399] [info]   平移 XYZ: (-0.0307, -0.3070, 4.7196) m
[20:30:31.437] [debug] [ManualAdjust] 平移增量 dxyz=(0.0000, 0.0000, 0.0050)m
[20:30:31.437] [info] [ManualAdjust] 当前外参 [imu_0→cam_front]:
[20:30:31.437] [info]   旋转 RPY: (-2.3164, 0.3518, 1.0829) deg
[20:30:31.437] [info]   平移 XYZ: (-0.0307, -0.3070, 4.7246) m
[20:30:31.468] [debug] [ManualAdjust] 平移增量 dxyz=(0.0000, 0.0000, 0.0050)m
[20:30:31.468] [info] [ManualAdjust] 当前外参 [imu_0→cam_front]:
[20:30:31.468] [info]   旋转 RPY: (-2.3164, 0.3518, 1.0829) deg
[20:30:31.468] [info]   平移 XYZ: (-0.0307, -0.3070, 4.7296) m
[20:30:31.529] [debug] [ManualAdjust] 平移增量 dxyz=(0.0000, 0.0000, 0.0050)m
[20:30:31.529] [info] [ManualAdjust] 当前外参 [imu_0→cam_front]:
[20:30:31.529] [info]   旋转 RPY: (-2.3164, 0.3518, 1.0829) deg
[20:30:31.529] [info]   平移 XYZ: (-0.0307, -0.3070, 4.7346) m
[20:30:31.560] [debug] [ManualAdjust] 平移增量 dxyz=(0.0000, 0.0000, 0.0050)m
[20:30:31.560] [info] [ManualAdjust] 当前外参 [imu_0→cam_front]:
[20:30:31.560] [info]   旋转 RPY: (-2.3164, 0.3518, 1.0829) deg
[20:30:31.560] [info]   平移 XYZ: (-0.0307, -0.3070, 4.7396) m
[20:30:31.616] [debug] [ManualAdjust] 平移增量 dxyz=(0.0000, 0.0000, 0.0050)m
[20:30:31.616] [info] [ManualAdjust] 当前外参 [imu_0→cam_front]:
[20:30:31.616] [info]   旋转 RPY: (-2.3164, 0.3518, 1.0829) deg
[20:30:31.616] [info]   平移 XYZ: (-0.0307, -0.3070, 4.7446) m
[20:30:31.649] [debug] [ManualAdjust] 平移增量 dxyz=(0.0000, 0.0000, 0.0050)m
[20:30:31.649] [info] [ManualAdjust] 当前外参 [imu_0→cam_front]:
[20:30:31.649] [info]   旋转 RPY: (-2.3164, 0.3518, 1.0829) deg
[20:30:31.649] [info]   平移 XYZ: (-0.0307, -0.3070, 4.7496) m
[20:30:31.701] [debug] [ManualAdjust] 平移增量 dxyz=(0.0000, 0.0000, 0.0050)m
[20:30:31.701] [info] [ManualAdjust] 当前外参 [imu_0→cam_front]:
[20:30:31.701] [info]   旋转 RPY: (-2.3164, 0.3518, 1.0829) deg
[20:30:31.701] [info]   平移 XYZ: (-0.0307, -0.3070, 4.7546) m
[20:30:31.731] [debug] [ManualAdjust] 平移增量 dxyz=(0.0000, 0.0000, 0.0050)m
[20:30:31.731] [info] [ManualAdjust] 当前外参 [imu_0→cam_front]:
[20:30:31.731] [info]   旋转 RPY: (-2.3164, 0.3518, 1.0829) deg
[20:30:31.731] [info]   平移 XYZ: (-0.0307, -0.3070, 4.7596) m
[20:30:31.769] [debug] [ManualAdjust] 平移增量 dxyz=(0.0000, 0.0000, 0.0050)m
[20:30:31.770] [info] [ManualAdjust] 当前外参 [imu_0→cam_front]:
[20:30:31.770] [info]   旋转 RPY: (-2.3164, 0.3518, 1.0829) deg
[20:30:31.770] [info]   平移 XYZ: (-0.0307, -0.3070, 4.7646) m
[20:30:31.808] [debug] [ManualAdjust] 平移增量 dxyz=(0.0000, 0.0000, 0.0050)m
[20:30:31.808] [info] [ManualAdjust] 当前外参 [imu_0→cam_front]:
[20:30:31.808] [info]   旋转 RPY: (-2.3164, 0.3518, 1.0829) deg
[20:30:31.808] [info]   平移 XYZ: (-0.0307, -0.3070, 4.7696) m
[20:30:31.838] [debug] [ManualAdjust] 平移增量 dxyz=(0.0000, 0.0000, 0.0050)m
[20:30:31.838] [info] [ManualAdjust] 当前外参 [imu_0→cam_front]:
[20:30:31.838] [info]   旋转 RPY: (-2.3164, 0.3518, 1.0829) deg
[20:30:31.838] [info]   平移 XYZ: (-0.0307, -0.3070, 4.7746) m
[20:30:31.900] [debug] [ManualAdjust] 平移增量 dxyz=(0.0000, 0.0000, 0.0050)m
[20:30:31.900] [info] [ManualAdjust] 当前外参 [imu_0→cam_front]:
[20:30:31.900] [info]   旋转 RPY: (-2.3164, 0.3518, 1.0829) deg
[20:30:31.900] [info]   平移 XYZ: (-0.0307, -0.3070, 4.7796) m
[20:30:31.930] [debug] [ManualAdjust] 平移增量 dxyz=(0.0000, 0.0000, 0.0050)m
[20:30:31.930] [info] [ManualAdjust] 当前外参 [imu_0→cam_front]:
[20:30:31.930] [info]   旋转 RPY: (-2.3164, 0.3518, 1.0829) deg
[20:30:31.930] [info]   平移 XYZ: (-0.0307, -0.3070, 4.7846) m
[20:30:31.986] [debug] [ManualAdjust] 平移增量 dxyz=(0.0000, 0.0000, 0.0050)m
[20:30:31.986] [info] [ManualAdjust] 当前外参 [imu_0→cam_front]:
[20:30:31.986] [info]   旋转 RPY: (-2.3164, 0.3518, 1.0829) deg
[20:30:31.986] [info]   平移 XYZ: (-0.0307, -0.3070, 4.7896) m
[20:30:32.018] [debug] [ManualAdjust] 平移增量 dxyz=(0.0000, 0.0000, 0.0050)m
[20:30:32.018] [info] [ManualAdjust] 当前外参 [imu_0→cam_front]:
[20:30:32.018] [info]   旋转 RPY: (-2.3164, 0.3518, 1.0829) deg
[20:30:32.018] [info]   平移 XYZ: (-0.0307, -0.3070, 4.7946) m
[20:30:32.071] [debug] [ManualAdjust] 平移增量 dxyz=(0.0000, 0.0000, 0.0050)m
[20:30:32.071] [info] [ManualAdjust] 当前外参 [imu_0→cam_front]:
[20:30:32.071] [info]   旋转 RPY: (-2.3164, 0.3518, 1.0829) deg
[20:30:32.071] [info]   平移 XYZ: (-0.0307, -0.3070, 4.7996) m
[20:30:32.102] [debug] [ManualAdjust] 平移增量 dxyz=(0.0000, 0.0000, 0.0050)m
[20:30:32.102] [info] [ManualAdjust] 当前外参 [imu_0→cam_front]:
[20:30:32.102] [info]   旋转 RPY: (-2.3164, 0.3518, 1.0829) deg
[20:30:32.102] [info]   平移 XYZ: (-0.0307, -0.3070, 4.8046) m
[20:30:32.155] [debug] [ManualAdjust] 平移增量 dxyz=(0.0000, 0.0000, 0.0050)m
[20:30:32.155] [info] [ManualAdjust] 当前外参 [imu_0→cam_front]:
[20:30:32.155] [info]   旋转 RPY: (-2.3164, 0.3518, 1.0829) deg
[20:30:32.155] [info]   平移 XYZ: (-0.0307, -0.3070, 4.8096) m
[20:30:32.185] [debug] [ManualAdjust] 平移增量 dxyz=(0.0000, 0.0000, 0.0050)m
[20:30:32.185] [info] [ManualAdjust] 当前外参 [imu_0→cam_front]:
[20:30:32.185] [info]   旋转 RPY: (-2.3164, 0.3518, 1.0829) deg
[20:30:32.185] [info]   平移 XYZ: (-0.0307, -0.3070, 4.8146) m
[20:30:32.240] [debug] [ManualAdjust] 平移增量 dxyz=(0.0000, 0.0000, 0.0050)m
[20:30:32.242] [info] [ManualAdjust] 当前外参 [imu_0→cam_front]:
[20:30:32.242] [info]   旋转 RPY: (-2.3164, 0.3518, 1.0829) deg
[20:30:32.242] [info]   平移 XYZ: (-0.0307, -0.3070, 4.8196) m
[20:30:32.271] [debug] [ManualAdjust] 平移增量 dxyz=(0.0000, 0.0000, 0.0050)m
[20:30:32.271] [info] [ManualAdjust] 当前外参 [imu_0→cam_front]:
[20:30:32.271] [info]   旋转 RPY: (-2.3164, 0.3518, 1.0829) deg
[20:30:32.271] [info]   平移 XYZ: (-0.0307, -0.3070, 4.8246) m
[20:30:32.303] [debug] [ManualAdjust] 平移增量 dxyz=(0.0000, 0.0000, 0.0050)m
[20:30:32.303] [info] [ManualAdjust] 当前外参 [imu_0→cam_front]:
[20:30:32.303] [info]   旋转 RPY: (-2.3164, 0.3518, 1.0829) deg
[20:30:32.303] [info]   平移 XYZ: (-0.0307, -0.3070, 4.8296) m
[20:30:32.334] [debug] [ManualAdjust] 平移增量 dxyz=(0.0000, 0.0000, 0.0050)m
[20:30:32.334] [info] [ManualAdjust] 当前外参 [imu_0→cam_front]:
[20:30:32.334] [info]   旋转 RPY: (-2.3164, 0.3518, 1.0829) deg
[20:30:32.334] [info]   平移 XYZ: (-0.0307, -0.3070, 4.8346) m
[20:30:32.365] [debug] [ManualAdjust] 平移增量 dxyz=(0.0000, 0.0000, 0.0050)m
[20:30:32.365] [info] [ManualAdjust] 当前外参 [imu_0→cam_front]:
[20:30:32.365] [info]   旋转 RPY: (-2.3164, 0.3518, 1.0829) deg
[20:30:32.365] [info]   平移 XYZ: (-0.0307, -0.3070, 4.8396) m
[20:30:32.426] [debug] [ManualAdjust] 平移增量 dxyz=(0.0000, 0.0000, 0.0050)m
[20:30:32.426] [info] [ManualAdjust] 当前外参 [imu_0→cam_front]:
[20:30:32.426] [info]   旋转 RPY: (-2.3164, 0.3518, 1.0829) deg
[20:30:32.426] [info]   平移 XYZ: (-0.0307, -0.3070, 4.8446) m
[20:30:32.457] [debug] [ManualAdjust] 平移增量 dxyz=(0.0000, 0.0000, 0.0050)m
[20:30:32.457] [info] [ManualAdjust] 当前外参 [imu_0→cam_front]:
[20:30:32.457] [info]   旋转 RPY: (-2.3164, 0.3518, 1.0829) deg
[20:30:32.457] [info]   平移 XYZ: (-0.0307, -0.3070, 4.8496) m
[20:30:32.513] [debug] [ManualAdjust] 平移增量 dxyz=(0.0000, 0.0000, 0.0050)m
[20:30:32.513] [info] [ManualAdjust] 当前外参 [imu_0→cam_front]:
[20:30:32.513] [info]   旋转 RPY: (-2.3164, 0.3518, 1.0829) deg
[20:30:32.513] [info]   平移 XYZ: (-0.0307, -0.3070, 4.8546) m
[20:30:32.543] [debug] [ManualAdjust] 平移增量 dxyz=(0.0000, 0.0000, 0.0050)m
[20:30:32.543] [info] [ManualAdjust] 当前外参 [imu_0→cam_front]:
[20:30:32.543] [info]   旋转 RPY: (-2.3164, 0.3518, 1.0829) deg
[20:30:32.543] [info]   平移 XYZ: (-0.0307, -0.3070, 4.8596) m
[20:30:32.595] [debug] [ManualAdjust] 平移增量 dxyz=(0.0000, 0.0000, 0.0050)m
[20:30:32.595] [info] [ManualAdjust] 当前外参 [imu_0→cam_front]:
[20:30:32.595] [info]   旋转 RPY: (-2.3164, 0.3518, 1.0829) deg
[20:30:32.595] [info]   平移 XYZ: (-0.0307, -0.3070, 4.8646) m
[20:30:32.628] [debug] [ManualAdjust] 平移增量 dxyz=(0.0000, 0.0000, 0.0050)m
[20:30:32.628] [info] [ManualAdjust] 当前外参 [imu_0→cam_front]:
[20:30:32.628] [info]   旋转 RPY: (-2.3164, 0.3518, 1.0829) deg
[20:30:32.628] [info]   平移 XYZ: (-0.0307, -0.3070, 4.8696) m
[20:30:32.676] [debug] [ManualAdjust] 平移增量 dxyz=(0.0000, 0.0000, 0.0050)m
[20:30:32.676] [info] [ManualAdjust] 当前外参 [imu_0→cam_front]:
[20:30:32.676] [info]   旋转 RPY: (-2.3164, 0.3518, 1.0829) deg
[20:30:32.676] [info]   平移 XYZ: (-0.0307, -0.3070, 4.8746) m
[20:30:32.707] [debug] [ManualAdjust] 平移增量 dxyz=(0.0000, 0.0000, 0.0050)m
[20:30:32.707] [info] [ManualAdjust] 当前外参 [imu_0→cam_front]:
[20:30:32.707] [info]   旋转 RPY: (-2.3164, 0.3518, 1.0829) deg
[20:30:32.707] [info]   平移 XYZ: (-0.0307, -0.3070, 4.8796) m
[20:30:32.768] [debug] [ManualAdjust] 平移增量 dxyz=(0.0000, 0.0000, 0.0050)m
[20:30:32.768] [info] [ManualAdjust] 当前外参 [imu_0→cam_front]:
[20:30:32.768] [info]   旋转 RPY: (-2.3164, 0.3518, 1.0829) deg
[20:30:32.768] [info]   平移 XYZ: (-0.0307, -0.3070, 4.8846) m
[20:30:32.813] [debug] [ManualAdjust] 平移增量 dxyz=(0.0000, 0.0000, 0.0050)m
[20:30:32.813] [info] [ManualAdjust] 当前外参 [imu_0→cam_front]:
[20:30:32.813] [info]   旋转 RPY: (-2.3164, 0.3518, 1.0829) deg
[20:30:32.813] [info]   平移 XYZ: (-0.0307, -0.3070, 4.8896) m
[20:30:32.851] [debug] [ManualAdjust] 平移增量 dxyz=(0.0000, 0.0000, 0.0050)m
[20:30:32.851] [info] [ManualAdjust] 当前外参 [imu_0→cam_front]:
[20:30:32.851] [info]   旋转 RPY: (-2.3164, 0.3518, 1.0829) deg
[20:30:32.851] [info]   平移 XYZ: (-0.0307, -0.3070, 4.8946) m
[20:30:32.884] [debug] [ManualAdjust] 平移增量 dxyz=(0.0000, 0.0000, 0.0050)m
[20:30:32.884] [info] [ManualAdjust] 当前外参 [imu_0→cam_front]:
[20:30:32.884] [info]   旋转 RPY: (-2.3164, 0.3518, 1.0829) deg
[20:30:32.884] [info]   平移 XYZ: (-0.0307, -0.3070, 4.8996) m
[20:30:32.917] [debug] [ManualAdjust] 平移增量 dxyz=(0.0000, 0.0000, 0.0050)m
[20:30:32.917] [info] [ManualAdjust] 当前外参 [imu_0→cam_front]:
[20:30:32.917] [info]   旋转 RPY: (-2.3164, 0.3518, 1.0829) deg
[20:30:32.917] [info]   平移 XYZ: (-0.0307, -0.3070, 4.9046) m
[20:30:32.951] [debug] [ManualAdjust] 平移增量 dxyz=(0.0000, 0.0000, 0.0050)m
[20:30:32.951] [info] [ManualAdjust] 当前外参 [imu_0→cam_front]:
[20:30:32.951] [info]   旋转 RPY: (-2.3164, 0.3518, 1.0829) deg
[20:30:32.951] [info]   平移 XYZ: (-0.0307, -0.3070, 4.9096) m
[20:30:32.982] [debug] [ManualAdjust] 平移增量 dxyz=(0.0000, 0.0000, 0.0050)m
[20:30:32.982] [info] [ManualAdjust] 当前外参 [imu_0→cam_front]:
[20:30:32.982] [info]   旋转 RPY: (-2.3164, 0.3518, 1.0829) deg
[20:30:32.982] [info]   平移 XYZ: (-0.0307, -0.3070, 4.9146) m
[20:30:33.012] [debug] [ManualAdjust] 平移增量 dxyz=(0.0000, 0.0000, 0.0050)m
[20:30:33.012] [info] [ManualAdjust] 当前外参 [imu_0→cam_front]:
[20:30:33.012] [info]   旋转 RPY: (-2.3164, 0.3518, 1.0829) deg
[20:30:33.012] [info]   平移 XYZ: (-0.0307, -0.3070, 4.9196) m
[20:30:33.047] [debug] [ManualAdjust] 平移增量 dxyz=(0.0000, 0.0000, 0.0050)m
[20:30:33.047] [info] [ManualAdjust] 当前外参 [imu_0→cam_front]:
[20:30:33.047] [info]   旋转 RPY: (-2.3164, 0.3518, 1.0829) deg
[20:30:33.047] [info]   平移 XYZ: (-0.0307, -0.3070, 4.9246) m
[20:30:33.094] [debug] [ManualAdjust] 平移增量 dxyz=(0.0000, 0.0000, 0.0050)m
[20:30:33.094] [info] [ManualAdjust] 当前外参 [imu_0→cam_front]:
[20:30:33.094] [info]   旋转 RPY: (-2.3164, 0.3518, 1.0829) deg
[20:30:33.094] [info]   平移 XYZ: (-0.0307, -0.3070, 4.9296) m
[20:30:33.133] [debug] [ManualAdjust] 平移增量 dxyz=(0.0000, 0.0000, 0.0050)m
[20:30:33.133] [info] [ManualAdjust] 当前外参 [imu_0→cam_front]:
[20:30:33.133] [info]   旋转 RPY: (-2.3164, 0.3518, 1.0829) deg
[20:30:33.133] [info]   平移 XYZ: (-0.0307, -0.3070, 4.9346) m
[20:30:33.163] [debug] [ManualAdjust] 平移增量 dxyz=(0.0000, 0.0000, 0.0050)m
[20:30:33.163] [info] [ManualAdjust] 当前外参 [imu_0→cam_front]:
[20:30:33.163] [info]   旋转 RPY: (-2.3164, 0.3518, 1.0829) deg
[20:30:33.163] [info]   平移 XYZ: (-0.0307, -0.3070, 4.9396) m
[20:30:33.221] [debug] [ManualAdjust] 平移增量 dxyz=(0.0000, 0.0000, 0.0050)m
[20:30:33.221] [info] [ManualAdjust] 当前外参 [imu_0→cam_front]:
[20:30:33.221] [info]   旋转 RPY: (-2.3164, 0.3518, 1.0829) deg
[20:30:33.221] [info]   平移 XYZ: (-0.0307, -0.3070, 4.9446) m
[20:30:33.262] [debug] [ManualAdjust] 平移增量 dxyz=(0.0000, 0.0000, 0.0050)m
[20:30:33.262] [info] [ManualAdjust] 当前外参 [imu_0→cam_front]:
[20:30:33.262] [info]   旋转 RPY: (-2.3164, 0.3518, 1.0829) deg
[20:30:33.262] [info]   平移 XYZ: (-0.0307, -0.3070, 4.9496) m
[20:30:33.292] [debug] [ManualAdjust] 平移增量 dxyz=(0.0000, 0.0000, 0.0050)m
[20:30:33.292] [info] [ManualAdjust] 当前外参 [imu_0→cam_front]:
[20:30:33.292] [info]   旋转 RPY: (-2.3164, 0.3518, 1.0829) deg
[20:30:33.292] [info]   平移 XYZ: (-0.0307, -0.3070, 4.9546) m
[20:30:33.323] [debug] [ManualAdjust] 平移增量 dxyz=(0.0000, 0.0000, 0.0050)m
[20:30:33.323] [info] [ManualAdjust] 当前外参 [imu_0→cam_front]:
[20:30:33.323] [info]   旋转 RPY: (-2.3164, 0.3518, 1.0829) deg
[20:30:33.323] [info]   平移 XYZ: (-0.0307, -0.3070, 4.9596) m
[20:30:33.378] [debug] [ManualAdjust] 平移增量 dxyz=(0.0000, 0.0000, 0.0050)m
[20:30:33.378] [info] [ManualAdjust] 当前外参 [imu_0→cam_front]:
[20:30:33.378] [info]   旋转 RPY: (-2.3164, 0.3518, 1.0829) deg
[20:30:33.378] [info]   平移 XYZ: (-0.0307, -0.3070, 4.9646) m
[20:30:33.424] [debug] [ManualAdjust] 平移增量 dxyz=(0.0000, 0.0000, 0.0050)m
[20:30:33.424] [info] [ManualAdjust] 当前外参 [imu_0→cam_front]:
[20:30:33.424] [info]   旋转 RPY: (-2.3164, 0.3518, 1.0829) deg
[20:30:33.424] [info]   平移 XYZ: (-0.0307, -0.3070, 4.9696) m
[20:30:33.456] [debug] [ManualAdjust] 平移增量 dxyz=(0.0000, 0.0000, 0.0050)m
[20:30:33.456] [info] [ManualAdjust] 当前外参 [imu_0→cam_front]:
[20:30:33.456] [info]   旋转 RPY: (-2.3164, 0.3518, 1.0829) deg
[20:30:33.456] [info]   平移 XYZ: (-0.0307, -0.3070, 4.9746) m
[20:30:33.486] [debug] [ManualAdjust] 平移增量 dxyz=(0.0000, 0.0000, 0.0050)m
[20:30:33.486] [info] [ManualAdjust] 当前外参 [imu_0→cam_front]:
[20:30:33.486] [info]   旋转 RPY: (-2.3164, 0.3518, 1.0829) deg
[20:30:33.486] [info]   平移 XYZ: (-0.0307, -0.3070, 4.9796) m
[20:30:33.540] [debug] [ManualAdjust] 平移增量 dxyz=(0.0000, 0.0000, 0.0050)m
[20:30:33.540] [info] [ManualAdjust] 当前外参 [imu_0→cam_front]:
[20:30:33.540] [info]   旋转 RPY: (-2.3164, 0.3518, 1.0829) deg
[20:30:33.540] [info]   平移 XYZ: (-0.0307, -0.3070, 4.9846) m
[20:30:33.580] [debug] [ManualAdjust] 平移增量 dxyz=(0.0000, 0.0000, 0.0050)m
[20:30:33.580] [info] [ManualAdjust] 当前外参 [imu_0→cam_front]:
[20:30:33.580] [info]   旋转 RPY: (-2.3164, 0.3518, 1.0829) deg
[20:30:33.580] [info]   平移 XYZ: (-0.0307, -0.3070, 4.9896) m
[20:30:33.613] [debug] [ManualAdjust] 平移增量 dxyz=(0.0000, 0.0000, 0.0050)m
[20:30:33.613] [info] [ManualAdjust] 当前外参 [imu_0→cam_front]:
[20:30:33.613] [info]   旋转 RPY: (-2.3164, 0.3518, 1.0829) deg
[20:30:33.613] [info]   平移 XYZ: (-0.0307, -0.3070, 4.9946) m
[20:30:33.643] [debug] [ManualAdjust] 平移增量 dxyz=(0.0000, 0.0000, 0.0050)m
[20:30:33.643] [info] [ManualAdjust] 当前外参 [imu_0→cam_front]:
[20:30:33.643] [info]   旋转 RPY: (-2.3164, 0.3518, 1.0829) deg
[20:30:33.643] [info]   平移 XYZ: (-0.0307, -0.3070, 4.9996) m
[20:30:33.674] [debug] [ManualAdjust] 平移增量 dxyz=(0.0000, 0.0000, 0.0050)m
[20:30:33.674] [info] [ManualAdjust] 当前外参 [imu_0→cam_front]:
[20:30:33.674] [info]   旋转 RPY: (-2.3164, 0.3518, 1.0829) deg
[20:30:33.674] [info]   平移 XYZ: (-0.0307, -0.3070, 5.0046) m
[20:30:33.708] [debug] [ManualAdjust] 平移增量 dxyz=(0.0000, 0.0000, 0.0050)m
[20:30:33.708] [info] [ManualAdjust] 当前外参 [imu_0→cam_front]:
[20:30:33.708] [info]   旋转 RPY: (-2.3164, 0.3518, 1.0829) deg
[20:30:33.708] [info]   平移 XYZ: (-0.0307, -0.3070, 5.0096) m
[20:30:33.764] [debug] [ManualAdjust] 平移增量 dxyz=(0.0000, 0.0000, 0.0050)m
[20:30:33.764] [info] [ManualAdjust] 当前外参 [imu_0→cam_front]:
[20:30:33.764] [info]   旋转 RPY: (-2.3164, 0.3518, 1.0829) deg
[20:30:33.765] [info]   平移 XYZ: (-0.0307, -0.3070, 5.0146) m
[20:30:33.792] [debug] [ManualAdjust] 平移增量 dxyz=(0.0000, 0.0000, 0.0050)m
[20:30:33.792] [info] [ManualAdjust] 当前外参 [imu_0→cam_front]:
[20:30:33.792] [info]   旋转 RPY: (-2.3164, 0.3518, 1.0829) deg
[20:30:33.792] [info]   平移 XYZ: (-0.0307, -0.3070, 5.0196) m
[20:30:33.836] [debug] [ManualAdjust] 平移增量 dxyz=(0.0000, 0.0000, 0.0050)m
[20:30:33.836] [info] [ManualAdjust] 当前外参 [imu_0→cam_front]:
[20:30:33.836] [info]   旋转 RPY: (-2.3164, 0.3518, 1.0829) deg
[20:30:33.836] [info]   平移 XYZ: (-0.0307, -0.3070, 5.0246) m
[20:30:33.885] [debug] [ManualAdjust] 平移增量 dxyz=(0.0000, 0.0000, 0.0050)m
[20:30:33.885] [info] [ManualAdjust] 当前外参 [imu_0→cam_front]:
[20:30:33.885] [info]   旋转 RPY: (-2.3164, 0.3518, 1.0829) deg
[20:30:33.885] [info]   平移 XYZ: (-0.0307, -0.3070, 5.0296) m
[20:30:33.928] [debug] [ManualAdjust] 平移增量 dxyz=(0.0000, 0.0000, 0.0050)m
[20:30:33.928] [info] [ManualAdjust] 当前外参 [imu_0→cam_front]:
[20:30:33.928] [info]   旋转 RPY: (-2.3164, 0.3518, 1.0829) deg
[20:30:33.928] [info]   平移 XYZ: (-0.0307, -0.3070, 5.0346) m
[20:30:33.960] [debug] [ManualAdjust] 平移增量 dxyz=(0.0000, 0.0000, 0.0050)m
[20:30:33.960] [info] [ManualAdjust] 当前外参 [imu_0→cam_front]:
[20:30:33.960] [info]   旋转 RPY: (-2.3164, 0.3518, 1.0829) deg
[20:30:33.960] [info]   平移 XYZ: (-0.0307, -0.3070, 5.0396) m
[20:30:34.006] [debug] [ManualAdjust] 平移增量 dxyz=(0.0000, 0.0000, 0.0050)m
[20:30:34.006] [info] [ManualAdjust] 当前外参 [imu_0→cam_front]:
[20:30:34.006] [info]   旋转 RPY: (-2.3164, 0.3518, 1.0829) deg
[20:30:34.006] [info]   平移 XYZ: (-0.0307, -0.3070, 5.0446) m
[20:30:34.058] [debug] [ManualAdjust] 平移增量 dxyz=(0.0000, 0.0000, 0.0050)m
[20:30:34.058] [info] [ManualAdjust] 当前外参 [imu_0→cam_front]:
[20:30:34.058] [info]   旋转 RPY: (-2.3164, 0.3518, 1.0829) deg
[20:30:34.058] [info]   平移 XYZ: (-0.0307, -0.3070, 5.0496) m
[20:30:34.089] [debug] [ManualAdjust] 平移增量 dxyz=(0.0000, 0.0000, 0.0050)m
[20:30:34.089] [info] [ManualAdjust] 当前外参 [imu_0→cam_front]:
[20:30:34.089] [info]   旋转 RPY: (-2.3164, 0.3518, 1.0829) deg
[20:30:34.089] [info]   平移 XYZ: (-0.0307, -0.3070, 5.0546) m
[20:30:34.148] [debug] [ManualAdjust] 平移增量 dxyz=(0.0000, 0.0000, 0.0050)m
[20:30:34.148] [info] [ManualAdjust] 当前外参 [imu_0→cam_front]:
[20:30:34.148] [info]   旋转 RPY: (-2.3164, 0.3518, 1.0829) deg
[20:30:34.148] [info]   平移 XYZ: (-0.0307, -0.3070, 5.0596) m
[20:30:34.187] [debug] [ManualAdjust] 平移增量 dxyz=(0.0000, 0.0000, 0.0050)m
[20:30:34.187] [info] [ManualAdjust] 当前外参 [imu_0→cam_front]:
[20:30:34.187] [info]   旋转 RPY: (-2.3164, 0.3518, 1.0829) deg
[20:30:34.187] [info]   平移 XYZ: (-0.0307, -0.3070, 5.0646) m
[20:30:34.216] [debug] [ManualAdjust] 平移增量 dxyz=(0.0000, 0.0000, 0.0050)m
[20:30:34.216] [info] [ManualAdjust] 当前外参 [imu_0→cam_front]:
[20:30:34.216] [info]   旋转 RPY: (-2.3164, 0.3518, 1.0829) deg
[20:30:34.216] [info]   平移 XYZ: (-0.0307, -0.3070, 5.0696) m
[20:30:34.246] [debug] [ManualAdjust] 平移增量 dxyz=(0.0000, 0.0000, 0.0050)m
[20:30:34.246] [info] [ManualAdjust] 当前外参 [imu_0→cam_front]:
[20:30:34.246] [info]   旋转 RPY: (-2.3164, 0.3518, 1.0829) deg
[20:30:34.246] [info]   平移 XYZ: (-0.0307, -0.3070, 5.0746) m
[20:30:34.307] [debug] [ManualAdjust] 平移增量 dxyz=(0.0000, 0.0000, 0.0050)m
[20:30:34.307] [info] [ManualAdjust] 当前外参 [imu_0→cam_front]:
[20:30:34.307] [info]   旋转 RPY: (-2.3164, 0.3518, 1.0829) deg
[20:30:34.307] [info]   平移 XYZ: (-0.0307, -0.3070, 5.0796) m
[20:30:34.338] [debug] [ManualAdjust] 平移增量 dxyz=(0.0000, 0.0000, 0.0050)m
[20:30:34.338] [info] [ManualAdjust] 当前外参 [imu_0→cam_front]:
[20:30:34.338] [info]   旋转 RPY: (-2.3164, 0.3518, 1.0829) deg
[20:30:34.338] [info]   平移 XYZ: (-0.0307, -0.3070, 5.0846) m
[20:30:34.387] [debug] [ManualAdjust] 平移增量 dxyz=(0.0000, 0.0000, 0.0050)m
[20:30:34.387] [info] [ManualAdjust] 当前外参 [imu_0→cam_front]:
[20:30:34.387] [info]   旋转 RPY: (-2.3164, 0.3518, 1.0829) deg
[20:30:34.387] [info]   平移 XYZ: (-0.0307, -0.3070, 5.0896) m
[20:30:34.433] [debug] [ManualAdjust] 平移增量 dxyz=(0.0000, 0.0000, 0.0050)m
[20:30:34.433] [info] [ManualAdjust] 当前外参 [imu_0→cam_front]:
[20:30:34.433] [info]   旋转 RPY: (-2.3164, 0.3518, 1.0829) deg
[20:30:34.433] [info]   平移 XYZ: (-0.0307, -0.3070, 5.0946) m
[20:30:34.474] [debug] [ManualAdjust] 平移增量 dxyz=(0.0000, 0.0000, 0.0050)m
[20:30:34.474] [info] [ManualAdjust] 当前外参 [imu_0→cam_front]:
[20:30:34.474] [info]   旋转 RPY: (-2.3164, 0.3518, 1.0829) deg
[20:30:34.474] [info]   平移 XYZ: (-0.0307, -0.3070, 5.0996) m
[20:30:34.525] [debug] [ManualAdjust] 平移增量 dxyz=(0.0000, 0.0000, 0.0050)m
[20:30:34.525] [info] [ManualAdjust] 当前外参 [imu_0→cam_front]:
[20:30:34.525] [info]   旋转 RPY: (-2.3164, 0.3518, 1.0829) deg
[20:30:34.525] [info]   平移 XYZ: (-0.0307, -0.3070, 5.1046) m
[20:30:34.557] [debug] [ManualAdjust] 平移增量 dxyz=(0.0000, 0.0000, 0.0050)m
[20:30:34.557] [info] [ManualAdjust] 当前外参 [imu_0→cam_front]:
[20:30:34.557] [info]   旋转 RPY: (-2.3164, 0.3518, 1.0829) deg
[20:30:34.557] [info]   平移 XYZ: (-0.0307, -0.3070, 5.1096) m
[20:30:34.605] [debug] [ManualAdjust] 平移增量 dxyz=(0.0000, 0.0000, 0.0050)m
[20:30:34.605] [info] [ManualAdjust] 当前外参 [imu_0→cam_front]:
[20:30:34.605] [info]   旋转 RPY: (-2.3164, 0.3518, 1.0829) deg
[20:30:34.605] [info]   平移 XYZ: (-0.0307, -0.3070, 5.1146) m
[20:30:34.636] [debug] [ManualAdjust] 平移增量 dxyz=(0.0000, 0.0000, 0.0050)m
[20:30:34.636] [info] [ManualAdjust] 当前外参 [imu_0→cam_front]:
[20:30:34.636] [info]   旋转 RPY: (-2.3164, 0.3518, 1.0829) deg
[20:30:34.636] [info]   平移 XYZ: (-0.0307, -0.3070, 5.1196) m
[20:30:34.667] [debug] [ManualAdjust] 平移增量 dxyz=(0.0000, 0.0000, 0.0050)m
[20:30:34.667] [info] [ManualAdjust] 当前外参 [imu_0→cam_front]:
[20:30:34.667] [info]   旋转 RPY: (-2.3164, 0.3518, 1.0829) deg
[20:30:34.667] [info]   平移 XYZ: (-0.0307, -0.3070, 5.1246) m
[20:30:34.720] [debug] [ManualAdjust] 平移增量 dxyz=(0.0000, 0.0000, 0.0050)m
[20:30:34.720] [info] [ManualAdjust] 当前外参 [imu_0→cam_front]:
[20:30:34.720] [info]   旋转 RPY: (-2.3164, 0.3518, 1.0829) deg
[20:30:34.720] [info]   平移 XYZ: (-0.0307, -0.3070, 5.1296) m
[20:30:34.750] [debug] [ManualAdjust] 平移增量 dxyz=(0.0000, 0.0000, 0.0050)m
[20:30:34.750] [info] [ManualAdjust] 当前外参 [imu_0→cam_front]:
[20:30:34.750] [info]   旋转 RPY: (-2.3164, 0.3518, 1.0829) deg
[20:30:34.750] [info]   平移 XYZ: (-0.0307, -0.3070, 5.1346) m
[20:30:34.784] [debug] [ManualAdjust] 平移增量 dxyz=(0.0000, 0.0000, 0.0050)m
[20:30:34.784] [info] [ManualAdjust] 当前外参 [imu_0→cam_front]:
[20:30:34.784] [info]   旋转 RPY: (-2.3164, 0.3518, 1.0829) deg
[20:30:34.784] [info]   平移 XYZ: (-0.0307, -0.3070, 5.1396) m
[20:30:34.815] [debug] [ManualAdjust] 平移增量 dxyz=(0.0000, 0.0000, 0.0050)m
[20:30:34.815] [info] [ManualAdjust] 当前外参 [imu_0→cam_front]:
[20:30:34.815] [info]   旋转 RPY: (-2.3164, 0.3518, 1.0829) deg
[20:30:34.815] [info]   平移 XYZ: (-0.0307, -0.3070, 5.1446) m
[20:30:34.861] [debug] [ManualAdjust] 平移增量 dxyz=(0.0000, 0.0000, 0.0050)m
[20:30:34.861] [info] [ManualAdjust] 当前外参 [imu_0→cam_front]:
[20:30:34.861] [info]   旋转 RPY: (-2.3164, 0.3518, 1.0829) deg
[20:30:34.861] [info]   平移 XYZ: (-0.0307, -0.3070, 5.1496) m
[20:30:34.899] [debug] [ManualAdjust] 平移增量 dxyz=(0.0000, 0.0000, 0.0050)m
[20:30:34.899] [info] [ManualAdjust] 当前外参 [imu_0→cam_front]:
[20:30:34.899] [info]   旋转 RPY: (-2.3164, 0.3518, 1.0829) deg
[20:30:34.899] [info]   平移 XYZ: (-0.0307, -0.3070, 5.1546) m
[20:30:34.929] [debug] [ManualAdjust] 平移增量 dxyz=(0.0000, 0.0000, 0.0050)m
[20:30:34.929] [info] [ManualAdjust] 当前外参 [imu_0→cam_front]:
[20:30:34.929] [info]   旋转 RPY: (-2.3164, 0.3518, 1.0829) deg
[20:30:34.929] [info]   平移 XYZ: (-0.0307, -0.3070, 5.1596) m
[20:30:34.961] [debug] [ManualAdjust] 平移增量 dxyz=(0.0000, 0.0000, 0.0050)m
[20:30:34.961] [info] [ManualAdjust] 当前外参 [imu_0→cam_front]:
[20:30:34.961] [info]   旋转 RPY: (-2.3164, 0.3518, 1.0829) deg
[20:30:34.961] [info]   平移 XYZ: (-0.0307, -0.3070, 5.1646) m
[20:30:34.993] [debug] [ManualAdjust] 平移增量 dxyz=(0.0000, 0.0000, 0.0050)m
[20:30:34.993] [info] [ManualAdjust] 当前外参 [imu_0→cam_front]:
[20:30:34.993] [info]   旋转 RPY: (-2.3164, 0.3518, 1.0829) deg
[20:30:34.993] [info]   平移 XYZ: (-0.0307, -0.3070, 5.1696) m
[20:30:35.038] [debug] [ManualAdjust] 平移增量 dxyz=(0.0000, 0.0000, 0.0050)m
[20:30:35.038] [info] [ManualAdjust] 当前外参 [imu_0→cam_front]:
[20:30:35.038] [info]   旋转 RPY: (-2.3164, 0.3518, 1.0829) deg
[20:30:35.038] [info]   平移 XYZ: (-0.0307, -0.3070, 5.1746) m
[20:30:35.070] [debug] [ManualAdjust] 平移增量 dxyz=(0.0000, 0.0000, 0.0050)m
[20:30:35.070] [info] [ManualAdjust] 当前外参 [imu_0→cam_front]:
[20:30:35.070] [info]   旋转 RPY: (-2.3164, 0.3518, 1.0829) deg
[20:30:35.070] [info]   平移 XYZ: (-0.0307, -0.3070, 5.1796) m
[20:30:35.117] [debug] [ManualAdjust] 平移增量 dxyz=(0.0000, 0.0000, 0.0050)m
[20:30:35.117] [info] [ManualAdjust] 当前外参 [imu_0→cam_front]:
[20:30:35.117] [info]   旋转 RPY: (-2.3164, 0.3518, 1.0829) deg
[20:30:35.117] [info]   平移 XYZ: (-0.0307, -0.3070, 5.1846) m
[20:30:35.154] [debug] [ManualAdjust] 平移增量 dxyz=(0.0000, 0.0000, 0.0050)m
[20:30:35.154] [info] [ManualAdjust] 当前外参 [imu_0→cam_front]:
[20:30:35.154] [info]   旋转 RPY: (-2.3164, 0.3518, 1.0829) deg
[20:30:35.154] [info]   平移 XYZ: (-0.0307, -0.3070, 5.1896) m
[20:30:35.184] [debug] [ManualAdjust] 平移增量 dxyz=(0.0000, 0.0000, 0.0050)m
[20:30:35.185] [info] [ManualAdjust] 当前外参 [imu_0→cam_front]:
[20:30:35.185] [info]   旋转 RPY: (-2.3164, 0.3518, 1.0829) deg
[20:30:35.185] [info]   平移 XYZ: (-0.0307, -0.3070, 5.1946) m
[20:30:35.241] [debug] [ManualAdjust] 平移增量 dxyz=(0.0000, 0.0000, 0.0050)m
[20:30:35.241] [info] [ManualAdjust] 当前外参 [imu_0→cam_front]:
[20:30:35.241] [info]   旋转 RPY: (-2.3164, 0.3518, 1.0829) deg
[20:30:35.241] [info]   平移 XYZ: (-0.0307, -0.3070, 5.1996) m
[20:30:35.280] [debug] [ManualAdjust] 平移增量 dxyz=(0.0000, 0.0000, 0.0050)m
[20:30:35.280] [info] [ManualAdjust] 当前外参 [imu_0→cam_front]:
[20:30:35.280] [info]   旋转 RPY: (-2.3164, 0.3518, 1.0829) deg
[20:30:35.280] [info]   平移 XYZ: (-0.0307, -0.3070, 5.2046) m
[20:30:35.322] [debug] [ManualAdjust] 平移增量 dxyz=(0.0000, 0.0000, 0.0050)m
[20:30:35.322] [info] [ManualAdjust] 当前外参 [imu_0→cam_front]:
[20:30:35.322] [info]   旋转 RPY: (-2.3164, 0.3518, 1.0829) deg
[20:30:35.322] [info]   平移 XYZ: (-0.0307, -0.3070, 5.2096) m
[20:30:35.353] [debug] [ManualAdjust] 平移增量 dxyz=(0.0000, 0.0000, 0.0050)m
[20:30:35.353] [info] [ManualAdjust] 当前外参 [imu_0→cam_front]:
[20:30:35.353] [info]   旋转 RPY: (-2.3164, 0.3518, 1.0829) deg
[20:30:35.353] [info]   平移 XYZ: (-0.0307, -0.3070, 5.2146) m
[20:30:35.409] [debug] [ManualAdjust] 平移增量 dxyz=(0.0000, 0.0000, 0.0050)m
[20:30:35.409] [info] [ManualAdjust] 当前外参 [imu_0→cam_front]:
[20:30:35.409] [info]   旋转 RPY: (-2.3164, 0.3518, 1.0829) deg
[20:30:35.409] [info]   平移 XYZ: (-0.0307, -0.3070, 5.2196) m
[20:30:35.454] [debug] [ManualAdjust] 平移增量 dxyz=(0.0000, 0.0000, 0.0050)m
[20:30:35.454] [info] [ManualAdjust] 当前外参 [imu_0→cam_front]:
[20:30:35.454] [info]   旋转 RPY: (-2.3164, 0.3518, 1.0829) deg
[20:30:35.454] [info]   平移 XYZ: (-0.0307, -0.3070, 5.2246) m
[20:30:35.489] [debug] [ManualAdjust] 平移增量 dxyz=(0.0000, 0.0000, 0.0050)m
[20:30:35.489] [info] [ManualAdjust] 当前外参 [imu_0→cam_front]:
[20:30:35.489] [info]   旋转 RPY: (-2.3164, 0.3518, 1.0829) deg
[20:30:35.489] [info]   平移 XYZ: (-0.0307, -0.3070, 5.2296) m
[20:30:35.519] [debug] [ManualAdjust] 平移增量 dxyz=(0.0000, 0.0000, 0.0050)m
[20:30:35.519] [info] [ManualAdjust] 当前外参 [imu_0→cam_front]:
[20:30:35.519] [info]   旋转 RPY: (-2.3164, 0.3518, 1.0829) deg
[20:30:35.519] [info]   平移 XYZ: (-0.0307, -0.3070, 5.2346) m
[20:30:35.576] [debug] [ManualAdjust] 平移增量 dxyz=(0.0000, 0.0000, 0.0050)m
[20:30:35.576] [info] [ManualAdjust] 当前外参 [imu_0→cam_front]:
[20:30:35.576] [info]   旋转 RPY: (-2.3164, 0.3518, 1.0829) deg
[20:30:35.576] [info]   平移 XYZ: (-0.0307, -0.3070, 5.2396) m
[20:30:35.607] [debug] [ManualAdjust] 平移增量 dxyz=(0.0000, 0.0000, 0.0050)m
[20:30:35.607] [info] [ManualAdjust] 当前外参 [imu_0→cam_front]:
[20:30:35.607] [info]   旋转 RPY: (-2.3164, 0.3518, 1.0829) deg
[20:30:35.607] [info]   平移 XYZ: (-0.0307, -0.3070, 5.2446) m
[20:30:35.658] [debug] [ManualAdjust] 平移增量 dxyz=(0.0000, 0.0000, 0.0050)m
[20:30:35.658] [info] [ManualAdjust] 当前外参 [imu_0→cam_front]:
[20:30:35.658] [info]   旋转 RPY: (-2.3164, 0.3518, 1.0829) deg
[20:30:35.658] [info]   平移 XYZ: (-0.0307, -0.3070, 5.2496) m
[20:30:35.689] [debug] [ManualAdjust] 平移增量 dxyz=(0.0000, 0.0000, 0.0050)m
[20:30:35.689] [info] [ManualAdjust] 当前外参 [imu_0→cam_front]:
[20:30:35.689] [info]   旋转 RPY: (-2.3164, 0.3518, 1.0829) deg
[20:30:35.689] [info]   平移 XYZ: (-0.0307, -0.3070, 5.2546) m
[20:30:35.753] [debug] [ManualAdjust] 平移增量 dxyz=(0.0000, 0.0000, 0.0050)m
[20:30:35.753] [info] [ManualAdjust] 当前外参 [imu_0→cam_front]:
[20:30:35.753] [info]   旋转 RPY: (-2.3164, 0.3518, 1.0829) deg
[20:30:35.753] [info]   平移 XYZ: (-0.0307, -0.3070, 5.2596) m
[20:30:35.797] [debug] [ManualAdjust] 平移增量 dxyz=(0.0000, 0.0000, 0.0050)m
[20:30:35.797] [info] [ManualAdjust] 当前外参 [imu_0→cam_front]:
[20:30:35.797] [info]   旋转 RPY: (-2.3164, 0.3518, 1.0829) deg
[20:30:35.797] [info]   平移 XYZ: (-0.0307, -0.3070, 5.2646) m
[20:30:35.829] [debug] [ManualAdjust] 平移增量 dxyz=(0.0000, 0.0000, 0.0050)m
[20:30:35.829] [info] [ManualAdjust] 当前外参 [imu_0→cam_front]:
[20:30:35.829] [info]   旋转 RPY: (-2.3164, 0.3518, 1.0829) deg
[20:30:35.829] [info]   平移 XYZ: (-0.0307, -0.3070, 5.2696) m
[20:30:35.860] [debug] [ManualAdjust] 平移增量 dxyz=(0.0000, 0.0000, 0.0050)m
[20:30:35.860] [info] [ManualAdjust] 当前外参 [imu_0→cam_front]:
[20:30:35.860] [info]   旋转 RPY: (-2.3164, 0.3518, 1.0829) deg
[20:30:35.860] [info]   平移 XYZ: (-0.0307, -0.3070, 5.2746) m
[20:30:35.903] [debug] [ManualAdjust] 平移增量 dxyz=(0.0000, 0.0000, 0.0050)m
[20:30:35.903] [info] [ManualAdjust] 当前外参 [imu_0→cam_front]:
[20:30:35.903] [info]   旋转 RPY: (-2.3164, 0.3518, 1.0829) deg
[20:30:35.903] [info]   平移 XYZ: (-0.0307, -0.3070, 5.2796) m
[20:30:35.938] [debug] [ManualAdjust] 平移增量 dxyz=(0.0000, 0.0000, 0.0050)m
[20:30:35.938] [info] [ManualAdjust] 当前外参 [imu_0→cam_front]:
[20:30:35.938] [info]   旋转 RPY: (-2.3164, 0.3518, 1.0829) deg
[20:30:35.938] [info]   平移 XYZ: (-0.0307, -0.3070, 5.2846) m
[20:30:35.977] [debug] [ManualAdjust] 平移增量 dxyz=(0.0000, 0.0000, 0.0050)m
[20:30:35.977] [info] [ManualAdjust] 当前外参 [imu_0→cam_front]:
[20:30:35.977] [info]   旋转 RPY: (-2.3164, 0.3518, 1.0829) deg
[20:30:35.977] [info]   平移 XYZ: (-0.0307, -0.3070, 5.2896) m
[20:30:36.009] [debug] [ManualAdjust] 平移增量 dxyz=(0.0000, 0.0000, 0.0050)m
[20:30:36.009] [info] [ManualAdjust] 当前外参 [imu_0→cam_front]:
[20:30:36.009] [info]   旋转 RPY: (-2.3164, 0.3518, 1.0829) deg
[20:30:36.009] [info]   平移 XYZ: (-0.0307, -0.3070, 5.2946) m
[20:30:36.039] [debug] [ManualAdjust] 平移增量 dxyz=(0.0000, 0.0000, 0.0050)m
[20:30:36.039] [info] [ManualAdjust] 当前外参 [imu_0→cam_front]:
[20:30:36.040] [info]   旋转 RPY: (-2.3164, 0.3518, 1.0829) deg
[20:30:36.040] [info]   平移 XYZ: (-0.0307, -0.3070, 5.2996) m
[20:30:36.097] [debug] [ManualAdjust] 平移增量 dxyz=(0.0000, 0.0000, 0.0050)m
[20:30:36.097] [info] [ManualAdjust] 当前外参 [imu_0→cam_front]:
[20:30:36.097] [info]   旋转 RPY: (-2.3164, 0.3518, 1.0829) deg
[20:30:36.097] [info]   平移 XYZ: (-0.0307, -0.3070, 5.3046) m
[20:30:36.136] [debug] [ManualAdjust] 平移增量 dxyz=(0.0000, 0.0000, 0.0050)m
[20:30:36.136] [info] [ManualAdjust] 当前外参 [imu_0→cam_front]:
[20:30:36.136] [info]   旋转 RPY: (-2.3164, 0.3518, 1.0829) deg
[20:30:36.136] [info]   平移 XYZ: (-0.0307, -0.3070, 5.3096) m
[20:30:36.175] [debug] [ManualAdjust] 平移增量 dxyz=(0.0000, 0.0000, 0.0050)m
[20:30:36.175] [info] [ManualAdjust] 当前外参 [imu_0→cam_front]:
[20:30:36.175] [info]   旋转 RPY: (-2.3164, 0.3518, 1.0829) deg
[20:30:36.175] [info]   平移 XYZ: (-0.0307, -0.3070, 5.3146) m
[20:30:36.206] [debug] [ManualAdjust] 平移增量 dxyz=(0.0000, 0.0000, 0.0050)m
[20:30:36.206] [info] [ManualAdjust] 当前外参 [imu_0→cam_front]:
[20:30:36.206] [info]   旋转 RPY: (-2.3164, 0.3518, 1.0829) deg
[20:30:36.206] [info]   平移 XYZ: (-0.0307, -0.3070, 5.3196) m
[20:30:36.239] [debug] [ManualAdjust] 平移增量 dxyz=(0.0000, 0.0000, 0.0050)m
[20:30:36.240] [info] [ManualAdjust] 当前外参 [imu_0→cam_front]:
[20:30:36.240] [info]   旋转 RPY: (-2.3164, 0.3518, 1.0829) deg
[20:30:36.240] [info]   平移 XYZ: (-0.0307, -0.3070, 5.3246) m
[20:30:36.283] [debug] [ManualAdjust] 平移增量 dxyz=(0.0000, 0.0000, 0.0050)m
[20:30:36.284] [info] [ManualAdjust] 当前外参 [imu_0→cam_front]:
[20:30:36.284] [info]   旋转 RPY: (-2.3164, 0.3518, 1.0829) deg
[20:30:36.284] [info]   平移 XYZ: (-0.0307, -0.3070, 5.3296) m
[20:30:36.314] [debug] [ManualAdjust] 平移增量 dxyz=(0.0000, 0.0000, 0.0050)m
[20:30:36.314] [info] [ManualAdjust] 当前外参 [imu_0→cam_front]:
[20:30:36.314] [info]   旋转 RPY: (-2.3164, 0.3518, 1.0829) deg
[20:30:36.314] [info]   平移 XYZ: (-0.0307, -0.3070, 5.3346) m
[20:30:36.365] [debug] [ManualAdjust] 平移增量 dxyz=(0.0000, 0.0000, 0.0050)m
[20:30:36.365] [info] [ManualAdjust] 当前外参 [imu_0→cam_front]:
[20:30:36.365] [info]   旋转 RPY: (-2.3164, 0.3518, 1.0829) deg
[20:30:36.365] [info]   平移 XYZ: (-0.0307, -0.3070, 5.3396) m
[20:30:36.395] [debug] [ManualAdjust] 平移增量 dxyz=(0.0000, 0.0000, 0.0050)m
[20:30:36.395] [info] [ManualAdjust] 当前外参 [imu_0→cam_front]:
[20:30:36.395] [info]   旋转 RPY: (-2.3164, 0.3518, 1.0829) deg
[20:30:36.395] [info]   平移 XYZ: (-0.0307, -0.3070, 5.3446) m
[20:30:36.452] [debug] [ManualAdjust] 平移增量 dxyz=(0.0000, 0.0000, 0.0050)m
[20:30:36.452] [info] [ManualAdjust] 当前外参 [imu_0→cam_front]:
[20:30:36.452] [info]   旋转 RPY: (-2.3164, 0.3518, 1.0829) deg
[20:30:36.452] [info]   平移 XYZ: (-0.0307, -0.3070, 5.3496) m
[20:30:36.483] [debug] [ManualAdjust] 平移增量 dxyz=(0.0000, 0.0000, 0.0050)m
[20:30:36.483] [info] [ManualAdjust] 当前外参 [imu_0→cam_front]:
[20:30:36.483] [info]   旋转 RPY: (-2.3164, 0.3518, 1.0829) deg
[20:30:36.483] [info]   平移 XYZ: (-0.0307, -0.3070, 5.3546) m
[20:30:36.534] [debug] [ManualAdjust] 平移增量 dxyz=(0.0000, 0.0000, 0.0050)m
[20:30:36.534] [info] [ManualAdjust] 当前外参 [imu_0→cam_front]:
[20:30:36.534] [info]   旋转 RPY: (-2.3164, 0.3518, 1.0829) deg
[20:30:36.534] [info]   平移 XYZ: (-0.0307, -0.3070, 5.3596) m
[20:30:36.565] [debug] [ManualAdjust] 平移增量 dxyz=(0.0000, 0.0000, 0.0050)m
[20:30:36.565] [info] [ManualAdjust] 当前外参 [imu_0→cam_front]:
[20:30:36.565] [info]   旋转 RPY: (-2.3164, 0.3518, 1.0829) deg
[20:30:36.565] [info]   平移 XYZ: (-0.0307, -0.3070, 5.3646) m
[20:30:36.626] [debug] [ManualAdjust] 平移增量 dxyz=(0.0000, 0.0000, 0.0050)m
[20:30:36.626] [info] [ManualAdjust] 当前外参 [imu_0→cam_front]:
[20:30:36.626] [info]   旋转 RPY: (-2.3164, 0.3518, 1.0829) deg
[20:30:36.626] [info]   平移 XYZ: (-0.0307, -0.3070, 5.3696) m
[20:30:36.666] [debug] [ManualAdjust] 平移增量 dxyz=(0.0000, 0.0000, 0.0050)m
[20:30:36.666] [info] [ManualAdjust] 当前外参 [imu_0→cam_front]:
[20:30:36.666] [info]   旋转 RPY: (-2.3164, 0.3518, 1.0829) deg
[20:30:36.666] [info]   平移 XYZ: (-0.0307, -0.3070, 5.3746) m
[20:30:36.719] [debug] [ManualAdjust] 平移增量 dxyz=(0.0000, 0.0000, 0.0050)m
[20:30:36.719] [info] [ManualAdjust] 当前外参 [imu_0→cam_front]:
[20:30:36.719] [info]   旋转 RPY: (-2.3164, 0.3518, 1.0829) deg
[20:30:36.719] [info]   平移 XYZ: (-0.0307, -0.3070, 5.3796) m
[20:30:36.753] [debug] [ManualAdjust] 平移增量 dxyz=(0.0000, 0.0000, 0.0050)m
[20:30:36.753] [info] [ManualAdjust] 当前外参 [imu_0→cam_front]:
[20:30:36.753] [info]   旋转 RPY: (-2.3164, 0.3518, 1.0829) deg
[20:30:36.753] [info]   平移 XYZ: (-0.0307, -0.3070, 5.3846) m
[20:30:36.785] [debug] [ManualAdjust] 平移增量 dxyz=(0.0000, 0.0000, 0.0050)m
[20:30:36.785] [info] [ManualAdjust] 当前外参 [imu_0→cam_front]:
[20:30:36.785] [info]   旋转 RPY: (-2.3164, 0.3518, 1.0829) deg
[20:30:36.785] [info]   平移 XYZ: (-0.0307, -0.3070, 5.3896) m
[20:30:36.820] [debug] [ManualAdjust] 平移增量 dxyz=(0.0000, 0.0000, 0.0050)m
[20:30:36.821] [info] [ManualAdjust] 当前外参 [imu_0→cam_front]:
[20:30:36.821] [info]   旋转 RPY: (-2.3164, 0.3518, 1.0829) deg
[20:30:36.821] [info]   平移 XYZ: (-0.0307, -0.3070, 5.3946) m
[20:30:36.865] [debug] [ManualAdjust] 平移增量 dxyz=(0.0000, 0.0000, 0.0050)m
[20:30:36.865] [info] [ManualAdjust] 当前外参 [imu_0→cam_front]:
[20:30:36.865] [info]   旋转 RPY: (-2.3164, 0.3518, 1.0829) deg
[20:30:36.865] [info]   平移 XYZ: (-0.0307, -0.3070, 5.3996) m
[20:30:36.895] [debug] [ManualAdjust] 平移增量 dxyz=(0.0000, 0.0000, 0.0050)m
[20:30:36.895] [info] [ManualAdjust] 当前外参 [imu_0→cam_front]:
[20:30:36.895] [info]   旋转 RPY: (-2.3164, 0.3518, 1.0829) deg
[20:30:36.895] [info]   平移 XYZ: (-0.0307, -0.3070, 5.4046) m
[20:30:36.925] [debug] [ManualAdjust] 平移增量 dxyz=(0.0000, 0.0000, 0.0050)m
[20:30:36.925] [info] [ManualAdjust] 当前外参 [imu_0→cam_front]:
[20:30:36.925] [info]   旋转 RPY: (-2.3164, 0.3518, 1.0829) deg
[20:30:36.925] [info]   平移 XYZ: (-0.0307, -0.3070, 5.4096) m
[20:30:36.991] [debug] [ManualAdjust] 平移增量 dxyz=(0.0000, 0.0000, 0.0050)m
[20:30:36.991] [info] [ManualAdjust] 当前外参 [imu_0→cam_front]:
[20:30:36.991] [info]   旋转 RPY: (-2.3164, 0.3518, 1.0829) deg
[20:30:36.991] [info]   平移 XYZ: (-0.0307, -0.3070, 5.4146) m
[20:30:37.022] [debug] [ManualAdjust] 平移增量 dxyz=(0.0000, 0.0000, 0.0050)m
[20:30:37.022] [info] [ManualAdjust] 当前外参 [imu_0→cam_front]:
[20:30:37.022] [info]   旋转 RPY: (-2.3164, 0.3518, 1.0829) deg
[20:30:37.022] [info]   平移 XYZ: (-0.0307, -0.3070, 5.4196) m
[20:30:37.082] [debug] [ManualAdjust] 平移增量 dxyz=(0.0000, 0.0000, 0.0050)m
[20:30:37.082] [info] [ManualAdjust] 当前外参 [imu_0→cam_front]:
[20:30:37.082] [info]   旋转 RPY: (-2.3164, 0.3518, 1.0829) deg
[20:30:37.082] [info]   平移 XYZ: (-0.0307, -0.3070, 5.4246) m
[20:30:37.129] [debug] [ManualAdjust] 平移增量 dxyz=(0.0000, 0.0000, 0.0050)m
[20:30:37.129] [info] [ManualAdjust] 当前外参 [imu_0→cam_front]:
[20:30:37.129] [info]   旋转 RPY: (-2.3164, 0.3518, 1.0829) deg
[20:30:37.129] [info]   平移 XYZ: (-0.0307, -0.3070, 5.4296) m
[20:30:37.164] [debug] [ManualAdjust] 平移增量 dxyz=(0.0000, 0.0000, 0.0050)m
[20:30:37.164] [info] [ManualAdjust] 当前外参 [imu_0→cam_front]:
[20:30:37.164] [info]   旋转 RPY: (-2.3164, 0.3518, 1.0829) deg
[20:30:37.164] [info]   平移 XYZ: (-0.0307, -0.3070, 5.4346) m
[20:30:37.210] [debug] [ManualAdjust] 平移增量 dxyz=(0.0000, 0.0000, 0.0050)m
[20:30:37.210] [info] [ManualAdjust] 当前外参 [imu_0→cam_front]:
[20:30:37.210] [info]   旋转 RPY: (-2.3164, 0.3518, 1.0829) deg
[20:30:37.210] [info]   平移 XYZ: (-0.0307, -0.3070, 5.4396) m
[20:30:37.244] [debug] [ManualAdjust] 平移增量 dxyz=(0.0000, 0.0000, 0.0050)m
[20:30:37.244] [info] [ManualAdjust] 当前外参 [imu_0→cam_front]:
[20:30:37.244] [info]   旋转 RPY: (-2.3164, 0.3518, 1.0829) deg
[20:30:37.244] [info]   平移 XYZ: (-0.0307, -0.3070, 5.4446) m
[20:30:37.284] [debug] [ManualAdjust] 平移增量 dxyz=(0.0000, 0.0000, 0.0050)m
[20:30:37.284] [info] [ManualAdjust] 当前外参 [imu_0→cam_front]:
[20:30:37.284] [info]   旋转 RPY: (-2.3164, 0.3518, 1.0829) deg
[20:30:37.284] [info]   平移 XYZ: (-0.0307, -0.3070, 5.4496) m
[20:30:37.315] [debug] [ManualAdjust] 平移增量 dxyz=(0.0000, 0.0000, 0.0050)m
[20:30:37.315] [info] [ManualAdjust] 当前外参 [imu_0→cam_front]:
[20:30:37.315] [info]   旋转 RPY: (-2.3164, 0.3518, 1.0829) deg
[20:30:37.315] [info]   平移 XYZ: (-0.0307, -0.3070, 5.4546) m
[20:30:37.370] [debug] [ManualAdjust] 平移增量 dxyz=(0.0000, 0.0000, 0.0050)m
[20:30:37.370] [info] [ManualAdjust] 当前外参 [imu_0→cam_front]:
[20:30:37.370] [info]   旋转 RPY: (-2.3164, 0.3518, 1.0829) deg
[20:30:37.370] [info]   平移 XYZ: (-0.0307, -0.3070, 5.4596) m
[20:30:37.411] [debug] [ManualAdjust] 平移增量 dxyz=(0.0000, 0.0000, 0.0050)m
[20:30:37.411] [info] [ManualAdjust] 当前外参 [imu_0→cam_front]:
[20:30:37.411] [info]   旋转 RPY: (-2.3164, 0.3518, 1.0829) deg
[20:30:37.411] [info]   平移 XYZ: (-0.0307, -0.3070, 5.4646) m
[20:30:37.441] [debug] [ManualAdjust] 平移增量 dxyz=(0.0000, 0.0000, 0.0050)m
[20:30:37.441] [info] [ManualAdjust] 当前外参 [imu_0→cam_front]:
[20:30:37.441] [info]   旋转 RPY: (-2.3164, 0.3518, 1.0829) deg
[20:30:37.441] [info]   平移 XYZ: (-0.0307, -0.3070, 5.4696) m
[20:30:37.477] [debug] [ManualAdjust] 平移增量 dxyz=(0.0000, 0.0000, 0.0050)m
[20:30:37.477] [info] [ManualAdjust] 当前外参 [imu_0→cam_front]:
[20:30:37.477] [info]   旋转 RPY: (-2.3164, 0.3518, 1.0829) deg
[20:30:37.477] [info]   平移 XYZ: (-0.0307, -0.3070, 5.4746) m
[20:30:37.514] [debug] [ManualAdjust] 平移增量 dxyz=(0.0000, 0.0000, 0.0050)m
[20:30:37.514] [info] [ManualAdjust] 当前外参 [imu_0→cam_front]:
[20:30:37.514] [info]   旋转 RPY: (-2.3164, 0.3518, 1.0829) deg
[20:30:37.514] [info]   平移 XYZ: (-0.0307, -0.3070, 5.4796) m
[20:30:37.545] [debug] [ManualAdjust] 平移增量 dxyz=(0.0000, 0.0000, 0.0050)m
[20:30:37.545] [info] [ManualAdjust] 当前外参 [imu_0→cam_front]:
[20:30:37.545] [info]   旋转 RPY: (-2.3164, 0.3518, 1.0829) deg
[20:30:37.545] [info]   平移 XYZ: (-0.0307, -0.3070, 5.4846) m
[20:30:37.596] [debug] [ManualAdjust] 平移增量 dxyz=(0.0000, 0.0000, 0.0050)m
[20:30:37.596] [info] [ManualAdjust] 当前外参 [imu_0→cam_front]:
[20:30:37.596] [info]   旋转 RPY: (-2.3164, 0.3518, 1.0829) deg
[20:30:37.596] [info]   平移 XYZ: (-0.0307, -0.3070, 5.4896) m
[20:30:37.626] [debug] [ManualAdjust] 平移增量 dxyz=(0.0000, 0.0000, 0.0050)m
[20:30:37.626] [info] [ManualAdjust] 当前外参 [imu_0→cam_front]:
[20:30:37.626] [info]   旋转 RPY: (-2.3164, 0.3518, 1.0829) deg
[20:30:37.626] [info]   平移 XYZ: (-0.0307, -0.3070, 5.4946) m
[20:30:37.682] [debug] [ManualAdjust] 平移增量 dxyz=(0.0000, 0.0000, 0.0050)m
[20:30:37.682] [info] [ManualAdjust] 当前外参 [imu_0→cam_front]:
[20:30:37.682] [info]   旋转 RPY: (-2.3164, 0.3518, 1.0829) deg
[20:30:37.682] [info]   平移 XYZ: (-0.0307, -0.3070, 5.4996) m
[20:30:37.723] [debug] [ManualAdjust] 平移增量 dxyz=(0.0000, 0.0000, 0.0050)m
[20:30:37.723] [info] [ManualAdjust] 当前外参 [imu_0→cam_front]:
[20:30:37.723] [info]   旋转 RPY: (-2.3164, 0.3518, 1.0829) deg
[20:30:37.723] [info]   平移 XYZ: (-0.0307, -0.3070, 5.5046) m
[20:30:37.752] [debug] [ManualAdjust] 平移增量 dxyz=(0.0000, 0.0000, 0.0050)m
[20:30:37.752] [info] [ManualAdjust] 当前外参 [imu_0→cam_front]:
[20:30:37.752] [info]   旋转 RPY: (-2.3164, 0.3518, 1.0829) deg
[20:30:37.752] [info]   平移 XYZ: (-0.0307, -0.3070, 5.5096) m
[20:30:37.782] [debug] [ManualAdjust] 平移增量 dxyz=(0.0000, 0.0000, 0.0050)m
[20:30:37.782] [info] [ManualAdjust] 当前外参 [imu_0→cam_front]:
[20:30:37.782] [info]   旋转 RPY: (-2.3164, 0.3518, 1.0829) deg
[20:30:37.782] [info]   平移 XYZ: (-0.0307, -0.3070, 5.5146) m
[20:30:37.844] [debug] [ManualAdjust] 平移增量 dxyz=(0.0000, 0.0000, 0.0050)m
[20:30:37.845] [info] [ManualAdjust] 当前外参 [imu_0→cam_front]:
[20:30:37.845] [info]   旋转 RPY: (-2.3164, 0.3518, 1.0829) deg
[20:30:37.845] [info]   平移 XYZ: (-0.0307, -0.3070, 5.5196) m
[20:30:37.877] [debug] [ManualAdjust] 平移增量 dxyz=(0.0000, 0.0000, 0.0050)m
[20:30:37.877] [info] [ManualAdjust] 当前外参 [imu_0→cam_front]:
[20:30:37.877] [info]   旋转 RPY: (-2.3164, 0.3518, 1.0829) deg
[20:30:37.877] [info]   平移 XYZ: (-0.0307, -0.3070, 5.5246) m
[20:30:37.911] [debug] [ManualAdjust] 平移增量 dxyz=(0.0000, 0.0000, 0.0050)m
[20:30:37.911] [info] [ManualAdjust] 当前外参 [imu_0→cam_front]:
[20:30:37.911] [info]   旋转 RPY: (-2.3164, 0.3518, 1.0829) deg
[20:30:37.911] [info]   平移 XYZ: (-0.0307, -0.3070, 5.5296) m
[20:30:37.940] [debug] [ManualAdjust] 平移增量 dxyz=(0.0000, 0.0000, 0.0050)m
[20:30:37.940] [info] [ManualAdjust] 当前外参 [imu_0→cam_front]:
[20:30:37.940] [info]   旋转 RPY: (-2.3164, 0.3518, 1.0829) deg
[20:30:37.940] [info]   平移 XYZ: (-0.0307, -0.3070, 5.5346) m
[20:30:37.970] [debug] [ManualAdjust] 平移增量 dxyz=(0.0000, 0.0000, 0.0050)m
[20:30:37.970] [info] [ManualAdjust] 当前外参 [imu_0→cam_front]:
[20:30:37.970] [info]   旋转 RPY: (-2.3164, 0.3518, 1.0829) deg
[20:30:37.970] [info]   平移 XYZ: (-0.0307, -0.3070, 5.5396) m
[20:30:38.002] [debug] [ManualAdjust] 平移增量 dxyz=(0.0000, 0.0000, 0.0050)m
[20:30:38.002] [info] [ManualAdjust] 当前外参 [imu_0→cam_front]:
[20:30:38.002] [info]   旋转 RPY: (-2.3164, 0.3518, 1.0829) deg
[20:30:38.002] [info]   平移 XYZ: (-0.0307, -0.3070, 5.5446) m
[20:30:38.034] [debug] [ManualAdjust] 平移增量 dxyz=(0.0000, 0.0000, 0.0050)m
[20:30:38.034] [info] [ManualAdjust] 当前外参 [imu_0→cam_front]:
[20:30:38.034] [info]   旋转 RPY: (-2.3164, 0.3518, 1.0829) deg
[20:30:38.034] [info]   平移 XYZ: (-0.0307, -0.3070, 5.5496) m
[20:30:38.064] [debug] [ManualAdjust] 平移增量 dxyz=(0.0000, 0.0000, 0.0050)m
[20:30:38.064] [info] [ManualAdjust] 当前外参 [imu_0→cam_front]:
[20:30:38.064] [info]   旋转 RPY: (-2.3164, 0.3518, 1.0829) deg
[20:30:38.064] [info]   平移 XYZ: (-0.0307, -0.3070, 5.5546) m
[20:30:38.125] [debug] [ManualAdjust] 平移增量 dxyz=(0.0000, 0.0000, 0.0050)m
[20:30:38.125] [info] [ManualAdjust] 当前外参 [imu_0→cam_front]:
[20:30:38.125] [info]   旋转 RPY: (-2.3164, 0.3518, 1.0829) deg
[20:30:38.125] [info]   平移 XYZ: (-0.0307, -0.3070, 5.5596) m
[20:30:38.174] [debug] [ManualAdjust] 平移增量 dxyz=(0.0000, 0.0000, 0.0050)m
[20:30:38.174] [info] [ManualAdjust] 当前外参 [imu_0→cam_front]:
[20:30:38.174] [info]   旋转 RPY: (-2.3164, 0.3518, 1.0829) deg
[20:30:38.174] [info]   平移 XYZ: (-0.0307, -0.3070, 5.5646) m
[20:30:38.206] [debug] [ManualAdjust] 平移增量 dxyz=(0.0000, 0.0000, 0.0050)m
[20:30:38.206] [info] [ManualAdjust] 当前外参 [imu_0→cam_front]:
[20:30:38.206] [info]   旋转 RPY: (-2.3164, 0.3518, 1.0829) deg
[20:30:38.206] [info]   平移 XYZ: (-0.0307, -0.3070, 5.5696) m
[20:30:38.248] [debug] [ManualAdjust] 平移增量 dxyz=(0.0000, 0.0000, 0.0050)m
[20:30:38.248] [info] [ManualAdjust] 当前外参 [imu_0→cam_front]:
[20:30:38.248] [info]   旋转 RPY: (-2.3164, 0.3518, 1.0829) deg
[20:30:38.248] [info]   平移 XYZ: (-0.0307, -0.3070, 5.5746) m
[20:30:38.279] [debug] [ManualAdjust] 平移增量 dxyz=(0.0000, 0.0000, 0.0050)m
[20:30:38.279] [info] [ManualAdjust] 当前外参 [imu_0→cam_front]:
[20:30:38.279] [info]   旋转 RPY: (-2.3164, 0.3518, 1.0829) deg
[20:30:38.279] [info]   平移 XYZ: (-0.0307, -0.3070, 5.5796) m
[20:30:38.310] [debug] [ManualAdjust] 平移增量 dxyz=(0.0000, 0.0000, 0.0050)m
[20:30:38.310] [info] [ManualAdjust] 当前外参 [imu_0→cam_front]:
[20:30:38.310] [info]   旋转 RPY: (-2.3164, 0.3518, 1.0829) deg
[20:30:38.310] [info]   平移 XYZ: (-0.0307, -0.3070, 5.5846) m
[20:30:38.372] [debug] [ManualAdjust] 平移增量 dxyz=(0.0000, 0.0000, 0.0050)m
[20:30:38.372] [info] [ManualAdjust] 当前外参 [imu_0→cam_front]:
[20:30:38.372] [info]   旋转 RPY: (-2.3164, 0.3518, 1.0829) deg
[20:30:38.372] [info]   平移 XYZ: (-0.0307, -0.3070, 5.5896) m
[20:30:38.403] [debug] [ManualAdjust] 平移增量 dxyz=(0.0000, 0.0000, 0.0050)m
[20:30:38.403] [info] [ManualAdjust] 当前外参 [imu_0→cam_front]:
[20:30:38.403] [info]   旋转 RPY: (-2.3164, 0.3518, 1.0829) deg
[20:30:38.403] [info]   平移 XYZ: (-0.0307, -0.3070, 5.5946) m
[20:30:38.437] [debug] [ManualAdjust] 平移增量 dxyz=(0.0000, 0.0000, 0.0050)m
[20:30:38.437] [info] [ManualAdjust] 当前外参 [imu_0→cam_front]:
[20:30:38.437] [info]   旋转 RPY: (-2.3164, 0.3518, 1.0829) deg
[20:30:38.437] [info]   平移 XYZ: (-0.0307, -0.3070, 5.5996) m
[20:30:38.467] [debug] [ManualAdjust] 平移增量 dxyz=(0.0000, 0.0000, 0.0050)m
[20:30:38.467] [info] [ManualAdjust] 当前外参 [imu_0→cam_front]:
[20:30:38.467] [info]   旋转 RPY: (-2.3164, 0.3518, 1.0829) deg
[20:30:38.467] [info]   平移 XYZ: (-0.0307, -0.3070, 5.6046) m
[20:30:38.498] [debug] [ManualAdjust] 平移增量 dxyz=(0.0000, 0.0000, 0.0050)m
[20:30:38.498] [info] [ManualAdjust] 当前外参 [imu_0→cam_front]:
[20:30:38.498] [info]   旋转 RPY: (-2.3164, 0.3518, 1.0829) deg
[20:30:38.498] [info]   平移 XYZ: (-0.0307, -0.3070, 5.6096) m
[20:30:38.577] [debug] [ManualAdjust] 平移增量 dxyz=(0.0000, 0.0000, 0.0050)m
[20:30:38.577] [info] [ManualAdjust] 当前外参 [imu_0→cam_front]:
[20:30:38.577] [info]   旋转 RPY: (-2.3164, 0.3518, 1.0829) deg
[20:30:38.577] [info]   平移 XYZ: (-0.0307, -0.3070, 5.6146) m
[20:30:38.622] [debug] [ManualAdjust] 平移增量 dxyz=(0.0000, 0.0000, 0.0050)m
[20:30:38.622] [info] [ManualAdjust] 当前外参 [imu_0→cam_front]:
[20:30:38.622] [info]   旋转 RPY: (-2.3164, 0.3518, 1.0829) deg
[20:30:38.622] [info]   平移 XYZ: (-0.0307, -0.3070, 5.6196) m
[20:30:38.652] [debug] [ManualAdjust] 平移增量 dxyz=(0.0000, 0.0000, 0.0050)m
[20:30:38.652] [info] [ManualAdjust] 当前外参 [imu_0→cam_front]:
[20:30:38.652] [info]   旋转 RPY: (-2.3164, 0.3518, 1.0829) deg
[20:30:38.652] [info]   平移 XYZ: (-0.0307, -0.3070, 5.6246) m
[20:30:38.702] [debug] [ManualAdjust] 平移增量 dxyz=(0.0000, 0.0000, 0.0050)m
[20:30:38.702] [info] [ManualAdjust] 当前外参 [imu_0→cam_front]:
[20:30:38.702] [info]   旋转 RPY: (-2.3164, 0.3518, 1.0829) deg
[20:30:38.702] [info]   平移 XYZ: (-0.0307, -0.3070, 5.6296) m
[20:30:38.732] [debug] [ManualAdjust] 平移增量 dxyz=(0.0000, 0.0000, 0.0050)m
[20:30:38.732] [info] [ManualAdjust] 当前外参 [imu_0→cam_front]:
[20:30:38.732] [info]   旋转 RPY: (-2.3164, 0.3518, 1.0829) deg
[20:30:38.732] [info]   平移 XYZ: (-0.0307, -0.3070, 5.6346) m
[20:30:38.762] [debug] [ManualAdjust] 平移增量 dxyz=(0.0000, 0.0000, 0.0050)m
[20:30:38.762] [info] [ManualAdjust] 当前外参 [imu_0→cam_front]:
[20:30:38.762] [info]   旋转 RPY: (-2.3164, 0.3518, 1.0829) deg
[20:30:38.762] [info]   平移 XYZ: (-0.0307, -0.3070, 5.6396) m
[20:30:38.792] [debug] [ManualAdjust] 平移增量 dxyz=(0.0000, 0.0000, 0.0050)m
[20:30:38.792] [info] [ManualAdjust] 当前外参 [imu_0→cam_front]:
[20:30:38.792] [info]   旋转 RPY: (-2.3164, 0.3518, 1.0829) deg
[20:30:38.792] [info]   平移 XYZ: (-0.0307, -0.3070, 5.6446) m
[20:30:38.837] [debug] [ManualAdjust] 平移增量 dxyz=(0.0000, 0.0000, 0.0050)m
[20:30:38.837] [info] [ManualAdjust] 当前外参 [imu_0→cam_front]:
[20:30:38.837] [info]   旋转 RPY: (-2.3164, 0.3518, 1.0829) deg
[20:30:38.837] [info]   平移 XYZ: (-0.0307, -0.3070, 5.6496) m
[20:30:38.867] [debug] [ManualAdjust] 平移增量 dxyz=(0.0000, 0.0000, 0.0050)m
[20:30:38.867] [info] [ManualAdjust] 当前外参 [imu_0→cam_front]:
[20:30:38.867] [info]   旋转 RPY: (-2.3164, 0.3518, 1.0829) deg
[20:30:38.867] [info]   平移 XYZ: (-0.0307, -0.3070, 5.6546) m
[20:30:38.922] [debug] [ManualAdjust] 平移增量 dxyz=(0.0000, 0.0000, 0.0050)m
[20:30:38.922] [info] [ManualAdjust] 当前外参 [imu_0→cam_front]:
[20:30:38.922] [info]   旋转 RPY: (-2.3164, 0.3518, 1.0829) deg
[20:30:38.922] [info]   平移 XYZ: (-0.0307, -0.3070, 5.6596) m
[20:30:38.952] [debug] [ManualAdjust] 平移增量 dxyz=(0.0000, 0.0000, 0.0050)m
[20:30:38.952] [info] [ManualAdjust] 当前外参 [imu_0→cam_front]:
[20:30:38.952] [info]   旋转 RPY: (-2.3164, 0.3518, 1.0829) deg
[20:30:38.952] [info]   平移 XYZ: (-0.0307, -0.3070, 5.6646) m
[20:30:38.984] [debug] [ManualAdjust] 平移增量 dxyz=(0.0000, 0.0000, 0.0050)m
[20:30:38.984] [info] [ManualAdjust] 当前外参 [imu_0→cam_front]:
[20:30:38.984] [info]   旋转 RPY: (-2.3164, 0.3518, 1.0829) deg
[20:30:38.984] [info]   平移 XYZ: (-0.0307, -0.3070, 5.6696) m
[20:30:39.015] [debug] [ManualAdjust] 平移增量 dxyz=(0.0000, 0.0000, 0.0050)m
[20:30:39.015] [info] [ManualAdjust] 当前外参 [imu_0→cam_front]:
[20:30:39.015] [info]   旋转 RPY: (-2.3164, 0.3518, 1.0829) deg
[20:30:39.015] [info]   平移 XYZ: (-0.0307, -0.3070, 5.6746) m
[20:30:39.060] [debug] [ManualAdjust] 平移增量 dxyz=(0.0000, 0.0000, 0.0050)m
[20:30:39.060] [info] [ManualAdjust] 当前外参 [imu_0→cam_front]:
[20:30:39.060] [info]   旋转 RPY: (-2.3164, 0.3518, 1.0829) deg
[20:30:39.060] [info]   平移 XYZ: (-0.0307, -0.3070, 5.6796) m
[20:30:39.090] [debug] [ManualAdjust] 平移增量 dxyz=(0.0000, 0.0000, 0.0050)m
[20:30:39.090] [info] [ManualAdjust] 当前外参 [imu_0→cam_front]:
[20:30:39.090] [info]   旋转 RPY: (-2.3164, 0.3518, 1.0829) deg
[20:30:39.090] [info]   平移 XYZ: (-0.0307, -0.3070, 5.6846) m
[20:30:39.120] [debug] [ManualAdjust] 平移增量 dxyz=(0.0000, 0.0000, 0.0050)m
[20:30:39.120] [info] [ManualAdjust] 当前外参 [imu_0→cam_front]:
[20:30:39.120] [info]   旋转 RPY: (-2.3164, 0.3518, 1.0829) deg
[20:30:39.120] [info]   平移 XYZ: (-0.0307, -0.3070, 5.6896) m
[20:30:39.175] [debug] [ManualAdjust] 平移增量 dxyz=(0.0000, 0.0000, 0.0050)m
[20:30:39.175] [info] [ManualAdjust] 当前外参 [imu_0→cam_front]:
[20:30:39.175] [info]   旋转 RPY: (-2.3164, 0.3518, 1.0829) deg
[20:30:39.175] [info]   平移 XYZ: (-0.0307, -0.3070, 5.6946) m
[20:30:39.206] [debug] [ManualAdjust] 平移增量 dxyz=(0.0000, 0.0000, 0.0050)m
[20:30:39.206] [info] [ManualAdjust] 当前外参 [imu_0→cam_front]:
[20:30:39.206] [info]   旋转 RPY: (-2.3164, 0.3518, 1.0829) deg
[20:30:39.206] [info]   平移 XYZ: (-0.0307, -0.3070, 5.6996) m
[20:30:39.260] [debug] [ManualAdjust] 平移增量 dxyz=(0.0000, 0.0000, 0.0050)m
[20:30:39.260] [info] [ManualAdjust] 当前外参 [imu_0→cam_front]:
[20:30:39.260] [info]   旋转 RPY: (-2.3164, 0.3518, 1.0829) deg
[20:30:39.260] [info]   平移 XYZ: (-0.0307, -0.3070, 5.7046) m
[20:30:39.298] [debug] [ManualAdjust] 平移增量 dxyz=(0.0000, 0.0000, 0.0050)m
[20:30:39.298] [info] [ManualAdjust] 当前外参 [imu_0→cam_front]:
[20:30:39.298] [info]   旋转 RPY: (-2.3164, 0.3518, 1.0829) deg
[20:30:39.298] [info]   平移 XYZ: (-0.0307, -0.3070, 5.7096) m
[20:30:39.325] [debug] [ManualAdjust] 平移增量 dxyz=(0.0000, 0.0000, 0.0050)m
[20:30:39.325] [info] [ManualAdjust] 当前外参 [imu_0→cam_front]:
[20:30:39.325] [info]   旋转 RPY: (-2.3164, 0.3518, 1.0829) deg
[20:30:39.325] [info]   平移 XYZ: (-0.0307, -0.3070, 5.7146) m
[20:30:39.355] [debug] [ManualAdjust] 平移增量 dxyz=(0.0000, 0.0000, 0.0050)m
[20:30:39.355] [info] [ManualAdjust] 当前外参 [imu_0→cam_front]:
[20:30:39.355] [info]   旋转 RPY: (-2.3164, 0.3518, 1.0829) deg
[20:30:39.355] [info]   平移 XYZ: (-0.0307, -0.3070, 5.7196) m
[20:30:39.414] [debug] [ManualAdjust] 平移增量 dxyz=(0.0000, 0.0000, 0.0050)m
[20:30:39.414] [info] [ManualAdjust] 当前外参 [imu_0→cam_front]:
[20:30:39.414] [info]   旋转 RPY: (-2.3164, 0.3518, 1.0829) deg
[20:30:39.414] [info]   平移 XYZ: (-0.0307, -0.3070, 5.7246) m
[20:30:39.459] [debug] [ManualAdjust] 平移增量 dxyz=(0.0000, 0.0000, 0.0050)m
[20:30:39.459] [info] [ManualAdjust] 当前外参 [imu_0→cam_front]:
[20:30:39.459] [info]   旋转 RPY: (-2.3164, 0.3518, 1.0829) deg
[20:30:39.459] [info]   平移 XYZ: (-0.0307, -0.3070, 5.7296) m
[20:30:39.494] [debug] [ManualAdjust] 平移增量 dxyz=(0.0000, 0.0000, 0.0050)m
[20:30:39.494] [info] [ManualAdjust] 当前外参 [imu_0→cam_front]:
[20:30:39.494] [info]   旋转 RPY: (-2.3164, 0.3518, 1.0829) deg
[20:30:39.494] [info]   平移 XYZ: (-0.0307, -0.3070, 5.7346) m
[20:30:39.546] [debug] [ManualAdjust] 平移增量 dxyz=(0.0000, 0.0000, 0.0050)m
[20:30:39.546] [info] [ManualAdjust] 当前外参 [imu_0→cam_front]:
[20:30:39.546] [info]   旋转 RPY: (-2.3164, 0.3518, 1.0829) deg
[20:30:39.546] [info]   平移 XYZ: (-0.0307, -0.3070, 5.7396) m
[20:30:39.584] [debug] [ManualAdjust] 平移增量 dxyz=(0.0000, 0.0000, 0.0050)m
[20:30:39.584] [info] [ManualAdjust] 当前外参 [imu_0→cam_front]:
[20:30:39.584] [info]   旋转 RPY: (-2.3164, 0.3518, 1.0829) deg
[20:30:39.584] [info]   平移 XYZ: (-0.0307, -0.3070, 5.7446) m
[20:30:39.614] [debug] [ManualAdjust] 平移增量 dxyz=(0.0000, 0.0000, 0.0050)m
[20:30:39.614] [info] [ManualAdjust] 当前外参 [imu_0→cam_front]:
[20:30:39.614] [info]   旋转 RPY: (-2.3164, 0.3518, 1.0829) deg
[20:30:39.614] [info]   平移 XYZ: (-0.0307, -0.3070, 5.7496) m
[20:30:39.644] [debug] [ManualAdjust] 平移增量 dxyz=(0.0000, 0.0000, 0.0050)m
[20:30:39.644] [info] [ManualAdjust] 当前外参 [imu_0→cam_front]:
[20:30:39.644] [info]   旋转 RPY: (-2.3164, 0.3518, 1.0829) deg
[20:30:39.644] [info]   平移 XYZ: (-0.0307, -0.3070, 5.7546) m
[20:30:39.709] [debug] [ManualAdjust] 平移增量 dxyz=(0.0000, 0.0000, 0.0050)m
[20:30:39.709] [info] [ManualAdjust] 当前外参 [imu_0→cam_front]:
[20:30:39.709] [info]   旋转 RPY: (-2.3164, 0.3518, 1.0829) deg
[20:30:39.709] [info]   平移 XYZ: (-0.0307, -0.3070, 5.7596) m
[20:30:39.740] [debug] [ManualAdjust] 平移增量 dxyz=(0.0000, 0.0000, 0.0050)m
[20:30:39.740] [info] [ManualAdjust] 当前外参 [imu_0→cam_front]:
[20:30:39.740] [info]   旋转 RPY: (-2.3164, 0.3518, 1.0829) deg
[20:30:39.740] [info]   平移 XYZ: (-0.0307, -0.3070, 5.7646) m
[20:30:39.799] [debug] [ManualAdjust] 平移增量 dxyz=(0.0000, 0.0000, 0.0050)m
[20:30:39.799] [info] [ManualAdjust] 当前外参 [imu_0→cam_front]:
[20:30:39.799] [info]   旋转 RPY: (-2.3164, 0.3518, 1.0829) deg
[20:30:39.799] [info]   平移 XYZ: (-0.0307, -0.3070, 5.7696) m
[20:30:39.843] [debug] [ManualAdjust] 平移增量 dxyz=(0.0000, 0.0000, 0.0050)m
[20:30:39.843] [info] [ManualAdjust] 当前外参 [imu_0→cam_front]:
[20:30:39.843] [info]   旋转 RPY: (-2.3164, 0.3518, 1.0829) deg
[20:30:39.843] [info]   平移 XYZ: (-0.0307, -0.3070, 5.7746) m
[20:30:39.869] [debug] [ManualAdjust] 平移增量 dxyz=(0.0000, 0.0000, 0.0050)m
[20:30:39.869] [info] [ManualAdjust] 当前外参 [imu_0→cam_front]:
[20:30:39.869] [info]   旋转 RPY: (-2.3164, 0.3518, 1.0829) deg
[20:30:39.869] [info]   平移 XYZ: (-0.0307, -0.3070, 5.7796) m
[20:30:39.915] [debug] [ManualAdjust] 平移增量 dxyz=(0.0000, 0.0000, 0.0050)m
[20:30:39.915] [info] [ManualAdjust] 当前外参 [imu_0→cam_front]:
[20:30:39.915] [info]   旋转 RPY: (-2.3164, 0.3518, 1.0829) deg
[20:30:39.915] [info]   平移 XYZ: (-0.0307, -0.3070, 5.7846) m
[20:30:39.945] [debug] [ManualAdjust] 平移增量 dxyz=(0.0000, 0.0000, 0.0050)m
[20:30:39.945] [info] [ManualAdjust] 当前外参 [imu_0→cam_front]:
[20:30:39.945] [info]   旋转 RPY: (-2.3164, 0.3518, 1.0829) deg
[20:30:39.945] [info]   平移 XYZ: (-0.0307, -0.3070, 5.7896) m
[20:30:39.975] [debug] [ManualAdjust] 平移增量 dxyz=(0.0000, 0.0000, 0.0050)m
[20:30:39.975] [info] [ManualAdjust] 当前外参 [imu_0→cam_front]:
[20:30:39.975] [info]   旋转 RPY: (-2.3164, 0.3518, 1.0829) deg
[20:30:39.975] [info]   平移 XYZ: (-0.0307, -0.3070, 5.7946) m
[20:30:40.036] [debug] [ManualAdjust] 平移增量 dxyz=(0.0000, 0.0000, 0.0050)m
[20:30:40.036] [info] [ManualAdjust] 当前外参 [imu_0→cam_front]:
[20:30:40.036] [info]   旋转 RPY: (-2.3164, 0.3518, 1.0829) deg
[20:30:40.036] [info]   平移 XYZ: (-0.0307, -0.3070, 5.7996) m
[20:30:40.086] [debug] [ManualAdjust] 平移增量 dxyz=(0.0000, 0.0000, 0.0050)m
[20:30:40.086] [info] [ManualAdjust] 当前外参 [imu_0→cam_front]:
[20:30:40.086] [info]   旋转 RPY: (-2.3164, 0.3518, 1.0829) deg
[20:30:40.086] [info]   平移 XYZ: (-0.0307, -0.3070, 5.8046) m
[20:30:40.118] [debug] [ManualAdjust] 平移增量 dxyz=(0.0000, 0.0000, 0.0050)m
[20:30:40.118] [info] [ManualAdjust] 当前外参 [imu_0→cam_front]:
[20:30:40.118] [info]   旋转 RPY: (-2.3164, 0.3518, 1.0829) deg
[20:30:40.118] [info]   平移 XYZ: (-0.0307, -0.3070, 5.8096) m
[20:30:40.148] [debug] [ManualAdjust] 平移增量 dxyz=(0.0000, 0.0000, 0.0050)m
[20:30:40.148] [info] [ManualAdjust] 当前外参 [imu_0→cam_front]:
[20:30:40.148] [info]   旋转 RPY: (-2.3164, 0.3518, 1.0829) deg
[20:30:40.148] [info]   平移 XYZ: (-0.0307, -0.3070, 5.8146) m
[20:30:40.203] [debug] [ManualAdjust] 平移增量 dxyz=(0.0000, 0.0000, 0.0050)m
[20:30:40.203] [info] [ManualAdjust] 当前外参 [imu_0→cam_front]:
[20:30:40.203] [info]   旋转 RPY: (-2.3164, 0.3518, 1.0829) deg
[20:30:40.203] [info]   平移 XYZ: (-0.0307, -0.3070, 5.8196) m
[20:30:40.233] [debug] [ManualAdjust] 平移增量 dxyz=(0.0000, 0.0000, 0.0050)m
[20:30:40.233] [info] [ManualAdjust] 当前外参 [imu_0→cam_front]:
[20:30:40.233] [info]   旋转 RPY: (-2.3164, 0.3518, 1.0829) deg
[20:30:40.233] [info]   平移 XYZ: (-0.0307, -0.3070, 5.8246) m
[20:30:40.263] [debug] [ManualAdjust] 平移增量 dxyz=(0.0000, 0.0000, 0.0050)m
[20:30:40.263] [info] [ManualAdjust] 当前外参 [imu_0→cam_front]:
[20:30:40.263] [info]   旋转 RPY: (-2.3164, 0.3518, 1.0829) deg
[20:30:40.263] [info]   平移 XYZ: (-0.0307, -0.3070, 5.8296) m
[20:30:40.293] [debug] [ManualAdjust] 平移增量 dxyz=(0.0000, 0.0000, 0.0050)m
[20:30:40.293] [info] [ManualAdjust] 当前外参 [imu_0→cam_front]:
[20:30:40.293] [info]   旋转 RPY: (-2.3164, 0.3518, 1.0829) deg
[20:30:40.293] [info]   平移 XYZ: (-0.0307, -0.3070, 5.8346) m
[20:30:40.345] [debug] [ManualAdjust] 平移增量 dxyz=(0.0000, 0.0000, 0.0050)m
[20:30:40.345] [info] [ManualAdjust] 当前外参 [imu_0→cam_front]:
[20:30:40.345] [info]   旋转 RPY: (-2.3164, 0.3518, 1.0829) deg
[20:30:40.345] [info]   平移 XYZ: (-0.0307, -0.3070, 5.8396) m
[20:30:40.383] [debug] [ManualAdjust] 平移增量 dxyz=(0.0000, 0.0000, 0.0050)m
[20:30:40.383] [info] [ManualAdjust] 当前外参 [imu_0→cam_front]:
[20:30:40.383] [info]   旋转 RPY: (-2.3164, 0.3518, 1.0829) deg
[20:30:40.383] [info]   平移 XYZ: (-0.0307, -0.3070, 5.8446) m
[20:30:40.433] [debug] [ManualAdjust] 平移增量 dxyz=(0.0000, 0.0000, 0.0050)m
[20:30:40.433] [info] [ManualAdjust] 当前外参 [imu_0→cam_front]:
[20:30:40.433] [info]   旋转 RPY: (-2.3164, 0.3518, 1.0829) deg
[20:30:40.433] [info]   平移 XYZ: (-0.0307, -0.3070, 5.8496) m
[20:30:40.465] [debug] [ManualAdjust] 平移增量 dxyz=(0.0000, 0.0000, 0.0050)m
[20:30:40.465] [info] [ManualAdjust] 当前外参 [imu_0→cam_front]:
[20:30:40.465] [info]   旋转 RPY: (-2.3164, 0.3518, 1.0829) deg
[20:30:40.465] [info]   平移 XYZ: (-0.0307, -0.3070, 5.8546) m
[20:30:40.495] [debug] [ManualAdjust] 平移增量 dxyz=(0.0000, 0.0000, 0.0050)m
[20:30:40.495] [info] [ManualAdjust] 当前外参 [imu_0→cam_front]:
[20:30:40.495] [info]   旋转 RPY: (-2.3164, 0.3518, 1.0829) deg
[20:30:40.495] [info]   平移 XYZ: (-0.0307, -0.3070, 5.8596) m
[20:30:40.557] [debug] [ManualAdjust] 平移增量 dxyz=(0.0000, 0.0000, 0.0050)m
[20:30:40.557] [info] [ManualAdjust] 当前外参 [imu_0→cam_front]:
[20:30:40.557] [info]   旋转 RPY: (-2.3164, 0.3518, 1.0829) deg
[20:30:40.557] [info]   平移 XYZ: (-0.0307, -0.3070, 5.8646) m
[20:30:40.588] [debug] [ManualAdjust] 平移增量 dxyz=(0.0000, 0.0000, 0.0050)m
[20:30:40.588] [info] [ManualAdjust] 当前外参 [imu_0→cam_front]:
[20:30:40.588] [info]   旋转 RPY: (-2.3164, 0.3518, 1.0829) deg
[20:30:40.588] [info]   平移 XYZ: (-0.0307, -0.3070, 5.8696) m
[20:30:40.634] [debug] [ManualAdjust] 平移增量 dxyz=(0.0000, 0.0000, 0.0050)m
[20:30:40.634] [info] [ManualAdjust] 当前外参 [imu_0→cam_front]:
[20:30:40.634] [info]   旋转 RPY: (-2.3164, 0.3518, 1.0829) deg
[20:30:40.634] [info]   平移 XYZ: (-0.0307, -0.3070, 5.8746) m
[20:30:40.662] [debug] [ManualAdjust] 平移增量 dxyz=(0.0000, 0.0000, 0.0050)m
[20:30:40.662] [info] [ManualAdjust] 当前外参 [imu_0→cam_front]:
[20:30:40.662] [info]   旋转 RPY: (-2.3164, 0.3518, 1.0829) deg
[20:30:40.662] [info]   平移 XYZ: (-0.0307, -0.3070, 5.8796) m
[20:30:40.693] [debug] [ManualAdjust] 平移增量 dxyz=(0.0000, 0.0000, 0.0050)m
[20:30:40.693] [info] [ManualAdjust] 当前外参 [imu_0→cam_front]:
[20:30:40.693] [info]   旋转 RPY: (-2.3164, 0.3518, 1.0829) deg
[20:30:40.693] [info]   平移 XYZ: (-0.0307, -0.3070, 5.8846) m
[20:30:40.754] [debug] [ManualAdjust] 平移增量 dxyz=(0.0000, 0.0000, 0.0050)m
[20:30:40.754] [info] [ManualAdjust] 当前外参 [imu_0→cam_front]:
[20:30:40.754] [info]   旋转 RPY: (-2.3164, 0.3518, 1.0829) deg
[20:30:40.754] [info]   平移 XYZ: (-0.0307, -0.3070, 5.8896) m
[20:30:40.784] [debug] [ManualAdjust] 平移增量 dxyz=(0.0000, 0.0000, 0.0050)m
[20:30:40.784] [info] [ManualAdjust] 当前外参 [imu_0→cam_front]:
[20:30:40.784] [info]   旋转 RPY: (-2.3164, 0.3518, 1.0829) deg
[20:30:40.784] [info]   平移 XYZ: (-0.0307, -0.3070, 5.8946) m
[20:30:40.824] [debug] [ManualAdjust] 平移增量 dxyz=(0.0000, 0.0000, 0.0050)m
[20:30:40.824] [info] [ManualAdjust] 当前外参 [imu_0→cam_front]:
[20:30:40.824] [info]   旋转 RPY: (-2.3164, 0.3518, 1.0829) deg
[20:30:40.824] [info]   平移 XYZ: (-0.0307, -0.3070, 5.8996) m
[20:30:40.854] [debug] [ManualAdjust] 平移增量 dxyz=(0.0000, 0.0000, 0.0050)m
[20:30:40.854] [info] [ManualAdjust] 当前外参 [imu_0→cam_front]:
[20:30:40.854] [info]   旋转 RPY: (-2.3164, 0.3518, 1.0829) deg
[20:30:40.854] [info]   平移 XYZ: (-0.0307, -0.3070, 5.9046) m
[20:30:40.884] [debug] [ManualAdjust] 平移增量 dxyz=(0.0000, 0.0000, 0.0050)m
[20:30:40.884] [info] [ManualAdjust] 当前外参 [imu_0→cam_front]:
[20:30:40.884] [info]   旋转 RPY: (-2.3164, 0.3518, 1.0829) deg
[20:30:40.884] [info]   平移 XYZ: (-0.0307, -0.3070, 5.9096) m
[20:30:40.944] [debug] [ManualAdjust] 平移增量 dxyz=(0.0000, 0.0000, 0.0050)m
[20:30:40.944] [info] [ManualAdjust] 当前外参 [imu_0→cam_front]:
[20:30:40.944] [info]   旋转 RPY: (-2.3164, 0.3518, 1.0829) deg
[20:30:40.944] [info]   平移 XYZ: (-0.0307, -0.3070, 5.9146) m
[20:30:40.991] [debug] [ManualAdjust] 平移增量 dxyz=(0.0000, 0.0000, 0.0050)m
[20:30:40.991] [info] [ManualAdjust] 当前外参 [imu_0→cam_front]:
[20:30:40.991] [info]   旋转 RPY: (-2.3164, 0.3518, 1.0829) deg
[20:30:40.991] [info]   平移 XYZ: (-0.0307, -0.3070, 5.9196) m
[20:30:41.025] [debug] [ManualAdjust] 平移增量 dxyz=(0.0000, 0.0000, 0.0050)m
[20:30:41.025] [info] [ManualAdjust] 当前外参 [imu_0→cam_front]:
[20:30:41.025] [info]   旋转 RPY: (-2.3164, 0.3518, 1.0829) deg
[20:30:41.025] [info]   平移 XYZ: (-0.0307, -0.3070, 5.9246) m
[20:30:41.063] [debug] [ManualAdjust] 平移增量 dxyz=(0.0000, 0.0000, 0.0050)m
[20:30:41.063] [info] [ManualAdjust] 当前外参 [imu_0→cam_front]:
[20:30:41.063] [info]   旋转 RPY: (-2.3164, 0.3518, 1.0829) deg
[20:30:41.063] [info]   平移 XYZ: (-0.0307, -0.3070, 5.9296) m
[20:30:41.096] [debug] [ManualAdjust] 平移增量 dxyz=(0.0000, 0.0000, 0.0050)m
[20:30:41.096] [info] [ManualAdjust] 当前外参 [imu_0→cam_front]:
[20:30:41.096] [info]   旋转 RPY: (-2.3164, 0.3518, 1.0829) deg
[20:30:41.096] [info]   平移 XYZ: (-0.0307, -0.3070, 5.9346) m
[20:30:41.147] [debug] [ManualAdjust] 平移增量 dxyz=(0.0000, 0.0000, 0.0050)m
[20:30:41.147] [info] [ManualAdjust] 当前外参 [imu_0→cam_front]:
[20:30:41.147] [info]   旋转 RPY: (-2.3164, 0.3518, 1.0829) deg
[20:30:41.147] [info]   平移 XYZ: (-0.0307, -0.3070, 5.9396) m
[20:30:41.183] [debug] [ManualAdjust] 平移增量 dxyz=(0.0000, 0.0000, 0.0050)m
[20:30:41.184] [info] [ManualAdjust] 当前外参 [imu_0→cam_front]:
[20:30:41.184] [info]   旋转 RPY: (-2.3164, 0.3518, 1.0829) deg
[20:30:41.184] [info]   平移 XYZ: (-0.0307, -0.3070, 5.9446) m
[20:30:41.213] [debug] [ManualAdjust] 平移增量 dxyz=(0.0000, 0.0000, 0.0050)m
[20:30:41.213] [info] [ManualAdjust] 当前外参 [imu_0→cam_front]:
[20:30:41.213] [info]   旋转 RPY: (-2.3164, 0.3518, 1.0829) deg
[20:30:41.213] [info]   平移 XYZ: (-0.0307, -0.3070, 5.9496) m
[20:30:41.273] [debug] [ManualAdjust] 平移增量 dxyz=(0.0000, 0.0000, 0.0050)m
[20:30:41.273] [info] [ManualAdjust] 当前外参 [imu_0→cam_front]:
[20:30:41.273] [info]   旋转 RPY: (-2.3164, 0.3518, 1.0829) deg
[20:30:41.273] [info]   平移 XYZ: (-0.0307, -0.3070, 5.9546) m
[20:30:41.302] [debug] [ManualAdjust] 平移增量 dxyz=(0.0000, 0.0000, 0.0050)m
[20:30:41.303] [info] [ManualAdjust] 当前外参 [imu_0→cam_front]:
[20:30:41.303] [info]   旋转 RPY: (-2.3164, 0.3518, 1.0829) deg
[20:30:41.303] [info]   平移 XYZ: (-0.0307, -0.3070, 5.9596) m
[20:30:41.354] [debug] [ManualAdjust] 平移增量 dxyz=(0.0000, 0.0000, 0.0050)m
[20:30:41.354] [info] [ManualAdjust] 当前外参 [imu_0→cam_front]:
[20:30:41.354] [info]   旋转 RPY: (-2.3164, 0.3518, 1.0829) deg
[20:30:41.354] [info]   平移 XYZ: (-0.0307, -0.3070, 5.9646) m
[20:30:41.392] [debug] [ManualAdjust] 平移增量 dxyz=(0.0000, 0.0000, 0.0050)m
[20:30:41.392] [info] [ManualAdjust] 当前外参 [imu_0→cam_front]:
[20:30:41.392] [info]   旋转 RPY: (-2.3164, 0.3518, 1.0829) deg
[20:30:41.392] [info]   平移 XYZ: (-0.0307, -0.3070, 5.9696) m
[20:30:41.422] [debug] [ManualAdjust] 平移增量 dxyz=(0.0000, 0.0000, 0.0050)m
[20:30:41.422] [info] [ManualAdjust] 当前外参 [imu_0→cam_front]:
[20:30:41.422] [info]   旋转 RPY: (-2.3164, 0.3518, 1.0829) deg
[20:30:41.422] [info]   平移 XYZ: (-0.0307, -0.3070, 5.9746) m
[20:30:41.477] [debug] [ManualAdjust] 平移增量 dxyz=(0.0000, 0.0000, 0.0050)m
[20:30:41.477] [info] [ManualAdjust] 当前外参 [imu_0→cam_front]:
[20:30:41.477] [info]   旋转 RPY: (-2.3164, 0.3518, 1.0829) deg
[20:30:41.477] [info]   平移 XYZ: (-0.0307, -0.3070, 5.9796) m
[20:30:41.509] [debug] [ManualAdjust] 平移增量 dxyz=(0.0000, 0.0000, 0.0050)m
[20:30:41.509] [info] [ManualAdjust] 当前外参 [imu_0→cam_front]:
[20:30:41.509] [info]   旋转 RPY: (-2.3164, 0.3518, 1.0829) deg
[20:30:41.509] [info]   平移 XYZ: (-0.0307, -0.3070, 5.9846) m
[20:30:41.546] [debug] [ManualAdjust] 平移增量 dxyz=(0.0000, 0.0000, 0.0050)m
[20:30:41.546] [info] [ManualAdjust] 当前外参 [imu_0→cam_front]:
[20:30:41.546] [info]   旋转 RPY: (-2.3164, 0.3518, 1.0829) deg
[20:30:41.546] [info]   平移 XYZ: (-0.0307, -0.3070, 5.9896) m
[20:30:41.583] [debug] [ManualAdjust] 平移增量 dxyz=(0.0000, 0.0000, 0.0050)m
[20:30:41.583] [info] [ManualAdjust] 当前外参 [imu_0→cam_front]:
[20:30:41.583] [info]   旋转 RPY: (-2.3164, 0.3518, 1.0829) deg
[20:30:41.583] [info]   平移 XYZ: (-0.0307, -0.3070, 5.9946) m
[20:30:41.613] [debug] [ManualAdjust] 平移增量 dxyz=(0.0000, 0.0000, 0.0050)m
[20:30:41.613] [info] [ManualAdjust] 当前外参 [imu_0→cam_front]:
[20:30:41.613] [info]   旋转 RPY: (-2.3164, 0.3518, 1.0829) deg
[20:30:41.613] [info]   平移 XYZ: (-0.0307, -0.3070, 5.9996) m
[20:30:41.668] [debug] [ManualAdjust] 平移增量 dxyz=(0.0000, 0.0000, 0.0050)m
[20:30:41.668] [info] [ManualAdjust] 当前外参 [imu_0→cam_front]:
[20:30:41.668] [info]   旋转 RPY: (-2.3164, 0.3518, 1.0829) deg
[20:30:41.668] [info]   平移 XYZ: (-0.0307, -0.3070, 6.0046) m
[20:30:41.709] [debug] [ManualAdjust] 平移增量 dxyz=(0.0000, 0.0000, 0.0050)m
[20:30:41.709] [info] [ManualAdjust] 当前外参 [imu_0→cam_front]:
[20:30:41.709] [info]   旋转 RPY: (-2.3164, 0.3518, 1.0829) deg
[20:30:41.709] [info]   平移 XYZ: (-0.0307, -0.3070, 6.0096) m
[20:30:41.739] [debug] [ManualAdjust] 平移增量 dxyz=(0.0000, 0.0000, 0.0050)m
[20:30:41.739] [info] [ManualAdjust] 当前外参 [imu_0→cam_front]:
[20:30:41.739] [info]   旋转 RPY: (-2.3164, 0.3518, 1.0829) deg
[20:30:41.739] [info]   平移 XYZ: (-0.0307, -0.3070, 6.0146) m
[20:30:41.770] [debug] [ManualAdjust] 平移增量 dxyz=(0.0000, 0.0000, 0.0050)m
[20:30:41.770] [info] [ManualAdjust] 当前外参 [imu_0→cam_front]:
[20:30:41.770] [info]   旋转 RPY: (-2.3164, 0.3518, 1.0829) deg
[20:30:41.770] [info]   平移 XYZ: (-0.0307, -0.3070, 6.0196) m
[20:30:41.812] [debug] [ManualAdjust] 平移增量 dxyz=(0.0000, 0.0000, 0.0050)m
[20:30:41.812] [info] [ManualAdjust] 当前外参 [imu_0→cam_front]:
[20:30:41.812] [info]   旋转 RPY: (-2.3164, 0.3518, 1.0829) deg
[20:30:41.812] [info]   平移 XYZ: (-0.0307, -0.3070, 6.0246) m
[20:30:41.842] [debug] [ManualAdjust] 平移增量 dxyz=(0.0000, 0.0000, 0.0050)m
[20:30:41.842] [info] [ManualAdjust] 当前外参 [imu_0→cam_front]:
[20:30:41.842] [info]   旋转 RPY: (-2.3164, 0.3518, 1.0829) deg
[20:30:41.842] [info]   平移 XYZ: (-0.0307, -0.3070, 6.0296) m
[20:30:41.874] [debug] [ManualAdjust] 平移增量 dxyz=(0.0000, 0.0000, 0.0050)m
[20:30:41.874] [info] [ManualAdjust] 当前外参 [imu_0→cam_front]:
[20:30:41.874] [info]   旋转 RPY: (-2.3164, 0.3518, 1.0829) deg
[20:30:41.874] [info]   平移 XYZ: (-0.0307, -0.3070, 6.0346) m
[20:30:41.905] [debug] [ManualAdjust] 平移增量 dxyz=(0.0000, 0.0000, 0.0050)m
[20:30:41.905] [info] [ManualAdjust] 当前外参 [imu_0→cam_front]:
[20:30:41.905] [info]   旋转 RPY: (-2.3164, 0.3518, 1.0829) deg
[20:30:41.905] [info]   平移 XYZ: (-0.0307, -0.3070, 6.0396) m
[20:30:41.939] [debug] [ManualAdjust] 平移增量 dxyz=(0.0000, 0.0000, 0.0050)m
[20:30:41.939] [info] [ManualAdjust] 当前外参 [imu_0→cam_front]:
[20:30:41.939] [info]   旋转 RPY: (-2.3164, 0.3518, 1.0829) deg
[20:30:41.939] [info]   平移 XYZ: (-0.0307, -0.3070, 6.0446) m
[20:30:41.969] [debug] [ManualAdjust] 平移增量 dxyz=(0.0000, 0.0000, 0.0050)m
[20:30:41.969] [info] [ManualAdjust] 当前外参 [imu_0→cam_front]:
[20:30:41.969] [info]   旋转 RPY: (-2.3164, 0.3518, 1.0829) deg
[20:30:41.969] [info]   平移 XYZ: (-0.0307, -0.3070, 6.0496) m
[20:30:42.032] [debug] [ManualAdjust] 平移增量 dxyz=(0.0000, 0.0000, 0.0050)m
[20:30:42.032] [info] [ManualAdjust] 当前外参 [imu_0→cam_front]:
[20:30:42.032] [info]   旋转 RPY: (-2.3164, 0.3518, 1.0829) deg
[20:30:42.032] [info]   平移 XYZ: (-0.0307, -0.3070, 6.0546) m
[20:30:42.077] [debug] [ManualAdjust] 平移增量 dxyz=(0.0000, 0.0000, 0.0050)m
[20:30:42.077] [info] [ManualAdjust] 当前外参 [imu_0→cam_front]:
[20:30:42.077] [info]   旋转 RPY: (-2.3164, 0.3518, 1.0829) deg
[20:30:42.077] [info]   平移 XYZ: (-0.0307, -0.3070, 6.0596) m
[20:30:42.111] [debug] [ManualAdjust] 平移增量 dxyz=(0.0000, 0.0000, 0.0050)m
[20:30:42.111] [info] [ManualAdjust] 当前外参 [imu_0→cam_front]:
[20:30:42.111] [info]   旋转 RPY: (-2.3164, 0.3518, 1.0829) deg
[20:30:42.111] [info]   平移 XYZ: (-0.0307, -0.3070, 6.0646) m
[20:30:42.141] [debug] [ManualAdjust] 平移增量 dxyz=(0.0000, 0.0000, 0.0050)m
[20:30:42.141] [info] [ManualAdjust] 当前外参 [imu_0→cam_front]:
[20:30:42.141] [info]   旋转 RPY: (-2.3164, 0.3518, 1.0829) deg
[20:30:42.141] [info]   平移 XYZ: (-0.0307, -0.3070, 6.0696) m
[20:30:42.195] [debug] [ManualAdjust] 平移增量 dxyz=(0.0000, 0.0000, 0.0050)m
[20:30:42.195] [info] [ManualAdjust] 当前外参 [imu_0→cam_front]:
[20:30:42.195] [info]   旋转 RPY: (-2.3164, 0.3518, 1.0829) deg
[20:30:42.195] [info]   平移 XYZ: (-0.0307, -0.3070, 6.0746) m
[20:30:42.225] [debug] [ManualAdjust] 平移增量 dxyz=(0.0000, 0.0000, 0.0050)m
[20:30:42.225] [info] [ManualAdjust] 当前外参 [imu_0→cam_front]:
[20:30:42.225] [info]   旋转 RPY: (-2.3164, 0.3518, 1.0829) deg
[20:30:42.225] [info]   平移 XYZ: (-0.0307, -0.3070, 6.0796) m
[20:30:42.276] [debug] [ManualAdjust] 平移增量 dxyz=(0.0000, 0.0000, 0.0050)m
[20:30:42.276] [info] [ManualAdjust] 当前外参 [imu_0→cam_front]:
[20:30:42.276] [info]   旋转 RPY: (-2.3164, 0.3518, 1.0829) deg
[20:30:42.276] [info]   平移 XYZ: (-0.0307, -0.3070, 6.0846) m
[20:30:42.324] [debug] [ManualAdjust] 平移增量 dxyz=(0.0000, 0.0000, 0.0050)m
[20:30:42.324] [info] [ManualAdjust] 当前外参 [imu_0→cam_front]:
[20:30:42.324] [info]   旋转 RPY: (-2.3164, 0.3518, 1.0829) deg
[20:30:42.324] [info]   平移 XYZ: (-0.0307, -0.3070, 6.0896) m
[20:30:42.356] [debug] [ManualAdjust] 平移增量 dxyz=(0.0000, 0.0000, 0.0050)m
[20:30:42.356] [info] [ManualAdjust] 当前外参 [imu_0→cam_front]:
[20:30:42.356] [info]   旋转 RPY: (-2.3164, 0.3518, 1.0829) deg
[20:30:42.356] [info]   平移 XYZ: (-0.0307, -0.3070, 6.0946) m
[20:30:42.386] [debug] [ManualAdjust] 平移增量 dxyz=(0.0000, 0.0000, 0.0050)m
[20:30:42.386] [info] [ManualAdjust] 当前外参 [imu_0→cam_front]:
[20:30:42.386] [info]   旋转 RPY: (-2.3164, 0.3518, 1.0829) deg
[20:30:42.386] [info]   平移 XYZ: (-0.0307, -0.3070, 6.0996) m
[20:30:42.447] [debug] [ManualAdjust] 平移增量 dxyz=(0.0000, 0.0000, 0.0050)m
[20:30:42.447] [info] [ManualAdjust] 当前外参 [imu_0→cam_front]:
[20:30:42.447] [info]   旋转 RPY: (-2.3164, 0.3518, 1.0829) deg
[20:30:42.447] [info]   平移 XYZ: (-0.0307, -0.3070, 6.1046) m
[20:30:42.488] [debug] [ManualAdjust] 平移增量 dxyz=(0.0000, 0.0000, 0.0050)m
[20:30:42.488] [info] [ManualAdjust] 当前外参 [imu_0→cam_front]:
[20:30:42.488] [info]   旋转 RPY: (-2.3164, 0.3518, 1.0829) deg
[20:30:42.488] [info]   平移 XYZ: (-0.0307, -0.3070, 6.1096) m
[20:30:42.533] [debug] [ManualAdjust] 平移增量 dxyz=(0.0000, 0.0000, 0.0050)m
[20:30:42.533] [info] [ManualAdjust] 当前外参 [imu_0→cam_front]:
[20:30:42.533] [info]   旋转 RPY: (-2.3164, 0.3518, 1.0829) deg
[20:30:42.533] [info]   平移 XYZ: (-0.0307, -0.3070, 6.1146) m
[20:30:42.564] [debug] [ManualAdjust] 平移增量 dxyz=(0.0000, 0.0000, 0.0050)m
[20:30:42.564] [info] [ManualAdjust] 当前外参 [imu_0→cam_front]:
[20:30:42.564] [info]   旋转 RPY: (-2.3164, 0.3518, 1.0829) deg
[20:30:42.564] [info]   平移 XYZ: (-0.0307, -0.3070, 6.1196) m
[20:30:42.618] [debug] [ManualAdjust] 平移增量 dxyz=(0.0000, 0.0000, 0.0050)m
[20:30:42.618] [info] [ManualAdjust] 当前外参 [imu_0→cam_front]:
[20:30:42.618] [info]   旋转 RPY: (-2.3164, 0.3518, 1.0829) deg
[20:30:42.618] [info]   平移 XYZ: (-0.0307, -0.3070, 6.1246) m
[20:30:42.647] [debug] [ManualAdjust] 平移增量 dxyz=(0.0000, 0.0000, 0.0050)m
[20:30:42.647] [info] [ManualAdjust] 当前外参 [imu_0→cam_front]:
[20:30:42.647] [info]   旋转 RPY: (-2.3164, 0.3518, 1.0829) deg
[20:30:42.647] [info]   平移 XYZ: (-0.0307, -0.3070, 6.1296) m
[20:30:42.685] [debug] [ManualAdjust] 平移增量 dxyz=(0.0000, 0.0000, 0.0050)m
[20:30:42.685] [info] [ManualAdjust] 当前外参 [imu_0→cam_front]:
[20:30:42.685] [info]   旋转 RPY: (-2.3164, 0.3518, 1.0829) deg
[20:30:42.685] [info]   平移 XYZ: (-0.0307, -0.3070, 6.1346) m
[20:30:42.725] [debug] [ManualAdjust] 平移增量 dxyz=(0.0000, 0.0000, 0.0050)m
[20:30:42.725] [info] [ManualAdjust] 当前外参 [imu_0→cam_front]:
[20:30:42.725] [info]   旋转 RPY: (-2.3164, 0.3518, 1.0829) deg
[20:30:42.725] [info]   平移 XYZ: (-0.0307, -0.3070, 6.1396) m
[20:30:42.754] [debug] [ManualAdjust] 平移增量 dxyz=(0.0000, 0.0000, 0.0050)m
[20:30:42.754] [info] [ManualAdjust] 当前外参 [imu_0→cam_front]:
[20:30:42.754] [info]   旋转 RPY: (-2.3164, 0.3518, 1.0829) deg
[20:30:42.754] [info]   平移 XYZ: (-0.0307, -0.3070, 6.1446) m
[20:30:42.807] [debug] [ManualAdjust] 平移增量 dxyz=(0.0000, 0.0000, 0.0050)m
[20:30:42.807] [info] [ManualAdjust] 当前外参 [imu_0→cam_front]:
[20:30:42.807] [info]   旋转 RPY: (-2.3164, 0.3518, 1.0829) deg
[20:30:42.807] [info]   平移 XYZ: (-0.0307, -0.3070, 6.1496) m
[20:30:42.840] [debug] [ManualAdjust] 平移增量 dxyz=(0.0000, 0.0000, 0.0050)m
[20:30:42.840] [info] [ManualAdjust] 当前外参 [imu_0→cam_front]:
[20:30:42.840] [info]   旋转 RPY: (-2.3164, 0.3518, 1.0829) deg
[20:30:42.840] [info]   平移 XYZ: (-0.0307, -0.3070, 6.1546) m
[20:30:42.888] [debug] [ManualAdjust] 平移增量 dxyz=(0.0000, 0.0000, 0.0050)m
[20:30:42.888] [info] [ManualAdjust] 当前外参 [imu_0→cam_front]:
[20:30:42.888] [info]   旋转 RPY: (-2.3164, 0.3518, 1.0829) deg
[20:30:42.888] [info]   平移 XYZ: (-0.0307, -0.3070, 6.1596) m
[20:30:42.917] [debug] [ManualAdjust] 平移增量 dxyz=(0.0000, 0.0000, 0.0050)m
[20:30:42.917] [info] [ManualAdjust] 当前外参 [imu_0→cam_front]:
[20:30:42.917] [info]   旋转 RPY: (-2.3164, 0.3518, 1.0829) deg
[20:30:42.917] [info]   平移 XYZ: (-0.0307, -0.3070, 6.1646) m
[20:30:42.965] [debug] [ManualAdjust] 平移增量 dxyz=(0.0000, 0.0000, 0.0050)m
[20:30:42.965] [info] [ManualAdjust] 当前外参 [imu_0→cam_front]:
[20:30:42.965] [info]   旋转 RPY: (-2.3164, 0.3518, 1.0829) deg
[20:30:42.965] [info]   平移 XYZ: (-0.0307, -0.3070, 6.1696) m
[20:30:43.007] [debug] [ManualAdjust] 平移增量 dxyz=(0.0000, 0.0000, 0.0050)m
[20:30:43.007] [info] [ManualAdjust] 当前外参 [imu_0→cam_front]:
[20:30:43.007] [info]   旋转 RPY: (-2.3164, 0.3518, 1.0829) deg
[20:30:43.007] [info]   平移 XYZ: (-0.0307, -0.3070, 6.1746) m
[20:30:43.037] [debug] [ManualAdjust] 平移增量 dxyz=(0.0000, 0.0000, 0.0050)m
[20:30:43.037] [info] [ManualAdjust] 当前外参 [imu_0→cam_front]:
[20:30:43.037] [info]   旋转 RPY: (-2.3164, 0.3518, 1.0829) deg
[20:30:43.037] [info]   平移 XYZ: (-0.0307, -0.3070, 6.1796) m
[20:30:43.104] [debug] [ManualAdjust] 平移增量 dxyz=(0.0000, 0.0000, 0.0050)m
[20:30:43.104] [info] [ManualAdjust] 当前外参 [imu_0→cam_front]:
[20:30:43.104] [info]   旋转 RPY: (-2.3164, 0.3518, 1.0829) deg
[20:30:43.104] [info]   平移 XYZ: (-0.0307, -0.3070, 6.1846) m
[20:30:43.134] [debug] [ManualAdjust] 平移增量 dxyz=(0.0000, 0.0000, 0.0050)m
[20:30:43.134] [info] [ManualAdjust] 当前外参 [imu_0→cam_front]:
[20:30:43.134] [info]   旋转 RPY: (-2.3164, 0.3518, 1.0829) deg
[20:30:43.134] [info]   平移 XYZ: (-0.0307, -0.3070, 6.1896) m
[20:30:43.174] [debug] [ManualAdjust] 平移增量 dxyz=(0.0000, 0.0000, 0.0050)m
[20:30:43.174] [info] [ManualAdjust] 当前外参 [imu_0→cam_front]:
[20:30:43.174] [info]   旋转 RPY: (-2.3164, 0.3518, 1.0829) deg
[20:30:43.174] [info]   平移 XYZ: (-0.0307, -0.3070, 6.1946) m
[20:30:43.205] [debug] [ManualAdjust] 平移增量 dxyz=(0.0000, 0.0000, 0.0050)m
[20:30:43.205] [info] [ManualAdjust] 当前外参 [imu_0→cam_front]:
[20:30:43.205] [info]   旋转 RPY: (-2.3164, 0.3518, 1.0829) deg
[20:30:43.205] [info]   平移 XYZ: (-0.0307, -0.3070, 6.1996) m
[20:30:43.235] [debug] [ManualAdjust] 平移增量 dxyz=(0.0000, 0.0000, 0.0050)m
[20:30:43.235] [info] [ManualAdjust] 当前外参 [imu_0→cam_front]:
[20:30:43.235] [info]   旋转 RPY: (-2.3164, 0.3518, 1.0829) deg
[20:30:43.235] [info]   平移 XYZ: (-0.0307, -0.3070, 6.2046) m
[20:30:43.289] [debug] [ManualAdjust] 平移增量 dxyz=(0.0000, 0.0000, 0.0050)m
[20:30:43.289] [info] [ManualAdjust] 当前外参 [imu_0→cam_front]:
[20:30:43.289] [info]   旋转 RPY: (-2.3164, 0.3518, 1.0829) deg
[20:30:43.289] [info]   平移 XYZ: (-0.0307, -0.3070, 6.2096) m
[20:30:43.320] [debug] [ManualAdjust] 平移增量 dxyz=(0.0000, 0.0000, 0.0050)m
[20:30:43.320] [info] [ManualAdjust] 当前外参 [imu_0→cam_front]:
[20:30:43.320] [info]   旋转 RPY: (-2.3164, 0.3518, 1.0829) deg
[20:30:43.320] [info]   平移 XYZ: (-0.0307, -0.3070, 6.2146) m
[20:30:43.350] [debug] [ManualAdjust] 平移增量 dxyz=(0.0000, 0.0000, 0.0050)m
[20:30:43.350] [info] [ManualAdjust] 当前外参 [imu_0→cam_front]:
[20:30:43.350] [info]   旋转 RPY: (-2.3164, 0.3518, 1.0829) deg
[20:30:43.350] [info]   平移 XYZ: (-0.0307, -0.3070, 6.2196) m
[20:30:43.382] [debug] [ManualAdjust] 平移增量 dxyz=(0.0000, 0.0000, 0.0050)m
[20:30:43.382] [info] [ManualAdjust] 当前外参 [imu_0→cam_front]:
[20:30:43.382] [info]   旋转 RPY: (-2.3164, 0.3518, 1.0829) deg
[20:30:43.382] [info]   平移 XYZ: (-0.0307, -0.3070, 6.2246) m
[20:30:43.414] [debug] [ManualAdjust] 平移增量 dxyz=(0.0000, 0.0000, 0.0050)m
[20:30:43.414] [info] [ManualAdjust] 当前外参 [imu_0→cam_front]:
[20:30:43.414] [info]   旋转 RPY: (-2.3164, 0.3518, 1.0829) deg
[20:30:43.414] [info]   平移 XYZ: (-0.0307, -0.3070, 6.2296) m
[20:30:43.452] [debug] [ManualAdjust] 平移增量 dxyz=(0.0000, 0.0000, 0.0050)m
[20:30:43.452] [info] [ManualAdjust] 当前外参 [imu_0→cam_front]:
[20:30:43.452] [info]   旋转 RPY: (-2.3164, 0.3518, 1.0829) deg
[20:30:43.452] [info]   平移 XYZ: (-0.0307, -0.3070, 6.2346) m
[20:30:43.494] [debug] [ManualAdjust] 平移增量 dxyz=(0.0000, 0.0000, 0.0050)m
[20:30:43.494] [info] [ManualAdjust] 当前外参 [imu_0→cam_front]:
[20:30:43.494] [info]   旋转 RPY: (-2.3164, 0.3518, 1.0829) deg
[20:30:43.494] [info]   平移 XYZ: (-0.0307, -0.3070, 6.2396) m
[20:30:43.524] [debug] [ManualAdjust] 平移增量 dxyz=(0.0000, 0.0000, 0.0050)m
[20:30:43.524] [info] [ManualAdjust] 当前外参 [imu_0→cam_front]:
[20:30:43.524] [info]   旋转 RPY: (-2.3164, 0.3518, 1.0829) deg
[20:30:43.524] [info]   平移 XYZ: (-0.0307, -0.3070, 6.2446) m
[20:30:43.568] [debug] [ManualAdjust] 平移增量 dxyz=(0.0000, 0.0000, 0.0050)m
[20:30:43.568] [info] [ManualAdjust] 当前外参 [imu_0→cam_front]:
[20:30:43.568] [info]   旋转 RPY: (-2.3164, 0.3518, 1.0829) deg
[20:30:43.568] [info]   平移 XYZ: (-0.0307, -0.3070, 6.2496) m
[20:30:43.598] [debug] [ManualAdjust] 平移增量 dxyz=(0.0000, 0.0000, 0.0050)m
[20:30:43.598] [info] [ManualAdjust] 当前外参 [imu_0→cam_front]:
[20:30:43.598] [info]   旋转 RPY: (-2.3164, 0.3518, 1.0829) deg
[20:30:43.598] [info]   平移 XYZ: (-0.0307, -0.3070, 6.2546) m
[20:30:43.628] [debug] [ManualAdjust] 平移增量 dxyz=(0.0000, 0.0000, 0.0050)m
[20:30:43.628] [info] [ManualAdjust] 当前外参 [imu_0→cam_front]:
[20:30:43.628] [info]   旋转 RPY: (-2.3164, 0.3518, 1.0829) deg
[20:30:43.628] [info]   平移 XYZ: (-0.0307, -0.3070, 6.2596) m
[20:30:43.676] [debug] [ManualAdjust] 平移增量 dxyz=(0.0000, 0.0000, 0.0050)m
[20:30:43.676] [info] [ManualAdjust] 当前外参 [imu_0→cam_front]:
[20:30:43.676] [info]   旋转 RPY: (-2.3164, 0.3518, 1.0829) deg
[20:30:43.676] [info]   平移 XYZ: (-0.0307, -0.3070, 6.2646) m
[20:30:43.709] [debug] [ManualAdjust] 平移增量 dxyz=(0.0000, 0.0000, 0.0050)m
[20:30:43.709] [info] [ManualAdjust] 当前外参 [imu_0→cam_front]:
[20:30:43.709] [info]   旋转 RPY: (-2.3164, 0.3518, 1.0829) deg
[20:30:43.709] [info]   平移 XYZ: (-0.0307, -0.3070, 6.2696) m
[20:30:43.756] [debug] [ManualAdjust] 平移增量 dxyz=(0.0000, 0.0000, 0.0050)m
[20:30:43.756] [info] [ManualAdjust] 当前外参 [imu_0→cam_front]:
[20:30:43.756] [info]   旋转 RPY: (-2.3164, 0.3518, 1.0829) deg
[20:30:43.756] [info]   平移 XYZ: (-0.0307, -0.3070, 6.2746) m
[20:30:43.785] [debug] [ManualAdjust] 平移增量 dxyz=(0.0000, 0.0000, 0.0050)m
[20:30:43.785] [info] [ManualAdjust] 当前外参 [imu_0→cam_front]:
[20:30:43.785] [info]   旋转 RPY: (-2.3164, 0.3518, 1.0829) deg
[20:30:43.785] [info]   平移 XYZ: (-0.0307, -0.3070, 6.2796) m
[20:30:43.814] [debug] [ManualAdjust] 平移增量 dxyz=(0.0000, 0.0000, 0.0050)m
[20:30:43.814] [info] [ManualAdjust] 当前外参 [imu_0→cam_front]:
[20:30:43.814] [info]   旋转 RPY: (-2.3164, 0.3518, 1.0829) deg
[20:30:43.814] [info]   平移 XYZ: (-0.0307, -0.3070, 6.2846) m
[20:30:43.868] [debug] [ManualAdjust] 平移增量 dxyz=(0.0000, 0.0000, 0.0050)m
[20:30:43.868] [info] [ManualAdjust] 当前外参 [imu_0→cam_front]:
[20:30:43.868] [info]   旋转 RPY: (-2.3164, 0.3518, 1.0829) deg
[20:30:43.868] [info]   平移 XYZ: (-0.0307, -0.3070, 6.2896) m
[20:30:43.911] [debug] [ManualAdjust] 平移增量 dxyz=(0.0000, 0.0000, 0.0050)m
[20:30:43.911] [info] [ManualAdjust] 当前外参 [imu_0→cam_front]:
[20:30:43.911] [info]   旋转 RPY: (-2.3164, 0.3518, 1.0829) deg
[20:30:43.911] [info]   平移 XYZ: (-0.0307, -0.3070, 6.2946) m
[20:30:43.944] [debug] [ManualAdjust] 平移增量 dxyz=(0.0000, 0.0000, 0.0050)m
[20:30:43.944] [info] [ManualAdjust] 当前外参 [imu_0→cam_front]:
[20:30:43.944] [info]   旋转 RPY: (-2.3164, 0.3518, 1.0829) deg
[20:30:43.944] [info]   平移 XYZ: (-0.0307, -0.3070, 6.2996) m
[20:30:43.974] [debug] [ManualAdjust] 平移增量 dxyz=(0.0000, 0.0000, 0.0050)m
[20:30:43.974] [info] [ManualAdjust] 当前外参 [imu_0→cam_front]:
[20:30:43.974] [info]   旋转 RPY: (-2.3164, 0.3518, 1.0829) deg
[20:30:43.974] [info]   平移 XYZ: (-0.0307, -0.3070, 6.3046) m
[20:30:44.005] [debug] [ManualAdjust] 平移增量 dxyz=(0.0000, 0.0000, 0.0050)m
[20:30:44.005] [info] [ManualAdjust] 当前外参 [imu_0→cam_front]:
[20:30:44.005] [info]   旋转 RPY: (-2.3164, 0.3518, 1.0829) deg
[20:30:44.005] [info]   平移 XYZ: (-0.0307, -0.3070, 6.3096) m
[20:30:44.041] [debug] [ManualAdjust] 平移增量 dxyz=(0.0000, 0.0000, 0.0050)m
[20:30:44.041] [info] [ManualAdjust] 当前外参 [imu_0→cam_front]:
[20:30:44.041] [info]   旋转 RPY: (-2.3164, 0.3518, 1.0829) deg
[20:30:44.041] [info]   平移 XYZ: (-0.0307, -0.3070, 6.3146) m
[20:30:44.071] [debug] [ManualAdjust] 平移增量 dxyz=(0.0000, 0.0000, 0.0050)m
[20:30:44.071] [info] [ManualAdjust] 当前外参 [imu_0→cam_front]:
[20:30:44.071] [info]   旋转 RPY: (-2.3164, 0.3518, 1.0829) deg
[20:30:44.071] [info]   平移 XYZ: (-0.0307, -0.3070, 6.3196) m
[20:30:44.104] [debug] [ManualAdjust] 平移增量 dxyz=(0.0000, 0.0000, 0.0050)m
[20:30:44.104] [info] [ManualAdjust] 当前外参 [imu_0→cam_front]:
[20:30:44.104] [info]   旋转 RPY: (-2.3164, 0.3518, 1.0829) deg
[20:30:44.104] [info]   平移 XYZ: (-0.0307, -0.3070, 6.3246) m
[20:30:44.137] [debug] [ManualAdjust] 平移增量 dxyz=(0.0000, 0.0000, 0.0050)m
[20:30:44.137] [info] [ManualAdjust] 当前外参 [imu_0→cam_front]:
[20:30:44.137] [info]   旋转 RPY: (-2.3164, 0.3518, 1.0829) deg
[20:30:44.137] [info]   平移 XYZ: (-0.0307, -0.3070, 6.3296) m
[20:30:44.167] [debug] [ManualAdjust] 平移增量 dxyz=(0.0000, 0.0000, 0.0050)m
[20:30:44.167] [info] [ManualAdjust] 当前外参 [imu_0→cam_front]:
[20:30:44.167] [info]   旋转 RPY: (-2.3164, 0.3518, 1.0829) deg
[20:30:44.167] [info]   平移 XYZ: (-0.0307, -0.3070, 6.3346) m
[20:30:44.229] [debug] [ManualAdjust] 平移增量 dxyz=(0.0000, 0.0000, 0.0050)m
[20:30:44.229] [info] [ManualAdjust] 当前外参 [imu_0→cam_front]:
[20:30:44.229] [info]   旋转 RPY: (-2.3164, 0.3518, 1.0829) deg
[20:30:44.229] [info]   平移 XYZ: (-0.0307, -0.3070, 6.3396) m
[20:30:44.276] [debug] [ManualAdjust] 平移增量 dxyz=(0.0000, 0.0000, 0.0050)m
[20:30:44.276] [info] [ManualAdjust] 当前外参 [imu_0→cam_front]:
[20:30:44.276] [info]   旋转 RPY: (-2.3164, 0.3518, 1.0829) deg
[20:30:44.276] [info]   平移 XYZ: (-0.0307, -0.3070, 6.3446) m
[20:30:44.307] [debug] [ManualAdjust] 平移增量 dxyz=(0.0000, 0.0000, 0.0050)m
[20:30:44.307] [info] [ManualAdjust] 当前外参 [imu_0→cam_front]:
[20:30:44.307] [info]   旋转 RPY: (-2.3164, 0.3518, 1.0829) deg
[20:30:44.307] [info]   平移 XYZ: (-0.0307, -0.3070, 6.3496) m
[20:30:44.341] [debug] [ManualAdjust] 平移增量 dxyz=(0.0000, 0.0000, 0.0050)m
[20:30:44.341] [info] [ManualAdjust] 当前外参 [imu_0→cam_front]:
[20:30:44.341] [info]   旋转 RPY: (-2.3164, 0.3518, 1.0829) deg
[20:30:44.341] [info]   平移 XYZ: (-0.0307, -0.3070, 6.3546) m
[20:30:44.404] [debug] [ManualAdjust] 平移增量 dxyz=(0.0000, 0.0000, 0.0050)m
[20:30:44.404] [info] [ManualAdjust] 当前外参 [imu_0→cam_front]:
[20:30:44.404] [info]   旋转 RPY: (-2.3164, 0.3518, 1.0829) deg
[20:30:44.404] [info]   平移 XYZ: (-0.0307, -0.3070, 6.3596) m
[20:30:44.434] [debug] [ManualAdjust] 平移增量 dxyz=(0.0000, 0.0000, 0.0050)m
[20:30:44.434] [info] [ManualAdjust] 当前外参 [imu_0→cam_front]:
[20:30:44.434] [info]   旋转 RPY: (-2.3164, 0.3518, 1.0829) deg
[20:30:44.434] [info]   平移 XYZ: (-0.0307, -0.3070, 6.3646) m
[20:30:44.478] [debug] [ManualAdjust] 平移增量 dxyz=(0.0000, 0.0000, 0.0050)m
[20:30:44.478] [info] [ManualAdjust] 当前外参 [imu_0→cam_front]:
[20:30:44.478] [info]   旋转 RPY: (-2.3164, 0.3518, 1.0829) deg
[20:30:44.478] [info]   平移 XYZ: (-0.0307, -0.3070, 6.3696) m
[20:30:44.509] [debug] [ManualAdjust] 平移增量 dxyz=(0.0000, 0.0000, 0.0050)m
[20:30:44.509] [info] [ManualAdjust] 当前外参 [imu_0→cam_front]:
[20:30:44.509] [info]   旋转 RPY: (-2.3164, 0.3518, 1.0829) deg
[20:30:44.509] [info]   平移 XYZ: (-0.0307, -0.3070, 6.3746) m
[20:30:44.539] [debug] [ManualAdjust] 平移增量 dxyz=(0.0000, 0.0000, 0.0050)m
[20:30:44.540] [info] [ManualAdjust] 当前外参 [imu_0→cam_front]:
[20:30:44.540] [info]   旋转 RPY: (-2.3164, 0.3518, 1.0829) deg
[20:30:44.540] [info]   平移 XYZ: (-0.0307, -0.3070, 6.3796) m
[20:30:44.597] [debug] [ManualAdjust] 平移增量 dxyz=(0.0000, 0.0000, 0.0050)m
[20:30:44.597] [info] [ManualAdjust] 当前外参 [imu_0→cam_front]:
[20:30:44.597] [info]   旋转 RPY: (-2.3164, 0.3518, 1.0829) deg
[20:30:44.597] [info]   平移 XYZ: (-0.0307, -0.3070, 6.3846) m
[20:30:44.642] [debug] [ManualAdjust] 平移增量 dxyz=(0.0000, 0.0000, 0.0050)m
[20:30:44.642] [info] [ManualAdjust] 当前外参 [imu_0→cam_front]:
[20:30:44.642] [info]   旋转 RPY: (-2.3164, 0.3518, 1.0829) deg
[20:30:44.642] [info]   平移 XYZ: (-0.0307, -0.3070, 6.3896) m
[20:30:44.673] [debug] [ManualAdjust] 平移增量 dxyz=(0.0000, 0.0000, 0.0050)m
[20:30:44.673] [info] [ManualAdjust] 当前外参 [imu_0→cam_front]:
[20:30:44.673] [info]   旋转 RPY: (-2.3164, 0.3518, 1.0829) deg
[20:30:44.673] [info]   平移 XYZ: (-0.0307, -0.3070, 6.3946) m
[20:30:44.705] [debug] [ManualAdjust] 平移增量 dxyz=(0.0000, 0.0000, 0.0050)m
[20:30:44.705] [info] [ManualAdjust] 当前外参 [imu_0→cam_front]:
[20:30:44.705] [info]   旋转 RPY: (-2.3164, 0.3518, 1.0829) deg
[20:30:44.705] [info]   平移 XYZ: (-0.0307, -0.3070, 6.3996) m
[20:30:44.760] [debug] [ManualAdjust] 平移增量 dxyz=(0.0000, 0.0000, 0.0050)m
[20:30:44.760] [info] [ManualAdjust] 当前外参 [imu_0→cam_front]:
[20:30:44.760] [info]   旋转 RPY: (-2.3164, 0.3518, 1.0829) deg
[20:30:44.760] [info]   平移 XYZ: (-0.0307, -0.3070, 6.4046) m
[20:30:44.809] [debug] [ManualAdjust] 平移增量 dxyz=(0.0000, 0.0000, 0.0050)m
[20:30:44.809] [info] [ManualAdjust] 当前外参 [imu_0→cam_front]:
[20:30:44.810] [info]   旋转 RPY: (-2.3164, 0.3518, 1.0829) deg
[20:30:44.810] [info]   平移 XYZ: (-0.0307, -0.3070, 6.4096) m
[20:30:44.840] [debug] [ManualAdjust] 平移增量 dxyz=(0.0000, 0.0000, 0.0050)m
[20:30:44.840] [info] [ManualAdjust] 当前外参 [imu_0→cam_front]:
[20:30:44.840] [info]   旋转 RPY: (-2.3164, 0.3518, 1.0829) deg
[20:30:44.840] [info]   平移 XYZ: (-0.0307, -0.3070, 6.4146) m
[20:30:44.870] [debug] [ManualAdjust] 平移增量 dxyz=(0.0000, 0.0000, 0.0050)m
[20:30:44.870] [info] [ManualAdjust] 当前外参 [imu_0→cam_front]:
[20:30:44.870] [info]   旋转 RPY: (-2.3164, 0.3518, 1.0829) deg
[20:30:44.870] [info]   平移 XYZ: (-0.0307, -0.3070, 6.4196) m
[20:30:44.924] [debug] [ManualAdjust] 平移增量 dxyz=(0.0000, 0.0000, 0.0050)m
[20:30:44.924] [info] [ManualAdjust] 当前外参 [imu_0→cam_front]:
[20:30:44.924] [info]   旋转 RPY: (-2.3164, 0.3518, 1.0829) deg
[20:30:44.924] [info]   平移 XYZ: (-0.0307, -0.3070, 6.4246) m
[20:30:44.956] [debug] [ManualAdjust] 平移增量 dxyz=(0.0000, 0.0000, 0.0050)m
[20:30:44.956] [info] [ManualAdjust] 当前外参 [imu_0→cam_front]:
[20:30:44.956] [info]   旋转 RPY: (-2.3164, 0.3518, 1.0829) deg
[20:30:44.956] [info]   平移 XYZ: (-0.0307, -0.3070, 6.4296) m
[20:30:44.991] [debug] [ManualAdjust] 平移增量 dxyz=(0.0000, 0.0000, 0.0050)m
[20:30:44.991] [info] [ManualAdjust] 当前外参 [imu_0→cam_front]:
[20:30:44.991] [info]   旋转 RPY: (-2.3164, 0.3518, 1.0829) deg
[20:30:44.991] [info]   平移 XYZ: (-0.0307, -0.3070, 6.4346) m
[20:30:45.026] [debug] [ManualAdjust] 平移增量 dxyz=(0.0000, 0.0000, 0.0050)m
[20:30:45.026] [info] [ManualAdjust] 当前外参 [imu_0→cam_front]:
[20:30:45.026] [info]   旋转 RPY: (-2.3164, 0.3518, 1.0829) deg
[20:30:45.026] [info]   平移 XYZ: (-0.0307, -0.3070, 6.4396) m
[20:30:45.071] [debug] [ManualAdjust] 平移增量 dxyz=(0.0000, 0.0000, 0.0050)m
[20:30:45.071] [info] [ManualAdjust] 当前外参 [imu_0→cam_front]:
[20:30:45.071] [info]   旋转 RPY: (-2.3164, 0.3518, 1.0829) deg
[20:30:45.071] [info]   平移 XYZ: (-0.0307, -0.3070, 6.4446) m
[20:30:45.108] [debug] [ManualAdjust] 平移增量 dxyz=(0.0000, 0.0000, 0.0050)m
[20:30:45.108] [info] [ManualAdjust] 当前外参 [imu_0→cam_front]:
[20:30:45.108] [info]   旋转 RPY: (-2.3164, 0.3518, 1.0829) deg
[20:30:45.108] [info]   平移 XYZ: (-0.0307, -0.3070, 6.4496) m
[20:30:45.138] [debug] [ManualAdjust] 平移增量 dxyz=(0.0000, 0.0000, 0.0050)m
[20:30:45.138] [info] [ManualAdjust] 当前外参 [imu_0→cam_front]:
[20:30:45.138] [info]   旋转 RPY: (-2.3164, 0.3518, 1.0829) deg
[20:30:45.138] [info]   平移 XYZ: (-0.0307, -0.3070, 6.4546) m
[20:30:45.180] [debug] [ManualAdjust] 平移增量 dxyz=(0.0000, 0.0000, 0.0050)m
[20:30:45.180] [info] [ManualAdjust] 当前外参 [imu_0→cam_front]:
[20:30:45.180] [info]   旋转 RPY: (-2.3164, 0.3518, 1.0829) deg
[20:30:45.180] [info]   平移 XYZ: (-0.0307, -0.3070, 6.4596) m
[20:30:45.217] [debug] [ManualAdjust] 平移增量 dxyz=(0.0000, 0.0000, 0.0050)m
[20:30:45.217] [info] [ManualAdjust] 当前外参 [imu_0→cam_front]:
[20:30:45.217] [info]   旋转 RPY: (-2.3164, 0.3518, 1.0829) deg
[20:30:45.217] [info]   平移 XYZ: (-0.0307, -0.3070, 6.4646) m
[20:30:45.249] [debug] [ManualAdjust] 平移增量 dxyz=(0.0000, 0.0000, 0.0050)m
[20:30:45.249] [info] [ManualAdjust] 当前外参 [imu_0→cam_front]:
[20:30:45.249] [info]   旋转 RPY: (-2.3164, 0.3518, 1.0829) deg
[20:30:45.249] [info]   平移 XYZ: (-0.0307, -0.3070, 6.4696) m
[20:30:45.290] [debug] [ManualAdjust] 平移增量 dxyz=(0.0000, 0.0000, 0.0050)m
[20:30:45.290] [info] [ManualAdjust] 当前外参 [imu_0→cam_front]:
[20:30:45.290] [info]   旋转 RPY: (-2.3164, 0.3518, 1.0829) deg
[20:30:45.290] [info]   平移 XYZ: (-0.0307, -0.3070, 6.4746) m
[20:30:45.321] [debug] [ManualAdjust] 平移增量 dxyz=(0.0000, 0.0000, 0.0050)m
[20:30:45.321] [info] [ManualAdjust] 当前外参 [imu_0→cam_front]:
[20:30:45.321] [info]   旋转 RPY: (-2.3164, 0.3518, 1.0829) deg
[20:30:45.321] [info]   平移 XYZ: (-0.0307, -0.3070, 6.4796) m
[20:30:45.352] [debug] [ManualAdjust] 平移增量 dxyz=(0.0000, 0.0000, 0.0050)m
[20:30:45.352] [info] [ManualAdjust] 当前外参 [imu_0→cam_front]:
[20:30:45.352] [info]   旋转 RPY: (-2.3164, 0.3518, 1.0829) deg
[20:30:45.352] [info]   平移 XYZ: (-0.0307, -0.3070, 6.4846) m
[20:30:45.411] [debug] [ManualAdjust] 平移增量 dxyz=(0.0000, 0.0000, 0.0050)m
[20:30:45.411] [info] [ManualAdjust] 当前外参 [imu_0→cam_front]:
[20:30:45.411] [info]   旋转 RPY: (-2.3164, 0.3518, 1.0829) deg
[20:30:45.411] [info]   平移 XYZ: (-0.0307, -0.3070, 6.4896) m
[20:30:45.448] [debug] [ManualAdjust] 平移增量 dxyz=(0.0000, 0.0000, 0.0050)m
[20:30:45.448] [info] [ManualAdjust] 当前外参 [imu_0→cam_front]:
[20:30:45.448] [info]   旋转 RPY: (-2.3164, 0.3518, 1.0829) deg
[20:30:45.448] [info]   平移 XYZ: (-0.0307, -0.3070, 6.4946) m
[20:30:45.475] [debug] [ManualAdjust] 平移增量 dxyz=(0.0000, 0.0000, 0.0050)m
[20:30:45.475] [info] [ManualAdjust] 当前外参 [imu_0→cam_front]:
[20:30:45.475] [info]   旋转 RPY: (-2.3164, 0.3518, 1.0829) deg
[20:30:45.475] [info]   平移 XYZ: (-0.0307, -0.3070, 6.4996) m
[20:30:45.505] [debug] [ManualAdjust] 平移增量 dxyz=(0.0000, 0.0000, 0.0050)m
[20:30:45.505] [info] [ManualAdjust] 当前外参 [imu_0→cam_front]:
[20:30:45.505] [info]   旋转 RPY: (-2.3164, 0.3518, 1.0829) deg
[20:30:45.505] [info]   平移 XYZ: (-0.0307, -0.3070, 6.5046) m
[20:30:45.536] [debug] [ManualAdjust] 平移增量 dxyz=(0.0000, 0.0000, 0.0050)m
[20:30:45.536] [info] [ManualAdjust] 当前外参 [imu_0→cam_front]:
[20:30:45.536] [info]   旋转 RPY: (-2.3164, 0.3518, 1.0829) deg
[20:30:45.536] [info]   平移 XYZ: (-0.0307, -0.3070, 6.5096) m
[20:30:45.567] [debug] [ManualAdjust] 平移增量 dxyz=(0.0000, 0.0000, 0.0050)m
[20:30:45.567] [info] [ManualAdjust] 当前外参 [imu_0→cam_front]:
[20:30:45.567] [info]   旋转 RPY: (-2.3164, 0.3518, 1.0829) deg
[20:30:45.567] [info]   平移 XYZ: (-0.0307, -0.3070, 6.5146) m
[20:30:45.599] [debug] [ManualAdjust] 平移增量 dxyz=(0.0000, 0.0000, 0.0050)m
[20:30:45.599] [info] [ManualAdjust] 当前外参 [imu_0→cam_front]:
[20:30:45.599] [info]   旋转 RPY: (-2.3164, 0.3518, 1.0829) deg
[20:30:45.599] [info]   平移 XYZ: (-0.0307, -0.3070, 6.5196) m
[20:30:45.653] [debug] [ManualAdjust] 平移增量 dxyz=(0.0000, 0.0000, 0.0050)m
[20:30:45.653] [info] [ManualAdjust] 当前外参 [imu_0→cam_front]:
[20:30:45.653] [info]   旋转 RPY: (-2.3164, 0.3518, 1.0829) deg
[20:30:45.653] [info]   平移 XYZ: (-0.0307, -0.3070, 6.5246) m
[20:30:45.689] [debug] [ManualAdjust] 平移增量 dxyz=(0.0000, 0.0000, 0.0050)m
[20:30:45.689] [info] [ManualAdjust] 当前外参 [imu_0→cam_front]:
[20:30:45.689] [info]   旋转 RPY: (-2.3164, 0.3518, 1.0829) deg
[20:30:45.689] [info]   平移 XYZ: (-0.0307, -0.3070, 6.5296) m
[20:30:45.719] [debug] [ManualAdjust] 平移增量 dxyz=(0.0000, 0.0000, 0.0050)m
[20:30:45.719] [info] [ManualAdjust] 当前外参 [imu_0→cam_front]:
[20:30:45.719] [info]   旋转 RPY: (-2.3164, 0.3518, 1.0829) deg
[20:30:45.719] [info]   平移 XYZ: (-0.0307, -0.3070, 6.5346) m
[20:30:45.754] [debug] [ManualAdjust] 平移增量 dxyz=(0.0000, 0.0000, 0.0050)m
[20:30:45.754] [info] [ManualAdjust] 当前外参 [imu_0→cam_front]:
[20:30:45.754] [info]   旋转 RPY: (-2.3164, 0.3518, 1.0829) deg
[20:30:45.754] [info]   平移 XYZ: (-0.0307, -0.3070, 6.5396) m
[20:30:45.787] [debug] [ManualAdjust] 平移增量 dxyz=(0.0000, 0.0000, 0.0050)m
[20:30:45.787] [info] [ManualAdjust] 当前外参 [imu_0→cam_front]:
[20:30:45.787] [info]   旋转 RPY: (-2.3164, 0.3518, 1.0829) deg
[20:30:45.787] [info]   平移 XYZ: (-0.0307, -0.3070, 6.5446) m
[20:30:45.843] [debug] [ManualAdjust] 平移增量 dxyz=(0.0000, 0.0000, 0.0050)m
[20:30:45.843] [info] [ManualAdjust] 当前外参 [imu_0→cam_front]:
[20:30:45.843] [info]   旋转 RPY: (-2.3164, 0.3518, 1.0829) deg
[20:30:45.843] [info]   平移 XYZ: (-0.0307, -0.3070, 6.5496) m
[20:30:45.873] [debug] [ManualAdjust] 平移增量 dxyz=(0.0000, 0.0000, 0.0050)m
[20:30:45.873] [info] [ManualAdjust] 当前外参 [imu_0→cam_front]:
[20:30:45.873] [info]   旋转 RPY: (-2.3164, 0.3518, 1.0829) deg
[20:30:45.873] [info]   平移 XYZ: (-0.0307, -0.3070, 6.5546) m
[20:30:45.902] [debug] [ManualAdjust] 平移增量 dxyz=(0.0000, 0.0000, 0.0050)m
[20:30:45.902] [info] [ManualAdjust] 当前外参 [imu_0→cam_front]:
[20:30:45.902] [info]   旋转 RPY: (-2.3164, 0.3518, 1.0829) deg
[20:30:45.902] [info]   平移 XYZ: (-0.0307, -0.3070, 6.5596) m
[20:30:45.950] [debug] [ManualAdjust] 平移增量 dxyz=(0.0000, 0.0000, 0.0050)m
[20:30:45.950] [info] [ManualAdjust] 当前外参 [imu_0→cam_front]:
[20:30:45.950] [info]   旋转 RPY: (-2.3164, 0.3518, 1.0829) deg
[20:30:45.950] [info]   平移 XYZ: (-0.0307, -0.3070, 6.5646) m
[20:30:45.981] [debug] [ManualAdjust] 平移增量 dxyz=(0.0000, 0.0000, 0.0050)m
[20:30:45.981] [info] [ManualAdjust] 当前外参 [imu_0→cam_front]:
[20:30:45.981] [info]   旋转 RPY: (-2.3164, 0.3518, 1.0829) deg
[20:30:45.981] [info]   平移 XYZ: (-0.0307, -0.3070, 6.5696) m
[20:30:46.034] [debug] [ManualAdjust] 平移增量 dxyz=(0.0000, 0.0000, 0.0050)m
[20:30:46.034] [info] [ManualAdjust] 当前外参 [imu_0→cam_front]:
[20:30:46.034] [info]   旋转 RPY: (-2.3164, 0.3518, 1.0829) deg
[20:30:46.034] [info]   平移 XYZ: (-0.0307, -0.3070, 6.5746) m
[20:30:46.064] [debug] [ManualAdjust] 平移增量 dxyz=(0.0000, 0.0000, 0.0050)m
[20:30:46.064] [info] [ManualAdjust] 当前外参 [imu_0→cam_front]:
[20:30:46.064] [info]   旋转 RPY: (-2.3164, 0.3518, 1.0829) deg
[20:30:46.064] [info]   平移 XYZ: (-0.0307, -0.3070, 6.5796) m
[20:30:46.118] [debug] [ManualAdjust] 平移增量 dxyz=(0.0000, 0.0000, 0.0050)m
[20:30:46.118] [info] [ManualAdjust] 当前外参 [imu_0→cam_front]:
[20:30:46.118] [info]   旋转 RPY: (-2.3164, 0.3518, 1.0829) deg
[20:30:46.118] [info]   平移 XYZ: (-0.0307, -0.3070, 6.5846) m
[20:30:46.157] [debug] [ManualAdjust] 平移增量 dxyz=(0.0000, 0.0000, 0.0050)m
[20:30:46.157] [info] [ManualAdjust] 当前外参 [imu_0→cam_front]:
[20:30:46.157] [info]   旋转 RPY: (-2.3164, 0.3518, 1.0829) deg
[20:30:46.157] [info]   平移 XYZ: (-0.0307, -0.3070, 6.5896) m
[20:30:46.191] [debug] [ManualAdjust] 平移增量 dxyz=(0.0000, 0.0000, 0.0050)m
[20:30:46.191] [info] [ManualAdjust] 当前外参 [imu_0→cam_front]:
[20:30:46.191] [info]   旋转 RPY: (-2.3164, 0.3518, 1.0829) deg
[20:30:46.191] [info]   平移 XYZ: (-0.0307, -0.3070, 6.5946) m
[20:30:46.233] [debug] [ManualAdjust] 平移增量 dxyz=(0.0000, 0.0000, 0.0050)m
[20:30:46.233] [info] [ManualAdjust] 当前外参 [imu_0→cam_front]:
[20:30:46.233] [info]   旋转 RPY: (-2.3164, 0.3518, 1.0829) deg
[20:30:46.233] [info]   平移 XYZ: (-0.0307, -0.3070, 6.5996) m
[20:30:46.262] [debug] [ManualAdjust] 平移增量 dxyz=(0.0000, 0.0000, 0.0050)m
[20:30:46.262] [info] [ManualAdjust] 当前外参 [imu_0→cam_front]:
[20:30:46.262] [info]   旋转 RPY: (-2.3164, 0.3518, 1.0829) deg
[20:30:46.262] [info]   平移 XYZ: (-0.0307, -0.3070, 6.6046) m
[20:30:46.293] [debug] [ManualAdjust] 平移增量 dxyz=(0.0000, 0.0000, 0.0050)m
[20:30:46.293] [info] [ManualAdjust] 当前外参 [imu_0→cam_front]:
[20:30:46.293] [info]   旋转 RPY: (-2.3164, 0.3518, 1.0829) deg
[20:30:46.293] [info]   平移 XYZ: (-0.0307, -0.3070, 6.6096) m
[20:30:46.349] [debug] [ManualAdjust] 平移增量 dxyz=(0.0000, 0.0000, 0.0050)m
[20:30:46.349] [info] [ManualAdjust] 当前外参 [imu_0→cam_front]:
[20:30:46.349] [info]   旋转 RPY: (-2.3164, 0.3518, 1.0829) deg
[20:30:46.349] [info]   平移 XYZ: (-0.0307, -0.3070, 6.6146) m
[20:30:46.387] [debug] [ManualAdjust] 平移增量 dxyz=(0.0000, 0.0000, 0.0050)m
[20:30:46.387] [info] [ManualAdjust] 当前外参 [imu_0→cam_front]:
[20:30:46.387] [info]   旋转 RPY: (-2.3164, 0.3518, 1.0829) deg
[20:30:46.387] [info]   平移 XYZ: (-0.0307, -0.3070, 6.6196) m
[20:30:46.416] [debug] [ManualAdjust] 平移增量 dxyz=(0.0000, 0.0000, 0.0050)m
[20:30:46.416] [info] [ManualAdjust] 当前外参 [imu_0→cam_front]:
[20:30:46.416] [info]   旋转 RPY: (-2.3164, 0.3518, 1.0829) deg
[20:30:46.416] [info]   平移 XYZ: (-0.0307, -0.3070, 6.6246) m
[20:30:46.455] [debug] [ManualAdjust] 平移增量 dxyz=(0.0000, 0.0000, 0.0050)m
[20:30:46.455] [info] [ManualAdjust] 当前外参 [imu_0→cam_front]:
[20:30:46.455] [info]   旋转 RPY: (-2.3164, 0.3518, 1.0829) deg
[20:30:46.455] [info]   平移 XYZ: (-0.0307, -0.3070, 6.6296) m
[20:30:46.489] [debug] [ManualAdjust] 平移增量 dxyz=(0.0000, 0.0000, 0.0050)m
[20:30:46.489] [info] [ManualAdjust] 当前外参 [imu_0→cam_front]:
[20:30:46.489] [info]   旋转 RPY: (-2.3164, 0.3518, 1.0829) deg
[20:30:46.489] [info]   平移 XYZ: (-0.0307, -0.3070, 6.6346) m
[20:30:46.522] [debug] [ManualAdjust] 平移增量 dxyz=(0.0000, 0.0000, 0.0050)m
[20:30:46.522] [info] [ManualAdjust] 当前外参 [imu_0→cam_front]:
[20:30:46.522] [info]   旋转 RPY: (-2.3164, 0.3518, 1.0829) deg
[20:30:46.522] [info]   平移 XYZ: (-0.0307, -0.3070, 6.6396) m
[20:30:46.579] [debug] [ManualAdjust] 平移增量 dxyz=(0.0000, 0.0000, 0.0050)m
[20:30:46.579] [info] [ManualAdjust] 当前外参 [imu_0→cam_front]:
[20:30:46.579] [info]   旋转 RPY: (-2.3164, 0.3518, 1.0829) deg
[20:30:46.579] [info]   平移 XYZ: (-0.0307, -0.3070, 6.6446) m
[20:30:46.609] [debug] [ManualAdjust] 平移增量 dxyz=(0.0000, 0.0000, 0.0050)m
[20:30:46.609] [info] [ManualAdjust] 当前外参 [imu_0→cam_front]:
[20:30:46.609] [info]   旋转 RPY: (-2.3164, 0.3518, 1.0829) deg
[20:30:46.609] [info]   平移 XYZ: (-0.0307, -0.3070, 6.6496) m
[20:30:46.662] [debug] [ManualAdjust] 平移增量 dxyz=(0.0000, 0.0000, 0.0050)m
[20:30:46.662] [info] [ManualAdjust] 当前外参 [imu_0→cam_front]:
[20:30:46.662] [info]   旋转 RPY: (-2.3164, 0.3518, 1.0829) deg
[20:30:46.662] [info]   平移 XYZ: (-0.0307, -0.3070, 6.6546) m
[20:30:46.707] [debug] [ManualAdjust] 平移增量 dxyz=(0.0000, 0.0000, 0.0050)m
[20:30:46.707] [info] [ManualAdjust] 当前外参 [imu_0→cam_front]:
[20:30:46.707] [info]   旋转 RPY: (-2.3164, 0.3518, 1.0829) deg
[20:30:46.707] [info]   平移 XYZ: (-0.0307, -0.3070, 6.6596) m
[20:30:46.735] [debug] [ManualAdjust] 平移增量 dxyz=(0.0000, 0.0000, 0.0050)m
[20:30:46.735] [info] [ManualAdjust] 当前外参 [imu_0→cam_front]:
[20:30:46.735] [info]   旋转 RPY: (-2.3164, 0.3518, 1.0829) deg
[20:30:46.735] [info]   平移 XYZ: (-0.0307, -0.3070, 6.6646) m
[20:30:46.766] [debug] [ManualAdjust] 平移增量 dxyz=(0.0000, 0.0000, 0.0050)m
[20:30:46.766] [info] [ManualAdjust] 当前外参 [imu_0→cam_front]:
[20:30:46.766] [info]   旋转 RPY: (-2.3164, 0.3518, 1.0829) deg
[20:30:46.766] [info]   平移 XYZ: (-0.0307, -0.3070, 6.6696) m
[20:30:46.818] [debug] [ManualAdjust] 平移增量 dxyz=(0.0000, 0.0000, 0.0050)m
[20:30:46.818] [info] [ManualAdjust] 当前外参 [imu_0→cam_front]:
[20:30:46.818] [info]   旋转 RPY: (-2.3164, 0.3518, 1.0829) deg
[20:30:46.818] [info]   平移 XYZ: (-0.0307, -0.3070, 6.6746) m
[20:30:46.862] [debug] [ManualAdjust] 平移增量 dxyz=(0.0000, 0.0000, 0.0050)m
[20:30:46.862] [info] [ManualAdjust] 当前外参 [imu_0→cam_front]:
[20:30:46.862] [info]   旋转 RPY: (-2.3164, 0.3518, 1.0829) deg
[20:30:46.862] [info]   平移 XYZ: (-0.0307, -0.3070, 6.6796) m
[20:30:46.903] [debug] [ManualAdjust] 平移增量 dxyz=(0.0000, 0.0000, 0.0050)m
[20:30:46.903] [info] [ManualAdjust] 当前外参 [imu_0→cam_front]:
[20:30:46.903] [info]   旋转 RPY: (-2.3164, 0.3518, 1.0829) deg
[20:30:46.903] [info]   平移 XYZ: (-0.0307, -0.3070, 6.6846) m
[20:30:46.935] [debug] [ManualAdjust] 平移增量 dxyz=(0.0000, 0.0000, 0.0050)m
[20:30:46.935] [info] [ManualAdjust] 当前外参 [imu_0→cam_front]:
[20:30:46.935] [info]   旋转 RPY: (-2.3164, 0.3518, 1.0829) deg
[20:30:46.935] [info]   平移 XYZ: (-0.0307, -0.3070, 6.6896) m
[20:30:46.977] [debug] [ManualAdjust] 平移增量 dxyz=(0.0000, 0.0000, 0.0050)m
[20:30:46.977] [info] [ManualAdjust] 当前外参 [imu_0→cam_front]:
[20:30:46.977] [info]   旋转 RPY: (-2.3164, 0.3518, 1.0829) deg
[20:30:46.977] [info]   平移 XYZ: (-0.0307, -0.3070, 6.6946) m
[20:30:47.014] [debug] [ManualAdjust] 平移增量 dxyz=(0.0000, 0.0000, 0.0050)m
[20:30:47.014] [info] [ManualAdjust] 当前外参 [imu_0→cam_front]:
[20:30:47.014] [info]   旋转 RPY: (-2.3164, 0.3518, 1.0829) deg
[20:30:47.014] [info]   平移 XYZ: (-0.0307, -0.3070, 6.6996) m
[20:30:47.045] [debug] [ManualAdjust] 平移增量 dxyz=(0.0000, 0.0000, 0.0050)m
[20:30:47.045] [info] [ManualAdjust] 当前外参 [imu_0→cam_front]:
[20:30:47.045] [info]   旋转 RPY: (-2.3164, 0.3518, 1.0829) deg
[20:30:47.045] [info]   平移 XYZ: (-0.0307, -0.3070, 6.7046) m
[20:30:47.099] [debug] [ManualAdjust] 平移增量 dxyz=(0.0000, 0.0000, 0.0050)m
[20:30:47.099] [info] [ManualAdjust] 当前外参 [imu_0→cam_front]:
[20:30:47.099] [info]   旋转 RPY: (-2.3164, 0.3518, 1.0829) deg
[20:30:47.099] [info]   平移 XYZ: (-0.0307, -0.3070, 6.7096) m
[20:30:47.138] [debug] [ManualAdjust] 平移增量 dxyz=(0.0000, 0.0000, 0.0050)m
[20:30:47.138] [info] [ManualAdjust] 当前外参 [imu_0→cam_front]:
[20:30:47.138] [info]   旋转 RPY: (-2.3164, 0.3518, 1.0829) deg
[20:30:47.138] [info]   平移 XYZ: (-0.0307, -0.3070, 6.7146) m
[20:30:47.168] [debug] [ManualAdjust] 平移增量 dxyz=(0.0000, 0.0000, 0.0050)m
[20:30:47.168] [info] [ManualAdjust] 当前外参 [imu_0→cam_front]:
[20:30:47.168] [info]   旋转 RPY: (-2.3164, 0.3518, 1.0829) deg
[20:30:47.168] [info]   平移 XYZ: (-0.0307, -0.3070, 6.7196) m
[20:30:47.198] [debug] [ManualAdjust] 平移增量 dxyz=(0.0000, 0.0000, 0.0050)m
[20:30:47.198] [info] [ManualAdjust] 当前外参 [imu_0→cam_front]:
[20:30:47.198] [info]   旋转 RPY: (-2.3164, 0.3518, 1.0829) deg
[20:30:47.198] [info]   平移 XYZ: (-0.0307, -0.3070, 6.7246) m
[20:30:47.253] [debug] [ManualAdjust] 平移增量 dxyz=(0.0000, 0.0000, 0.0050)m
[20:30:47.253] [info] [ManualAdjust] 当前外参 [imu_0→cam_front]:
[20:30:47.253] [info]   旋转 RPY: (-2.3164, 0.3518, 1.0829) deg
[20:30:47.253] [info]   平移 XYZ: (-0.0307, -0.3070, 6.7296) m
[20:30:47.299] [debug] [ManualAdjust] 平移增量 dxyz=(0.0000, 0.0000, 0.0050)m
[20:30:47.299] [info] [ManualAdjust] 当前外参 [imu_0→cam_front]:
[20:30:47.299] [info]   旋转 RPY: (-2.3164, 0.3518, 1.0829) deg
[20:30:47.299] [info]   平移 XYZ: (-0.0307, -0.3070, 6.7346) m
[20:30:47.336] [debug] [ManualAdjust] 平移增量 dxyz=(0.0000, 0.0000, 0.0050)m
[20:30:47.336] [info] [ManualAdjust] 当前外参 [imu_0→cam_front]:
[20:30:47.336] [info]   旋转 RPY: (-2.3164, 0.3518, 1.0829) deg
[20:30:47.336] [info]   平移 XYZ: (-0.0307, -0.3070, 6.7396) m
[20:30:47.367] [debug] [ManualAdjust] 平移增量 dxyz=(0.0000, 0.0000, 0.0050)m
[20:30:47.367] [info] [ManualAdjust] 当前外参 [imu_0→cam_front]:
[20:30:47.367] [info]   旋转 RPY: (-2.3164, 0.3518, 1.0829) deg
[20:30:47.367] [info]   平移 XYZ: (-0.0307, -0.3070, 6.7446) m
[20:30:47.415] [debug] [ManualAdjust] 平移增量 dxyz=(0.0000, 0.0000, 0.0050)m
[20:30:47.415] [info] [ManualAdjust] 当前外参 [imu_0→cam_front]:
[20:30:47.415] [info]   旋转 RPY: (-2.3164, 0.3518, 1.0829) deg
[20:30:47.415] [info]   平移 XYZ: (-0.0307, -0.3070, 6.7496) m
[20:30:47.445] [debug] [ManualAdjust] 平移增量 dxyz=(0.0000, 0.0000, 0.0050)m
[20:30:47.445] [info] [ManualAdjust] 当前外参 [imu_0→cam_front]:
[20:30:47.445] [info]   旋转 RPY: (-2.3164, 0.3518, 1.0829) deg
[20:30:47.445] [info]   平移 XYZ: (-0.0307, -0.3070, 6.7546) m
[20:30:47.474] [debug] [ManualAdjust] 平移增量 dxyz=(0.0000, 0.0000, 0.0050)m
[20:30:47.474] [info] [ManualAdjust] 当前外参 [imu_0→cam_front]:
[20:30:47.475] [info]   旋转 RPY: (-2.3164, 0.3518, 1.0829) deg
[20:30:47.475] [info]   平移 XYZ: (-0.0307, -0.3070, 6.7596) m
[20:30:47.507] [debug] [ManualAdjust] 平移增量 dxyz=(0.0000, 0.0000, 0.0050)m
[20:30:47.507] [info] [ManualAdjust] 当前外参 [imu_0→cam_front]:
[20:30:47.507] [info]   旋转 RPY: (-2.3164, 0.3518, 1.0829) deg
[20:30:47.507] [info]   平移 XYZ: (-0.0307, -0.3070, 6.7646) m
[20:30:47.541] [debug] [ManualAdjust] 平移增量 dxyz=(0.0000, 0.0000, 0.0050)m
[20:30:47.541] [info] [ManualAdjust] 当前外参 [imu_0→cam_front]:
[20:30:47.541] [info]   旋转 RPY: (-2.3164, 0.3518, 1.0829) deg
[20:30:47.541] [info]   平移 XYZ: (-0.0307, -0.3070, 6.7696) m
[20:30:47.572] [debug] [ManualAdjust] 平移增量 dxyz=(0.0000, 0.0000, 0.0050)m
[20:30:47.572] [info] [ManualAdjust] 当前外参 [imu_0→cam_front]:
[20:30:47.572] [info]   旋转 RPY: (-2.3164, 0.3518, 1.0829) deg
[20:30:47.572] [info]   平移 XYZ: (-0.0307, -0.3070, 6.7746) m
[20:30:47.620] [debug] [ManualAdjust] 平移增量 dxyz=(0.0000, 0.0000, 0.0050)m
[20:30:47.620] [info] [ManualAdjust] 当前外参 [imu_0→cam_front]:
[20:30:47.620] [info]   旋转 RPY: (-2.3164, 0.3518, 1.0829) deg
[20:30:47.620] [info]   平移 XYZ: (-0.0307, -0.3070, 6.7796) m
[20:30:47.650] [debug] [ManualAdjust] 平移增量 dxyz=(0.0000, 0.0000, 0.0050)m
[20:30:47.650] [info] [ManualAdjust] 当前外参 [imu_0→cam_front]:
[20:30:47.650] [info]   旋转 RPY: (-2.3164, 0.3518, 1.0829) deg
[20:30:47.650] [info]   平移 XYZ: (-0.0307, -0.3070, 6.7846) m
[20:30:47.707] [debug] [ManualAdjust] 平移增量 dxyz=(0.0000, 0.0000, 0.0050)m
[20:30:47.707] [info] [ManualAdjust] 当前外参 [imu_0→cam_front]:
[20:30:47.707] [info]   旋转 RPY: (-2.3164, 0.3518, 1.0829) deg
[20:30:47.707] [info]   平移 XYZ: (-0.0307, -0.3070, 6.7896) m
[20:30:47.757] [debug] [ManualAdjust] 平移增量 dxyz=(0.0000, 0.0000, 0.0050)m
[20:30:47.757] [info] [ManualAdjust] 当前外参 [imu_0→cam_front]:
[20:30:47.757] [info]   旋转 RPY: (-2.3164, 0.3518, 1.0829) deg
[20:30:47.757] [info]   平移 XYZ: (-0.0307, -0.3070, 6.7946) m
[20:30:47.785] [debug] [ManualAdjust] 平移增量 dxyz=(0.0000, 0.0000, 0.0050)m
[20:30:47.785] [info] [ManualAdjust] 当前外参 [imu_0→cam_front]:
[20:30:47.785] [info]   旋转 RPY: (-2.3164, 0.3518, 1.0829) deg
[20:30:47.785] [info]   平移 XYZ: (-0.0307, -0.3070, 6.7996) m
[20:30:47.834] [debug] [ManualAdjust] 平移增量 dxyz=(0.0000, 0.0000, 0.0050)m
[20:30:47.834] [info] [ManualAdjust] 当前外参 [imu_0→cam_front]:
[20:30:47.834] [info]   旋转 RPY: (-2.3164, 0.3518, 1.0829) deg
[20:30:47.834] [info]   平移 XYZ: (-0.0307, -0.3070, 6.8046) m
[20:30:47.877] [debug] [ManualAdjust] 平移增量 dxyz=(0.0000, 0.0000, 0.0050)m
[20:30:47.877] [info] [ManualAdjust] 当前外参 [imu_0→cam_front]:
[20:30:47.877] [info]   旋转 RPY: (-2.3164, 0.3518, 1.0829) deg
[20:30:47.877] [info]   平移 XYZ: (-0.0307, -0.3070, 6.8096) m
[20:30:47.907] [debug] [ManualAdjust] 平移增量 dxyz=(0.0000, 0.0000, 0.0050)m
[20:30:47.907] [info] [ManualAdjust] 当前外参 [imu_0→cam_front]:
[20:30:47.907] [info]   旋转 RPY: (-2.3164, 0.3518, 1.0829) deg
[20:30:47.907] [info]   平移 XYZ: (-0.0307, -0.3070, 6.8146) m
[20:30:47.962] [debug] [ManualAdjust] 平移增量 dxyz=(0.0000, 0.0000, 0.0050)m
[20:30:47.962] [info] [ManualAdjust] 当前外参 [imu_0→cam_front]:
[20:30:47.962] [info]   旋转 RPY: (-2.3164, 0.3518, 1.0829) deg
[20:30:47.962] [info]   平移 XYZ: (-0.0307, -0.3070, 6.8196) m
[20:30:47.992] [debug] [ManualAdjust] 平移增量 dxyz=(0.0000, 0.0000, 0.0050)m
[20:30:47.992] [info] [ManualAdjust] 当前外参 [imu_0→cam_front]:
[20:30:47.992] [info]   旋转 RPY: (-2.3164, 0.3518, 1.0829) deg
[20:30:47.992] [info]   平移 XYZ: (-0.0307, -0.3070, 6.8246) m
[20:30:48.032] [debug] [ManualAdjust] 平移增量 dxyz=(0.0000, 0.0000, 0.0050)m
[20:30:48.032] [info] [ManualAdjust] 当前外参 [imu_0→cam_front]:
[20:30:48.032] [info]   旋转 RPY: (-2.3164, 0.3518, 1.0829) deg
[20:30:48.032] [info]   平移 XYZ: (-0.0307, -0.3070, 6.8296) m
[20:30:48.067] [debug] [ManualAdjust] 平移增量 dxyz=(0.0000, 0.0000, 0.0050)m
[20:30:48.067] [info] [ManualAdjust] 当前外参 [imu_0→cam_front]:
[20:30:48.067] [info]   旋转 RPY: (-2.3164, 0.3518, 1.0829) deg
[20:30:48.067] [info]   平移 XYZ: (-0.0307, -0.3070, 6.8346) m
[20:30:48.118] [debug] [ManualAdjust] 平移增量 dxyz=(0.0000, 0.0000, 0.0050)m
[20:30:48.118] [info] [ManualAdjust] 当前外参 [imu_0→cam_front]:
[20:30:48.118] [info]   旋转 RPY: (-2.3164, 0.3518, 1.0829) deg
[20:30:48.118] [info]   平移 XYZ: (-0.0307, -0.3070, 6.8396) m
[20:30:48.156] [debug] [ManualAdjust] 平移增量 dxyz=(0.0000, 0.0000, 0.0050)m
[20:30:48.156] [info] [ManualAdjust] 当前外参 [imu_0→cam_front]:
[20:30:48.156] [info]   旋转 RPY: (-2.3164, 0.3518, 1.0829) deg
[20:30:48.156] [info]   平移 XYZ: (-0.0307, -0.3070, 6.8446) m
[20:30:48.186] [debug] [ManualAdjust] 平移增量 dxyz=(0.0000, 0.0000, 0.0050)m
[20:30:48.186] [info] [ManualAdjust] 当前外参 [imu_0→cam_front]:
[20:30:48.186] [info]   旋转 RPY: (-2.3164, 0.3518, 1.0829) deg
[20:30:48.186] [info]   平移 XYZ: (-0.0307, -0.3070, 6.8496) m
[20:30:48.219] [debug] [ManualAdjust] 平移增量 dxyz=(0.0000, 0.0000, 0.0050)m
[20:30:48.219] [info] [ManualAdjust] 当前外参 [imu_0→cam_front]:
[20:30:48.219] [info]   旋转 RPY: (-2.3164, 0.3518, 1.0829) deg
[20:30:48.219] [info]   平移 XYZ: (-0.0307, -0.3070, 6.8546) m
[20:30:48.245] [debug] [ManualAdjust] 平移增量 dxyz=(0.0000, 0.0000, 0.0050)m
[20:30:48.245] [info] [ManualAdjust] 当前外参 [imu_0→cam_front]:
[20:30:48.245] [info]   旋转 RPY: (-2.3164, 0.3518, 1.0829) deg
[20:30:48.245] [info]   平移 XYZ: (-0.0307, -0.3070, 6.8596) m
[20:30:48.276] [debug] [ManualAdjust] 平移增量 dxyz=(0.0000, 0.0000, 0.0050)m
[20:30:48.276] [info] [ManualAdjust] 当前外参 [imu_0→cam_front]:
[20:30:48.276] [info]   旋转 RPY: (-2.3164, 0.3518, 1.0829) deg
[20:30:48.276] [info]   平移 XYZ: (-0.0307, -0.3070, 6.8646) m
[20:30:48.318] [debug] [ManualAdjust] 平移增量 dxyz=(0.0000, 0.0000, 0.0050)m
[20:30:48.318] [info] [ManualAdjust] 当前外参 [imu_0→cam_front]:
[20:30:48.318] [info]   旋转 RPY: (-2.3164, 0.3518, 1.0829) deg
[20:30:48.318] [info]   平移 XYZ: (-0.0307, -0.3070, 6.8696) m
[20:30:48.352] [debug] [ManualAdjust] 平移增量 dxyz=(0.0000, 0.0000, 0.0050)m
[20:30:48.352] [info] [ManualAdjust] 当前外参 [imu_0→cam_front]:
[20:30:48.352] [info]   旋转 RPY: (-2.3164, 0.3518, 1.0829) deg
[20:30:48.352] [info]   平移 XYZ: (-0.0307, -0.3070, 6.8746) m
[20:30:48.382] [debug] [ManualAdjust] 平移增量 dxyz=(0.0000, 0.0000, 0.0050)m
[20:30:48.382] [info] [ManualAdjust] 当前外参 [imu_0→cam_front]:
[20:30:48.382] [info]   旋转 RPY: (-2.3164, 0.3518, 1.0829) deg
[20:30:48.382] [info]   平移 XYZ: (-0.0307, -0.3070, 6.8796) m
[20:30:48.415] [debug] [ManualAdjust] 平移增量 dxyz=(0.0000, 0.0000, 0.0050)m
[20:30:48.415] [info] [ManualAdjust] 当前外参 [imu_0→cam_front]:
[20:30:48.415] [info]   旋转 RPY: (-2.3164, 0.3518, 1.0829) deg
[20:30:48.415] [info]   平移 XYZ: (-0.0307, -0.3070, 6.8846) m
[20:30:48.449] [debug] [ManualAdjust] 平移增量 dxyz=(0.0000, 0.0000, 0.0050)m
[20:30:48.449] [info] [ManualAdjust] 当前外参 [imu_0→cam_front]:
[20:30:48.449] [info]   旋转 RPY: (-2.3164, 0.3518, 1.0829) deg
[20:30:48.449] [info]   平移 XYZ: (-0.0307, -0.3070, 6.8896) m
[20:30:48.479] [debug] [ManualAdjust] 平移增量 dxyz=(0.0000, 0.0000, 0.0050)m
[20:30:48.479] [info] [ManualAdjust] 当前外参 [imu_0→cam_front]:
[20:30:48.479] [info]   旋转 RPY: (-2.3164, 0.3518, 1.0829) deg
[20:30:48.479] [info]   平移 XYZ: (-0.0307, -0.3070, 6.8946) m
[20:30:48.532] [debug] [ManualAdjust] 平移增量 dxyz=(0.0000, 0.0000, 0.0050)m
[20:30:48.532] [info] [ManualAdjust] 当前外参 [imu_0→cam_front]:
[20:30:48.532] [info]   旋转 RPY: (-2.3164, 0.3518, 1.0829) deg
[20:30:48.532] [info]   平移 XYZ: (-0.0307, -0.3070, 6.8996) m
[20:30:48.562] [debug] [ManualAdjust] 平移增量 dxyz=(0.0000, 0.0000, 0.0050)m
[20:30:48.562] [info] [ManualAdjust] 当前外参 [imu_0→cam_front]:
[20:30:48.562] [info]   旋转 RPY: (-2.3164, 0.3518, 1.0829) deg
[20:30:48.562] [info]   平移 XYZ: (-0.0307, -0.3070, 6.9046) m
[20:30:48.591] [debug] [ManualAdjust] 平移增量 dxyz=(0.0000, 0.0000, 0.0050)m
[20:30:48.591] [info] [ManualAdjust] 当前外参 [imu_0→cam_front]:
[20:30:48.591] [info]   旋转 RPY: (-2.3164, 0.3518, 1.0829) deg
[20:30:48.591] [info]   平移 XYZ: (-0.0307, -0.3070, 6.9096) m
[20:30:48.626] [debug] [ManualAdjust] 平移增量 dxyz=(0.0000, 0.0000, 0.0050)m
[20:30:48.626] [info] [ManualAdjust] 当前外参 [imu_0→cam_front]:
[20:30:48.626] [info]   旋转 RPY: (-2.3164, 0.3518, 1.0829) deg
[20:30:48.626] [info]   平移 XYZ: (-0.0307, -0.3070, 6.9146) m
[20:30:48.660] [debug] [ManualAdjust] 平移增量 dxyz=(0.0000, 0.0000, 0.0050)m
[20:30:48.660] [info] [ManualAdjust] 当前外参 [imu_0→cam_front]:
[20:30:48.660] [info]   旋转 RPY: (-2.3164, 0.3518, 1.0829) deg
[20:30:48.660] [info]   平移 XYZ: (-0.0307, -0.3070, 6.9196) m
[20:30:48.689] [debug] [ManualAdjust] 平移增量 dxyz=(0.0000, 0.0000, 0.0050)m
[20:30:48.689] [info] [ManualAdjust] 当前外参 [imu_0→cam_front]:
[20:30:48.690] [info]   旋转 RPY: (-2.3164, 0.3518, 1.0829) deg
[20:30:48.690] [info]   平移 XYZ: (-0.0307, -0.3070, 6.9246) m
[20:30:48.722] [debug] [ManualAdjust] 平移增量 dxyz=(0.0000, 0.0000, 0.0050)m
[20:30:48.722] [info] [ManualAdjust] 当前外参 [imu_0→cam_front]:
[20:30:48.722] [info]   旋转 RPY: (-2.3164, 0.3518, 1.0829) deg
[20:30:48.722] [info]   平移 XYZ: (-0.0307, -0.3070, 6.9296) m
[20:30:48.757] [debug] [ManualAdjust] 平移增量 dxyz=(0.0000, 0.0000, 0.0050)m
[20:30:48.759] [info] [ManualAdjust] 当前外参 [imu_0→cam_front]:
[20:30:48.759] [info]   旋转 RPY: (-2.3164, 0.3518, 1.0829) deg
[20:30:48.759] [info]   平移 XYZ: (-0.0307, -0.3070, 6.9346) m
[20:30:48.788] [debug] [ManualAdjust] 平移增量 dxyz=(0.0000, 0.0000, 0.0050)m
[20:30:48.788] [info] [ManualAdjust] 当前外参 [imu_0→cam_front]:
[20:30:48.788] [info]   旋转 RPY: (-2.3164, 0.3518, 1.0829) deg
[20:30:48.788] [info]   平移 XYZ: (-0.0307, -0.3070, 6.9396) m
[20:30:48.818] [debug] [ManualAdjust] 平移增量 dxyz=(0.0000, 0.0000, 0.0050)m
[20:30:48.818] [info] [ManualAdjust] 当前外参 [imu_0→cam_front]:
[20:30:48.818] [info]   旋转 RPY: (-2.3164, 0.3518, 1.0829) deg
[20:30:48.818] [info]   平移 XYZ: (-0.0307, -0.3070, 6.9446) m
[20:30:48.877] [debug] [ManualAdjust] 平移增量 dxyz=(0.0000, 0.0000, 0.0050)m
[20:30:48.877] [info] [ManualAdjust] 当前外参 [imu_0→cam_front]:
[20:30:48.877] [info]   旋转 RPY: (-2.3164, 0.3518, 1.0829) deg
[20:30:48.877] [info]   平移 XYZ: (-0.0307, -0.3070, 6.9496) m
[20:30:48.925] [debug] [ManualAdjust] 平移增量 dxyz=(0.0000, 0.0000, 0.0050)m
[20:30:48.925] [info] [ManualAdjust] 当前外参 [imu_0→cam_front]:
[20:30:48.925] [info]   旋转 RPY: (-2.3164, 0.3518, 1.0829) deg
[20:30:48.925] [info]   平移 XYZ: (-0.0307, -0.3070, 6.9546) m
[20:30:48.953] [debug] [ManualAdjust] 平移增量 dxyz=(0.0000, 0.0000, 0.0050)m
[20:30:48.953] [info] [ManualAdjust] 当前外参 [imu_0→cam_front]:
[20:30:48.953] [info]   旋转 RPY: (-2.3164, 0.3518, 1.0829) deg
[20:30:48.953] [info]   平移 XYZ: (-0.0307, -0.3070, 6.9596) m
[20:30:48.983] [debug] [ManualAdjust] 平移增量 dxyz=(0.0000, 0.0000, 0.0050)m
[20:30:48.983] [info] [ManualAdjust] 当前外参 [imu_0→cam_front]:
[20:30:48.983] [info]   旋转 RPY: (-2.3164, 0.3518, 1.0829) deg
[20:30:48.983] [info]   平移 XYZ: (-0.0307, -0.3070, 6.9646) m
[20:30:49.039] [debug] [ManualAdjust] 平移增量 dxyz=(0.0000, 0.0000, 0.0050)m
[20:30:49.039] [info] [ManualAdjust] 当前外参 [imu_0→cam_front]:
[20:30:49.039] [info]   旋转 RPY: (-2.3164, 0.3518, 1.0829) deg
[20:30:49.039] [info]   平移 XYZ: (-0.0307, -0.3070, 6.9696) m
[20:30:49.078] [debug] [ManualAdjust] 平移增量 dxyz=(0.0000, 0.0000, 0.0050)m
[20:30:49.078] [info] [ManualAdjust] 当前外参 [imu_0→cam_front]:
[20:30:49.078] [info]   旋转 RPY: (-2.3164, 0.3518, 1.0829) deg
[20:30:49.078] [info]   平移 XYZ: (-0.0307, -0.3070, 6.9746) m
[20:30:49.113] [debug] [ManualAdjust] 平移增量 dxyz=(0.0000, 0.0000, 0.0050)m
[20:30:49.113] [info] [ManualAdjust] 当前外参 [imu_0→cam_front]:
[20:30:49.113] [info]   旋转 RPY: (-2.3164, 0.3518, 1.0829) deg
[20:30:49.113] [info]   平移 XYZ: (-0.0307, -0.3070, 6.9796) m
[20:30:49.155] [debug] [ManualAdjust] 平移增量 dxyz=(0.0000, 0.0000, 0.0050)m
[20:30:49.155] [info] [ManualAdjust] 当前外参 [imu_0→cam_front]:
[20:30:49.155] [info]   旋转 RPY: (-2.3164, 0.3518, 1.0829) deg
[20:30:49.155] [info]   平移 XYZ: (-0.0307, -0.3070, 6.9846) m
[20:30:49.185] [debug] [ManualAdjust] 平移增量 dxyz=(0.0000, 0.0000, 0.0050)m
[20:30:49.185] [info] [ManualAdjust] 当前外参 [imu_0→cam_front]:
[20:30:49.185] [info]   旋转 RPY: (-2.3164, 0.3518, 1.0829) deg
[20:30:49.185] [info]   平移 XYZ: (-0.0307, -0.3070, 6.9896) m
[20:30:49.234] [debug] [ManualAdjust] 平移增量 dxyz=(0.0000, 0.0000, 0.0050)m
[20:30:49.234] [info] [ManualAdjust] 当前外参 [imu_0→cam_front]:
[20:30:49.234] [info]   旋转 RPY: (-2.3164, 0.3518, 1.0829) deg
[20:30:49.234] [info]   平移 XYZ: (-0.0307, -0.3070, 6.9946) m
[20:30:49.265] [debug] [ManualAdjust] 平移增量 dxyz=(0.0000, 0.0000, 0.0050)m
[20:30:49.265] [info] [ManualAdjust] 当前外参 [imu_0→cam_front]:
[20:30:49.265] [info]   旋转 RPY: (-2.3164, 0.3518, 1.0829) deg
[20:30:49.265] [info]   平移 XYZ: (-0.0307, -0.3070, 6.9996) m
[20:30:49.313] [debug] [ManualAdjust] 平移增量 dxyz=(0.0000, 0.0000, 0.0050)m
[20:30:49.313] [info] [ManualAdjust] 当前外参 [imu_0→cam_front]:
[20:30:49.313] [info]   旋转 RPY: (-2.3164, 0.3518, 1.0829) deg
[20:30:49.313] [info]   平移 XYZ: (-0.0307, -0.3070, 7.0046) m
[20:30:49.344] [debug] [ManualAdjust] 平移增量 dxyz=(0.0000, 0.0000, 0.0050)m
[20:30:49.344] [info] [ManualAdjust] 当前外参 [imu_0→cam_front]:
[20:30:49.344] [info]   旋转 RPY: (-2.3164, 0.3518, 1.0829) deg
[20:30:49.344] [info]   平移 XYZ: (-0.0307, -0.3070, 7.0096) m
[20:30:49.375] [debug] [ManualAdjust] 平移增量 dxyz=(0.0000, 0.0000, 0.0050)m
[20:30:49.375] [info] [ManualAdjust] 当前外参 [imu_0→cam_front]:
[20:30:49.375] [info]   旋转 RPY: (-2.3164, 0.3518, 1.0829) deg
[20:30:49.375] [info]   平移 XYZ: (-0.0307, -0.3070, 7.0146) m
[20:30:49.436] [debug] [ManualAdjust] 平移增量 dxyz=(0.0000, 0.0000, 0.0050)m
[20:30:49.436] [info] [ManualAdjust] 当前外参 [imu_0→cam_front]:
[20:30:49.436] [info]   旋转 RPY: (-2.3164, 0.3518, 1.0829) deg
[20:30:49.436] [info]   平移 XYZ: (-0.0307, -0.3070, 7.0196) m
[20:30:49.474] [debug] [ManualAdjust] 平移增量 dxyz=(0.0000, 0.0000, 0.0050)m
[20:30:49.474] [info] [ManualAdjust] 当前外参 [imu_0→cam_front]:
[20:30:49.474] [info]   旋转 RPY: (-2.3164, 0.3518, 1.0829) deg
[20:30:49.474] [info]   平移 XYZ: (-0.0307, -0.3070, 7.0246) m
[20:30:49.505] [debug] [ManualAdjust] 平移增量 dxyz=(0.0000, 0.0000, 0.0050)m
[20:30:49.505] [info] [ManualAdjust] 当前外参 [imu_0→cam_front]:
[20:30:49.505] [info]   旋转 RPY: (-2.3164, 0.3518, 1.0829) deg
[20:30:49.505] [info]   平移 XYZ: (-0.0307, -0.3070, 7.0296) m
[20:30:49.555] [debug] [ManualAdjust] 平移增量 dxyz=(0.0000, 0.0000, 0.0050)m
[20:30:49.555] [info] [ManualAdjust] 当前外参 [imu_0→cam_front]:
[20:30:49.555] [info]   旋转 RPY: (-2.3164, 0.3518, 1.0829) deg
[20:30:49.555] [info]   平移 XYZ: (-0.0307, -0.3070, 7.0346) m
[20:30:49.585] [debug] [ManualAdjust] 平移增量 dxyz=(0.0000, 0.0000, 0.0050)m
[20:30:49.585] [info] [ManualAdjust] 当前外参 [imu_0→cam_front]:
[20:30:49.585] [info]   旋转 RPY: (-2.3164, 0.3518, 1.0829) deg
[20:30:49.585] [info]   平移 XYZ: (-0.0307, -0.3070, 7.0396) m
[20:30:49.615] [debug] [ManualAdjust] 平移增量 dxyz=(0.0000, 0.0000, 0.0050)m
[20:30:49.615] [info] [ManualAdjust] 当前外参 [imu_0→cam_front]:
[20:30:49.615] [info]   旋转 RPY: (-2.3164, 0.3518, 1.0829) deg
[20:30:49.615] [info]   平移 XYZ: (-0.0307, -0.3070, 7.0446) m
[20:30:49.646] [debug] [ManualAdjust] 平移增量 dxyz=(0.0000, 0.0000, 0.0050)m
[20:30:49.646] [info] [ManualAdjust] 当前外参 [imu_0→cam_front]:
[20:30:49.646] [info]   旋转 RPY: (-2.3164, 0.3518, 1.0829) deg
[20:30:49.646] [info]   平移 XYZ: (-0.0307, -0.3070, 7.0496) m
[20:30:49.675] [debug] [ManualAdjust] 平移增量 dxyz=(0.0000, 0.0000, 0.0050)m
[20:30:49.675] [info] [ManualAdjust] 当前外参 [imu_0→cam_front]:
[20:30:49.675] [info]   旋转 RPY: (-2.3164, 0.3518, 1.0829) deg
[20:30:49.675] [info]   平移 XYZ: (-0.0307, -0.3070, 7.0546) m
[20:30:49.706] [debug] [ManualAdjust] 平移增量 dxyz=(0.0000, 0.0000, 0.0050)m
[20:30:49.706] [info] [ManualAdjust] 当前外参 [imu_0→cam_front]:
[20:30:49.706] [info]   旋转 RPY: (-2.3164, 0.3518, 1.0829) deg
[20:30:49.706] [info]   平移 XYZ: (-0.0307, -0.3070, 7.0596) m
[20:30:50.126] [debug] [ManualAdjust] 平移增量 dxyz=(0.0000, 0.0050, 0.0000)m
[20:30:50.126] [info] [ManualAdjust] 当前外参 [imu_0→cam_front]:
[20:30:50.126] [info]   旋转 RPY: (-2.3164, 0.3518, 1.0829) deg
[20:30:50.126] [info]   平移 XYZ: (-0.0307, -0.3020, 7.0596) m
[20:30:50.626] [debug] [ManualAdjust] 平移增量 dxyz=(0.0000, 0.0050, 0.0000)m
[20:30:50.626] [info] [ManualAdjust] 当前外参 [imu_0→cam_front]:
[20:30:50.626] [info]   旋转 RPY: (-2.3164, 0.3518, 1.0829) deg
[20:30:50.626] [info]   平移 XYZ: (-0.0307, -0.2970, 7.0596) m
[20:30:50.662] [debug] [ManualAdjust] 平移增量 dxyz=(0.0000, 0.0050, 0.0000)m
[20:30:50.662] [info] [ManualAdjust] 当前外参 [imu_0→cam_front]:
[20:30:50.662] [info]   旋转 RPY: (-2.3164, 0.3518, 1.0829) deg
[20:30:50.662] [info]   平移 XYZ: (-0.0307, -0.2920, 7.0596) m
[20:30:50.699] [debug] [ManualAdjust] 平移增量 dxyz=(0.0000, 0.0050, 0.0000)m
[20:30:50.699] [info] [ManualAdjust] 当前外参 [imu_0→cam_front]:
[20:30:50.699] [info]   旋转 RPY: (-2.3164, 0.3518, 1.0829) deg
[20:30:50.699] [info]   平移 XYZ: (-0.0307, -0.2870, 7.0596) m
[20:30:50.730] [debug] [ManualAdjust] 平移增量 dxyz=(0.0000, 0.0050, 0.0000)m
[20:30:50.730] [info] [ManualAdjust] 当前外参 [imu_0→cam_front]:
[20:30:50.730] [info]   旋转 RPY: (-2.3164, 0.3518, 1.0829) deg
[20:30:50.730] [info]   平移 XYZ: (-0.0307, -0.2820, 7.0596) m
[20:30:50.791] [debug] [ManualAdjust] 平移增量 dxyz=(0.0000, 0.0050, 0.0000)m
[20:30:50.791] [info] [ManualAdjust] 当前外参 [imu_0→cam_front]:
[20:30:50.791] [info]   旋转 RPY: (-2.3164, 0.3518, 1.0829) deg
[20:30:50.791] [info]   平移 XYZ: (-0.0307, -0.2770, 7.0596) m
[20:30:50.821] [debug] [ManualAdjust] 平移增量 dxyz=(0.0000, 0.0050, 0.0000)m
[20:30:50.821] [info] [ManualAdjust] 当前外参 [imu_0→cam_front]:
[20:30:50.821] [info]   旋转 RPY: (-2.3164, 0.3518, 1.0829) deg
[20:30:50.821] [info]   平移 XYZ: (-0.0307, -0.2720, 7.0596) m
[20:30:50.868] [debug] [ManualAdjust] 平移增量 dxyz=(0.0000, 0.0050, 0.0000)m
[20:30:50.868] [info] [ManualAdjust] 当前外参 [imu_0→cam_front]:
[20:30:50.868] [info]   旋转 RPY: (-2.3164, 0.3518, 1.0829) deg
[20:30:50.868] [info]   平移 XYZ: (-0.0307, -0.2670, 7.0596) m
[20:30:50.898] [debug] [ManualAdjust] 平移增量 dxyz=(0.0000, 0.0050, 0.0000)m
[20:30:50.898] [info] [ManualAdjust] 当前外参 [imu_0→cam_front]:
[20:30:50.898] [info]   旋转 RPY: (-2.3164, 0.3518, 1.0829) deg
[20:30:50.898] [info]   平移 XYZ: (-0.0307, -0.2620, 7.0596) m
[20:30:50.963] [debug] [ManualAdjust] 平移增量 dxyz=(0.0000, 0.0050, 0.0000)m
[20:30:50.963] [info] [ManualAdjust] 当前外参 [imu_0→cam_front]:
[20:30:50.963] [info]   旋转 RPY: (-2.3164, 0.3518, 1.0829) deg
[20:30:50.963] [info]   平移 XYZ: (-0.0307, -0.2570, 7.0596) m
[20:30:50.994] [debug] [ManualAdjust] 平移增量 dxyz=(0.0000, 0.0050, 0.0000)m
[20:30:50.994] [info] [ManualAdjust] 当前外参 [imu_0→cam_front]:
[20:30:50.994] [info]   旋转 RPY: (-2.3164, 0.3518, 1.0829) deg
[20:30:50.994] [info]   平移 XYZ: (-0.0307, -0.2520, 7.0596) m
[20:30:51.042] [debug] [ManualAdjust] 平移增量 dxyz=(0.0000, 0.0050, 0.0000)m
[20:30:51.042] [info] [ManualAdjust] 当前外参 [imu_0→cam_front]:
[20:30:51.042] [info]   旋转 RPY: (-2.3164, 0.3518, 1.0829) deg
[20:30:51.042] [info]   平移 XYZ: (-0.0307, -0.2470, 7.0596) m
[20:30:51.074] [debug] [ManualAdjust] 平移增量 dxyz=(0.0000, 0.0050, 0.0000)m
[20:30:51.074] [info] [ManualAdjust] 当前外参 [imu_0→cam_front]:
[20:30:51.074] [info]   旋转 RPY: (-2.3164, 0.3518, 1.0829) deg
[20:30:51.074] [info]   平移 XYZ: (-0.0307, -0.2420, 7.0596) m
[20:30:51.699] [debug] [ManualAdjust] 平移增量 dxyz=(0.0000, 0.0000, 0.0050)m
[20:30:51.699] [info] [ManualAdjust] 当前外参 [imu_0→cam_front]:
[20:30:51.699] [info]   旋转 RPY: (-2.3164, 0.3518, 1.0829) deg
[20:30:51.699] [info]   平移 XYZ: (-0.0307, -0.2420, 7.0646) m
[20:30:52.199] [debug] [ManualAdjust] 平移增量 dxyz=(0.0000, 0.0000, 0.0050)m
[20:30:52.199] [info] [ManualAdjust] 当前外参 [imu_0→cam_front]:
[20:30:52.199] [info]   旋转 RPY: (-2.3164, 0.3518, 1.0829) deg
[20:30:52.199] [info]   平移 XYZ: (-0.0307, -0.2420, 7.0696) m
[20:30:52.233] [debug] [ManualAdjust] 平移增量 dxyz=(0.0000, 0.0000, 0.0050)m
[20:30:52.233] [info] [ManualAdjust] 当前外参 [imu_0→cam_front]:
[20:30:52.233] [info]   旋转 RPY: (-2.3164, 0.3518, 1.0829) deg
[20:30:52.233] [info]   平移 XYZ: (-0.0307, -0.2420, 7.0746) m
[20:30:52.271] [debug] [ManualAdjust] 平移增量 dxyz=(0.0000, 0.0000, 0.0050)m
[20:30:52.271] [info] [ManualAdjust] 当前外参 [imu_0→cam_front]:
[20:30:52.271] [info]   旋转 RPY: (-2.3164, 0.3518, 1.0829) deg
[20:30:52.271] [info]   平移 XYZ: (-0.0307, -0.2420, 7.0796) m
[20:30:52.301] [debug] [ManualAdjust] 平移增量 dxyz=(0.0000, 0.0000, 0.0050)m
[20:30:52.301] [info] [ManualAdjust] 当前外参 [imu_0→cam_front]:
[20:30:52.301] [info]   旋转 RPY: (-2.3164, 0.3518, 1.0829) deg
[20:30:52.301] [info]   平移 XYZ: (-0.0307, -0.2420, 7.0846) m
[20:30:52.358] [debug] [ManualAdjust] 平移增量 dxyz=(0.0000, 0.0000, 0.0050)m
[20:30:52.358] [info] [ManualAdjust] 当前外参 [imu_0→cam_front]:
[20:30:52.358] [info]   旋转 RPY: (-2.3164, 0.3518, 1.0829) deg
[20:30:52.358] [info]   平移 XYZ: (-0.0307, -0.2420, 7.0896) m
[20:30:52.404] [debug] [ManualAdjust] 平移增量 dxyz=(0.0000, 0.0000, 0.0050)m
[20:30:52.404] [info] [ManualAdjust] 当前外参 [imu_0→cam_front]:
[20:30:52.404] [info]   旋转 RPY: (-2.3164, 0.3518, 1.0829) deg
[20:30:52.404] [info]   平移 XYZ: (-0.0307, -0.2420, 7.0946) m
[20:30:52.442] [debug] [ManualAdjust] 平移增量 dxyz=(0.0000, 0.0000, 0.0050)m
[20:30:52.442] [info] [ManualAdjust] 当前外参 [imu_0→cam_front]:
[20:30:52.442] [info]   旋转 RPY: (-2.3164, 0.3518, 1.0829) deg
[20:30:52.442] [info]   平移 XYZ: (-0.0307, -0.2420, 7.0996) m
[20:30:52.474] [debug] [ManualAdjust] 平移增量 dxyz=(0.0000, 0.0000, 0.0050)m
[20:30:52.474] [info] [ManualAdjust] 当前外参 [imu_0→cam_front]:
[20:30:52.474] [info]   旋转 RPY: (-2.3164, 0.3518, 1.0829) deg
[20:30:52.474] [info]   平移 XYZ: (-0.0307, -0.2420, 7.1046) m
[20:30:52.509] [debug] [ManualAdjust] 平移增量 dxyz=(0.0000, 0.0000, 0.0050)m
[20:30:52.509] [info] [ManualAdjust] 当前外参 [imu_0→cam_front]:
[20:30:52.509] [info]   旋转 RPY: (-2.3164, 0.3518, 1.0829) deg
[20:30:52.509] [info]   平移 XYZ: (-0.0307, -0.2420, 7.1096) m
[20:30:52.535] [debug] [ManualAdjust] 平移增量 dxyz=(0.0000, 0.0000, 0.0050)m
[20:30:52.535] [info] [ManualAdjust] 当前外参 [imu_0→cam_front]:
[20:30:52.535] [info]   旋转 RPY: (-2.3164, 0.3518, 1.0829) deg
[20:30:52.535] [info]   平移 XYZ: (-0.0307, -0.2420, 7.1146) m
[20:30:52.568] [debug] [ManualAdjust] 平移增量 dxyz=(0.0000, 0.0000, 0.0050)m
[20:30:52.568] [info] [ManualAdjust] 当前外参 [imu_0→cam_front]:
[20:30:52.568] [info]   旋转 RPY: (-2.3164, 0.3518, 1.0829) deg
[20:30:52.568] [info]   平移 XYZ: (-0.0307, -0.2420, 7.1196) m
[20:30:52.600] [debug] [ManualAdjust] 平移增量 dxyz=(0.0000, 0.0000, 0.0050)m
[20:30:52.600] [info] [ManualAdjust] 当前外参 [imu_0→cam_front]:
[20:30:52.600] [info]   旋转 RPY: (-2.3164, 0.3518, 1.0829) deg
[20:30:52.600] [info]   平移 XYZ: (-0.0307, -0.2420, 7.1246) m
[20:30:52.632] [debug] [ManualAdjust] 平移增量 dxyz=(0.0000, 0.0000, 0.0050)m
[20:30:52.632] [info] [ManualAdjust] 当前外参 [imu_0→cam_front]:
[20:30:52.632] [info]   旋转 RPY: (-2.3164, 0.3518, 1.0829) deg
[20:30:52.632] [info]   平移 XYZ: (-0.0307, -0.2420, 7.1296) m
[20:30:52.664] [debug] [ManualAdjust] 平移增量 dxyz=(0.0000, 0.0000, 0.0050)m
[20:30:52.664] [info] [ManualAdjust] 当前外参 [imu_0→cam_front]:
[20:30:52.664] [info]   旋转 RPY: (-2.3164, 0.3518, 1.0829) deg
[20:30:52.664] [info]   平移 XYZ: (-0.0307, -0.2420, 7.1346) m
[20:30:52.715] [debug] [ManualAdjust] 平移增量 dxyz=(0.0000, 0.0000, 0.0050)m
[20:30:52.715] [info] [ManualAdjust] 当前外参 [imu_0→cam_front]:
[20:30:52.715] [info]   旋转 RPY: (-2.3164, 0.3518, 1.0829) deg
[20:30:52.715] [info]   平移 XYZ: (-0.0307, -0.2420, 7.1396) m
[20:30:52.745] [debug] [ManualAdjust] 平移增量 dxyz=(0.0000, 0.0000, 0.0050)m
[20:30:52.745] [info] [ManualAdjust] 当前外参 [imu_0→cam_front]:
[20:30:52.745] [info]   旋转 RPY: (-2.3164, 0.3518, 1.0829) deg
[20:30:52.745] [info]   平移 XYZ: (-0.0307, -0.2420, 7.1446) m
[20:30:52.777] [debug] [ManualAdjust] 平移增量 dxyz=(0.0000, 0.0000, 0.0050)m
[20:30:52.777] [info] [ManualAdjust] 当前外参 [imu_0→cam_front]:
[20:30:52.777] [info]   旋转 RPY: (-2.3164, 0.3518, 1.0829) deg
[20:30:52.777] [info]   平移 XYZ: (-0.0307, -0.2420, 7.1496) m
[20:30:52.817] [debug] [ManualAdjust] 平移增量 dxyz=(0.0000, 0.0000, 0.0050)m
[20:30:52.817] [info] [ManualAdjust] 当前外参 [imu_0→cam_front]:
[20:30:52.817] [info]   旋转 RPY: (-2.3164, 0.3518, 1.0829) deg
[20:30:52.817] [info]   平移 XYZ: (-0.0307, -0.2420, 7.1546) m
[20:30:52.847] [debug] [ManualAdjust] 平移增量 dxyz=(0.0000, 0.0000, 0.0050)m
[20:30:52.847] [info] [ManualAdjust] 当前外参 [imu_0→cam_front]:
[20:30:52.847] [info]   旋转 RPY: (-2.3164, 0.3518, 1.0829) deg
[20:30:52.847] [info]   平移 XYZ: (-0.0307, -0.2420, 7.1596) m
[20:30:52.909] [debug] [ManualAdjust] 平移增量 dxyz=(0.0000, 0.0000, 0.0050)m
[20:30:52.909] [info] [ManualAdjust] 当前外参 [imu_0→cam_front]:
[20:30:52.909] [info]   旋转 RPY: (-2.3164, 0.3518, 1.0829) deg
[20:30:52.909] [info]   平移 XYZ: (-0.0307, -0.2420, 7.1646) m
[20:30:52.939] [debug] [ManualAdjust] 平移增量 dxyz=(0.0000, 0.0000, 0.0050)m
[20:30:52.939] [info] [ManualAdjust] 当前外参 [imu_0→cam_front]:
[20:30:52.939] [info]   旋转 RPY: (-2.3164, 0.3518, 1.0829) deg
[20:30:52.939] [info]   平移 XYZ: (-0.0307, -0.2420, 7.1696) m
[20:30:52.978] [debug] [ManualAdjust] 平移增量 dxyz=(0.0000, 0.0000, 0.0050)m
[20:30:52.978] [info] [ManualAdjust] 当前外参 [imu_0→cam_front]:
[20:30:52.978] [info]   旋转 RPY: (-2.3164, 0.3518, 1.0829) deg
[20:30:52.978] [info]   平移 XYZ: (-0.0307, -0.2420, 7.1746) m
[20:30:53.008] [debug] [ManualAdjust] 平移增量 dxyz=(0.0000, 0.0000, 0.0050)m
[20:30:53.008] [info] [ManualAdjust] 当前外参 [imu_0→cam_front]:
[20:30:53.008] [info]   旋转 RPY: (-2.3164, 0.3518, 1.0829) deg
[20:30:53.008] [info]   平移 XYZ: (-0.0307, -0.2420, 7.1796) m
[20:30:53.038] [debug] [ManualAdjust] 平移增量 dxyz=(0.0000, 0.0000, 0.0050)m
[20:30:53.038] [info] [ManualAdjust] 当前外参 [imu_0→cam_front]:
[20:30:53.038] [info]   旋转 RPY: (-2.3164, 0.3518, 1.0829) deg
[20:30:53.038] [info]   平移 XYZ: (-0.0307, -0.2420, 7.1846) m
[20:30:53.086] [debug] [ManualAdjust] 平移增量 dxyz=(0.0000, 0.0000, 0.0050)m
[20:30:53.086] [info] [ManualAdjust] 当前外参 [imu_0→cam_front]:
[20:30:53.086] [info]   旋转 RPY: (-2.3164, 0.3518, 1.0829) deg
[20:30:53.086] [info]   平移 XYZ: (-0.0307, -0.2420, 7.1896) m
[20:30:53.124] [debug] [ManualAdjust] 平移增量 dxyz=(0.0000, 0.0000, 0.0050)m
[20:30:53.124] [info] [ManualAdjust] 当前外参 [imu_0→cam_front]:
[20:30:53.124] [info]   旋转 RPY: (-2.3164, 0.3518, 1.0829) deg
[20:30:53.124] [info]   平移 XYZ: (-0.0307, -0.2420, 7.1946) m
[20:30:53.169] [debug] [ManualAdjust] 平移增量 dxyz=(0.0000, 0.0000, 0.0050)m
[20:30:53.169] [info] [ManualAdjust] 当前外参 [imu_0→cam_front]:
[20:30:53.169] [info]   旋转 RPY: (-2.3164, 0.3518, 1.0829) deg
[20:30:53.169] [info]   平移 XYZ: (-0.0307, -0.2420, 7.1996) m
[20:30:53.198] [debug] [ManualAdjust] 平移增量 dxyz=(0.0000, 0.0000, 0.0050)m
[20:30:53.198] [info] [ManualAdjust] 当前外参 [imu_0→cam_front]:
[20:30:53.198] [info]   旋转 RPY: (-2.3164, 0.3518, 1.0829) deg
[20:30:53.198] [info]   平移 XYZ: (-0.0307, -0.2420, 7.2046) m
[20:30:53.228] [debug] [ManualAdjust] 平移增量 dxyz=(0.0000, 0.0000, 0.0050)m
[20:30:53.228] [info] [ManualAdjust] 当前外参 [imu_0→cam_front]:
[20:30:53.228] [info]   旋转 RPY: (-2.3164, 0.3518, 1.0829) deg
[20:30:53.228] [info]   平移 XYZ: (-0.0307, -0.2420, 7.2096) m
[20:30:53.288] [debug] [ManualAdjust] 平移增量 dxyz=(0.0000, 0.0000, 0.0050)m
[20:30:53.288] [info] [ManualAdjust] 当前外参 [imu_0→cam_front]:
[20:30:53.288] [info]   旋转 RPY: (-2.3164, 0.3518, 1.0829) deg
[20:30:53.288] [info]   平移 XYZ: (-0.0307, -0.2420, 7.2146) m
[20:30:53.318] [debug] [ManualAdjust] 平移增量 dxyz=(0.0000, 0.0000, 0.0050)m
[20:30:53.318] [info] [ManualAdjust] 当前外参 [imu_0→cam_front]:
[20:30:53.318] [info]   旋转 RPY: (-2.3164, 0.3518, 1.0829) deg
[20:30:53.318] [info]   平移 XYZ: (-0.0307, -0.2420, 7.2196) m
[20:30:53.351] [debug] [ManualAdjust] 平移增量 dxyz=(0.0000, 0.0000, 0.0050)m
[20:30:53.351] [info] [ManualAdjust] 当前外参 [imu_0→cam_front]:
[20:30:53.351] [info]   旋转 RPY: (-2.3164, 0.3518, 1.0829) deg
[20:30:53.351] [info]   平移 XYZ: (-0.0307, -0.2420, 7.2246) m
[20:30:53.394] [debug] [ManualAdjust] 平移增量 dxyz=(0.0000, 0.0000, 0.0050)m
[20:30:53.394] [info] [ManualAdjust] 当前外参 [imu_0→cam_front]:
[20:30:53.394] [info]   旋转 RPY: (-2.3164, 0.3518, 1.0829) deg
[20:30:53.394] [info]   平移 XYZ: (-0.0307, -0.2420, 7.2296) m
[20:30:53.424] [debug] [ManualAdjust] 平移增量 dxyz=(0.0000, 0.0000, 0.0050)m
[20:30:53.424] [info] [ManualAdjust] 当前外参 [imu_0→cam_front]:
[20:30:53.424] [info]   旋转 RPY: (-2.3164, 0.3518, 1.0829) deg
[20:30:53.424] [info]   平移 XYZ: (-0.0307, -0.2420, 7.2346) m
[20:30:53.487] [debug] [ManualAdjust] 平移增量 dxyz=(0.0000, 0.0000, 0.0050)m
[20:30:53.487] [info] [ManualAdjust] 当前外参 [imu_0→cam_front]:
[20:30:53.487] [info]   旋转 RPY: (-2.3164, 0.3518, 1.0829) deg
[20:30:53.487] [info]   平移 XYZ: (-0.0307, -0.2420, 7.2396) m
[20:30:53.517] [debug] [ManualAdjust] 平移增量 dxyz=(0.0000, 0.0000, 0.0050)m
[20:30:53.517] [info] [ManualAdjust] 当前外参 [imu_0→cam_front]:
[20:30:53.517] [info]   旋转 RPY: (-2.3164, 0.3518, 1.0829) deg
[20:30:53.517] [info]   平移 XYZ: (-0.0307, -0.2420, 7.2446) m
[20:30:53.547] [debug] [ManualAdjust] 平移增量 dxyz=(0.0000, 0.0000, 0.0050)m
[20:30:53.547] [info] [ManualAdjust] 当前外参 [imu_0→cam_front]:
[20:30:53.547] [info]   旋转 RPY: (-2.3164, 0.3518, 1.0829) deg
[20:30:53.547] [info]   平移 XYZ: (-0.0307, -0.2420, 7.2496) m
[20:30:53.581] [debug] [ManualAdjust] 平移增量 dxyz=(0.0000, 0.0000, 0.0050)m
[20:30:53.581] [info] [ManualAdjust] 当前外参 [imu_0→cam_front]:
[20:30:53.581] [info]   旋转 RPY: (-2.3164, 0.3518, 1.0829) deg
[20:30:53.581] [info]   平移 XYZ: (-0.0307, -0.2420, 7.2546) m
[20:30:53.630] [debug] [ManualAdjust] 平移增量 dxyz=(0.0000, 0.0000, 0.0050)m
[20:30:53.630] [info] [ManualAdjust] 当前外参 [imu_0→cam_front]:
[20:30:53.630] [info]   旋转 RPY: (-2.3164, 0.3518, 1.0829) deg
[20:30:53.630] [info]   平移 XYZ: (-0.0307, -0.2420, 7.2596) m
[20:30:53.662] [debug] [ManualAdjust] 平移增量 dxyz=(0.0000, 0.0000, 0.0050)m
[20:30:53.662] [info] [ManualAdjust] 当前外参 [imu_0→cam_front]:
[20:30:53.662] [info]   旋转 RPY: (-2.3164, 0.3518, 1.0829) deg
[20:30:53.662] [info]   平移 XYZ: (-0.0307, -0.2420, 7.2646) m
[20:30:53.693] [debug] [ManualAdjust] 平移增量 dxyz=(0.0000, 0.0000, 0.0050)m
[20:30:53.693] [info] [ManualAdjust] 当前外参 [imu_0→cam_front]:
[20:30:53.694] [info]   旋转 RPY: (-2.3164, 0.3518, 1.0829) deg
[20:30:53.694] [info]   平移 XYZ: (-0.0307, -0.2420, 7.2696) m
[20:30:53.723] [debug] [ManualAdjust] 平移增量 dxyz=(0.0000, 0.0000, 0.0050)m
[20:30:53.723] [info] [ManualAdjust] 当前外参 [imu_0→cam_front]:
[20:30:53.723] [info]   旋转 RPY: (-2.3164, 0.3518, 1.0829) deg
[20:30:53.723] [info]   平移 XYZ: (-0.0307, -0.2420, 7.2746) m
[20:30:53.756] [debug] [ManualAdjust] 平移增量 dxyz=(0.0000, 0.0000, 0.0050)m
[20:30:53.756] [info] [ManualAdjust] 当前外参 [imu_0→cam_front]:
[20:30:53.756] [info]   旋转 RPY: (-2.3164, 0.3518, 1.0829) deg
[20:30:53.756] [info]   平移 XYZ: (-0.0307, -0.2420, 7.2796) m
[20:30:53.803] [debug] [ManualAdjust] 平移增量 dxyz=(0.0000, 0.0000, 0.0050)m
[20:30:53.803] [info] [ManualAdjust] 当前外参 [imu_0→cam_front]:
[20:30:53.803] [info]   旋转 RPY: (-2.3164, 0.3518, 1.0829) deg
[20:30:53.803] [info]   平移 XYZ: (-0.0307, -0.2420, 7.2846) m
[20:30:53.833] [debug] [ManualAdjust] 平移增量 dxyz=(0.0000, 0.0000, 0.0050)m
[20:30:53.833] [info] [ManualAdjust] 当前外参 [imu_0→cam_front]:
[20:30:53.833] [info]   旋转 RPY: (-2.3164, 0.3518, 1.0829) deg
[20:30:53.833] [info]   平移 XYZ: (-0.0307, -0.2420, 7.2896) m
[20:30:53.864] [debug] [ManualAdjust] 平移增量 dxyz=(0.0000, 0.0000, 0.0050)m
[20:30:53.864] [info] [ManualAdjust] 当前外参 [imu_0→cam_front]:
[20:30:53.864] [info]   旋转 RPY: (-2.3164, 0.3518, 1.0829) deg
[20:30:53.864] [info]   平移 XYZ: (-0.0307, -0.2420, 7.2946) m
[20:30:53.909] [debug] [ManualAdjust] 平移增量 dxyz=(0.0000, 0.0000, 0.0050)m
[20:30:53.909] [info] [ManualAdjust] 当前外参 [imu_0→cam_front]:
[20:30:53.909] [info]   旋转 RPY: (-2.3164, 0.3518, 1.0829) deg
[20:30:53.909] [info]   平移 XYZ: (-0.0307, -0.2420, 7.2996) m
[20:30:53.948] [debug] [ManualAdjust] 平移增量 dxyz=(0.0000, 0.0000, 0.0050)m
[20:30:53.948] [info] [ManualAdjust] 当前外参 [imu_0→cam_front]:
[20:30:53.948] [info]   旋转 RPY: (-2.3164, 0.3518, 1.0829) deg
[20:30:53.948] [info]   平移 XYZ: (-0.0307, -0.2420, 7.3046) m
[20:30:53.993] [debug] [ManualAdjust] 平移增量 dxyz=(0.0000, 0.0000, 0.0050)m
[20:30:53.993] [info] [ManualAdjust] 当前外参 [imu_0→cam_front]:
[20:30:53.993] [info]   旋转 RPY: (-2.3164, 0.3518, 1.0829) deg
[20:30:53.993] [info]   平移 XYZ: (-0.0307, -0.2420, 7.3096) m
[20:30:54.024] [debug] [ManualAdjust] 平移增量 dxyz=(0.0000, 0.0000, 0.0050)m
[20:30:54.024] [info] [ManualAdjust] 当前外参 [imu_0→cam_front]:
[20:30:54.024] [info]   旋转 RPY: (-2.3164, 0.3518, 1.0829) deg
[20:30:54.024] [info]   平移 XYZ: (-0.0307, -0.2420, 7.3146) m
[20:30:54.054] [debug] [ManualAdjust] 平移增量 dxyz=(0.0000, 0.0000, 0.0050)m
[20:30:54.054] [info] [ManualAdjust] 当前外参 [imu_0→cam_front]:
[20:30:54.054] [info]   旋转 RPY: (-2.3164, 0.3518, 1.0829) deg
[20:30:54.054] [info]   平移 XYZ: (-0.0307, -0.2420, 7.3196) m
[20:30:54.107] [debug] [ManualAdjust] 平移增量 dxyz=(0.0000, 0.0000, 0.0050)m
[20:30:54.107] [info] [ManualAdjust] 当前外参 [imu_0→cam_front]:
[20:30:54.107] [info]   旋转 RPY: (-2.3164, 0.3518, 1.0829) deg
[20:30:54.107] [info]   平移 XYZ: (-0.0307, -0.2420, 7.3246) m
[20:30:54.136] [debug] [ManualAdjust] 平移增量 dxyz=(0.0000, 0.0000, 0.0050)m
[20:30:54.136] [info] [ManualAdjust] 当前外参 [imu_0→cam_front]:
[20:30:54.136] [info]   旋转 RPY: (-2.3164, 0.3518, 1.0829) deg
[20:30:54.136] [info]   平移 XYZ: (-0.0307, -0.2420, 7.3296) m
[20:30:54.170] [debug] [ManualAdjust] 平移增量 dxyz=(0.0000, 0.0000, 0.0050)m
[20:30:54.170] [info] [ManualAdjust] 当前外参 [imu_0→cam_front]:
[20:30:54.170] [info]   旋转 RPY: (-2.3164, 0.3518, 1.0829) deg
[20:30:54.170] [info]   平移 XYZ: (-0.0307, -0.2420, 7.3346) m
[20:30:54.205] [debug] [ManualAdjust] 平移增量 dxyz=(0.0000, 0.0000, 0.0050)m
[20:30:54.205] [info] [ManualAdjust] 当前外参 [imu_0→cam_front]:
[20:30:54.205] [info]   旋转 RPY: (-2.3164, 0.3518, 1.0829) deg
[20:30:54.205] [info]   平移 XYZ: (-0.0307, -0.2420, 7.3396) m
[20:30:54.235] [debug] [ManualAdjust] 平移增量 dxyz=(0.0000, 0.0000, 0.0050)m
[20:30:54.235] [info] [ManualAdjust] 当前外参 [imu_0→cam_front]:
[20:30:54.235] [info]   旋转 RPY: (-2.3164, 0.3518, 1.0829) deg
[20:30:54.235] [info]   平移 XYZ: (-0.0307, -0.2420, 7.3446) m
[20:30:54.288] [debug] [ManualAdjust] 平移增量 dxyz=(0.0000, 0.0000, 0.0050)m
[20:30:54.288] [info] [ManualAdjust] 当前外参 [imu_0→cam_front]:
[20:30:54.288] [info]   旋转 RPY: (-2.3164, 0.3518, 1.0829) deg
[20:30:54.288] [info]   平移 XYZ: (-0.0307, -0.2420, 7.3496) m
[20:30:54.329] [debug] [ManualAdjust] 平移增量 dxyz=(0.0000, 0.0000, 0.0050)m
[20:30:54.329] [info] [ManualAdjust] 当前外参 [imu_0→cam_front]:
[20:30:54.329] [info]   旋转 RPY: (-2.3164, 0.3518, 1.0829) deg
[20:30:54.329] [info]   平移 XYZ: (-0.0307, -0.2420, 7.3546) m
[20:30:54.379] [debug] [ManualAdjust] 平移增量 dxyz=(0.0000, 0.0000, 0.0050)m
[20:30:54.379] [info] [ManualAdjust] 当前外参 [imu_0→cam_front]:
[20:30:54.379] [info]   旋转 RPY: (-2.3164, 0.3518, 1.0829) deg
[20:30:54.379] [info]   平移 XYZ: (-0.0307, -0.2420, 7.3596) m
[20:30:54.412] [debug] [ManualAdjust] 平移增量 dxyz=(0.0000, 0.0000, 0.0050)m
[20:30:54.412] [info] [ManualAdjust] 当前外参 [imu_0→cam_front]:
[20:30:54.412] [info]   旋转 RPY: (-2.3164, 0.3518, 1.0829) deg
[20:30:54.412] [info]   平移 XYZ: (-0.0307, -0.2420, 7.3646) m
[20:30:54.442] [debug] [ManualAdjust] 平移增量 dxyz=(0.0000, 0.0000, 0.0050)m
[20:30:54.443] [info] [ManualAdjust] 当前外参 [imu_0→cam_front]:
[20:30:54.443] [info]   旋转 RPY: (-2.3164, 0.3518, 1.0829) deg
[20:30:54.443] [info]   平移 XYZ: (-0.0307, -0.2420, 7.3696) m
[20:30:54.490] [debug] [ManualAdjust] 平移增量 dxyz=(0.0000, 0.0000, 0.0050)m
[20:30:54.490] [info] [ManualAdjust] 当前外参 [imu_0→cam_front]:
[20:30:54.490] [info]   旋转 RPY: (-2.3164, 0.3518, 1.0829) deg
[20:30:54.490] [info]   平移 XYZ: (-0.0307, -0.2420, 7.3746) m
[20:30:54.520] [debug] [ManualAdjust] 平移增量 dxyz=(0.0000, 0.0000, 0.0050)m
[20:30:54.520] [info] [ManualAdjust] 当前外参 [imu_0→cam_front]:
[20:30:54.520] [info]   旋转 RPY: (-2.3164, 0.3518, 1.0829) deg
[20:30:54.520] [info]   平移 XYZ: (-0.0307, -0.2420, 7.3796) m
[20:30:54.576] [debug] [ManualAdjust] 平移增量 dxyz=(0.0000, 0.0000, 0.0050)m
[20:30:54.576] [info] [ManualAdjust] 当前外参 [imu_0→cam_front]:
[20:30:54.576] [info]   旋转 RPY: (-2.3164, 0.3518, 1.0829) deg
[20:30:54.576] [info]   平移 XYZ: (-0.0307, -0.2420, 7.3846) m
[20:30:54.606] [debug] [ManualAdjust] 平移增量 dxyz=(0.0000, 0.0000, 0.0050)m
[20:30:54.606] [info] [ManualAdjust] 当前外参 [imu_0→cam_front]:
[20:30:54.606] [info]   旋转 RPY: (-2.3164, 0.3518, 1.0829) deg
[20:30:54.606] [info]   平移 XYZ: (-0.0307, -0.2420, 7.3896) m
[20:30:54.655] [debug] [ManualAdjust] 平移增量 dxyz=(0.0000, 0.0000, 0.0050)m
[20:30:54.655] [info] [ManualAdjust] 当前外参 [imu_0→cam_front]:
[20:30:54.655] [info]   旋转 RPY: (-2.3164, 0.3518, 1.0829) deg
[20:30:54.655] [info]   平移 XYZ: (-0.0307, -0.2420, 7.3946) m
[20:30:54.685] [debug] [ManualAdjust] 平移增量 dxyz=(0.0000, 0.0000, 0.0050)m
[20:30:54.685] [info] [ManualAdjust] 当前外参 [imu_0→cam_front]:
[20:30:54.685] [info]   旋转 RPY: (-2.3164, 0.3518, 1.0829) deg
[20:30:54.685] [info]   平移 XYZ: (-0.0307, -0.2420, 7.3996) m
[20:30:54.718] [debug] [ManualAdjust] 平移增量 dxyz=(0.0000, 0.0000, 0.0050)m
[20:30:54.718] [info] [ManualAdjust] 当前外参 [imu_0→cam_front]:
[20:30:54.718] [info]   旋转 RPY: (-2.3164, 0.3518, 1.0829) deg
[20:30:54.718] [info]   平移 XYZ: (-0.0307, -0.2420, 7.4046) m
[20:30:54.762] [debug] [ManualAdjust] 平移增量 dxyz=(0.0000, 0.0000, 0.0050)m
[20:30:54.762] [info] [ManualAdjust] 当前外参 [imu_0→cam_front]:
[20:30:54.762] [info]   旋转 RPY: (-2.3164, 0.3518, 1.0829) deg
[20:30:54.762] [info]   平移 XYZ: (-0.0307, -0.2420, 7.4096) m
[20:30:54.792] [debug] [ManualAdjust] 平移增量 dxyz=(0.0000, 0.0000, 0.0050)m
[20:30:54.792] [info] [ManualAdjust] 当前外参 [imu_0→cam_front]:
[20:30:54.792] [info]   旋转 RPY: (-2.3164, 0.3518, 1.0829) deg
[20:30:54.792] [info]   平移 XYZ: (-0.0307, -0.2420, 7.4146) m
[20:30:54.848] [debug] [ManualAdjust] 平移增量 dxyz=(0.0000, 0.0000, 0.0050)m
[20:30:54.848] [info] [ManualAdjust] 当前外参 [imu_0→cam_front]:
[20:30:54.848] [info]   旋转 RPY: (-2.3164, 0.3518, 1.0829) deg
[20:30:54.848] [info]   平移 XYZ: (-0.0307, -0.2420, 7.4196) m
[20:30:54.877] [debug] [ManualAdjust] 平移增量 dxyz=(0.0000, 0.0000, 0.0050)m
[20:30:54.877] [info] [ManualAdjust] 当前外参 [imu_0→cam_front]:
[20:30:54.877] [info]   旋转 RPY: (-2.3164, 0.3518, 1.0829) deg
[20:30:54.877] [info]   平移 XYZ: (-0.0307, -0.2420, 7.4246) m
[20:30:54.911] [debug] [ManualAdjust] 平移增量 dxyz=(0.0000, 0.0000, 0.0050)m
[20:30:54.911] [info] [ManualAdjust] 当前外参 [imu_0→cam_front]:
[20:30:54.911] [info]   旋转 RPY: (-2.3164, 0.3518, 1.0829) deg
[20:30:54.911] [info]   平移 XYZ: (-0.0307, -0.2420, 7.4296) m
[20:30:54.943] [debug] [ManualAdjust] 平移增量 dxyz=(0.0000, 0.0000, 0.0050)m
[20:30:54.943] [info] [ManualAdjust] 当前外参 [imu_0→cam_front]:
[20:30:54.944] [info]   旋转 RPY: (-2.3164, 0.3518, 1.0829) deg
[20:30:54.944] [info]   平移 XYZ: (-0.0307, -0.2420, 7.4346) m
[20:30:54.977] [debug] [ManualAdjust] 平移增量 dxyz=(0.0000, 0.0000, 0.0050)m
[20:30:54.977] [info] [ManualAdjust] 当前外参 [imu_0→cam_front]:
[20:30:54.977] [info]   旋转 RPY: (-2.3164, 0.3518, 1.0829) deg
[20:30:54.977] [info]   平移 XYZ: (-0.0307, -0.2420, 7.4396) m
[20:30:55.035] [debug] [ManualAdjust] 平移增量 dxyz=(0.0000, 0.0000, 0.0050)m
[20:30:55.035] [info] [ManualAdjust] 当前外参 [imu_0→cam_front]:
[20:30:55.035] [info]   旋转 RPY: (-2.3164, 0.3518, 1.0829) deg
[20:30:55.035] [info]   平移 XYZ: (-0.0307, -0.2420, 7.4446) m
[20:30:55.078] [debug] [ManualAdjust] 平移增量 dxyz=(0.0000, 0.0000, 0.0050)m
[20:30:55.078] [info] [ManualAdjust] 当前外参 [imu_0→cam_front]:
[20:30:55.078] [info]   旋转 RPY: (-2.3164, 0.3518, 1.0829) deg
[20:30:55.078] [info]   平移 XYZ: (-0.0307, -0.2420, 7.4496) m
[20:30:55.106] [debug] [ManualAdjust] 平移增量 dxyz=(0.0000, 0.0000, 0.0050)m
[20:30:55.106] [info] [ManualAdjust] 当前外参 [imu_0→cam_front]:
[20:30:55.106] [info]   旋转 RPY: (-2.3164, 0.3518, 1.0829) deg
[20:30:55.106] [info]   平移 XYZ: (-0.0307, -0.2420, 7.4546) m
[20:30:55.138] [debug] [ManualAdjust] 平移增量 dxyz=(0.0000, 0.0000, 0.0050)m
[20:30:55.138] [info] [ManualAdjust] 当前外参 [imu_0→cam_front]:
[20:30:55.138] [info]   旋转 RPY: (-2.3164, 0.3518, 1.0829) deg
[20:30:55.138] [info]   平移 XYZ: (-0.0307, -0.2420, 7.4596) m
[20:30:55.193] [debug] [ManualAdjust] 平移增量 dxyz=(0.0000, 0.0000, 0.0050)m
[20:30:55.194] [info] [ManualAdjust] 当前外参 [imu_0→cam_front]:
[20:30:55.194] [info]   旋转 RPY: (-2.3164, 0.3518, 1.0829) deg
[20:30:55.194] [info]   平移 XYZ: (-0.0307, -0.2420, 7.4646) m
[20:30:55.223] [debug] [ManualAdjust] 平移增量 dxyz=(0.0000, 0.0000, 0.0050)m
[20:30:55.223] [info] [ManualAdjust] 当前外参 [imu_0→cam_front]:
[20:30:55.223] [info]   旋转 RPY: (-2.3164, 0.3518, 1.0829) deg
[20:30:55.223] [info]   平移 XYZ: (-0.0307, -0.2420, 7.4696) m
[20:30:55.274] [debug] [ManualAdjust] 平移增量 dxyz=(0.0000, 0.0000, 0.0050)m
[20:30:55.274] [info] [ManualAdjust] 当前外参 [imu_0→cam_front]:
[20:30:55.274] [info]   旋转 RPY: (-2.3164, 0.3518, 1.0829) deg
[20:30:55.274] [info]   平移 XYZ: (-0.0307, -0.2420, 7.4746) m
[20:30:55.305] [debug] [ManualAdjust] 平移增量 dxyz=(0.0000, 0.0000, 0.0050)m
[20:30:55.305] [info] [ManualAdjust] 当前外参 [imu_0→cam_front]:
[20:30:55.305] [info]   旋转 RPY: (-2.3164, 0.3518, 1.0829) deg
[20:30:55.305] [info]   平移 XYZ: (-0.0307, -0.2420, 7.4796) m
[20:30:55.360] [debug] [ManualAdjust] 平移增量 dxyz=(0.0000, 0.0000, 0.0050)m
[20:30:55.361] [info] [ManualAdjust] 当前外参 [imu_0→cam_front]:
[20:30:55.361] [info]   旋转 RPY: (-2.3164, 0.3518, 1.0829) deg
[20:30:55.361] [info]   平移 XYZ: (-0.0307, -0.2420, 7.4846) m
[20:30:55.393] [debug] [ManualAdjust] 平移增量 dxyz=(0.0000, 0.0000, 0.0050)m
[20:30:55.393] [info] [ManualAdjust] 当前外参 [imu_0→cam_front]:
[20:30:55.393] [info]   旋转 RPY: (-2.3164, 0.3518, 1.0829) deg
[20:30:55.393] [info]   平移 XYZ: (-0.0307, -0.2420, 7.4896) m
[20:30:55.439] [debug] [ManualAdjust] 平移增量 dxyz=(0.0000, 0.0000, 0.0050)m
[20:30:55.439] [info] [ManualAdjust] 当前外参 [imu_0→cam_front]:
[20:30:55.439] [info]   旋转 RPY: (-2.3164, 0.3518, 1.0829) deg
[20:30:55.439] [info]   平移 XYZ: (-0.0307, -0.2420, 7.4946) m
[20:30:55.474] [debug] [ManualAdjust] 平移增量 dxyz=(0.0000, 0.0000, 0.0050)m
[20:30:55.474] [info] [ManualAdjust] 当前外参 [imu_0→cam_front]:
[20:30:55.474] [info]   旋转 RPY: (-2.3164, 0.3518, 1.0829) deg
[20:30:55.474] [info]   平移 XYZ: (-0.0307, -0.2420, 7.4996) m
[20:30:55.530] [debug] [ManualAdjust] 平移增量 dxyz=(0.0000, 0.0000, 0.0050)m
[20:30:55.530] [info] [ManualAdjust] 当前外参 [imu_0→cam_front]:
[20:30:55.530] [info]   旋转 RPY: (-2.3164, 0.3518, 1.0829) deg
[20:30:55.530] [info]   平移 XYZ: (-0.0307, -0.2420, 7.5046) m
[20:30:55.574] [debug] [ManualAdjust] 平移增量 dxyz=(0.0000, 0.0000, 0.0050)m
[20:30:55.574] [info] [ManualAdjust] 当前外参 [imu_0→cam_front]:
[20:30:55.574] [info]   旋转 RPY: (-2.3164, 0.3518, 1.0829) deg
[20:30:55.574] [info]   平移 XYZ: (-0.0307, -0.2420, 7.5096) m
[20:30:55.611] [debug] [ManualAdjust] 平移增量 dxyz=(0.0000, 0.0000, 0.0050)m
[20:30:55.611] [info] [ManualAdjust] 当前外参 [imu_0→cam_front]:
[20:30:55.611] [info]   旋转 RPY: (-2.3164, 0.3518, 1.0829) deg
[20:30:55.611] [info]   平移 XYZ: (-0.0307, -0.2420, 7.5146) m
[20:30:55.642] [debug] [ManualAdjust] 平移增量 dxyz=(0.0000, 0.0000, 0.0050)m
[20:30:55.642] [info] [ManualAdjust] 当前外参 [imu_0→cam_front]:
[20:30:55.642] [info]   旋转 RPY: (-2.3164, 0.3518, 1.0829) deg
[20:30:55.642] [info]   平移 XYZ: (-0.0307, -0.2420, 7.5196) m
[20:30:55.673] [debug] [ManualAdjust] 平移增量 dxyz=(0.0000, 0.0000, 0.0050)m
[20:30:55.673] [info] [ManualAdjust] 当前外参 [imu_0→cam_front]:
[20:30:55.673] [info]   旋转 RPY: (-2.3164, 0.3518, 1.0829) deg
[20:30:55.673] [info]   平移 XYZ: (-0.0307, -0.2420, 7.5246) m
[20:30:55.703] [debug] [ManualAdjust] 平移增量 dxyz=(0.0000, 0.0000, 0.0050)m
[20:30:55.703] [info] [ManualAdjust] 当前外参 [imu_0→cam_front]:
[20:30:55.703] [info]   旋转 RPY: (-2.3164, 0.3518, 1.0829) deg
[20:30:55.703] [info]   平移 XYZ: (-0.0307, -0.2420, 7.5296) m
[20:30:55.751] [debug] [ManualAdjust] 平移增量 dxyz=(0.0000, 0.0000, 0.0050)m
[20:30:55.751] [info] [ManualAdjust] 当前外参 [imu_0→cam_front]:
[20:30:55.751] [info]   旋转 RPY: (-2.3164, 0.3518, 1.0829) deg
[20:30:55.751] [info]   平移 XYZ: (-0.0307, -0.2420, 7.5346) m
[20:30:55.795] [debug] [ManualAdjust] 平移增量 dxyz=(0.0000, 0.0000, 0.0050)m
[20:30:55.795] [info] [ManualAdjust] 当前外参 [imu_0→cam_front]:
[20:30:55.795] [info]   旋转 RPY: (-2.3164, 0.3518, 1.0829) deg
[20:30:55.795] [info]   平移 XYZ: (-0.0307, -0.2420, 7.5396) m
[20:30:55.845] [debug] [ManualAdjust] 平移增量 dxyz=(0.0000, 0.0000, 0.0050)m
[20:30:55.845] [info] [ManualAdjust] 当前外参 [imu_0→cam_front]:
[20:30:55.845] [info]   旋转 RPY: (-2.3164, 0.3518, 1.0829) deg
[20:30:55.845] [info]   平移 XYZ: (-0.0307, -0.2420, 7.5446) m
[20:30:55.872] [debug] [ManualAdjust] 平移增量 dxyz=(0.0000, 0.0000, 0.0050)m
[20:30:55.872] [info] [ManualAdjust] 当前外参 [imu_0→cam_front]:
[20:30:55.872] [info]   旋转 RPY: (-2.3164, 0.3518, 1.0829) deg
[20:30:55.872] [info]   平移 XYZ: (-0.0307, -0.2420, 7.5496) m
[20:30:55.902] [debug] [ManualAdjust] 平移增量 dxyz=(0.0000, 0.0000, 0.0050)m
[20:30:55.902] [info] [ManualAdjust] 当前外参 [imu_0→cam_front]:
[20:30:55.902] [info]   旋转 RPY: (-2.3164, 0.3518, 1.0829) deg
[20:30:55.902] [info]   平移 XYZ: (-0.0307, -0.2420, 7.5546) m
[20:30:55.958] [debug] [ManualAdjust] 平移增量 dxyz=(0.0000, 0.0000, 0.0050)m
[20:30:55.958] [info] [ManualAdjust] 当前外参 [imu_0→cam_front]:
[20:30:55.958] [info]   旋转 RPY: (-2.3164, 0.3518, 1.0829) deg
[20:30:55.958] [info]   平移 XYZ: (-0.0307, -0.2420, 7.5596) m
[20:30:55.988] [debug] [ManualAdjust] 平移增量 dxyz=(0.0000, 0.0000, 0.0050)m
[20:30:55.988] [info] [ManualAdjust] 当前外参 [imu_0→cam_front]:
[20:30:55.988] [info]   旋转 RPY: (-2.3164, 0.3518, 1.0829) deg
[20:30:55.988] [info]   平移 XYZ: (-0.0307, -0.2420, 7.5646) m
[20:30:56.037] [debug] [ManualAdjust] 平移增量 dxyz=(0.0000, 0.0000, 0.0050)m
[20:30:56.037] [info] [ManualAdjust] 当前外参 [imu_0→cam_front]:
[20:30:56.037] [info]   旋转 RPY: (-2.3164, 0.3518, 1.0829) deg
[20:30:56.037] [info]   平移 XYZ: (-0.0307, -0.2420, 7.5696) m
[20:30:56.069] [debug] [ManualAdjust] 平移增量 dxyz=(0.0000, 0.0000, 0.0050)m
[20:30:56.069] [info] [ManualAdjust] 当前外参 [imu_0→cam_front]:
[20:30:56.069] [info]   旋转 RPY: (-2.3164, 0.3518, 1.0829) deg
[20:30:56.069] [info]   平移 XYZ: (-0.0307, -0.2420, 7.5746) m
[20:30:56.108] [debug] [ManualAdjust] 平移增量 dxyz=(0.0000, 0.0000, 0.0050)m
[20:30:56.108] [info] [ManualAdjust] 当前外参 [imu_0→cam_front]:
[20:30:56.108] [info]   旋转 RPY: (-2.3164, 0.3518, 1.0829) deg
[20:30:56.108] [info]   平移 XYZ: (-0.0307, -0.2420, 7.5796) m
[20:30:56.144] [debug] [ManualAdjust] 平移增量 dxyz=(0.0000, 0.0000, 0.0050)m
[20:30:56.144] [info] [ManualAdjust] 当前外参 [imu_0→cam_front]:
[20:30:56.144] [info]   旋转 RPY: (-2.3164, 0.3518, 1.0829) deg
[20:30:56.144] [info]   平移 XYZ: (-0.0307, -0.2420, 7.5846) m
[20:30:56.194] [debug] [ManualAdjust] 平移增量 dxyz=(0.0000, 0.0000, 0.0050)m
[20:30:56.194] [info] [ManualAdjust] 当前外参 [imu_0→cam_front]:
[20:30:56.194] [info]   旋转 RPY: (-2.3164, 0.3518, 1.0829) deg
[20:30:56.194] [info]   平移 XYZ: (-0.0307, -0.2420, 7.5896) m
[20:30:56.227] [debug] [ManualAdjust] 平移增量 dxyz=(0.0000, 0.0000, 0.0050)m
[20:30:56.227] [info] [ManualAdjust] 当前外参 [imu_0→cam_front]:
[20:30:56.227] [info]   旋转 RPY: (-2.3164, 0.3518, 1.0829) deg
[20:30:56.227] [info]   平移 XYZ: (-0.0307, -0.2420, 7.5946) m
[20:30:56.274] [debug] [ManualAdjust] 平移增量 dxyz=(0.0000, 0.0000, 0.0050)m
[20:30:56.274] [info] [ManualAdjust] 当前外参 [imu_0→cam_front]:
[20:30:56.274] [info]   旋转 RPY: (-2.3164, 0.3518, 1.0829) deg
[20:30:56.274] [info]   平移 XYZ: (-0.0307, -0.2420, 7.5996) m
[20:30:56.306] [debug] [ManualAdjust] 平移增量 dxyz=(0.0000, 0.0000, 0.0050)m
[20:30:56.306] [info] [ManualAdjust] 当前外参 [imu_0→cam_front]:
[20:30:56.306] [info]   旋转 RPY: (-2.3164, 0.3518, 1.0829) deg
[20:30:56.306] [info]   平移 XYZ: (-0.0307, -0.2420, 7.6046) m
[20:30:56.337] [debug] [ManualAdjust] 平移增量 dxyz=(0.0000, 0.0000, 0.0050)m
[20:30:56.337] [info] [ManualAdjust] 当前外参 [imu_0→cam_front]:
[20:30:56.337] [info]   旋转 RPY: (-2.3164, 0.3518, 1.0829) deg
[20:30:56.337] [info]   平移 XYZ: (-0.0307, -0.2420, 7.6096) m
[20:30:56.376] [debug] [ManualAdjust] 平移增量 dxyz=(0.0000, 0.0000, 0.0050)m
[20:30:56.376] [info] [ManualAdjust] 当前外参 [imu_0→cam_front]:
[20:30:56.376] [info]   旋转 RPY: (-2.3164, 0.3518, 1.0829) deg
[20:30:56.376] [info]   平移 XYZ: (-0.0307, -0.2420, 7.6146) m
[20:30:56.408] [debug] [ManualAdjust] 平移增量 dxyz=(0.0000, 0.0000, 0.0050)m
[20:30:56.408] [info] [ManualAdjust] 当前外参 [imu_0→cam_front]:
[20:30:56.408] [info]   旋转 RPY: (-2.3164, 0.3518, 1.0829) deg
[20:30:56.408] [info]   平移 XYZ: (-0.0307, -0.2420, 7.6196) m
[20:30:56.454] [debug] [ManualAdjust] 平移增量 dxyz=(0.0000, 0.0000, 0.0050)m
[20:30:56.454] [info] [ManualAdjust] 当前外参 [imu_0→cam_front]:
[20:30:56.454] [info]   旋转 RPY: (-2.3164, 0.3518, 1.0829) deg
[20:30:56.454] [info]   平移 XYZ: (-0.0307, -0.2420, 7.6246) m
[20:30:56.492] [debug] [ManualAdjust] 平移增量 dxyz=(0.0000, 0.0000, 0.0050)m
[20:30:56.492] [info] [ManualAdjust] 当前外参 [imu_0→cam_front]:
[20:30:56.492] [info]   旋转 RPY: (-2.3164, 0.3518, 1.0829) deg
[20:30:56.492] [info]   平移 XYZ: (-0.0307, -0.2420, 7.6296) m
[20:30:56.522] [debug] [ManualAdjust] 平移增量 dxyz=(0.0000, 0.0000, 0.0050)m
[20:30:56.522] [info] [ManualAdjust] 当前外参 [imu_0→cam_front]:
[20:30:56.522] [info]   旋转 RPY: (-2.3164, 0.3518, 1.0829) deg
[20:30:56.522] [info]   平移 XYZ: (-0.0307, -0.2420, 7.6346) m
[20:30:56.578] [debug] [ManualAdjust] 平移增量 dxyz=(0.0000, 0.0000, 0.0050)m
[20:30:56.578] [info] [ManualAdjust] 当前外参 [imu_0→cam_front]:
[20:30:56.578] [info]   旋转 RPY: (-2.3164, 0.3518, 1.0829) deg
[20:30:56.578] [info]   平移 XYZ: (-0.0307, -0.2420, 7.6396) m
[20:30:56.610] [debug] [ManualAdjust] 平移增量 dxyz=(0.0000, 0.0000, 0.0050)m
[20:30:56.610] [info] [ManualAdjust] 当前外参 [imu_0→cam_front]:
[20:30:56.610] [info]   旋转 RPY: (-2.3164, 0.3518, 1.0829) deg
[20:30:56.610] [info]   平移 XYZ: (-0.0307, -0.2420, 7.6446) m
[20:30:56.642] [debug] [ManualAdjust] 平移增量 dxyz=(0.0000, 0.0000, 0.0050)m
[20:30:56.642] [info] [ManualAdjust] 当前外参 [imu_0→cam_front]:
[20:30:56.642] [info]   旋转 RPY: (-2.3164, 0.3518, 1.0829) deg
[20:30:56.642] [info]   平移 XYZ: (-0.0307, -0.2420, 7.6496) m
[20:30:56.677] [debug] [ManualAdjust] 平移增量 dxyz=(0.0000, 0.0000, 0.0050)m
[20:30:56.677] [info] [ManualAdjust] 当前外参 [imu_0→cam_front]:
[20:30:56.677] [info]   旋转 RPY: (-2.3164, 0.3518, 1.0829) deg
[20:30:56.677] [info]   平移 XYZ: (-0.0307, -0.2420, 7.6546) m
[20:30:56.706] [debug] [ManualAdjust] 平移增量 dxyz=(0.0000, 0.0000, 0.0050)m
[20:30:56.706] [info] [ManualAdjust] 当前外参 [imu_0→cam_front]:
[20:30:56.706] [info]   旋转 RPY: (-2.3164, 0.3518, 1.0829) deg
[20:30:56.706] [info]   平移 XYZ: (-0.0307, -0.2420, 7.6596) m
[20:30:56.762] [debug] [ManualAdjust] 平移增量 dxyz=(0.0000, 0.0000, 0.0050)m
[20:30:56.762] [info] [ManualAdjust] 当前外参 [imu_0→cam_front]:
[20:30:56.762] [info]   旋转 RPY: (-2.3164, 0.3518, 1.0829) deg
[20:30:56.762] [info]   平移 XYZ: (-0.0307, -0.2420, 7.6646) m
[20:30:56.792] [debug] [ManualAdjust] 平移增量 dxyz=(0.0000, 0.0000, 0.0050)m
[20:30:56.792] [info] [ManualAdjust] 当前外参 [imu_0→cam_front]:
[20:30:56.792] [info]   旋转 RPY: (-2.3164, 0.3518, 1.0829) deg
[20:30:56.792] [info]   平移 XYZ: (-0.0307, -0.2420, 7.6696) m
[20:30:56.830] [debug] [ManualAdjust] 平移增量 dxyz=(0.0000, 0.0000, 0.0050)m
[20:30:56.830] [info] [ManualAdjust] 当前外参 [imu_0→cam_front]:
[20:30:56.830] [info]   旋转 RPY: (-2.3164, 0.3518, 1.0829) deg
[20:30:56.830] [info]   平移 XYZ: (-0.0307, -0.2420, 7.6746) m
[20:30:56.863] [debug] [ManualAdjust] 平移增量 dxyz=(0.0000, 0.0000, 0.0050)m
[20:30:56.863] [info] [ManualAdjust] 当前外参 [imu_0→cam_front]:
[20:30:56.863] [info]   旋转 RPY: (-2.3164, 0.3518, 1.0829) deg
[20:30:56.863] [info]   平移 XYZ: (-0.0307, -0.2420, 7.6796) m
[20:30:56.895] [debug] [ManualAdjust] 平移增量 dxyz=(0.0000, 0.0000, 0.0050)m
[20:30:56.895] [info] [ManualAdjust] 当前外参 [imu_0→cam_front]:
[20:30:56.895] [info]   旋转 RPY: (-2.3164, 0.3518, 1.0829) deg
[20:30:56.895] [info]   平移 XYZ: (-0.0307, -0.2420, 7.6846) m
[20:30:56.933] [debug] [ManualAdjust] 平移增量 dxyz=(0.0000, 0.0000, 0.0050)m
[20:30:56.933] [info] [ManualAdjust] 当前外参 [imu_0→cam_front]:
[20:30:56.933] [info]   旋转 RPY: (-2.3164, 0.3518, 1.0829) deg
[20:30:56.933] [info]   平移 XYZ: (-0.0307, -0.2420, 7.6896) m
[20:30:56.961] [debug] [ManualAdjust] 平移增量 dxyz=(0.0000, 0.0000, 0.0050)m
[20:30:56.961] [info] [ManualAdjust] 当前外参 [imu_0→cam_front]:
[20:30:56.961] [info]   旋转 RPY: (-2.3164, 0.3518, 1.0829) deg
[20:30:56.961] [info]   平移 XYZ: (-0.0307, -0.2420, 7.6946) m
[20:30:57.014] [debug] [ManualAdjust] 平移增量 dxyz=(0.0000, 0.0000, 0.0050)m
[20:30:57.014] [info] [ManualAdjust] 当前外参 [imu_0→cam_front]:
[20:30:57.014] [info]   旋转 RPY: (-2.3164, 0.3518, 1.0829) deg
[20:30:57.014] [info]   平移 XYZ: (-0.0307, -0.2420, 7.6996) m
[20:30:57.045] [debug] [ManualAdjust] 平移增量 dxyz=(0.0000, 0.0000, 0.0050)m
[20:30:57.045] [info] [ManualAdjust] 当前外参 [imu_0→cam_front]:
[20:30:57.045] [info]   旋转 RPY: (-2.3164, 0.3518, 1.0829) deg
[20:30:57.045] [info]   平移 XYZ: (-0.0307, -0.2420, 7.7046) m
[20:30:57.087] [debug] [ManualAdjust] 平移增量 dxyz=(0.0000, 0.0000, 0.0050)m
[20:30:57.087] [info] [ManualAdjust] 当前外参 [imu_0→cam_front]:
[20:30:57.087] [info]   旋转 RPY: (-2.3164, 0.3518, 1.0829) deg
[20:30:57.087] [info]   平移 XYZ: (-0.0307, -0.2420, 7.7096) m
[20:30:57.117] [debug] [ManualAdjust] 平移增量 dxyz=(0.0000, 0.0000, 0.0050)m
[20:30:57.117] [info] [ManualAdjust] 当前外参 [imu_0→cam_front]:
[20:30:57.117] [info]   旋转 RPY: (-2.3164, 0.3518, 1.0829) deg
[20:30:57.117] [info]   平移 XYZ: (-0.0307, -0.2420, 7.7146) m
[20:30:57.150] [debug] [ManualAdjust] 平移增量 dxyz=(0.0000, 0.0000, 0.0050)m
[20:30:57.150] [info] [ManualAdjust] 当前外参 [imu_0→cam_front]:
[20:30:57.150] [info]   旋转 RPY: (-2.3164, 0.3518, 1.0829) deg
[20:30:57.150] [info]   平移 XYZ: (-0.0307, -0.2420, 7.7196) m
[20:30:57.191] [debug] [ManualAdjust] 平移增量 dxyz=(0.0000, 0.0000, 0.0050)m
[20:30:57.191] [info] [ManualAdjust] 当前外参 [imu_0→cam_front]:
[20:30:57.191] [info]   旋转 RPY: (-2.3164, 0.3518, 1.0829) deg
[20:30:57.191] [info]   平移 XYZ: (-0.0307, -0.2420, 7.7246) m
[20:30:57.226] [debug] [ManualAdjust] 平移增量 dxyz=(0.0000, 0.0000, 0.0050)m
[20:30:57.226] [info] [ManualAdjust] 当前外参 [imu_0→cam_front]:
[20:30:57.226] [info]   旋转 RPY: (-2.3164, 0.3518, 1.0829) deg
[20:30:57.226] [info]   平移 XYZ: (-0.0307, -0.2420, 7.7296) m
[20:30:57.268] [debug] [ManualAdjust] 平移增量 dxyz=(0.0000, 0.0000, 0.0050)m
[20:30:57.268] [info] [ManualAdjust] 当前外参 [imu_0→cam_front]:
[20:30:57.268] [info]   旋转 RPY: (-2.3164, 0.3518, 1.0829) deg
[20:30:57.268] [info]   平移 XYZ: (-0.0307, -0.2420, 7.7346) m
[20:30:57.300] [debug] [ManualAdjust] 平移增量 dxyz=(0.0000, 0.0000, 0.0050)m
[20:30:57.300] [info] [ManualAdjust] 当前外参 [imu_0→cam_front]:
[20:30:57.300] [info]   旋转 RPY: (-2.3164, 0.3518, 1.0829) deg
[20:30:57.300] [info]   平移 XYZ: (-0.0307, -0.2420, 7.7396) m
[20:30:57.331] [debug] [ManualAdjust] 平移增量 dxyz=(0.0000, 0.0000, 0.0050)m
[20:30:57.331] [info] [ManualAdjust] 当前外参 [imu_0→cam_front]:
[20:30:57.331] [info]   旋转 RPY: (-2.3164, 0.3518, 1.0829) deg
[20:30:57.331] [info]   平移 XYZ: (-0.0307, -0.2420, 7.7446) m
[20:30:57.382] [debug] [ManualAdjust] 平移增量 dxyz=(0.0000, 0.0000, 0.0050)m
[20:30:57.382] [info] [ManualAdjust] 当前外参 [imu_0→cam_front]:
[20:30:57.382] [info]   旋转 RPY: (-2.3164, 0.3518, 1.0829) deg
[20:30:57.382] [info]   平移 XYZ: (-0.0307, -0.2420, 7.7496) m
[20:30:57.412] [debug] [ManualAdjust] 平移增量 dxyz=(0.0000, 0.0000, 0.0050)m
[20:30:57.412] [info] [ManualAdjust] 当前外参 [imu_0→cam_front]:
[20:30:57.412] [info]   旋转 RPY: (-2.3164, 0.3518, 1.0829) deg
[20:30:57.412] [info]   平移 XYZ: (-0.0307, -0.2420, 7.7546) m
[20:30:57.442] [debug] [ManualAdjust] 平移增量 dxyz=(0.0000, 0.0000, 0.0050)m
[20:30:57.442] [info] [ManualAdjust] 当前外参 [imu_0→cam_front]:
[20:30:57.442] [info]   旋转 RPY: (-2.3164, 0.3518, 1.0829) deg
[20:30:57.442] [info]   平移 XYZ: (-0.0307, -0.2420, 7.7596) m
[20:30:57.479] [debug] [ManualAdjust] 平移增量 dxyz=(0.0000, 0.0000, 0.0050)m
[20:30:57.479] [info] [ManualAdjust] 当前外参 [imu_0→cam_front]:
[20:30:57.479] [info]   旋转 RPY: (-2.3164, 0.3518, 1.0829) deg
[20:30:57.479] [info]   平移 XYZ: (-0.0307, -0.2420, 7.7646) m
[20:30:57.512] [debug] [ManualAdjust] 平移增量 dxyz=(0.0000, 0.0000, 0.0050)m
[20:30:57.512] [info] [ManualAdjust] 当前外参 [imu_0→cam_front]:
[20:30:57.512] [info]   旋转 RPY: (-2.3164, 0.3518, 1.0829) deg
[20:30:57.512] [info]   平移 XYZ: (-0.0307, -0.2420, 7.7696) m
[20:30:57.579] [debug] [ManualAdjust] 平移增量 dxyz=(0.0000, 0.0000, 0.0050)m
[20:30:57.579] [info] [ManualAdjust] 当前外参 [imu_0→cam_front]:
[20:30:57.579] [info]   旋转 RPY: (-2.3164, 0.3518, 1.0829) deg
[20:30:57.579] [info]   平移 XYZ: (-0.0307, -0.2420, 7.7746) m
[20:30:57.609] [debug] [ManualAdjust] 平移增量 dxyz=(0.0000, 0.0000, 0.0050)m
[20:30:57.609] [info] [ManualAdjust] 当前外参 [imu_0→cam_front]:
[20:30:57.609] [info]   旋转 RPY: (-2.3164, 0.3518, 1.0829) deg
[20:30:57.609] [info]   平移 XYZ: (-0.0307, -0.2420, 7.7796) m
[20:30:57.670] [debug] [ManualAdjust] 平移增量 dxyz=(0.0000, 0.0000, 0.0050)m
[20:30:57.670] [info] [ManualAdjust] 当前外参 [imu_0→cam_front]:
[20:30:57.670] [info]   旋转 RPY: (-2.3164, 0.3518, 1.0829) deg
[20:30:57.670] [info]   平移 XYZ: (-0.0307, -0.2420, 7.7846) m
[20:30:57.701] [debug] [ManualAdjust] 平移增量 dxyz=(0.0000, 0.0000, 0.0050)m
[20:30:57.701] [info] [ManualAdjust] 当前外参 [imu_0→cam_front]:
[20:30:57.701] [info]   旋转 RPY: (-2.3164, 0.3518, 1.0829) deg
[20:30:57.701] [info]   平移 XYZ: (-0.0307, -0.2420, 7.7896) m
[20:30:57.757] [debug] [ManualAdjust] 平移增量 dxyz=(0.0000, 0.0000, 0.0050)m
[20:30:57.757] [info] [ManualAdjust] 当前外参 [imu_0→cam_front]:
[20:30:57.757] [info]   旋转 RPY: (-2.3164, 0.3518, 1.0829) deg
[20:30:57.757] [info]   平移 XYZ: (-0.0307, -0.2420, 7.7946) m
[20:30:57.802] [debug] [ManualAdjust] 平移增量 dxyz=(0.0000, 0.0000, 0.0050)m
[20:30:57.802] [info] [ManualAdjust] 当前外参 [imu_0→cam_front]:
[20:30:57.802] [info]   旋转 RPY: (-2.3164, 0.3518, 1.0829) deg
[20:30:57.802] [info]   平移 XYZ: (-0.0307, -0.2420, 7.7996) m
[20:30:57.832] [debug] [ManualAdjust] 平移增量 dxyz=(0.0000, 0.0000, 0.0050)m
[20:30:57.832] [info] [ManualAdjust] 当前外参 [imu_0→cam_front]:
[20:30:57.832] [info]   旋转 RPY: (-2.3164, 0.3518, 1.0829) deg
[20:30:57.832] [info]   平移 XYZ: (-0.0307, -0.2420, 7.8046) m
[20:30:57.862] [debug] [ManualAdjust] 平移增量 dxyz=(0.0000, 0.0000, 0.0050)m
[20:30:57.862] [info] [ManualAdjust] 当前外参 [imu_0→cam_front]:
[20:30:57.862] [info]   旋转 RPY: (-2.3164, 0.3518, 1.0829) deg
[20:30:57.862] [info]   平移 XYZ: (-0.0307, -0.2420, 7.8096) m
[20:30:57.923] [debug] [ManualAdjust] 平移增量 dxyz=(0.0000, 0.0000, 0.0050)m
[20:30:57.923] [info] [ManualAdjust] 当前外参 [imu_0→cam_front]:
[20:30:57.923] [info]   旋转 RPY: (-2.3164, 0.3518, 1.0829) deg
[20:30:57.923] [info]   平移 XYZ: (-0.0307, -0.2420, 7.8146) m
[20:30:57.962] [debug] [ManualAdjust] 平移增量 dxyz=(0.0000, 0.0000, 0.0050)m
[20:30:57.962] [info] [ManualAdjust] 当前外参 [imu_0→cam_front]:
[20:30:57.962] [info]   旋转 RPY: (-2.3164, 0.3518, 1.0829) deg
[20:30:57.962] [info]   平移 XYZ: (-0.0307, -0.2420, 7.8196) m
[20:30:57.994] [debug] [ManualAdjust] 平移增量 dxyz=(0.0000, 0.0000, 0.0050)m
[20:30:57.994] [info] [ManualAdjust] 当前外参 [imu_0→cam_front]:
[20:30:57.994] [info]   旋转 RPY: (-2.3164, 0.3518, 1.0829) deg
[20:30:57.994] [info]   平移 XYZ: (-0.0307, -0.2420, 7.8246) m
[20:30:58.024] [debug] [ManualAdjust] 平移增量 dxyz=(0.0000, 0.0000, 0.0050)m
[20:30:58.024] [info] [ManualAdjust] 当前外参 [imu_0→cam_front]:
[20:30:58.024] [info]   旋转 RPY: (-2.3164, 0.3518, 1.0829) deg
[20:30:58.024] [info]   平移 XYZ: (-0.0307, -0.2420, 7.8296) m
[20:30:58.086] [debug] [ManualAdjust] 平移增量 dxyz=(0.0000, 0.0000, 0.0050)m
[20:30:58.086] [info] [ManualAdjust] 当前外参 [imu_0→cam_front]:
[20:30:58.086] [info]   旋转 RPY: (-2.3164, 0.3518, 1.0829) deg
[20:30:58.086] [info]   平移 XYZ: (-0.0307, -0.2420, 7.8346) m
[20:30:58.132] [debug] [ManualAdjust] 平移增量 dxyz=(0.0000, 0.0000, 0.0050)m
[20:30:58.132] [info] [ManualAdjust] 当前外参 [imu_0→cam_front]:
[20:30:58.132] [info]   旋转 RPY: (-2.3164, 0.3518, 1.0829) deg
[20:30:58.132] [info]   平移 XYZ: (-0.0307, -0.2420, 7.8396) m
[20:30:58.170] [debug] [ManualAdjust] 平移增量 dxyz=(0.0000, 0.0000, 0.0050)m
[20:30:58.170] [info] [ManualAdjust] 当前外参 [imu_0→cam_front]:
[20:30:58.170] [info]   旋转 RPY: (-2.3164, 0.3518, 1.0829) deg
[20:30:58.170] [info]   平移 XYZ: (-0.0307, -0.2420, 7.8446) m
[20:30:58.200] [debug] [ManualAdjust] 平移增量 dxyz=(0.0000, 0.0000, 0.0050)m
[20:30:58.200] [info] [ManualAdjust] 当前外参 [imu_0→cam_front]:
[20:30:58.200] [info]   旋转 RPY: (-2.3164, 0.3518, 1.0829) deg
[20:30:58.200] [info]   平移 XYZ: (-0.0307, -0.2420, 7.8496) m
[20:30:58.251] [debug] [ManualAdjust] 平移增量 dxyz=(0.0000, 0.0000, 0.0050)m
[20:30:58.251] [info] [ManualAdjust] 当前外参 [imu_0→cam_front]:
[20:30:58.251] [info]   旋转 RPY: (-2.3164, 0.3518, 1.0829) deg
[20:30:58.251] [info]   平移 XYZ: (-0.0307, -0.2420, 7.8546) m
[20:30:58.282] [debug] [ManualAdjust] 平移增量 dxyz=(0.0000, 0.0000, 0.0050)m
[20:30:58.282] [info] [ManualAdjust] 当前外参 [imu_0→cam_front]:
[20:30:58.282] [info]   旋转 RPY: (-2.3164, 0.3518, 1.0829) deg
[20:30:58.282] [info]   平移 XYZ: (-0.0307, -0.2420, 7.8596) m
[20:30:58.327] [debug] [ManualAdjust] 平移增量 dxyz=(0.0000, 0.0000, 0.0050)m
[20:30:58.327] [info] [ManualAdjust] 当前外参 [imu_0→cam_front]:
[20:30:58.327] [info]   旋转 RPY: (-2.3164, 0.3518, 1.0829) deg
[20:30:58.327] [info]   平移 XYZ: (-0.0307, -0.2420, 7.8646) m
[20:30:58.357] [debug] [ManualAdjust] 平移增量 dxyz=(0.0000, 0.0000, 0.0050)m
[20:30:58.357] [info] [ManualAdjust] 当前外参 [imu_0→cam_front]:
[20:30:58.357] [info]   旋转 RPY: (-2.3164, 0.3518, 1.0829) deg
[20:30:58.357] [info]   平移 XYZ: (-0.0307, -0.2420, 7.8696) m
[20:30:58.407] [debug] [ManualAdjust] 平移增量 dxyz=(0.0000, 0.0000, 0.0050)m
[20:30:58.407] [info] [ManualAdjust] 当前外参 [imu_0→cam_front]:
[20:30:58.407] [info]   旋转 RPY: (-2.3164, 0.3518, 1.0829) deg
[20:30:58.407] [info]   平移 XYZ: (-0.0307, -0.2420, 7.8746) m
[20:30:58.448] [debug] [ManualAdjust] 平移增量 dxyz=(0.0000, 0.0000, 0.0050)m
[20:30:58.448] [info] [ManualAdjust] 当前外参 [imu_0→cam_front]:
[20:30:58.448] [info]   旋转 RPY: (-2.3164, 0.3518, 1.0829) deg
[20:30:58.448] [info]   平移 XYZ: (-0.0307, -0.2420, 7.8796) m
[20:30:58.478] [debug] [ManualAdjust] 平移增量 dxyz=(0.0000, 0.0000, 0.0050)m
[20:30:58.478] [info] [ManualAdjust] 当前外参 [imu_0→cam_front]:
[20:30:58.478] [info]   旋转 RPY: (-2.3164, 0.3518, 1.0829) deg
[20:30:58.478] [info]   平移 XYZ: (-0.0307, -0.2420, 7.8846) m
[20:30:58.508] [debug] [ManualAdjust] 平移增量 dxyz=(0.0000, 0.0000, 0.0050)m
[20:30:58.508] [info] [ManualAdjust] 当前外参 [imu_0→cam_front]:
[20:30:58.508] [info]   旋转 RPY: (-2.3164, 0.3518, 1.0829) deg
[20:30:58.508] [info]   平移 XYZ: (-0.0307, -0.2420, 7.8896) m
[20:30:58.560] [debug] [ManualAdjust] 平移增量 dxyz=(0.0000, 0.0000, 0.0050)m
[20:30:58.560] [info] [ManualAdjust] 当前外参 [imu_0→cam_front]:
[20:30:58.560] [info]   旋转 RPY: (-2.3164, 0.3518, 1.0829) deg
[20:30:58.560] [info]   平移 XYZ: (-0.0307, -0.2420, 7.8946) m
[20:30:58.605] [debug] [ManualAdjust] 平移增量 dxyz=(0.0000, 0.0000, 0.0050)m
[20:30:58.605] [info] [ManualAdjust] 当前外参 [imu_0→cam_front]:
[20:30:58.605] [info]   旋转 RPY: (-2.3164, 0.3518, 1.0829) deg
[20:30:58.605] [info]   平移 XYZ: (-0.0307, -0.2420, 7.8996) m
[20:30:58.632] [debug] [ManualAdjust] 平移增量 dxyz=(0.0000, 0.0000, 0.0050)m
[20:30:58.632] [info] [ManualAdjust] 当前外参 [imu_0→cam_front]:
[20:30:58.632] [info]   旋转 RPY: (-2.3164, 0.3518, 1.0829) deg
[20:30:58.632] [info]   平移 XYZ: (-0.0307, -0.2420, 7.9046) m
[20:30:58.680] [debug] [ManualAdjust] 平移增量 dxyz=(0.0000, 0.0000, 0.0050)m
[20:30:58.680] [info] [ManualAdjust] 当前外参 [imu_0→cam_front]:
[20:30:58.680] [info]   旋转 RPY: (-2.3164, 0.3518, 1.0829) deg
[20:30:58.680] [info]   平移 XYZ: (-0.0307, -0.2420, 7.9096) m
[20:30:58.723] [debug] [ManualAdjust] 平移增量 dxyz=(0.0000, 0.0000, 0.0050)m
[20:30:58.723] [info] [ManualAdjust] 当前外参 [imu_0→cam_front]:
[20:30:58.723] [info]   旋转 RPY: (-2.3164, 0.3518, 1.0829) deg
[20:30:58.723] [info]   平移 XYZ: (-0.0307, -0.2420, 7.9146) m
[20:30:58.763] [debug] [ManualAdjust] 平移增量 dxyz=(0.0000, 0.0000, 0.0050)m
[20:30:58.763] [info] [ManualAdjust] 当前外参 [imu_0→cam_front]:
[20:30:58.763] [info]   旋转 RPY: (-2.3164, 0.3518, 1.0829) deg
[20:30:58.763] [info]   平移 XYZ: (-0.0307, -0.2420, 7.9196) m
[20:30:58.796] [debug] [ManualAdjust] 平移增量 dxyz=(0.0000, 0.0000, 0.0050)m
[20:30:58.796] [info] [ManualAdjust] 当前外参 [imu_0→cam_front]:
[20:30:58.796] [info]   旋转 RPY: (-2.3164, 0.3518, 1.0829) deg
[20:30:58.796] [info]   平移 XYZ: (-0.0307, -0.2420, 7.9246) m
[20:30:58.826] [debug] [ManualAdjust] 平移增量 dxyz=(0.0000, 0.0000, 0.0050)m
[20:30:58.826] [info] [ManualAdjust] 当前外参 [imu_0→cam_front]:
[20:30:58.826] [info]   旋转 RPY: (-2.3164, 0.3518, 1.0829) deg
[20:30:58.826] [info]   平移 XYZ: (-0.0307, -0.2420, 7.9296) m
[20:30:58.879] [debug] [ManualAdjust] 平移增量 dxyz=(0.0000, 0.0000, 0.0050)m
[20:30:58.879] [info] [ManualAdjust] 当前外参 [imu_0→cam_front]:
[20:30:58.879] [info]   旋转 RPY: (-2.3164, 0.3518, 1.0829) deg
[20:30:58.879] [info]   平移 XYZ: (-0.0307, -0.2420, 7.9346) m
[20:30:58.923] [debug] [ManualAdjust] 平移增量 dxyz=(0.0000, 0.0000, 0.0050)m
[20:30:58.923] [info] [ManualAdjust] 当前外参 [imu_0→cam_front]:
[20:30:58.923] [info]   旋转 RPY: (-2.3164, 0.3518, 1.0829) deg
[20:30:58.923] [info]   平移 XYZ: (-0.0307, -0.2420, 7.9396) m
[20:30:58.959] [debug] [ManualAdjust] 平移增量 dxyz=(0.0000, 0.0000, 0.0050)m
[20:30:58.959] [info] [ManualAdjust] 当前外参 [imu_0→cam_front]:
[20:30:58.959] [info]   旋转 RPY: (-2.3164, 0.3518, 1.0829) deg
[20:30:58.959] [info]   平移 XYZ: (-0.0307, -0.2420, 7.9446) m
[20:30:58.989] [debug] [ManualAdjust] 平移增量 dxyz=(0.0000, 0.0000, 0.0050)m
[20:30:58.989] [info] [ManualAdjust] 当前外参 [imu_0→cam_front]:
[20:30:58.989] [info]   旋转 RPY: (-2.3164, 0.3518, 1.0829) deg
[20:30:58.989] [info]   平移 XYZ: (-0.0307, -0.2420, 7.9496) m
[20:30:59.028] [debug] [ManualAdjust] 平移增量 dxyz=(0.0000, 0.0000, 0.0050)m
[20:30:59.028] [info] [ManualAdjust] 当前外参 [imu_0→cam_front]:
[20:30:59.028] [info]   旋转 RPY: (-2.3164, 0.3518, 1.0829) deg
[20:30:59.028] [info]   平移 XYZ: (-0.0307, -0.2420, 7.9546) m
[20:30:59.063] [debug] [ManualAdjust] 平移增量 dxyz=(0.0000, 0.0000, 0.0050)m
[20:30:59.063] [info] [ManualAdjust] 当前外参 [imu_0→cam_front]:
[20:30:59.063] [info]   旋转 RPY: (-2.3164, 0.3518, 1.0829) deg
[20:30:59.063] [info]   平移 XYZ: (-0.0307, -0.2420, 7.9596) m
[20:30:59.093] [debug] [ManualAdjust] 平移增量 dxyz=(0.0000, 0.0000, 0.0050)m
[20:30:59.093] [info] [ManualAdjust] 当前外参 [imu_0→cam_front]:
[20:30:59.093] [info]   旋转 RPY: (-2.3164, 0.3518, 1.0829) deg
[20:30:59.093] [info]   平移 XYZ: (-0.0307, -0.2420, 7.9646) m
[20:30:59.145] [debug] [ManualAdjust] 平移增量 dxyz=(0.0000, 0.0000, 0.0050)m
[20:30:59.145] [info] [ManualAdjust] 当前外参 [imu_0→cam_front]:
[20:30:59.145] [info]   旋转 RPY: (-2.3164, 0.3518, 1.0829) deg
[20:30:59.145] [info]   平移 XYZ: (-0.0307, -0.2420, 7.9696) m
[20:30:59.175] [debug] [ManualAdjust] 平移增量 dxyz=(0.0000, 0.0000, 0.0050)m
[20:30:59.175] [info] [ManualAdjust] 当前外参 [imu_0→cam_front]:
[20:30:59.175] [info]   旋转 RPY: (-2.3164, 0.3518, 1.0829) deg
[20:30:59.175] [info]   平移 XYZ: (-0.0307, -0.2420, 7.9746) m
[20:30:59.227] [debug] [ManualAdjust] 平移增量 dxyz=(0.0000, 0.0000, 0.0050)m
[20:30:59.228] [info] [ManualAdjust] 当前外参 [imu_0→cam_front]:
[20:30:59.228] [info]   旋转 RPY: (-2.3164, 0.3518, 1.0829) deg
[20:30:59.228] [info]   平移 XYZ: (-0.0307, -0.2420, 7.9796) m
[20:30:59.258] [debug] [ManualAdjust] 平移增量 dxyz=(0.0000, 0.0000, 0.0050)m
[20:30:59.258] [info] [ManualAdjust] 当前外参 [imu_0→cam_front]:
[20:30:59.258] [info]   旋转 RPY: (-2.3164, 0.3518, 1.0829) deg
[20:30:59.258] [info]   平移 XYZ: (-0.0307, -0.2420, 7.9846) m
[20:30:59.312] [debug] [ManualAdjust] 平移增量 dxyz=(0.0000, 0.0000, 0.0050)m
[20:30:59.312] [info] [ManualAdjust] 当前外参 [imu_0→cam_front]:
[20:30:59.312] [info]   旋转 RPY: (-2.3164, 0.3518, 1.0829) deg
[20:30:59.312] [info]   平移 XYZ: (-0.0307, -0.2420, 7.9896) m
[20:30:59.357] [debug] [ManualAdjust] 平移增量 dxyz=(0.0000, 0.0000, 0.0050)m
[20:30:59.357] [info] [ManualAdjust] 当前外参 [imu_0→cam_front]:
[20:30:59.357] [info]   旋转 RPY: (-2.3164, 0.3518, 1.0829) deg
[20:30:59.357] [info]   平移 XYZ: (-0.0307, -0.2420, 7.9946) m
[20:30:59.390] [debug] [ManualAdjust] 平移增量 dxyz=(0.0000, 0.0000, 0.0050)m
[20:30:59.390] [info] [ManualAdjust] 当前外参 [imu_0→cam_front]:
[20:30:59.390] [info]   旋转 RPY: (-2.3164, 0.3518, 1.0829) deg
[20:30:59.390] [info]   平移 XYZ: (-0.0307, -0.2420, 7.9996) m
[20:30:59.421] [debug] [ManualAdjust] 平移增量 dxyz=(0.0000, 0.0000, 0.0050)m
[20:30:59.421] [info] [ManualAdjust] 当前外参 [imu_0→cam_front]:
[20:30:59.421] [info]   旋转 RPY: (-2.3164, 0.3518, 1.0829) deg
[20:30:59.421] [info]   平移 XYZ: (-0.0307, -0.2420, 8.0046) m
[20:30:59.470] [debug] [ManualAdjust] 平移增量 dxyz=(0.0000, 0.0000, 0.0050)m
[20:30:59.470] [info] [ManualAdjust] 当前外参 [imu_0→cam_front]:
[20:30:59.470] [info]   旋转 RPY: (-2.3164, 0.3518, 1.0829) deg
[20:30:59.470] [info]   平移 XYZ: (-0.0307, -0.2420, 8.0096) m
[20:30:59.503] [debug] [ManualAdjust] 平移增量 dxyz=(0.0000, 0.0000, 0.0050)m
[20:30:59.503] [info] [ManualAdjust] 当前外参 [imu_0→cam_front]:
[20:30:59.503] [info]   旋转 RPY: (-2.3164, 0.3518, 1.0829) deg
[20:30:59.503] [info]   平移 XYZ: (-0.0307, -0.2420, 8.0146) m
[20:30:59.534] [debug] [ManualAdjust] 平移增量 dxyz=(0.0000, 0.0000, 0.0050)m
[20:30:59.534] [info] [ManualAdjust] 当前外参 [imu_0→cam_front]:
[20:30:59.534] [info]   旋转 RPY: (-2.3164, 0.3518, 1.0829) deg
[20:30:59.534] [info]   平移 XYZ: (-0.0307, -0.2420, 8.0196) m
[20:30:59.567] [debug] [ManualAdjust] 平移增量 dxyz=(0.0000, 0.0000, 0.0050)m
[20:30:59.567] [info] [ManualAdjust] 当前外参 [imu_0→cam_front]:
[20:30:59.567] [info]   旋转 RPY: (-2.3164, 0.3518, 1.0829) deg
[20:30:59.567] [info]   平移 XYZ: (-0.0307, -0.2420, 8.0246) m
[20:30:59.604] [debug] [ManualAdjust] 平移增量 dxyz=(0.0000, 0.0000, 0.0050)m
[20:30:59.604] [info] [ManualAdjust] 当前外参 [imu_0→cam_front]:
[20:30:59.604] [info]   旋转 RPY: (-2.3164, 0.3518, 1.0829) deg
[20:30:59.604] [info]   平移 XYZ: (-0.0307, -0.2420, 8.0296) m
[20:30:59.633] [debug] [ManualAdjust] 平移增量 dxyz=(0.0000, 0.0000, 0.0050)m
[20:30:59.633] [info] [ManualAdjust] 当前外参 [imu_0→cam_front]:
[20:30:59.633] [info]   旋转 RPY: (-2.3164, 0.3518, 1.0829) deg
[20:30:59.633] [info]   平移 XYZ: (-0.0307, -0.2420, 8.0346) m
[20:30:59.690] [debug] [ManualAdjust] 平移增量 dxyz=(0.0000, 0.0000, 0.0050)m
[20:30:59.690] [info] [ManualAdjust] 当前外参 [imu_0→cam_front]:
[20:30:59.690] [info]   旋转 RPY: (-2.3164, 0.3518, 1.0829) deg
[20:30:59.690] [info]   平移 XYZ: (-0.0307, -0.2420, 8.0396) m
[20:30:59.741] [debug] [ManualAdjust] 平移增量 dxyz=(0.0000, 0.0000, 0.0050)m
[20:30:59.741] [info] [ManualAdjust] 当前外参 [imu_0→cam_front]:
[20:30:59.741] [info]   旋转 RPY: (-2.3164, 0.3518, 1.0829) deg
[20:30:59.741] [info]   平移 XYZ: (-0.0307, -0.2420, 8.0446) m
[20:30:59.780] [debug] [ManualAdjust] 平移增量 dxyz=(0.0000, 0.0000, 0.0050)m
[20:30:59.780] [info] [ManualAdjust] 当前外参 [imu_0→cam_front]:
[20:30:59.780] [info]   旋转 RPY: (-2.3164, 0.3518, 1.0829) deg
[20:30:59.780] [info]   平移 XYZ: (-0.0307, -0.2420, 8.0496) m
[20:30:59.823] [debug] [ManualAdjust] 平移增量 dxyz=(0.0000, 0.0000, 0.0050)m
[20:30:59.823] [info] [ManualAdjust] 当前外参 [imu_0→cam_front]:
[20:30:59.823] [info]   旋转 RPY: (-2.3164, 0.3518, 1.0829) deg
[20:30:59.823] [info]   平移 XYZ: (-0.0307, -0.2420, 8.0546) m
[20:30:59.862] [debug] [ManualAdjust] 平移增量 dxyz=(0.0000, 0.0000, 0.0050)m
[20:30:59.862] [info] [ManualAdjust] 当前外参 [imu_0→cam_front]:
[20:30:59.862] [info]   旋转 RPY: (-2.3164, 0.3518, 1.0829) deg
[20:30:59.862] [info]   平移 XYZ: (-0.0307, -0.2420, 8.0596) m
[20:30:59.892] [debug] [ManualAdjust] 平移增量 dxyz=(0.0000, 0.0000, 0.0050)m
[20:30:59.892] [info] [ManualAdjust] 当前外参 [imu_0→cam_front]:
[20:30:59.892] [info]   旋转 RPY: (-2.3164, 0.3518, 1.0829) deg
[20:30:59.892] [info]   平移 XYZ: (-0.0307, -0.2420, 8.0646) m
[20:30:59.945] [debug] [ManualAdjust] 平移增量 dxyz=(0.0000, 0.0000, 0.0050)m
[20:30:59.945] [info] [ManualAdjust] 当前外参 [imu_0→cam_front]:
[20:30:59.945] [info]   旋转 RPY: (-2.3164, 0.3518, 1.0829) deg
[20:30:59.945] [info]   平移 XYZ: (-0.0307, -0.2420, 8.0696) m
[20:30:59.996] [debug] [ManualAdjust] 平移增量 dxyz=(0.0000, 0.0000, 0.0050)m
[20:30:59.996] [info] [ManualAdjust] 当前外参 [imu_0→cam_front]:
[20:30:59.996] [info]   旋转 RPY: (-2.3164, 0.3518, 1.0829) deg
[20:30:59.996] [info]   平移 XYZ: (-0.0307, -0.2420, 8.0746) m
[20:31:00.043] [debug] [ManualAdjust] 平移增量 dxyz=(0.0000, 0.0000, 0.0050)m
[20:31:00.043] [info] [ManualAdjust] 当前外参 [imu_0→cam_front]:
[20:31:00.043] [info]   旋转 RPY: (-2.3164, 0.3518, 1.0829) deg
[20:31:00.043] [info]   平移 XYZ: (-0.0307, -0.2420, 8.0796) m
[20:31:00.084] [debug] [ManualAdjust] 平移增量 dxyz=(0.0000, 0.0000, 0.0050)m
[20:31:00.084] [info] [ManualAdjust] 当前外参 [imu_0→cam_front]:
[20:31:00.084] [info]   旋转 RPY: (-2.3164, 0.3518, 1.0829) deg
[20:31:00.084] [info]   平移 XYZ: (-0.0307, -0.2420, 8.0846) m
[20:31:00.120] [debug] [ManualAdjust] 平移增量 dxyz=(0.0000, 0.0000, 0.0050)m
[20:31:00.120] [info] [ManualAdjust] 当前外参 [imu_0→cam_front]:
[20:31:00.120] [info]   旋转 RPY: (-2.3164, 0.3518, 1.0829) deg
[20:31:00.120] [info]   平移 XYZ: (-0.0307, -0.2420, 8.0896) m
[20:31:00.151] [debug] [ManualAdjust] 平移增量 dxyz=(0.0000, 0.0000, 0.0050)m
[20:31:00.151] [info] [ManualAdjust] 当前外参 [imu_0→cam_front]:
[20:31:00.151] [info]   旋转 RPY: (-2.3164, 0.3518, 1.0829) deg
[20:31:00.151] [info]   平移 XYZ: (-0.0307, -0.2420, 8.0946) m
[20:31:00.199] [debug] [ManualAdjust] 平移增量 dxyz=(0.0000, 0.0000, 0.0050)m
[20:31:00.199] [info] [ManualAdjust] 当前外参 [imu_0→cam_front]:
[20:31:00.199] [info]   旋转 RPY: (-2.3164, 0.3518, 1.0829) deg
[20:31:00.199] [info]   平移 XYZ: (-0.0307, -0.2420, 8.0996) m
[20:31:00.242] [debug] [ManualAdjust] 平移增量 dxyz=(0.0000, 0.0000, 0.0050)m
[20:31:00.242] [info] [ManualAdjust] 当前外参 [imu_0→cam_front]:
[20:31:00.242] [info]   旋转 RPY: (-2.3164, 0.3518, 1.0829) deg
[20:31:00.242] [info]   平移 XYZ: (-0.0307, -0.2420, 8.1046) m
[20:31:00.282] [debug] [ManualAdjust] 平移增量 dxyz=(0.0000, 0.0000, 0.0050)m
[20:31:00.282] [info] [ManualAdjust] 当前外参 [imu_0→cam_front]:
[20:31:00.282] [info]   旋转 RPY: (-2.3164, 0.3518, 1.0829) deg
[20:31:00.282] [info]   平移 XYZ: (-0.0307, -0.2420, 8.1096) m
[20:31:00.312] [debug] [ManualAdjust] 平移增量 dxyz=(0.0000, 0.0000, 0.0050)m
[20:31:00.312] [info] [ManualAdjust] 当前外参 [imu_0→cam_front]:
[20:31:00.312] [info]   旋转 RPY: (-2.3164, 0.3518, 1.0829) deg
[20:31:00.312] [info]   平移 XYZ: (-0.0307, -0.2420, 8.1146) m
[20:31:00.347] [debug] [ManualAdjust] 平移增量 dxyz=(0.0000, 0.0000, 0.0050)m
[20:31:00.347] [info] [ManualAdjust] 当前外参 [imu_0→cam_front]:
[20:31:00.347] [info]   旋转 RPY: (-2.3164, 0.3518, 1.0829) deg
[20:31:00.347] [info]   平移 XYZ: (-0.0307, -0.2420, 8.1196) m
[20:31:00.384] [debug] [ManualAdjust] 平移增量 dxyz=(0.0000, 0.0000, 0.0050)m
[20:31:00.384] [info] [ManualAdjust] 当前外参 [imu_0→cam_front]:
[20:31:00.384] [info]   旋转 RPY: (-2.3164, 0.3518, 1.0829) deg
[20:31:00.384] [info]   平移 XYZ: (-0.0307, -0.2420, 8.1246) m
[20:31:00.415] [debug] [ManualAdjust] 平移增量 dxyz=(0.0000, 0.0000, 0.0050)m
[20:31:00.415] [info] [ManualAdjust] 当前外参 [imu_0→cam_front]:
[20:31:00.415] [info]   旋转 RPY: (-2.3164, 0.3518, 1.0829) deg
[20:31:00.415] [info]   平移 XYZ: (-0.0307, -0.2420, 8.1296) m
[20:31:00.468] [debug] [ManualAdjust] 平移增量 dxyz=(0.0000, 0.0000, 0.0050)m
[20:31:00.468] [info] [ManualAdjust] 当前外参 [imu_0→cam_front]:
[20:31:00.468] [info]   旋转 RPY: (-2.3164, 0.3518, 1.0829) deg
[20:31:00.468] [info]   平移 XYZ: (-0.0307, -0.2420, 8.1346) m
[20:31:00.497] [debug] [ManualAdjust] 平移增量 dxyz=(0.0000, 0.0000, 0.0050)m
[20:31:00.498] [info] [ManualAdjust] 当前外参 [imu_0→cam_front]:
[20:31:00.498] [info]   旋转 RPY: (-2.3164, 0.3518, 1.0829) deg
[20:31:00.498] [info]   平移 XYZ: (-0.0307, -0.2420, 8.1396) m
[20:31:00.562] [debug] [ManualAdjust] 平移增量 dxyz=(0.0000, 0.0000, 0.0050)m
[20:31:00.562] [info] [ManualAdjust] 当前外参 [imu_0→cam_front]:
[20:31:00.562] [info]   旋转 RPY: (-2.3164, 0.3518, 1.0829) deg
[20:31:00.562] [info]   平移 XYZ: (-0.0307, -0.2420, 8.1446) m
[20:31:00.607] [debug] [ManualAdjust] 平移增量 dxyz=(0.0000, 0.0000, 0.0050)m
[20:31:00.607] [info] [ManualAdjust] 当前外参 [imu_0→cam_front]:
[20:31:00.607] [info]   旋转 RPY: (-2.3164, 0.3518, 1.0829) deg
[20:31:00.607] [info]   平移 XYZ: (-0.0307, -0.2420, 8.1496) m
[20:31:00.639] [debug] [ManualAdjust] 平移增量 dxyz=(0.0000, 0.0000, 0.0050)m
[20:31:00.639] [info] [ManualAdjust] 当前外参 [imu_0→cam_front]:
[20:31:00.639] [info]   旋转 RPY: (-2.3164, 0.3518, 1.0829) deg
[20:31:00.639] [info]   平移 XYZ: (-0.0307, -0.2420, 8.1546) m
[20:31:00.684] [debug] [ManualAdjust] 平移增量 dxyz=(0.0000, 0.0000, 0.0050)m
[20:31:00.684] [info] [ManualAdjust] 当前外参 [imu_0→cam_front]:
[20:31:00.684] [info]   旋转 RPY: (-2.3164, 0.3518, 1.0829) deg
[20:31:00.684] [info]   平移 XYZ: (-0.0307, -0.2420, 8.1596) m
[20:31:00.715] [debug] [ManualAdjust] 平移增量 dxyz=(0.0000, 0.0000, 0.0050)m
[20:31:00.715] [info] [ManualAdjust] 当前外参 [imu_0→cam_front]:
[20:31:00.715] [info]   旋转 RPY: (-2.3164, 0.3518, 1.0829) deg
[20:31:00.715] [info]   平移 XYZ: (-0.0307, -0.2420, 8.1646) m
[20:31:00.759] [debug] [ManualAdjust] 平移增量 dxyz=(0.0000, 0.0000, 0.0050)m
[20:31:00.759] [info] [ManualAdjust] 当前外参 [imu_0→cam_front]:
[20:31:00.759] [info]   旋转 RPY: (-2.3164, 0.3518, 1.0829) deg
[20:31:00.759] [info]   平移 XYZ: (-0.0307, -0.2420, 8.1696) m
[20:31:00.805] [debug] [ManualAdjust] 平移增量 dxyz=(0.0000, 0.0000, 0.0050)m
[20:31:00.805] [info] [ManualAdjust] 当前外参 [imu_0→cam_front]:
[20:31:00.805] [info]   旋转 RPY: (-2.3164, 0.3518, 1.0829) deg
[20:31:00.805] [info]   平移 XYZ: (-0.0307, -0.2420, 8.1746) m
[20:31:00.853] [debug] [ManualAdjust] 平移增量 dxyz=(0.0000, 0.0000, 0.0050)m
[20:31:00.853] [info] [ManualAdjust] 当前外参 [imu_0→cam_front]:
[20:31:00.853] [info]   旋转 RPY: (-2.3164, 0.3518, 1.0829) deg
[20:31:00.853] [info]   平移 XYZ: (-0.0307, -0.2420, 8.1796) m
[20:31:00.887] [debug] [ManualAdjust] 平移增量 dxyz=(0.0000, 0.0000, 0.0050)m
[20:31:00.887] [info] [ManualAdjust] 当前外参 [imu_0→cam_front]:
[20:31:00.887] [info]   旋转 RPY: (-2.3164, 0.3518, 1.0829) deg
[20:31:00.887] [info]   平移 XYZ: (-0.0307, -0.2420, 8.1846) m
[20:31:00.935] [debug] [ManualAdjust] 平移增量 dxyz=(0.0000, 0.0000, 0.0050)m
[20:31:00.935] [info] [ManualAdjust] 当前外参 [imu_0→cam_front]:
[20:31:00.935] [info]   旋转 RPY: (-2.3164, 0.3518, 1.0829) deg
[20:31:00.935] [info]   平移 XYZ: (-0.0307, -0.2420, 8.1896) m
[20:31:00.973] [debug] [ManualAdjust] 平移增量 dxyz=(0.0000, 0.0000, 0.0050)m
[20:31:00.973] [info] [ManualAdjust] 当前外参 [imu_0→cam_front]:
[20:31:00.973] [info]   旋转 RPY: (-2.3164, 0.3518, 1.0829) deg
[20:31:00.973] [info]   平移 XYZ: (-0.0307, -0.2420, 8.1946) m
[20:31:01.004] [debug] [ManualAdjust] 平移增量 dxyz=(0.0000, 0.0000, 0.0050)m
[20:31:01.004] [info] [ManualAdjust] 当前外参 [imu_0→cam_front]:
[20:31:01.004] [info]   旋转 RPY: (-2.3164, 0.3518, 1.0829) deg
[20:31:01.004] [info]   平移 XYZ: (-0.0307, -0.2420, 8.1996) m
[20:31:01.060] [debug] [ManualAdjust] 平移增量 dxyz=(0.0000, 0.0000, 0.0050)m
[20:31:01.060] [info] [ManualAdjust] 当前外参 [imu_0→cam_front]:
[20:31:01.060] [info]   旋转 RPY: (-2.3164, 0.3518, 1.0829) deg
[20:31:01.060] [info]   平移 XYZ: (-0.0307, -0.2420, 8.2046) m
[20:31:01.090] [debug] [ManualAdjust] 平移增量 dxyz=(0.0000, 0.0000, 0.0050)m
[20:31:01.090] [info] [ManualAdjust] 当前外参 [imu_0→cam_front]:
[20:31:01.090] [info]   旋转 RPY: (-2.3164, 0.3518, 1.0829) deg
[20:31:01.090] [info]   平移 XYZ: (-0.0307, -0.2420, 8.2096) m
[20:31:01.157] [debug] [ManualAdjust] 平移增量 dxyz=(0.0000, 0.0000, 0.0050)m
[20:31:01.157] [info] [ManualAdjust] 当前外参 [imu_0→cam_front]:
[20:31:01.157] [info]   旋转 RPY: (-2.3164, 0.3518, 1.0829) deg
[20:31:01.157] [info]   平移 XYZ: (-0.0307, -0.2420, 8.2146) m
[20:31:01.187] [debug] [ManualAdjust] 平移增量 dxyz=(0.0000, 0.0000, 0.0050)m
[20:31:01.188] [info] [ManualAdjust] 当前外参 [imu_0→cam_front]:
[20:31:01.188] [info]   旋转 RPY: (-2.3164, 0.3518, 1.0829) deg
[20:31:01.188] [info]   平移 XYZ: (-0.0307, -0.2420, 8.2196) m
[20:31:01.241] [debug] [ManualAdjust] 平移增量 dxyz=(0.0000, 0.0000, 0.0050)m
[20:31:01.241] [info] [ManualAdjust] 当前外参 [imu_0→cam_front]:
[20:31:01.241] [info]   旋转 RPY: (-2.3164, 0.3518, 1.0829) deg
[20:31:01.241] [info]   平移 XYZ: (-0.0307, -0.2420, 8.2246) m
[20:31:01.283] [debug] [ManualAdjust] 平移增量 dxyz=(0.0000, 0.0000, 0.0050)m
[20:31:01.283] [info] [ManualAdjust] 当前外参 [imu_0→cam_front]:
[20:31:01.283] [info]   旋转 RPY: (-2.3164, 0.3518, 1.0829) deg
[20:31:01.283] [info]   平移 XYZ: (-0.0307, -0.2420, 8.2296) m
[20:31:01.312] [debug] [ManualAdjust] 平移增量 dxyz=(0.0000, 0.0000, 0.0050)m
[20:31:01.312] [info] [ManualAdjust] 当前外参 [imu_0→cam_front]:
[20:31:01.312] [info]   旋转 RPY: (-2.3164, 0.3518, 1.0829) deg
[20:31:01.312] [info]   平移 XYZ: (-0.0307, -0.2420, 8.2346) m
[20:31:01.342] [debug] [ManualAdjust] 平移增量 dxyz=(0.0000, 0.0000, 0.0050)m
[20:31:01.342] [info] [ManualAdjust] 当前外参 [imu_0→cam_front]:
[20:31:01.342] [info]   旋转 RPY: (-2.3164, 0.3518, 1.0829) deg
[20:31:01.342] [info]   平移 XYZ: (-0.0307, -0.2420, 8.2396) m
[20:31:01.397] [debug] [ManualAdjust] 平移增量 dxyz=(0.0000, 0.0000, 0.0050)m
[20:31:01.397] [info] [ManualAdjust] 当前外参 [imu_0→cam_front]:
[20:31:01.397] [info]   旋转 RPY: (-2.3164, 0.3518, 1.0829) deg
[20:31:01.397] [info]   平移 XYZ: (-0.0307, -0.2420, 8.2446) m
[20:31:01.428] [debug] [ManualAdjust] 平移增量 dxyz=(0.0000, 0.0000, 0.0050)m
[20:31:01.428] [info] [ManualAdjust] 当前外参 [imu_0→cam_front]:
[20:31:01.428] [info]   旋转 RPY: (-2.3164, 0.3518, 1.0829) deg
[20:31:01.428] [info]   平移 XYZ: (-0.0307, -0.2420, 8.2496) m
[20:31:01.468] [debug] [ManualAdjust] 平移增量 dxyz=(0.0000, 0.0000, 0.0050)m
[20:31:01.468] [info] [ManualAdjust] 当前外参 [imu_0→cam_front]:
[20:31:01.468] [info]   旋转 RPY: (-2.3164, 0.3518, 1.0829) deg
[20:31:01.468] [info]   平移 XYZ: (-0.0307, -0.2420, 8.2546) m
[20:31:01.507] [debug] [ManualAdjust] 平移增量 dxyz=(0.0000, 0.0000, 0.0050)m
[20:31:01.507] [info] [ManualAdjust] 当前外参 [imu_0→cam_front]:
[20:31:01.507] [info]   旋转 RPY: (-2.3164, 0.3518, 1.0829) deg
[20:31:01.507] [info]   平移 XYZ: (-0.0307, -0.2420, 8.2596) m
[20:31:01.551] [debug] [ManualAdjust] 平移增量 dxyz=(0.0000, 0.0000, 0.0050)m
[20:31:01.551] [info] [ManualAdjust] 当前外参 [imu_0→cam_front]:
[20:31:01.551] [info]   旋转 RPY: (-2.3164, 0.3518, 1.0829) deg
[20:31:01.551] [info]   平移 XYZ: (-0.0307, -0.2420, 8.2646) m
[20:31:01.588] [debug] [ManualAdjust] 平移增量 dxyz=(0.0000, 0.0000, 0.0050)m
[20:31:01.588] [info] [ManualAdjust] 当前外参 [imu_0→cam_front]:
[20:31:01.588] [info]   旋转 RPY: (-2.3164, 0.3518, 1.0829) deg
[20:31:01.588] [info]   平移 XYZ: (-0.0307, -0.2420, 8.2696) m
[20:31:01.618] [debug] [ManualAdjust] 平移增量 dxyz=(0.0000, 0.0000, 0.0050)m
[20:31:01.618] [info] [ManualAdjust] 当前外参 [imu_0→cam_front]:
[20:31:01.618] [info]   旋转 RPY: (-2.3164, 0.3518, 1.0829) deg
[20:31:01.618] [info]   平移 XYZ: (-0.0307, -0.2420, 8.2746) m
[20:31:01.655] [debug] [ManualAdjust] 平移增量 dxyz=(0.0000, 0.0000, 0.0050)m
[20:31:01.655] [info] [ManualAdjust] 当前外参 [imu_0→cam_front]:
[20:31:01.655] [info]   旋转 RPY: (-2.3164, 0.3518, 1.0829) deg
[20:31:01.655] [info]   平移 XYZ: (-0.0307, -0.2420, 8.2796) m
[20:31:01.686] [debug] [ManualAdjust] 平移增量 dxyz=(0.0000, 0.0000, 0.0050)m
[20:31:01.686] [info] [ManualAdjust] 当前外参 [imu_0→cam_front]:
[20:31:01.686] [info]   旋转 RPY: (-2.3164, 0.3518, 1.0829) deg
[20:31:01.686] [info]   平移 XYZ: (-0.0307, -0.2420, 8.2846) m
[20:31:01.716] [debug] [ManualAdjust] 平移增量 dxyz=(0.0000, 0.0000, 0.0050)m
[20:31:01.716] [info] [ManualAdjust] 当前外参 [imu_0→cam_front]:
[20:31:01.716] [info]   旋转 RPY: (-2.3164, 0.3518, 1.0829) deg
[20:31:01.716] [info]   平移 XYZ: (-0.0307, -0.2420, 8.2896) m
[20:31:01.777] [debug] [ManualAdjust] 平移增量 dxyz=(0.0000, 0.0000, 0.0050)m
[20:31:01.777] [info] [ManualAdjust] 当前外参 [imu_0→cam_front]:
[20:31:01.777] [info]   旋转 RPY: (-2.3164, 0.3518, 1.0829) deg
[20:31:01.777] [info]   平移 XYZ: (-0.0307, -0.2420, 8.2946) m
[20:31:01.809] [debug] [ManualAdjust] 平移增量 dxyz=(0.0000, 0.0000, 0.0050)m
[20:31:01.809] [info] [ManualAdjust] 当前外参 [imu_0→cam_front]:
[20:31:01.809] [info]   旋转 RPY: (-2.3164, 0.3518, 1.0829) deg
[20:31:01.809] [info]   平移 XYZ: (-0.0307, -0.2420, 8.2996) m
[20:31:01.840] [debug] [ManualAdjust] 平移增量 dxyz=(0.0000, 0.0000, 0.0050)m
[20:31:01.840] [info] [ManualAdjust] 当前外参 [imu_0→cam_front]:
[20:31:01.840] [info]   旋转 RPY: (-2.3164, 0.3518, 1.0829) deg
[20:31:01.840] [info]   平移 XYZ: (-0.0307, -0.2420, 8.3046) m
[20:31:01.874] [debug] [ManualAdjust] 平移增量 dxyz=(0.0000, 0.0000, 0.0050)m
[20:31:01.874] [info] [ManualAdjust] 当前外参 [imu_0→cam_front]:
[20:31:01.874] [info]   旋转 RPY: (-2.3164, 0.3518, 1.0829) deg
[20:31:01.874] [info]   平移 XYZ: (-0.0307, -0.2420, 8.3096) m
[20:31:01.907] [debug] [ManualAdjust] 平移增量 dxyz=(0.0000, 0.0000, 0.0050)m
[20:31:01.907] [info] [ManualAdjust] 当前外参 [imu_0→cam_front]:
[20:31:01.907] [info]   旋转 RPY: (-2.3164, 0.3518, 1.0829) deg
[20:31:01.907] [info]   平移 XYZ: (-0.0307, -0.2420, 8.3146) m
[20:31:01.937] [debug] [ManualAdjust] 平移增量 dxyz=(0.0000, 0.0000, 0.0050)m
[20:31:01.937] [info] [ManualAdjust] 当前外参 [imu_0→cam_front]:
[20:31:01.937] [info]   旋转 RPY: (-2.3164, 0.3518, 1.0829) deg
[20:31:01.937] [info]   平移 XYZ: (-0.0307, -0.2420, 8.3196) m
[20:31:01.966] [debug] [ManualAdjust] 平移增量 dxyz=(0.0000, 0.0000, 0.0050)m
[20:31:01.966] [info] [ManualAdjust] 当前外参 [imu_0→cam_front]:
[20:31:01.966] [info]   旋转 RPY: (-2.3164, 0.3518, 1.0829) deg
[20:31:01.966] [info]   平移 XYZ: (-0.0307, -0.2420, 8.3246) m
[20:31:02.000] [debug] [ManualAdjust] 平移增量 dxyz=(0.0000, 0.0000, 0.0050)m
[20:31:02.000] [info] [ManualAdjust] 当前外参 [imu_0→cam_front]:
[20:31:02.000] [info]   旋转 RPY: (-2.3164, 0.3518, 1.0829) deg
[20:31:02.000] [info]   平移 XYZ: (-0.0307, -0.2420, 8.3296) m
[20:31:02.031] [debug] [ManualAdjust] 平移增量 dxyz=(0.0000, 0.0000, 0.0050)m
[20:31:02.031] [info] [ManualAdjust] 当前外参 [imu_0→cam_front]:
[20:31:02.031] [info]   旋转 RPY: (-2.3164, 0.3518, 1.0829) deg
[20:31:02.031] [info]   平移 XYZ: (-0.0307, -0.2420, 8.3346) m
[20:31:02.061] [debug] [ManualAdjust] 平移增量 dxyz=(0.0000, 0.0000, 0.0050)m
[20:31:02.061] [info] [ManualAdjust] 当前外参 [imu_0→cam_front]:
[20:31:02.061] [info]   旋转 RPY: (-2.3164, 0.3518, 1.0829) deg
[20:31:02.061] [info]   平移 XYZ: (-0.0307, -0.2420, 8.3396) m
[20:31:02.094] [debug] [ManualAdjust] 平移增量 dxyz=(0.0000, 0.0000, 0.0050)m
[20:31:02.094] [info] [ManualAdjust] 当前外参 [imu_0→cam_front]:
[20:31:02.094] [info]   旋转 RPY: (-2.3164, 0.3518, 1.0829) deg
[20:31:02.094] [info]   平移 XYZ: (-0.0307, -0.2420, 8.3446) m
[20:31:02.124] [debug] [ManualAdjust] 平移增量 dxyz=(0.0000, 0.0000, 0.0050)m
[20:31:02.124] [info] [ManualAdjust] 当前外参 [imu_0→cam_front]:
[20:31:02.124] [info]   旋转 RPY: (-2.3164, 0.3518, 1.0829) deg
[20:31:02.124] [info]   平移 XYZ: (-0.0307, -0.2420, 8.3496) m
[20:31:02.171] [debug] [ManualAdjust] 平移增量 dxyz=(0.0000, 0.0000, 0.0050)m
[20:31:02.171] [info] [ManualAdjust] 当前外参 [imu_0→cam_front]:
[20:31:02.171] [info]   旋转 RPY: (-2.3164, 0.3518, 1.0829) deg
[20:31:02.171] [info]   平移 XYZ: (-0.0307, -0.2420, 8.3546) m
[20:31:02.205] [debug] [ManualAdjust] 平移增量 dxyz=(0.0000, 0.0000, 0.0050)m
[20:31:02.205] [info] [ManualAdjust] 当前外参 [imu_0→cam_front]:
[20:31:02.205] [info]   旋转 RPY: (-2.3164, 0.3518, 1.0829) deg
[20:31:02.205] [info]   平移 XYZ: (-0.0307, -0.2420, 8.3596) m
[20:31:02.236] [debug] [ManualAdjust] 平移增量 dxyz=(0.0000, 0.0000, 0.0050)m
[20:31:02.237] [info] [ManualAdjust] 当前外参 [imu_0→cam_front]:
[20:31:02.237] [info]   旋转 RPY: (-2.3164, 0.3518, 1.0829) deg
[20:31:02.237] [info]   平移 XYZ: (-0.0307, -0.2420, 8.3646) m
[20:31:02.298] [debug] [ManualAdjust] 平移增量 dxyz=(0.0000, 0.0000, 0.0050)m
[20:31:02.298] [info] [ManualAdjust] 当前外参 [imu_0→cam_front]:
[20:31:02.298] [info]   旋转 RPY: (-2.3164, 0.3518, 1.0829) deg
[20:31:02.298] [info]   平移 XYZ: (-0.0307, -0.2420, 8.3696) m
[20:31:02.330] [debug] [ManualAdjust] 平移增量 dxyz=(0.0000, 0.0000, 0.0050)m
[20:31:02.330] [info] [ManualAdjust] 当前外参 [imu_0→cam_front]:
[20:31:02.330] [info]   旋转 RPY: (-2.3164, 0.3518, 1.0829) deg
[20:31:02.330] [info]   平移 XYZ: (-0.0307, -0.2420, 8.3746) m
[20:31:02.393] [debug] [ManualAdjust] 平移增量 dxyz=(0.0000, 0.0000, 0.0050)m
[20:31:02.393] [info] [ManualAdjust] 当前外参 [imu_0→cam_front]:
[20:31:02.393] [info]   旋转 RPY: (-2.3164, 0.3518, 1.0829) deg
[20:31:02.393] [info]   平移 XYZ: (-0.0307, -0.2420, 8.3796) m
[20:31:02.423] [debug] [ManualAdjust] 平移增量 dxyz=(0.0000, 0.0000, 0.0050)m
[20:31:02.423] [info] [ManualAdjust] 当前外参 [imu_0→cam_front]:
[20:31:02.423] [info]   旋转 RPY: (-2.3164, 0.3518, 1.0829) deg
[20:31:02.423] [info]   平移 XYZ: (-0.0307, -0.2420, 8.3846) m
[20:31:02.468] [debug] [ManualAdjust] 平移增量 dxyz=(0.0000, 0.0000, 0.0050)m
[20:31:02.468] [info] [ManualAdjust] 当前外参 [imu_0→cam_front]:
[20:31:02.468] [info]   旋转 RPY: (-2.3164, 0.3518, 1.0829) deg
[20:31:02.468] [info]   平移 XYZ: (-0.0307, -0.2420, 8.3896) m
[20:31:02.506] [debug] [ManualAdjust] 平移增量 dxyz=(0.0000, 0.0000, 0.0050)m
[20:31:02.506] [info] [ManualAdjust] 当前外参 [imu_0→cam_front]:
[20:31:02.506] [info]   旋转 RPY: (-2.3164, 0.3518, 1.0829) deg
[20:31:02.506] [info]   平移 XYZ: (-0.0307, -0.2420, 8.3946) m
[20:31:02.536] [debug] [ManualAdjust] 平移增量 dxyz=(0.0000, 0.0000, 0.0050)m
[20:31:02.536] [info] [ManualAdjust] 当前外参 [imu_0→cam_front]:
[20:31:02.536] [info]   旋转 RPY: (-2.3164, 0.3518, 1.0829) deg
[20:31:02.536] [info]   平移 XYZ: (-0.0307, -0.2420, 8.3996) m
[20:31:02.569] [debug] [ManualAdjust] 平移增量 dxyz=(0.0000, 0.0000, 0.0050)m
[20:31:02.569] [info] [ManualAdjust] 当前外参 [imu_0→cam_front]:
[20:31:02.569] [info]   旋转 RPY: (-2.3164, 0.3518, 1.0829) deg
[20:31:02.569] [info]   平移 XYZ: (-0.0307, -0.2420, 8.4046) m
[20:31:02.613] [debug] [ManualAdjust] 平移增量 dxyz=(0.0000, 0.0000, 0.0050)m
[20:31:02.614] [info] [ManualAdjust] 当前外参 [imu_0→cam_front]:
[20:31:02.614] [info]   旋转 RPY: (-2.3164, 0.3518, 1.0829) deg
[20:31:02.614] [info]   平移 XYZ: (-0.0307, -0.2420, 8.4096) m
[20:31:02.643] [debug] [ManualAdjust] 平移增量 dxyz=(0.0000, 0.0000, 0.0050)m
[20:31:02.644] [info] [ManualAdjust] 当前外参 [imu_0→cam_front]:
[20:31:02.644] [info]   旋转 RPY: (-2.3164, 0.3518, 1.0829) deg
[20:31:02.644] [info]   平移 XYZ: (-0.0307, -0.2420, 8.4146) m
[20:31:02.704] [debug] [ManualAdjust] 平移增量 dxyz=(0.0000, 0.0000, 0.0050)m
[20:31:02.704] [info] [ManualAdjust] 当前外参 [imu_0→cam_front]:
[20:31:02.704] [info]   旋转 RPY: (-2.3164, 0.3518, 1.0829) deg
[20:31:02.704] [info]   平移 XYZ: (-0.0307, -0.2420, 8.4196) m
[20:31:02.735] [debug] [ManualAdjust] 平移增量 dxyz=(0.0000, 0.0000, 0.0050)m
[20:31:02.736] [info] [ManualAdjust] 当前外参 [imu_0→cam_front]:
[20:31:02.736] [info]   旋转 RPY: (-2.3164, 0.3518, 1.0829) deg
[20:31:02.736] [info]   平移 XYZ: (-0.0307, -0.2420, 8.4246) m
[20:31:02.798] [debug] [ManualAdjust] 平移增量 dxyz=(0.0000, 0.0000, 0.0050)m
[20:31:02.798] [info] [ManualAdjust] 当前外参 [imu_0→cam_front]:
[20:31:02.798] [info]   旋转 RPY: (-2.3164, 0.3518, 1.0829) deg
[20:31:02.798] [info]   平移 XYZ: (-0.0307, -0.2420, 8.4296) m
[20:31:02.828] [debug] [ManualAdjust] 平移增量 dxyz=(0.0000, 0.0000, 0.0050)m
[20:31:02.828] [info] [ManualAdjust] 当前外参 [imu_0→cam_front]:
[20:31:02.828] [info]   旋转 RPY: (-2.3164, 0.3518, 1.0829) deg
[20:31:02.828] [info]   平移 XYZ: (-0.0307, -0.2420, 8.4346) m
[20:31:02.894] [debug] [ManualAdjust] 平移增量 dxyz=(0.0000, 0.0000, 0.0050)m
[20:31:02.894] [info] [ManualAdjust] 当前外参 [imu_0→cam_front]:
[20:31:02.894] [info]   旋转 RPY: (-2.3164, 0.3518, 1.0829) deg
[20:31:02.894] [info]   平移 XYZ: (-0.0307, -0.2420, 8.4396) m
[20:31:02.924] [debug] [ManualAdjust] 平移增量 dxyz=(0.0000, 0.0000, 0.0050)m
[20:31:02.924] [info] [ManualAdjust] 当前外参 [imu_0→cam_front]:
[20:31:02.924] [info]   旋转 RPY: (-2.3164, 0.3518, 1.0829) deg
[20:31:02.924] [info]   平移 XYZ: (-0.0307, -0.2420, 8.4446) m
[20:31:02.966] [debug] [ManualAdjust] 平移增量 dxyz=(0.0000, 0.0000, 0.0050)m
[20:31:02.966] [info] [ManualAdjust] 当前外参 [imu_0→cam_front]:
[20:31:02.966] [info]   旋转 RPY: (-2.3164, 0.3518, 1.0829) deg
[20:31:02.966] [info]   平移 XYZ: (-0.0307, -0.2420, 8.4496) m
[20:31:03.003] [debug] [ManualAdjust] 平移增量 dxyz=(0.0000, 0.0000, 0.0050)m
[20:31:03.003] [info] [ManualAdjust] 当前外参 [imu_0→cam_front]:
[20:31:03.003] [info]   旋转 RPY: (-2.3164, 0.3518, 1.0829) deg
[20:31:03.003] [info]   平移 XYZ: (-0.0307, -0.2420, 8.4546) m
[20:31:03.047] [debug] [ManualAdjust] 平移增量 dxyz=(0.0000, 0.0000, 0.0050)m
[20:31:03.047] [info] [ManualAdjust] 当前外参 [imu_0→cam_front]:
[20:31:03.047] [info]   旋转 RPY: (-2.3164, 0.3518, 1.0829) deg
[20:31:03.047] [info]   平移 XYZ: (-0.0307, -0.2420, 8.4596) m
[20:31:03.088] [debug] [ManualAdjust] 平移增量 dxyz=(0.0000, 0.0000, 0.0050)m
[20:31:03.088] [info] [ManualAdjust] 当前外参 [imu_0→cam_front]:
[20:31:03.088] [info]   旋转 RPY: (-2.3164, 0.3518, 1.0829) deg
[20:31:03.088] [info]   平移 XYZ: (-0.0307, -0.2420, 8.4646) m
[20:31:03.118] [debug] [ManualAdjust] 平移增量 dxyz=(0.0000, 0.0000, 0.0050)m
[20:31:03.118] [info] [ManualAdjust] 当前外参 [imu_0→cam_front]:
[20:31:03.118] [info]   旋转 RPY: (-2.3164, 0.3518, 1.0829) deg
[20:31:03.118] [info]   平移 XYZ: (-0.0307, -0.2420, 8.4696) m
[20:31:03.150] [debug] [ManualAdjust] 平移增量 dxyz=(0.0000, 0.0000, 0.0050)m
[20:31:03.150] [info] [ManualAdjust] 当前外参 [imu_0→cam_front]:
[20:31:03.150] [info]   旋转 RPY: (-2.3164, 0.3518, 1.0829) deg
[20:31:03.150] [info]   平移 XYZ: (-0.0307, -0.2420, 8.4746) m
[20:31:03.195] [debug] [ManualAdjust] 平移增量 dxyz=(0.0000, 0.0000, 0.0050)m
[20:31:03.195] [info] [ManualAdjust] 当前外参 [imu_0→cam_front]:
[20:31:03.195] [info]   旋转 RPY: (-2.3164, 0.3518, 1.0829) deg
[20:31:03.195] [info]   平移 XYZ: (-0.0307, -0.2420, 8.4796) m
[20:31:03.228] [debug] [ManualAdjust] 平移增量 dxyz=(0.0000, 0.0000, 0.0050)m
[20:31:03.228] [info] [ManualAdjust] 当前外参 [imu_0→cam_front]:
[20:31:03.228] [info]   旋转 RPY: (-2.3164, 0.3518, 1.0829) deg
[20:31:03.228] [info]   平移 XYZ: (-0.0307, -0.2420, 8.4846) m
[20:31:03.297] [debug] [ManualAdjust] 平移增量 dxyz=(0.0000, 0.0000, 0.0050)m
[20:31:03.297] [info] [ManualAdjust] 当前外参 [imu_0→cam_front]:
[20:31:03.297] [info]   旋转 RPY: (-2.3164, 0.3518, 1.0829) deg
[20:31:03.297] [info]   平移 XYZ: (-0.0307, -0.2420, 8.4896) m
[20:31:03.328] [debug] [ManualAdjust] 平移增量 dxyz=(0.0000, 0.0000, 0.0050)m
[20:31:03.328] [info] [ManualAdjust] 当前外参 [imu_0→cam_front]:
[20:31:03.328] [info]   旋转 RPY: (-2.3164, 0.3518, 1.0829) deg
[20:31:03.328] [info]   平移 XYZ: (-0.0307, -0.2420, 8.4946) m
[20:31:03.389] [debug] [ManualAdjust] 平移增量 dxyz=(0.0000, 0.0000, 0.0050)m
[20:31:03.389] [info] [ManualAdjust] 当前外参 [imu_0→cam_front]:
[20:31:03.389] [info]   旋转 RPY: (-2.3164, 0.3518, 1.0829) deg
[20:31:03.389] [info]   平移 XYZ: (-0.0307, -0.2420, 8.4996) m
[20:31:03.434] [debug] [ManualAdjust] 平移增量 dxyz=(0.0000, 0.0000, 0.0050)m
[20:31:03.434] [info] [ManualAdjust] 当前外参 [imu_0→cam_front]:
[20:31:03.434] [info]   旋转 RPY: (-2.3164, 0.3518, 1.0829) deg
[20:31:03.434] [info]   平移 XYZ: (-0.0307, -0.2420, 8.5046) m
[20:31:03.466] [debug] [ManualAdjust] 平移增量 dxyz=(0.0000, 0.0000, 0.0050)m
[20:31:03.466] [info] [ManualAdjust] 当前外参 [imu_0→cam_front]:
[20:31:03.466] [info]   旋转 RPY: (-2.3164, 0.3518, 1.0829) deg
[20:31:03.466] [info]   平移 XYZ: (-0.0307, -0.2420, 8.5096) m
[20:31:03.496] [debug] [ManualAdjust] 平移增量 dxyz=(0.0000, 0.0000, 0.0050)m
[20:31:03.496] [info] [ManualAdjust] 当前外参 [imu_0→cam_front]:
[20:31:03.496] [info]   旋转 RPY: (-2.3164, 0.3518, 1.0829) deg
[20:31:03.496] [info]   平移 XYZ: (-0.0307, -0.2420, 8.5146) m
[20:31:03.529] [debug] [ManualAdjust] 平移增量 dxyz=(0.0000, 0.0000, 0.0050)m
[20:31:03.529] [info] [ManualAdjust] 当前外参 [imu_0→cam_front]:
[20:31:03.529] [info]   旋转 RPY: (-2.3164, 0.3518, 1.0829) deg
[20:31:03.529] [info]   平移 XYZ: (-0.0307, -0.2420, 8.5196) m
[20:31:03.567] [debug] [ManualAdjust] 平移增量 dxyz=(0.0000, 0.0000, 0.0050)m
[20:31:03.567] [info] [ManualAdjust] 当前外参 [imu_0→cam_front]:
[20:31:03.567] [info]   旋转 RPY: (-2.3164, 0.3518, 1.0829) deg
[20:31:03.567] [info]   平移 XYZ: (-0.0307, -0.2420, 8.5246) m
[20:31:03.612] [debug] [ManualAdjust] 平移增量 dxyz=(0.0000, 0.0000, 0.0050)m
[20:31:03.612] [info] [ManualAdjust] 当前外参 [imu_0→cam_front]:
[20:31:03.612] [info]   旋转 RPY: (-2.3164, 0.3518, 1.0829) deg
[20:31:03.612] [info]   平移 XYZ: (-0.0307, -0.2420, 8.5296) m
[20:31:03.645] [debug] [ManualAdjust] 平移增量 dxyz=(0.0000, 0.0000, 0.0050)m
[20:31:03.645] [info] [ManualAdjust] 当前外参 [imu_0→cam_front]:
[20:31:03.645] [info]   旋转 RPY: (-2.3164, 0.3518, 1.0829) deg
[20:31:03.645] [info]   平移 XYZ: (-0.0307, -0.2420, 8.5346) m
[20:31:03.674] [debug] [ManualAdjust] 平移增量 dxyz=(0.0000, 0.0000, 0.0050)m
[20:31:03.674] [info] [ManualAdjust] 当前外参 [imu_0→cam_front]:
[20:31:03.674] [info]   旋转 RPY: (-2.3164, 0.3518, 1.0829) deg
[20:31:03.674] [info]   平移 XYZ: (-0.0307, -0.2420, 8.5396) m
[20:31:03.733] [debug] [ManualAdjust] 平移增量 dxyz=(0.0000, 0.0000, 0.0050)m
[20:31:03.733] [info] [ManualAdjust] 当前外参 [imu_0→cam_front]:
[20:31:03.733] [info]   旋转 RPY: (-2.3164, 0.3518, 1.0829) deg
[20:31:03.733] [info]   平移 XYZ: (-0.0307, -0.2420, 8.5446) m
[20:31:03.778] [debug] [ManualAdjust] 平移增量 dxyz=(0.0000, 0.0000, 0.0050)m
[20:31:03.778] [info] [ManualAdjust] 当前外参 [imu_0→cam_front]:
[20:31:03.778] [info]   旋转 RPY: (-2.3164, 0.3518, 1.0829) deg
[20:31:03.778] [info]   平移 XYZ: (-0.0307, -0.2420, 8.5496) m
[20:31:03.810] [debug] [ManualAdjust] 平移增量 dxyz=(0.0000, 0.0000, 0.0050)m
[20:31:03.810] [info] [ManualAdjust] 当前外参 [imu_0→cam_front]:
[20:31:03.810] [info]   旋转 RPY: (-2.3164, 0.3518, 1.0829) deg
[20:31:03.810] [info]   平移 XYZ: (-0.0307, -0.2420, 8.5546) m
[20:31:03.843] [debug] [ManualAdjust] 平移增量 dxyz=(0.0000, 0.0000, 0.0050)m
[20:31:03.843] [info] [ManualAdjust] 当前外参 [imu_0→cam_front]:
[20:31:03.843] [info]   旋转 RPY: (-2.3164, 0.3518, 1.0829) deg
[20:31:03.843] [info]   平移 XYZ: (-0.0307, -0.2420, 8.5596) m
[20:31:03.902] [debug] [ManualAdjust] 平移增量 dxyz=(0.0000, 0.0000, 0.0050)m
[20:31:03.902] [info] [ManualAdjust] 当前外参 [imu_0→cam_front]:
[20:31:03.902] [info]   旋转 RPY: (-2.3164, 0.3518, 1.0829) deg
[20:31:03.902] [info]   平移 XYZ: (-0.0307, -0.2420, 8.5646) m
[20:31:03.932] [debug] [ManualAdjust] 平移增量 dxyz=(0.0000, 0.0000, 0.0050)m
[20:31:03.933] [info] [ManualAdjust] 当前外参 [imu_0→cam_front]:
[20:31:03.933] [info]   旋转 RPY: (-2.3164, 0.3518, 1.0829) deg
[20:31:03.933] [info]   平移 XYZ: (-0.0307, -0.2420, 8.5696) m
[20:31:03.992] [debug] [ManualAdjust] 平移增量 dxyz=(0.0000, 0.0000, 0.0050)m
[20:31:03.992] [info] [ManualAdjust] 当前外参 [imu_0→cam_front]:
[20:31:03.992] [info]   旋转 RPY: (-2.3164, 0.3518, 1.0829) deg
[20:31:03.992] [info]   平移 XYZ: (-0.0307, -0.2420, 8.5746) m
[20:31:04.022] [debug] [ManualAdjust] 平移增量 dxyz=(0.0000, 0.0000, 0.0050)m
[20:31:04.022] [info] [ManualAdjust] 当前外参 [imu_0→cam_front]:
[20:31:04.022] [info]   旋转 RPY: (-2.3164, 0.3518, 1.0829) deg
[20:31:04.022] [info]   平移 XYZ: (-0.0307, -0.2420, 8.5796) m
[20:31:04.082] [debug] [ManualAdjust] 平移增量 dxyz=(0.0000, 0.0000, 0.0050)m
[20:31:04.082] [info] [ManualAdjust] 当前外参 [imu_0→cam_front]:
[20:31:04.082] [info]   旋转 RPY: (-2.3164, 0.3518, 1.0829) deg
[20:31:04.082] [info]   平移 XYZ: (-0.0307, -0.2420, 8.5846) m
[20:31:04.114] [debug] [ManualAdjust] 平移增量 dxyz=(0.0000, 0.0000, 0.0050)m
[20:31:04.114] [info] [ManualAdjust] 当前外参 [imu_0→cam_front]:
[20:31:04.114] [info]   旋转 RPY: (-2.3164, 0.3518, 1.0829) deg
[20:31:04.114] [info]   平移 XYZ: (-0.0307, -0.2420, 8.5896) m
[20:31:04.174] [debug] [ManualAdjust] 平移增量 dxyz=(0.0000, 0.0000, 0.0050)m
[20:31:04.174] [info] [ManualAdjust] 当前外参 [imu_0→cam_front]:
[20:31:04.174] [info]   旋转 RPY: (-2.3164, 0.3518, 1.0829) deg
[20:31:04.174] [info]   平移 XYZ: (-0.0307, -0.2420, 8.5946) m
[20:31:04.204] [debug] [ManualAdjust] 平移增量 dxyz=(0.0000, 0.0000, 0.0050)m
[20:31:04.204] [info] [ManualAdjust] 当前外参 [imu_0→cam_front]:
[20:31:04.204] [info]   旋转 RPY: (-2.3164, 0.3518, 1.0829) deg
[20:31:04.204] [info]   平移 XYZ: (-0.0307, -0.2420, 8.5996) m
[20:31:04.264] [debug] [ManualAdjust] 平移增量 dxyz=(0.0000, 0.0000, 0.0050)m
[20:31:04.264] [info] [ManualAdjust] 当前外参 [imu_0→cam_front]:
[20:31:04.264] [info]   旋转 RPY: (-2.3164, 0.3518, 1.0829) deg
[20:31:04.264] [info]   平移 XYZ: (-0.0307, -0.2420, 8.6046) m
[20:31:04.293] [debug] [ManualAdjust] 平移增量 dxyz=(0.0000, 0.0000, 0.0050)m
[20:31:04.293] [info] [ManualAdjust] 当前外参 [imu_0→cam_front]:
[20:31:04.293] [info]   旋转 RPY: (-2.3164, 0.3518, 1.0829) deg
[20:31:04.293] [info]   平移 XYZ: (-0.0307, -0.2420, 8.6096) m
[20:31:04.337] [debug] [ManualAdjust] 平移增量 dxyz=(0.0000, 0.0000, 0.0050)m
[20:31:04.337] [info] [ManualAdjust] 当前外参 [imu_0→cam_front]:
[20:31:04.337] [info]   旋转 RPY: (-2.3164, 0.3518, 1.0829) deg
[20:31:04.337] [info]   平移 XYZ: (-0.0307, -0.2420, 8.6146) m
[20:31:04.374] [debug] [ManualAdjust] 平移增量 dxyz=(0.0000, 0.0000, 0.0050)m
[20:31:04.374] [info] [ManualAdjust] 当前外参 [imu_0→cam_front]:
[20:31:04.374] [info]   旋转 RPY: (-2.3164, 0.3518, 1.0829) deg
[20:31:04.374] [info]   平移 XYZ: (-0.0307, -0.2420, 8.6196) m
[20:31:04.404] [debug] [ManualAdjust] 平移增量 dxyz=(0.0000, 0.0000, 0.0050)m
[20:31:04.405] [info] [ManualAdjust] 当前外参 [imu_0→cam_front]:
[20:31:04.405] [info]   旋转 RPY: (-2.3164, 0.3518, 1.0829) deg
[20:31:04.405] [info]   平移 XYZ: (-0.0307, -0.2420, 8.6246) m
[20:31:04.471] [debug] [ManualAdjust] 平移增量 dxyz=(0.0000, 0.0000, 0.0050)m
[20:31:04.471] [info] [ManualAdjust] 当前外参 [imu_0→cam_front]:
[20:31:04.471] [info]   旋转 RPY: (-2.3164, 0.3518, 1.0829) deg
[20:31:04.471] [info]   平移 XYZ: (-0.0307, -0.2420, 8.6296) m
[20:31:04.501] [debug] [ManualAdjust] 平移增量 dxyz=(0.0000, 0.0000, 0.0050)m
[20:31:04.501] [info] [ManualAdjust] 当前外参 [imu_0→cam_front]:
[20:31:04.501] [info]   旋转 RPY: (-2.3164, 0.3518, 1.0829) deg
[20:31:04.501] [info]   平移 XYZ: (-0.0307, -0.2420, 8.6346) m
[20:31:04.534] [debug] [ManualAdjust] 平移增量 dxyz=(0.0000, 0.0000, 0.0050)m
[20:31:04.534] [info] [ManualAdjust] 当前外参 [imu_0→cam_front]:
[20:31:04.534] [info]   旋转 RPY: (-2.3164, 0.3518, 1.0829) deg
[20:31:04.534] [info]   平移 XYZ: (-0.0307, -0.2420, 8.6396) m
[20:31:04.571] [debug] [ManualAdjust] 平移增量 dxyz=(0.0000, 0.0000, 0.0050)m
[20:31:04.571] [info] [ManualAdjust] 当前外参 [imu_0→cam_front]:
[20:31:04.571] [info]   旋转 RPY: (-2.3164, 0.3518, 1.0829) deg
[20:31:04.571] [info]   平移 XYZ: (-0.0307, -0.2420, 8.6446) m
[20:31:04.601] [debug] [ManualAdjust] 平移增量 dxyz=(0.0000, 0.0000, 0.0050)m
[20:31:04.601] [info] [ManualAdjust] 当前外参 [imu_0→cam_front]:
[20:31:04.601] [info]   旋转 RPY: (-2.3164, 0.3518, 1.0829) deg
[20:31:04.601] [info]   平移 XYZ: (-0.0307, -0.2420, 8.6496) m
[20:31:04.661] [debug] [ManualAdjust] 平移增量 dxyz=(0.0000, 0.0000, 0.0050)m
[20:31:04.661] [info] [ManualAdjust] 当前外参 [imu_0→cam_front]:
[20:31:04.661] [info]   旋转 RPY: (-2.3164, 0.3518, 1.0829) deg
[20:31:04.661] [info]   平移 XYZ: (-0.0307, -0.2420, 8.6546) m
[20:31:04.691] [debug] [ManualAdjust] 平移增量 dxyz=(0.0000, 0.0000, 0.0050)m
[20:31:04.691] [info] [ManualAdjust] 当前外参 [imu_0→cam_front]:
[20:31:04.691] [info]   旋转 RPY: (-2.3164, 0.3518, 1.0829) deg
[20:31:04.691] [info]   平移 XYZ: (-0.0307, -0.2420, 8.6596) m
[20:31:04.722] [debug] [ManualAdjust] 平移增量 dxyz=(0.0000, 0.0000, 0.0050)m
[20:31:04.722] [info] [ManualAdjust] 当前外参 [imu_0→cam_front]:
[20:31:04.722] [info]   旋转 RPY: (-2.3164, 0.3518, 1.0829) deg
[20:31:04.722] [info]   平移 XYZ: (-0.0307, -0.2420, 8.6646) m
[20:31:04.755] [debug] [ManualAdjust] 平移增量 dxyz=(0.0000, 0.0000, 0.0050)m
[20:31:04.755] [info] [ManualAdjust] 当前外参 [imu_0→cam_front]:
[20:31:04.755] [info]   旋转 RPY: (-2.3164, 0.3518, 1.0829) deg
[20:31:04.755] [info]   平移 XYZ: (-0.0307, -0.2420, 8.6696) m
[20:31:04.787] [debug] [ManualAdjust] 平移增量 dxyz=(0.0000, 0.0000, 0.0050)m
[20:31:04.787] [info] [ManualAdjust] 当前外参 [imu_0→cam_front]:
[20:31:04.787] [info]   旋转 RPY: (-2.3164, 0.3518, 1.0829) deg
[20:31:04.787] [info]   平移 XYZ: (-0.0307, -0.2420, 8.6746) m
[20:31:04.841] [debug] [ManualAdjust] 平移增量 dxyz=(0.0000, 0.0000, 0.0050)m
[20:31:04.841] [info] [ManualAdjust] 当前外参 [imu_0→cam_front]:
[20:31:04.841] [info]   旋转 RPY: (-2.3164, 0.3518, 1.0829) deg
[20:31:04.841] [info]   平移 XYZ: (-0.0307, -0.2420, 8.6796) m
[20:31:04.872] [debug] [ManualAdjust] 平移增量 dxyz=(0.0000, 0.0000, 0.0050)m
[20:31:04.872] [info] [ManualAdjust] 当前外参 [imu_0→cam_front]:
[20:31:04.872] [info]   旋转 RPY: (-2.3164, 0.3518, 1.0829) deg
[20:31:04.872] [info]   平移 XYZ: (-0.0307, -0.2420, 8.6846) m
[20:31:04.932] [debug] [ManualAdjust] 平移增量 dxyz=(0.0000, 0.0000, 0.0050)m
[20:31:04.932] [info] [ManualAdjust] 当前外参 [imu_0→cam_front]:
[20:31:04.932] [info]   旋转 RPY: (-2.3164, 0.3518, 1.0829) deg
[20:31:04.932] [info]   平移 XYZ: (-0.0307, -0.2420, 8.6896) m
[20:31:04.962] [debug] [ManualAdjust] 平移增量 dxyz=(0.0000, 0.0000, 0.0050)m
[20:31:04.962] [info] [ManualAdjust] 当前外参 [imu_0→cam_front]:
[20:31:04.962] [info]   旋转 RPY: (-2.3164, 0.3518, 1.0829) deg
[20:31:04.962] [info]   平移 XYZ: (-0.0307, -0.2420, 8.6946) m
[20:31:05.017] [debug] [ManualAdjust] 平移增量 dxyz=(0.0000, 0.0000, 0.0050)m
[20:31:05.017] [info] [ManualAdjust] 当前外参 [imu_0→cam_front]:
[20:31:05.017] [info]   旋转 RPY: (-2.3164, 0.3518, 1.0829) deg
[20:31:05.017] [info]   平移 XYZ: (-0.0307, -0.2420, 8.6996) m
[20:31:05.067] [debug] [ManualAdjust] 平移增量 dxyz=(0.0000, 0.0000, 0.0050)m
[20:31:05.067] [info] [ManualAdjust] 当前外参 [imu_0→cam_front]:
[20:31:05.067] [info]   旋转 RPY: (-2.3164, 0.3518, 1.0829) deg
[20:31:05.067] [info]   平移 XYZ: (-0.0307, -0.2420, 8.7046) m
[20:31:05.101] [debug] [ManualAdjust] 平移增量 dxyz=(0.0000, 0.0000, 0.0050)m
[20:31:05.101] [info] [ManualAdjust] 当前外参 [imu_0→cam_front]:
[20:31:05.101] [info]   旋转 RPY: (-2.3164, 0.3518, 1.0829) deg
[20:31:05.101] [info]   平移 XYZ: (-0.0307, -0.2420, 8.7096) m
[20:31:05.132] [debug] [ManualAdjust] 平移增量 dxyz=(0.0000, 0.0000, 0.0050)m
[20:31:05.132] [info] [ManualAdjust] 当前外参 [imu_0→cam_front]:
[20:31:05.132] [info]   旋转 RPY: (-2.3164, 0.3518, 1.0829) deg
[20:31:05.132] [info]   平移 XYZ: (-0.0307, -0.2420, 8.7146) m
[20:31:05.175] [debug] [ManualAdjust] 平移增量 dxyz=(0.0000, 0.0000, 0.0050)m
[20:31:05.175] [info] [ManualAdjust] 当前外参 [imu_0→cam_front]:
[20:31:05.175] [info]   旋转 RPY: (-2.3164, 0.3518, 1.0829) deg
[20:31:05.175] [info]   平移 XYZ: (-0.0307, -0.2420, 8.7196) m
[20:31:05.211] [debug] [ManualAdjust] 平移增量 dxyz=(0.0000, 0.0000, 0.0050)m
[20:31:05.211] [info] [ManualAdjust] 当前外参 [imu_0→cam_front]:
[20:31:05.211] [info]   旋转 RPY: (-2.3164, 0.3518, 1.0829) deg
[20:31:05.211] [info]   平移 XYZ: (-0.0307, -0.2420, 8.7246) m
[20:31:05.240] [debug] [ManualAdjust] 平移增量 dxyz=(0.0000, 0.0000, 0.0050)m
[20:31:05.240] [info] [ManualAdjust] 当前外参 [imu_0→cam_front]:
[20:31:05.240] [info]   旋转 RPY: (-2.3164, 0.3518, 1.0829) deg
[20:31:05.240] [info]   平移 XYZ: (-0.0307, -0.2420, 8.7296) m
[20:31:05.288] [debug] [ManualAdjust] 平移增量 dxyz=(0.0000, 0.0000, 0.0050)m
[20:31:05.288] [info] [ManualAdjust] 当前外参 [imu_0→cam_front]:
[20:31:05.288] [info]   旋转 RPY: (-2.3164, 0.3518, 1.0829) deg
[20:31:05.288] [info]   平移 XYZ: (-0.0307, -0.2420, 8.7346) m
[20:31:05.318] [debug] [ManualAdjust] 平移增量 dxyz=(0.0000, 0.0000, 0.0050)m
[20:31:05.318] [info] [ManualAdjust] 当前外参 [imu_0→cam_front]:
[20:31:05.318] [info]   旋转 RPY: (-2.3164, 0.3518, 1.0829) deg
[20:31:05.318] [info]   平移 XYZ: (-0.0307, -0.2420, 8.7396) m
[20:31:05.372] [debug] [ManualAdjust] 平移增量 dxyz=(0.0000, 0.0000, 0.0050)m
[20:31:05.372] [info] [ManualAdjust] 当前外参 [imu_0→cam_front]:
[20:31:05.372] [info]   旋转 RPY: (-2.3164, 0.3518, 1.0829) deg
[20:31:05.372] [info]   平移 XYZ: (-0.0307, -0.2420, 8.7446) m
[20:31:05.406] [debug] [ManualAdjust] 平移增量 dxyz=(0.0000, 0.0000, 0.0050)m
[20:31:05.406] [info] [ManualAdjust] 当前外参 [imu_0→cam_front]:
[20:31:05.406] [info]   旋转 RPY: (-2.3164, 0.3518, 1.0829) deg
[20:31:05.406] [info]   平移 XYZ: (-0.0307, -0.2420, 8.7496) m
[20:31:05.436] [debug] [ManualAdjust] 平移增量 dxyz=(0.0000, 0.0000, 0.0050)m
[20:31:05.436] [info] [ManualAdjust] 当前外参 [imu_0→cam_front]:
[20:31:05.436] [info]   旋转 RPY: (-2.3164, 0.3518, 1.0829) deg
[20:31:05.436] [info]   平移 XYZ: (-0.0307, -0.2420, 8.7546) m
[20:31:05.467] [debug] [ManualAdjust] 平移增量 dxyz=(0.0000, 0.0000, 0.0050)m
[20:31:05.467] [info] [ManualAdjust] 当前外参 [imu_0→cam_front]:
[20:31:05.467] [info]   旋转 RPY: (-2.3164, 0.3518, 1.0829) deg
[20:31:05.467] [info]   平移 XYZ: (-0.0307, -0.2420, 8.7596) m
[20:31:05.500] [debug] [ManualAdjust] 平移增量 dxyz=(0.0000, 0.0000, 0.0050)m
[20:31:05.500] [info] [ManualAdjust] 当前外参 [imu_0→cam_front]:
[20:31:05.500] [info]   旋转 RPY: (-2.3164, 0.3518, 1.0829) deg
[20:31:05.500] [info]   平移 XYZ: (-0.0307, -0.2420, 8.7646) m
[20:31:05.535] [debug] [ManualAdjust] 平移增量 dxyz=(0.0000, 0.0000, 0.0050)m
[20:31:05.535] [info] [ManualAdjust] 当前外参 [imu_0→cam_front]:
[20:31:05.535] [info]   旋转 RPY: (-2.3164, 0.3518, 1.0829) deg
[20:31:05.535] [info]   平移 XYZ: (-0.0307, -0.2420, 8.7696) m
[20:31:05.566] [debug] [ManualAdjust] 平移增量 dxyz=(0.0000, 0.0000, 0.0050)m
[20:31:05.566] [info] [ManualAdjust] 当前外参 [imu_0→cam_front]:
[20:31:05.566] [info]   旋转 RPY: (-2.3164, 0.3518, 1.0829) deg
[20:31:05.566] [info]   平移 XYZ: (-0.0307, -0.2420, 8.7746) m
[20:31:05.627] [debug] [ManualAdjust] 平移增量 dxyz=(0.0000, 0.0000, 0.0050)m
[20:31:05.627] [info] [ManualAdjust] 当前外参 [imu_0→cam_front]:
[20:31:05.627] [info]   旋转 RPY: (-2.3164, 0.3518, 1.0829) deg
[20:31:05.627] [info]   平移 XYZ: (-0.0307, -0.2420, 8.7796) m
[20:31:05.657] [debug] [ManualAdjust] 平移增量 dxyz=(0.0000, 0.0000, 0.0050)m
[20:31:05.657] [info] [ManualAdjust] 当前外参 [imu_0→cam_front]:
[20:31:05.657] [info]   旋转 RPY: (-2.3164, 0.3518, 1.0829) deg
[20:31:05.657] [info]   平移 XYZ: (-0.0307, -0.2420, 8.7846) m
[20:31:05.717] [debug] [ManualAdjust] 平移增量 dxyz=(0.0000, 0.0000, 0.0050)m
[20:31:05.717] [info] [ManualAdjust] 当前外参 [imu_0→cam_front]:
[20:31:05.717] [info]   旋转 RPY: (-2.3164, 0.3518, 1.0829) deg
[20:31:05.717] [info]   平移 XYZ: (-0.0307, -0.2420, 8.7896) m
[20:31:05.746] [debug] [ManualAdjust] 平移增量 dxyz=(0.0000, 0.0000, 0.0050)m
[20:31:05.746] [info] [ManualAdjust] 当前外参 [imu_0→cam_front]:
[20:31:05.746] [info]   旋转 RPY: (-2.3164, 0.3518, 1.0829) deg
[20:31:05.746] [info]   平移 XYZ: (-0.0307, -0.2420, 8.7946) m
[20:31:05.788] [debug] [ManualAdjust] 平移增量 dxyz=(0.0000, 0.0000, 0.0050)m
[20:31:05.788] [info] [ManualAdjust] 当前外参 [imu_0→cam_front]:
[20:31:05.788] [info]   旋转 RPY: (-2.3164, 0.3518, 1.0829) deg
[20:31:05.788] [info]   平移 XYZ: (-0.0307, -0.2420, 8.7996) m
[20:31:05.820] [debug] [ManualAdjust] 平移增量 dxyz=(0.0000, 0.0000, 0.0050)m
[20:31:05.821] [info] [ManualAdjust] 当前外参 [imu_0→cam_front]:
[20:31:05.821] [info]   旋转 RPY: (-2.3164, 0.3518, 1.0829) deg
[20:31:05.821] [info]   平移 XYZ: (-0.0307, -0.2420, 8.8046) m
[20:31:05.851] [debug] [ManualAdjust] 平移增量 dxyz=(0.0000, 0.0000, 0.0050)m
[20:31:05.851] [info] [ManualAdjust] 当前外参 [imu_0→cam_front]:
[20:31:05.851] [info]   旋转 RPY: (-2.3164, 0.3518, 1.0829) deg
[20:31:05.851] [info]   平移 XYZ: (-0.0307, -0.2420, 8.8096) m
[20:31:05.883] [debug] [ManualAdjust] 平移增量 dxyz=(0.0000, 0.0000, 0.0050)m
[20:31:05.883] [info] [ManualAdjust] 当前外参 [imu_0→cam_front]:
[20:31:05.883] [info]   旋转 RPY: (-2.3164, 0.3518, 1.0829) deg
[20:31:05.883] [info]   平移 XYZ: (-0.0307, -0.2420, 8.8146) m
[20:31:05.919] [debug] [ManualAdjust] 平移增量 dxyz=(0.0000, 0.0000, 0.0050)m
[20:31:05.919] [info] [ManualAdjust] 当前外参 [imu_0→cam_front]:
[20:31:05.919] [info]   旋转 RPY: (-2.3164, 0.3518, 1.0829) deg
[20:31:05.919] [info]   平移 XYZ: (-0.0307, -0.2420, 8.8196) m
[20:31:05.950] [debug] [ManualAdjust] 平移增量 dxyz=(0.0000, 0.0000, 0.0050)m
[20:31:05.950] [info] [ManualAdjust] 当前外参 [imu_0→cam_front]:
[20:31:05.950] [info]   旋转 RPY: (-2.3164, 0.3518, 1.0829) deg
[20:31:05.950] [info]   平移 XYZ: (-0.0307, -0.2420, 8.8246) m
[20:31:06.014] [debug] [ManualAdjust] 平移增量 dxyz=(0.0000, 0.0000, 0.0050)m
[20:31:06.014] [info] [ManualAdjust] 当前外参 [imu_0→cam_front]:
[20:31:06.014] [info]   旋转 RPY: (-2.3164, 0.3518, 1.0829) deg
[20:31:06.014] [info]   平移 XYZ: (-0.0307, -0.2420, 8.8296) m
[20:31:06.044] [debug] [ManualAdjust] 平移增量 dxyz=(0.0000, 0.0000, 0.0050)m
[20:31:06.044] [info] [ManualAdjust] 当前外参 [imu_0→cam_front]:
[20:31:06.044] [info]   旋转 RPY: (-2.3164, 0.3518, 1.0829) deg
[20:31:06.044] [info]   平移 XYZ: (-0.0307, -0.2420, 8.8346) m
[20:31:06.103] [debug] [ManualAdjust] 平移增量 dxyz=(0.0000, 0.0000, 0.0050)m
[20:31:06.103] [info] [ManualAdjust] 当前外参 [imu_0→cam_front]:
[20:31:06.103] [info]   旋转 RPY: (-2.3164, 0.3518, 1.0829) deg
[20:31:06.103] [info]   平移 XYZ: (-0.0307, -0.2420, 8.8396) m
[20:31:06.133] [debug] [ManualAdjust] 平移增量 dxyz=(0.0000, 0.0000, 0.0050)m
[20:31:06.133] [info] [ManualAdjust] 当前外参 [imu_0→cam_front]:
[20:31:06.133] [info]   旋转 RPY: (-2.3164, 0.3518, 1.0829) deg
[20:31:06.133] [info]   平移 XYZ: (-0.0307, -0.2420, 8.8446) m
[20:31:06.193] [debug] [ManualAdjust] 平移增量 dxyz=(0.0000, 0.0000, 0.0050)m
[20:31:06.193] [info] [ManualAdjust] 当前外参 [imu_0→cam_front]:
[20:31:06.193] [info]   旋转 RPY: (-2.3164, 0.3518, 1.0829) deg
[20:31:06.193] [info]   平移 XYZ: (-0.0307, -0.2420, 8.8496) m
[20:31:06.241] [debug] [ManualAdjust] 平移增量 dxyz=(0.0000, 0.0000, 0.0050)m
[20:31:06.241] [info] [ManualAdjust] 当前外参 [imu_0→cam_front]:
[20:31:06.241] [info]   旋转 RPY: (-2.3164, 0.3518, 1.0829) deg
[20:31:06.241] [info]   平移 XYZ: (-0.0307, -0.2420, 8.8546) m
[20:31:06.276] [debug] [ManualAdjust] 平移增量 dxyz=(0.0000, 0.0000, 0.0050)m
[20:31:06.276] [info] [ManualAdjust] 当前外参 [imu_0→cam_front]:
[20:31:06.276] [info]   旋转 RPY: (-2.3164, 0.3518, 1.0829) deg
[20:31:06.276] [info]   平移 XYZ: (-0.0307, -0.2420, 8.8596) m
[20:31:06.307] [debug] [ManualAdjust] 平移增量 dxyz=(0.0000, 0.0000, 0.0050)m
[20:31:06.307] [info] [ManualAdjust] 当前外参 [imu_0→cam_front]:
[20:31:06.307] [info]   旋转 RPY: (-2.3164, 0.3518, 1.0829) deg
[20:31:06.307] [info]   平移 XYZ: (-0.0307, -0.2420, 8.8646) m
[20:31:06.361] [debug] [ManualAdjust] 平移增量 dxyz=(0.0000, 0.0000, 0.0050)m
[20:31:06.361] [info] [ManualAdjust] 当前外参 [imu_0→cam_front]:
[20:31:06.361] [info]   旋转 RPY: (-2.3164, 0.3518, 1.0829) deg
[20:31:06.361] [info]   平移 XYZ: (-0.0307, -0.2420, 8.8696) m
[20:31:06.400] [debug] [ManualAdjust] 平移增量 dxyz=(0.0000, 0.0000, 0.0050)m
[20:31:06.400] [info] [ManualAdjust] 当前外参 [imu_0→cam_front]:
[20:31:06.400] [info]   旋转 RPY: (-2.3164, 0.3518, 1.0829) deg
[20:31:06.400] [info]   平移 XYZ: (-0.0307, -0.2420, 8.8746) m
[20:31:06.429] [debug] [ManualAdjust] 平移增量 dxyz=(0.0000, 0.0000, 0.0050)m
[20:31:06.429] [info] [ManualAdjust] 当前外参 [imu_0→cam_front]:
[20:31:06.429] [info]   旋转 RPY: (-2.3164, 0.3518, 1.0829) deg
[20:31:06.429] [info]   平移 XYZ: (-0.0307, -0.2420, 8.8796) m
[20:31:06.490] [debug] [ManualAdjust] 平移增量 dxyz=(0.0000, 0.0000, 0.0050)m
[20:31:06.490] [info] [ManualAdjust] 当前外参 [imu_0→cam_front]:
[20:31:06.490] [info]   旋转 RPY: (-2.3164, 0.3518, 1.0829) deg
[20:31:06.490] [info]   平移 XYZ: (-0.0307, -0.2420, 8.8846) m
[20:31:06.520] [debug] [ManualAdjust] 平移增量 dxyz=(0.0000, 0.0000, 0.0050)m
[20:31:06.520] [info] [ManualAdjust] 当前外参 [imu_0→cam_front]:
[20:31:06.520] [info]   旋转 RPY: (-2.3164, 0.3518, 1.0829) deg
[20:31:06.520] [info]   平移 XYZ: (-0.0307, -0.2420, 8.8896) m
[20:31:06.578] [debug] [ManualAdjust] 平移增量 dxyz=(0.0000, 0.0000, 0.0050)m
[20:31:06.578] [info] [ManualAdjust] 当前外参 [imu_0→cam_front]:
[20:31:06.578] [info]   旋转 RPY: (-2.3164, 0.3518, 1.0829) deg
[20:31:06.578] [info]   平移 XYZ: (-0.0307, -0.2420, 8.8946) m
[20:31:06.625] [debug] [ManualAdjust] 平移增量 dxyz=(0.0000, 0.0000, 0.0050)m
[20:31:06.626] [info] [ManualAdjust] 当前外参 [imu_0→cam_front]:
[20:31:06.626] [info]   旋转 RPY: (-2.3164, 0.3518, 1.0829) deg
[20:31:06.626] [info]   平移 XYZ: (-0.0307, -0.2420, 8.8996) m
[20:31:06.663] [debug] [ManualAdjust] 平移增量 dxyz=(0.0000, 0.0000, 0.0050)m
[20:31:06.663] [info] [ManualAdjust] 当前外参 [imu_0→cam_front]:
[20:31:06.663] [info]   旋转 RPY: (-2.3164, 0.3518, 1.0829) deg
[20:31:06.663] [info]   平移 XYZ: (-0.0307, -0.2420, 8.9046) m
[20:31:06.693] [debug] [ManualAdjust] 平移增量 dxyz=(0.0000, 0.0000, 0.0050)m
[20:31:06.693] [info] [ManualAdjust] 当前外参 [imu_0→cam_front]:
[20:31:06.693] [info]   旋转 RPY: (-2.3164, 0.3518, 1.0829) deg
[20:31:06.693] [info]   平移 XYZ: (-0.0307, -0.2420, 8.9096) m
[20:31:06.752] [debug] [ManualAdjust] 平移增量 dxyz=(0.0000, 0.0000, 0.0050)m
[20:31:06.752] [info] [ManualAdjust] 当前外参 [imu_0→cam_front]:
[20:31:06.752] [info]   旋转 RPY: (-2.3164, 0.3518, 1.0829) deg
[20:31:06.752] [info]   平移 XYZ: (-0.0307, -0.2420, 8.9146) m
[20:31:06.782] [debug] [ManualAdjust] 平移增量 dxyz=(0.0000, 0.0000, 0.0050)m
[20:31:06.782] [info] [ManualAdjust] 当前外参 [imu_0→cam_front]:
[20:31:06.782] [info]   旋转 RPY: (-2.3164, 0.3518, 1.0829) deg
[20:31:06.782] [info]   平移 XYZ: (-0.0307, -0.2420, 8.9196) m
[20:31:06.839] [debug] [ManualAdjust] 平移增量 dxyz=(0.0000, 0.0000, 0.0050)m
[20:31:06.839] [info] [ManualAdjust] 当前外参 [imu_0→cam_front]:
[20:31:06.839] [info]   旋转 RPY: (-2.3164, 0.3518, 1.0829) deg
[20:31:06.839] [info]   平移 XYZ: (-0.0307, -0.2420, 8.9246) m
[20:31:06.869] [debug] [ManualAdjust] 平移增量 dxyz=(0.0000, 0.0000, 0.0050)m
[20:31:06.869] [info] [ManualAdjust] 当前外参 [imu_0→cam_front]:
[20:31:06.869] [info]   旋转 RPY: (-2.3164, 0.3518, 1.0829) deg
[20:31:06.869] [info]   平移 XYZ: (-0.0307, -0.2420, 8.9296) m
[20:31:06.935] [debug] [ManualAdjust] 平移增量 dxyz=(0.0000, 0.0000, 0.0050)m
[20:31:06.935] [info] [ManualAdjust] 当前外参 [imu_0→cam_front]:
[20:31:06.935] [info]   旋转 RPY: (-2.3164, 0.3518, 1.0829) deg
[20:31:06.935] [info]   平移 XYZ: (-0.0307, -0.2420, 8.9346) m
[20:31:06.965] [debug] [ManualAdjust] 平移增量 dxyz=(0.0000, 0.0000, 0.0050)m
[20:31:06.965] [info] [ManualAdjust] 当前外参 [imu_0→cam_front]:
[20:31:06.965] [info]   旋转 RPY: (-2.3164, 0.3518, 1.0829) deg
[20:31:06.965] [info]   平移 XYZ: (-0.0307, -0.2420, 8.9396) m
[20:31:07.001] [debug] [ManualAdjust] 平移增量 dxyz=(0.0000, 0.0000, 0.0050)m
[20:31:07.001] [info] [ManualAdjust] 当前外参 [imu_0→cam_front]:
[20:31:07.001] [info]   旋转 RPY: (-2.3164, 0.3518, 1.0829) deg
[20:31:07.001] [info]   平移 XYZ: (-0.0307, -0.2420, 8.9446) m
[20:31:07.032] [debug] [ManualAdjust] 平移增量 dxyz=(0.0000, 0.0000, 0.0050)m
[20:31:07.032] [info] [ManualAdjust] 当前外参 [imu_0→cam_front]:
[20:31:07.032] [info]   旋转 RPY: (-2.3164, 0.3518, 1.0829) deg
[20:31:07.032] [info]   平移 XYZ: (-0.0307, -0.2420, 8.9496) m
[20:31:07.063] [debug] [ManualAdjust] 平移增量 dxyz=(0.0000, 0.0000, 0.0050)m
[20:31:07.063] [info] [ManualAdjust] 当前外参 [imu_0→cam_front]:
[20:31:07.063] [info]   旋转 RPY: (-2.3164, 0.3518, 1.0829) deg
[20:31:07.063] [info]   平移 XYZ: (-0.0307, -0.2420, 8.9546) m
[20:31:07.124] [debug] [ManualAdjust] 平移增量 dxyz=(0.0000, 0.0000, 0.0050)m
[20:31:07.124] [info] [ManualAdjust] 当前外参 [imu_0→cam_front]:
[20:31:07.124] [info]   旋转 RPY: (-2.3164, 0.3518, 1.0829) deg
[20:31:07.124] [info]   平移 XYZ: (-0.0307, -0.2420, 8.9596) m
[20:31:07.155] [debug] [ManualAdjust] 平移增量 dxyz=(0.0000, 0.0000, 0.0050)m
[20:31:07.155] [info] [ManualAdjust] 当前外参 [imu_0→cam_front]:
[20:31:07.155] [info]   旋转 RPY: (-2.3164, 0.3518, 1.0829) deg
[20:31:07.155] [info]   平移 XYZ: (-0.0307, -0.2420, 8.9646) m
[20:31:07.216] [debug] [ManualAdjust] 平移增量 dxyz=(0.0000, 0.0000, 0.0050)m
[20:31:07.216] [info] [ManualAdjust] 当前外参 [imu_0→cam_front]:
[20:31:07.216] [info]   旋转 RPY: (-2.3164, 0.3518, 1.0829) deg
[20:31:07.216] [info]   平移 XYZ: (-0.0307, -0.2420, 8.9696) m
[20:31:07.268] [debug] [ManualAdjust] 平移增量 dxyz=(0.0000, 0.0000, 0.0050)m
[20:31:07.268] [info] [ManualAdjust] 当前外参 [imu_0→cam_front]:
[20:31:07.268] [info]   旋转 RPY: (-2.3164, 0.3518, 1.0829) deg
[20:31:07.268] [info]   平移 XYZ: (-0.0307, -0.2420, 8.9746) m
[20:31:08.941] [debug] [ManualAdjust] 平移增量 dxyz=(0.0000, 0.0000, 0.0050)m
[20:31:08.941] [info] [ManualAdjust] 当前外参 [imu_0→cam_front]:
[20:31:08.941] [info]   旋转 RPY: (-2.3164, 0.3518, 1.0829) deg
[20:31:08.941] [info]   平移 XYZ: (-0.0307, -0.2420, 8.9796) m
[20:31:09.441] [debug] [ManualAdjust] 平移增量 dxyz=(0.0000, 0.0000, 0.0050)m
[20:31:09.441] [info] [ManualAdjust] 当前外参 [imu_0→cam_front]:
[20:31:09.441] [info]   旋转 RPY: (-2.3164, 0.3518, 1.0829) deg
[20:31:09.441] [info]   平移 XYZ: (-0.0307, -0.2420, 8.9846) m
[20:31:09.495] [debug] [ManualAdjust] 平移增量 dxyz=(0.0000, 0.0000, 0.0050)m
[20:31:09.496] [info] [ManualAdjust] 当前外参 [imu_0→cam_front]:
[20:31:09.496] [info]   旋转 RPY: (-2.3164, 0.3518, 1.0829) deg
[20:31:09.496] [info]   平移 XYZ: (-0.0307, -0.2420, 8.9896) m
[20:31:09.526] [debug] [ManualAdjust] 平移增量 dxyz=(0.0000, 0.0000, 0.0050)m
[20:31:09.526] [info] [ManualAdjust] 当前外参 [imu_0→cam_front]:
[20:31:09.526] [info]   旋转 RPY: (-2.3164, 0.3518, 1.0829) deg
[20:31:09.526] [info]   平移 XYZ: (-0.0307, -0.2420, 8.9946) m
[20:31:09.566] [debug] [ManualAdjust] 平移增量 dxyz=(0.0000, 0.0000, 0.0050)m
[20:31:09.566] [info] [ManualAdjust] 当前外参 [imu_0→cam_front]:
[20:31:09.566] [info]   旋转 RPY: (-2.3164, 0.3518, 1.0829) deg
[20:31:09.566] [info]   平移 XYZ: (-0.0307, -0.2420, 8.9996) m
[20:31:09.598] [debug] [ManualAdjust] 平移增量 dxyz=(0.0000, 0.0000, 0.0050)m
[20:31:09.598] [info] [ManualAdjust] 当前外参 [imu_0→cam_front]:
[20:31:09.598] [info]   旋转 RPY: (-2.3164, 0.3518, 1.0829) deg
[20:31:09.598] [info]   平移 XYZ: (-0.0307, -0.2420, 9.0046) m
[20:31:09.628] [debug] [ManualAdjust] 平移增量 dxyz=(0.0000, 0.0000, 0.0050)m
[20:31:09.628] [info] [ManualAdjust] 当前外参 [imu_0→cam_front]:
[20:31:09.628] [info]   旋转 RPY: (-2.3164, 0.3518, 1.0829) deg
[20:31:09.628] [info]   平移 XYZ: (-0.0307, -0.2420, 9.0096) m
[20:31:09.686] [debug] [ManualAdjust] 平移增量 dxyz=(0.0000, 0.0000, 0.0050)m
[20:31:09.686] [info] [ManualAdjust] 当前外参 [imu_0→cam_front]:
[20:31:09.686] [info]   旋转 RPY: (-2.3164, 0.3518, 1.0829) deg
[20:31:09.686] [info]   平移 XYZ: (-0.0307, -0.2420, 9.0146) m
[20:31:09.734] [debug] [ManualAdjust] 平移增量 dxyz=(0.0000, 0.0000, 0.0050)m
[20:31:09.734] [info] [ManualAdjust] 当前外参 [imu_0→cam_front]:
[20:31:09.734] [info]   旋转 RPY: (-2.3164, 0.3518, 1.0829) deg
[20:31:09.734] [info]   平移 XYZ: (-0.0307, -0.2420, 9.0196) m
[20:31:09.769] [debug] [ManualAdjust] 平移增量 dxyz=(0.0000, 0.0000, 0.0050)m
[20:31:09.769] [info] [ManualAdjust] 当前外参 [imu_0→cam_front]:
[20:31:09.769] [info]   旋转 RPY: (-2.3164, 0.3518, 1.0829) deg
[20:31:09.769] [info]   平移 XYZ: (-0.0307, -0.2420, 9.0246) m
[20:31:09.799] [debug] [ManualAdjust] 平移增量 dxyz=(0.0000, 0.0000, 0.0050)m
[20:31:09.799] [info] [ManualAdjust] 当前外参 [imu_0→cam_front]:
[20:31:09.799] [info]   旋转 RPY: (-2.3164, 0.3518, 1.0829) deg
[20:31:09.799] [info]   平移 XYZ: (-0.0307, -0.2420, 9.0296) m
[20:31:09.842] [debug] [ManualAdjust] 平移增量 dxyz=(0.0000, 0.0000, 0.0050)m
[20:31:09.842] [info] [ManualAdjust] 当前外参 [imu_0→cam_front]:
[20:31:09.842] [info]   旋转 RPY: (-2.3164, 0.3518, 1.0829) deg
[20:31:09.842] [info]   平移 XYZ: (-0.0307, -0.2420, 9.0346) m
[20:31:09.881] [debug] [ManualAdjust] 平移增量 dxyz=(0.0000, 0.0000, 0.0050)m
[20:31:09.881] [info] [ManualAdjust] 当前外参 [imu_0→cam_front]:
[20:31:09.881] [info]   旋转 RPY: (-2.3164, 0.3518, 1.0829) deg
[20:31:09.881] [info]   平移 XYZ: (-0.0307, -0.2420, 9.0396) m
[20:31:09.912] [debug] [ManualAdjust] 平移增量 dxyz=(0.0000, 0.0000, 0.0050)m
[20:31:09.912] [info] [ManualAdjust] 当前外参 [imu_0→cam_front]:
[20:31:09.912] [info]   旋转 RPY: (-2.3164, 0.3518, 1.0829) deg
[20:31:09.912] [info]   平移 XYZ: (-0.0307, -0.2420, 9.0446) m
[20:31:09.961] [debug] [ManualAdjust] 平移增量 dxyz=(0.0000, 0.0000, 0.0050)m
[20:31:09.961] [info] [ManualAdjust] 当前外参 [imu_0→cam_front]:
[20:31:09.961] [info]   旋转 RPY: (-2.3164, 0.3518, 1.0829) deg
[20:31:09.961] [info]   平移 XYZ: (-0.0307, -0.2420, 9.0496) m
[20:31:10.002] [debug] [ManualAdjust] 平移增量 dxyz=(0.0000, 0.0000, 0.0050)m
[20:31:10.002] [info] [ManualAdjust] 当前外参 [imu_0→cam_front]:
[20:31:10.002] [info]   旋转 RPY: (-2.3164, 0.3518, 1.0829) deg
[20:31:10.002] [info]   平移 XYZ: (-0.0307, -0.2420, 9.0546) m
[20:31:10.034] [debug] [ManualAdjust] 平移增量 dxyz=(0.0000, 0.0000, 0.0050)m
[20:31:10.034] [info] [ManualAdjust] 当前外参 [imu_0→cam_front]:
[20:31:10.034] [info]   旋转 RPY: (-2.3164, 0.3518, 1.0829) deg
[20:31:10.034] [info]   平移 XYZ: (-0.0307, -0.2420, 9.0596) m
[20:31:10.098] [debug] [ManualAdjust] 平移增量 dxyz=(0.0000, 0.0000, 0.0050)m
[20:31:10.098] [info] [ManualAdjust] 当前外参 [imu_0→cam_front]:
[20:31:10.098] [info]   旋转 RPY: (-2.3164, 0.3518, 1.0829) deg
[20:31:10.098] [info]   平移 XYZ: (-0.0307, -0.2420, 9.0646) m
[20:31:10.128] [debug] [ManualAdjust] 平移增量 dxyz=(0.0000, 0.0000, 0.0050)m
[20:31:10.128] [info] [ManualAdjust] 当前外参 [imu_0→cam_front]:
[20:31:10.128] [info]   旋转 RPY: (-2.3164, 0.3518, 1.0829) deg
[20:31:10.128] [info]   平移 XYZ: (-0.0307, -0.2420, 9.0696) m
[20:31:10.193] [debug] [ManualAdjust] 平移增量 dxyz=(0.0000, 0.0000, 0.0050)m
[20:31:10.194] [info] [ManualAdjust] 当前外参 [imu_0→cam_front]:
[20:31:10.194] [info]   旋转 RPY: (-2.3164, 0.3518, 1.0829) deg
[20:31:10.194] [info]   平移 XYZ: (-0.0307, -0.2420, 9.0746) m
[20:31:10.224] [debug] [ManualAdjust] 平移增量 dxyz=(0.0000, 0.0000, 0.0050)m
[20:31:10.224] [info] [ManualAdjust] 当前外参 [imu_0→cam_front]:
[20:31:10.224] [info]   旋转 RPY: (-2.3164, 0.3518, 1.0829) deg
[20:31:10.224] [info]   平移 XYZ: (-0.0307, -0.2420, 9.0796) m
[20:31:10.269] [debug] [ManualAdjust] 平移增量 dxyz=(0.0000, 0.0000, 0.0050)m
[20:31:10.269] [info] [ManualAdjust] 当前外参 [imu_0→cam_front]:
[20:31:10.269] [info]   旋转 RPY: (-2.3164, 0.3518, 1.0829) deg
[20:31:10.269] [info]   平移 XYZ: (-0.0307, -0.2420, 9.0846) m
[20:31:10.304] [debug] [ManualAdjust] 平移增量 dxyz=(0.0000, 0.0000, 0.0050)m
[20:31:10.304] [info] [ManualAdjust] 当前外参 [imu_0→cam_front]:
[20:31:10.304] [info]   旋转 RPY: (-2.3164, 0.3518, 1.0829) deg
[20:31:10.304] [info]   平移 XYZ: (-0.0307, -0.2420, 9.0896) m
[20:31:10.334] [debug] [ManualAdjust] 平移增量 dxyz=(0.0000, 0.0000, 0.0050)m
[20:31:10.334] [info] [ManualAdjust] 当前外参 [imu_0→cam_front]:
[20:31:10.334] [info]   旋转 RPY: (-2.3164, 0.3518, 1.0829) deg
[20:31:10.334] [info]   平移 XYZ: (-0.0307, -0.2420, 9.0946) m
[20:31:10.398] [debug] [ManualAdjust] 平移增量 dxyz=(0.0000, 0.0000, 0.0050)m
[20:31:10.398] [info] [ManualAdjust] 当前外参 [imu_0→cam_front]:
[20:31:10.398] [info]   旋转 RPY: (-2.3164, 0.3518, 1.0829) deg
[20:31:10.398] [info]   平移 XYZ: (-0.0307, -0.2420, 9.0996) m
[20:31:10.427] [debug] [ManualAdjust] 平移增量 dxyz=(0.0000, 0.0000, 0.0050)m
[20:31:10.427] [info] [ManualAdjust] 当前外参 [imu_0→cam_front]:
[20:31:10.427] [info]   旋转 RPY: (-2.3164, 0.3518, 1.0829) deg
[20:31:10.428] [info]   平移 XYZ: (-0.0307, -0.2420, 9.1046) m
[20:31:10.470] [debug] [ManualAdjust] 平移增量 dxyz=(0.0000, 0.0000, 0.0050)m
[20:31:10.470] [info] [ManualAdjust] 当前外参 [imu_0→cam_front]:
[20:31:10.470] [info]   旋转 RPY: (-2.3164, 0.3518, 1.0829) deg
[20:31:10.470] [info]   平移 XYZ: (-0.0307, -0.2420, 9.1096) m
[20:31:10.506] [debug] [ManualAdjust] 平移增量 dxyz=(0.0000, 0.0000, 0.0050)m
[20:31:10.506] [info] [ManualAdjust] 当前外参 [imu_0→cam_front]:
[20:31:10.506] [info]   旋转 RPY: (-2.3164, 0.3518, 1.0829) deg
[20:31:10.506] [info]   平移 XYZ: (-0.0307, -0.2420, 9.1146) m
[20:31:10.536] [debug] [ManualAdjust] 平移增量 dxyz=(0.0000, 0.0000, 0.0050)m
[20:31:10.536] [info] [ManualAdjust] 当前外参 [imu_0→cam_front]:
[20:31:10.536] [info]   旋转 RPY: (-2.3164, 0.3518, 1.0829) deg
[20:31:10.536] [info]   平移 XYZ: (-0.0307, -0.2420, 9.1196) m
[20:31:10.602] [debug] [ManualAdjust] 平移增量 dxyz=(0.0000, 0.0000, 0.0050)m
[20:31:10.602] [info] [ManualAdjust] 当前外参 [imu_0→cam_front]:
[20:31:10.602] [info]   旋转 RPY: (-2.3164, 0.3518, 1.0829) deg
[20:31:10.602] [info]   平移 XYZ: (-0.0307, -0.2420, 9.1246) m
[20:31:14.623] [debug] [ManualAdjust] 平移增量 dxyz=(0.0000, 0.0000, 0.0050)m
[20:31:14.623] [info] [ManualAdjust] 当前外参 [imu_0→cam_front]:
[20:31:14.623] [info]   旋转 RPY: (-2.3164, 0.3518, 1.0829) deg
[20:31:14.623] [info]   平移 XYZ: (-0.0307, -0.2420, 9.1296) m
[20:31:15.124] [debug] [ManualAdjust] 平移增量 dxyz=(0.0000, 0.0000, 0.0050)m
[20:31:15.124] [info] [ManualAdjust] 当前外参 [imu_0→cam_front]:
[20:31:15.124] [info]   旋转 RPY: (-2.3164, 0.3518, 1.0829) deg
[20:31:15.124] [info]   平移 XYZ: (-0.0307, -0.2420, 9.1346) m
[20:31:15.206] [debug] [ManualAdjust] 平移增量 dxyz=(0.0000, 0.0000, 0.0050)m
[20:31:15.206] [info] [ManualAdjust] 当前外参 [imu_0→cam_front]:
[20:31:15.206] [info]   旋转 RPY: (-2.3164, 0.3518, 1.0829) deg
[20:31:15.206] [info]   平移 XYZ: (-0.0307, -0.2420, 9.1396) m
[20:31:15.236] [debug] [ManualAdjust] 平移增量 dxyz=(0.0000, 0.0000, 0.0050)m
[20:31:15.236] [info] [ManualAdjust] 当前外参 [imu_0→cam_front]:
[20:31:15.236] [info]   旋转 RPY: (-2.3164, 0.3518, 1.0829) deg
[20:31:15.236] [info]   平移 XYZ: (-0.0307, -0.2420, 9.1446) m
[20:31:15.291] [debug] [ManualAdjust] 平移增量 dxyz=(0.0000, 0.0000, 0.0050)m
[20:31:15.291] [info] [ManualAdjust] 当前外参 [imu_0→cam_front]:
[20:31:15.291] [info]   旋转 RPY: (-2.3164, 0.3518, 1.0829) deg
[20:31:15.291] [info]   平移 XYZ: (-0.0307, -0.2420, 9.1496) m
[20:31:15.321] [debug] [ManualAdjust] 平移增量 dxyz=(0.0000, 0.0000, 0.0050)m
[20:31:15.321] [info] [ManualAdjust] 当前外参 [imu_0→cam_front]:
[20:31:15.321] [info]   旋转 RPY: (-2.3164, 0.3518, 1.0829) deg
[20:31:15.321] [info]   平移 XYZ: (-0.0307, -0.2420, 9.1546) m
[20:31:15.395] [debug] [ManualAdjust] 平移增量 dxyz=(0.0000, 0.0000, 0.0050)m
[20:31:15.395] [info] [ManualAdjust] 当前外参 [imu_0→cam_front]:
[20:31:15.395] [info]   旋转 RPY: (-2.3164, 0.3518, 1.0829) deg
[20:31:15.395] [info]   平移 XYZ: (-0.0307, -0.2420, 9.1596) m
[20:31:15.430] [debug] [ManualAdjust] 平移增量 dxyz=(0.0000, 0.0000, 0.0050)m
[20:31:15.430] [info] [ManualAdjust] 当前外参 [imu_0→cam_front]:
[20:31:15.430] [info]   旋转 RPY: (-2.3164, 0.3518, 1.0829) deg
[20:31:15.430] [info]   平移 XYZ: (-0.0307, -0.2420, 9.1646) m
[20:31:15.468] [debug] [ManualAdjust] 平移增量 dxyz=(0.0000, 0.0000, 0.0050)m
[20:31:15.468] [info] [ManualAdjust] 当前外参 [imu_0→cam_front]:
[20:31:15.468] [info]   旋转 RPY: (-2.3164, 0.3518, 1.0829) deg
[20:31:15.468] [info]   平移 XYZ: (-0.0307, -0.2420, 9.1696) m
[20:31:15.518] [debug] [ManualAdjust] 平移增量 dxyz=(0.0000, 0.0000, 0.0050)m
[20:31:15.518] [info] [ManualAdjust] 当前外参 [imu_0→cam_front]:
[20:31:15.518] [info]   旋转 RPY: (-2.3164, 0.3518, 1.0829) deg
[20:31:15.518] [info]   平移 XYZ: (-0.0307, -0.2420, 9.1746) m
[20:31:15.551] [debug] [ManualAdjust] 平移增量 dxyz=(0.0000, 0.0000, 0.0050)m
[20:31:15.551] [info] [ManualAdjust] 当前外参 [imu_0→cam_front]:
[20:31:15.551] [info]   旋转 RPY: (-2.3164, 0.3518, 1.0829) deg
[20:31:15.551] [info]   平移 XYZ: (-0.0307, -0.2420, 9.1796) m
[20:31:15.592] [debug] [ManualAdjust] 平移增量 dxyz=(0.0000, 0.0000, 0.0050)m
[20:31:15.592] [info] [ManualAdjust] 当前外参 [imu_0→cam_front]:
[20:31:15.592] [info]   旋转 RPY: (-2.3164, 0.3518, 1.0829) deg
[20:31:15.592] [info]   平移 XYZ: (-0.0307, -0.2420, 9.1846) m
[20:31:15.625] [debug] [ManualAdjust] 平移增量 dxyz=(0.0000, 0.0000, 0.0050)m
[20:31:15.625] [info] [ManualAdjust] 当前外参 [imu_0→cam_front]:
[20:31:15.625] [info]   旋转 RPY: (-2.3164, 0.3518, 1.0829) deg
[20:31:15.625] [info]   平移 XYZ: (-0.0307, -0.2420, 9.1896) m
[20:31:15.655] [debug] [ManualAdjust] 平移增量 dxyz=(0.0000, 0.0000, 0.0050)m
[20:31:15.655] [info] [ManualAdjust] 当前外参 [imu_0→cam_front]:
[20:31:15.655] [info]   旋转 RPY: (-2.3164, 0.3518, 1.0829) deg
[20:31:15.655] [info]   平移 XYZ: (-0.0307, -0.2420, 9.1946) m
[20:31:15.713] [debug] [ManualAdjust] 平移增量 dxyz=(0.0000, 0.0000, 0.0050)m
[20:31:15.713] [info] [ManualAdjust] 当前外参 [imu_0→cam_front]:
[20:31:15.713] [info]   旋转 RPY: (-2.3164, 0.3518, 1.0829) deg
[20:31:15.713] [info]   平移 XYZ: (-0.0307, -0.2420, 9.1996) m
[20:31:15.744] [debug] [ManualAdjust] 平移增量 dxyz=(0.0000, 0.0000, 0.0050)m
[20:31:15.744] [info] [ManualAdjust] 当前外参 [imu_0→cam_front]:
[20:31:15.744] [info]   旋转 RPY: (-2.3164, 0.3518, 1.0829) deg
[20:31:15.744] [info]   平移 XYZ: (-0.0307, -0.2420, 9.2046) m
[20:31:15.785] [debug] [ManualAdjust] 平移增量 dxyz=(0.0000, 0.0000, 0.0050)m
[20:31:15.785] [info] [ManualAdjust] 当前外参 [imu_0→cam_front]:
[20:31:15.785] [info]   旋转 RPY: (-2.3164, 0.3518, 1.0829) deg
[20:31:15.785] [info]   平移 XYZ: (-0.0307, -0.2420, 9.2096) m
[20:31:15.815] [debug] [ManualAdjust] 平移增量 dxyz=(0.0000, 0.0000, 0.0050)m
[20:31:15.815] [info] [ManualAdjust] 当前外参 [imu_0→cam_front]:
[20:31:15.815] [info]   旋转 RPY: (-2.3164, 0.3518, 1.0829) deg
[20:31:15.815] [info]   平移 XYZ: (-0.0307, -0.2420, 9.2146) m
[20:31:15.845] [debug] [ManualAdjust] 平移增量 dxyz=(0.0000, 0.0000, 0.0050)m
[20:31:15.845] [info] [ManualAdjust] 当前外参 [imu_0→cam_front]:
[20:31:15.845] [info]   旋转 RPY: (-2.3164, 0.3518, 1.0829) deg
[20:31:15.845] [info]   平移 XYZ: (-0.0307, -0.2420, 9.2196) m
[20:31:15.877] [debug] [ManualAdjust] 平移增量 dxyz=(0.0000, 0.0000, 0.0050)m
[20:31:15.877] [info] [ManualAdjust] 当前外参 [imu_0→cam_front]:
[20:31:15.877] [info]   旋转 RPY: (-2.3164, 0.3518, 1.0829) deg
[20:31:15.877] [info]   平移 XYZ: (-0.0307, -0.2420, 9.2246) m
[20:31:15.911] [debug] [ManualAdjust] 平移增量 dxyz=(0.0000, 0.0000, 0.0050)m
[20:31:15.911] [info] [ManualAdjust] 当前外参 [imu_0→cam_front]:
[20:31:15.911] [info]   旋转 RPY: (-2.3164, 0.3518, 1.0829) deg
[20:31:15.911] [info]   平移 XYZ: (-0.0307, -0.2420, 9.2296) m
[20:31:15.941] [debug] [ManualAdjust] 平移增量 dxyz=(0.0000, 0.0000, 0.0050)m
[20:31:15.941] [info] [ManualAdjust] 当前外参 [imu_0→cam_front]:
[20:31:15.941] [info]   旋转 RPY: (-2.3164, 0.3518, 1.0829) deg
[20:31:15.941] [info]   平移 XYZ: (-0.0307, -0.2420, 9.2346) m
[20:31:15.993] [debug] [ManualAdjust] 平移增量 dxyz=(0.0000, 0.0000, 0.0050)m
[20:31:15.993] [info] [ManualAdjust] 当前外参 [imu_0→cam_front]:
[20:31:15.993] [info]   旋转 RPY: (-2.3164, 0.3518, 1.0829) deg
[20:31:15.993] [info]   平移 XYZ: (-0.0307, -0.2420, 9.2396) m
[20:31:16.023] [debug] [ManualAdjust] 平移增量 dxyz=(0.0000, 0.0000, 0.0050)m
[20:31:16.023] [info] [ManualAdjust] 当前外参 [imu_0→cam_front]:
[20:31:16.023] [info]   旋转 RPY: (-2.3164, 0.3518, 1.0829) deg
[20:31:16.023] [info]   平移 XYZ: (-0.0307, -0.2420, 9.2446) m
[20:31:16.079] [debug] [ManualAdjust] 平移增量 dxyz=(0.0000, 0.0000, 0.0050)m
[20:31:16.079] [info] [ManualAdjust] 当前外参 [imu_0→cam_front]:
[20:31:16.079] [info]   旋转 RPY: (-2.3164, 0.3518, 1.0829) deg
[20:31:16.079] [info]   平移 XYZ: (-0.0307, -0.2420, 9.2496) m
[20:31:16.109] [debug] [ManualAdjust] 平移增量 dxyz=(0.0000, 0.0000, 0.0050)m
[20:31:16.109] [info] [ManualAdjust] 当前外参 [imu_0→cam_front]:
[20:31:16.109] [info]   旋转 RPY: (-2.3164, 0.3518, 1.0829) deg
[20:31:16.109] [info]   平移 XYZ: (-0.0307, -0.2420, 9.2546) m
[20:31:16.146] [debug] [ManualAdjust] 平移增量 dxyz=(0.0000, 0.0000, 0.0050)m
[20:31:16.146] [info] [ManualAdjust] 当前外参 [imu_0→cam_front]:
[20:31:16.146] [info]   旋转 RPY: (-2.3164, 0.3518, 1.0829) deg
[20:31:16.146] [info]   平移 XYZ: (-0.0307, -0.2420, 9.2596) m
[20:31:16.178] [debug] [ManualAdjust] 平移增量 dxyz=(0.0000, 0.0000, 0.0050)m
[20:31:16.178] [info] [ManualAdjust] 当前外参 [imu_0→cam_front]:
[20:31:16.178] [info]   旋转 RPY: (-2.3164, 0.3518, 1.0829) deg
[20:31:16.178] [info]   平移 XYZ: (-0.0307, -0.2420, 9.2646) m
[20:31:16.209] [debug] [ManualAdjust] 平移增量 dxyz=(0.0000, 0.0000, 0.0050)m
[20:31:16.209] [info] [ManualAdjust] 当前外参 [imu_0→cam_front]:
[20:31:16.209] [info]   旋转 RPY: (-2.3164, 0.3518, 1.0829) deg
[20:31:16.209] [info]   平移 XYZ: (-0.0307, -0.2420, 9.2696) m
[20:31:16.265] [debug] [ManualAdjust] 平移增量 dxyz=(0.0000, 0.0000, 0.0050)m
[20:31:16.265] [info] [ManualAdjust] 当前外参 [imu_0→cam_front]:
[20:31:16.265] [info]   旋转 RPY: (-2.3164, 0.3518, 1.0829) deg
[20:31:16.265] [info]   平移 XYZ: (-0.0307, -0.2420, 9.2746) m
[20:31:16.295] [debug] [ManualAdjust] 平移增量 dxyz=(0.0000, 0.0000, 0.0050)m
[20:31:16.295] [info] [ManualAdjust] 当前外参 [imu_0→cam_front]:
[20:31:16.295] [info]   旋转 RPY: (-2.3164, 0.3518, 1.0829) deg
[20:31:16.295] [info]   平移 XYZ: (-0.0307, -0.2420, 9.2796) m
[20:31:16.354] [debug] [ManualAdjust] 平移增量 dxyz=(0.0000, 0.0000, 0.0050)m
[20:31:16.354] [info] [ManualAdjust] 当前外参 [imu_0→cam_front]:
[20:31:16.354] [info]   旋转 RPY: (-2.3164, 0.3518, 1.0829) deg
[20:31:16.354] [info]   平移 XYZ: (-0.0307, -0.2420, 9.2846) m
[20:31:16.385] [debug] [ManualAdjust] 平移增量 dxyz=(0.0000, 0.0000, 0.0050)m
[20:31:16.385] [info] [ManualAdjust] 当前外参 [imu_0→cam_front]:
[20:31:16.385] [info]   旋转 RPY: (-2.3164, 0.3518, 1.0829) deg
[20:31:16.385] [info]   平移 XYZ: (-0.0307, -0.2420, 9.2896) m
[20:31:16.434] [debug] [ManualAdjust] 平移增量 dxyz=(0.0000, 0.0000, 0.0050)m
[20:31:16.434] [info] [ManualAdjust] 当前外参 [imu_0→cam_front]:
[20:31:16.434] [info]   旋转 RPY: (-2.3164, 0.3518, 1.0829) deg
[20:31:16.434] [info]   平移 XYZ: (-0.0307, -0.2420, 9.2946) m
[20:31:16.468] [debug] [ManualAdjust] 平移增量 dxyz=(0.0000, 0.0000, 0.0050)m
[20:31:16.468] [info] [ManualAdjust] 当前外参 [imu_0→cam_front]:
[20:31:16.468] [info]   旋转 RPY: (-2.3164, 0.3518, 1.0829) deg
[20:31:16.468] [info]   平移 XYZ: (-0.0307, -0.2420, 9.2996) m
[20:31:16.515] [debug] [ManualAdjust] 平移增量 dxyz=(0.0000, 0.0000, 0.0050)m
[20:31:16.515] [info] [ManualAdjust] 当前外参 [imu_0→cam_front]:
[20:31:16.515] [info]   旋转 RPY: (-2.3164, 0.3518, 1.0829) deg
[20:31:16.515] [info]   平移 XYZ: (-0.0307, -0.2420, 9.3046) m
[20:31:16.546] [debug] [ManualAdjust] 平移增量 dxyz=(0.0000, 0.0000, 0.0050)m
[20:31:16.546] [info] [ManualAdjust] 当前外参 [imu_0→cam_front]:
[20:31:16.546] [info]   旋转 RPY: (-2.3164, 0.3518, 1.0829) deg
[20:31:16.546] [info]   平移 XYZ: (-0.0307, -0.2420, 9.3096) m
[20:31:16.576] [debug] [ManualAdjust] 平移增量 dxyz=(0.0000, 0.0000, 0.0050)m
[20:31:16.576] [info] [ManualAdjust] 当前外参 [imu_0→cam_front]:
[20:31:16.576] [info]   旋转 RPY: (-2.3164, 0.3518, 1.0829) deg
[20:31:16.576] [info]   平移 XYZ: (-0.0307, -0.2420, 9.3146) m
[20:31:16.631] [debug] [ManualAdjust] 平移增量 dxyz=(0.0000, 0.0000, 0.0050)m
[20:31:16.633] [info] [ManualAdjust] 当前外参 [imu_0→cam_front]:
[20:31:16.633] [info]   旋转 RPY: (-2.3164, 0.3518, 1.0829) deg
[20:31:16.633] [info]   平移 XYZ: (-0.0307, -0.2420, 9.3196) m
[20:31:16.661] [debug] [ManualAdjust] 平移增量 dxyz=(0.0000, 0.0000, 0.0050)m
[20:31:16.661] [info] [ManualAdjust] 当前外参 [imu_0→cam_front]:
[20:31:16.661] [info]   旋转 RPY: (-2.3164, 0.3518, 1.0829) deg
[20:31:16.661] [info]   平移 XYZ: (-0.0307, -0.2420, 9.3246) m
[20:31:16.708] [debug] [ManualAdjust] 平移增量 dxyz=(0.0000, 0.0000, 0.0050)m
[20:31:16.708] [info] [ManualAdjust] 当前外参 [imu_0→cam_front]:
[20:31:16.708] [info]   旋转 RPY: (-2.3164, 0.3518, 1.0829) deg
[20:31:16.708] [info]   平移 XYZ: (-0.0307, -0.2420, 9.3296) m
[20:31:16.738] [debug] [ManualAdjust] 平移增量 dxyz=(0.0000, 0.0000, 0.0050)m
[20:31:16.738] [info] [ManualAdjust] 当前外参 [imu_0→cam_front]:
[20:31:16.738] [info]   旋转 RPY: (-2.3164, 0.3518, 1.0829) deg
[20:31:16.738] [info]   平移 XYZ: (-0.0307, -0.2420, 9.3346) m
[20:31:16.793] [debug] [ManualAdjust] 平移增量 dxyz=(0.0000, 0.0000, 0.0050)m
[20:31:16.793] [info] [ManualAdjust] 当前外参 [imu_0→cam_front]:
[20:31:16.793] [info]   旋转 RPY: (-2.3164, 0.3518, 1.0829) deg
[20:31:16.793] [info]   平移 XYZ: (-0.0307, -0.2420, 9.3396) m
[20:31:16.823] [debug] [ManualAdjust] 平移增量 dxyz=(0.0000, 0.0000, 0.0050)m
[20:31:16.823] [info] [ManualAdjust] 当前外参 [imu_0→cam_front]:
[20:31:16.823] [info]   旋转 RPY: (-2.3164, 0.3518, 1.0829) deg
[20:31:16.823] [info]   平移 XYZ: (-0.0307, -0.2420, 9.3446) m
[20:31:16.860] [debug] [ManualAdjust] 平移增量 dxyz=(0.0000, 0.0000, 0.0050)m
[20:31:16.860] [info] [ManualAdjust] 当前外参 [imu_0→cam_front]:
[20:31:16.860] [info]   旋转 RPY: (-2.3164, 0.3518, 1.0829) deg
[20:31:16.860] [info]   平移 XYZ: (-0.0307, -0.2420, 9.3496) m
[20:31:16.889] [debug] [ManualAdjust] 平移增量 dxyz=(0.0000, 0.0000, 0.0050)m
[20:31:16.889] [info] [ManualAdjust] 当前外参 [imu_0→cam_front]:
[20:31:16.889] [info]   旋转 RPY: (-2.3164, 0.3518, 1.0829) deg
[20:31:16.889] [info]   平移 XYZ: (-0.0307, -0.2420, 9.3546) m
[20:31:16.938] [debug] [ManualAdjust] 平移增量 dxyz=(0.0000, 0.0000, 0.0050)m
[20:31:16.938] [info] [ManualAdjust] 当前外参 [imu_0→cam_front]:
[20:31:16.938] [info]   旋转 RPY: (-2.3164, 0.3518, 1.0829) deg
[20:31:16.938] [info]   平移 XYZ: (-0.0307, -0.2420, 9.3596) m
[20:31:16.969] [debug] [ManualAdjust] 平移增量 dxyz=(0.0000, 0.0000, 0.0050)m
[20:31:16.969] [info] [ManualAdjust] 当前外参 [imu_0→cam_front]:
[20:31:16.969] [info]   旋转 RPY: (-2.3164, 0.3518, 1.0829) deg
[20:31:16.969] [info]   平移 XYZ: (-0.0307, -0.2420, 9.3646) m
[20:31:17.000] [debug] [ManualAdjust] 平移增量 dxyz=(0.0000, 0.0000, 0.0050)m
[20:31:17.000] [info] [ManualAdjust] 当前外参 [imu_0→cam_front]:
[20:31:17.000] [info]   旋转 RPY: (-2.3164, 0.3518, 1.0829) deg
[20:31:17.000] [info]   平移 XYZ: (-0.0307, -0.2420, 9.3696) m
[20:31:17.053] [debug] [ManualAdjust] 平移增量 dxyz=(0.0000, 0.0000, 0.0050)m
[20:31:17.053] [info] [ManualAdjust] 当前外参 [imu_0→cam_front]:
[20:31:17.053] [info]   旋转 RPY: (-2.3164, 0.3518, 1.0829) deg
[20:31:17.053] [info]   平移 XYZ: (-0.0307, -0.2420, 9.3746) m
[20:31:17.082] [debug] [ManualAdjust] 平移增量 dxyz=(0.0000, 0.0000, 0.0050)m
[20:31:17.082] [info] [ManualAdjust] 当前外参 [imu_0→cam_front]:
[20:31:17.082] [info]   旋转 RPY: (-2.3164, 0.3518, 1.0829) deg
[20:31:17.082] [info]   平移 XYZ: (-0.0307, -0.2420, 9.3796) m
[20:31:17.140] [debug] [ManualAdjust] 平移增量 dxyz=(0.0000, 0.0000, 0.0050)m
[20:31:17.140] [info] [ManualAdjust] 当前外参 [imu_0→cam_front]:
[20:31:17.140] [info]   旋转 RPY: (-2.3164, 0.3518, 1.0829) deg
[20:31:17.140] [info]   平移 XYZ: (-0.0307, -0.2420, 9.3846) m
[20:31:17.180] [debug] [ManualAdjust] 平移增量 dxyz=(0.0000, 0.0000, 0.0050)m
[20:31:17.180] [info] [ManualAdjust] 当前外参 [imu_0→cam_front]:
[20:31:17.180] [info]   旋转 RPY: (-2.3164, 0.3518, 1.0829) deg
[20:31:17.180] [info]   平移 XYZ: (-0.0307, -0.2420, 9.3896) m
[20:31:17.224] [debug] [ManualAdjust] 平移增量 dxyz=(0.0000, 0.0000, 0.0050)m
[20:31:17.224] [info] [ManualAdjust] 当前外参 [imu_0→cam_front]:
[20:31:17.224] [info]   旋转 RPY: (-2.3164, 0.3518, 1.0829) deg
[20:31:17.224] [info]   平移 XYZ: (-0.0307, -0.2420, 9.3946) m
[20:31:17.254] [debug] [ManualAdjust] 平移增量 dxyz=(0.0000, 0.0000, 0.0050)m
[20:31:17.254] [info] [ManualAdjust] 当前外参 [imu_0→cam_front]:
[20:31:17.254] [info]   旋转 RPY: (-2.3164, 0.3518, 1.0829) deg
[20:31:17.254] [info]   平移 XYZ: (-0.0307, -0.2420, 9.3996) m
[20:31:17.309] [debug] [ManualAdjust] 平移增量 dxyz=(0.0000, 0.0000, 0.0050)m
[20:31:17.309] [info] [ManualAdjust] 当前外参 [imu_0→cam_front]:
[20:31:17.309] [info]   旋转 RPY: (-2.3164, 0.3518, 1.0829) deg
[20:31:17.309] [info]   平移 XYZ: (-0.0307, -0.2420, 9.4046) m
[20:31:17.355] [debug] [ManualAdjust] 平移增量 dxyz=(0.0000, 0.0000, 0.0050)m
[20:31:17.355] [info] [ManualAdjust] 当前外参 [imu_0→cam_front]:
[20:31:17.355] [info]   旋转 RPY: (-2.3164, 0.3518, 1.0829) deg
[20:31:17.355] [info]   平移 XYZ: (-0.0307, -0.2420, 9.4096) m
[20:31:17.392] [debug] [ManualAdjust] 平移增量 dxyz=(0.0000, 0.0000, 0.0050)m
[20:31:17.392] [info] [ManualAdjust] 当前外参 [imu_0→cam_front]:
[20:31:17.392] [info]   旋转 RPY: (-2.3164, 0.3518, 1.0829) deg
[20:31:17.392] [info]   平移 XYZ: (-0.0307, -0.2420, 9.4146) m
[20:31:17.438] [debug] [ManualAdjust] 平移增量 dxyz=(0.0000, 0.0000, 0.0050)m
[20:31:17.438] [info] [ManualAdjust] 当前外参 [imu_0→cam_front]:
[20:31:17.438] [info]   旋转 RPY: (-2.3164, 0.3518, 1.0829) deg
[20:31:17.438] [info]   平移 XYZ: (-0.0307, -0.2420, 9.4196) m
[20:31:17.475] [debug] [ManualAdjust] 平移增量 dxyz=(0.0000, 0.0000, 0.0050)m
[20:31:17.475] [info] [ManualAdjust] 当前外参 [imu_0→cam_front]:
[20:31:17.475] [info]   旋转 RPY: (-2.3164, 0.3518, 1.0829) deg
[20:31:17.475] [info]   平移 XYZ: (-0.0307, -0.2420, 9.4246) m
[20:31:17.505] [debug] [ManualAdjust] 平移增量 dxyz=(0.0000, 0.0000, 0.0050)m
[20:31:17.505] [info] [ManualAdjust] 当前外参 [imu_0→cam_front]:
[20:31:17.505] [info]   旋转 RPY: (-2.3164, 0.3518, 1.0829) deg
[20:31:17.505] [info]   平移 XYZ: (-0.0307, -0.2420, 9.4296) m
[20:31:17.556] [debug] [ManualAdjust] 平移增量 dxyz=(0.0000, 0.0000, 0.0050)m
[20:31:17.556] [info] [ManualAdjust] 当前外参 [imu_0→cam_front]:
[20:31:17.556] [info]   旋转 RPY: (-2.3164, 0.3518, 1.0829) deg
[20:31:17.556] [info]   平移 XYZ: (-0.0307, -0.2420, 9.4346) m
[20:31:17.589] [debug] [ManualAdjust] 平移增量 dxyz=(0.0000, 0.0000, 0.0050)m
[20:31:17.590] [info] [ManualAdjust] 当前外参 [imu_0→cam_front]:
[20:31:17.590] [info]   旋转 RPY: (-2.3164, 0.3518, 1.0829) deg
[20:31:17.590] [info]   平移 XYZ: (-0.0307, -0.2420, 9.4396) m
[20:31:17.664] [debug] [ManualAdjust] 平移增量 dxyz=(0.0000, 0.0000, 0.0050)m
[20:31:17.664] [info] [ManualAdjust] 当前外参 [imu_0→cam_front]:
[20:31:17.664] [info]   旋转 RPY: (-2.3164, 0.3518, 1.0829) deg
[20:31:17.664] [info]   平移 XYZ: (-0.0307, -0.2420, 9.4446) m
[20:31:17.694] [debug] [ManualAdjust] 平移增量 dxyz=(0.0000, 0.0000, 0.0050)m
[20:31:17.694] [info] [ManualAdjust] 当前外参 [imu_0→cam_front]:
[20:31:17.694] [info]   旋转 RPY: (-2.3164, 0.3518, 1.0829) deg
[20:31:17.694] [info]   平移 XYZ: (-0.0307, -0.2420, 9.4496) m
[20:31:17.744] [debug] [ManualAdjust] 平移增量 dxyz=(0.0000, 0.0000, 0.0050)m
[20:31:17.744] [info] [ManualAdjust] 当前外参 [imu_0→cam_front]:
[20:31:17.744] [info]   旋转 RPY: (-2.3164, 0.3518, 1.0829) deg
[20:31:17.744] [info]   平移 XYZ: (-0.0307, -0.2420, 9.4546) m
[20:31:17.784] [debug] [ManualAdjust] 平移增量 dxyz=(0.0000, 0.0000, 0.0050)m
[20:31:17.784] [info] [ManualAdjust] 当前外参 [imu_0→cam_front]:
[20:31:17.784] [info]   旋转 RPY: (-2.3164, 0.3518, 1.0829) deg
[20:31:17.784] [info]   平移 XYZ: (-0.0307, -0.2420, 9.4596) m
[20:31:17.825] [debug] [ManualAdjust] 平移增量 dxyz=(0.0000, 0.0000, 0.0050)m
[20:31:17.825] [info] [ManualAdjust] 当前外参 [imu_0→cam_front]:
[20:31:17.825] [info]   旋转 RPY: (-2.3164, 0.3518, 1.0829) deg
[20:31:17.825] [info]   平移 XYZ: (-0.0307, -0.2420, 9.4646) m
[20:31:17.856] [debug] [ManualAdjust] 平移增量 dxyz=(0.0000, 0.0000, 0.0050)m
[20:31:17.856] [info] [ManualAdjust] 当前外参 [imu_0→cam_front]:
[20:31:17.856] [info]   旋转 RPY: (-2.3164, 0.3518, 1.0829) deg
[20:31:17.856] [info]   平移 XYZ: (-0.0307, -0.2420, 9.4696) m
[20:31:17.893] [debug] [ManualAdjust] 平移增量 dxyz=(0.0000, 0.0000, 0.0050)m
[20:31:17.893] [info] [ManualAdjust] 当前外参 [imu_0→cam_front]:
[20:31:17.893] [info]   旋转 RPY: (-2.3164, 0.3518, 1.0829) deg
[20:31:17.893] [info]   平移 XYZ: (-0.0307, -0.2420, 9.4746) m
[20:31:17.927] [debug] [ManualAdjust] 平移增量 dxyz=(0.0000, 0.0000, 0.0050)m
[20:31:17.927] [info] [ManualAdjust] 当前外参 [imu_0→cam_front]:
[20:31:17.927] [info]   旋转 RPY: (-2.3164, 0.3518, 1.0829) deg
[20:31:17.927] [info]   平移 XYZ: (-0.0307, -0.2420, 9.4796) m
[20:31:17.958] [debug] [ManualAdjust] 平移增量 dxyz=(0.0000, 0.0000, 0.0050)m
[20:31:17.958] [info] [ManualAdjust] 当前外参 [imu_0→cam_front]:
[20:31:17.958] [info]   旋转 RPY: (-2.3164, 0.3518, 1.0829) deg
[20:31:17.958] [info]   平移 XYZ: (-0.0307, -0.2420, 9.4846) m
[20:31:18.021] [debug] [ManualAdjust] 平移增量 dxyz=(0.0000, 0.0000, 0.0050)m
[20:31:18.022] [info] [ManualAdjust] 当前外参 [imu_0→cam_front]:
[20:31:18.022] [info]   旋转 RPY: (-2.3164, 0.3518, 1.0829) deg
[20:31:18.022] [info]   平移 XYZ: (-0.0307, -0.2420, 9.4896) m
[20:31:18.070] [debug] [ManualAdjust] 平移增量 dxyz=(0.0000, 0.0000, 0.0050)m
[20:31:18.070] [info] [ManualAdjust] 当前外参 [imu_0→cam_front]:
[20:31:18.070] [info]   旋转 RPY: (-2.3164, 0.3518, 1.0829) deg
[20:31:18.070] [info]   平移 XYZ: (-0.0307, -0.2420, 9.4946) m
[20:31:18.106] [debug] [ManualAdjust] 平移增量 dxyz=(0.0000, 0.0000, 0.0050)m
[20:31:18.106] [info] [ManualAdjust] 当前外参 [imu_0→cam_front]:
[20:31:18.106] [info]   旋转 RPY: (-2.3164, 0.3518, 1.0829) deg
[20:31:18.106] [info]   平移 XYZ: (-0.0307, -0.2420, 9.4996) m
[20:31:18.136] [debug] [ManualAdjust] 平移增量 dxyz=(0.0000, 0.0000, 0.0050)m
[20:31:18.136] [info] [ManualAdjust] 当前外参 [imu_0→cam_front]:
[20:31:18.136] [info]   旋转 RPY: (-2.3164, 0.3518, 1.0829) deg
[20:31:18.136] [info]   平移 XYZ: (-0.0307, -0.2420, 9.5046) m
[20:31:18.175] [debug] [ManualAdjust] 平移增量 dxyz=(0.0000, 0.0000, 0.0050)m
[20:31:18.175] [info] [ManualAdjust] 当前外参 [imu_0→cam_front]:
[20:31:18.175] [info]   旋转 RPY: (-2.3164, 0.3518, 1.0829) deg
[20:31:18.175] [info]   平移 XYZ: (-0.0307, -0.2420, 9.5096) m
[20:31:18.211] [debug] [ManualAdjust] 平移增量 dxyz=(0.0000, 0.0000, 0.0050)m
[20:31:18.211] [info] [ManualAdjust] 当前外参 [imu_0→cam_front]:
[20:31:18.211] [info]   旋转 RPY: (-2.3164, 0.3518, 1.0829) deg
[20:31:18.211] [info]   平移 XYZ: (-0.0307, -0.2420, 9.5146) m
[20:31:18.243] [debug] [ManualAdjust] 平移增量 dxyz=(0.0000, 0.0000, 0.0050)m
[20:31:18.243] [info] [ManualAdjust] 当前外参 [imu_0→cam_front]:
[20:31:18.243] [info]   旋转 RPY: (-2.3164, 0.3518, 1.0829) deg
[20:31:18.243] [info]   平移 XYZ: (-0.0307, -0.2420, 9.5196) m
[20:31:18.309] [debug] [ManualAdjust] 平移增量 dxyz=(0.0000, 0.0000, 0.0050)m
[20:31:18.309] [info] [ManualAdjust] 当前外参 [imu_0→cam_front]:
[20:31:18.309] [info]   旋转 RPY: (-2.3164, 0.3518, 1.0829) deg
[20:31:18.309] [info]   平移 XYZ: (-0.0307, -0.2420, 9.5246) m
[20:31:18.339] [debug] [ManualAdjust] 平移增量 dxyz=(0.0000, 0.0000, 0.0050)m
[20:31:18.339] [info] [ManualAdjust] 当前外参 [imu_0→cam_front]:
[20:31:18.339] [info]   旋转 RPY: (-2.3164, 0.3518, 1.0829) deg
[20:31:18.339] [info]   平移 XYZ: (-0.0307, -0.2420, 9.5296) m
[20:31:18.391] [debug] [ManualAdjust] 平移增量 dxyz=(0.0000, 0.0000, 0.0050)m
[20:31:18.391] [info] [ManualAdjust] 当前外参 [imu_0→cam_front]:
[20:31:18.391] [info]   旋转 RPY: (-2.3164, 0.3518, 1.0829) deg
[20:31:18.391] [info]   平移 XYZ: (-0.0307, -0.2420, 9.5346) m
[20:31:18.422] [debug] [ManualAdjust] 平移增量 dxyz=(0.0000, 0.0000, 0.0050)m
[20:31:18.422] [info] [ManualAdjust] 当前外参 [imu_0→cam_front]:
[20:31:18.422] [info]   旋转 RPY: (-2.3164, 0.3518, 1.0829) deg
[20:31:18.422] [info]   平移 XYZ: (-0.0307, -0.2420, 9.5396) m
[20:31:18.452] [debug] [ManualAdjust] 平移增量 dxyz=(0.0000, 0.0000, 0.0050)m
[20:31:18.452] [info] [ManualAdjust] 当前外参 [imu_0→cam_front]:
[20:31:18.452] [info]   旋转 RPY: (-2.3164, 0.3518, 1.0829) deg
[20:31:18.452] [info]   平移 XYZ: (-0.0307, -0.2420, 9.5446) m
[20:31:18.508] [debug] [ManualAdjust] 平移增量 dxyz=(0.0000, 0.0000, 0.0050)m
[20:31:18.508] [info] [ManualAdjust] 当前外参 [imu_0→cam_front]:
[20:31:18.508] [info]   旋转 RPY: (-2.3164, 0.3518, 1.0829) deg
[20:31:18.508] [info]   平移 XYZ: (-0.0307, -0.2420, 9.5496) m
[20:31:18.538] [debug] [ManualAdjust] 平移增量 dxyz=(0.0000, 0.0000, 0.0050)m
[20:31:18.538] [info] [ManualAdjust] 当前外参 [imu_0→cam_front]:
[20:31:18.538] [info]   旋转 RPY: (-2.3164, 0.3518, 1.0829) deg
[20:31:18.538] [info]   平移 XYZ: (-0.0307, -0.2420, 9.5546) m
[20:31:18.592] [debug] [ManualAdjust] 平移增量 dxyz=(0.0000, 0.0000, 0.0050)m
[20:31:18.592] [info] [ManualAdjust] 当前外参 [imu_0→cam_front]:
[20:31:18.592] [info]   旋转 RPY: (-2.3164, 0.3518, 1.0829) deg
[20:31:18.592] [info]   平移 XYZ: (-0.0307, -0.2420, 9.5596) m
[20:31:18.638] [debug] [ManualAdjust] 平移增量 dxyz=(0.0000, 0.0000, 0.0050)m
[20:31:18.638] [info] [ManualAdjust] 当前外参 [imu_0→cam_front]:
[20:31:18.638] [info]   旋转 RPY: (-2.3164, 0.3518, 1.0829) deg
[20:31:18.638] [info]   平移 XYZ: (-0.0307, -0.2420, 9.5646) m
[20:31:18.666] [debug] [ManualAdjust] 平移增量 dxyz=(0.0000, 0.0000, 0.0050)m
[20:31:18.666] [info] [ManualAdjust] 当前外参 [imu_0→cam_front]:
[20:31:18.666] [info]   旋转 RPY: (-2.3164, 0.3518, 1.0829) deg
[20:31:18.666] [info]   平移 XYZ: (-0.0307, -0.2420, 9.5696) m
[20:31:18.696] [debug] [ManualAdjust] 平移增量 dxyz=(0.0000, 0.0000, 0.0050)m
[20:31:18.696] [info] [ManualAdjust] 当前外参 [imu_0→cam_front]:
[20:31:18.696] [info]   旋转 RPY: (-2.3164, 0.3518, 1.0829) deg
[20:31:18.696] [info]   平移 XYZ: (-0.0307, -0.2420, 9.5746) m
[20:31:18.753] [debug] [ManualAdjust] 平移增量 dxyz=(0.0000, 0.0000, 0.0050)m
[20:31:18.753] [info] [ManualAdjust] 当前外参 [imu_0→cam_front]:
[20:31:18.753] [info]   旋转 RPY: (-2.3164, 0.3518, 1.0829) deg
[20:31:18.753] [info]   平移 XYZ: (-0.0307, -0.2420, 9.5796) m
[20:31:18.802] [debug] [ManualAdjust] 平移增量 dxyz=(0.0000, 0.0000, 0.0050)m
[20:31:18.802] [info] [ManualAdjust] 当前外参 [imu_0→cam_front]:
[20:31:18.802] [info]   旋转 RPY: (-2.3164, 0.3518, 1.0829) deg
[20:31:18.802] [info]   平移 XYZ: (-0.0307, -0.2420, 9.5846) m
[20:31:18.829] [debug] [ManualAdjust] 平移增量 dxyz=(0.0000, 0.0000, 0.0050)m
[20:31:18.829] [info] [ManualAdjust] 当前外参 [imu_0→cam_front]:
[20:31:18.829] [info]   旋转 RPY: (-2.3164, 0.3518, 1.0829) deg
[20:31:18.829] [info]   平移 XYZ: (-0.0307, -0.2420, 9.5896) m
[20:31:18.860] [debug] [ManualAdjust] 平移增量 dxyz=(0.0000, 0.0000, 0.0050)m
[20:31:18.860] [info] [ManualAdjust] 当前外参 [imu_0→cam_front]:
[20:31:18.860] [info]   旋转 RPY: (-2.3164, 0.3518, 1.0829) deg
[20:31:18.860] [info]   平移 XYZ: (-0.0307, -0.2420, 9.5946) m
[20:31:18.922] [debug] [ManualAdjust] 平移增量 dxyz=(0.0000, 0.0000, 0.0050)m
[20:31:18.922] [info] [ManualAdjust] 当前外参 [imu_0→cam_front]:
[20:31:18.922] [info]   旋转 RPY: (-2.3164, 0.3518, 1.0829) deg
[20:31:18.922] [info]   平移 XYZ: (-0.0307, -0.2420, 9.5996) m
[20:31:18.961] [debug] [ManualAdjust] 平移增量 dxyz=(0.0000, 0.0000, 0.0050)m
[20:31:18.961] [info] [ManualAdjust] 当前外参 [imu_0→cam_front]:
[20:31:18.961] [info]   旋转 RPY: (-2.3164, 0.3518, 1.0829) deg
[20:31:18.961] [info]   平移 XYZ: (-0.0307, -0.2420, 9.6046) m
[20:31:18.991] [debug] [ManualAdjust] 平移增量 dxyz=(0.0000, 0.0000, 0.0050)m
[20:31:18.991] [info] [ManualAdjust] 当前外参 [imu_0→cam_front]:
[20:31:18.991] [info]   旋转 RPY: (-2.3164, 0.3518, 1.0829) deg
[20:31:18.991] [info]   平移 XYZ: (-0.0307, -0.2420, 9.6096) m
[20:31:19.021] [debug] [ManualAdjust] 平移增量 dxyz=(0.0000, 0.0000, 0.0050)m
[20:31:19.021] [info] [ManualAdjust] 当前外参 [imu_0→cam_front]:
[20:31:19.021] [info]   旋转 RPY: (-2.3164, 0.3518, 1.0829) deg
[20:31:19.021] [info]   平移 XYZ: (-0.0307, -0.2420, 9.6146) m
[20:31:19.064] [debug] [ManualAdjust] 平移增量 dxyz=(0.0000, 0.0000, 0.0050)m
[20:31:19.064] [info] [ManualAdjust] 当前外参 [imu_0→cam_front]:
[20:31:19.064] [info]   旋转 RPY: (-2.3164, 0.3518, 1.0829) deg
[20:31:19.064] [info]   平移 XYZ: (-0.0307, -0.2420, 9.6196) m
[20:31:19.099] [debug] [ManualAdjust] 平移增量 dxyz=(0.0000, 0.0000, 0.0050)m
[20:31:19.099] [info] [ManualAdjust] 当前外参 [imu_0→cam_front]:
[20:31:19.099] [info]   旋转 RPY: (-2.3164, 0.3518, 1.0829) deg
[20:31:19.099] [info]   平移 XYZ: (-0.0307, -0.2420, 9.6246) m
[20:31:19.146] [debug] [ManualAdjust] 平移增量 dxyz=(0.0000, 0.0000, 0.0050)m
[20:31:19.146] [info] [ManualAdjust] 当前外参 [imu_0→cam_front]:
[20:31:19.146] [info]   旋转 RPY: (-2.3164, 0.3518, 1.0829) deg
[20:31:19.146] [info]   平移 XYZ: (-0.0307, -0.2420, 9.6296) m
[20:31:19.177] [debug] [ManualAdjust] 平移增量 dxyz=(0.0000, 0.0000, 0.0050)m
[20:31:19.177] [info] [ManualAdjust] 当前外参 [imu_0→cam_front]:
[20:31:19.177] [info]   旋转 RPY: (-2.3164, 0.3518, 1.0829) deg
[20:31:19.177] [info]   平移 XYZ: (-0.0307, -0.2420, 9.6346) m
[20:31:19.207] [debug] [ManualAdjust] 平移增量 dxyz=(0.0000, 0.0000, 0.0050)m
[20:31:19.207] [info] [ManualAdjust] 当前外参 [imu_0→cam_front]:
[20:31:19.207] [info]   旋转 RPY: (-2.3164, 0.3518, 1.0829) deg
[20:31:19.207] [info]   平移 XYZ: (-0.0307, -0.2420, 9.6396) m
[20:31:19.253] [debug] [ManualAdjust] 平移增量 dxyz=(0.0000, 0.0000, 0.0050)m
[20:31:19.253] [info] [ManualAdjust] 当前外参 [imu_0→cam_front]:
[20:31:19.253] [info]   旋转 RPY: (-2.3164, 0.3518, 1.0829) deg
[20:31:19.253] [info]   平移 XYZ: (-0.0307, -0.2420, 9.6446) m
[20:31:19.285] [debug] [ManualAdjust] 平移增量 dxyz=(0.0000, 0.0000, 0.0050)m
[20:31:19.286] [info] [ManualAdjust] 当前外参 [imu_0→cam_front]:
[20:31:19.286] [info]   旋转 RPY: (-2.3164, 0.3518, 1.0829) deg
[20:31:19.286] [info]   平移 XYZ: (-0.0307, -0.2420, 9.6496) m
[20:31:19.316] [debug] [ManualAdjust] 平移增量 dxyz=(0.0000, 0.0000, 0.0050)m
[20:31:19.316] [info] [ManualAdjust] 当前外参 [imu_0→cam_front]:
[20:31:19.316] [info]   旋转 RPY: (-2.3164, 0.3518, 1.0829) deg
[20:31:19.316] [info]   平移 XYZ: (-0.0307, -0.2420, 9.6546) m
[20:31:19.369] [debug] [ManualAdjust] 平移增量 dxyz=(0.0000, 0.0000, 0.0050)m
[20:31:19.369] [info] [ManualAdjust] 当前外参 [imu_0→cam_front]:
[20:31:19.369] [info]   旋转 RPY: (-2.3164, 0.3518, 1.0829) deg
[20:31:19.369] [info]   平移 XYZ: (-0.0307, -0.2420, 9.6596) m
[20:31:19.400] [debug] [ManualAdjust] 平移增量 dxyz=(0.0000, 0.0000, 0.0050)m
[20:31:19.400] [info] [ManualAdjust] 当前外参 [imu_0→cam_front]:
[20:31:19.400] [info]   旋转 RPY: (-2.3164, 0.3518, 1.0829) deg
[20:31:19.400] [info]   平移 XYZ: (-0.0307, -0.2420, 9.6646) m
[20:31:19.442] [debug] [ManualAdjust] 平移增量 dxyz=(0.0000, 0.0000, 0.0050)m
[20:31:19.442] [info] [ManualAdjust] 当前外参 [imu_0→cam_front]:
[20:31:19.442] [info]   旋转 RPY: (-2.3164, 0.3518, 1.0829) deg
[20:31:19.442] [info]   平移 XYZ: (-0.0307, -0.2420, 9.6696) m
[20:31:19.474] [debug] [ManualAdjust] 平移增量 dxyz=(0.0000, 0.0000, 0.0050)m
[20:31:19.474] [info] [ManualAdjust] 当前外参 [imu_0→cam_front]:
[20:31:19.474] [info]   旋转 RPY: (-2.3164, 0.3518, 1.0829) deg
[20:31:19.474] [info]   平移 XYZ: (-0.0307, -0.2420, 9.6746) m
[20:31:19.505] [debug] [ManualAdjust] 平移增量 dxyz=(0.0000, 0.0000, 0.0050)m
[20:31:19.505] [info] [ManualAdjust] 当前外参 [imu_0→cam_front]:
[20:31:19.505] [info]   旋转 RPY: (-2.3164, 0.3518, 1.0829) deg
[20:31:19.505] [info]   平移 XYZ: (-0.0307, -0.2420, 9.6796) m
[20:31:19.536] [debug] [ManualAdjust] 平移增量 dxyz=(0.0000, 0.0000, 0.0050)m
[20:31:19.536] [info] [ManualAdjust] 当前外参 [imu_0→cam_front]:
[20:31:19.536] [info]   旋转 RPY: (-2.3164, 0.3518, 1.0829) deg
[20:31:19.536] [info]   平移 XYZ: (-0.0307, -0.2420, 9.6846) m
[20:31:19.568] [debug] [ManualAdjust] 平移增量 dxyz=(0.0000, 0.0000, 0.0050)m
[20:31:19.568] [info] [ManualAdjust] 当前外参 [imu_0→cam_front]:
[20:31:19.568] [info]   旋转 RPY: (-2.3164, 0.3518, 1.0829) deg
[20:31:19.568] [info]   平移 XYZ: (-0.0307, -0.2420, 9.6896) m
[20:31:19.598] [debug] [ManualAdjust] 平移增量 dxyz=(0.0000, 0.0000, 0.0050)m
[20:31:19.598] [info] [ManualAdjust] 当前外参 [imu_0→cam_front]:
[20:31:19.598] [info]   旋转 RPY: (-2.3164, 0.3518, 1.0829) deg
[20:31:19.598] [info]   平移 XYZ: (-0.0307, -0.2420, 9.6946) m
[20:31:19.665] [debug] [ManualAdjust] 平移增量 dxyz=(0.0000, 0.0000, 0.0050)m
[20:31:19.665] [info] [ManualAdjust] 当前外参 [imu_0→cam_front]:
[20:31:19.665] [info]   旋转 RPY: (-2.3164, 0.3518, 1.0829) deg
[20:31:19.665] [info]   平移 XYZ: (-0.0307, -0.2420, 9.6996) m
[20:31:19.695] [debug] [ManualAdjust] 平移增量 dxyz=(0.0000, 0.0000, 0.0050)m
[20:31:19.695] [info] [ManualAdjust] 当前外参 [imu_0→cam_front]:
[20:31:19.695] [info]   旋转 RPY: (-2.3164, 0.3518, 1.0829) deg
[20:31:19.695] [info]   平移 XYZ: (-0.0307, -0.2420, 9.7046) m
[20:31:19.750] [debug] [ManualAdjust] 平移增量 dxyz=(0.0000, 0.0000, 0.0050)m
[20:31:19.750] [info] [ManualAdjust] 当前外参 [imu_0→cam_front]:
[20:31:19.750] [info]   旋转 RPY: (-2.3164, 0.3518, 1.0829) deg
[20:31:19.750] [info]   平移 XYZ: (-0.0307, -0.2420, 9.7096) m
[20:31:19.781] [debug] [ManualAdjust] 平移增量 dxyz=(0.0000, 0.0000, 0.0050)m
[20:31:19.781] [info] [ManualAdjust] 当前外参 [imu_0→cam_front]:
[20:31:19.781] [info]   旋转 RPY: (-2.3164, 0.3518, 1.0829) deg
[20:31:19.781] [info]   平移 XYZ: (-0.0307, -0.2420, 9.7146) m
[20:31:19.836] [debug] [ManualAdjust] 平移增量 dxyz=(0.0000, 0.0000, 0.0050)m
[20:31:19.836] [info] [ManualAdjust] 当前外参 [imu_0→cam_front]:
[20:31:19.836] [info]   旋转 RPY: (-2.3164, 0.3518, 1.0829) deg
[20:31:19.836] [info]   平移 XYZ: (-0.0307, -0.2420, 9.7196) m
[20:31:19.868] [debug] [ManualAdjust] 平移增量 dxyz=(0.0000, 0.0000, 0.0050)m
[20:31:19.868] [info] [ManualAdjust] 当前外参 [imu_0→cam_front]:
[20:31:19.868] [info]   旋转 RPY: (-2.3164, 0.3518, 1.0829) deg
[20:31:19.868] [info]   平移 XYZ: (-0.0307, -0.2420, 9.7246) m
[20:31:19.919] [debug] [ManualAdjust] 平移增量 dxyz=(0.0000, 0.0000, 0.0050)m
[20:31:19.919] [info] [ManualAdjust] 当前外参 [imu_0→cam_front]:
[20:31:19.919] [info]   旋转 RPY: (-2.3164, 0.3518, 1.0829) deg
[20:31:19.919] [info]   平移 XYZ: (-0.0307, -0.2420, 9.7296) m
[20:31:19.957] [debug] [ManualAdjust] 平移增量 dxyz=(0.0000, 0.0000, 0.0050)m
[20:31:19.957] [info] [ManualAdjust] 当前外参 [imu_0→cam_front]:
[20:31:19.957] [info]   旋转 RPY: (-2.3164, 0.3518, 1.0829) deg
[20:31:19.957] [info]   平移 XYZ: (-0.0307, -0.2420, 9.7346) m
[20:31:19.987] [debug] [ManualAdjust] 平移增量 dxyz=(0.0000, 0.0000, 0.0050)m
[20:31:19.987] [info] [ManualAdjust] 当前外参 [imu_0→cam_front]:
[20:31:19.987] [info]   旋转 RPY: (-2.3164, 0.3518, 1.0829) deg
[20:31:19.987] [info]   平移 XYZ: (-0.0307, -0.2420, 9.7396) m
[20:31:20.036] [debug] [ManualAdjust] 平移增量 dxyz=(0.0000, 0.0000, 0.0050)m
[20:31:20.036] [info] [ManualAdjust] 当前外参 [imu_0→cam_front]:
[20:31:20.036] [info]   旋转 RPY: (-2.3164, 0.3518, 1.0829) deg
[20:31:20.036] [info]   平移 XYZ: (-0.0307, -0.2420, 9.7446) m
[20:31:20.067] [debug] [ManualAdjust] 平移增量 dxyz=(0.0000, 0.0000, 0.0050)m
[20:31:20.067] [info] [ManualAdjust] 当前外参 [imu_0→cam_front]:
[20:31:20.067] [info]   旋转 RPY: (-2.3164, 0.3518, 1.0829) deg
[20:31:20.067] [info]   平移 XYZ: (-0.0307, -0.2420, 9.7496) m
[20:31:20.104] [debug] [ManualAdjust] 平移增量 dxyz=(0.0000, 0.0000, 0.0050)m
[20:31:20.104] [info] [ManualAdjust] 当前外参 [imu_0→cam_front]:
[20:31:20.104] [info]   旋转 RPY: (-2.3164, 0.3518, 1.0829) deg
[20:31:20.104] [info]   平移 XYZ: (-0.0307, -0.2420, 9.7546) m
[20:31:20.132] [debug] [ManualAdjust] 平移增量 dxyz=(0.0000, 0.0000, 0.0050)m
[20:31:20.132] [info] [ManualAdjust] 当前外参 [imu_0→cam_front]:
[20:31:20.132] [info]   旋转 RPY: (-2.3164, 0.3518, 1.0829) deg
[20:31:20.132] [info]   平移 XYZ: (-0.0307, -0.2420, 9.7596) m
[20:31:20.163] [debug] [ManualAdjust] 平移增量 dxyz=(0.0000, 0.0000, 0.0050)m
[20:31:20.163] [info] [ManualAdjust] 当前外参 [imu_0→cam_front]:
[20:31:20.163] [info]   旋转 RPY: (-2.3164, 0.3518, 1.0829) deg
[20:31:20.163] [info]   平移 XYZ: (-0.0307, -0.2420, 9.7646) m
[20:31:20.212] [debug] [ManualAdjust] 平移增量 dxyz=(0.0000, 0.0000, 0.0050)m
[20:31:20.213] [info] [ManualAdjust] 当前外参 [imu_0→cam_front]:
[20:31:20.213] [info]   旋转 RPY: (-2.3164, 0.3518, 1.0829) deg
[20:31:20.213] [info]   平移 XYZ: (-0.0307, -0.2420, 9.7696) m
[20:31:20.244] [debug] [ManualAdjust] 平移增量 dxyz=(0.0000, 0.0000, 0.0050)m
[20:31:20.244] [info] [ManualAdjust] 当前外参 [imu_0→cam_front]:
[20:31:20.244] [info]   旋转 RPY: (-2.3164, 0.3518, 1.0829) deg
[20:31:20.244] [info]   平移 XYZ: (-0.0307, -0.2420, 9.7746) m
[20:31:20.295] [debug] [ManualAdjust] 平移增量 dxyz=(0.0000, 0.0000, 0.0050)m
[20:31:20.295] [info] [ManualAdjust] 当前外参 [imu_0→cam_front]:
[20:31:20.295] [info]   旋转 RPY: (-2.3164, 0.3518, 1.0829) deg
[20:31:20.295] [info]   平移 XYZ: (-0.0307, -0.2420, 9.7796) m
[20:31:20.326] [debug] [ManualAdjust] 平移增量 dxyz=(0.0000, 0.0000, 0.0050)m
[20:31:20.326] [info] [ManualAdjust] 当前外参 [imu_0→cam_front]:
[20:31:20.326] [info]   旋转 RPY: (-2.3164, 0.3518, 1.0829) deg
[20:31:20.326] [info]   平移 XYZ: (-0.0307, -0.2420, 9.7846) m
[20:31:20.366] [debug] [ManualAdjust] 平移增量 dxyz=(0.0000, 0.0000, 0.0050)m
[20:31:20.366] [info] [ManualAdjust] 当前外参 [imu_0→cam_front]:
[20:31:20.366] [info]   旋转 RPY: (-2.3164, 0.3518, 1.0829) deg
[20:31:20.366] [info]   平移 XYZ: (-0.0307, -0.2420, 9.7896) m
[20:31:20.397] [debug] [ManualAdjust] 平移增量 dxyz=(0.0000, 0.0000, 0.0050)m
[20:31:20.397] [info] [ManualAdjust] 当前外参 [imu_0→cam_front]:
[20:31:20.397] [info]   旋转 RPY: (-2.3164, 0.3518, 1.0829) deg
[20:31:20.397] [info]   平移 XYZ: (-0.0307, -0.2420, 9.7946) m
[20:31:20.429] [debug] [ManualAdjust] 平移增量 dxyz=(0.0000, 0.0000, 0.0050)m
[20:31:20.429] [info] [ManualAdjust] 当前外参 [imu_0→cam_front]:
[20:31:20.429] [info]   旋转 RPY: (-2.3164, 0.3518, 1.0829) deg
[20:31:20.429] [info]   平移 XYZ: (-0.0307, -0.2420, 9.7996) m
[20:31:20.476] [debug] [ManualAdjust] 平移增量 dxyz=(0.0000, 0.0000, 0.0050)m
[20:31:20.476] [info] [ManualAdjust] 当前外参 [imu_0→cam_front]:
[20:31:20.476] [info]   旋转 RPY: (-2.3164, 0.3518, 1.0829) deg
[20:31:20.476] [info]   平移 XYZ: (-0.0307, -0.2420, 9.8046) m
[20:31:20.507] [debug] [ManualAdjust] 平移增量 dxyz=(0.0000, 0.0000, 0.0050)m
[20:31:20.507] [info] [ManualAdjust] 当前外参 [imu_0→cam_front]:
[20:31:20.507] [info]   旋转 RPY: (-2.3164, 0.3518, 1.0829) deg
[20:31:20.507] [info]   平移 XYZ: (-0.0307, -0.2420, 9.8096) m
[20:31:20.537] [debug] [ManualAdjust] 平移增量 dxyz=(0.0000, 0.0000, 0.0050)m
[20:31:20.537] [info] [ManualAdjust] 当前外参 [imu_0→cam_front]:
[20:31:20.537] [info]   旋转 RPY: (-2.3164, 0.3518, 1.0829) deg
[20:31:20.537] [info]   平移 XYZ: (-0.0307, -0.2420, 9.8146) m
[20:31:20.593] [debug] [ManualAdjust] 平移增量 dxyz=(0.0000, 0.0000, 0.0050)m
[20:31:20.593] [info] [ManualAdjust] 当前外参 [imu_0→cam_front]:
[20:31:20.593] [info]   旋转 RPY: (-2.3164, 0.3518, 1.0829) deg
[20:31:20.593] [info]   平移 XYZ: (-0.0307, -0.2420, 9.8196) m
[20:31:20.637] [debug] [ManualAdjust] 平移增量 dxyz=(0.0000, 0.0000, 0.0050)m
[20:31:20.637] [info] [ManualAdjust] 当前外参 [imu_0→cam_front]:
[20:31:20.637] [info]   旋转 RPY: (-2.3164, 0.3518, 1.0829) deg
[20:31:20.637] [info]   平移 XYZ: (-0.0307, -0.2420, 9.8246) m
[20:31:20.667] [debug] [ManualAdjust] 平移增量 dxyz=(0.0000, 0.0000, 0.0050)m
[20:31:20.668] [info] [ManualAdjust] 当前外参 [imu_0→cam_front]:
[20:31:20.668] [info]   旋转 RPY: (-2.3164, 0.3518, 1.0829) deg
[20:31:20.668] [info]   平移 XYZ: (-0.0307, -0.2420, 9.8296) m
[20:31:20.700] [debug] [ManualAdjust] 平移增量 dxyz=(0.0000, 0.0000, 0.0050)m
[20:31:20.700] [info] [ManualAdjust] 当前外参 [imu_0→cam_front]:
[20:31:20.700] [info]   旋转 RPY: (-2.3164, 0.3518, 1.0829) deg
[20:31:20.700] [info]   平移 XYZ: (-0.0307, -0.2420, 9.8346) m
[20:31:20.749] [debug] [ManualAdjust] 平移增量 dxyz=(0.0000, 0.0000, 0.0050)m
[20:31:20.749] [info] [ManualAdjust] 当前外参 [imu_0→cam_front]:
[20:31:20.749] [info]   旋转 RPY: (-2.3164, 0.3518, 1.0829) deg
[20:31:20.749] [info]   平移 XYZ: (-0.0307, -0.2420, 9.8396) m
[20:31:20.781] [debug] [ManualAdjust] 平移增量 dxyz=(0.0000, 0.0000, 0.0050)m
[20:31:20.781] [info] [ManualAdjust] 当前外参 [imu_0→cam_front]:
[20:31:20.781] [info]   旋转 RPY: (-2.3164, 0.3518, 1.0829) deg
[20:31:20.781] [info]   平移 XYZ: (-0.0307, -0.2420, 9.8446) m
[20:31:20.844] [debug] [ManualAdjust] 平移增量 dxyz=(0.0000, 0.0000, 0.0050)m
[20:31:20.844] [info] [ManualAdjust] 当前外参 [imu_0→cam_front]:
[20:31:20.844] [info]   旋转 RPY: (-2.3164, 0.3518, 1.0829) deg
[20:31:20.844] [info]   平移 XYZ: (-0.0307, -0.2420, 9.8496) m
[20:31:20.876] [debug] [ManualAdjust] 平移增量 dxyz=(0.0000, 0.0000, 0.0050)m
[20:31:20.876] [info] [ManualAdjust] 当前外参 [imu_0→cam_front]:
[20:31:20.876] [info]   旋转 RPY: (-2.3164, 0.3518, 1.0829) deg
[20:31:20.876] [info]   平移 XYZ: (-0.0307, -0.2420, 9.8546) m
[20:31:20.937] [debug] [ManualAdjust] 平移增量 dxyz=(0.0000, 0.0000, 0.0050)m
[20:31:20.938] [info] [ManualAdjust] 当前外参 [imu_0→cam_front]:
[20:31:20.938] [info]   旋转 RPY: (-2.3164, 0.3518, 1.0829) deg
[20:31:20.938] [info]   平移 XYZ: (-0.0307, -0.2420, 9.8596) m
[20:31:20.968] [debug] [ManualAdjust] 平移增量 dxyz=(0.0000, 0.0000, 0.0050)m
[20:31:20.968] [info] [ManualAdjust] 当前外参 [imu_0→cam_front]:
[20:31:20.968] [info]   旋转 RPY: (-2.3164, 0.3518, 1.0829) deg
[20:31:20.968] [info]   平移 XYZ: (-0.0307, -0.2420, 9.8646) m
[20:31:21.014] [debug] [ManualAdjust] 平移增量 dxyz=(0.0000, 0.0000, 0.0050)m
[20:31:21.014] [info] [ManualAdjust] 当前外参 [imu_0→cam_front]:
[20:31:21.014] [info]   旋转 RPY: (-2.3164, 0.3518, 1.0829) deg
[20:31:21.014] [info]   平移 XYZ: (-0.0307, -0.2420, 9.8696) m
[20:31:21.056] [debug] [ManualAdjust] 平移增量 dxyz=(0.0000, 0.0000, 0.0050)m
[20:31:21.056] [info] [ManualAdjust] 当前外参 [imu_0→cam_front]:
[20:31:21.056] [info]   旋转 RPY: (-2.3164, 0.3518, 1.0829) deg
[20:31:21.056] [info]   平移 XYZ: (-0.0307, -0.2420, 9.8746) m
[20:31:21.089] [debug] [ManualAdjust] 平移增量 dxyz=(0.0000, 0.0000, 0.0050)m
[20:31:21.089] [info] [ManualAdjust] 当前外参 [imu_0→cam_front]:
[20:31:21.089] [info]   旋转 RPY: (-2.3164, 0.3518, 1.0829) deg
[20:31:21.089] [info]   平移 XYZ: (-0.0307, -0.2420, 9.8796) m
[20:31:21.118] [debug] [ManualAdjust] 平移增量 dxyz=(0.0000, 0.0000, 0.0050)m
[20:31:21.118] [info] [ManualAdjust] 当前外参 [imu_0→cam_front]:
[20:31:21.118] [info]   旋转 RPY: (-2.3164, 0.3518, 1.0829) deg
[20:31:21.118] [info]   平移 XYZ: (-0.0307, -0.2420, 9.8846) m
[20:31:21.163] [debug] [ManualAdjust] 平移增量 dxyz=(0.0000, 0.0000, 0.0050)m
[20:31:21.163] [info] [ManualAdjust] 当前外参 [imu_0→cam_front]:
[20:31:21.163] [info]   旋转 RPY: (-2.3164, 0.3518, 1.0829) deg
[20:31:21.163] [info]   平移 XYZ: (-0.0307, -0.2420, 9.8896) m
[20:31:21.199] [debug] [ManualAdjust] 平移增量 dxyz=(0.0000, 0.0000, 0.0050)m
[20:31:21.199] [info] [ManualAdjust] 当前外参 [imu_0→cam_front]:
[20:31:21.199] [info]   旋转 RPY: (-2.3164, 0.3518, 1.0829) deg
[20:31:21.199] [info]   平移 XYZ: (-0.0307, -0.2420, 9.8946) m
[20:31:21.230] [debug] [ManualAdjust] 平移增量 dxyz=(0.0000, 0.0000, 0.0050)m
[20:31:21.230] [info] [ManualAdjust] 当前外参 [imu_0→cam_front]:
[20:31:21.230] [info]   旋转 RPY: (-2.3164, 0.3518, 1.0829) deg
[20:31:21.230] [info]   平移 XYZ: (-0.0307, -0.2420, 9.8996) m
[20:31:21.273] [debug] [ManualAdjust] 平移增量 dxyz=(0.0000, 0.0000, 0.0050)m
[20:31:21.273] [info] [ManualAdjust] 当前外参 [imu_0→cam_front]:
[20:31:21.273] [info]   旋转 RPY: (-2.3164, 0.3518, 1.0829) deg
[20:31:21.273] [info]   平移 XYZ: (-0.0307, -0.2420, 9.9046) m
[20:31:21.306] [debug] [ManualAdjust] 平移增量 dxyz=(0.0000, 0.0000, 0.0050)m
[20:31:21.306] [info] [ManualAdjust] 当前外参 [imu_0→cam_front]:
[20:31:21.306] [info]   旋转 RPY: (-2.3164, 0.3518, 1.0829) deg
[20:31:21.306] [info]   平移 XYZ: (-0.0307, -0.2420, 9.9096) m
[20:31:21.336] [debug] [ManualAdjust] 平移增量 dxyz=(0.0000, 0.0000, 0.0050)m
[20:31:21.338] [info] [ManualAdjust] 当前外参 [imu_0→cam_front]:
[20:31:21.338] [info]   旋转 RPY: (-2.3164, 0.3518, 1.0829) deg
[20:31:21.338] [info]   平移 XYZ: (-0.0307, -0.2420, 9.9146) m
[20:31:21.396] [debug] [ManualAdjust] 平移增量 dxyz=(0.0000, 0.0000, 0.0050)m
[20:31:21.396] [info] [ManualAdjust] 当前外参 [imu_0→cam_front]:
[20:31:21.396] [info]   旋转 RPY: (-2.3164, 0.3518, 1.0829) deg
[20:31:21.396] [info]   平移 XYZ: (-0.0307, -0.2420, 9.9196) m
[20:31:21.427] [debug] [ManualAdjust] 平移增量 dxyz=(0.0000, 0.0000, 0.0050)m
[20:31:21.427] [info] [ManualAdjust] 当前外参 [imu_0→cam_front]:
[20:31:21.427] [info]   旋转 RPY: (-2.3164, 0.3518, 1.0829) deg
[20:31:21.427] [info]   平移 XYZ: (-0.0307, -0.2420, 9.9246) m
[20:31:21.481] [debug] [ManualAdjust] 平移增量 dxyz=(0.0000, 0.0000, 0.0050)m
[20:31:21.481] [info] [ManualAdjust] 当前外参 [imu_0→cam_front]:
[20:31:21.481] [info]   旋转 RPY: (-2.3164, 0.3518, 1.0829) deg
[20:31:21.481] [info]   平移 XYZ: (-0.0307, -0.2420, 9.9296) m
[20:31:21.525] [debug] [ManualAdjust] 平移增量 dxyz=(0.0000, 0.0000, 0.0050)m
[20:31:21.525] [info] [ManualAdjust] 当前外参 [imu_0→cam_front]:
[20:31:21.525] [info]   旋转 RPY: (-2.3164, 0.3518, 1.0829) deg
[20:31:21.525] [info]   平移 XYZ: (-0.0307, -0.2420, 9.9346) m
[20:31:21.557] [debug] [ManualAdjust] 平移增量 dxyz=(0.0000, 0.0000, 0.0050)m
[20:31:21.557] [info] [ManualAdjust] 当前外参 [imu_0→cam_front]:
[20:31:21.557] [info]   旋转 RPY: (-2.3164, 0.3518, 1.0829) deg
[20:31:21.557] [info]   平移 XYZ: (-0.0307, -0.2420, 9.9396) m
[20:31:21.588] [debug] [ManualAdjust] 平移增量 dxyz=(0.0000, 0.0000, 0.0050)m
[20:31:21.588] [info] [ManualAdjust] 当前外参 [imu_0→cam_front]:
[20:31:21.588] [info]   旋转 RPY: (-2.3164, 0.3518, 1.0829) deg
[20:31:21.588] [info]   平移 XYZ: (-0.0307, -0.2420, 9.9446) m
[20:31:21.618] [debug] [ManualAdjust] 平移增量 dxyz=(0.0000, 0.0000, 0.0050)m
[20:31:21.618] [info] [ManualAdjust] 当前外参 [imu_0→cam_front]:
[20:31:21.618] [info]   旋转 RPY: (-2.3164, 0.3518, 1.0829) deg
[20:31:21.618] [info]   平移 XYZ: (-0.0307, -0.2420, 9.9496) m
[20:31:21.651] [debug] [ManualAdjust] 平移增量 dxyz=(0.0000, 0.0000, 0.0050)m
[20:31:21.651] [info] [ManualAdjust] 当前外参 [imu_0→cam_front]:
[20:31:21.651] [info]   旋转 RPY: (-2.3164, 0.3518, 1.0829) deg
[20:31:21.651] [info]   平移 XYZ: (-0.0307, -0.2420, 9.9546) m
[20:31:21.684] [debug] [ManualAdjust] 平移增量 dxyz=(0.0000, 0.0000, 0.0050)m
[20:31:21.684] [info] [ManualAdjust] 当前外参 [imu_0→cam_front]:
[20:31:21.684] [info]   旋转 RPY: (-2.3164, 0.3518, 1.0829) deg
[20:31:21.684] [info]   平移 XYZ: (-0.0307, -0.2420, 9.9596) m
[20:31:21.716] [debug] [ManualAdjust] 平移增量 dxyz=(0.0000, 0.0000, 0.0050)m
[20:31:21.716] [info] [ManualAdjust] 当前外参 [imu_0→cam_front]:
[20:31:21.716] [info]   旋转 RPY: (-2.3164, 0.3518, 1.0829) deg
[20:31:21.716] [info]   平移 XYZ: (-0.0307, -0.2420, 9.9646) m
[20:31:21.750] [debug] [ManualAdjust] 平移增量 dxyz=(0.0000, 0.0000, 0.0050)m
[20:31:21.750] [info] [ManualAdjust] 当前外参 [imu_0→cam_front]:
[20:31:21.750] [info]   旋转 RPY: (-2.3164, 0.3518, 1.0829) deg
[20:31:21.750] [info]   平移 XYZ: (-0.0307, -0.2420, 9.9696) m
[20:31:21.781] [debug] [ManualAdjust] 平移增量 dxyz=(0.0000, 0.0000, 0.0050)m
[20:31:21.781] [info] [ManualAdjust] 当前外参 [imu_0→cam_front]:
[20:31:21.781] [info]   旋转 RPY: (-2.3164, 0.3518, 1.0829) deg
[20:31:21.781] [info]   平移 XYZ: (-0.0307, -0.2420, 9.9746) m
[20:31:21.833] [debug] [ManualAdjust] 平移增量 dxyz=(0.0000, 0.0000, 0.0050)m
[20:31:21.833] [info] [ManualAdjust] 当前外参 [imu_0→cam_front]:
[20:31:21.833] [info]   旋转 RPY: (-2.3164, 0.3518, 1.0829) deg
[20:31:21.833] [info]   平移 XYZ: (-0.0307, -0.2420, 9.9796) m
[20:31:21.875] [debug] [ManualAdjust] 平移增量 dxyz=(0.0000, 0.0000, 0.0050)m
[20:31:21.875] [info] [ManualAdjust] 当前外参 [imu_0→cam_front]:
[20:31:21.875] [info]   旋转 RPY: (-2.3164, 0.3518, 1.0829) deg
[20:31:21.875] [info]   平移 XYZ: (-0.0307, -0.2420, 9.9846) m
[20:31:21.912] [debug] [ManualAdjust] 平移增量 dxyz=(0.0000, 0.0000, 0.0050)m
[20:31:21.912] [info] [ManualAdjust] 当前外参 [imu_0→cam_front]:
[20:31:21.912] [info]   旋转 RPY: (-2.3164, 0.3518, 1.0829) deg
[20:31:21.912] [info]   平移 XYZ: (-0.0307, -0.2420, 9.9896) m
[20:31:21.942] [debug] [ManualAdjust] 平移增量 dxyz=(0.0000, 0.0000, 0.0050)m
[20:31:21.942] [info] [ManualAdjust] 当前外参 [imu_0→cam_front]:
[20:31:21.942] [info]   旋转 RPY: (-2.3164, 0.3518, 1.0829) deg
[20:31:21.942] [info]   平移 XYZ: (-0.0307, -0.2420, 9.9946) m
[20:31:22.001] [debug] [ManualAdjust] 平移增量 dxyz=(0.0000, 0.0000, 0.0050)m
[20:31:22.001] [info] [ManualAdjust] 当前外参 [imu_0→cam_front]:
[20:31:22.001] [info]   旋转 RPY: (-2.3164, 0.3518, 1.0829) deg
[20:31:22.001] [info]   平移 XYZ: (-0.0307, -0.2420, 9.9996) m
[20:31:22.031] [debug] [ManualAdjust] 平移增量 dxyz=(0.0000, 0.0000, 0.0050)m
[20:31:22.031] [info] [ManualAdjust] 当前外参 [imu_0→cam_front]:
[20:31:22.031] [info]   旋转 RPY: (-2.3164, 0.3518, 1.0829) deg
[20:31:22.031] [info]   平移 XYZ: (-0.0307, -0.2420, 10.0046) m
[20:31:22.082] [debug] [ManualAdjust] 平移增量 dxyz=(0.0000, 0.0000, 0.0050)m
[20:31:22.082] [info] [ManualAdjust] 当前外参 [imu_0→cam_front]:
[20:31:22.082] [info]   旋转 RPY: (-2.3164, 0.3518, 1.0829) deg
[20:31:22.082] [info]   平移 XYZ: (-0.0307, -0.2420, 10.0096) m
[20:31:22.112] [debug] [ManualAdjust] 平移增量 dxyz=(0.0000, 0.0000, 0.0050)m
[20:31:22.112] [info] [ManualAdjust] 当前外参 [imu_0→cam_front]:
[20:31:22.112] [info]   旋转 RPY: (-2.3164, 0.3518, 1.0829) deg
[20:31:22.112] [info]   平移 XYZ: (-0.0307, -0.2420, 10.0146) m
[20:31:22.176] [debug] [ManualAdjust] 平移增量 dxyz=(0.0000, 0.0000, 0.0050)m
[20:31:22.176] [info] [ManualAdjust] 当前外参 [imu_0→cam_front]:
[20:31:22.176] [info]   旋转 RPY: (-2.3164, 0.3518, 1.0829) deg
[20:31:22.176] [info]   平移 XYZ: (-0.0307, -0.2420, 10.0196) m
[20:31:22.221] [debug] [ManualAdjust] 平移增量 dxyz=(0.0000, 0.0000, 0.0050)m
[20:31:22.221] [info] [ManualAdjust] 当前外参 [imu_0→cam_front]:
[20:31:22.221] [info]   旋转 RPY: (-2.3164, 0.3518, 1.0829) deg
[20:31:22.221] [info]   平移 XYZ: (-0.0307, -0.2420, 10.0246) m
[20:31:22.251] [debug] [ManualAdjust] 平移增量 dxyz=(0.0000, 0.0000, 0.0050)m
[20:31:22.251] [info] [ManualAdjust] 当前外参 [imu_0→cam_front]:
[20:31:22.251] [info]   旋转 RPY: (-2.3164, 0.3518, 1.0829) deg
[20:31:22.251] [info]   平移 XYZ: (-0.0307, -0.2420, 10.0296) m
[20:31:22.296] [debug] [ManualAdjust] 平移增量 dxyz=(0.0000, 0.0000, 0.0050)m
[20:31:22.296] [info] [ManualAdjust] 当前外参 [imu_0→cam_front]:
[20:31:22.296] [info]   旋转 RPY: (-2.3164, 0.3518, 1.0829) deg
[20:31:22.296] [info]   平移 XYZ: (-0.0307, -0.2420, 10.0346) m
[20:31:22.326] [debug] [ManualAdjust] 平移增量 dxyz=(0.0000, 0.0000, 0.0050)m
[20:31:22.326] [info] [ManualAdjust] 当前外参 [imu_0→cam_front]:
[20:31:22.326] [info]   旋转 RPY: (-2.3164, 0.3518, 1.0829) deg
[20:31:22.326] [info]   平移 XYZ: (-0.0307, -0.2420, 10.0396) m
[20:31:22.370] [debug] [ManualAdjust] 平移增量 dxyz=(0.0000, 0.0000, 0.0050)m
[20:31:22.370] [info] [ManualAdjust] 当前外参 [imu_0→cam_front]:
[20:31:22.370] [info]   旋转 RPY: (-2.3164, 0.3518, 1.0829) deg
[20:31:22.370] [info]   平移 XYZ: (-0.0307, -0.2420, 10.0446) m
[20:31:22.399] [debug] [ManualAdjust] 平移增量 dxyz=(0.0000, 0.0000, 0.0050)m
[20:31:22.399] [info] [ManualAdjust] 当前外参 [imu_0→cam_front]:
[20:31:22.399] [info]   旋转 RPY: (-2.3164, 0.3518, 1.0829) deg
[20:31:22.399] [info]   平移 XYZ: (-0.0307, -0.2420, 10.0496) m
[20:31:22.429] [debug] [ManualAdjust] 平移增量 dxyz=(0.0000, 0.0000, 0.0050)m
[20:31:22.429] [info] [ManualAdjust] 当前外参 [imu_0→cam_front]:
[20:31:22.429] [info]   旋转 RPY: (-2.3164, 0.3518, 1.0829) deg
[20:31:22.429] [info]   平移 XYZ: (-0.0307, -0.2420, 10.0546) m
[20:31:22.461] [debug] [ManualAdjust] 平移增量 dxyz=(0.0000, 0.0000, 0.0050)m
[20:31:22.461] [info] [ManualAdjust] 当前外参 [imu_0→cam_front]:
[20:31:22.461] [info]   旋转 RPY: (-2.3164, 0.3518, 1.0829) deg
[20:31:22.461] [info]   平移 XYZ: (-0.0307, -0.2420, 10.0596) m
[20:31:22.496] [debug] [ManualAdjust] 平移增量 dxyz=(0.0000, 0.0000, 0.0050)m
[20:31:22.496] [info] [ManualAdjust] 当前外参 [imu_0→cam_front]:
[20:31:22.496] [info]   旋转 RPY: (-2.3164, 0.3518, 1.0829) deg
[20:31:22.496] [info]   平移 XYZ: (-0.0307, -0.2420, 10.0646) m
[20:31:22.551] [debug] [ManualAdjust] 平移增量 dxyz=(0.0000, 0.0000, 0.0050)m
[20:31:22.551] [info] [ManualAdjust] 当前外参 [imu_0→cam_front]:
[20:31:22.551] [info]   旋转 RPY: (-2.3164, 0.3518, 1.0829) deg
[20:31:22.551] [info]   平移 XYZ: (-0.0307, -0.2420, 10.0696) m
[20:31:22.582] [debug] [ManualAdjust] 平移增量 dxyz=(0.0000, 0.0000, 0.0050)m
[20:31:22.582] [info] [ManualAdjust] 当前外参 [imu_0→cam_front]:
[20:31:22.582] [info]   旋转 RPY: (-2.3164, 0.3518, 1.0829) deg
[20:31:22.582] [info]   平移 XYZ: (-0.0307, -0.2420, 10.0746) m
[20:31:22.612] [debug] [ManualAdjust] 平移增量 dxyz=(0.0000, 0.0000, 0.0050)m
[20:31:22.612] [info] [ManualAdjust] 当前外参 [imu_0→cam_front]:
[20:31:22.612] [info]   旋转 RPY: (-2.3164, 0.3518, 1.0829) deg
[20:31:22.612] [info]   平移 XYZ: (-0.0307, -0.2420, 10.0796) m
[20:31:22.646] [debug] [ManualAdjust] 平移增量 dxyz=(0.0000, 0.0000, 0.0050)m
[20:31:22.646] [info] [ManualAdjust] 当前外参 [imu_0→cam_front]:
[20:31:22.646] [info]   旋转 RPY: (-2.3164, 0.3518, 1.0829) deg
[20:31:22.646] [info]   平移 XYZ: (-0.0307, -0.2420, 10.0846) m
[20:31:22.673] [debug] [ManualAdjust] 平移增量 dxyz=(0.0000, 0.0000, 0.0050)m
[20:31:22.673] [info] [ManualAdjust] 当前外参 [imu_0→cam_front]:
[20:31:22.673] [info]   旋转 RPY: (-2.3164, 0.3518, 1.0829) deg
[20:31:22.673] [info]   平移 XYZ: (-0.0307, -0.2420, 10.0896) m
[20:31:22.717] [debug] [ManualAdjust] 平移增量 dxyz=(0.0000, 0.0000, 0.0050)m
[20:31:22.717] [info] [ManualAdjust] 当前外参 [imu_0→cam_front]:
[20:31:22.717] [info]   旋转 RPY: (-2.3164, 0.3518, 1.0829) deg
[20:31:22.717] [info]   平移 XYZ: (-0.0307, -0.2420, 10.0946) m
[20:31:22.749] [debug] [ManualAdjust] 平移增量 dxyz=(0.0000, 0.0000, 0.0050)m
[20:31:22.749] [info] [ManualAdjust] 当前外参 [imu_0→cam_front]:
[20:31:22.749] [info]   旋转 RPY: (-2.3164, 0.3518, 1.0829) deg
[20:31:22.749] [info]   平移 XYZ: (-0.0307, -0.2420, 10.0996) m
[20:31:22.779] [debug] [ManualAdjust] 平移增量 dxyz=(0.0000, 0.0000, 0.0050)m
[20:31:22.779] [info] [ManualAdjust] 当前外参 [imu_0→cam_front]:
[20:31:22.779] [info]   旋转 RPY: (-2.3164, 0.3518, 1.0829) deg
[20:31:22.779] [info]   平移 XYZ: (-0.0307, -0.2420, 10.1046) m
[20:31:22.812] [debug] [ManualAdjust] 平移增量 dxyz=(0.0000, 0.0000, 0.0050)m
[20:31:22.812] [info] [ManualAdjust] 当前外参 [imu_0→cam_front]:
[20:31:22.812] [info]   旋转 RPY: (-2.3164, 0.3518, 1.0829) deg
[20:31:22.812] [info]   平移 XYZ: (-0.0307, -0.2420, 10.1096) m
[20:31:22.848] [debug] [ManualAdjust] 平移增量 dxyz=(0.0000, 0.0000, 0.0050)m
[20:31:22.848] [info] [ManualAdjust] 当前外参 [imu_0→cam_front]:
[20:31:22.848] [info]   旋转 RPY: (-2.3164, 0.3518, 1.0829) deg
[20:31:22.848] [info]   平移 XYZ: (-0.0307, -0.2420, 10.1146) m
[20:31:22.893] [debug] [ManualAdjust] 平移增量 dxyz=(0.0000, 0.0000, 0.0050)m
[20:31:22.893] [info] [ManualAdjust] 当前外参 [imu_0→cam_front]:
[20:31:22.893] [info]   旋转 RPY: (-2.3164, 0.3518, 1.0829) deg
[20:31:22.893] [info]   平移 XYZ: (-0.0307, -0.2420, 10.1196) m
[20:31:22.924] [debug] [ManualAdjust] 平移增量 dxyz=(0.0000, 0.0000, 0.0050)m
[20:31:22.924] [info] [ManualAdjust] 当前外参 [imu_0→cam_front]:
[20:31:22.924] [info]   旋转 RPY: (-2.3164, 0.3518, 1.0829) deg
[20:31:22.924] [info]   平移 XYZ: (-0.0307, -0.2420, 10.1246) m
[20:31:22.956] [debug] [ManualAdjust] 平移增量 dxyz=(0.0000, 0.0000, 0.0050)m
[20:31:22.956] [info] [ManualAdjust] 当前外参 [imu_0→cam_front]:
[20:31:22.956] [info]   旋转 RPY: (-2.3164, 0.3518, 1.0829) deg
[20:31:22.956] [info]   平移 XYZ: (-0.0307, -0.2420, 10.1296) m
[20:31:23.015] [debug] [ManualAdjust] 平移增量 dxyz=(0.0000, 0.0000, 0.0050)m
[20:31:23.015] [info] [ManualAdjust] 当前外参 [imu_0→cam_front]:
[20:31:23.015] [info]   旋转 RPY: (-2.3164, 0.3518, 1.0829) deg
[20:31:23.015] [info]   平移 XYZ: (-0.0307, -0.2420, 10.1346) m
[20:31:23.059] [debug] [ManualAdjust] 平移增量 dxyz=(0.0000, 0.0000, 0.0050)m
[20:31:23.059] [info] [ManualAdjust] 当前外参 [imu_0→cam_front]:
[20:31:23.059] [info]   旋转 RPY: (-2.3164, 0.3518, 1.0829) deg
[20:31:23.059] [info]   平移 XYZ: (-0.0307, -0.2420, 10.1396) m
[20:31:23.089] [debug] [ManualAdjust] 平移增量 dxyz=(0.0000, 0.0000, 0.0050)m
[20:31:23.089] [info] [ManualAdjust] 当前外参 [imu_0→cam_front]:
[20:31:23.089] [info]   旋转 RPY: (-2.3164, 0.3518, 1.0829) deg
[20:31:23.089] [info]   平移 XYZ: (-0.0307, -0.2420, 10.1446) m
[20:31:23.120] [debug] [ManualAdjust] 平移增量 dxyz=(0.0000, 0.0000, 0.0050)m
[20:31:23.120] [info] [ManualAdjust] 当前外参 [imu_0→cam_front]:
[20:31:23.120] [info]   旋转 RPY: (-2.3164, 0.3518, 1.0829) deg
[20:31:23.120] [info]   平移 XYZ: (-0.0307, -0.2420, 10.1496) m
[20:31:23.183] [debug] [ManualAdjust] 平移增量 dxyz=(0.0000, 0.0000, 0.0050)m
[20:31:23.183] [info] [ManualAdjust] 当前外参 [imu_0→cam_front]:
[20:31:23.183] [info]   旋转 RPY: (-2.3164, 0.3518, 1.0829) deg
[20:31:23.183] [info]   平移 XYZ: (-0.0307, -0.2420, 10.1546) m
[20:31:23.213] [debug] [ManualAdjust] 平移增量 dxyz=(0.0000, 0.0000, 0.0050)m
[20:31:23.213] [info] [ManualAdjust] 当前外参 [imu_0→cam_front]:
[20:31:23.213] [info]   旋转 RPY: (-2.3164, 0.3518, 1.0829) deg
[20:31:23.213] [info]   平移 XYZ: (-0.0307, -0.2420, 10.1596) m
[20:31:23.275] [debug] [ManualAdjust] 平移增量 dxyz=(0.0000, 0.0000, 0.0050)m
[20:31:23.275] [info] [ManualAdjust] 当前外参 [imu_0→cam_front]:
[20:31:23.275] [info]   旋转 RPY: (-2.3164, 0.3518, 1.0829) deg
[20:31:23.275] [info]   平移 XYZ: (-0.0307, -0.2420, 10.1646) m
[20:31:23.305] [debug] [ManualAdjust] 平移增量 dxyz=(0.0000, 0.0000, 0.0050)m
[20:31:23.305] [info] [ManualAdjust] 当前外参 [imu_0→cam_front]:
[20:31:23.305] [info]   旋转 RPY: (-2.3164, 0.3518, 1.0829) deg
[20:31:23.305] [info]   平移 XYZ: (-0.0307, -0.2420, 10.1696) m
[20:31:23.368] [debug] [ManualAdjust] 平移增量 dxyz=(0.0000, 0.0000, 0.0050)m
[20:31:23.368] [info] [ManualAdjust] 当前外参 [imu_0→cam_front]:
[20:31:23.368] [info]   旋转 RPY: (-2.3164, 0.3518, 1.0829) deg
[20:31:23.368] [info]   平移 XYZ: (-0.0307, -0.2420, 10.1746) m
[20:31:23.399] [debug] [ManualAdjust] 平移增量 dxyz=(0.0000, 0.0000, 0.0050)m
[20:31:23.399] [info] [ManualAdjust] 当前外参 [imu_0→cam_front]:
[20:31:23.399] [info]   旋转 RPY: (-2.3164, 0.3518, 1.0829) deg
[20:31:23.399] [info]   平移 XYZ: (-0.0307, -0.2420, 10.1796) m
[20:31:23.452] [debug] [ManualAdjust] 平移增量 dxyz=(0.0000, 0.0000, 0.0050)m
[20:31:23.452] [info] [ManualAdjust] 当前外参 [imu_0→cam_front]:
[20:31:23.452] [info]   旋转 RPY: (-2.3164, 0.3518, 1.0829) deg
[20:31:23.452] [info]   平移 XYZ: (-0.0307, -0.2420, 10.1846) m
[20:31:23.484] [debug] [ManualAdjust] 平移增量 dxyz=(0.0000, 0.0000, 0.0050)m
[20:31:23.484] [info] [ManualAdjust] 当前外参 [imu_0→cam_front]:
[20:31:23.484] [info]   旋转 RPY: (-2.3164, 0.3518, 1.0829) deg
[20:31:23.484] [info]   平移 XYZ: (-0.0307, -0.2420, 10.1896) m
[20:31:23.536] [debug] [ManualAdjust] 平移增量 dxyz=(0.0000, 0.0000, 0.0050)m
[20:31:23.536] [info] [ManualAdjust] 当前外参 [imu_0→cam_front]:
[20:31:23.536] [info]   旋转 RPY: (-2.3164, 0.3518, 1.0829) deg
[20:31:23.536] [info]   平移 XYZ: (-0.0307, -0.2420, 10.1946) m
[20:31:23.568] [debug] [ManualAdjust] 平移增量 dxyz=(0.0000, 0.0000, 0.0050)m
[20:31:23.568] [info] [ManualAdjust] 当前外参 [imu_0→cam_front]:
[20:31:23.568] [info]   旋转 RPY: (-2.3164, 0.3518, 1.0829) deg
[20:31:23.568] [info]   平移 XYZ: (-0.0307, -0.2420, 10.1996) m
[20:31:23.619] [debug] [ManualAdjust] 平移增量 dxyz=(0.0000, 0.0000, 0.0050)m
[20:31:23.619] [info] [ManualAdjust] 当前外参 [imu_0→cam_front]:
[20:31:23.619] [info]   旋转 RPY: (-2.3164, 0.3518, 1.0829) deg
[20:31:23.619] [info]   平移 XYZ: (-0.0307, -0.2420, 10.2046) m
[20:31:23.661] [debug] [ManualAdjust] 平移增量 dxyz=(0.0000, 0.0000, 0.0050)m
[20:31:23.661] [info] [ManualAdjust] 当前外参 [imu_0→cam_front]:
[20:31:23.661] [info]   旋转 RPY: (-2.3164, 0.3518, 1.0829) deg
[20:31:23.661] [info]   平移 XYZ: (-0.0307, -0.2420, 10.2096) m
[20:31:23.688] [debug] [ManualAdjust] 平移增量 dxyz=(0.0000, 0.0000, 0.0050)m
[20:31:23.688] [info] [ManualAdjust] 当前外参 [imu_0→cam_front]:
[20:31:23.688] [info]   旋转 RPY: (-2.3164, 0.3518, 1.0829) deg
[20:31:23.688] [info]   平移 XYZ: (-0.0307, -0.2420, 10.2146) m
[20:31:23.718] [debug] [ManualAdjust] 平移增量 dxyz=(0.0000, 0.0000, 0.0050)m
[20:31:23.718] [info] [ManualAdjust] 当前外参 [imu_0→cam_front]:
[20:31:23.718] [info]   旋转 RPY: (-2.3164, 0.3518, 1.0829) deg
[20:31:23.718] [info]   平移 XYZ: (-0.0307, -0.2420, 10.2196) m
[20:31:23.750] [debug] [ManualAdjust] 平移增量 dxyz=(0.0000, 0.0000, 0.0050)m
[20:31:23.750] [info] [ManualAdjust] 当前外参 [imu_0→cam_front]:
[20:31:23.750] [info]   旋转 RPY: (-2.3164, 0.3518, 1.0829) deg
[20:31:23.750] [info]   平移 XYZ: (-0.0307, -0.2420, 10.2246) m
[20:31:23.782] [debug] [ManualAdjust] 平移增量 dxyz=(0.0000, 0.0000, 0.0050)m
[20:31:23.782] [info] [ManualAdjust] 当前外参 [imu_0→cam_front]:
[20:31:23.782] [info]   旋转 RPY: (-2.3164, 0.3518, 1.0829) deg
[20:31:23.782] [info]   平移 XYZ: (-0.0307, -0.2420, 10.2296) m
[20:31:23.813] [debug] [ManualAdjust] 平移增量 dxyz=(0.0000, 0.0000, 0.0050)m
[20:31:23.813] [info] [ManualAdjust] 当前外参 [imu_0→cam_front]:
[20:31:23.813] [info]   旋转 RPY: (-2.3164, 0.3518, 1.0829) deg
[20:31:23.813] [info]   平移 XYZ: (-0.0307, -0.2420, 10.2346) m
[20:31:23.855] [debug] [ManualAdjust] 平移增量 dxyz=(0.0000, 0.0000, 0.0050)m
[20:31:23.855] [info] [ManualAdjust] 当前外参 [imu_0→cam_front]:
[20:31:23.855] [info]   旋转 RPY: (-2.3164, 0.3518, 1.0829) deg
[20:31:23.855] [info]   平移 XYZ: (-0.0307, -0.2420, 10.2396) m
[20:31:23.893] [debug] [ManualAdjust] 平移增量 dxyz=(0.0000, 0.0000, 0.0050)m
[20:31:23.893] [info] [ManualAdjust] 当前外参 [imu_0→cam_front]:
[20:31:23.893] [info]   旋转 RPY: (-2.3164, 0.3518, 1.0829) deg
[20:31:23.893] [info]   平移 XYZ: (-0.0307, -0.2420, 10.2446) m
[20:31:23.923] [debug] [ManualAdjust] 平移增量 dxyz=(0.0000, 0.0000, 0.0050)m
[20:31:23.923] [info] [ManualAdjust] 当前外参 [imu_0→cam_front]:
[20:31:23.923] [info]   旋转 RPY: (-2.3164, 0.3518, 1.0829) deg
[20:31:23.923] [info]   平移 XYZ: (-0.0307, -0.2420, 10.2496) m
[20:31:23.973] [debug] [ManualAdjust] 平移增量 dxyz=(0.0000, 0.0000, 0.0050)m
[20:31:23.973] [info] [ManualAdjust] 当前外参 [imu_0→cam_front]:
[20:31:23.973] [info]   旋转 RPY: (-2.3164, 0.3518, 1.0829) deg
[20:31:23.973] [info]   平移 XYZ: (-0.0307, -0.2420, 10.2546) m
[20:31:24.005] [debug] [ManualAdjust] 平移增量 dxyz=(0.0000, 0.0000, 0.0050)m
[20:31:24.005] [info] [ManualAdjust] 当前外参 [imu_0→cam_front]:
[20:31:24.005] [info]   旋转 RPY: (-2.3164, 0.3518, 1.0829) deg
[20:31:24.005] [info]   平移 XYZ: (-0.0307, -0.2420, 10.2596) m
[20:31:24.035] [debug] [ManualAdjust] 平移增量 dxyz=(0.0000, 0.0000, 0.0050)m
[20:31:24.035] [info] [ManualAdjust] 当前外参 [imu_0→cam_front]:
[20:31:24.035] [info]   旋转 RPY: (-2.3164, 0.3518, 1.0829) deg
[20:31:24.035] [info]   平移 XYZ: (-0.0307, -0.2420, 10.2646) m
[20:31:24.098] [debug] [ManualAdjust] 平移增量 dxyz=(0.0000, 0.0000, 0.0050)m
[20:31:24.098] [info] [ManualAdjust] 当前外参 [imu_0→cam_front]:
[20:31:24.098] [info]   旋转 RPY: (-2.3164, 0.3518, 1.0829) deg
[20:31:24.098] [info]   平移 XYZ: (-0.0307, -0.2420, 10.2696) m
[20:31:24.128] [debug] [ManualAdjust] 平移增量 dxyz=(0.0000, 0.0000, 0.0050)m
[20:31:24.128] [info] [ManualAdjust] 当前外参 [imu_0→cam_front]:
[20:31:24.128] [info]   旋转 RPY: (-2.3164, 0.3518, 1.0829) deg
[20:31:24.128] [info]   平移 XYZ: (-0.0307, -0.2420, 10.2746) m
[20:31:24.179] [debug] [ManualAdjust] 平移增量 dxyz=(0.0000, 0.0000, 0.0050)m
[20:31:24.179] [info] [ManualAdjust] 当前外参 [imu_0→cam_front]:
[20:31:24.179] [info]   旋转 RPY: (-2.3164, 0.3518, 1.0829) deg
[20:31:24.179] [info]   平移 XYZ: (-0.0307, -0.2420, 10.2796) m
[20:31:24.221] [debug] [ManualAdjust] 平移增量 dxyz=(0.0000, 0.0000, 0.0050)m
[20:31:24.221] [info] [ManualAdjust] 当前外参 [imu_0→cam_front]:
[20:31:24.221] [info]   旋转 RPY: (-2.3164, 0.3518, 1.0829) deg
[20:31:24.221] [info]   平移 XYZ: (-0.0307, -0.2420, 10.2846) m
[20:31:24.258] [debug] [ManualAdjust] 平移增量 dxyz=(0.0000, 0.0000, 0.0050)m
[20:31:24.258] [info] [ManualAdjust] 当前外参 [imu_0→cam_front]:
[20:31:24.258] [info]   旋转 RPY: (-2.3164, 0.3518, 1.0829) deg
[20:31:24.258] [info]   平移 XYZ: (-0.0307, -0.2420, 10.2896) m
[20:31:24.288] [debug] [ManualAdjust] 平移增量 dxyz=(0.0000, 0.0000, 0.0050)m
[20:31:24.288] [info] [ManualAdjust] 当前外参 [imu_0→cam_front]:
[20:31:24.288] [info]   旋转 RPY: (-2.3164, 0.3518, 1.0829) deg
[20:31:24.288] [info]   平移 XYZ: (-0.0307, -0.2420, 10.2946) m
[20:31:24.334] [debug] [ManualAdjust] 平移增量 dxyz=(0.0000, 0.0000, 0.0050)m
[20:31:24.334] [info] [ManualAdjust] 当前外参 [imu_0→cam_front]:
[20:31:24.334] [info]   旋转 RPY: (-2.3164, 0.3518, 1.0829) deg
[20:31:24.334] [info]   平移 XYZ: (-0.0307, -0.2420, 10.2996) m
[20:31:24.367] [debug] [ManualAdjust] 平移增量 dxyz=(0.0000, 0.0000, 0.0050)m
[20:31:24.367] [info] [ManualAdjust] 当前外参 [imu_0→cam_front]:
[20:31:24.367] [info]   旋转 RPY: (-2.3164, 0.3518, 1.0829) deg
[20:31:24.367] [info]   平移 XYZ: (-0.0307, -0.2420, 10.3046) m
[20:31:24.397] [debug] [ManualAdjust] 平移增量 dxyz=(0.0000, 0.0000, 0.0050)m
[20:31:24.397] [info] [ManualAdjust] 当前外参 [imu_0→cam_front]:
[20:31:24.397] [info]   旋转 RPY: (-2.3164, 0.3518, 1.0829) deg
[20:31:24.397] [info]   平移 XYZ: (-0.0307, -0.2420, 10.3096) m
[20:31:24.453] [debug] [ManualAdjust] 平移增量 dxyz=(0.0000, 0.0000, 0.0050)m
[20:31:24.453] [info] [ManualAdjust] 当前外参 [imu_0→cam_front]:
[20:31:24.454] [info]   旋转 RPY: (-2.3164, 0.3518, 1.0829) deg
[20:31:24.454] [info]   平移 XYZ: (-0.0307, -0.2420, 10.3146) m
[20:31:24.495] [debug] [ManualAdjust] 平移增量 dxyz=(0.0000, 0.0000, 0.0050)m
[20:31:24.495] [info] [ManualAdjust] 当前外参 [imu_0→cam_front]:
[20:31:24.495] [info]   旋转 RPY: (-2.3164, 0.3518, 1.0829) deg
[20:31:24.495] [info]   平移 XYZ: (-0.0307, -0.2420, 10.3196) m
[20:31:24.524] [debug] [ManualAdjust] 平移增量 dxyz=(0.0000, 0.0000, 0.0050)m
[20:31:24.524] [info] [ManualAdjust] 当前外参 [imu_0→cam_front]:
[20:31:24.524] [info]   旋转 RPY: (-2.3164, 0.3518, 1.0829) deg
[20:31:24.524] [info]   平移 XYZ: (-0.0307, -0.2420, 10.3246) m
[20:31:24.556] [debug] [ManualAdjust] 平移增量 dxyz=(0.0000, 0.0000, 0.0050)m
[20:31:24.556] [info] [ManualAdjust] 当前外参 [imu_0→cam_front]:
[20:31:24.556] [info]   旋转 RPY: (-2.3164, 0.3518, 1.0829) deg
[20:31:24.556] [info]   平移 XYZ: (-0.0307, -0.2420, 10.3296) m
[20:31:24.604] [debug] [ManualAdjust] 平移增量 dxyz=(0.0000, 0.0000, 0.0050)m
[20:31:24.604] [info] [ManualAdjust] 当前外参 [imu_0→cam_front]:
[20:31:24.604] [info]   旋转 RPY: (-2.3164, 0.3518, 1.0829) deg
[20:31:24.604] [info]   平移 XYZ: (-0.0307, -0.2420, 10.3346) m
[20:31:24.632] [debug] [ManualAdjust] 平移增量 dxyz=(0.0000, 0.0000, 0.0050)m
[20:31:24.632] [info] [ManualAdjust] 当前外参 [imu_0→cam_front]:
[20:31:24.632] [info]   旋转 RPY: (-2.3164, 0.3518, 1.0829) deg
[20:31:24.632] [info]   平移 XYZ: (-0.0307, -0.2420, 10.3396) m
[20:31:24.662] [debug] [ManualAdjust] 平移增量 dxyz=(0.0000, 0.0000, 0.0050)m
[20:31:24.662] [info] [ManualAdjust] 当前外参 [imu_0→cam_front]:
[20:31:24.662] [info]   旋转 RPY: (-2.3164, 0.3518, 1.0829) deg
[20:31:24.662] [info]   平移 XYZ: (-0.0307, -0.2420, 10.3446) m
[20:31:24.693] [debug] [ManualAdjust] 平移增量 dxyz=(0.0000, 0.0000, 0.0050)m
[20:31:24.693] [info] [ManualAdjust] 当前外参 [imu_0→cam_front]:
[20:31:24.693] [info]   旋转 RPY: (-2.3164, 0.3518, 1.0829) deg
[20:31:24.693] [info]   平移 XYZ: (-0.0307, -0.2420, 10.3496) m
[20:31:24.725] [debug] [ManualAdjust] 平移增量 dxyz=(0.0000, 0.0000, 0.0050)m
[20:31:24.725] [info] [ManualAdjust] 当前外参 [imu_0→cam_front]:
[20:31:24.725] [info]   旋转 RPY: (-2.3164, 0.3518, 1.0829) deg
[20:31:24.725] [info]   平移 XYZ: (-0.0307, -0.2420, 10.3546) m
[20:31:24.773] [debug] [ManualAdjust] 平移增量 dxyz=(0.0000, 0.0000, 0.0050)m
[20:31:24.773] [info] [ManualAdjust] 当前外参 [imu_0→cam_front]:
[20:31:24.773] [info]   旋转 RPY: (-2.3164, 0.3518, 1.0829) deg
[20:31:24.773] [info]   平移 XYZ: (-0.0307, -0.2420, 10.3596) m
[20:31:24.807] [debug] [ManualAdjust] 平移增量 dxyz=(0.0000, 0.0000, 0.0050)m
[20:31:24.807] [info] [ManualAdjust] 当前外参 [imu_0→cam_front]:
[20:31:24.807] [info]   旋转 RPY: (-2.3164, 0.3518, 1.0829) deg
[20:31:24.807] [info]   平移 XYZ: (-0.0307, -0.2420, 10.3646) m
[20:31:24.840] [debug] [ManualAdjust] 平移增量 dxyz=(0.0000, 0.0000, 0.0050)m
[20:31:24.840] [info] [ManualAdjust] 当前外参 [imu_0→cam_front]:
[20:31:24.840] [info]   旋转 RPY: (-2.3164, 0.3518, 1.0829) deg
[20:31:24.840] [info]   平移 XYZ: (-0.0307, -0.2420, 10.3696) m
[20:31:24.895] [debug] [ManualAdjust] 平移增量 dxyz=(0.0000, 0.0000, 0.0050)m
[20:31:24.895] [info] [ManualAdjust] 当前外参 [imu_0→cam_front]:
[20:31:24.895] [info]   旋转 RPY: (-2.3164, 0.3518, 1.0829) deg
[20:31:24.895] [info]   平移 XYZ: (-0.0307, -0.2420, 10.3746) m
[20:31:24.926] [debug] [ManualAdjust] 平移增量 dxyz=(0.0000, 0.0000, 0.0050)m
[20:31:24.926] [info] [ManualAdjust] 当前外参 [imu_0→cam_front]:
[20:31:24.926] [info]   旋转 RPY: (-2.3164, 0.3518, 1.0829) deg
[20:31:24.926] [info]   平移 XYZ: (-0.0307, -0.2420, 10.3796) m
[20:31:24.978] [debug] [ManualAdjust] 平移增量 dxyz=(0.0000, 0.0000, 0.0050)m
[20:31:24.978] [info] [ManualAdjust] 当前外参 [imu_0→cam_front]:
[20:31:24.978] [info]   旋转 RPY: (-2.3164, 0.3518, 1.0829) deg
[20:31:24.978] [info]   平移 XYZ: (-0.0307, -0.2420, 10.3846) m
[20:31:25.026] [debug] [ManualAdjust] 平移增量 dxyz=(0.0000, 0.0000, 0.0050)m
[20:31:25.026] [info] [ManualAdjust] 当前外参 [imu_0→cam_front]:
[20:31:25.026] [info]   旋转 RPY: (-2.3164, 0.3518, 1.0829) deg
[20:31:25.026] [info]   平移 XYZ: (-0.0307, -0.2420, 10.3896) m
[20:31:25.063] [debug] [ManualAdjust] 平移增量 dxyz=(0.0000, 0.0000, 0.0050)m
[20:31:25.063] [info] [ManualAdjust] 当前外参 [imu_0→cam_front]:
[20:31:25.063] [info]   旋转 RPY: (-2.3164, 0.3518, 1.0829) deg
[20:31:25.063] [info]   平移 XYZ: (-0.0307, -0.2420, 10.3946) m
[20:31:25.094] [debug] [ManualAdjust] 平移增量 dxyz=(0.0000, 0.0000, 0.0050)m
[20:31:25.094] [info] [ManualAdjust] 当前外参 [imu_0→cam_front]:
[20:31:25.094] [info]   旋转 RPY: (-2.3164, 0.3518, 1.0829) deg
[20:31:25.094] [info]   平移 XYZ: (-0.0307, -0.2420, 10.3996) m
[20:31:25.154] [debug] [ManualAdjust] 平移增量 dxyz=(0.0000, 0.0000, 0.0050)m
[20:31:25.154] [info] [ManualAdjust] 当前外参 [imu_0→cam_front]:
[20:31:25.154] [info]   旋转 RPY: (-2.3164, 0.3518, 1.0829) deg
[20:31:25.154] [info]   平移 XYZ: (-0.0307, -0.2420, 10.4046) m
[20:31:25.187] [debug] [ManualAdjust] 平移增量 dxyz=(0.0000, 0.0000, 0.0050)m
[20:31:25.187] [info] [ManualAdjust] 当前外参 [imu_0→cam_front]:
[20:31:25.187] [info]   旋转 RPY: (-2.3164, 0.3518, 1.0829) deg
[20:31:25.187] [info]   平移 XYZ: (-0.0307, -0.2420, 10.4096) m
[20:31:25.222] [debug] [ManualAdjust] 平移增量 dxyz=(0.0000, 0.0000, 0.0050)m
[20:31:25.222] [info] [ManualAdjust] 当前外参 [imu_0→cam_front]:
[20:31:25.222] [info]   旋转 RPY: (-2.3164, 0.3518, 1.0829) deg
[20:31:25.222] [info]   平移 XYZ: (-0.0307, -0.2420, 10.4146) m
[20:31:25.256] [debug] [ManualAdjust] 平移增量 dxyz=(0.0000, 0.0000, 0.0050)m
[20:31:25.256] [info] [ManualAdjust] 当前外参 [imu_0→cam_front]:
[20:31:25.256] [info]   旋转 RPY: (-2.3164, 0.3518, 1.0829) deg
[20:31:25.256] [info]   平移 XYZ: (-0.0307, -0.2420, 10.4196) m
[20:31:25.298] [debug] [ManualAdjust] 平移增量 dxyz=(0.0000, 0.0000, 0.0050)m
[20:31:25.298] [info] [ManualAdjust] 当前外参 [imu_0→cam_front]:
[20:31:25.298] [info]   旋转 RPY: (-2.3164, 0.3518, 1.0829) deg
[20:31:25.298] [info]   平移 XYZ: (-0.0307, -0.2420, 10.4246) m
[20:31:25.328] [debug] [ManualAdjust] 平移增量 dxyz=(0.0000, 0.0000, 0.0050)m
[20:31:25.328] [info] [ManualAdjust] 当前外参 [imu_0→cam_front]:
[20:31:25.328] [info]   旋转 RPY: (-2.3164, 0.3518, 1.0829) deg
[20:31:25.328] [info]   平移 XYZ: (-0.0307, -0.2420, 10.4296) m
[20:31:25.358] [debug] [ManualAdjust] 平移增量 dxyz=(0.0000, 0.0000, 0.0050)m
[20:31:25.358] [info] [ManualAdjust] 当前外参 [imu_0→cam_front]:
[20:31:25.358] [info]   旋转 RPY: (-2.3164, 0.3518, 1.0829) deg
[20:31:25.358] [info]   平移 XYZ: (-0.0307, -0.2420, 10.4346) m
[20:31:25.415] [debug] [ManualAdjust] 平移增量 dxyz=(0.0000, 0.0000, 0.0050)m
[20:31:25.415] [info] [ManualAdjust] 当前外参 [imu_0→cam_front]:
[20:31:25.415] [info]   旋转 RPY: (-2.3164, 0.3518, 1.0829) deg
[20:31:25.415] [info]   平移 XYZ: (-0.0307, -0.2420, 10.4396) m
[20:31:25.449] [debug] [ManualAdjust] 平移增量 dxyz=(0.0000, 0.0000, 0.0050)m
[20:31:25.449] [info] [ManualAdjust] 当前外参 [imu_0→cam_front]:
[20:31:25.449] [info]   旋转 RPY: (-2.3164, 0.3518, 1.0829) deg
[20:31:25.449] [info]   平移 XYZ: (-0.0307, -0.2420, 10.4446) m
[20:31:25.493] [debug] [ManualAdjust] 平移增量 dxyz=(0.0000, 0.0000, 0.0050)m
[20:31:25.493] [info] [ManualAdjust] 当前外参 [imu_0→cam_front]:
[20:31:25.493] [info]   旋转 RPY: (-2.3164, 0.3518, 1.0829) deg
[20:31:25.493] [info]   平移 XYZ: (-0.0307, -0.2420, 10.4496) m
[20:31:25.529] [debug] [ManualAdjust] 平移增量 dxyz=(0.0000, 0.0000, 0.0050)m
[20:31:25.529] [info] [ManualAdjust] 当前外参 [imu_0→cam_front]:
[20:31:25.529] [info]   旋转 RPY: (-2.3164, 0.3518, 1.0829) deg
[20:31:25.529] [info]   平移 XYZ: (-0.0307, -0.2420, 10.4546) m
[20:31:25.559] [debug] [ManualAdjust] 平移增量 dxyz=(0.0000, 0.0000, 0.0050)m
[20:31:25.559] [info] [ManualAdjust] 当前外参 [imu_0→cam_front]:
[20:31:25.559] [info]   旋转 RPY: (-2.3164, 0.3518, 1.0829) deg
[20:31:25.559] [info]   平移 XYZ: (-0.0307, -0.2420, 10.4596) m
[20:31:25.611] [debug] [ManualAdjust] 平移增量 dxyz=(0.0000, 0.0000, 0.0050)m
[20:31:25.611] [info] [ManualAdjust] 当前外参 [imu_0→cam_front]:
[20:31:25.611] [info]   旋转 RPY: (-2.3164, 0.3518, 1.0829) deg
[20:31:25.611] [info]   平移 XYZ: (-0.0307, -0.2420, 10.4646) m
[20:31:25.655] [debug] [ManualAdjust] 平移增量 dxyz=(0.0000, 0.0000, 0.0050)m
[20:31:25.655] [info] [ManualAdjust] 当前外参 [imu_0→cam_front]:
[20:31:25.655] [info]   旋转 RPY: (-2.3164, 0.3518, 1.0829) deg
[20:31:25.655] [info]   平移 XYZ: (-0.0307, -0.2420, 10.4696) m
[20:31:25.686] [debug] [ManualAdjust] 平移增量 dxyz=(0.0000, 0.0000, 0.0050)m
[20:31:25.686] [info] [ManualAdjust] 当前外参 [imu_0→cam_front]:
[20:31:25.686] [info]   旋转 RPY: (-2.3164, 0.3518, 1.0829) deg
[20:31:25.686] [info]   平移 XYZ: (-0.0307, -0.2420, 10.4746) m
[20:31:25.716] [debug] [ManualAdjust] 平移增量 dxyz=(0.0000, 0.0000, 0.0050)m
[20:31:25.716] [info] [ManualAdjust] 当前外参 [imu_0→cam_front]:
[20:31:25.716] [info]   旋转 RPY: (-2.3164, 0.3518, 1.0829) deg
[20:31:25.716] [info]   平移 XYZ: (-0.0307, -0.2420, 10.4796) m
[20:31:25.752] [debug] [ManualAdjust] 平移增量 dxyz=(0.0000, 0.0000, 0.0050)m
[20:31:25.752] [info] [ManualAdjust] 当前外参 [imu_0→cam_front]:
[20:31:25.752] [info]   旋转 RPY: (-2.3164, 0.3518, 1.0829) deg
[20:31:25.752] [info]   平移 XYZ: (-0.0307, -0.2420, 10.4846) m
[20:31:25.786] [debug] [ManualAdjust] 平移增量 dxyz=(0.0000, 0.0000, 0.0050)m
[20:31:25.786] [info] [ManualAdjust] 当前外参 [imu_0→cam_front]:
[20:31:25.786] [info]   旋转 RPY: (-2.3164, 0.3518, 1.0829) deg
[20:31:25.786] [info]   平移 XYZ: (-0.0307, -0.2420, 10.4896) m
[20:31:25.816] [debug] [ManualAdjust] 平移增量 dxyz=(0.0000, 0.0000, 0.0050)m
[20:31:25.816] [info] [ManualAdjust] 当前外参 [imu_0→cam_front]:
[20:31:25.816] [info]   旋转 RPY: (-2.3164, 0.3518, 1.0829) deg
[20:31:25.816] [info]   平移 XYZ: (-0.0307, -0.2420, 10.4946) m
[20:31:25.859] [debug] [ManualAdjust] 平移增量 dxyz=(0.0000, 0.0000, 0.0050)m
[20:31:25.859] [info] [ManualAdjust] 当前外参 [imu_0→cam_front]:
[20:31:25.859] [info]   旋转 RPY: (-2.3164, 0.3518, 1.0829) deg
[20:31:25.859] [info]   平移 XYZ: (-0.0307, -0.2420, 10.4996) m
[20:31:25.895] [debug] [ManualAdjust] 平移增量 dxyz=(0.0000, 0.0000, 0.0050)m
[20:31:25.895] [info] [ManualAdjust] 当前外参 [imu_0→cam_front]:
[20:31:25.895] [info]   旋转 RPY: (-2.3164, 0.3518, 1.0829) deg
[20:31:25.895] [info]   平移 XYZ: (-0.0307, -0.2420, 10.5046) m
[20:31:25.928] [debug] [ManualAdjust] 平移增量 dxyz=(0.0000, 0.0000, 0.0050)m
[20:31:25.928] [info] [ManualAdjust] 当前外参 [imu_0→cam_front]:
[20:31:25.928] [info]   旋转 RPY: (-2.3164, 0.3518, 1.0829) deg
[20:31:25.928] [info]   平移 XYZ: (-0.0307, -0.2420, 10.5096) m
[20:31:25.985] [debug] [ManualAdjust] 平移增量 dxyz=(0.0000, 0.0000, 0.0050)m
[20:31:25.985] [info] [ManualAdjust] 当前外参 [imu_0→cam_front]:
[20:31:25.985] [info]   旋转 RPY: (-2.3164, 0.3518, 1.0829) deg
[20:31:25.985] [info]   平移 XYZ: (-0.0307, -0.2420, 10.5146) m
[20:31:26.026] [debug] [ManualAdjust] 平移增量 dxyz=(0.0000, 0.0000, 0.0050)m
[20:31:26.026] [info] [ManualAdjust] 当前外参 [imu_0→cam_front]:
[20:31:26.026] [info]   旋转 RPY: (-2.3164, 0.3518, 1.0829) deg
[20:31:26.026] [info]   平移 XYZ: (-0.0307, -0.2420, 10.5196) m
[20:31:26.056] [debug] [ManualAdjust] 平移增量 dxyz=(0.0000, 0.0000, 0.0050)m
[20:31:26.056] [info] [ManualAdjust] 当前外参 [imu_0→cam_front]:
[20:31:26.056] [info]   旋转 RPY: (-2.3164, 0.3518, 1.0829) deg
[20:31:26.056] [info]   平移 XYZ: (-0.0307, -0.2420, 10.5246) m
[20:31:26.103] [debug] [ManualAdjust] 平移增量 dxyz=(0.0000, 0.0000, 0.0050)m
[20:31:26.103] [info] [ManualAdjust] 当前外参 [imu_0→cam_front]:
[20:31:26.103] [info]   旋转 RPY: (-2.3164, 0.3518, 1.0829) deg
[20:31:26.103] [info]   平移 XYZ: (-0.0307, -0.2420, 10.5296) m
[20:31:26.136] [debug] [ManualAdjust] 平移增量 dxyz=(0.0000, 0.0000, 0.0050)m
[20:31:26.136] [info] [ManualAdjust] 当前外参 [imu_0→cam_front]:
[20:31:26.136] [info]   旋转 RPY: (-2.3164, 0.3518, 1.0829) deg
[20:31:26.136] [info]   平移 XYZ: (-0.0307, -0.2420, 10.5346) m
[20:31:26.178] [debug] [ManualAdjust] 平移增量 dxyz=(0.0000, 0.0000, 0.0050)m
[20:31:26.178] [info] [ManualAdjust] 当前外参 [imu_0→cam_front]:
[20:31:26.178] [info]   旋转 RPY: (-2.3164, 0.3518, 1.0829) deg
[20:31:26.178] [info]   平移 XYZ: (-0.0307, -0.2420, 10.5396) m
[20:31:26.233] [debug] [ManualAdjust] 平移增量 dxyz=(0.0000, 0.0000, 0.0050)m
[20:31:26.233] [info] [ManualAdjust] 当前外参 [imu_0→cam_front]:
[20:31:26.233] [info]   旋转 RPY: (-2.3164, 0.3518, 1.0829) deg
[20:31:26.233] [info]   平移 XYZ: (-0.0307, -0.2420, 10.5446) m
[20:31:26.262] [debug] [ManualAdjust] 平移增量 dxyz=(0.0000, 0.0000, 0.0050)m
[20:31:26.262] [info] [ManualAdjust] 当前外参 [imu_0→cam_front]:
[20:31:26.262] [info]   旋转 RPY: (-2.3164, 0.3518, 1.0829) deg
[20:31:26.262] [info]   平移 XYZ: (-0.0307, -0.2420, 10.5496) m
[20:31:26.318] [debug] [ManualAdjust] 平移增量 dxyz=(0.0000, 0.0000, 0.0050)m
[20:31:26.318] [info] [ManualAdjust] 当前外参 [imu_0→cam_front]:
[20:31:26.318] [info]   旋转 RPY: (-2.3164, 0.3518, 1.0829) deg
[20:31:26.318] [info]   平移 XYZ: (-0.0307, -0.2420, 10.5546) m
[20:31:26.349] [debug] [ManualAdjust] 平移增量 dxyz=(0.0000, 0.0000, 0.0050)m
[20:31:26.349] [info] [ManualAdjust] 当前外参 [imu_0→cam_front]:
[20:31:26.349] [info]   旋转 RPY: (-2.3164, 0.3518, 1.0829) deg
[20:31:26.349] [info]   平移 XYZ: (-0.0307, -0.2420, 10.5596) m
[20:31:26.386] [debug] [ManualAdjust] 平移增量 dxyz=(0.0000, 0.0000, 0.0050)m
[20:31:26.386] [info] [ManualAdjust] 当前外参 [imu_0→cam_front]:
[20:31:26.386] [info]   旋转 RPY: (-2.3164, 0.3518, 1.0829) deg
[20:31:26.386] [info]   平移 XYZ: (-0.0307, -0.2420, 10.5646) m
[20:31:26.425] [debug] [ManualAdjust] 平移增量 dxyz=(0.0000, 0.0000, 0.0050)m
[20:31:26.425] [info] [ManualAdjust] 当前外参 [imu_0→cam_front]:
[20:31:26.425] [info]   旋转 RPY: (-2.3164, 0.3518, 1.0829) deg
[20:31:26.425] [info]   平移 XYZ: (-0.0307, -0.2420, 10.5696) m
[20:31:26.455] [debug] [ManualAdjust] 平移增量 dxyz=(0.0000, 0.0000, 0.0050)m
[20:31:26.455] [info] [ManualAdjust] 当前外参 [imu_0→cam_front]:
[20:31:26.455] [info]   旋转 RPY: (-2.3164, 0.3518, 1.0829) deg
[20:31:26.455] [info]   平移 XYZ: (-0.0307, -0.2420, 10.5746) m
[20:31:26.503] [debug] [ManualAdjust] 平移增量 dxyz=(0.0000, 0.0000, 0.0050)m
[20:31:26.504] [info] [ManualAdjust] 当前外参 [imu_0→cam_front]:
[20:31:26.504] [info]   旋转 RPY: (-2.3164, 0.3518, 1.0829) deg
[20:31:26.504] [info]   平移 XYZ: (-0.0307, -0.2420, 10.5796) m
[20:31:26.546] [debug] [ManualAdjust] 平移增量 dxyz=(0.0000, 0.0000, 0.0050)m
[20:31:26.546] [info] [ManualAdjust] 当前外参 [imu_0→cam_front]:
[20:31:26.546] [info]   旋转 RPY: (-2.3164, 0.3518, 1.0829) deg
[20:31:26.546] [info]   平移 XYZ: (-0.0307, -0.2420, 10.5846) m
[20:31:26.581] [debug] [ManualAdjust] 平移增量 dxyz=(0.0000, 0.0000, 0.0050)m
[20:31:26.581] [info] [ManualAdjust] 当前外参 [imu_0→cam_front]:
[20:31:26.581] [info]   旋转 RPY: (-2.3164, 0.3518, 1.0829) deg
[20:31:26.581] [info]   平移 XYZ: (-0.0307, -0.2420, 10.5896) m
[20:31:26.611] [debug] [ManualAdjust] 平移增量 dxyz=(0.0000, 0.0000, 0.0050)m
[20:31:26.611] [info] [ManualAdjust] 当前外参 [imu_0→cam_front]:
[20:31:26.611] [info]   旋转 RPY: (-2.3164, 0.3518, 1.0829) deg
[20:31:26.611] [info]   平移 XYZ: (-0.0307, -0.2420, 10.5946) m
[20:31:26.663] [debug] [ManualAdjust] 平移增量 dxyz=(0.0000, 0.0000, 0.0050)m
[20:31:26.663] [info] [ManualAdjust] 当前外参 [imu_0→cam_front]:
[20:31:26.663] [info]   旋转 RPY: (-2.3164, 0.3518, 1.0829) deg
[20:31:26.663] [info]   平移 XYZ: (-0.0307, -0.2420, 10.5996) m
[20:31:26.693] [debug] [ManualAdjust] 平移增量 dxyz=(0.0000, 0.0000, 0.0050)m
[20:31:26.693] [info] [ManualAdjust] 当前外参 [imu_0→cam_front]:
[20:31:26.693] [info]   旋转 RPY: (-2.3164, 0.3518, 1.0829) deg
[20:31:26.693] [info]   平移 XYZ: (-0.0307, -0.2420, 10.6046) m
[20:31:26.749] [debug] [ManualAdjust] 平移增量 dxyz=(0.0000, 0.0000, 0.0050)m
[20:31:26.749] [info] [ManualAdjust] 当前外参 [imu_0→cam_front]:
[20:31:26.749] [info]   旋转 RPY: (-2.3164, 0.3518, 1.0829) deg
[20:31:26.750] [info]   平移 XYZ: (-0.0307, -0.2420, 10.6096) m
[20:31:26.781] [debug] [ManualAdjust] 平移增量 dxyz=(0.0000, 0.0000, 0.0050)m
[20:31:26.781] [info] [ManualAdjust] 当前外参 [imu_0→cam_front]:
[20:31:26.781] [info]   旋转 RPY: (-2.3164, 0.3518, 1.0829) deg
[20:31:26.781] [info]   平移 XYZ: (-0.0307, -0.2420, 10.6146) m
[20:31:26.834] [debug] [ManualAdjust] 平移增量 dxyz=(0.0000, 0.0000, 0.0050)m
[20:31:26.834] [info] [ManualAdjust] 当前外参 [imu_0→cam_front]:
[20:31:26.834] [info]   旋转 RPY: (-2.3164, 0.3518, 1.0829) deg
[20:31:26.834] [info]   平移 XYZ: (-0.0307, -0.2420, 10.6196) m
[20:31:26.864] [debug] [ManualAdjust] 平移增量 dxyz=(0.0000, 0.0000, 0.0050)m
[20:31:26.864] [info] [ManualAdjust] 当前外参 [imu_0→cam_front]:
[20:31:26.864] [info]   旋转 RPY: (-2.3164, 0.3518, 1.0829) deg
[20:31:26.864] [info]   平移 XYZ: (-0.0307, -0.2420, 10.6246) m
[20:31:26.919] [debug] [ManualAdjust] 平移增量 dxyz=(0.0000, 0.0000, 0.0050)m
[20:31:26.920] [info] [ManualAdjust] 当前外参 [imu_0→cam_front]:
[20:31:26.920] [info]   旋转 RPY: (-2.3164, 0.3518, 1.0829) deg
[20:31:26.920] [info]   平移 XYZ: (-0.0307, -0.2420, 10.6296) m
[20:31:26.952] [debug] [ManualAdjust] 平移增量 dxyz=(0.0000, 0.0000, 0.0050)m
[20:31:26.952] [info] [ManualAdjust] 当前外参 [imu_0→cam_front]:
[20:31:26.952] [info]   旋转 RPY: (-2.3164, 0.3518, 1.0829) deg
[20:31:26.952] [info]   平移 XYZ: (-0.0307, -0.2420, 10.6346) m
[20:31:26.984] [debug] [ManualAdjust] 平移增量 dxyz=(0.0000, 0.0000, 0.0050)m
[20:31:26.984] [info] [ManualAdjust] 当前外参 [imu_0→cam_front]:
[20:31:26.984] [info]   旋转 RPY: (-2.3164, 0.3518, 1.0829) deg
[20:31:26.984] [info]   平移 XYZ: (-0.0307, -0.2420, 10.6396) m
[20:31:27.016] [debug] [ManualAdjust] 平移增量 dxyz=(0.0000, 0.0000, 0.0050)m
[20:31:27.016] [info] [ManualAdjust] 当前外参 [imu_0→cam_front]:
[20:31:27.016] [info]   旋转 RPY: (-2.3164, 0.3518, 1.0829) deg
[20:31:27.016] [info]   平移 XYZ: (-0.0307, -0.2420, 10.6446) m
[20:31:27.064] [debug] [ManualAdjust] 平移增量 dxyz=(0.0000, 0.0000, 0.0050)m
[20:31:27.064] [info] [ManualAdjust] 当前外参 [imu_0→cam_front]:
[20:31:27.064] [info]   旋转 RPY: (-2.3164, 0.3518, 1.0829) deg
[20:31:27.064] [info]   平移 XYZ: (-0.0307, -0.2420, 10.6496) m
[20:31:27.097] [debug] [ManualAdjust] 平移增量 dxyz=(0.0000, 0.0000, 0.0050)m
[20:31:27.097] [info] [ManualAdjust] 当前外参 [imu_0→cam_front]:
[20:31:27.097] [info]   旋转 RPY: (-2.3164, 0.3518, 1.0829) deg
[20:31:27.097] [info]   平移 XYZ: (-0.0307, -0.2420, 10.6546) m
[20:31:27.144] [debug] [ManualAdjust] 平移增量 dxyz=(0.0000, 0.0000, 0.0050)m
[20:31:27.144] [info] [ManualAdjust] 当前外参 [imu_0→cam_front]:
[20:31:27.144] [info]   旋转 RPY: (-2.3164, 0.3518, 1.0829) deg
[20:31:27.144] [info]   平移 XYZ: (-0.0307, -0.2420, 10.6596) m
[20:31:27.177] [debug] [ManualAdjust] 平移增量 dxyz=(0.0000, 0.0000, 0.0050)m
[20:31:27.177] [info] [ManualAdjust] 当前外参 [imu_0→cam_front]:
[20:31:27.177] [info]   旋转 RPY: (-2.3164, 0.3518, 1.0829) deg
[20:31:27.177] [info]   平移 XYZ: (-0.0307, -0.2420, 10.6646) m
[20:31:27.207] [debug] [ManualAdjust] 平移增量 dxyz=(0.0000, 0.0000, 0.0050)m
[20:31:27.207] [info] [ManualAdjust] 当前外参 [imu_0→cam_front]:
[20:31:27.207] [info]   旋转 RPY: (-2.3164, 0.3518, 1.0829) deg
[20:31:27.207] [info]   平移 XYZ: (-0.0307, -0.2420, 10.6696) m
[20:31:27.260] [debug] [ManualAdjust] 平移增量 dxyz=(0.0000, 0.0000, 0.0050)m
[20:31:27.260] [info] [ManualAdjust] 当前外参 [imu_0→cam_front]:
[20:31:27.260] [info]   旋转 RPY: (-2.3164, 0.3518, 1.0829) deg
[20:31:27.260] [info]   平移 XYZ: (-0.0307, -0.2420, 10.6746) m
[20:31:27.307] [debug] [ManualAdjust] 平移增量 dxyz=(0.0000, 0.0000, 0.0050)m
[20:31:27.307] [info] [ManualAdjust] 当前外参 [imu_0→cam_front]:
[20:31:27.307] [info]   旋转 RPY: (-2.3164, 0.3518, 1.0829) deg
[20:31:27.307] [info]   平移 XYZ: (-0.0307, -0.2420, 10.6796) m
[20:31:27.336] [debug] [ManualAdjust] 平移增量 dxyz=(0.0000, 0.0000, 0.0050)m
[20:31:27.336] [info] [ManualAdjust] 当前外参 [imu_0→cam_front]:
[20:31:27.336] [info]   旋转 RPY: (-2.3164, 0.3518, 1.0829) deg
[20:31:27.336] [info]   平移 XYZ: (-0.0307, -0.2420, 10.6846) m
[20:31:27.382] [debug] [ManualAdjust] 平移增量 dxyz=(0.0000, 0.0000, 0.0050)m
[20:31:27.383] [info] [ManualAdjust] 当前外参 [imu_0→cam_front]:
[20:31:27.383] [info]   旋转 RPY: (-2.3164, 0.3518, 1.0829) deg
[20:31:27.383] [info]   平移 XYZ: (-0.0307, -0.2420, 10.6896) m
[20:31:27.412] [debug] [ManualAdjust] 平移增量 dxyz=(0.0000, 0.0000, 0.0050)m
[20:31:27.412] [info] [ManualAdjust] 当前外参 [imu_0→cam_front]:
[20:31:27.412] [info]   旋转 RPY: (-2.3164, 0.3518, 1.0829) deg
[20:31:27.412] [info]   平移 XYZ: (-0.0307, -0.2420, 10.6946) m
[20:31:27.442] [debug] [ManualAdjust] 平移增量 dxyz=(0.0000, 0.0000, 0.0050)m
[20:31:27.442] [info] [ManualAdjust] 当前外参 [imu_0→cam_front]:
[20:31:27.442] [info]   旋转 RPY: (-2.3164, 0.3518, 1.0829) deg
[20:31:27.442] [info]   平移 XYZ: (-0.0307, -0.2420, 10.6996) m
[20:31:27.480] [debug] [ManualAdjust] 平移增量 dxyz=(0.0000, 0.0000, 0.0050)m
[20:31:27.480] [info] [ManualAdjust] 当前外参 [imu_0→cam_front]:
[20:31:27.480] [info]   旋转 RPY: (-2.3164, 0.3518, 1.0829) deg
[20:31:27.480] [info]   平移 XYZ: (-0.0307, -0.2420, 10.7046) m
[20:31:27.509] [debug] [ManualAdjust] 平移增量 dxyz=(0.0000, 0.0000, 0.0050)m
[20:31:27.509] [info] [ManualAdjust] 当前外参 [imu_0→cam_front]:
[20:31:27.509] [info]   旋转 RPY: (-2.3164, 0.3518, 1.0829) deg
[20:31:27.509] [info]   平移 XYZ: (-0.0307, -0.2420, 10.7096) m
[20:31:27.539] [debug] [ManualAdjust] 平移增量 dxyz=(0.0000, 0.0000, 0.0050)m
[20:31:27.539] [info] [ManualAdjust] 当前外参 [imu_0→cam_front]:
[20:31:27.539] [info]   旋转 RPY: (-2.3164, 0.3518, 1.0829) deg
[20:31:27.539] [info]   平移 XYZ: (-0.0307, -0.2420, 10.7146) m
[20:31:27.574] [debug] [ManualAdjust] 平移增量 dxyz=(0.0000, 0.0000, 0.0050)m
[20:31:27.574] [info] [ManualAdjust] 当前外参 [imu_0→cam_front]:
[20:31:27.574] [info]   旋转 RPY: (-2.3164, 0.3518, 1.0829) deg
[20:31:27.574] [info]   平移 XYZ: (-0.0307, -0.2420, 10.7196) m
[20:31:27.615] [debug] [ManualAdjust] 平移增量 dxyz=(0.0000, 0.0000, 0.0050)m
[20:31:27.615] [info] [ManualAdjust] 当前外参 [imu_0→cam_front]:
[20:31:27.615] [info]   旋转 RPY: (-2.3164, 0.3518, 1.0829) deg
[20:31:27.616] [info]   平移 XYZ: (-0.0307, -0.2420, 10.7246) m
[20:31:27.662] [debug] [ManualAdjust] 平移增量 dxyz=(0.0000, 0.0000, 0.0050)m
[20:31:27.662] [info] [ManualAdjust] 当前外参 [imu_0→cam_front]:
[20:31:27.662] [info]   旋转 RPY: (-2.3164, 0.3518, 1.0829) deg
[20:31:27.662] [info]   平移 XYZ: (-0.0307, -0.2420, 10.7296) m
[20:31:27.693] [debug] [ManualAdjust] 平移增量 dxyz=(0.0000, 0.0000, 0.0050)m
[20:31:27.693] [info] [ManualAdjust] 当前外参 [imu_0→cam_front]:
[20:31:27.693] [info]   旋转 RPY: (-2.3164, 0.3518, 1.0829) deg
[20:31:27.693] [info]   平移 XYZ: (-0.0307, -0.2420, 10.7346) m
[20:31:27.738] [debug] [ManualAdjust] 平移增量 dxyz=(0.0000, 0.0000, 0.0050)m
[20:31:27.738] [info] [ManualAdjust] 当前外参 [imu_0→cam_front]:
[20:31:27.738] [info]   旋转 RPY: (-2.3164, 0.3518, 1.0829) deg
[20:31:27.738] [info]   平移 XYZ: (-0.0307, -0.2420, 10.7396) m
[20:31:27.770] [debug] [ManualAdjust] 平移增量 dxyz=(0.0000, 0.0000, 0.0050)m
[20:31:27.770] [info] [ManualAdjust] 当前外参 [imu_0→cam_front]:
[20:31:27.770] [info]   旋转 RPY: (-2.3164, 0.3518, 1.0829) deg
[20:31:27.770] [info]   平移 XYZ: (-0.0307, -0.2420, 10.7446) m
[20:31:27.800] [debug] [ManualAdjust] 平移增量 dxyz=(0.0000, 0.0000, 0.0050)m
[20:31:27.800] [info] [ManualAdjust] 当前外参 [imu_0→cam_front]:
[20:31:27.800] [info]   旋转 RPY: (-2.3164, 0.3518, 1.0829) deg
[20:31:27.800] [info]   平移 XYZ: (-0.0307, -0.2420, 10.7496) m
[20:31:27.840] [debug] [ManualAdjust] 平移增量 dxyz=(0.0000, 0.0000, 0.0050)m
[20:31:27.840] [info] [ManualAdjust] 当前外参 [imu_0→cam_front]:
[20:31:27.840] [info]   旋转 RPY: (-2.3164, 0.3518, 1.0829) deg
[20:31:27.840] [info]   平移 XYZ: (-0.0307, -0.2420, 10.7546) m
[20:31:27.878] [debug] [ManualAdjust] 平移增量 dxyz=(0.0000, 0.0000, 0.0050)m
[20:31:27.878] [info] [ManualAdjust] 当前外参 [imu_0→cam_front]:
[20:31:27.878] [info]   旋转 RPY: (-2.3164, 0.3518, 1.0829) deg
[20:31:27.878] [info]   平移 XYZ: (-0.0307, -0.2420, 10.7596) m
[20:31:27.908] [debug] [ManualAdjust] 平移增量 dxyz=(0.0000, 0.0000, 0.0050)m
[20:31:27.908] [info] [ManualAdjust] 当前外参 [imu_0→cam_front]:
[20:31:27.908] [info]   旋转 RPY: (-2.3164, 0.3518, 1.0829) deg
[20:31:27.908] [info]   平移 XYZ: (-0.0307, -0.2420, 10.7646) m
[20:31:27.961] [debug] [ManualAdjust] 平移增量 dxyz=(0.0000, 0.0000, 0.0050)m
[20:31:27.961] [info] [ManualAdjust] 当前外参 [imu_0→cam_front]:
[20:31:27.961] [info]   旋转 RPY: (-2.3164, 0.3518, 1.0829) deg
[20:31:27.961] [info]   平移 XYZ: (-0.0307, -0.2420, 10.7696) m
[20:31:28.008] [debug] [ManualAdjust] 平移增量 dxyz=(0.0000, 0.0000, 0.0050)m
[20:31:28.008] [info] [ManualAdjust] 当前外参 [imu_0→cam_front]:
[20:31:28.008] [info]   旋转 RPY: (-2.3164, 0.3518, 1.0829) deg
[20:31:28.008] [info]   平移 XYZ: (-0.0307, -0.2420, 10.7746) m
[20:31:28.051] [debug] [ManualAdjust] 平移增量 dxyz=(0.0000, 0.0000, 0.0050)m
[20:31:28.051] [info] [ManualAdjust] 当前外参 [imu_0→cam_front]:
[20:31:28.051] [info]   旋转 RPY: (-2.3164, 0.3518, 1.0829) deg
[20:31:28.051] [info]   平移 XYZ: (-0.0307, -0.2420, 10.7796) m
[20:31:28.081] [debug] [ManualAdjust] 平移增量 dxyz=(0.0000, 0.0000, 0.0050)m
[20:31:28.081] [info] [ManualAdjust] 当前外参 [imu_0→cam_front]:
[20:31:28.081] [info]   旋转 RPY: (-2.3164, 0.3518, 1.0829) deg
[20:31:28.081] [info]   平移 XYZ: (-0.0307, -0.2420, 10.7846) m
[20:31:28.148] [debug] [ManualAdjust] 平移增量 dxyz=(0.0000, 0.0000, 0.0050)m
[20:31:28.148] [info] [ManualAdjust] 当前外参 [imu_0→cam_front]:
[20:31:28.148] [info]   旋转 RPY: (-2.3164, 0.3518, 1.0829) deg
[20:31:28.148] [info]   平移 XYZ: (-0.0307, -0.2420, 10.7896) m
[20:31:28.195] [debug] [ManualAdjust] 平移增量 dxyz=(0.0000, 0.0000, 0.0050)m
[20:31:28.195] [info] [ManualAdjust] 当前外参 [imu_0→cam_front]:
[20:31:28.195] [info]   旋转 RPY: (-2.3164, 0.3518, 1.0829) deg
[20:31:28.195] [info]   平移 XYZ: (-0.0307, -0.2420, 10.7946) m
[20:31:28.229] [debug] [ManualAdjust] 平移增量 dxyz=(0.0000, 0.0000, 0.0050)m
[20:31:28.229] [info] [ManualAdjust] 当前外参 [imu_0→cam_front]:
[20:31:28.229] [info]   旋转 RPY: (-2.3164, 0.3518, 1.0829) deg
[20:31:28.229] [info]   平移 XYZ: (-0.0307, -0.2420, 10.7996) m
[20:31:28.259] [debug] [ManualAdjust] 平移增量 dxyz=(0.0000, 0.0000, 0.0050)m
[20:31:28.260] [info] [ManualAdjust] 当前外参 [imu_0→cam_front]:
[20:31:28.260] [info]   旋转 RPY: (-2.3164, 0.3518, 1.0829) deg
[20:31:28.260] [info]   平移 XYZ: (-0.0307, -0.2420, 10.8046) m
[20:31:28.292] [debug] [ManualAdjust] 平移增量 dxyz=(0.0000, 0.0000, 0.0050)m
[20:31:28.292] [info] [ManualAdjust] 当前外参 [imu_0→cam_front]:
[20:31:28.292] [info]   旋转 RPY: (-2.3164, 0.3518, 1.0829) deg
[20:31:28.292] [info]   平移 XYZ: (-0.0307, -0.2420, 10.8096) m
[20:31:28.333] [debug] [ManualAdjust] 平移增量 dxyz=(0.0000, 0.0000, 0.0050)m
[20:31:28.333] [info] [ManualAdjust] 当前外参 [imu_0→cam_front]:
[20:31:28.333] [info]   旋转 RPY: (-2.3164, 0.3518, 1.0829) deg
[20:31:28.333] [info]   平移 XYZ: (-0.0307, -0.2420, 10.8146) m
[20:31:28.364] [debug] [ManualAdjust] 平移增量 dxyz=(0.0000, 0.0000, 0.0050)m
[20:31:28.364] [info] [ManualAdjust] 当前外参 [imu_0→cam_front]:
[20:31:28.364] [info]   旋转 RPY: (-2.3164, 0.3518, 1.0829) deg
[20:31:28.364] [info]   平移 XYZ: (-0.0307, -0.2420, 10.8196) m
[20:31:28.409] [debug] [ManualAdjust] 平移增量 dxyz=(0.0000, 0.0000, 0.0050)m
[20:31:28.409] [info] [ManualAdjust] 当前外参 [imu_0→cam_front]:
[20:31:28.409] [info]   旋转 RPY: (-2.3164, 0.3518, 1.0829) deg
[20:31:28.409] [info]   平移 XYZ: (-0.0307, -0.2420, 10.8246) m
[20:31:28.440] [debug] [ManualAdjust] 平移增量 dxyz=(0.0000, 0.0000, 0.0050)m
[20:31:28.440] [info] [ManualAdjust] 当前外参 [imu_0→cam_front]:
[20:31:28.440] [info]   旋转 RPY: (-2.3164, 0.3518, 1.0829) deg
[20:31:28.440] [info]   平移 XYZ: (-0.0307, -0.2420, 10.8296) m
[20:31:28.475] [debug] [ManualAdjust] 平移增量 dxyz=(0.0000, 0.0000, 0.0050)m
[20:31:28.475] [info] [ManualAdjust] 当前外参 [imu_0→cam_front]:
[20:31:28.475] [info]   旋转 RPY: (-2.3164, 0.3518, 1.0829) deg
[20:31:28.475] [info]   平移 XYZ: (-0.0307, -0.2420, 10.8346) m
[20:31:28.509] [debug] [ManualAdjust] 平移增量 dxyz=(0.0000, 0.0000, 0.0050)m
[20:31:28.509] [info] [ManualAdjust] 当前外参 [imu_0→cam_front]:
[20:31:28.509] [info]   旋转 RPY: (-2.3164, 0.3518, 1.0829) deg
[20:31:28.509] [info]   平移 XYZ: (-0.0307, -0.2420, 10.8396) m
[20:31:28.540] [debug] [ManualAdjust] 平移增量 dxyz=(0.0000, 0.0000, 0.0050)m
[20:31:28.540] [info] [ManualAdjust] 当前外参 [imu_0→cam_front]:
[20:31:28.540] [info]   旋转 RPY: (-2.3164, 0.3518, 1.0829) deg
[20:31:28.540] [info]   平移 XYZ: (-0.0307, -0.2420, 10.8446) m
[20:31:28.570] [debug] [ManualAdjust] 平移增量 dxyz=(0.0000, 0.0000, 0.0050)m
[20:31:28.570] [info] [ManualAdjust] 当前外参 [imu_0→cam_front]:
[20:31:28.570] [info]   旋转 RPY: (-2.3164, 0.3518, 1.0829) deg
[20:31:28.570] [info]   平移 XYZ: (-0.0307, -0.2420, 10.8496) m
[20:31:28.632] [debug] [ManualAdjust] 平移增量 dxyz=(0.0000, 0.0000, 0.0050)m
[20:31:28.632] [info] [ManualAdjust] 当前外参 [imu_0→cam_front]:
[20:31:28.632] [info]   旋转 RPY: (-2.3164, 0.3518, 1.0829) deg
[20:31:28.632] [info]   平移 XYZ: (-0.0307, -0.2420, 10.8546) m
[20:31:28.662] [debug] [ManualAdjust] 平移增量 dxyz=(0.0000, 0.0000, 0.0050)m
[20:31:28.662] [info] [ManualAdjust] 当前外参 [imu_0→cam_front]:
[20:31:28.662] [info]   旋转 RPY: (-2.3164, 0.3518, 1.0829) deg
[20:31:28.662] [info]   平移 XYZ: (-0.0307, -0.2420, 10.8596) m
[20:31:28.711] [debug] [ManualAdjust] 平移增量 dxyz=(0.0000, 0.0000, 0.0050)m
[20:31:28.711] [info] [ManualAdjust] 当前外参 [imu_0→cam_front]:
[20:31:28.711] [info]   旋转 RPY: (-2.3164, 0.3518, 1.0829) deg
[20:31:28.711] [info]   平移 XYZ: (-0.0307, -0.2420, 10.8646) m
[20:31:28.741] [debug] [ManualAdjust] 平移增量 dxyz=(0.0000, 0.0000, 0.0050)m
[20:31:28.741] [info] [ManualAdjust] 当前外参 [imu_0→cam_front]:
[20:31:28.741] [info]   旋转 RPY: (-2.3164, 0.3518, 1.0829) deg
[20:31:28.741] [info]   平移 XYZ: (-0.0307, -0.2420, 10.8696) m
[20:31:28.795] [debug] [ManualAdjust] 平移增量 dxyz=(0.0000, 0.0000, 0.0050)m
[20:31:28.796] [info] [ManualAdjust] 当前外参 [imu_0→cam_front]:
[20:31:28.796] [info]   旋转 RPY: (-2.3164, 0.3518, 1.0829) deg
[20:31:28.796] [info]   平移 XYZ: (-0.0307, -0.2420, 10.8746) m
[20:31:28.829] [debug] [ManualAdjust] 平移增量 dxyz=(0.0000, 0.0000, 0.0050)m
[20:31:28.829] [info] [ManualAdjust] 当前外参 [imu_0→cam_front]:
[20:31:28.829] [info]   旋转 RPY: (-2.3164, 0.3518, 1.0829) deg
[20:31:28.829] [info]   平移 XYZ: (-0.0307, -0.2420, 10.8796) m
[20:31:28.885] [debug] [ManualAdjust] 平移增量 dxyz=(0.0000, 0.0000, 0.0050)m
[20:31:28.885] [info] [ManualAdjust] 当前外参 [imu_0→cam_front]:
[20:31:28.885] [info]   旋转 RPY: (-2.3164, 0.3518, 1.0829) deg
[20:31:28.885] [info]   平移 XYZ: (-0.0307, -0.2420, 10.8846) m
[20:31:28.921] [debug] [ManualAdjust] 平移增量 dxyz=(0.0000, 0.0000, 0.0050)m
[20:31:28.921] [info] [ManualAdjust] 当前外参 [imu_0→cam_front]:
[20:31:28.921] [info]   旋转 RPY: (-2.3164, 0.3518, 1.0829) deg
[20:31:28.921] [info]   平移 XYZ: (-0.0307, -0.2420, 10.8896) m
[20:31:28.953] [debug] [ManualAdjust] 平移增量 dxyz=(0.0000, 0.0000, 0.0050)m
[20:31:28.953] [info] [ManualAdjust] 当前外参 [imu_0→cam_front]:
[20:31:28.953] [info]   旋转 RPY: (-2.3164, 0.3518, 1.0829) deg
[20:31:28.953] [info]   平移 XYZ: (-0.0307, -0.2420, 10.8946) m
[20:31:28.983] [debug] [ManualAdjust] 平移增量 dxyz=(0.0000, 0.0000, 0.0050)m
[20:31:28.983] [info] [ManualAdjust] 当前外参 [imu_0→cam_front]:
[20:31:28.983] [info]   旋转 RPY: (-2.3164, 0.3518, 1.0829) deg
[20:31:28.983] [info]   平移 XYZ: (-0.0307, -0.2420, 10.8996) m
[20:31:29.031] [debug] [ManualAdjust] 平移增量 dxyz=(0.0000, 0.0000, 0.0050)m
[20:31:29.031] [info] [ManualAdjust] 当前外参 [imu_0→cam_front]:
[20:31:29.031] [info]   旋转 RPY: (-2.3164, 0.3518, 1.0829) deg
[20:31:29.031] [info]   平移 XYZ: (-0.0307, -0.2420, 10.9046) m
[20:31:29.061] [debug] [ManualAdjust] 平移增量 dxyz=(0.0000, 0.0000, 0.0050)m
[20:31:29.061] [info] [ManualAdjust] 当前外参 [imu_0→cam_front]:
[20:31:29.061] [info]   旋转 RPY: (-2.3164, 0.3518, 1.0829) deg
[20:31:29.061] [info]   平移 XYZ: (-0.0307, -0.2420, 10.9096) m
[20:31:29.116] [debug] [ManualAdjust] 平移增量 dxyz=(0.0000, 0.0000, 0.0050)m
[20:31:29.116] [info] [ManualAdjust] 当前外参 [imu_0→cam_front]:
[20:31:29.116] [info]   旋转 RPY: (-2.3164, 0.3518, 1.0829) deg
[20:31:29.116] [info]   平移 XYZ: (-0.0307, -0.2420, 10.9146) m
[20:31:29.148] [debug] [ManualAdjust] 平移增量 dxyz=(0.0000, 0.0000, 0.0050)m
[20:31:29.148] [info] [ManualAdjust] 当前外参 [imu_0→cam_front]:
[20:31:29.148] [info]   旋转 RPY: (-2.3164, 0.3518, 1.0829) deg
[20:31:29.148] [info]   平移 XYZ: (-0.0307, -0.2420, 10.9196) m
[20:31:29.206] [debug] [ManualAdjust] 平移增量 dxyz=(0.0000, 0.0000, 0.0050)m
[20:31:29.206] [info] [ManualAdjust] 当前外参 [imu_0→cam_front]:
[20:31:29.206] [info]   旋转 RPY: (-2.3164, 0.3518, 1.0829) deg
[20:31:29.206] [info]   平移 XYZ: (-0.0307, -0.2420, 10.9246) m
[20:31:29.252] [debug] [ManualAdjust] 平移增量 dxyz=(0.0000, 0.0000, 0.0050)m
[20:31:29.252] [info] [ManualAdjust] 当前外参 [imu_0→cam_front]:
[20:31:29.252] [info]   旋转 RPY: (-2.3164, 0.3518, 1.0829) deg
[20:31:29.252] [info]   平移 XYZ: (-0.0307, -0.2420, 10.9296) m
[20:31:29.283] [debug] [ManualAdjust] 平移增量 dxyz=(0.0000, 0.0000, 0.0050)m
[20:31:29.283] [info] [ManualAdjust] 当前外参 [imu_0→cam_front]:
[20:31:29.283] [info]   旋转 RPY: (-2.3164, 0.3518, 1.0829) deg
[20:31:29.283] [info]   平移 XYZ: (-0.0307, -0.2420, 10.9346) m
[20:31:29.313] [debug] [ManualAdjust] 平移增量 dxyz=(0.0000, 0.0000, 0.0050)m
[20:31:29.313] [info] [ManualAdjust] 当前外参 [imu_0→cam_front]:
[20:31:29.313] [info]   旋转 RPY: (-2.3164, 0.3518, 1.0829) deg
[20:31:29.313] [info]   平移 XYZ: (-0.0307, -0.2420, 10.9396) m
[20:31:29.349] [debug] [ManualAdjust] 平移增量 dxyz=(0.0000, 0.0000, 0.0050)m
[20:31:29.349] [info] [ManualAdjust] 当前外参 [imu_0→cam_front]:
[20:31:29.349] [info]   旋转 RPY: (-2.3164, 0.3518, 1.0829) deg
[20:31:29.349] [info]   平移 XYZ: (-0.0307, -0.2420, 10.9446) m
[20:31:29.383] [debug] [ManualAdjust] 平移增量 dxyz=(0.0000, 0.0000, 0.0050)m
[20:31:29.383] [info] [ManualAdjust] 当前外参 [imu_0→cam_front]:
[20:31:29.383] [info]   旋转 RPY: (-2.3164, 0.3518, 1.0829) deg
[20:31:29.383] [info]   平移 XYZ: (-0.0307, -0.2420, 10.9496) m
[20:31:29.412] [debug] [ManualAdjust] 平移增量 dxyz=(0.0000, 0.0000, 0.0050)m
[20:31:29.412] [info] [ManualAdjust] 当前外参 [imu_0→cam_front]:
[20:31:29.412] [info]   旋转 RPY: (-2.3164, 0.3518, 1.0829) deg
[20:31:29.412] [info]   平移 XYZ: (-0.0307, -0.2420, 10.9546) m
[20:31:29.467] [debug] [ManualAdjust] 平移增量 dxyz=(0.0000, 0.0000, 0.0050)m
[20:31:29.467] [info] [ManualAdjust] 当前外参 [imu_0→cam_front]:
[20:31:29.467] [info]   旋转 RPY: (-2.3164, 0.3518, 1.0829) deg
[20:31:29.467] [info]   平移 XYZ: (-0.0307, -0.2420, 10.9596) m
[20:31:29.510] [debug] [ManualAdjust] 平移增量 dxyz=(0.0000, 0.0000, 0.0050)m
[20:31:29.510] [info] [ManualAdjust] 当前外参 [imu_0→cam_front]:
[20:31:29.510] [info]   旋转 RPY: (-2.3164, 0.3518, 1.0829) deg
[20:31:29.510] [info]   平移 XYZ: (-0.0307, -0.2420, 10.9646) m
[20:31:29.541] [debug] [ManualAdjust] 平移增量 dxyz=(0.0000, 0.0000, 0.0050)m
[20:31:29.541] [info] [ManualAdjust] 当前外参 [imu_0→cam_front]:
[20:31:29.541] [info]   旋转 RPY: (-2.3164, 0.3518, 1.0829) deg
[20:31:29.541] [info]   平移 XYZ: (-0.0307, -0.2420, 10.9696) m
[20:31:29.571] [debug] [ManualAdjust] 平移增量 dxyz=(0.0000, 0.0000, 0.0050)m
[20:31:29.571] [info] [ManualAdjust] 当前外参 [imu_0→cam_front]:
[20:31:29.571] [info]   旋转 RPY: (-2.3164, 0.3518, 1.0829) deg
[20:31:29.571] [info]   平移 XYZ: (-0.0307, -0.2420, 10.9746) m
[20:31:29.618] [debug] [ManualAdjust] 平移增量 dxyz=(0.0000, 0.0000, 0.0050)m
[20:31:29.618] [info] [ManualAdjust] 当前外参 [imu_0→cam_front]:
[20:31:29.618] [info]   旋转 RPY: (-2.3164, 0.3518, 1.0829) deg
[20:31:29.618] [info]   平移 XYZ: (-0.0307, -0.2420, 10.9796) m
[20:31:29.649] [debug] [ManualAdjust] 平移增量 dxyz=(0.0000, 0.0000, 0.0050)m
[20:31:29.649] [info] [ManualAdjust] 当前外参 [imu_0→cam_front]:
[20:31:29.649] [info]   旋转 RPY: (-2.3164, 0.3518, 1.0829) deg
[20:31:29.649] [info]   平移 XYZ: (-0.0307, -0.2420, 10.9846) m
[20:31:29.683] [debug] [ManualAdjust] 平移增量 dxyz=(0.0000, 0.0000, 0.0050)m
[20:31:29.683] [info] [ManualAdjust] 当前外参 [imu_0→cam_front]:
[20:31:29.683] [info]   旋转 RPY: (-2.3164, 0.3518, 1.0829) deg
[20:31:29.683] [info]   平移 XYZ: (-0.0307, -0.2420, 10.9896) m
[20:31:29.719] [debug] [ManualAdjust] 平移增量 dxyz=(0.0000, 0.0000, 0.0050)m
[20:31:29.719] [info] [ManualAdjust] 当前外参 [imu_0→cam_front]:
[20:31:29.719] [info]   旋转 RPY: (-2.3164, 0.3518, 1.0829) deg
[20:31:29.719] [info]   平移 XYZ: (-0.0307, -0.2420, 10.9946) m
[20:31:29.750] [debug] [ManualAdjust] 平移增量 dxyz=(0.0000, 0.0000, 0.0050)m
[20:31:29.750] [info] [ManualAdjust] 当前外参 [imu_0→cam_front]:
[20:31:29.750] [info]   旋转 RPY: (-2.3164, 0.3518, 1.0829) deg
[20:31:29.750] [info]   平移 XYZ: (-0.0307, -0.2420, 10.9996) m
[20:31:29.783] [debug] [ManualAdjust] 平移增量 dxyz=(0.0000, 0.0000, 0.0050)m
[20:31:29.783] [info] [ManualAdjust] 当前外参 [imu_0→cam_front]:
[20:31:29.783] [info]   旋转 RPY: (-2.3164, 0.3518, 1.0829) deg
[20:31:29.783] [info]   平移 XYZ: (-0.0307, -0.2420, 11.0046) m
[20:31:29.823] [debug] [ManualAdjust] 平移增量 dxyz=(0.0000, 0.0000, 0.0050)m
[20:31:29.823] [info] [ManualAdjust] 当前外参 [imu_0→cam_front]:
[20:31:29.823] [info]   旋转 RPY: (-2.3164, 0.3518, 1.0829) deg
[20:31:29.823] [info]   平移 XYZ: (-0.0307, -0.2420, 11.0096) m
[20:31:29.853] [debug] [ManualAdjust] 平移增量 dxyz=(0.0000, 0.0000, 0.0050)m
[20:31:29.853] [info] [ManualAdjust] 当前外参 [imu_0→cam_front]:
[20:31:29.853] [info]   旋转 RPY: (-2.3164, 0.3518, 1.0829) deg
[20:31:29.853] [info]   平移 XYZ: (-0.0307, -0.2420, 11.0146) m
[20:31:29.910] [debug] [ManualAdjust] 平移增量 dxyz=(0.0000, 0.0000, 0.0050)m
[20:31:29.910] [info] [ManualAdjust] 当前外参 [imu_0→cam_front]:
[20:31:29.910] [info]   旋转 RPY: (-2.3164, 0.3518, 1.0829) deg
[20:31:29.910] [info]   平移 XYZ: (-0.0307, -0.2420, 11.0196) m
[20:31:29.940] [debug] [ManualAdjust] 平移增量 dxyz=(0.0000, 0.0000, 0.0050)m
[20:31:29.940] [info] [ManualAdjust] 当前外参 [imu_0→cam_front]:
[20:31:29.940] [info]   旋转 RPY: (-2.3164, 0.3518, 1.0829) deg
[20:31:29.940] [info]   平移 XYZ: (-0.0307, -0.2420, 11.0246) m
[20:31:29.999] [debug] [ManualAdjust] 平移增量 dxyz=(0.0000, 0.0000, 0.0050)m
[20:31:29.999] [info] [ManualAdjust] 当前外参 [imu_0→cam_front]:
[20:31:29.999] [info]   旋转 RPY: (-2.3164, 0.3518, 1.0829) deg
[20:31:29.999] [info]   平移 XYZ: (-0.0307, -0.2420, 11.0296) m
[20:31:30.029] [debug] [ManualAdjust] 平移增量 dxyz=(0.0000, 0.0000, 0.0050)m
[20:31:30.029] [info] [ManualAdjust] 当前外参 [imu_0→cam_front]:
[20:31:30.029] [info]   旋转 RPY: (-2.3164, 0.3518, 1.0829) deg
[20:31:30.029] [info]   平移 XYZ: (-0.0307, -0.2420, 11.0346) m
[20:31:30.077] [debug] [ManualAdjust] 平移增量 dxyz=(0.0000, 0.0000, 0.0050)m
[20:31:30.077] [info] [ManualAdjust] 当前外参 [imu_0→cam_front]:
[20:31:30.077] [info]   旋转 RPY: (-2.3164, 0.3518, 1.0829) deg
[20:31:30.077] [info]   平移 XYZ: (-0.0307, -0.2420, 11.0396) m
[20:31:30.104] [debug] [ManualAdjust] 平移增量 dxyz=(0.0000, 0.0000, 0.0050)m
[20:31:30.104] [info] [ManualAdjust] 当前外参 [imu_0→cam_front]:
[20:31:30.104] [info]   旋转 RPY: (-2.3164, 0.3518, 1.0829) deg
[20:31:30.104] [info]   平移 XYZ: (-0.0307, -0.2420, 11.0446) m
[20:31:30.134] [debug] [ManualAdjust] 平移增量 dxyz=(0.0000, 0.0000, 0.0050)m
[20:31:30.134] [info] [ManualAdjust] 当前外参 [imu_0→cam_front]:
[20:31:30.134] [info]   旋转 RPY: (-2.3164, 0.3518, 1.0829) deg
[20:31:30.134] [info]   平移 XYZ: (-0.0307, -0.2420, 11.0496) m
[20:31:30.164] [debug] [ManualAdjust] 平移增量 dxyz=(0.0000, 0.0000, 0.0050)m
[20:31:30.164] [info] [ManualAdjust] 当前外参 [imu_0→cam_front]:
[20:31:30.164] [info]   旋转 RPY: (-2.3164, 0.3518, 1.0829) deg
[20:31:30.164] [info]   平移 XYZ: (-0.0307, -0.2420, 11.0546) m
[20:31:30.199] [debug] [ManualAdjust] 平移增量 dxyz=(0.0000, 0.0000, 0.0050)m
[20:31:30.199] [info] [ManualAdjust] 当前外参 [imu_0→cam_front]:
[20:31:30.199] [info]   旋转 RPY: (-2.3164, 0.3518, 1.0829) deg
[20:31:30.199] [info]   平移 XYZ: (-0.0307, -0.2420, 11.0596) m
[20:31:30.231] [debug] [ManualAdjust] 平移增量 dxyz=(0.0000, 0.0000, 0.0050)m
[20:31:30.231] [info] [ManualAdjust] 当前外参 [imu_0→cam_front]:
[20:31:30.231] [info]   旋转 RPY: (-2.3164, 0.3518, 1.0829) deg
[20:31:30.231] [info]   平移 XYZ: (-0.0307, -0.2420, 11.0646) m
[20:31:30.285] [debug] [ManualAdjust] 平移增量 dxyz=(0.0000, 0.0000, 0.0050)m
[20:31:30.285] [info] [ManualAdjust] 当前外参 [imu_0→cam_front]:
[20:31:30.285] [info]   旋转 RPY: (-2.3164, 0.3518, 1.0829) deg
[20:31:30.285] [info]   平移 XYZ: (-0.0307, -0.2420, 11.0696) m
[20:31:30.336] [debug] [ManualAdjust] 平移增量 dxyz=(0.0000, 0.0000, 0.0050)m
[20:31:30.336] [info] [ManualAdjust] 当前外参 [imu_0→cam_front]:
[20:31:30.336] [info]   旋转 RPY: (-2.3164, 0.3518, 1.0829) deg
[20:31:30.336] [info]   平移 XYZ: (-0.0307, -0.2420, 11.0746) m
[20:31:30.372] [debug] [ManualAdjust] 平移增量 dxyz=(0.0000, 0.0000, 0.0050)m
[20:31:30.372] [info] [ManualAdjust] 当前外参 [imu_0→cam_front]:
[20:31:30.372] [info]   旋转 RPY: (-2.3164, 0.3518, 1.0829) deg
[20:31:30.372] [info]   平移 XYZ: (-0.0307, -0.2420, 11.0796) m
[20:31:30.414] [debug] [ManualAdjust] 平移增量 dxyz=(0.0000, 0.0000, 0.0050)m
[20:31:30.414] [info] [ManualAdjust] 当前外参 [imu_0→cam_front]:
[20:31:30.414] [info]   旋转 RPY: (-2.3164, 0.3518, 1.0829) deg
[20:31:30.414] [info]   平移 XYZ: (-0.0307, -0.2420, 11.0846) m
[20:31:30.443] [debug] [ManualAdjust] 平移增量 dxyz=(0.0000, 0.0000, 0.0050)m
[20:31:30.443] [info] [ManualAdjust] 当前外参 [imu_0→cam_front]:
[20:31:30.443] [info]   旋转 RPY: (-2.3164, 0.3518, 1.0829) deg
[20:31:30.443] [info]   平移 XYZ: (-0.0307, -0.2420, 11.0896) m
[20:31:30.492] [debug] [ManualAdjust] 平移增量 dxyz=(0.0000, 0.0000, 0.0050)m
[20:31:30.492] [info] [ManualAdjust] 当前外参 [imu_0→cam_front]:
[20:31:30.492] [info]   旋转 RPY: (-2.3164, 0.3518, 1.0829) deg
[20:31:30.492] [info]   平移 XYZ: (-0.0307, -0.2420, 11.0946) m
[20:31:30.520] [debug] [ManualAdjust] 平移增量 dxyz=(0.0000, 0.0000, 0.0050)m
[20:31:30.520] [info] [ManualAdjust] 当前外参 [imu_0→cam_front]:
[20:31:30.520] [info]   旋转 RPY: (-2.3164, 0.3518, 1.0829) deg
[20:31:30.520] [info]   平移 XYZ: (-0.0307, -0.2420, 11.0996) m
[20:31:30.550] [debug] [ManualAdjust] 平移增量 dxyz=(0.0000, 0.0000, 0.0050)m
[20:31:30.550] [info] [ManualAdjust] 当前外参 [imu_0→cam_front]:
[20:31:30.550] [info]   旋转 RPY: (-2.3164, 0.3518, 1.0829) deg
[20:31:30.550] [info]   平移 XYZ: (-0.0307, -0.2420, 11.1046) m
[20:31:30.601] [debug] [ManualAdjust] 平移增量 dxyz=(0.0000, 0.0000, 0.0050)m
[20:31:30.601] [info] [ManualAdjust] 当前外参 [imu_0→cam_front]:
[20:31:30.601] [info]   旋转 RPY: (-2.3164, 0.3518, 1.0829) deg
[20:31:30.601] [info]   平移 XYZ: (-0.0307, -0.2420, 11.1096) m
[20:31:30.633] [debug] [ManualAdjust] 平移增量 dxyz=(0.0000, 0.0000, 0.0050)m
[20:31:30.633] [info] [ManualAdjust] 当前外参 [imu_0→cam_front]:
[20:31:30.633] [info]   旋转 RPY: (-2.3164, 0.3518, 1.0829) deg
[20:31:30.633] [info]   平移 XYZ: (-0.0307, -0.2420, 11.1146) m
[20:31:30.688] [debug] [ManualAdjust] 平移增量 dxyz=(0.0000, 0.0000, 0.0050)m
[20:31:30.688] [info] [ManualAdjust] 当前外参 [imu_0→cam_front]:
[20:31:30.688] [info]   旋转 RPY: (-2.3164, 0.3518, 1.0829) deg
[20:31:30.688] [info]   平移 XYZ: (-0.0307, -0.2420, 11.1196) m
[20:31:30.718] [debug] [ManualAdjust] 平移增量 dxyz=(0.0000, 0.0000, 0.0050)m
[20:31:30.718] [info] [ManualAdjust] 当前外参 [imu_0→cam_front]:
[20:31:30.718] [info]   旋转 RPY: (-2.3164, 0.3518, 1.0829) deg
[20:31:30.718] [info]   平移 XYZ: (-0.0307, -0.2420, 11.1246) m
[20:31:30.768] [debug] [ManualAdjust] 平移增量 dxyz=(0.0000, 0.0000, 0.0050)m
[20:31:30.768] [info] [ManualAdjust] 当前外参 [imu_0→cam_front]:
[20:31:30.768] [info]   旋转 RPY: (-2.3164, 0.3518, 1.0829) deg
[20:31:30.768] [info]   平移 XYZ: (-0.0307, -0.2420, 11.1296) m
[20:31:30.800] [debug] [ManualAdjust] 平移增量 dxyz=(0.0000, 0.0000, 0.0050)m
[20:31:30.800] [info] [ManualAdjust] 当前外参 [imu_0→cam_front]:
[20:31:30.800] [info]   旋转 RPY: (-2.3164, 0.3518, 1.0829) deg
[20:31:30.800] [info]   平移 XYZ: (-0.0307, -0.2420, 11.1346) m
[20:31:30.858] [debug] [ManualAdjust] 平移增量 dxyz=(0.0000, 0.0000, 0.0050)m
[20:31:30.859] [info] [ManualAdjust] 当前外参 [imu_0→cam_front]:
[20:31:30.859] [info]   旋转 RPY: (-2.3164, 0.3518, 1.0829) deg
[20:31:30.859] [info]   平移 XYZ: (-0.0307, -0.2420, 11.1396) m
[20:31:30.890] [debug] [ManualAdjust] 平移增量 dxyz=(0.0000, 0.0000, 0.0050)m
[20:31:30.890] [info] [ManualAdjust] 当前外参 [imu_0→cam_front]:
[20:31:30.890] [info]   旋转 RPY: (-2.3164, 0.3518, 1.0829) deg
[20:31:30.890] [info]   平移 XYZ: (-0.0307, -0.2420, 11.1446) m
[20:31:30.925] [debug] [ManualAdjust] 平移增量 dxyz=(0.0000, 0.0000, 0.0050)m
[20:31:30.925] [info] [ManualAdjust] 当前外参 [imu_0→cam_front]:
[20:31:30.925] [info]   旋转 RPY: (-2.3164, 0.3518, 1.0829) deg
[20:31:30.925] [info]   平移 XYZ: (-0.0307, -0.2420, 11.1496) m
[20:31:30.956] [debug] [ManualAdjust] 平移增量 dxyz=(0.0000, 0.0000, 0.0050)m
[20:31:30.956] [info] [ManualAdjust] 当前外参 [imu_0→cam_front]:
[20:31:30.956] [info]   旋转 RPY: (-2.3164, 0.3518, 1.0829) deg
[20:31:30.956] [info]   平移 XYZ: (-0.0307, -0.2420, 11.1546) m
[20:31:30.987] [debug] [ManualAdjust] 平移增量 dxyz=(0.0000, 0.0000, 0.0050)m
[20:31:30.987] [info] [ManualAdjust] 当前外参 [imu_0→cam_front]:
[20:31:30.987] [info]   旋转 RPY: (-2.3164, 0.3518, 1.0829) deg
[20:31:30.987] [info]   平移 XYZ: (-0.0307, -0.2420, 11.1596) m
[20:31:31.025] [debug] [ManualAdjust] 平移增量 dxyz=(0.0000, 0.0000, 0.0050)m
[20:31:31.025] [info] [ManualAdjust] 当前外参 [imu_0→cam_front]:
[20:31:31.025] [info]   旋转 RPY: (-2.3164, 0.3518, 1.0829) deg
[20:31:31.025] [info]   平移 XYZ: (-0.0307, -0.2420, 11.1646) m
[20:31:31.057] [debug] [ManualAdjust] 平移增量 dxyz=(0.0000, 0.0000, 0.0050)m
[20:31:31.057] [info] [ManualAdjust] 当前外参 [imu_0→cam_front]:
[20:31:31.057] [info]   旋转 RPY: (-2.3164, 0.3518, 1.0829) deg
[20:31:31.057] [info]   平移 XYZ: (-0.0307, -0.2420, 11.1696) m
[20:31:31.088] [debug] [ManualAdjust] 平移增量 dxyz=(0.0000, 0.0000, 0.0050)m
[20:31:31.088] [info] [ManualAdjust] 当前外参 [imu_0→cam_front]:
[20:31:31.088] [info]   旋转 RPY: (-2.3164, 0.3518, 1.0829) deg
[20:31:31.088] [info]   平移 XYZ: (-0.0307, -0.2420, 11.1746) m
[20:31:31.120] [debug] [ManualAdjust] 平移增量 dxyz=(0.0000, 0.0000, 0.0050)m
[20:31:31.120] [info] [ManualAdjust] 当前外参 [imu_0→cam_front]:
[20:31:31.120] [info]   旋转 RPY: (-2.3164, 0.3518, 1.0829) deg
[20:31:31.120] [info]   平移 XYZ: (-0.0307, -0.2420, 11.1796) m
[20:31:31.157] [debug] [ManualAdjust] 平移增量 dxyz=(0.0000, 0.0000, 0.0050)m
[20:31:31.158] [info] [ManualAdjust] 当前外参 [imu_0→cam_front]:
[20:31:31.158] [info]   旋转 RPY: (-2.3164, 0.3518, 1.0829) deg
[20:31:31.158] [info]   平移 XYZ: (-0.0307, -0.2420, 11.1846) m
[20:31:31.187] [debug] [ManualAdjust] 平移增量 dxyz=(0.0000, 0.0000, 0.0050)m
[20:31:31.187] [info] [ManualAdjust] 当前外参 [imu_0→cam_front]:
[20:31:31.187] [info]   旋转 RPY: (-2.3164, 0.3518, 1.0829) deg
[20:31:31.187] [info]   平移 XYZ: (-0.0307, -0.2420, 11.1896) m
[20:31:31.252] [debug] [ManualAdjust] 平移增量 dxyz=(0.0000, 0.0000, 0.0050)m
[20:31:31.252] [info] [ManualAdjust] 当前外参 [imu_0→cam_front]:
[20:31:31.252] [info]   旋转 RPY: (-2.3164, 0.3518, 1.0829) deg
[20:31:31.252] [info]   平移 XYZ: (-0.0307, -0.2420, 11.1946) m
[20:31:31.298] [debug] [ManualAdjust] 平移增量 dxyz=(0.0000, 0.0000, 0.0050)m
[20:31:31.298] [info] [ManualAdjust] 当前外参 [imu_0→cam_front]:
[20:31:31.298] [info]   旋转 RPY: (-2.3164, 0.3518, 1.0829) deg
[20:31:31.298] [info]   平移 XYZ: (-0.0307, -0.2420, 11.1996) m
[20:31:31.338] [debug] [ManualAdjust] 平移增量 dxyz=(0.0000, 0.0000, 0.0050)m
[20:31:31.338] [info] [ManualAdjust] 当前外参 [imu_0→cam_front]:
[20:31:31.338] [info]   旋转 RPY: (-2.3164, 0.3518, 1.0829) deg
[20:31:31.338] [info]   平移 XYZ: (-0.0307, -0.2420, 11.2046) m
[20:31:31.382] [debug] [ManualAdjust] 平移增量 dxyz=(0.0000, 0.0000, 0.0050)m
[20:31:31.382] [info] [ManualAdjust] 当前外参 [imu_0→cam_front]:
[20:31:31.382] [info]   旋转 RPY: (-2.3164, 0.3518, 1.0829) deg
[20:31:31.382] [info]   平移 XYZ: (-0.0307, -0.2420, 11.2096) m
[20:31:31.416] [debug] [ManualAdjust] 平移增量 dxyz=(0.0000, 0.0000, 0.0050)m
[20:31:31.416] [info] [ManualAdjust] 当前外参 [imu_0→cam_front]:
[20:31:31.416] [info]   旋转 RPY: (-2.3164, 0.3518, 1.0829) deg
[20:31:31.416] [info]   平移 XYZ: (-0.0307, -0.2420, 11.2146) m
[20:31:31.446] [debug] [ManualAdjust] 平移增量 dxyz=(0.0000, 0.0000, 0.0050)m
[20:31:31.446] [info] [ManualAdjust] 当前外参 [imu_0→cam_front]:
[20:31:31.446] [info]   旋转 RPY: (-2.3164, 0.3518, 1.0829) deg
[20:31:31.446] [info]   平移 XYZ: (-0.0307, -0.2420, 11.2196) m
[20:31:31.482] [debug] [ManualAdjust] 平移增量 dxyz=(0.0000, 0.0000, 0.0050)m
[20:31:31.482] [info] [ManualAdjust] 当前外参 [imu_0→cam_front]:
[20:31:31.482] [info]   旋转 RPY: (-2.3164, 0.3518, 1.0829) deg
[20:31:31.482] [info]   平移 XYZ: (-0.0307, -0.2420, 11.2246) m
[20:31:31.515] [debug] [ManualAdjust] 平移增量 dxyz=(0.0000, 0.0000, 0.0050)m
[20:31:31.515] [info] [ManualAdjust] 当前外参 [imu_0→cam_front]:
[20:31:31.515] [info]   旋转 RPY: (-2.3164, 0.3518, 1.0829) deg
[20:31:31.515] [info]   平移 XYZ: (-0.0307, -0.2420, 11.2296) m
[20:31:31.567] [debug] [ManualAdjust] 平移增量 dxyz=(0.0000, 0.0000, 0.0050)m
[20:31:31.567] [info] [ManualAdjust] 当前外参 [imu_0→cam_front]:
[20:31:31.567] [info]   旋转 RPY: (-2.3164, 0.3518, 1.0829) deg
[20:31:31.567] [info]   平移 XYZ: (-0.0307, -0.2420, 11.2346) m
[20:31:31.596] [debug] [ManualAdjust] 平移增量 dxyz=(0.0000, 0.0000, 0.0050)m
[20:31:31.596] [info] [ManualAdjust] 当前外参 [imu_0→cam_front]:
[20:31:31.596] [info]   旋转 RPY: (-2.3164, 0.3518, 1.0829) deg
[20:31:31.596] [info]   平移 XYZ: (-0.0307, -0.2420, 11.2396) m
[20:31:31.643] [debug] [ManualAdjust] 平移增量 dxyz=(0.0000, 0.0000, 0.0050)m
[20:31:31.643] [info] [ManualAdjust] 当前外参 [imu_0→cam_front]:
[20:31:31.643] [info]   旋转 RPY: (-2.3164, 0.3518, 1.0829) deg
[20:31:31.643] [info]   平移 XYZ: (-0.0307, -0.2420, 11.2446) m
[20:31:31.676] [debug] [ManualAdjust] 平移增量 dxyz=(0.0000, 0.0000, 0.0050)m
[20:31:31.676] [info] [ManualAdjust] 当前外参 [imu_0→cam_front]:
[20:31:31.676] [info]   旋转 RPY: (-2.3164, 0.3518, 1.0829) deg
[20:31:31.676] [info]   平移 XYZ: (-0.0307, -0.2420, 11.2496) m
[20:31:31.706] [debug] [ManualAdjust] 平移增量 dxyz=(0.0000, 0.0000, 0.0050)m
[20:31:31.706] [info] [ManualAdjust] 当前外参 [imu_0→cam_front]:
[20:31:31.706] [info]   旋转 RPY: (-2.3164, 0.3518, 1.0829) deg
[20:31:31.706] [info]   平移 XYZ: (-0.0307, -0.2420, 11.2546) m
[20:31:31.748] [debug] [ManualAdjust] 平移增量 dxyz=(0.0000, 0.0000, 0.0050)m
[20:31:31.748] [info] [ManualAdjust] 当前外参 [imu_0→cam_front]:
[20:31:31.748] [info]   旋转 RPY: (-2.3164, 0.3518, 1.0829) deg
[20:31:31.748] [info]   平移 XYZ: (-0.0307, -0.2420, 11.2596) m
[20:31:31.781] [debug] [ManualAdjust] 平移增量 dxyz=(0.0000, 0.0000, 0.0050)m
[20:31:31.781] [info] [ManualAdjust] 当前外参 [imu_0→cam_front]:
[20:31:31.781] [info]   旋转 RPY: (-2.3164, 0.3518, 1.0829) deg
[20:31:31.781] [info]   平移 XYZ: (-0.0307, -0.2420, 11.2646) m
[20:31:31.811] [debug] [ManualAdjust] 平移增量 dxyz=(0.0000, 0.0000, 0.0050)m
[20:31:31.811] [info] [ManualAdjust] 当前外参 [imu_0→cam_front]:
[20:31:31.811] [info]   旋转 RPY: (-2.3164, 0.3518, 1.0829) deg
[20:31:31.811] [info]   平移 XYZ: (-0.0307, -0.2420, 11.2696) m
[20:31:31.870] [debug] [ManualAdjust] 平移增量 dxyz=(0.0000, 0.0000, 0.0050)m
[20:31:31.870] [info] [ManualAdjust] 当前外参 [imu_0→cam_front]:
[20:31:31.870] [info]   旋转 RPY: (-2.3164, 0.3518, 1.0829) deg
[20:31:31.870] [info]   平移 XYZ: (-0.0307, -0.2420, 11.2746) m
[20:31:31.900] [debug] [ManualAdjust] 平移增量 dxyz=(0.0000, 0.0000, 0.0050)m
[20:31:31.900] [info] [ManualAdjust] 当前外参 [imu_0→cam_front]:
[20:31:31.900] [info]   旋转 RPY: (-2.3164, 0.3518, 1.0829) deg
[20:31:31.900] [info]   平移 XYZ: (-0.0307, -0.2420, 11.2796) m
[20:31:31.948] [debug] [ManualAdjust] 平移增量 dxyz=(0.0000, 0.0000, 0.0050)m
[20:31:31.950] [info] [ManualAdjust] 当前外参 [imu_0→cam_front]:
[20:31:31.950] [info]   旋转 RPY: (-2.3164, 0.3518, 1.0829) deg
[20:31:31.950] [info]   平移 XYZ: (-0.0307, -0.2420, 11.2846) m
[20:31:31.990] [debug] [ManualAdjust] 平移增量 dxyz=(0.0000, 0.0000, 0.0050)m
[20:31:31.990] [info] [ManualAdjust] 当前外参 [imu_0→cam_front]:
[20:31:31.990] [info]   旋转 RPY: (-2.3164, 0.3518, 1.0829) deg
[20:31:31.990] [info]   平移 XYZ: (-0.0307, -0.2420, 11.2896) m
[20:31:32.020] [debug] [ManualAdjust] 平移增量 dxyz=(0.0000, 0.0000, 0.0050)m
[20:31:32.020] [info] [ManualAdjust] 当前外参 [imu_0→cam_front]:
[20:31:32.020] [info]   旋转 RPY: (-2.3164, 0.3518, 1.0829) deg
[20:31:32.020] [info]   平移 XYZ: (-0.0307, -0.2420, 11.2946) m
[20:31:32.075] [debug] [ManualAdjust] 平移增量 dxyz=(0.0000, 0.0000, 0.0050)m
[20:31:32.075] [info] [ManualAdjust] 当前外参 [imu_0→cam_front]:
[20:31:32.075] [info]   旋转 RPY: (-2.3164, 0.3518, 1.0829) deg
[20:31:32.075] [info]   平移 XYZ: (-0.0307, -0.2420, 11.2996) m
[20:31:32.106] [debug] [ManualAdjust] 平移增量 dxyz=(0.0000, 0.0000, 0.0050)m
[20:31:32.106] [info] [ManualAdjust] 当前外参 [imu_0→cam_front]:
[20:31:32.106] [info]   旋转 RPY: (-2.3164, 0.3518, 1.0829) deg
[20:31:32.106] [info]   平移 XYZ: (-0.0307, -0.2420, 11.3046) m
[20:31:32.137] [debug] [ManualAdjust] 平移增量 dxyz=(0.0000, 0.0000, 0.0050)m
[20:31:32.138] [info] [ManualAdjust] 当前外参 [imu_0→cam_front]:
[20:31:32.138] [info]   旋转 RPY: (-2.3164, 0.3518, 1.0829) deg
[20:31:32.138] [info]   平移 XYZ: (-0.0307, -0.2420, 11.3096) m
[20:31:32.195] [debug] [ManualAdjust] 平移增量 dxyz=(0.0000, 0.0000, 0.0050)m
[20:31:32.195] [info] [ManualAdjust] 当前外参 [imu_0→cam_front]:
[20:31:32.195] [info]   旋转 RPY: (-2.3164, 0.3518, 1.0829) deg
[20:31:32.195] [info]   平移 XYZ: (-0.0307, -0.2420, 11.3146) m
[20:31:32.239] [debug] [ManualAdjust] 平移增量 dxyz=(0.0000, 0.0000, 0.0050)m
[20:31:32.239] [info] [ManualAdjust] 当前外参 [imu_0→cam_front]:
[20:31:32.239] [info]   旋转 RPY: (-2.3164, 0.3518, 1.0829) deg
[20:31:32.239] [info]   平移 XYZ: (-0.0307, -0.2420, 11.3196) m
[20:31:32.267] [debug] [ManualAdjust] 平移增量 dxyz=(0.0000, 0.0000, 0.0050)m
[20:31:32.267] [info] [ManualAdjust] 当前外参 [imu_0→cam_front]:
[20:31:32.267] [info]   旋转 RPY: (-2.3164, 0.3518, 1.0829) deg
[20:31:32.267] [info]   平移 XYZ: (-0.0307, -0.2420, 11.3246) m
[20:31:32.297] [debug] [ManualAdjust] 平移增量 dxyz=(0.0000, 0.0000, 0.0050)m
[20:31:32.297] [info] [ManualAdjust] 当前外参 [imu_0→cam_front]:
[20:31:32.297] [info]   旋转 RPY: (-2.3164, 0.3518, 1.0829) deg
[20:31:32.297] [info]   平移 XYZ: (-0.0307, -0.2420, 11.3296) m
[20:31:32.361] [debug] [ManualAdjust] 平移增量 dxyz=(0.0000, 0.0000, 0.0050)m
[20:31:32.361] [info] [ManualAdjust] 当前外参 [imu_0→cam_front]:
[20:31:32.361] [info]   旋转 RPY: (-2.3164, 0.3518, 1.0829) deg
[20:31:32.361] [info]   平移 XYZ: (-0.0307, -0.2420, 11.3346) m
[20:31:32.393] [debug] [ManualAdjust] 平移增量 dxyz=(0.0000, 0.0000, 0.0050)m
[20:31:32.393] [info] [ManualAdjust] 当前外参 [imu_0→cam_front]:
[20:31:32.393] [info]   旋转 RPY: (-2.3164, 0.3518, 1.0829) deg
[20:31:32.393] [info]   平移 XYZ: (-0.0307, -0.2420, 11.3396) m
[20:31:32.433] [debug] [ManualAdjust] 平移增量 dxyz=(0.0000, 0.0000, 0.0050)m
[20:31:32.433] [info] [ManualAdjust] 当前外参 [imu_0→cam_front]:
[20:31:32.433] [info]   旋转 RPY: (-2.3164, 0.3518, 1.0829) deg
[20:31:32.433] [info]   平移 XYZ: (-0.0307, -0.2420, 11.3446) m
[20:31:32.470] [debug] [ManualAdjust] 平移增量 dxyz=(0.0000, 0.0000, 0.0050)m
[20:31:32.470] [info] [ManualAdjust] 当前外参 [imu_0→cam_front]:
[20:31:32.470] [info]   旋转 RPY: (-2.3164, 0.3518, 1.0829) deg
[20:31:32.470] [info]   平移 XYZ: (-0.0307, -0.2420, 11.3496) m
[20:31:32.499] [debug] [ManualAdjust] 平移增量 dxyz=(0.0000, 0.0000, 0.0050)m
[20:31:32.499] [info] [ManualAdjust] 当前外参 [imu_0→cam_front]:
[20:31:32.499] [info]   旋转 RPY: (-2.3164, 0.3518, 1.0829) deg
[20:31:32.499] [info]   平移 XYZ: (-0.0307, -0.2420, 11.3546) m
[20:31:32.536] [debug] [ManualAdjust] 平移增量 dxyz=(0.0000, 0.0000, 0.0050)m
[20:31:32.536] [info] [ManualAdjust] 当前外参 [imu_0→cam_front]:
[20:31:32.536] [info]   旋转 RPY: (-2.3164, 0.3518, 1.0829) deg
[20:31:32.536] [info]   平移 XYZ: (-0.0307, -0.2420, 11.3596) m
[20:31:32.572] [debug] [ManualAdjust] 平移增量 dxyz=(0.0000, 0.0000, 0.0050)m
[20:31:32.573] [info] [ManualAdjust] 当前外参 [imu_0→cam_front]:
[20:31:32.573] [info]   旋转 RPY: (-2.3164, 0.3518, 1.0829) deg
[20:31:32.573] [info]   平移 XYZ: (-0.0307, -0.2420, 11.3646) m
[20:31:32.603] [debug] [ManualAdjust] 平移增量 dxyz=(0.0000, 0.0000, 0.0050)m
[20:31:32.603] [info] [ManualAdjust] 当前外参 [imu_0→cam_front]:
[20:31:32.603] [info]   旋转 RPY: (-2.3164, 0.3518, 1.0829) deg
[20:31:32.603] [info]   平移 XYZ: (-0.0307, -0.2420, 11.3696) m
[20:31:32.641] [debug] [ManualAdjust] 平移增量 dxyz=(0.0000, 0.0000, 0.0050)m
[20:31:32.641] [info] [ManualAdjust] 当前外参 [imu_0→cam_front]:
[20:31:32.641] [info]   旋转 RPY: (-2.3164, 0.3518, 1.0829) deg
[20:31:32.641] [info]   平移 XYZ: (-0.0307, -0.2420, 11.3746) m
[20:31:32.679] [debug] [ManualAdjust] 平移增量 dxyz=(0.0000, 0.0000, 0.0050)m
[20:31:32.679] [info] [ManualAdjust] 当前外参 [imu_0→cam_front]:
[20:31:32.679] [info]   旋转 RPY: (-2.3164, 0.3518, 1.0829) deg
[20:31:32.679] [info]   平移 XYZ: (-0.0307, -0.2420, 11.3796) m
[20:31:32.709] [debug] [ManualAdjust] 平移增量 dxyz=(0.0000, 0.0000, 0.0050)m
[20:31:32.709] [info] [ManualAdjust] 当前外参 [imu_0→cam_front]:
[20:31:32.709] [info]   旋转 RPY: (-2.3164, 0.3518, 1.0829) deg
[20:31:32.709] [info]   平移 XYZ: (-0.0307, -0.2420, 11.3846) m
[20:31:32.740] [debug] [ManualAdjust] 平移增量 dxyz=(0.0000, 0.0000, 0.0050)m
[20:31:32.740] [info] [ManualAdjust] 当前外参 [imu_0→cam_front]:
[20:31:32.740] [info]   旋转 RPY: (-2.3164, 0.3518, 1.0829) deg
[20:31:32.740] [info]   平移 XYZ: (-0.0307, -0.2420, 11.3896) m
[20:31:32.779] [debug] [ManualAdjust] 平移增量 dxyz=(0.0000, 0.0000, 0.0050)m
[20:31:32.779] [info] [ManualAdjust] 当前外参 [imu_0→cam_front]:
[20:31:32.779] [info]   旋转 RPY: (-2.3164, 0.3518, 1.0829) deg
[20:31:32.779] [info]   平移 XYZ: (-0.0307, -0.2420, 11.3946) m
[20:31:32.823] [debug] [ManualAdjust] 平移增量 dxyz=(0.0000, 0.0000, 0.0050)m
[20:31:32.823] [info] [ManualAdjust] 当前外参 [imu_0→cam_front]:
[20:31:32.823] [info]   旋转 RPY: (-2.3164, 0.3518, 1.0829) deg
[20:31:32.823] [info]   平移 XYZ: (-0.0307, -0.2420, 11.3996) m
[20:31:32.860] [debug] [ManualAdjust] 平移增量 dxyz=(0.0000, 0.0000, 0.0050)m
[20:31:32.860] [info] [ManualAdjust] 当前外参 [imu_0→cam_front]:
[20:31:32.860] [info]   旋转 RPY: (-2.3164, 0.3518, 1.0829) deg
[20:31:32.860] [info]   平移 XYZ: (-0.0307, -0.2420, 11.4046) m
[20:31:32.890] [debug] [ManualAdjust] 平移增量 dxyz=(0.0000, 0.0000, 0.0050)m
[20:31:32.890] [info] [ManualAdjust] 当前外参 [imu_0→cam_front]:
[20:31:32.890] [info]   旋转 RPY: (-2.3164, 0.3518, 1.0829) deg
[20:31:32.890] [info]   平移 XYZ: (-0.0307, -0.2420, 11.4096) m
[20:31:32.948] [debug] [ManualAdjust] 平移增量 dxyz=(0.0000, 0.0000, 0.0050)m
[20:31:32.948] [info] [ManualAdjust] 当前外参 [imu_0→cam_front]:
[20:31:32.948] [info]   旋转 RPY: (-2.3164, 0.3518, 1.0829) deg
[20:31:32.948] [info]   平移 XYZ: (-0.0307, -0.2420, 11.4146) m
[20:31:32.979] [debug] [ManualAdjust] 平移增量 dxyz=(0.0000, 0.0000, 0.0050)m
[20:31:32.979] [info] [ManualAdjust] 当前外参 [imu_0→cam_front]:
[20:31:32.979] [info]   旋转 RPY: (-2.3164, 0.3518, 1.0829) deg
[20:31:32.979] [info]   平移 XYZ: (-0.0307, -0.2420, 11.4196) m
[20:31:33.021] [debug] [ManualAdjust] 平移增量 dxyz=(0.0000, 0.0000, 0.0050)m
[20:31:33.021] [info] [ManualAdjust] 当前外参 [imu_0→cam_front]:
[20:31:33.021] [info]   旋转 RPY: (-2.3164, 0.3518, 1.0829) deg
[20:31:33.021] [info]   平移 XYZ: (-0.0307, -0.2420, 11.4246) m
[20:31:33.051] [debug] [ManualAdjust] 平移增量 dxyz=(0.0000, 0.0000, 0.0050)m
[20:31:33.051] [info] [ManualAdjust] 当前外参 [imu_0→cam_front]:
[20:31:33.051] [info]   旋转 RPY: (-2.3164, 0.3518, 1.0829) deg
[20:31:33.051] [info]   平移 XYZ: (-0.0307, -0.2420, 11.4296) m
[20:31:33.080] [debug] [ManualAdjust] 平移增量 dxyz=(0.0000, 0.0000, 0.0050)m
[20:31:33.080] [info] [ManualAdjust] 当前外参 [imu_0→cam_front]:
[20:31:33.080] [info]   旋转 RPY: (-2.3164, 0.3518, 1.0829) deg
[20:31:33.080] [info]   平移 XYZ: (-0.0307, -0.2420, 11.4346) m
[20:31:33.141] [debug] [ManualAdjust] 平移增量 dxyz=(0.0000, 0.0000, 0.0050)m
[20:31:33.141] [info] [ManualAdjust] 当前外参 [imu_0→cam_front]:
[20:31:33.141] [info]   旋转 RPY: (-2.3164, 0.3518, 1.0829) deg
[20:31:33.141] [info]   平移 XYZ: (-0.0307, -0.2420, 11.4396) m
[20:31:33.179] [debug] [ManualAdjust] 平移增量 dxyz=(0.0000, 0.0000, 0.0050)m
[20:31:33.179] [info] [ManualAdjust] 当前外参 [imu_0→cam_front]:
[20:31:33.179] [info]   旋转 RPY: (-2.3164, 0.3518, 1.0829) deg
[20:31:33.179] [info]   平移 XYZ: (-0.0307, -0.2420, 11.4446) m
[20:31:33.213] [debug] [ManualAdjust] 平移增量 dxyz=(0.0000, 0.0000, 0.0050)m
[20:31:33.213] [info] [ManualAdjust] 当前外参 [imu_0→cam_front]:
[20:31:33.213] [info]   旋转 RPY: (-2.3164, 0.3518, 1.0829) deg
[20:31:33.213] [info]   平移 XYZ: (-0.0307, -0.2420, 11.4496) m
[20:31:33.245] [debug] [ManualAdjust] 平移增量 dxyz=(0.0000, 0.0000, 0.0050)m
[20:31:33.245] [info] [ManualAdjust] 当前外参 [imu_0→cam_front]:
[20:31:33.245] [info]   旋转 RPY: (-2.3164, 0.3518, 1.0829) deg
[20:31:33.245] [info]   平移 XYZ: (-0.0307, -0.2420, 11.4546) m
[20:31:33.306] [debug] [ManualAdjust] 平移增量 dxyz=(0.0000, 0.0000, 0.0050)m
[20:31:33.306] [info] [ManualAdjust] 当前外参 [imu_0→cam_front]:
[20:31:33.306] [info]   旋转 RPY: (-2.3164, 0.3518, 1.0829) deg
[20:31:33.306] [info]   平移 XYZ: (-0.0307, -0.2420, 11.4596) m
[20:31:33.345] [debug] [ManualAdjust] 平移增量 dxyz=(0.0000, 0.0000, 0.0050)m
[20:31:33.345] [info] [ManualAdjust] 当前外参 [imu_0→cam_front]:
[20:31:33.345] [info]   旋转 RPY: (-2.3164, 0.3518, 1.0829) deg
[20:31:33.345] [info]   平移 XYZ: (-0.0307, -0.2420, 11.4646) m
[20:31:33.376] [debug] [ManualAdjust] 平移增量 dxyz=(0.0000, 0.0000, 0.0050)m
[20:31:33.377] [info] [ManualAdjust] 当前外参 [imu_0→cam_front]:
[20:31:33.377] [info]   旋转 RPY: (-2.3164, 0.3518, 1.0829) deg
[20:31:33.377] [info]   平移 XYZ: (-0.0307, -0.2420, 11.4696) m
[20:31:33.419] [debug] [ManualAdjust] 平移增量 dxyz=(0.0000, 0.0000, 0.0050)m
[20:31:33.419] [info] [ManualAdjust] 当前外参 [imu_0→cam_front]:
[20:31:33.419] [info]   旋转 RPY: (-2.3164, 0.3518, 1.0829) deg
[20:31:33.419] [info]   平移 XYZ: (-0.0307, -0.2420, 11.4746) m
[20:31:33.456] [debug] [ManualAdjust] 平移增量 dxyz=(0.0000, 0.0000, 0.0050)m
[20:31:33.456] [info] [ManualAdjust] 当前外参 [imu_0→cam_front]:
[20:31:33.456] [info]   旋转 RPY: (-2.3164, 0.3518, 1.0829) deg
[20:31:33.456] [info]   平移 XYZ: (-0.0307, -0.2420, 11.4796) m
[20:31:33.486] [debug] [ManualAdjust] 平移增量 dxyz=(0.0000, 0.0000, 0.0050)m
[20:31:33.486] [info] [ManualAdjust] 当前外参 [imu_0→cam_front]:
[20:31:33.486] [info]   旋转 RPY: (-2.3164, 0.3518, 1.0829) deg
[20:31:33.486] [info]   平移 XYZ: (-0.0307, -0.2420, 11.4846) m
[20:31:33.554] [debug] [ManualAdjust] 平移增量 dxyz=(0.0000, 0.0000, 0.0050)m
[20:31:33.554] [info] [ManualAdjust] 当前外参 [imu_0→cam_front]:
[20:31:33.554] [info]   旋转 RPY: (-2.3164, 0.3518, 1.0829) deg
[20:31:33.554] [info]   平移 XYZ: (-0.0307, -0.2420, 11.4896) m
[20:31:33.596] [debug] [ManualAdjust] 平移增量 dxyz=(0.0000, 0.0000, 0.0050)m
[20:31:33.596] [info] [ManualAdjust] 当前外参 [imu_0→cam_front]:
[20:31:33.596] [info]   旋转 RPY: (-2.3164, 0.3518, 1.0829) deg
[20:31:33.596] [info]   平移 XYZ: (-0.0307, -0.2420, 11.4946) m
[20:31:33.626] [debug] [ManualAdjust] 平移增量 dxyz=(0.0000, 0.0000, 0.0050)m
[20:31:33.626] [info] [ManualAdjust] 当前外参 [imu_0→cam_front]:
[20:31:33.626] [info]   旋转 RPY: (-2.3164, 0.3518, 1.0829) deg
[20:31:33.626] [info]   平移 XYZ: (-0.0307, -0.2420, 11.4996) m
[20:31:33.655] [debug] [ManualAdjust] 平移增量 dxyz=(0.0000, 0.0000, 0.0050)m
[20:31:33.655] [info] [ManualAdjust] 当前外参 [imu_0→cam_front]:
[20:31:33.655] [info]   旋转 RPY: (-2.3164, 0.3518, 1.0829) deg
[20:31:33.655] [info]   平移 XYZ: (-0.0307, -0.2420, 11.5046) m
[20:31:33.695] [debug] [ManualAdjust] 平移增量 dxyz=(0.0000, 0.0000, 0.0050)m
[20:31:33.695] [info] [ManualAdjust] 当前外参 [imu_0→cam_front]:
[20:31:33.695] [info]   旋转 RPY: (-2.3164, 0.3518, 1.0829) deg
[20:31:33.695] [info]   平移 XYZ: (-0.0307, -0.2420, 11.5096) m
[20:31:33.736] [debug] [ManualAdjust] 平移增量 dxyz=(0.0000, 0.0000, 0.0050)m
[20:31:33.736] [info] [ManualAdjust] 当前外参 [imu_0→cam_front]:
[20:31:33.736] [info]   旋转 RPY: (-2.3164, 0.3518, 1.0829) deg
[20:31:33.736] [info]   平移 XYZ: (-0.0307, -0.2420, 11.5146) m
[20:31:33.766] [debug] [ManualAdjust] 平移增量 dxyz=(0.0000, 0.0000, 0.0050)m
[20:31:33.766] [info] [ManualAdjust] 当前外参 [imu_0→cam_front]:
[20:31:33.766] [info]   旋转 RPY: (-2.3164, 0.3518, 1.0829) deg
[20:31:33.766] [info]   平移 XYZ: (-0.0307, -0.2420, 11.5196) m
[20:31:33.826] [debug] [ManualAdjust] 平移增量 dxyz=(0.0000, 0.0000, 0.0050)m
[20:31:33.826] [info] [ManualAdjust] 当前外参 [imu_0→cam_front]:
[20:31:33.826] [info]   旋转 RPY: (-2.3164, 0.3518, 1.0829) deg
[20:31:33.826] [info]   平移 XYZ: (-0.0307, -0.2420, 11.5246) m
[20:31:33.855] [debug] [ManualAdjust] 平移增量 dxyz=(0.0000, 0.0000, 0.0050)m
[20:31:33.855] [info] [ManualAdjust] 当前外参 [imu_0→cam_front]:
[20:31:33.855] [info]   旋转 RPY: (-2.3164, 0.3518, 1.0829) deg
[20:31:33.855] [info]   平移 XYZ: (-0.0307, -0.2420, 11.5296) m
[20:31:33.905] [debug] [ManualAdjust] 平移增量 dxyz=(0.0000, 0.0000, 0.0050)m
[20:31:33.905] [info] [ManualAdjust] 当前外参 [imu_0→cam_front]:
[20:31:33.905] [info]   旋转 RPY: (-2.3164, 0.3518, 1.0829) deg
[20:31:33.905] [info]   平移 XYZ: (-0.0307, -0.2420, 11.5346) m
[20:31:33.949] [debug] [ManualAdjust] 平移增量 dxyz=(0.0000, 0.0000, 0.0050)m
[20:31:33.949] [info] [ManualAdjust] 当前外参 [imu_0→cam_front]:
[20:31:33.949] [info]   旋转 RPY: (-2.3164, 0.3518, 1.0829) deg
[20:31:33.949] [info]   平移 XYZ: (-0.0307, -0.2420, 11.5396) m
[20:31:33.979] [debug] [ManualAdjust] 平移增量 dxyz=(0.0000, 0.0000, 0.0050)m
[20:31:33.979] [info] [ManualAdjust] 当前外参 [imu_0→cam_front]:
[20:31:33.979] [info]   旋转 RPY: (-2.3164, 0.3518, 1.0829) deg
[20:31:33.979] [info]   平移 XYZ: (-0.0307, -0.2420, 11.5446) m
[20:31:34.009] [debug] [ManualAdjust] 平移增量 dxyz=(0.0000, 0.0000, 0.0050)m
[20:31:34.009] [info] [ManualAdjust] 当前外参 [imu_0→cam_front]:
[20:31:34.009] [info]   旋转 RPY: (-2.3164, 0.3518, 1.0829) deg
[20:31:34.009] [info]   平移 XYZ: (-0.0307, -0.2420, 11.5496) m
[20:31:34.039] [debug] [ManualAdjust] 平移增量 dxyz=(0.0000, 0.0000, 0.0050)m
[20:31:34.039] [info] [ManualAdjust] 当前外参 [imu_0→cam_front]:
[20:31:34.039] [info]   旋转 RPY: (-2.3164, 0.3518, 1.0829) deg
[20:31:34.039] [info]   平移 XYZ: (-0.0307, -0.2420, 11.5546) m
[20:31:34.070] [debug] [ManualAdjust] 平移增量 dxyz=(0.0000, 0.0000, 0.0050)m
[20:31:34.071] [info] [ManualAdjust] 当前外参 [imu_0→cam_front]:
[20:31:34.071] [info]   旋转 RPY: (-2.3164, 0.3518, 1.0829) deg
[20:31:34.071] [info]   平移 XYZ: (-0.0307, -0.2420, 11.5596) m
[20:31:34.104] [debug] [ManualAdjust] 平移增量 dxyz=(0.0000, 0.0000, 0.0050)m
[20:31:34.104] [info] [ManualAdjust] 当前外参 [imu_0→cam_front]:
[20:31:34.104] [info]   旋转 RPY: (-2.3164, 0.3518, 1.0829) deg
[20:31:34.104] [info]   平移 XYZ: (-0.0307, -0.2420, 11.5646) m
[20:31:34.133] [debug] [ManualAdjust] 平移增量 dxyz=(0.0000, 0.0000, 0.0050)m
[20:31:34.133] [info] [ManualAdjust] 当前外参 [imu_0→cam_front]:
[20:31:34.133] [info]   旋转 RPY: (-2.3164, 0.3518, 1.0829) deg
[20:31:34.133] [info]   平移 XYZ: (-0.0307, -0.2420, 11.5696) m
[20:31:34.176] [debug] [ManualAdjust] 平移增量 dxyz=(0.0000, 0.0000, 0.0050)m
[20:31:34.176] [info] [ManualAdjust] 当前外参 [imu_0→cam_front]:
[20:31:34.176] [info]   旋转 RPY: (-2.3164, 0.3518, 1.0829) deg
[20:31:34.176] [info]   平移 XYZ: (-0.0307, -0.2420, 11.5746) m
[20:31:34.211] [debug] [ManualAdjust] 平移增量 dxyz=(0.0000, 0.0000, 0.0050)m
[20:31:34.211] [info] [ManualAdjust] 当前外参 [imu_0→cam_front]:
[20:31:34.211] [info]   旋转 RPY: (-2.3164, 0.3518, 1.0829) deg
[20:31:34.211] [info]   平移 XYZ: (-0.0307, -0.2420, 11.5796) m
[20:31:34.241] [debug] [ManualAdjust] 平移增量 dxyz=(0.0000, 0.0000, 0.0050)m
[20:31:34.241] [info] [ManualAdjust] 当前外参 [imu_0→cam_front]:
[20:31:34.241] [info]   旋转 RPY: (-2.3164, 0.3518, 1.0829) deg
[20:31:34.241] [info]   平移 XYZ: (-0.0307, -0.2420, 11.5846) m
[20:31:34.305] [debug] [ManualAdjust] 平移增量 dxyz=(0.0000, 0.0000, 0.0050)m
[20:31:34.305] [info] [ManualAdjust] 当前外参 [imu_0→cam_front]:
[20:31:34.305] [info]   旋转 RPY: (-2.3164, 0.3518, 1.0829) deg
[20:31:34.305] [info]   平移 XYZ: (-0.0307, -0.2420, 11.5896) m
[20:31:34.336] [debug] [ManualAdjust] 平移增量 dxyz=(0.0000, 0.0000, 0.0050)m
[20:31:34.336] [info] [ManualAdjust] 当前外参 [imu_0→cam_front]:
[20:31:34.336] [info]   旋转 RPY: (-2.3164, 0.3518, 1.0829) deg
[20:31:34.336] [info]   平移 XYZ: (-0.0307, -0.2420, 11.5946) m
[20:31:34.387] [debug] [ManualAdjust] 平移增量 dxyz=(0.0000, 0.0000, 0.0050)m
[20:31:34.387] [info] [ManualAdjust] 当前外参 [imu_0→cam_front]:
[20:31:34.387] [info]   旋转 RPY: (-2.3164, 0.3518, 1.0829) deg
[20:31:34.387] [info]   平移 XYZ: (-0.0307, -0.2420, 11.5996) m
[20:31:34.418] [debug] [ManualAdjust] 平移增量 dxyz=(0.0000, 0.0000, 0.0050)m
[20:31:34.418] [info] [ManualAdjust] 当前外参 [imu_0→cam_front]:
[20:31:34.418] [info]   旋转 RPY: (-2.3164, 0.3518, 1.0829) deg
[20:31:34.418] [info]   平移 XYZ: (-0.0307, -0.2420, 11.6046) m
[20:31:34.451] [debug] [ManualAdjust] 平移增量 dxyz=(0.0000, 0.0000, 0.0050)m
[20:31:34.451] [info] [ManualAdjust] 当前外参 [imu_0→cam_front]:
[20:31:34.451] [info]   旋转 RPY: (-2.3164, 0.3518, 1.0829) deg
[20:31:34.451] [info]   平移 XYZ: (-0.0307, -0.2420, 11.6096) m
[20:31:34.479] [debug] [ManualAdjust] 平移增量 dxyz=(0.0000, 0.0000, 0.0050)m
[20:31:34.479] [info] [ManualAdjust] 当前外参 [imu_0→cam_front]:
[20:31:34.479] [info]   旋转 RPY: (-2.3164, 0.3518, 1.0829) deg
[20:31:34.479] [info]   平移 XYZ: (-0.0307, -0.2420, 11.6146) m
[20:31:34.509] [debug] [ManualAdjust] 平移增量 dxyz=(0.0000, 0.0000, 0.0050)m
[20:31:34.509] [info] [ManualAdjust] 当前外参 [imu_0→cam_front]:
[20:31:34.509] [info]   旋转 RPY: (-2.3164, 0.3518, 1.0829) deg
[20:31:34.509] [info]   平移 XYZ: (-0.0307, -0.2420, 11.6196) m
[20:31:34.566] [debug] [ManualAdjust] 平移增量 dxyz=(0.0000, 0.0000, 0.0050)m
[20:31:34.566] [info] [ManualAdjust] 当前外参 [imu_0→cam_front]:
[20:31:34.566] [info]   旋转 RPY: (-2.3164, 0.3518, 1.0829) deg
[20:31:34.566] [info]   平移 XYZ: (-0.0307, -0.2420, 11.6246) m
[20:31:34.613] [debug] [ManualAdjust] 平移增量 dxyz=(0.0000, 0.0000, 0.0050)m
[20:31:34.613] [info] [ManualAdjust] 当前外参 [imu_0→cam_front]:
[20:31:34.613] [info]   旋转 RPY: (-2.3164, 0.3518, 1.0829) deg
[20:31:34.613] [info]   平移 XYZ: (-0.0307, -0.2420, 11.6296) m
[20:31:34.641] [debug] [ManualAdjust] 平移增量 dxyz=(0.0000, 0.0000, 0.0050)m
[20:31:34.641] [info] [ManualAdjust] 当前外参 [imu_0→cam_front]:
[20:31:34.641] [info]   旋转 RPY: (-2.3164, 0.3518, 1.0829) deg
[20:31:34.641] [info]   平移 XYZ: (-0.0307, -0.2420, 11.6346) m
[20:31:34.672] [debug] [ManualAdjust] 平移增量 dxyz=(0.0000, 0.0000, 0.0050)m
[20:31:34.672] [info] [ManualAdjust] 当前外参 [imu_0→cam_front]:
[20:31:34.672] [info]   旋转 RPY: (-2.3164, 0.3518, 1.0829) deg
[20:31:34.672] [info]   平移 XYZ: (-0.0307, -0.2420, 11.6396) m
[20:31:34.733] [debug] [ManualAdjust] 平移增量 dxyz=(0.0000, 0.0000, 0.0050)m
[20:31:34.733] [info] [ManualAdjust] 当前外参 [imu_0→cam_front]:
[20:31:34.733] [info]   旋转 RPY: (-2.3164, 0.3518, 1.0829) deg
[20:31:34.733] [info]   平移 XYZ: (-0.0307, -0.2420, 11.6446) m
[20:31:34.763] [debug] [ManualAdjust] 平移增量 dxyz=(0.0000, 0.0000, 0.0050)m
[20:31:34.763] [info] [ManualAdjust] 当前外参 [imu_0→cam_front]:
[20:31:34.763] [info]   旋转 RPY: (-2.3164, 0.3518, 1.0829) deg
[20:31:34.763] [info]   平移 XYZ: (-0.0307, -0.2420, 11.6496) m
[20:31:34.815] [debug] [ManualAdjust] 平移增量 dxyz=(0.0000, 0.0000, 0.0050)m
[20:31:34.816] [info] [ManualAdjust] 当前外参 [imu_0→cam_front]:
[20:31:34.816] [info]   旋转 RPY: (-2.3164, 0.3518, 1.0829) deg
[20:31:34.816] [info]   平移 XYZ: (-0.0307, -0.2420, 11.6546) m
[20:31:34.846] [debug] [ManualAdjust] 平移增量 dxyz=(0.0000, 0.0000, 0.0050)m
[20:31:34.847] [info] [ManualAdjust] 当前外参 [imu_0→cam_front]:
[20:31:34.847] [info]   旋转 RPY: (-2.3164, 0.3518, 1.0829) deg
[20:31:34.847] [info]   平移 XYZ: (-0.0307, -0.2420, 11.6596) m
[20:31:34.905] [debug] [ManualAdjust] 平移增量 dxyz=(0.0000, 0.0000, 0.0050)m
[20:31:34.905] [info] [ManualAdjust] 当前外参 [imu_0→cam_front]:
[20:31:34.905] [info]   旋转 RPY: (-2.3164, 0.3518, 1.0829) deg
[20:31:34.905] [info]   平移 XYZ: (-0.0307, -0.2420, 11.6646) m
[20:31:34.940] [debug] [ManualAdjust] 平移增量 dxyz=(0.0000, 0.0000, 0.0050)m
[20:31:34.940] [info] [ManualAdjust] 当前外参 [imu_0→cam_front]:
[20:31:34.940] [info]   旋转 RPY: (-2.3164, 0.3518, 1.0829) deg
[20:31:34.940] [info]   平移 XYZ: (-0.0307, -0.2420, 11.6696) m
[20:31:34.972] [debug] [ManualAdjust] 平移增量 dxyz=(0.0000, 0.0000, 0.0050)m
[20:31:34.972] [info] [ManualAdjust] 当前外参 [imu_0→cam_front]:
[20:31:34.972] [info]   旋转 RPY: (-2.3164, 0.3518, 1.0829) deg
[20:31:34.972] [info]   平移 XYZ: (-0.0307, -0.2420, 11.6746) m
[20:31:35.015] [debug] [ManualAdjust] 平移增量 dxyz=(0.0000, 0.0000, 0.0050)m
[20:31:35.015] [info] [ManualAdjust] 当前外参 [imu_0→cam_front]:
[20:31:35.015] [info]   旋转 RPY: (-2.3164, 0.3518, 1.0829) deg
[20:31:35.015] [info]   平移 XYZ: (-0.0307, -0.2420, 11.6796) m
[20:31:35.046] [debug] [ManualAdjust] 平移增量 dxyz=(0.0000, 0.0000, 0.0050)m
[20:31:35.046] [info] [ManualAdjust] 当前外参 [imu_0→cam_front]:
[20:31:35.046] [info]   旋转 RPY: (-2.3164, 0.3518, 1.0829) deg
[20:31:35.046] [info]   平移 XYZ: (-0.0307, -0.2420, 11.6846) m
[20:31:35.076] [debug] [ManualAdjust] 平移增量 dxyz=(0.0000, 0.0000, 0.0050)m
[20:31:35.076] [info] [ManualAdjust] 当前外参 [imu_0→cam_front]:
[20:31:35.076] [info]   旋转 RPY: (-2.3164, 0.3518, 1.0829) deg
[20:31:35.076] [info]   平移 XYZ: (-0.0307, -0.2420, 11.6896) m
[20:31:35.123] [debug] [ManualAdjust] 平移增量 dxyz=(0.0000, 0.0000, 0.0050)m
[20:31:35.123] [info] [ManualAdjust] 当前外参 [imu_0→cam_front]:
[20:31:35.123] [info]   旋转 RPY: (-2.3164, 0.3518, 1.0829) deg
[20:31:35.123] [info]   平移 XYZ: (-0.0307, -0.2420, 11.6946) m
[20:31:35.154] [debug] [ManualAdjust] 平移增量 dxyz=(0.0000, 0.0000, 0.0050)m
[20:31:35.154] [info] [ManualAdjust] 当前外参 [imu_0→cam_front]:
[20:31:35.154] [info]   旋转 RPY: (-2.3164, 0.3518, 1.0829) deg
[20:31:35.154] [info]   平移 XYZ: (-0.0307, -0.2420, 11.6996) m
[20:31:35.210] [debug] [ManualAdjust] 平移增量 dxyz=(0.0000, 0.0000, 0.0050)m
[20:31:35.210] [info] [ManualAdjust] 当前外参 [imu_0→cam_front]:
[20:31:35.210] [info]   旋转 RPY: (-2.3164, 0.3518, 1.0829) deg
[20:31:35.210] [info]   平移 XYZ: (-0.0307, -0.2420, 11.7046) m
[20:31:35.241] [debug] [ManualAdjust] 平移增量 dxyz=(0.0000, 0.0000, 0.0050)m
[20:31:35.241] [info] [ManualAdjust] 当前外参 [imu_0→cam_front]:
[20:31:35.241] [info]   旋转 RPY: (-2.3164, 0.3518, 1.0829) deg
[20:31:35.241] [info]   平移 XYZ: (-0.0307, -0.2420, 11.7096) m
[20:31:35.295] [debug] [ManualAdjust] 平移增量 dxyz=(0.0000, 0.0000, 0.0050)m
[20:31:35.295] [info] [ManualAdjust] 当前外参 [imu_0→cam_front]:
[20:31:35.295] [info]   旋转 RPY: (-2.3164, 0.3518, 1.0829) deg
[20:31:35.295] [info]   平移 XYZ: (-0.0307, -0.2420, 11.7146) m
[20:31:35.325] [debug] [ManualAdjust] 平移增量 dxyz=(0.0000, 0.0000, 0.0050)m
[20:31:35.325] [info] [ManualAdjust] 当前外参 [imu_0→cam_front]:
[20:31:35.325] [info]   旋转 RPY: (-2.3164, 0.3518, 1.0829) deg
[20:31:35.325] [info]   平移 XYZ: (-0.0307, -0.2420, 11.7196) m
[20:31:35.394] [debug] [ManualAdjust] 平移增量 dxyz=(0.0000, 0.0000, 0.0050)m
[20:31:35.394] [info] [ManualAdjust] 当前外参 [imu_0→cam_front]:
[20:31:35.394] [info]   旋转 RPY: (-2.3164, 0.3518, 1.0829) deg
[20:31:35.394] [info]   平移 XYZ: (-0.0307, -0.2420, 11.7246) m
[20:31:35.424] [debug] [ManualAdjust] 平移增量 dxyz=(0.0000, 0.0000, 0.0050)m
[20:31:35.424] [info] [ManualAdjust] 当前外参 [imu_0→cam_front]:
[20:31:35.424] [info]   旋转 RPY: (-2.3164, 0.3518, 1.0829) deg
[20:31:35.424] [info]   平移 XYZ: (-0.0307, -0.2420, 11.7296) m
[20:31:35.474] [debug] [ManualAdjust] 平移增量 dxyz=(0.0000, 0.0000, 0.0050)m
[20:31:35.474] [info] [ManualAdjust] 当前外参 [imu_0→cam_front]:
[20:31:35.474] [info]   旋转 RPY: (-2.3164, 0.3518, 1.0829) deg
[20:31:35.474] [info]   平移 XYZ: (-0.0307, -0.2420, 11.7346) m
[20:31:35.504] [debug] [ManualAdjust] 平移增量 dxyz=(0.0000, 0.0000, 0.0050)m
[20:31:35.504] [info] [ManualAdjust] 当前外参 [imu_0→cam_front]:
[20:31:35.504] [info]   旋转 RPY: (-2.3164, 0.3518, 1.0829) deg
[20:31:35.504] [info]   平移 XYZ: (-0.0307, -0.2420, 11.7396) m
[20:31:35.555] [debug] [ManualAdjust] 平移增量 dxyz=(0.0000, 0.0000, 0.0050)m
[20:31:35.555] [info] [ManualAdjust] 当前外参 [imu_0→cam_front]:
[20:31:35.555] [info]   旋转 RPY: (-2.3164, 0.3518, 1.0829) deg
[20:31:35.555] [info]   平移 XYZ: (-0.0307, -0.2420, 11.7446) m
[20:31:35.590] [debug] [ManualAdjust] 平移增量 dxyz=(0.0000, 0.0000, 0.0050)m
[20:31:35.590] [info] [ManualAdjust] 当前外参 [imu_0→cam_front]:
[20:31:35.590] [info]   旋转 RPY: (-2.3164, 0.3518, 1.0829) deg
[20:31:35.590] [info]   平移 XYZ: (-0.0307, -0.2420, 11.7496) m
[20:31:35.642] [debug] [ManualAdjust] 平移增量 dxyz=(0.0000, 0.0000, 0.0050)m
[20:31:35.642] [info] [ManualAdjust] 当前外参 [imu_0→cam_front]:
[20:31:35.642] [info]   旋转 RPY: (-2.3164, 0.3518, 1.0829) deg
[20:31:35.642] [info]   平移 XYZ: (-0.0307, -0.2420, 11.7546) m
[20:31:35.686] [debug] [ManualAdjust] 平移增量 dxyz=(0.0000, 0.0000, 0.0050)m
[20:31:35.686] [info] [ManualAdjust] 当前外参 [imu_0→cam_front]:
[20:31:35.686] [info]   旋转 RPY: (-2.3164, 0.3518, 1.0829) deg
[20:31:35.686] [info]   平移 XYZ: (-0.0307, -0.2420, 11.7596) m
[20:31:35.721] [debug] [ManualAdjust] 平移增量 dxyz=(0.0000, 0.0000, 0.0050)m
[20:31:35.721] [info] [ManualAdjust] 当前外参 [imu_0→cam_front]:
[20:31:35.721] [info]   旋转 RPY: (-2.3164, 0.3518, 1.0829) deg
[20:31:35.721] [info]   平移 XYZ: (-0.0307, -0.2420, 11.7646) m
[20:31:35.751] [debug] [ManualAdjust] 平移增量 dxyz=(0.0000, 0.0000, 0.0050)m
[20:31:35.751] [info] [ManualAdjust] 当前外参 [imu_0→cam_front]:
[20:31:35.751] [info]   旋转 RPY: (-2.3164, 0.3518, 1.0829) deg
[20:31:35.751] [info]   平移 XYZ: (-0.0307, -0.2420, 11.7696) m
[20:31:35.811] [debug] [ManualAdjust] 平移增量 dxyz=(0.0000, 0.0000, 0.0050)m
[20:31:35.812] [info] [ManualAdjust] 当前外参 [imu_0→cam_front]:
[20:31:35.812] [info]   旋转 RPY: (-2.3164, 0.3518, 1.0829) deg
[20:31:35.812] [info]   平移 XYZ: (-0.0307, -0.2420, 11.7746) m
[20:31:35.842] [debug] [ManualAdjust] 平移增量 dxyz=(0.0000, 0.0000, 0.0050)m
[20:31:35.842] [info] [ManualAdjust] 当前外参 [imu_0→cam_front]:
[20:31:35.842] [info]   旋转 RPY: (-2.3164, 0.3518, 1.0829) deg
[20:31:35.842] [info]   平移 XYZ: (-0.0307, -0.2420, 11.7796) m
[20:31:35.874] [debug] [ManualAdjust] 平移增量 dxyz=(0.0000, 0.0000, 0.0050)m
[20:31:35.874] [info] [ManualAdjust] 当前外参 [imu_0→cam_front]:
[20:31:35.874] [info]   旋转 RPY: (-2.3164, 0.3518, 1.0829) deg
[20:31:35.874] [info]   平移 XYZ: (-0.0307, -0.2420, 11.7846) m
[20:31:35.902] [debug] [ManualAdjust] 平移增量 dxyz=(0.0000, 0.0000, 0.0050)m
[20:31:35.902] [info] [ManualAdjust] 当前外参 [imu_0→cam_front]:
[20:31:35.902] [info]   旋转 RPY: (-2.3164, 0.3518, 1.0829) deg
[20:31:35.902] [info]   平移 XYZ: (-0.0307, -0.2420, 11.7896) m
[20:31:35.937] [debug] [ManualAdjust] 平移增量 dxyz=(0.0000, 0.0000, 0.0050)m
[20:31:35.937] [info] [ManualAdjust] 当前外参 [imu_0→cam_front]:
[20:31:35.937] [info]   旋转 RPY: (-2.3164, 0.3518, 1.0829) deg
[20:31:35.937] [info]   平移 XYZ: (-0.0307, -0.2420, 11.7946) m
[20:31:36.003] [debug] [ManualAdjust] 平移增量 dxyz=(0.0000, 0.0000, 0.0050)m
[20:31:36.003] [info] [ManualAdjust] 当前外参 [imu_0→cam_front]:
[20:31:36.003] [info]   旋转 RPY: (-2.3164, 0.3518, 1.0829) deg
[20:31:36.003] [info]   平移 XYZ: (-0.0307, -0.2420, 11.7996) m
[20:31:36.052] [debug] [ManualAdjust] 平移增量 dxyz=(0.0000, 0.0000, 0.0050)m
[20:31:36.052] [info] [ManualAdjust] 当前外参 [imu_0→cam_front]:
[20:31:36.052] [info]   旋转 RPY: (-2.3164, 0.3518, 1.0829) deg
[20:31:36.052] [info]   平移 XYZ: (-0.0307, -0.2420, 11.8046) m
[20:31:36.083] [debug] [ManualAdjust] 平移增量 dxyz=(0.0000, 0.0000, 0.0050)m
[20:31:36.083] [info] [ManualAdjust] 当前外参 [imu_0→cam_front]:
[20:31:36.083] [info]   旋转 RPY: (-2.3164, 0.3518, 1.0829) deg
[20:31:36.083] [info]   平移 XYZ: (-0.0307, -0.2420, 11.8096) m
[20:31:36.113] [debug] [ManualAdjust] 平移增量 dxyz=(0.0000, 0.0000, 0.0050)m
[20:31:36.113] [info] [ManualAdjust] 当前外参 [imu_0→cam_front]:
[20:31:36.113] [info]   旋转 RPY: (-2.3164, 0.3518, 1.0829) deg
[20:31:36.113] [info]   平移 XYZ: (-0.0307, -0.2420, 11.8146) m
[20:31:36.171] [debug] [ManualAdjust] 平移增量 dxyz=(0.0000, 0.0000, 0.0050)m
[20:31:36.171] [info] [ManualAdjust] 当前外参 [imu_0→cam_front]:
[20:31:36.171] [info]   旋转 RPY: (-2.3164, 0.3518, 1.0829) deg
[20:31:36.171] [info]   平移 XYZ: (-0.0307, -0.2420, 11.8196) m
[20:31:36.202] [debug] [ManualAdjust] 平移增量 dxyz=(0.0000, 0.0000, 0.0050)m
[20:31:36.202] [info] [ManualAdjust] 当前外参 [imu_0→cam_front]:
[20:31:36.202] [info]   旋转 RPY: (-2.3164, 0.3518, 1.0829) deg
[20:31:36.202] [info]   平移 XYZ: (-0.0307, -0.2420, 11.8246) m
[20:31:36.263] [debug] [ManualAdjust] 平移增量 dxyz=(0.0000, 0.0000, 0.0050)m
[20:31:36.263] [info] [ManualAdjust] 当前外参 [imu_0→cam_front]:
[20:31:36.263] [info]   旋转 RPY: (-2.3164, 0.3518, 1.0829) deg
[20:31:36.263] [info]   平移 XYZ: (-0.0307, -0.2420, 11.8296) m
[20:31:36.293] [debug] [ManualAdjust] 平移增量 dxyz=(0.0000, 0.0000, 0.0050)m
[20:31:36.293] [info] [ManualAdjust] 当前外参 [imu_0→cam_front]:
[20:31:36.293] [info]   旋转 RPY: (-2.3164, 0.3518, 1.0829) deg
[20:31:36.293] [info]   平移 XYZ: (-0.0307, -0.2420, 11.8346) m
[20:31:36.352] [debug] [ManualAdjust] 平移增量 dxyz=(0.0000, 0.0000, 0.0050)m
[20:31:36.352] [info] [ManualAdjust] 当前外参 [imu_0→cam_front]:
[20:31:36.352] [info]   旋转 RPY: (-2.3164, 0.3518, 1.0829) deg
[20:31:36.352] [info]   平移 XYZ: (-0.0307, -0.2420, 11.8396) m
[20:31:36.382] [debug] [ManualAdjust] 平移增量 dxyz=(0.0000, 0.0000, 0.0050)m
[20:31:36.382] [info] [ManualAdjust] 当前外参 [imu_0→cam_front]:
[20:31:36.382] [info]   旋转 RPY: (-2.3164, 0.3518, 1.0829) deg
[20:31:36.382] [info]   平移 XYZ: (-0.0307, -0.2420, 11.8446) m
[20:31:36.433] [debug] [ManualAdjust] 平移增量 dxyz=(0.0000, 0.0000, 0.0050)m
[20:31:36.433] [info] [ManualAdjust] 当前外参 [imu_0→cam_front]:
[20:31:36.433] [info]   旋转 RPY: (-2.3164, 0.3518, 1.0829) deg
[20:31:36.433] [info]   平移 XYZ: (-0.0307, -0.2420, 11.8496) m
[20:31:36.465] [debug] [ManualAdjust] 平移增量 dxyz=(0.0000, 0.0000, 0.0050)m
[20:31:36.465] [info] [ManualAdjust] 当前外参 [imu_0→cam_front]:
[20:31:36.465] [info]   旋转 RPY: (-2.3164, 0.3518, 1.0829) deg
[20:31:36.465] [info]   平移 XYZ: (-0.0307, -0.2420, 11.8546) m
[20:31:36.521] [debug] [ManualAdjust] 平移增量 dxyz=(0.0000, 0.0000, 0.0050)m
[20:31:36.522] [info] [ManualAdjust] 当前外参 [imu_0→cam_front]:
[20:31:36.522] [info]   旋转 RPY: (-2.3164, 0.3518, 1.0829) deg
[20:31:36.522] [info]   平移 XYZ: (-0.0307, -0.2420, 11.8596) m
[20:31:36.562] [debug] [ManualAdjust] 平移增量 dxyz=(0.0000, 0.0000, 0.0050)m
[20:31:36.562] [info] [ManualAdjust] 当前外参 [imu_0→cam_front]:
[20:31:36.562] [info]   旋转 RPY: (-2.3164, 0.3518, 1.0829) deg
[20:31:36.562] [info]   平移 XYZ: (-0.0307, -0.2420, 11.8646) m
[20:31:36.594] [debug] [ManualAdjust] 平移增量 dxyz=(0.0000, 0.0000, 0.0050)m
[20:31:36.595] [info] [ManualAdjust] 当前外参 [imu_0→cam_front]:
[20:31:36.595] [info]   旋转 RPY: (-2.3164, 0.3518, 1.0829) deg
[20:31:36.595] [info]   平移 XYZ: (-0.0307, -0.2420, 11.8696) m
[20:31:36.638] [debug] [ManualAdjust] 平移增量 dxyz=(0.0000, 0.0000, 0.0050)m
[20:31:36.638] [info] [ManualAdjust] 当前外参 [imu_0→cam_front]:
[20:31:36.638] [info]   旋转 RPY: (-2.3164, 0.3518, 1.0829) deg
[20:31:36.638] [info]   平移 XYZ: (-0.0307, -0.2420, 11.8746) m
[20:31:36.672] [debug] [ManualAdjust] 平移增量 dxyz=(0.0000, 0.0000, 0.0050)m
[20:31:36.672] [info] [ManualAdjust] 当前外参 [imu_0→cam_front]:
[20:31:36.672] [info]   旋转 RPY: (-2.3164, 0.3518, 1.0829) deg
[20:31:36.672] [info]   平移 XYZ: (-0.0307, -0.2420, 11.8796) m
[20:31:36.710] [debug] [ManualAdjust] 平移增量 dxyz=(0.0000, 0.0000, 0.0050)m
[20:31:36.710] [info] [ManualAdjust] 当前外参 [imu_0→cam_front]:
[20:31:36.710] [info]   旋转 RPY: (-2.3164, 0.3518, 1.0829) deg
[20:31:36.710] [info]   平移 XYZ: (-0.0307, -0.2420, 11.8846) m
[20:31:36.742] [debug] [ManualAdjust] 平移增量 dxyz=(0.0000, 0.0000, 0.0050)m
[20:31:36.742] [info] [ManualAdjust] 当前外参 [imu_0→cam_front]:
[20:31:36.742] [info]   旋转 RPY: (-2.3164, 0.3518, 1.0829) deg
[20:31:36.742] [info]   平移 XYZ: (-0.0307, -0.2420, 11.8896) m
[20:31:36.773] [debug] [ManualAdjust] 平移增量 dxyz=(0.0000, 0.0000, 0.0050)m
[20:31:36.773] [info] [ManualAdjust] 当前外参 [imu_0→cam_front]:
[20:31:36.773] [info]   旋转 RPY: (-2.3164, 0.3518, 1.0829) deg
[20:31:36.773] [info]   平移 XYZ: (-0.0307, -0.2420, 11.8946) m
[20:31:36.834] [debug] [ManualAdjust] 平移增量 dxyz=(0.0000, 0.0000, 0.0050)m
[20:31:36.834] [info] [ManualAdjust] 当前外参 [imu_0→cam_front]:
[20:31:36.834] [info]   旋转 RPY: (-2.3164, 0.3518, 1.0829) deg
[20:31:36.834] [info]   平移 XYZ: (-0.0307, -0.2420, 11.8996) m
[20:31:36.883] [debug] [ManualAdjust] 平移增量 dxyz=(0.0000, 0.0000, 0.0050)m
[20:31:36.883] [info] [ManualAdjust] 当前外参 [imu_0→cam_front]:
[20:31:36.883] [info]   旋转 RPY: (-2.3164, 0.3518, 1.0829) deg
[20:31:36.883] [info]   平移 XYZ: (-0.0307, -0.2420, 11.9046) m
[20:31:36.919] [debug] [ManualAdjust] 平移增量 dxyz=(0.0000, 0.0000, 0.0050)m
[20:31:36.919] [info] [ManualAdjust] 当前外参 [imu_0→cam_front]:
[20:31:36.919] [info]   旋转 RPY: (-2.3164, 0.3518, 1.0829) deg
[20:31:36.919] [info]   平移 XYZ: (-0.0307, -0.2420, 11.9096) m
[20:31:36.963] [debug] [ManualAdjust] 平移增量 dxyz=(0.0000, 0.0000, 0.0050)m
[20:31:36.963] [info] [ManualAdjust] 当前外参 [imu_0→cam_front]:
[20:31:36.963] [info]   旋转 RPY: (-2.3164, 0.3518, 1.0829) deg
[20:31:36.963] [info]   平移 XYZ: (-0.0307, -0.2420, 11.9146) m
[20:31:36.994] [debug] [ManualAdjust] 平移增量 dxyz=(0.0000, 0.0000, 0.0050)m
[20:31:36.994] [info] [ManualAdjust] 当前外参 [imu_0→cam_front]:
[20:31:36.994] [info]   旋转 RPY: (-2.3164, 0.3518, 1.0829) deg
[20:31:36.994] [info]   平移 XYZ: (-0.0307, -0.2420, 11.9196) m
[20:31:37.026] [debug] [ManualAdjust] 平移增量 dxyz=(0.0000, 0.0000, 0.0050)m
[20:31:37.026] [info] [ManualAdjust] 当前外参 [imu_0→cam_front]:
[20:31:37.026] [info]   旋转 RPY: (-2.3164, 0.3518, 1.0829) deg
[20:31:37.026] [info]   平移 XYZ: (-0.0307, -0.2420, 11.9246) m
[20:31:37.062] [debug] [ManualAdjust] 平移增量 dxyz=(0.0000, 0.0000, 0.0050)m
[20:31:37.063] [info] [ManualAdjust] 当前外参 [imu_0→cam_front]:
[20:31:37.063] [info]   旋转 RPY: (-2.3164, 0.3518, 1.0829) deg
[20:31:37.063] [info]   平移 XYZ: (-0.0307, -0.2420, 11.9296) m
[20:31:37.095] [debug] [ManualAdjust] 平移增量 dxyz=(0.0000, 0.0000, 0.0050)m
[20:31:37.095] [info] [ManualAdjust] 当前外参 [imu_0→cam_front]:
[20:31:37.095] [info]   旋转 RPY: (-2.3164, 0.3518, 1.0829) deg
[20:31:37.095] [info]   平移 XYZ: (-0.0307, -0.2420, 11.9346) m
[20:31:37.145] [debug] [ManualAdjust] 平移增量 dxyz=(0.0000, 0.0000, 0.0050)m
[20:31:37.145] [info] [ManualAdjust] 当前外参 [imu_0→cam_front]:
[20:31:37.145] [info]   旋转 RPY: (-2.3164, 0.3518, 1.0829) deg
[20:31:37.145] [info]   平移 XYZ: (-0.0307, -0.2420, 11.9396) m
[20:31:37.174] [debug] [ManualAdjust] 平移增量 dxyz=(0.0000, 0.0000, 0.0050)m
[20:31:37.174] [info] [ManualAdjust] 当前外参 [imu_0→cam_front]:
[20:31:37.174] [info]   旋转 RPY: (-2.3164, 0.3518, 1.0829) deg
[20:31:37.174] [info]   平移 XYZ: (-0.0307, -0.2420, 11.9446) m
[20:31:37.221] [debug] [ManualAdjust] 平移增量 dxyz=(0.0000, 0.0000, 0.0050)m
[20:31:37.221] [info] [ManualAdjust] 当前外参 [imu_0→cam_front]:
[20:31:37.221] [info]   旋转 RPY: (-2.3164, 0.3518, 1.0829) deg
[20:31:37.221] [info]   平移 XYZ: (-0.0307, -0.2420, 11.9496) m
[20:31:37.257] [debug] [ManualAdjust] 平移增量 dxyz=(0.0000, 0.0000, 0.0050)m
[20:31:37.257] [info] [ManualAdjust] 当前外参 [imu_0→cam_front]:
[20:31:37.257] [info]   旋转 RPY: (-2.3164, 0.3518, 1.0829) deg
[20:31:37.257] [info]   平移 XYZ: (-0.0307, -0.2420, 11.9546) m
[20:31:37.286] [debug] [ManualAdjust] 平移增量 dxyz=(0.0000, 0.0000, 0.0050)m
[20:31:37.286] [info] [ManualAdjust] 当前外参 [imu_0→cam_front]:
[20:31:37.286] [info]   旋转 RPY: (-2.3164, 0.3518, 1.0829) deg
[20:31:37.286] [info]   平移 XYZ: (-0.0307, -0.2420, 11.9596) m
[20:31:37.341] [debug] [ManualAdjust] 平移增量 dxyz=(0.0000, 0.0000, 0.0050)m
[20:31:37.341] [info] [ManualAdjust] 当前外参 [imu_0→cam_front]:
[20:31:37.341] [info]   旋转 RPY: (-2.3164, 0.3518, 1.0829) deg
[20:31:37.341] [info]   平移 XYZ: (-0.0307, -0.2420, 11.9646) m
[20:31:37.371] [debug] [ManualAdjust] 平移增量 dxyz=(0.0000, 0.0000, 0.0050)m
[20:31:37.371] [info] [ManualAdjust] 当前外参 [imu_0→cam_front]:
[20:31:37.371] [info]   旋转 RPY: (-2.3164, 0.3518, 1.0829) deg
[20:31:37.371] [info]   平移 XYZ: (-0.0307, -0.2420, 11.9696) m
[20:31:37.411] [debug] [ManualAdjust] 平移增量 dxyz=(0.0000, 0.0000, 0.0050)m
[20:31:37.411] [info] [ManualAdjust] 当前外参 [imu_0→cam_front]:
[20:31:37.411] [info]   旋转 RPY: (-2.3164, 0.3518, 1.0829) deg
[20:31:37.411] [info]   平移 XYZ: (-0.0307, -0.2420, 11.9746) m
[20:31:37.440] [debug] [ManualAdjust] 平移增量 dxyz=(0.0000, 0.0000, 0.0050)m
[20:31:37.440] [info] [ManualAdjust] 当前外参 [imu_0→cam_front]:
[20:31:37.440] [info]   旋转 RPY: (-2.3164, 0.3518, 1.0829) deg
[20:31:37.440] [info]   平移 XYZ: (-0.0307, -0.2420, 11.9796) m
[20:31:37.471] [debug] [ManualAdjust] 平移增量 dxyz=(0.0000, 0.0000, 0.0050)m
[20:31:37.471] [info] [ManualAdjust] 当前外参 [imu_0→cam_front]:
[20:31:37.471] [info]   旋转 RPY: (-2.3164, 0.3518, 1.0829) deg
[20:31:37.471] [info]   平移 XYZ: (-0.0307, -0.2420, 11.9846) m
[20:31:37.529] [debug] [ManualAdjust] 平移增量 dxyz=(0.0000, 0.0000, 0.0050)m
[20:31:37.529] [info] [ManualAdjust] 当前外参 [imu_0→cam_front]:
[20:31:37.529] [info]   旋转 RPY: (-2.3164, 0.3518, 1.0829) deg
[20:31:37.529] [info]   平移 XYZ: (-0.0307, -0.2420, 11.9896) m
[20:31:37.558] [debug] [ManualAdjust] 平移增量 dxyz=(0.0000, 0.0000, 0.0050)m
[20:31:37.558] [info] [ManualAdjust] 当前外参 [imu_0→cam_front]:
[20:31:37.559] [info]   旋转 RPY: (-2.3164, 0.3518, 1.0829) deg
[20:31:37.559] [info]   平移 XYZ: (-0.0307, -0.2420, 11.9946) m
[20:31:37.607] [debug] [ManualAdjust] 平移增量 dxyz=(0.0000, 0.0000, 0.0050)m
[20:31:37.607] [info] [ManualAdjust] 当前外参 [imu_0→cam_front]:
[20:31:37.607] [info]   旋转 RPY: (-2.3164, 0.3518, 1.0829) deg
[20:31:37.607] [info]   平移 XYZ: (-0.0307, -0.2420, 11.9996) m
[20:31:37.638] [debug] [ManualAdjust] 平移增量 dxyz=(0.0000, 0.0000, 0.0050)m
[20:31:37.638] [info] [ManualAdjust] 当前外参 [imu_0→cam_front]:
[20:31:37.638] [info]   旋转 RPY: (-2.3164, 0.3518, 1.0829) deg
[20:31:37.638] [info]   平移 XYZ: (-0.0307, -0.2420, 12.0046) m
[20:31:37.686] [debug] [ManualAdjust] 平移增量 dxyz=(0.0000, 0.0000, 0.0050)m
[20:31:37.686] [info] [ManualAdjust] 当前外参 [imu_0→cam_front]:
[20:31:37.686] [info]   旋转 RPY: (-2.3164, 0.3518, 1.0829) deg
[20:31:37.686] [info]   平移 XYZ: (-0.0307, -0.2420, 12.0096) m
[20:31:37.720] [debug] [ManualAdjust] 平移增量 dxyz=(0.0000, 0.0000, 0.0050)m
[20:31:37.720] [info] [ManualAdjust] 当前外参 [imu_0→cam_front]:
[20:31:37.720] [info]   旋转 RPY: (-2.3164, 0.3518, 1.0829) deg
[20:31:37.720] [info]   平移 XYZ: (-0.0307, -0.2420, 12.0146) m
[20:31:37.750] [debug] [ManualAdjust] 平移增量 dxyz=(0.0000, 0.0000, 0.0050)m
[20:31:37.750] [info] [ManualAdjust] 当前外参 [imu_0→cam_front]:
[20:31:37.750] [info]   旋转 RPY: (-2.3164, 0.3518, 1.0829) deg
[20:31:37.750] [info]   平移 XYZ: (-0.0307, -0.2420, 12.0196) m
[20:31:37.826] [debug] [ManualAdjust] 平移增量 dxyz=(0.0000, 0.0000, 0.0050)m
[20:31:37.826] [info] [ManualAdjust] 当前外参 [imu_0→cam_front]:
[20:31:37.826] [info]   旋转 RPY: (-2.3164, 0.3518, 1.0829) deg
[20:31:37.826] [info]   平移 XYZ: (-0.0307, -0.2420, 12.0246) m
[20:31:37.856] [debug] [ManualAdjust] 平移增量 dxyz=(0.0000, 0.0000, 0.0050)m
[20:31:37.856] [info] [ManualAdjust] 当前外参 [imu_0→cam_front]:
[20:31:37.856] [info]   旋转 RPY: (-2.3164, 0.3518, 1.0829) deg
[20:31:37.856] [info]   平移 XYZ: (-0.0307, -0.2420, 12.0296) m
[20:31:37.906] [debug] [ManualAdjust] 平移增量 dxyz=(0.0000, 0.0000, 0.0050)m
[20:31:37.906] [info] [ManualAdjust] 当前外参 [imu_0→cam_front]:
[20:31:37.906] [info]   旋转 RPY: (-2.3164, 0.3518, 1.0829) deg
[20:31:37.906] [info]   平移 XYZ: (-0.0307, -0.2420, 12.0346) m
[20:31:37.936] [debug] [ManualAdjust] 平移增量 dxyz=(0.0000, 0.0000, 0.0050)m
[20:31:37.936] [info] [ManualAdjust] 当前外参 [imu_0→cam_front]:
[20:31:37.936] [info]   旋转 RPY: (-2.3164, 0.3518, 1.0829) deg
[20:31:37.936] [info]   平移 XYZ: (-0.0307, -0.2420, 12.0396) m
[20:31:37.966] [debug] [ManualAdjust] 平移增量 dxyz=(0.0000, 0.0000, 0.0050)m
[20:31:37.966] [info] [ManualAdjust] 当前外参 [imu_0→cam_front]:
[20:31:37.966] [info]   旋转 RPY: (-2.3164, 0.3518, 1.0829) deg
[20:31:37.966] [info]   平移 XYZ: (-0.0307, -0.2420, 12.0446) m
[20:31:37.999] [debug] [ManualAdjust] 平移增量 dxyz=(0.0000, 0.0000, 0.0050)m
[20:31:37.999] [info] [ManualAdjust] 当前外参 [imu_0→cam_front]:
[20:31:37.999] [info]   旋转 RPY: (-2.3164, 0.3518, 1.0829) deg
[20:31:37.999] [info]   平移 XYZ: (-0.0307, -0.2420, 12.0496) m
[20:31:38.029] [debug] [ManualAdjust] 平移增量 dxyz=(0.0000, 0.0000, 0.0050)m
[20:31:38.029] [info] [ManualAdjust] 当前外参 [imu_0→cam_front]:
[20:31:38.029] [info]   旋转 RPY: (-2.3164, 0.3518, 1.0829) deg
[20:31:38.029] [info]   平移 XYZ: (-0.0307, -0.2420, 12.0546) m
[20:31:38.069] [debug] [ManualAdjust] 平移增量 dxyz=(0.0000, 0.0000, 0.0050)m
[20:31:38.069] [info] [ManualAdjust] 当前外参 [imu_0→cam_front]:
[20:31:38.069] [info]   旋转 RPY: (-2.3164, 0.3518, 1.0829) deg
[20:31:38.069] [info]   平移 XYZ: (-0.0307, -0.2420, 12.0596) m
[20:31:38.105] [debug] [ManualAdjust] 平移增量 dxyz=(0.0000, 0.0000, 0.0050)m
[20:31:38.105] [info] [ManualAdjust] 当前外参 [imu_0→cam_front]:
[20:31:38.105] [info]   旋转 RPY: (-2.3164, 0.3518, 1.0829) deg
[20:31:38.105] [info]   平移 XYZ: (-0.0307, -0.2420, 12.0646) m
[20:31:38.151] [debug] [ManualAdjust] 平移增量 dxyz=(0.0000, 0.0000, 0.0050)m
[20:31:38.151] [info] [ManualAdjust] 当前外参 [imu_0→cam_front]:
[20:31:38.151] [info]   旋转 RPY: (-2.3164, 0.3518, 1.0829) deg
[20:31:38.151] [info]   平移 XYZ: (-0.0307, -0.2420, 12.0696) m
[20:31:38.179] [debug] [ManualAdjust] 平移增量 dxyz=(0.0000, 0.0000, 0.0050)m
[20:31:38.179] [info] [ManualAdjust] 当前外参 [imu_0→cam_front]:
[20:31:38.179] [info]   旋转 RPY: (-2.3164, 0.3518, 1.0829) deg
[20:31:38.179] [info]   平移 XYZ: (-0.0307, -0.2420, 12.0746) m
[20:31:38.209] [debug] [ManualAdjust] 平移增量 dxyz=(0.0000, 0.0000, 0.0050)m
[20:31:38.209] [info] [ManualAdjust] 当前外参 [imu_0→cam_front]:
[20:31:38.209] [info]   旋转 RPY: (-2.3164, 0.3518, 1.0829) deg
[20:31:38.209] [info]   平移 XYZ: (-0.0307, -0.2420, 12.0796) m
[20:31:38.265] [debug] [ManualAdjust] 平移增量 dxyz=(0.0000, 0.0000, 0.0050)m
[20:31:38.265] [info] [ManualAdjust] 当前外参 [imu_0→cam_front]:
[20:31:38.265] [info]   旋转 RPY: (-2.3164, 0.3518, 1.0829) deg
[20:31:38.265] [info]   平移 XYZ: (-0.0307, -0.2420, 12.0846) m
[20:31:38.310] [debug] [ManualAdjust] 平移增量 dxyz=(0.0000, 0.0000, 0.0050)m
[20:31:38.310] [info] [ManualAdjust] 当前外参 [imu_0→cam_front]:
[20:31:38.310] [info]   旋转 RPY: (-2.3164, 0.3518, 1.0829) deg
[20:31:38.310] [info]   平移 XYZ: (-0.0307, -0.2420, 12.0896) m
[20:31:38.339] [debug] [ManualAdjust] 平移增量 dxyz=(0.0000, 0.0000, 0.0050)m
[20:31:38.339] [info] [ManualAdjust] 当前外参 [imu_0→cam_front]:
[20:31:38.339] [info]   旋转 RPY: (-2.3164, 0.3518, 1.0829) deg
[20:31:38.339] [info]   平移 XYZ: (-0.0307, -0.2420, 12.0946) m
[20:31:38.371] [debug] [ManualAdjust] 平移增量 dxyz=(0.0000, 0.0000, 0.0050)m
[20:31:38.371] [info] [ManualAdjust] 当前外参 [imu_0→cam_front]:
[20:31:38.371] [info]   旋转 RPY: (-2.3164, 0.3518, 1.0829) deg
[20:31:38.371] [info]   平移 XYZ: (-0.0307, -0.2420, 12.0996) m
[20:31:38.423] [debug] [ManualAdjust] 平移增量 dxyz=(0.0000, 0.0000, 0.0050)m
[20:31:38.423] [info] [ManualAdjust] 当前外参 [imu_0→cam_front]:
[20:31:38.423] [info]   旋转 RPY: (-2.3164, 0.3518, 1.0829) deg
[20:31:38.423] [info]   平移 XYZ: (-0.0307, -0.2420, 12.1046) m
[20:31:38.454] [debug] [ManualAdjust] 平移增量 dxyz=(0.0000, 0.0000, 0.0050)m
[20:31:38.454] [info] [ManualAdjust] 当前外参 [imu_0→cam_front]:
[20:31:38.454] [info]   旋转 RPY: (-2.3164, 0.3518, 1.0829) deg
[20:31:38.454] [info]   平移 XYZ: (-0.0307, -0.2420, 12.1096) m
[20:31:38.505] [debug] [ManualAdjust] 平移增量 dxyz=(0.0000, 0.0000, 0.0050)m
[20:31:38.505] [info] [ManualAdjust] 当前外参 [imu_0→cam_front]:
[20:31:38.505] [info]   旋转 RPY: (-2.3164, 0.3518, 1.0829) deg
[20:31:38.505] [info]   平移 XYZ: (-0.0307, -0.2420, 12.1146) m
[20:31:38.535] [debug] [ManualAdjust] 平移增量 dxyz=(0.0000, 0.0000, 0.0050)m
[20:31:38.535] [info] [ManualAdjust] 当前外参 [imu_0→cam_front]:
[20:31:38.535] [info]   旋转 RPY: (-2.3164, 0.3518, 1.0829) deg
[20:31:38.535] [info]   平移 XYZ: (-0.0307, -0.2420, 12.1196) m
[20:31:38.590] [debug] [ManualAdjust] 平移增量 dxyz=(0.0000, 0.0000, 0.0050)m
[20:31:38.590] [info] [ManualAdjust] 当前外参 [imu_0→cam_front]:
[20:31:38.590] [info]   旋转 RPY: (-2.3164, 0.3518, 1.0829) deg
[20:31:38.590] [info]   平移 XYZ: (-0.0307, -0.2420, 12.1246) m
[20:31:38.624] [debug] [ManualAdjust] 平移增量 dxyz=(0.0000, 0.0000, 0.0050)m
[20:31:38.624] [info] [ManualAdjust] 当前外参 [imu_0→cam_front]:
[20:31:38.624] [info]   旋转 RPY: (-2.3164, 0.3518, 1.0829) deg
[20:31:38.624] [info]   平移 XYZ: (-0.0307, -0.2420, 12.1296) m
[20:31:38.659] [debug] [ManualAdjust] 平移增量 dxyz=(0.0000, 0.0000, 0.0050)m
[20:31:38.659] [info] [ManualAdjust] 当前外参 [imu_0→cam_front]:
[20:31:38.659] [info]   旋转 RPY: (-2.3164, 0.3518, 1.0829) deg
[20:31:38.659] [info]   平移 XYZ: (-0.0307, -0.2420, 12.1346) m
[20:31:38.691] [debug] [ManualAdjust] 平移增量 dxyz=(0.0000, 0.0000, 0.0050)m
[20:31:38.691] [info] [ManualAdjust] 当前外参 [imu_0→cam_front]:
[20:31:38.691] [info]   旋转 RPY: (-2.3164, 0.3518, 1.0829) deg
[20:31:38.691] [info]   平移 XYZ: (-0.0307, -0.2420, 12.1396) m
[20:31:38.722] [debug] [ManualAdjust] 平移增量 dxyz=(0.0000, 0.0000, 0.0050)m
[20:31:38.722] [info] [ManualAdjust] 当前外参 [imu_0→cam_front]:
[20:31:38.722] [info]   旋转 RPY: (-2.3164, 0.3518, 1.0829) deg
[20:31:38.722] [info]   平移 XYZ: (-0.0307, -0.2420, 12.1446) m
[20:31:38.779] [debug] [ManualAdjust] 平移增量 dxyz=(0.0000, 0.0000, 0.0050)m
[20:31:38.779] [info] [ManualAdjust] 当前外参 [imu_0→cam_front]:
[20:31:38.779] [info]   旋转 RPY: (-2.3164, 0.3518, 1.0829) deg
[20:31:38.779] [info]   平移 XYZ: (-0.0307, -0.2420, 12.1496) m
[20:31:38.810] [debug] [ManualAdjust] 平移增量 dxyz=(0.0000, 0.0000, 0.0050)m
[20:31:38.810] [info] [ManualAdjust] 当前外参 [imu_0→cam_front]:
[20:31:38.810] [info]   旋转 RPY: (-2.3164, 0.3518, 1.0829) deg
[20:31:38.810] [info]   平移 XYZ: (-0.0307, -0.2420, 12.1546) m
[20:31:38.854] [debug] [ManualAdjust] 平移增量 dxyz=(0.0000, 0.0000, 0.0050)m
[20:31:38.854] [info] [ManualAdjust] 当前外参 [imu_0→cam_front]:
[20:31:38.854] [info]   旋转 RPY: (-2.3164, 0.3518, 1.0829) deg
[20:31:38.854] [info]   平移 XYZ: (-0.0307, -0.2420, 12.1596) m
[20:31:38.892] [debug] [ManualAdjust] 平移增量 dxyz=(0.0000, 0.0000, 0.0050)m
[20:31:38.892] [info] [ManualAdjust] 当前外参 [imu_0→cam_front]:
[20:31:38.892] [info]   旋转 RPY: (-2.3164, 0.3518, 1.0829) deg
[20:31:38.892] [info]   平移 XYZ: (-0.0307, -0.2420, 12.1646) m
[20:31:38.923] [debug] [ManualAdjust] 平移增量 dxyz=(0.0000, 0.0000, 0.0050)m
[20:31:38.923] [info] [ManualAdjust] 当前外参 [imu_0→cam_front]:
[20:31:38.923] [info]   旋转 RPY: (-2.3164, 0.3518, 1.0829) deg
[20:31:38.923] [info]   平移 XYZ: (-0.0307, -0.2420, 12.1696) m
[20:31:38.979] [debug] [ManualAdjust] 平移增量 dxyz=(0.0000, 0.0000, 0.0050)m
[20:31:38.979] [info] [ManualAdjust] 当前外参 [imu_0→cam_front]:
[20:31:38.979] [info]   旋转 RPY: (-2.3164, 0.3518, 1.0829) deg
[20:31:38.979] [info]   平移 XYZ: (-0.0307, -0.2420, 12.1746) m
[20:31:39.030] [debug] [ManualAdjust] 平移增量 dxyz=(0.0000, 0.0000, 0.0050)m
[20:31:39.030] [info] [ManualAdjust] 当前外参 [imu_0→cam_front]:
[20:31:39.030] [info]   旋转 RPY: (-2.3164, 0.3518, 1.0829) deg
[20:31:39.030] [info]   平移 XYZ: (-0.0307, -0.2420, 12.1796) m
[20:31:39.067] [debug] [ManualAdjust] 平移增量 dxyz=(0.0000, 0.0000, 0.0050)m
[20:31:39.067] [info] [ManualAdjust] 当前外参 [imu_0→cam_front]:
[20:31:39.067] [info]   旋转 RPY: (-2.3164, 0.3518, 1.0829) deg
[20:31:39.067] [info]   平移 XYZ: (-0.0307, -0.2420, 12.1846) m
[20:31:39.097] [debug] [ManualAdjust] 平移增量 dxyz=(0.0000, 0.0000, 0.0050)m
[20:31:39.097] [info] [ManualAdjust] 当前外参 [imu_0→cam_front]:
[20:31:39.097] [info]   旋转 RPY: (-2.3164, 0.3518, 1.0829) deg
[20:31:39.097] [info]   平移 XYZ: (-0.0307, -0.2420, 12.1896) m
[20:31:39.133] [debug] [ManualAdjust] 平移增量 dxyz=(0.0000, 0.0000, 0.0050)m
[20:31:39.133] [info] [ManualAdjust] 当前外参 [imu_0→cam_front]:
[20:31:39.133] [info]   旋转 RPY: (-2.3164, 0.3518, 1.0829) deg
[20:31:39.133] [info]   平移 XYZ: (-0.0307, -0.2420, 12.1946) m
[20:31:39.166] [debug] [ManualAdjust] 平移增量 dxyz=(0.0000, 0.0000, 0.0050)m
[20:31:39.166] [info] [ManualAdjust] 当前外参 [imu_0→cam_front]:
[20:31:39.166] [info]   旋转 RPY: (-2.3164, 0.3518, 1.0829) deg
[20:31:39.166] [info]   平移 XYZ: (-0.0307, -0.2420, 12.1996) m
[20:31:39.196] [debug] [ManualAdjust] 平移增量 dxyz=(0.0000, 0.0000, 0.0050)m
[20:31:39.196] [info] [ManualAdjust] 当前外参 [imu_0→cam_front]:
[20:31:39.196] [info]   旋转 RPY: (-2.3164, 0.3518, 1.0829) deg
[20:31:39.196] [info]   平移 XYZ: (-0.0307, -0.2420, 12.2046) m
[20:31:39.253] [debug] [ManualAdjust] 平移增量 dxyz=(0.0000, 0.0000, 0.0050)m
[20:31:39.253] [info] [ManualAdjust] 当前外参 [imu_0→cam_front]:
[20:31:39.253] [info]   旋转 RPY: (-2.3164, 0.3518, 1.0829) deg
[20:31:39.253] [info]   平移 XYZ: (-0.0307, -0.2420, 12.2096) m
[20:31:39.291] [debug] [ManualAdjust] 平移增量 dxyz=(0.0000, 0.0000, 0.0050)m
[20:31:39.291] [info] [ManualAdjust] 当前外参 [imu_0→cam_front]:
[20:31:39.291] [info]   旋转 RPY: (-2.3164, 0.3518, 1.0829) deg
[20:31:39.291] [info]   平移 XYZ: (-0.0307, -0.2420, 12.2146) m
[20:31:39.326] [debug] [ManualAdjust] 平移增量 dxyz=(0.0000, 0.0000, 0.0050)m
[20:31:39.326] [info] [ManualAdjust] 当前外参 [imu_0→cam_front]:
[20:31:39.326] [info]   旋转 RPY: (-2.3164, 0.3518, 1.0829) deg
[20:31:39.326] [info]   平移 XYZ: (-0.0307, -0.2420, 12.2196) m
[20:31:39.378] [debug] [ManualAdjust] 平移增量 dxyz=(0.0000, 0.0000, 0.0050)m
[20:31:39.378] [info] [ManualAdjust] 当前外参 [imu_0→cam_front]:
[20:31:39.378] [info]   旋转 RPY: (-2.3164, 0.3518, 1.0829) deg
[20:31:39.378] [info]   平移 XYZ: (-0.0307, -0.2420, 12.2246) m
[20:31:39.410] [debug] [ManualAdjust] 平移增量 dxyz=(0.0000, 0.0000, 0.0050)m
[20:31:39.410] [info] [ManualAdjust] 当前外参 [imu_0→cam_front]:
[20:31:39.410] [info]   旋转 RPY: (-2.3164, 0.3518, 1.0829) deg
[20:31:39.410] [info]   平移 XYZ: (-0.0307, -0.2420, 12.2296) m
[20:31:39.440] [debug] [ManualAdjust] 平移增量 dxyz=(0.0000, 0.0000, 0.0050)m
[20:31:39.440] [info] [ManualAdjust] 当前外参 [imu_0→cam_front]:
[20:31:39.440] [info]   旋转 RPY: (-2.3164, 0.3518, 1.0829) deg
[20:31:39.440] [info]   平移 XYZ: (-0.0307, -0.2420, 12.2346) m
[20:31:39.489] [debug] [ManualAdjust] 平移增量 dxyz=(0.0000, 0.0000, 0.0050)m
[20:31:39.489] [info] [ManualAdjust] 当前外参 [imu_0→cam_front]:
[20:31:39.489] [info]   旋转 RPY: (-2.3164, 0.3518, 1.0829) deg
[20:31:39.489] [info]   平移 XYZ: (-0.0307, -0.2420, 12.2396) m
[20:31:39.526] [debug] [ManualAdjust] 平移增量 dxyz=(0.0000, 0.0000, 0.0050)m
[20:31:39.526] [info] [ManualAdjust] 当前外参 [imu_0→cam_front]:
[20:31:39.526] [info]   旋转 RPY: (-2.3164, 0.3518, 1.0829) deg
[20:31:39.526] [info]   平移 XYZ: (-0.0307, -0.2420, 12.2446) m
[20:31:39.552] [debug] [ManualAdjust] 平移增量 dxyz=(0.0000, 0.0000, 0.0050)m
[20:31:39.552] [info] [ManualAdjust] 当前外参 [imu_0→cam_front]:
[20:31:39.552] [info]   旋转 RPY: (-2.3164, 0.3518, 1.0829) deg
[20:31:39.552] [info]   平移 XYZ: (-0.0307, -0.2420, 12.2496) m
[20:31:39.586] [debug] [ManualAdjust] 平移增量 dxyz=(0.0000, 0.0000, 0.0050)m
[20:31:39.586] [info] [ManualAdjust] 当前外参 [imu_0→cam_front]:
[20:31:39.586] [info]   旋转 RPY: (-2.3164, 0.3518, 1.0829) deg
[20:31:39.586] [info]   平移 XYZ: (-0.0307, -0.2420, 12.2546) m
[20:31:39.640] [debug] [ManualAdjust] 平移增量 dxyz=(0.0000, 0.0000, 0.0050)m
[20:31:39.640] [info] [ManualAdjust] 当前外参 [imu_0→cam_front]:
[20:31:39.640] [info]   旋转 RPY: (-2.3164, 0.3518, 1.0829) deg
[20:31:39.640] [info]   平移 XYZ: (-0.0307, -0.2420, 12.2596) m
[20:31:39.672] [debug] [ManualAdjust] 平移增量 dxyz=(0.0000, 0.0000, 0.0050)m
[20:31:39.672] [info] [ManualAdjust] 当前外参 [imu_0→cam_front]:
[20:31:39.672] [info]   旋转 RPY: (-2.3164, 0.3518, 1.0829) deg
[20:31:39.672] [info]   平移 XYZ: (-0.0307, -0.2420, 12.2646) m
[20:31:39.729] [debug] [ManualAdjust] 平移增量 dxyz=(0.0000, 0.0000, 0.0050)m
[20:31:39.729] [info] [ManualAdjust] 当前外参 [imu_0→cam_front]:
[20:31:39.729] [info]   旋转 RPY: (-2.3164, 0.3518, 1.0829) deg
[20:31:39.729] [info]   平移 XYZ: (-0.0307, -0.2420, 12.2696) m
[20:31:39.765] [debug] [ManualAdjust] 平移增量 dxyz=(0.0000, 0.0000, 0.0050)m
[20:31:39.765] [info] [ManualAdjust] 当前外参 [imu_0→cam_front]:
[20:31:39.765] [info]   旋转 RPY: (-2.3164, 0.3518, 1.0829) deg
[20:31:39.765] [info]   平移 XYZ: (-0.0307, -0.2420, 12.2746) m
[20:31:39.796] [debug] [ManualAdjust] 平移增量 dxyz=(0.0000, 0.0000, 0.0050)m
[20:31:39.796] [info] [ManualAdjust] 当前外参 [imu_0→cam_front]:
[20:31:39.796] [info]   旋转 RPY: (-2.3164, 0.3518, 1.0829) deg
[20:31:39.796] [info]   平移 XYZ: (-0.0307, -0.2420, 12.2796) m
[20:31:39.829] [debug] [ManualAdjust] 平移增量 dxyz=(0.0000, 0.0000, 0.0050)m
[20:31:39.829] [info] [ManualAdjust] 当前外参 [imu_0→cam_front]:
[20:31:39.829] [info]   旋转 RPY: (-2.3164, 0.3518, 1.0829) deg
[20:31:39.829] [info]   平移 XYZ: (-0.0307, -0.2420, 12.2846) m
[20:31:39.892] [debug] [ManualAdjust] 平移增量 dxyz=(0.0000, 0.0000, 0.0050)m
[20:31:39.892] [info] [ManualAdjust] 当前外参 [imu_0→cam_front]:
[20:31:39.892] [info]   旋转 RPY: (-2.3164, 0.3518, 1.0829) deg
[20:31:39.892] [info]   平移 XYZ: (-0.0307, -0.2420, 12.2896) m
[20:31:39.930] [debug] [ManualAdjust] 平移增量 dxyz=(0.0000, 0.0000, 0.0050)m
[20:31:39.930] [info] [ManualAdjust] 当前外参 [imu_0→cam_front]:
[20:31:39.930] [info]   旋转 RPY: (-2.3164, 0.3518, 1.0829) deg
[20:31:39.930] [info]   平移 XYZ: (-0.0307, -0.2420, 12.2946) m
[20:31:39.962] [debug] [ManualAdjust] 平移增量 dxyz=(0.0000, 0.0000, 0.0050)m
[20:31:39.963] [info] [ManualAdjust] 当前外参 [imu_0→cam_front]:
[20:31:39.963] [info]   旋转 RPY: (-2.3164, 0.3518, 1.0829) deg
[20:31:39.963] [info]   平移 XYZ: (-0.0307, -0.2420, 12.2996) m
[20:31:39.993] [debug] [ManualAdjust] 平移增量 dxyz=(0.0000, 0.0000, 0.0050)m
[20:31:39.993] [info] [ManualAdjust] 当前外参 [imu_0→cam_front]:
[20:31:39.993] [info]   旋转 RPY: (-2.3164, 0.3518, 1.0829) deg
[20:31:39.993] [info]   平移 XYZ: (-0.0307, -0.2420, 12.3046) m
[20:31:40.054] [debug] [ManualAdjust] 平移增量 dxyz=(0.0000, 0.0000, 0.0050)m
[20:31:40.054] [info] [ManualAdjust] 当前外参 [imu_0→cam_front]:
[20:31:40.054] [info]   旋转 RPY: (-2.3164, 0.3518, 1.0829) deg
[20:31:40.054] [info]   平移 XYZ: (-0.0307, -0.2420, 12.3096) m
[20:31:40.087] [debug] [ManualAdjust] 平移增量 dxyz=(0.0000, 0.0000, 0.0050)m
[20:31:40.087] [info] [ManualAdjust] 当前外参 [imu_0→cam_front]:
[20:31:40.087] [info]   旋转 RPY: (-2.3164, 0.3518, 1.0829) deg
[20:31:40.087] [info]   平移 XYZ: (-0.0307, -0.2420, 12.3146) m
[20:31:40.119] [debug] [ManualAdjust] 平移增量 dxyz=(0.0000, 0.0000, 0.0050)m
[20:31:40.119] [info] [ManualAdjust] 当前外参 [imu_0→cam_front]:
[20:31:40.119] [info]   旋转 RPY: (-2.3164, 0.3518, 1.0829) deg
[20:31:40.119] [info]   平移 XYZ: (-0.0307, -0.2420, 12.3196) m
[20:31:40.158] [debug] [ManualAdjust] 平移增量 dxyz=(0.0000, 0.0000, 0.0050)m
[20:31:40.158] [info] [ManualAdjust] 当前外参 [imu_0→cam_front]:
[20:31:40.158] [info]   旋转 RPY: (-2.3164, 0.3518, 1.0829) deg
[20:31:40.158] [info]   平移 XYZ: (-0.0307, -0.2420, 12.3246) m
[20:31:40.190] [debug] [ManualAdjust] 平移增量 dxyz=(0.0000, 0.0000, 0.0050)m
[20:31:40.190] [info] [ManualAdjust] 当前外参 [imu_0→cam_front]:
[20:31:40.190] [info]   旋转 RPY: (-2.3164, 0.3518, 1.0829) deg
[20:31:40.190] [info]   平移 XYZ: (-0.0307, -0.2420, 12.3296) m
[20:31:40.231] [debug] [ManualAdjust] 平移增量 dxyz=(0.0000, 0.0000, 0.0050)m
[20:31:40.231] [info] [ManualAdjust] 当前外参 [imu_0→cam_front]:
[20:31:40.231] [info]   旋转 RPY: (-2.3164, 0.3518, 1.0829) deg
[20:31:40.231] [info]   平移 XYZ: (-0.0307, -0.2420, 12.3346) m
[20:31:40.262] [debug] [ManualAdjust] 平移增量 dxyz=(0.0000, 0.0000, 0.0050)m
[20:31:40.262] [info] [ManualAdjust] 当前外参 [imu_0→cam_front]:
[20:31:40.262] [info]   旋转 RPY: (-2.3164, 0.3518, 1.0829) deg
[20:31:40.262] [info]   平移 XYZ: (-0.0307, -0.2420, 12.3396) m
[20:31:40.322] [debug] [ManualAdjust] 平移增量 dxyz=(0.0000, 0.0000, 0.0050)m
[20:31:40.322] [info] [ManualAdjust] 当前外参 [imu_0→cam_front]:
[20:31:40.322] [info]   旋转 RPY: (-2.3164, 0.3518, 1.0829) deg
[20:31:40.322] [info]   平移 XYZ: (-0.0307, -0.2420, 12.3446) m
[20:31:40.355] [debug] [ManualAdjust] 平移增量 dxyz=(0.0000, 0.0000, 0.0050)m
[20:31:40.355] [info] [ManualAdjust] 当前外参 [imu_0→cam_front]:
[20:31:40.355] [info]   旋转 RPY: (-2.3164, 0.3518, 1.0829) deg
[20:31:40.355] [info]   平移 XYZ: (-0.0307, -0.2420, 12.3496) m
[20:31:40.412] [debug] [ManualAdjust] 平移增量 dxyz=(0.0000, 0.0000, 0.0050)m
[20:31:40.412] [info] [ManualAdjust] 当前外参 [imu_0→cam_front]:
[20:31:40.412] [info]   旋转 RPY: (-2.3164, 0.3518, 1.0829) deg
[20:31:40.412] [info]   平移 XYZ: (-0.0307, -0.2420, 12.3546) m
[20:31:40.450] [debug] [ManualAdjust] 平移增量 dxyz=(0.0000, 0.0000, 0.0050)m
[20:31:40.450] [info] [ManualAdjust] 当前外参 [imu_0→cam_front]:
[20:31:40.450] [info]   旋转 RPY: (-2.3164, 0.3518, 1.0829) deg
[20:31:40.450] [info]   平移 XYZ: (-0.0307, -0.2420, 12.3596) m
[20:31:40.478] [debug] [ManualAdjust] 平移增量 dxyz=(0.0000, 0.0000, 0.0050)m
[20:31:40.478] [info] [ManualAdjust] 当前外参 [imu_0→cam_front]:
[20:31:40.478] [info]   旋转 RPY: (-2.3164, 0.3518, 1.0829) deg
[20:31:40.478] [info]   平移 XYZ: (-0.0307, -0.2420, 12.3646) m
[20:31:40.514] [debug] [ManualAdjust] 平移增量 dxyz=(0.0000, 0.0000, 0.0050)m
[20:31:40.514] [info] [ManualAdjust] 当前外参 [imu_0→cam_front]:
[20:31:40.514] [info]   旋转 RPY: (-2.3164, 0.3518, 1.0829) deg
[20:31:40.514] [info]   平移 XYZ: (-0.0307, -0.2420, 12.3696) m
[20:31:40.547] [debug] [ManualAdjust] 平移增量 dxyz=(0.0000, 0.0000, 0.0050)m
[20:31:40.547] [info] [ManualAdjust] 当前外参 [imu_0→cam_front]:
[20:31:40.547] [info]   旋转 RPY: (-2.3164, 0.3518, 1.0829) deg
[20:31:40.547] [info]   平移 XYZ: (-0.0307, -0.2420, 12.3746) m
[20:31:40.582] [debug] [ManualAdjust] 平移增量 dxyz=(0.0000, 0.0000, 0.0050)m
[20:31:40.582] [info] [ManualAdjust] 当前外参 [imu_0→cam_front]:
[20:31:40.582] [info]   旋转 RPY: (-2.3164, 0.3518, 1.0829) deg
[20:31:40.582] [info]   平移 XYZ: (-0.0307, -0.2420, 12.3796) m
[20:31:40.613] [debug] [ManualAdjust] 平移增量 dxyz=(0.0000, 0.0000, 0.0050)m
[20:31:40.613] [info] [ManualAdjust] 当前外参 [imu_0→cam_front]:
[20:31:40.613] [info]   旋转 RPY: (-2.3164, 0.3518, 1.0829) deg
[20:31:40.613] [info]   平移 XYZ: (-0.0307, -0.2420, 12.3846) m
[20:31:40.652] [debug] [ManualAdjust] 平移增量 dxyz=(0.0000, 0.0000, 0.0050)m
[20:31:40.652] [info] [ManualAdjust] 当前外参 [imu_0→cam_front]:
[20:31:40.652] [info]   旋转 RPY: (-2.3164, 0.3518, 1.0829) deg
[20:31:40.652] [info]   平移 XYZ: (-0.0307, -0.2420, 12.3896) m
[20:31:40.690] [debug] [ManualAdjust] 平移增量 dxyz=(0.0000, 0.0000, 0.0050)m
[20:31:40.690] [info] [ManualAdjust] 当前外参 [imu_0→cam_front]:
[20:31:40.690] [info]   旋转 RPY: (-2.3164, 0.3518, 1.0829) deg
[20:31:40.690] [info]   平移 XYZ: (-0.0307, -0.2420, 12.3946) m
[20:31:40.722] [debug] [ManualAdjust] 平移增量 dxyz=(0.0000, 0.0000, 0.0050)m
[20:31:40.722] [info] [ManualAdjust] 当前外参 [imu_0→cam_front]:
[20:31:40.722] [info]   旋转 RPY: (-2.3164, 0.3518, 1.0829) deg
[20:31:40.722] [info]   平移 XYZ: (-0.0307, -0.2420, 12.3996) m
[20:31:40.757] [debug] [ManualAdjust] 平移增量 dxyz=(0.0000, 0.0000, 0.0050)m
[20:31:40.757] [info] [ManualAdjust] 当前外参 [imu_0→cam_front]:
[20:31:40.757] [info]   旋转 RPY: (-2.3164, 0.3518, 1.0829) deg
[20:31:40.757] [info]   平移 XYZ: (-0.0307, -0.2420, 12.4046) m
[20:31:40.793] [debug] [ManualAdjust] 平移增量 dxyz=(0.0000, 0.0000, 0.0050)m
[20:31:40.793] [info] [ManualAdjust] 当前外参 [imu_0→cam_front]:
[20:31:40.793] [info]   旋转 RPY: (-2.3164, 0.3518, 1.0829) deg
[20:31:40.793] [info]   平移 XYZ: (-0.0307, -0.2420, 12.4096) m
[20:31:40.825] [debug] [ManualAdjust] 平移增量 dxyz=(0.0000, 0.0000, 0.0050)m
[20:31:40.825] [info] [ManualAdjust] 当前外参 [imu_0→cam_front]:
[20:31:40.825] [info]   旋转 RPY: (-2.3164, 0.3518, 1.0829) deg
[20:31:40.825] [info]   平移 XYZ: (-0.0307, -0.2420, 12.4146) m
[20:31:40.858] [debug] [ManualAdjust] 平移增量 dxyz=(0.0000, 0.0000, 0.0050)m
[20:31:40.858] [info] [ManualAdjust] 当前外参 [imu_0→cam_front]:
[20:31:40.858] [info]   旋转 RPY: (-2.3164, 0.3518, 1.0829) deg
[20:31:40.858] [info]   平移 XYZ: (-0.0307, -0.2420, 12.4196) m
[20:31:40.889] [debug] [ManualAdjust] 平移增量 dxyz=(0.0000, 0.0000, 0.0050)m
[20:31:40.889] [info] [ManualAdjust] 当前外参 [imu_0→cam_front]:
[20:31:40.889] [info]   旋转 RPY: (-2.3164, 0.3518, 1.0829) deg
[20:31:40.889] [info]   平移 XYZ: (-0.0307, -0.2420, 12.4246) m
[20:31:40.919] [debug] [ManualAdjust] 平移增量 dxyz=(0.0000, 0.0000, 0.0050)m
[20:31:40.919] [info] [ManualAdjust] 当前外参 [imu_0→cam_front]:
[20:31:40.919] [info]   旋转 RPY: (-2.3164, 0.3518, 1.0829) deg
[20:31:40.919] [info]   平移 XYZ: (-0.0307, -0.2420, 12.4296) m
[20:31:40.950] [debug] [ManualAdjust] 平移增量 dxyz=(0.0000, 0.0000, 0.0050)m
[20:31:40.950] [info] [ManualAdjust] 当前外参 [imu_0→cam_front]:
[20:31:40.950] [info]   旋转 RPY: (-2.3164, 0.3518, 1.0829) deg
[20:31:40.950] [info]   平移 XYZ: (-0.0307, -0.2420, 12.4346) m
[20:31:40.984] [debug] [ManualAdjust] 平移增量 dxyz=(0.0000, 0.0000, 0.0050)m
[20:31:40.984] [info] [ManualAdjust] 当前外参 [imu_0→cam_front]:
[20:31:40.984] [info]   旋转 RPY: (-2.3164, 0.3518, 1.0829) deg
[20:31:40.984] [info]   平移 XYZ: (-0.0307, -0.2420, 12.4396) m
[20:31:41.024] [debug] [ManualAdjust] 平移增量 dxyz=(0.0000, 0.0000, 0.0050)m
[20:31:41.024] [info] [ManualAdjust] 当前外参 [imu_0→cam_front]:
[20:31:41.024] [info]   旋转 RPY: (-2.3164, 0.3518, 1.0829) deg
[20:31:41.024] [info]   平移 XYZ: (-0.0307, -0.2420, 12.4446) m
[20:31:41.057] [debug] [ManualAdjust] 平移增量 dxyz=(0.0000, 0.0000, 0.0050)m
[20:31:41.057] [info] [ManualAdjust] 当前外参 [imu_0→cam_front]:
[20:31:41.057] [info]   旋转 RPY: (-2.3164, 0.3518, 1.0829) deg
[20:31:41.057] [info]   平移 XYZ: (-0.0307, -0.2420, 12.4496) m
[20:31:41.102] [debug] [ManualAdjust] 平移增量 dxyz=(0.0000, 0.0000, 0.0050)m
[20:31:41.102] [info] [ManualAdjust] 当前外参 [imu_0→cam_front]:
[20:31:41.102] [info]   旋转 RPY: (-2.3164, 0.3518, 1.0829) deg
[20:31:41.102] [info]   平移 XYZ: (-0.0307, -0.2420, 12.4546) m
[20:31:41.135] [debug] [ManualAdjust] 平移增量 dxyz=(0.0000, 0.0000, 0.0050)m
[20:31:41.135] [info] [ManualAdjust] 当前外参 [imu_0→cam_front]:
[20:31:41.135] [info]   旋转 RPY: (-2.3164, 0.3518, 1.0829) deg
[20:31:41.135] [info]   平移 XYZ: (-0.0307, -0.2420, 12.4596) m
[20:31:41.168] [debug] [ManualAdjust] 平移增量 dxyz=(0.0000, 0.0000, 0.0050)m
[20:31:41.168] [info] [ManualAdjust] 当前外参 [imu_0→cam_front]:
[20:31:41.168] [info]   旋转 RPY: (-2.3164, 0.3518, 1.0829) deg
[20:31:41.168] [info]   平移 XYZ: (-0.0307, -0.2420, 12.4646) m
[20:31:41.218] [debug] [ManualAdjust] 平移增量 dxyz=(0.0000, 0.0000, 0.0050)m
[20:31:41.218] [info] [ManualAdjust] 当前外参 [imu_0→cam_front]:
[20:31:41.218] [info]   旋转 RPY: (-2.3164, 0.3518, 1.0829) deg
[20:31:41.218] [info]   平移 XYZ: (-0.0307, -0.2420, 12.4696) m
[20:31:41.250] [debug] [ManualAdjust] 平移增量 dxyz=(0.0000, 0.0000, 0.0050)m
[20:31:41.250] [info] [ManualAdjust] 当前外参 [imu_0→cam_front]:
[20:31:41.250] [info]   旋转 RPY: (-2.3164, 0.3518, 1.0829) deg
[20:31:41.250] [info]   平移 XYZ: (-0.0307, -0.2420, 12.4746) m
[20:31:41.280] [debug] [ManualAdjust] 平移增量 dxyz=(0.0000, 0.0000, 0.0050)m
[20:31:41.280] [info] [ManualAdjust] 当前外参 [imu_0→cam_front]:
[20:31:41.280] [info]   旋转 RPY: (-2.3164, 0.3518, 1.0829) deg
[20:31:41.280] [info]   平移 XYZ: (-0.0307, -0.2420, 12.4796) m
[20:31:41.338] [debug] [ManualAdjust] 平移增量 dxyz=(0.0000, 0.0000, 0.0050)m
[20:31:41.338] [info] [ManualAdjust] 当前外参 [imu_0→cam_front]:
[20:31:41.338] [info]   旋转 RPY: (-2.3164, 0.3518, 1.0829) deg
[20:31:41.338] [info]   平移 XYZ: (-0.0307, -0.2420, 12.4846) m
[20:31:41.374] [debug] [ManualAdjust] 平移增量 dxyz=(0.0000, 0.0000, 0.0050)m
[20:31:41.374] [info] [ManualAdjust] 当前外参 [imu_0→cam_front]:
[20:31:41.374] [info]   旋转 RPY: (-2.3164, 0.3518, 1.0829) deg
[20:31:41.374] [info]   平移 XYZ: (-0.0307, -0.2420, 12.4896) m
[20:31:41.409] [debug] [ManualAdjust] 平移增量 dxyz=(0.0000, 0.0000, 0.0050)m
[20:31:41.409] [info] [ManualAdjust] 当前外参 [imu_0→cam_front]:
[20:31:41.409] [info]   旋转 RPY: (-2.3164, 0.3518, 1.0829) deg
[20:31:41.409] [info]   平移 XYZ: (-0.0307, -0.2420, 12.4946) m
[20:31:41.444] [debug] [ManualAdjust] 平移增量 dxyz=(0.0000, 0.0000, 0.0050)m
[20:31:41.444] [info] [ManualAdjust] 当前外参 [imu_0→cam_front]:
[20:31:41.444] [info]   旋转 RPY: (-2.3164, 0.3518, 1.0829) deg
[20:31:41.444] [info]   平移 XYZ: (-0.0307, -0.2420, 12.4996) m
[20:31:41.501] [debug] [ManualAdjust] 平移增量 dxyz=(0.0000, 0.0000, 0.0050)m
[20:31:41.501] [info] [ManualAdjust] 当前外参 [imu_0→cam_front]:
[20:31:41.501] [info]   旋转 RPY: (-2.3164, 0.3518, 1.0829) deg
[20:31:41.501] [info]   平移 XYZ: (-0.0307, -0.2420, 12.5046) m
[20:31:41.532] [debug] [ManualAdjust] 平移增量 dxyz=(0.0000, 0.0000, 0.0050)m
[20:31:41.532] [info] [ManualAdjust] 当前外参 [imu_0→cam_front]:
[20:31:41.532] [info]   旋转 RPY: (-2.3164, 0.3518, 1.0829) deg
[20:31:41.532] [info]   平移 XYZ: (-0.0307, -0.2420, 12.5096) m
[20:31:41.581] [debug] [ManualAdjust] 平移增量 dxyz=(0.0000, 0.0000, 0.0050)m
[20:31:41.581] [info] [ManualAdjust] 当前外参 [imu_0→cam_front]:
[20:31:41.581] [info]   旋转 RPY: (-2.3164, 0.3518, 1.0829) deg
[20:31:41.581] [info]   平移 XYZ: (-0.0307, -0.2420, 12.5146) m
[20:31:41.613] [debug] [ManualAdjust] 平移增量 dxyz=(0.0000, 0.0000, 0.0050)m
[20:31:41.613] [info] [ManualAdjust] 当前外参 [imu_0→cam_front]:
[20:31:41.613] [info]   旋转 RPY: (-2.3164, 0.3518, 1.0829) deg
[20:31:41.613] [info]   平移 XYZ: (-0.0307, -0.2420, 12.5196) m
[20:31:41.666] [debug] [ManualAdjust] 平移增量 dxyz=(0.0000, 0.0000, 0.0050)m
[20:31:41.666] [info] [ManualAdjust] 当前外参 [imu_0→cam_front]:
[20:31:41.666] [info]   旋转 RPY: (-2.3164, 0.3518, 1.0829) deg
[20:31:41.666] [info]   平移 XYZ: (-0.0307, -0.2420, 12.5246) m
[20:31:41.703] [debug] [ManualAdjust] 平移增量 dxyz=(0.0000, 0.0000, 0.0050)m
[20:31:41.703] [info] [ManualAdjust] 当前外参 [imu_0→cam_front]:
[20:31:41.703] [info]   旋转 RPY: (-2.3164, 0.3518, 1.0829) deg
[20:31:41.703] [info]   平移 XYZ: (-0.0307, -0.2420, 12.5296) m
[20:31:41.753] [debug] [ManualAdjust] 平移增量 dxyz=(0.0000, 0.0000, 0.0050)m
[20:31:41.753] [info] [ManualAdjust] 当前外参 [imu_0→cam_front]:
[20:31:41.753] [info]   旋转 RPY: (-2.3164, 0.3518, 1.0829) deg
[20:31:41.753] [info]   平移 XYZ: (-0.0307, -0.2420, 12.5346) m
[20:31:41.780] [debug] [ManualAdjust] 平移增量 dxyz=(0.0000, 0.0000, 0.0050)m
[20:31:41.780] [info] [ManualAdjust] 当前外参 [imu_0→cam_front]:
[20:31:41.780] [info]   旋转 RPY: (-2.3164, 0.3518, 1.0829) deg
[20:31:41.780] [info]   平移 XYZ: (-0.0307, -0.2420, 12.5396) m
[20:31:41.810] [debug] [ManualAdjust] 平移增量 dxyz=(0.0000, 0.0000, 0.0050)m
[20:31:41.810] [info] [ManualAdjust] 当前外参 [imu_0→cam_front]:
[20:31:41.810] [info]   旋转 RPY: (-2.3164, 0.3518, 1.0829) deg
[20:31:41.810] [info]   平移 XYZ: (-0.0307, -0.2420, 12.5446) m
[20:31:41.858] [debug] [ManualAdjust] 平移增量 dxyz=(0.0000, 0.0000, 0.0050)m
[20:31:41.858] [info] [ManualAdjust] 当前外参 [imu_0→cam_front]:
[20:31:41.858] [info]   旋转 RPY: (-2.3164, 0.3518, 1.0829) deg
[20:31:41.858] [info]   平移 XYZ: (-0.0307, -0.2420, 12.5496) m
[20:31:41.893] [debug] [ManualAdjust] 平移增量 dxyz=(0.0000, 0.0000, 0.0050)m
[20:31:41.893] [info] [ManualAdjust] 当前外参 [imu_0→cam_front]:
[20:31:41.893] [info]   旋转 RPY: (-2.3164, 0.3518, 1.0829) deg
[20:31:41.893] [info]   平移 XYZ: (-0.0307, -0.2420, 12.5546) m
[20:31:41.944] [debug] [ManualAdjust] 平移增量 dxyz=(0.0000, 0.0000, 0.0050)m
[20:31:41.944] [info] [ManualAdjust] 当前外参 [imu_0→cam_front]:
[20:31:41.944] [info]   旋转 RPY: (-2.3164, 0.3518, 1.0829) deg
[20:31:41.944] [info]   平移 XYZ: (-0.0307, -0.2420, 12.5596) m
[20:31:41.975] [debug] [ManualAdjust] 平移增量 dxyz=(0.0000, 0.0000, 0.0050)m
[20:31:41.975] [info] [ManualAdjust] 当前外参 [imu_0→cam_front]:
[20:31:41.975] [info]   旋转 RPY: (-2.3164, 0.3518, 1.0829) deg
[20:31:41.975] [info]   平移 XYZ: (-0.0307, -0.2420, 12.5646) m
[20:31:42.005] [debug] [ManualAdjust] 平移增量 dxyz=(0.0000, 0.0000, 0.0050)m
[20:31:42.005] [info] [ManualAdjust] 当前外参 [imu_0→cam_front]:
[20:31:42.005] [info]   旋转 RPY: (-2.3164, 0.3518, 1.0829) deg
[20:31:42.005] [info]   平移 XYZ: (-0.0307, -0.2420, 12.5696) m
[20:31:42.068] [debug] [ManualAdjust] 平移增量 dxyz=(0.0000, 0.0000, 0.0050)m
[20:31:42.068] [info] [ManualAdjust] 当前外参 [imu_0→cam_front]:
[20:31:42.068] [info]   旋转 RPY: (-2.3164, 0.3518, 1.0829) deg
[20:31:42.068] [info]   平移 XYZ: (-0.0307, -0.2420, 12.5746) m
[20:31:42.102] [debug] [ManualAdjust] 平移增量 dxyz=(0.0000, 0.0000, 0.0050)m
[20:31:42.102] [info] [ManualAdjust] 当前外参 [imu_0→cam_front]:
[20:31:42.102] [info]   旋转 RPY: (-2.3164, 0.3518, 1.0829) deg
[20:31:42.102] [info]   平移 XYZ: (-0.0307, -0.2420, 12.5796) m
[20:31:42.138] [debug] [ManualAdjust] 平移增量 dxyz=(0.0000, 0.0000, 0.0050)m
[20:31:42.138] [info] [ManualAdjust] 当前外参 [imu_0→cam_front]:
[20:31:42.138] [info]   旋转 RPY: (-2.3164, 0.3518, 1.0829) deg
[20:31:42.138] [info]   平移 XYZ: (-0.0307, -0.2420, 12.5846) m
[20:31:42.170] [debug] [ManualAdjust] 平移增量 dxyz=(0.0000, 0.0000, 0.0050)m
[20:31:42.170] [info] [ManualAdjust] 当前外参 [imu_0→cam_front]:
[20:31:42.170] [info]   旋转 RPY: (-2.3164, 0.3518, 1.0829) deg
[20:31:42.170] [info]   平移 XYZ: (-0.0307, -0.2420, 12.5896) m
[20:31:42.221] [debug] [ManualAdjust] 平移增量 dxyz=(0.0000, 0.0000, 0.0050)m
[20:31:42.221] [info] [ManualAdjust] 当前外参 [imu_0→cam_front]:
[20:31:42.221] [info]   旋转 RPY: (-2.3164, 0.3518, 1.0829) deg
[20:31:42.221] [info]   平移 XYZ: (-0.0307, -0.2420, 12.5946) m
[20:31:42.254] [debug] [ManualAdjust] 平移增量 dxyz=(0.0000, 0.0000, 0.0050)m
[20:31:42.254] [info] [ManualAdjust] 当前外参 [imu_0→cam_front]:
[20:31:42.254] [info]   旋转 RPY: (-2.3164, 0.3518, 1.0829) deg
[20:31:42.254] [info]   平移 XYZ: (-0.0307, -0.2420, 12.5996) m
[20:31:42.284] [debug] [ManualAdjust] 平移增量 dxyz=(0.0000, 0.0000, 0.0050)m
[20:31:42.284] [info] [ManualAdjust] 当前外参 [imu_0→cam_front]:
[20:31:42.284] [info]   旋转 RPY: (-2.3164, 0.3518, 1.0829) deg
[20:31:42.284] [info]   平移 XYZ: (-0.0307, -0.2420, 12.6046) m
[20:31:42.317] [debug] [ManualAdjust] 平移增量 dxyz=(0.0000, 0.0000, 0.0050)m
[20:31:42.317] [info] [ManualAdjust] 当前外参 [imu_0→cam_front]:
[20:31:42.317] [info]   旋转 RPY: (-2.3164, 0.3518, 1.0829) deg
[20:31:42.317] [info]   平移 XYZ: (-0.0307, -0.2420, 12.6096) m
[20:31:42.351] [debug] [ManualAdjust] 平移增量 dxyz=(0.0000, 0.0000, 0.0050)m
[20:31:42.351] [info] [ManualAdjust] 当前外参 [imu_0→cam_front]:
[20:31:42.351] [info]   旋转 RPY: (-2.3164, 0.3518, 1.0829) deg
[20:31:42.351] [info]   平移 XYZ: (-0.0307, -0.2420, 12.6146) m
[20:31:42.397] [debug] [ManualAdjust] 平移增量 dxyz=(0.0000, 0.0000, 0.0050)m
[20:31:42.397] [info] [ManualAdjust] 当前外参 [imu_0→cam_front]:
[20:31:42.397] [info]   旋转 RPY: (-2.3164, 0.3518, 1.0829) deg
[20:31:42.397] [info]   平移 XYZ: (-0.0307, -0.2420, 12.6196) m
[20:31:42.428] [debug] [ManualAdjust] 平移增量 dxyz=(0.0000, 0.0000, 0.0050)m
[20:31:42.428] [info] [ManualAdjust] 当前外参 [imu_0→cam_front]:
[20:31:42.428] [info]   旋转 RPY: (-2.3164, 0.3518, 1.0829) deg
[20:31:42.428] [info]   平移 XYZ: (-0.0307, -0.2420, 12.6246) m
[20:31:42.476] [debug] [ManualAdjust] 平移增量 dxyz=(0.0000, 0.0000, 0.0050)m
[20:31:42.476] [info] [ManualAdjust] 当前外参 [imu_0→cam_front]:
[20:31:42.476] [info]   旋转 RPY: (-2.3164, 0.3518, 1.0829) deg
[20:31:42.476] [info]   平移 XYZ: (-0.0307, -0.2420, 12.6296) m
[20:31:42.504] [debug] [ManualAdjust] 平移增量 dxyz=(0.0000, 0.0000, 0.0050)m
[20:31:42.504] [info] [ManualAdjust] 当前外参 [imu_0→cam_front]:
[20:31:42.504] [info]   旋转 RPY: (-2.3164, 0.3518, 1.0829) deg
[20:31:42.504] [info]   平移 XYZ: (-0.0307, -0.2420, 12.6346) m
[20:31:42.538] [debug] [ManualAdjust] 平移增量 dxyz=(0.0000, 0.0000, 0.0050)m
[20:31:42.538] [info] [ManualAdjust] 当前外参 [imu_0→cam_front]:
[20:31:42.538] [info]   旋转 RPY: (-2.3164, 0.3518, 1.0829) deg
[20:31:42.538] [info]   平移 XYZ: (-0.0307, -0.2420, 12.6396) m
[20:31:42.607] [debug] [ManualAdjust] 平移增量 dxyz=(0.0000, 0.0000, 0.0050)m
[20:31:42.607] [info] [ManualAdjust] 当前外参 [imu_0→cam_front]:
[20:31:42.607] [info]   旋转 RPY: (-2.3164, 0.3518, 1.0829) deg
[20:31:42.607] [info]   平移 XYZ: (-0.0307, -0.2420, 12.6446) m
[20:31:42.637] [debug] [ManualAdjust] 平移增量 dxyz=(0.0000, 0.0000, 0.0050)m
[20:31:42.637] [info] [ManualAdjust] 当前外参 [imu_0→cam_front]:
[20:31:42.637] [info]   旋转 RPY: (-2.3164, 0.3518, 1.0829) deg
[20:31:42.637] [info]   平移 XYZ: (-0.0307, -0.2420, 12.6496) m
[20:31:42.672] [debug] [ManualAdjust] 平移增量 dxyz=(0.0000, 0.0000, 0.0050)m
[20:31:42.672] [info] [ManualAdjust] 当前外参 [imu_0→cam_front]:
[20:31:42.672] [info]   旋转 RPY: (-2.3164, 0.3518, 1.0829) deg
[20:31:42.672] [info]   平移 XYZ: (-0.0307, -0.2420, 12.6546) m
[20:31:42.700] [debug] [ManualAdjust] 平移增量 dxyz=(0.0000, 0.0000, 0.0050)m
[20:31:42.700] [info] [ManualAdjust] 当前外参 [imu_0→cam_front]:
[20:31:42.700] [info]   旋转 RPY: (-2.3164, 0.3518, 1.0829) deg
[20:31:42.700] [info]   平移 XYZ: (-0.0307, -0.2420, 12.6596) m
[20:31:42.730] [debug] [ManualAdjust] 平移增量 dxyz=(0.0000, 0.0000, 0.0050)m
[20:31:42.730] [info] [ManualAdjust] 当前外参 [imu_0→cam_front]:
[20:31:42.730] [info]   旋转 RPY: (-2.3164, 0.3518, 1.0829) deg
[20:31:42.730] [info]   平移 XYZ: (-0.0307, -0.2420, 12.6646) m
[20:31:42.760] [debug] [ManualAdjust] 平移增量 dxyz=(0.0000, 0.0000, 0.0050)m
[20:31:42.760] [info] [ManualAdjust] 当前外参 [imu_0→cam_front]:
[20:31:42.760] [info]   旋转 RPY: (-2.3164, 0.3518, 1.0829) deg
[20:31:42.760] [info]   平移 XYZ: (-0.0307, -0.2420, 12.6696) m
[20:31:42.795] [debug] [ManualAdjust] 平移增量 dxyz=(0.0000, 0.0000, 0.0050)m
[20:31:42.795] [info] [ManualAdjust] 当前外参 [imu_0→cam_front]:
[20:31:42.795] [info]   旋转 RPY: (-2.3164, 0.3518, 1.0829) deg
[20:31:42.795] [info]   平移 XYZ: (-0.0307, -0.2420, 12.6746) m
[20:31:42.825] [debug] [ManualAdjust] 平移增量 dxyz=(0.0000, 0.0000, 0.0050)m
[20:31:42.825] [info] [ManualAdjust] 当前外参 [imu_0→cam_front]:
[20:31:42.825] [info]   旋转 RPY: (-2.3164, 0.3518, 1.0829) deg
[20:31:42.825] [info]   平移 XYZ: (-0.0307, -0.2420, 12.6796) m
[20:31:42.855] [debug] [ManualAdjust] 平移增量 dxyz=(0.0000, 0.0000, 0.0050)m
[20:31:42.855] [info] [ManualAdjust] 当前外参 [imu_0→cam_front]:
[20:31:42.855] [info]   旋转 RPY: (-2.3164, 0.3518, 1.0829) deg
[20:31:42.855] [info]   平移 XYZ: (-0.0307, -0.2420, 12.6846) m
[20:31:42.886] [debug] [ManualAdjust] 平移增量 dxyz=(0.0000, 0.0000, 0.0050)m
[20:31:42.886] [info] [ManualAdjust] 当前外参 [imu_0→cam_front]:
[20:31:42.886] [info]   旋转 RPY: (-2.3164, 0.3518, 1.0829) deg
[20:31:42.886] [info]   平移 XYZ: (-0.0307, -0.2420, 12.6896) m
[20:31:42.916] [debug] [ManualAdjust] 平移增量 dxyz=(0.0000, 0.0000, 0.0050)m
[20:31:42.916] [info] [ManualAdjust] 当前外参 [imu_0→cam_front]:
[20:31:42.916] [info]   旋转 RPY: (-2.3164, 0.3518, 1.0829) deg
[20:31:42.916] [info]   平移 XYZ: (-0.0307, -0.2420, 12.6946) m
[20:31:42.977] [debug] [ManualAdjust] 平移增量 dxyz=(0.0000, 0.0000, 0.0050)m
[20:31:42.977] [info] [ManualAdjust] 当前外参 [imu_0→cam_front]:
[20:31:42.977] [info]   旋转 RPY: (-2.3164, 0.3518, 1.0829) deg
[20:31:42.977] [info]   平移 XYZ: (-0.0307, -0.2420, 12.6996) m
[20:31:43.024] [debug] [ManualAdjust] 平移增量 dxyz=(0.0000, 0.0000, 0.0050)m
[20:31:43.024] [info] [ManualAdjust] 当前外参 [imu_0→cam_front]:
[20:31:43.024] [info]   旋转 RPY: (-2.3164, 0.3518, 1.0829) deg
[20:31:43.024] [info]   平移 XYZ: (-0.0307, -0.2420, 12.7046) m
[20:31:43.053] [debug] [ManualAdjust] 平移增量 dxyz=(0.0000, 0.0000, 0.0050)m
[20:31:43.053] [info] [ManualAdjust] 当前外参 [imu_0→cam_front]:
[20:31:43.053] [info]   旋转 RPY: (-2.3164, 0.3518, 1.0829) deg
[20:31:43.053] [info]   平移 XYZ: (-0.0307, -0.2420, 12.7096) m
[20:31:43.084] [debug] [ManualAdjust] 平移增量 dxyz=(0.0000, 0.0000, 0.0050)m
[20:31:43.084] [info] [ManualAdjust] 当前外参 [imu_0→cam_front]:
[20:31:43.084] [info]   旋转 RPY: (-2.3164, 0.3518, 1.0829) deg
[20:31:43.084] [info]   平移 XYZ: (-0.0307, -0.2420, 12.7146) m
[20:31:43.116] [debug] [ManualAdjust] 平移增量 dxyz=(0.0000, 0.0000, 0.0050)m
[20:31:43.116] [info] [ManualAdjust] 当前外参 [imu_0→cam_front]:
[20:31:43.116] [info]   旋转 RPY: (-2.3164, 0.3518, 1.0829) deg
[20:31:43.116] [info]   平移 XYZ: (-0.0307, -0.2420, 12.7196) m
[20:31:43.154] [debug] [ManualAdjust] 平移增量 dxyz=(0.0000, 0.0000, 0.0050)m
[20:31:43.154] [info] [ManualAdjust] 当前外参 [imu_0→cam_front]:
[20:31:43.154] [info]   旋转 RPY: (-2.3164, 0.3518, 1.0829) deg
[20:31:43.154] [info]   平移 XYZ: (-0.0307, -0.2420, 12.7246) m
[20:31:43.184] [debug] [ManualAdjust] 平移增量 dxyz=(0.0000, 0.0000, 0.0050)m
[20:31:43.184] [info] [ManualAdjust] 当前外参 [imu_0→cam_front]:
[20:31:43.184] [info]   旋转 RPY: (-2.3164, 0.3518, 1.0829) deg
[20:31:43.184] [info]   平移 XYZ: (-0.0307, -0.2420, 12.7296) m
[20:31:43.217] [debug] [ManualAdjust] 平移增量 dxyz=(0.0000, 0.0000, 0.0050)m
[20:31:43.217] [info] [ManualAdjust] 当前外参 [imu_0→cam_front]:
[20:31:43.217] [info]   旋转 RPY: (-2.3164, 0.3518, 1.0829) deg
[20:31:43.217] [info]   平移 XYZ: (-0.0307, -0.2420, 12.7346) m
[20:31:43.253] [debug] [ManualAdjust] 平移增量 dxyz=(0.0000, 0.0000, 0.0050)m
[20:31:43.253] [info] [ManualAdjust] 当前外参 [imu_0→cam_front]:
[20:31:43.253] [info]   旋转 RPY: (-2.3164, 0.3518, 1.0829) deg
[20:31:43.253] [info]   平移 XYZ: (-0.0307, -0.2420, 12.7396) m
[20:31:43.285] [debug] [ManualAdjust] 平移增量 dxyz=(0.0000, 0.0000, 0.0050)m
[20:31:43.285] [info] [ManualAdjust] 当前外参 [imu_0→cam_front]:
[20:31:43.285] [info]   旋转 RPY: (-2.3164, 0.3518, 1.0829) deg
[20:31:43.285] [info]   平移 XYZ: (-0.0307, -0.2420, 12.7446) m
[20:31:43.341] [debug] [ManualAdjust] 平移增量 dxyz=(0.0000, 0.0000, 0.0050)m
[20:31:43.341] [info] [ManualAdjust] 当前外参 [imu_0→cam_front]:
[20:31:43.341] [info]   旋转 RPY: (-2.3164, 0.3518, 1.0829) deg
[20:31:43.341] [info]   平移 XYZ: (-0.0307, -0.2420, 12.7496) m
[20:31:43.371] [debug] [ManualAdjust] 平移增量 dxyz=(0.0000, 0.0000, 0.0050)m
[20:31:43.371] [info] [ManualAdjust] 当前外参 [imu_0→cam_front]:
[20:31:43.371] [info]   旋转 RPY: (-2.3164, 0.3518, 1.0829) deg
[20:31:43.371] [info]   平移 XYZ: (-0.0307, -0.2420, 12.7546) m
[20:31:43.430] [debug] [ManualAdjust] 平移增量 dxyz=(0.0000, 0.0000, 0.0050)m
[20:31:43.430] [info] [ManualAdjust] 当前外参 [imu_0→cam_front]:
[20:31:43.430] [info]   旋转 RPY: (-2.3164, 0.3518, 1.0829) deg
[20:31:43.430] [info]   平移 XYZ: (-0.0307, -0.2420, 12.7596) m
[20:31:43.461] [debug] [ManualAdjust] 平移增量 dxyz=(0.0000, 0.0000, 0.0050)m
[20:31:43.461] [info] [ManualAdjust] 当前外参 [imu_0→cam_front]:
[20:31:43.461] [info]   旋转 RPY: (-2.3164, 0.3518, 1.0829) deg
[20:31:43.461] [info]   平移 XYZ: (-0.0307, -0.2420, 12.7646) m
[20:31:43.510] [debug] [ManualAdjust] 平移增量 dxyz=(0.0000, 0.0000, 0.0050)m
[20:31:43.510] [info] [ManualAdjust] 当前外参 [imu_0→cam_front]:
[20:31:43.510] [info]   旋转 RPY: (-2.3164, 0.3518, 1.0829) deg
[20:31:43.510] [info]   平移 XYZ: (-0.0307, -0.2420, 12.7696) m
[20:31:43.542] [debug] [ManualAdjust] 平移增量 dxyz=(0.0000, 0.0000, 0.0050)m
[20:31:43.542] [info] [ManualAdjust] 当前外参 [imu_0→cam_front]:
[20:31:43.542] [info]   旋转 RPY: (-2.3164, 0.3518, 1.0829) deg
[20:31:43.542] [info]   平移 XYZ: (-0.0307, -0.2420, 12.7746) m
[20:31:43.582] [debug] [ManualAdjust] 平移增量 dxyz=(0.0000, 0.0000, 0.0050)m
[20:31:43.582] [info] [ManualAdjust] 当前外参 [imu_0→cam_front]:
[20:31:43.582] [info]   旋转 RPY: (-2.3164, 0.3518, 1.0829) deg
[20:31:43.582] [info]   平移 XYZ: (-0.0307, -0.2420, 12.7796) m
[20:31:43.621] [debug] [ManualAdjust] 平移增量 dxyz=(0.0000, 0.0000, 0.0050)m
[20:31:43.621] [info] [ManualAdjust] 当前外参 [imu_0→cam_front]:
[20:31:43.621] [info]   旋转 RPY: (-2.3164, 0.3518, 1.0829) deg
[20:31:43.621] [info]   平移 XYZ: (-0.0307, -0.2420, 12.7846) m
[20:31:43.651] [debug] [ManualAdjust] 平移增量 dxyz=(0.0000, 0.0000, 0.0050)m
[20:31:43.651] [info] [ManualAdjust] 当前外参 [imu_0→cam_front]:
[20:31:43.651] [info]   旋转 RPY: (-2.3164, 0.3518, 1.0829) deg
[20:31:43.651] [info]   平移 XYZ: (-0.0307, -0.2420, 12.7896) m
[20:31:43.711] [debug] [ManualAdjust] 平移增量 dxyz=(0.0000, 0.0000, 0.0050)m
[20:31:43.711] [info] [ManualAdjust] 当前外参 [imu_0→cam_front]:
[20:31:43.711] [info]   旋转 RPY: (-2.3164, 0.3518, 1.0829) deg
[20:31:43.711] [info]   平移 XYZ: (-0.0307, -0.2420, 12.7946) m
[20:31:43.742] [debug] [ManualAdjust] 平移增量 dxyz=(0.0000, 0.0000, 0.0050)m
[20:31:43.742] [info] [ManualAdjust] 当前外参 [imu_0→cam_front]:
[20:31:43.742] [info]   旋转 RPY: (-2.3164, 0.3518, 1.0829) deg
[20:31:43.742] [info]   平移 XYZ: (-0.0307, -0.2420, 12.7996) m
[20:31:43.804] [debug] [ManualAdjust] 平移增量 dxyz=(0.0000, 0.0000, 0.0050)m
[20:31:43.804] [info] [ManualAdjust] 当前外参 [imu_0→cam_front]:
[20:31:43.804] [info]   旋转 RPY: (-2.3164, 0.3518, 1.0829) deg
[20:31:43.804] [info]   平移 XYZ: (-0.0307, -0.2420, 12.8046) m
[20:31:43.836] [debug] [ManualAdjust] 平移增量 dxyz=(0.0000, 0.0000, 0.0050)m
[20:31:43.837] [info] [ManualAdjust] 当前外参 [imu_0→cam_front]:
[20:31:43.837] [info]   旋转 RPY: (-2.3164, 0.3518, 1.0829) deg
[20:31:43.837] [info]   平移 XYZ: (-0.0307, -0.2420, 12.8096) m
[20:31:43.884] [debug] [ManualAdjust] 平移增量 dxyz=(0.0000, 0.0000, 0.0050)m
[20:31:43.884] [info] [ManualAdjust] 当前外参 [imu_0→cam_front]:
[20:31:43.884] [info]   旋转 RPY: (-2.3164, 0.3518, 1.0829) deg
[20:31:43.884] [info]   平移 XYZ: (-0.0307, -0.2420, 12.8146) m
[20:31:43.918] [debug] [ManualAdjust] 平移增量 dxyz=(0.0000, 0.0000, 0.0050)m
[20:31:43.918] [info] [ManualAdjust] 当前外参 [imu_0→cam_front]:
[20:31:43.918] [info]   旋转 RPY: (-2.3164, 0.3518, 1.0829) deg
[20:31:43.918] [info]   平移 XYZ: (-0.0307, -0.2420, 12.8196) m
[20:31:43.948] [debug] [ManualAdjust] 平移增量 dxyz=(0.0000, 0.0000, 0.0050)m
[20:31:43.948] [info] [ManualAdjust] 当前外参 [imu_0→cam_front]:
[20:31:43.948] [info]   旋转 RPY: (-2.3164, 0.3518, 1.0829) deg
[20:31:43.948] [info]   平移 XYZ: (-0.0307, -0.2420, 12.8246) m
[20:31:43.999] [debug] [ManualAdjust] 平移增量 dxyz=(0.0000, 0.0000, 0.0050)m
[20:31:43.999] [info] [ManualAdjust] 当前外参 [imu_0→cam_front]:
[20:31:43.999] [info]   旋转 RPY: (-2.3164, 0.3518, 1.0829) deg
[20:31:43.999] [info]   平移 XYZ: (-0.0307, -0.2420, 12.8296) m
[20:31:44.032] [debug] [ManualAdjust] 平移增量 dxyz=(0.0000, 0.0000, 0.0050)m
[20:31:44.032] [info] [ManualAdjust] 当前外参 [imu_0→cam_front]:
[20:31:44.032] [info]   旋转 RPY: (-2.3164, 0.3518, 1.0829) deg
[20:31:44.032] [info]   平移 XYZ: (-0.0307, -0.2420, 12.8346) m
[20:31:44.085] [debug] [ManualAdjust] 平移增量 dxyz=(0.0000, 0.0000, 0.0050)m
[20:31:44.085] [info] [ManualAdjust] 当前外参 [imu_0→cam_front]:
[20:31:44.085] [info]   旋转 RPY: (-2.3164, 0.3518, 1.0829) deg
[20:31:44.085] [info]   平移 XYZ: (-0.0307, -0.2420, 12.8396) m
[20:31:44.115] [debug] [ManualAdjust] 平移增量 dxyz=(0.0000, 0.0000, 0.0050)m
[20:31:44.115] [info] [ManualAdjust] 当前外参 [imu_0→cam_front]:
[20:31:44.115] [info]   旋转 RPY: (-2.3164, 0.3518, 1.0829) deg
[20:31:44.115] [info]   平移 XYZ: (-0.0307, -0.2420, 12.8446) m
[20:31:44.179] [debug] [ManualAdjust] 平移增量 dxyz=(0.0000, 0.0000, 0.0050)m
[20:31:44.179] [info] [ManualAdjust] 当前外参 [imu_0→cam_front]:
[20:31:44.179] [info]   旋转 RPY: (-2.3164, 0.3518, 1.0829) deg
[20:31:44.179] [info]   平移 XYZ: (-0.0307, -0.2420, 12.8496) m
[20:31:44.210] [debug] [ManualAdjust] 平移增量 dxyz=(0.0000, 0.0000, 0.0050)m
[20:31:44.210] [info] [ManualAdjust] 当前外参 [imu_0→cam_front]:
[20:31:44.210] [info]   旋转 RPY: (-2.3164, 0.3518, 1.0829) deg
[20:31:44.210] [info]   平移 XYZ: (-0.0307, -0.2420, 12.8546) m
[20:31:44.251] [debug] [ManualAdjust] 平移增量 dxyz=(0.0000, 0.0000, 0.0050)m
[20:31:44.251] [info] [ManualAdjust] 当前外参 [imu_0→cam_front]:
[20:31:44.251] [info]   旋转 RPY: (-2.3164, 0.3518, 1.0829) deg
[20:31:44.251] [info]   平移 XYZ: (-0.0307, -0.2420, 12.8596) m
[20:31:44.282] [debug] [ManualAdjust] 平移增量 dxyz=(0.0000, 0.0000, 0.0050)m
[20:31:44.282] [info] [ManualAdjust] 当前外参 [imu_0→cam_front]:
[20:31:44.282] [info]   旋转 RPY: (-2.3164, 0.3518, 1.0829) deg
[20:31:44.282] [info]   平移 XYZ: (-0.0307, -0.2420, 12.8646) m
[20:31:44.330] [debug] [ManualAdjust] 平移增量 dxyz=(0.0000, 0.0000, 0.0050)m
[20:31:44.330] [info] [ManualAdjust] 当前外参 [imu_0→cam_front]:
[20:31:44.330] [info]   旋转 RPY: (-2.3164, 0.3518, 1.0829) deg
[20:31:44.330] [info]   平移 XYZ: (-0.0307, -0.2420, 12.8696) m
[20:31:44.446] [debug] [ManualAdjust] 平移增量 dxyz=(0.0000, 0.0000, 0.0050)m
[20:31:44.446] [info] [ManualAdjust] 当前外参 [imu_0→cam_front]:
[20:31:44.446] [info]   旋转 RPY: (-2.3164, 0.3518, 1.0829) deg
[20:31:44.446] [info]   平移 XYZ: (-0.0307, -0.2420, 12.8746) m
[20:31:44.486] [debug] [ManualAdjust] 平移增量 dxyz=(0.0000, 0.0000, 0.0050)m
[20:31:44.486] [info] [ManualAdjust] 当前外参 [imu_0→cam_front]:
[20:31:44.486] [info]   旋转 RPY: (-2.3164, 0.3518, 1.0829) deg
[20:31:44.486] [info]   平移 XYZ: (-0.0307, -0.2420, 12.8796) m
[20:31:44.518] [debug] [ManualAdjust] 平移增量 dxyz=(0.0000, 0.0000, 0.0050)m
[20:31:44.518] [info] [ManualAdjust] 当前外参 [imu_0→cam_front]:
[20:31:44.518] [info]   旋转 RPY: (-2.3164, 0.3518, 1.0829) deg
[20:31:44.518] [info]   平移 XYZ: (-0.0307, -0.2420, 12.8846) m
[20:31:44.560] [debug] [ManualAdjust] 平移增量 dxyz=(0.0000, 0.0000, 0.0050)m
[20:31:44.560] [info] [ManualAdjust] 当前外参 [imu_0→cam_front]:
[20:31:44.560] [info]   旋转 RPY: (-2.3164, 0.3518, 1.0829) deg
[20:31:44.560] [info]   平移 XYZ: (-0.0307, -0.2420, 12.8896) m
[20:31:44.591] [debug] [ManualAdjust] 平移增量 dxyz=(0.0000, 0.0000, 0.0050)m
[20:31:44.591] [info] [ManualAdjust] 当前外参 [imu_0→cam_front]:
[20:31:44.591] [info]   旋转 RPY: (-2.3164, 0.3518, 1.0829) deg
[20:31:44.591] [info]   平移 XYZ: (-0.0307, -0.2420, 12.8946) m
[20:31:44.640] [debug] [ManualAdjust] 平移增量 dxyz=(0.0000, 0.0000, 0.0050)m
[20:31:44.640] [info] [ManualAdjust] 当前外参 [imu_0→cam_front]:
[20:31:44.640] [info]   旋转 RPY: (-2.3164, 0.3518, 1.0829) deg
[20:31:44.640] [info]   平移 XYZ: (-0.0307, -0.2420, 12.8996) m
[20:31:44.677] [debug] [ManualAdjust] 平移增量 dxyz=(0.0000, 0.0000, 0.0050)m
[20:31:44.677] [info] [ManualAdjust] 当前外参 [imu_0→cam_front]:
[20:31:44.677] [info]   旋转 RPY: (-2.3164, 0.3518, 1.0829) deg
[20:31:44.677] [info]   平移 XYZ: (-0.0307, -0.2420, 12.9046) m
[20:31:44.708] [debug] [ManualAdjust] 平移增量 dxyz=(0.0000, 0.0000, 0.0050)m
[20:31:44.708] [info] [ManualAdjust] 当前外参 [imu_0→cam_front]:
[20:31:44.708] [info]   旋转 RPY: (-2.3164, 0.3518, 1.0829) deg
[20:31:44.708] [info]   平移 XYZ: (-0.0307, -0.2420, 12.9096) m
[20:31:44.743] [debug] [ManualAdjust] 平移增量 dxyz=(0.0000, 0.0000, 0.0050)m
[20:31:44.743] [info] [ManualAdjust] 当前外参 [imu_0→cam_front]:
[20:31:44.743] [info]   旋转 RPY: (-2.3164, 0.3518, 1.0829) deg
[20:31:44.743] [info]   平移 XYZ: (-0.0307, -0.2420, 12.9146) m
[20:31:44.773] [debug] [ManualAdjust] 平移增量 dxyz=(0.0000, 0.0000, 0.0050)m
[20:31:44.773] [info] [ManualAdjust] 当前外参 [imu_0→cam_front]:
[20:31:44.773] [info]   旋转 RPY: (-2.3164, 0.3518, 1.0829) deg
[20:31:44.773] [info]   平移 XYZ: (-0.0307, -0.2420, 12.9196) m
[20:31:44.803] [debug] [ManualAdjust] 平移增量 dxyz=(0.0000, 0.0000, 0.0050)m
[20:31:44.803] [info] [ManualAdjust] 当前外参 [imu_0→cam_front]:
[20:31:44.803] [info]   旋转 RPY: (-2.3164, 0.3518, 1.0829) deg
[20:31:44.803] [info]   平移 XYZ: (-0.0307, -0.2420, 12.9246) m
[20:31:44.846] [debug] [ManualAdjust] 平移增量 dxyz=(0.0000, 0.0000, 0.0050)m
[20:31:44.846] [info] [ManualAdjust] 当前外参 [imu_0→cam_front]:
[20:31:44.846] [info]   旋转 RPY: (-2.3164, 0.3518, 1.0829) deg
[20:31:44.846] [info]   平移 XYZ: (-0.0307, -0.2420, 12.9296) m
[20:31:44.879] [debug] [ManualAdjust] 平移增量 dxyz=(0.0000, 0.0000, 0.0050)m
[20:31:44.879] [info] [ManualAdjust] 当前外参 [imu_0→cam_front]:
[20:31:44.879] [info]   旋转 RPY: (-2.3164, 0.3518, 1.0829) deg
[20:31:44.879] [info]   平移 XYZ: (-0.0307, -0.2420, 12.9346) m
[20:31:44.910] [debug] [ManualAdjust] 平移增量 dxyz=(0.0000, 0.0000, 0.0050)m
[20:31:44.910] [info] [ManualAdjust] 当前外参 [imu_0→cam_front]:
[20:31:44.910] [info]   旋转 RPY: (-2.3164, 0.3518, 1.0829) deg
[20:31:44.910] [info]   平移 XYZ: (-0.0307, -0.2420, 12.9396) m
[20:31:44.969] [debug] [ManualAdjust] 平移增量 dxyz=(0.0000, 0.0000, 0.0050)m
[20:31:44.969] [info] [ManualAdjust] 当前外参 [imu_0→cam_front]:
[20:31:44.969] [info]   旋转 RPY: (-2.3164, 0.3518, 1.0829) deg
[20:31:44.969] [info]   平移 XYZ: (-0.0307, -0.2420, 12.9446) m
[20:31:45.000] [debug] [ManualAdjust] 平移增量 dxyz=(0.0000, 0.0000, 0.0050)m
[20:31:45.000] [info] [ManualAdjust] 当前外参 [imu_0→cam_front]:
[20:31:45.000] [info]   旋转 RPY: (-2.3164, 0.3518, 1.0829) deg
[20:31:45.000] [info]   平移 XYZ: (-0.0307, -0.2420, 12.9496) m
[20:31:45.060] [debug] [ManualAdjust] 平移增量 dxyz=(0.0000, 0.0000, 0.0050)m
[20:31:45.060] [info] [ManualAdjust] 当前外参 [imu_0→cam_front]:
[20:31:45.060] [info]   旋转 RPY: (-2.3164, 0.3518, 1.0829) deg
[20:31:45.060] [info]   平移 XYZ: (-0.0307, -0.2420, 12.9546) m
[20:31:45.108] [debug] [ManualAdjust] 平移增量 dxyz=(0.0000, 0.0000, 0.0050)m
[20:31:45.108] [info] [ManualAdjust] 当前外参 [imu_0→cam_front]:
[20:31:45.108] [info]   旋转 RPY: (-2.3164, 0.3518, 1.0829) deg
[20:31:45.108] [info]   平移 XYZ: (-0.0307, -0.2420, 12.9596) m
[20:31:45.133] [debug] [ManualAdjust] 平移增量 dxyz=(0.0000, 0.0000, 0.0050)m
[20:31:45.133] [info] [ManualAdjust] 当前外参 [imu_0→cam_front]:
[20:31:45.133] [info]   旋转 RPY: (-2.3164, 0.3518, 1.0829) deg
[20:31:45.133] [info]   平移 XYZ: (-0.0307, -0.2420, 12.9646) m
[20:31:45.178] [debug] [ManualAdjust] 平移增量 dxyz=(0.0000, 0.0000, 0.0050)m
[20:31:45.178] [info] [ManualAdjust] 当前外参 [imu_0→cam_front]:
[20:31:45.178] [info]   旋转 RPY: (-2.3164, 0.3518, 1.0829) deg
[20:31:45.178] [info]   平移 XYZ: (-0.0307, -0.2420, 12.9696) m
[20:31:45.210] [debug] [ManualAdjust] 平移增量 dxyz=(0.0000, 0.0000, 0.0050)m
[20:31:45.210] [info] [ManualAdjust] 当前外参 [imu_0→cam_front]:
[20:31:45.210] [info]   旋转 RPY: (-2.3164, 0.3518, 1.0829) deg
[20:31:45.210] [info]   平移 XYZ: (-0.0307, -0.2420, 12.9746) m
[20:31:45.241] [debug] [ManualAdjust] 平移增量 dxyz=(0.0000, 0.0000, 0.0050)m
[20:31:45.241] [info] [ManualAdjust] 当前外参 [imu_0→cam_front]:
[20:31:45.241] [info]   旋转 RPY: (-2.3164, 0.3518, 1.0829) deg
[20:31:45.241] [info]   平移 XYZ: (-0.0307, -0.2420, 12.9796) m
[20:31:45.290] [debug] [ManualAdjust] 平移增量 dxyz=(0.0000, 0.0000, 0.0050)m
[20:31:45.290] [info] [ManualAdjust] 当前外参 [imu_0→cam_front]:
[20:31:45.290] [info]   旋转 RPY: (-2.3164, 0.3518, 1.0829) deg
[20:31:45.290] [info]   平移 XYZ: (-0.0307, -0.2420, 12.9846) m
[20:31:45.326] [debug] [ManualAdjust] 平移增量 dxyz=(0.0000, 0.0000, 0.0050)m
[20:31:45.326] [info] [ManualAdjust] 当前外参 [imu_0→cam_front]:
[20:31:45.326] [info]   旋转 RPY: (-2.3164, 0.3518, 1.0829) deg
[20:31:45.326] [info]   平移 XYZ: (-0.0307, -0.2420, 12.9896) m
[20:31:45.356] [debug] [ManualAdjust] 平移增量 dxyz=(0.0000, 0.0000, 0.0050)m
[20:31:45.356] [info] [ManualAdjust] 当前外参 [imu_0→cam_front]:
[20:31:45.356] [info]   旋转 RPY: (-2.3164, 0.3518, 1.0829) deg
[20:31:45.356] [info]   平移 XYZ: (-0.0307, -0.2420, 12.9946) m
[20:31:45.414] [debug] [ManualAdjust] 平移增量 dxyz=(0.0000, 0.0000, 0.0050)m
[20:31:45.414] [info] [ManualAdjust] 当前外参 [imu_0→cam_front]:
[20:31:45.414] [info]   旋转 RPY: (-2.3164, 0.3518, 1.0829) deg
[20:31:45.414] [info]   平移 XYZ: (-0.0307, -0.2420, 12.9996) m
[20:31:45.444] [debug] [ManualAdjust] 平移增量 dxyz=(0.0000, 0.0000, 0.0050)m
[20:31:45.444] [info] [ManualAdjust] 当前外参 [imu_0→cam_front]:
[20:31:45.444] [info]   旋转 RPY: (-2.3164, 0.3518, 1.0829) deg
[20:31:45.444] [info]   平移 XYZ: (-0.0307, -0.2420, 13.0046) m
[20:31:45.504] [debug] [ManualAdjust] 平移增量 dxyz=(0.0000, 0.0000, 0.0050)m
[20:31:45.504] [info] [ManualAdjust] 当前外参 [imu_0→cam_front]:
[20:31:45.504] [info]   旋转 RPY: (-2.3164, 0.3518, 1.0829) deg
[20:31:45.504] [info]   平移 XYZ: (-0.0307, -0.2420, 13.0096) m
[20:31:45.534] [debug] [ManualAdjust] 平移增量 dxyz=(0.0000, 0.0000, 0.0050)m
[20:31:45.534] [info] [ManualAdjust] 当前外参 [imu_0→cam_front]:
[20:31:45.534] [info]   旋转 RPY: (-2.3164, 0.3518, 1.0829) deg
[20:31:45.534] [info]   平移 XYZ: (-0.0307, -0.2420, 13.0146) m
[20:31:45.569] [debug] [ManualAdjust] 平移增量 dxyz=(0.0000, 0.0000, 0.0050)m
[20:31:45.569] [info] [ManualAdjust] 当前外参 [imu_0→cam_front]:
[20:31:45.569] [info]   旋转 RPY: (-2.3164, 0.3518, 1.0829) deg
[20:31:45.569] [info]   平移 XYZ: (-0.0307, -0.2420, 13.0196) m
[20:31:45.601] [debug] [ManualAdjust] 平移增量 dxyz=(0.0000, 0.0000, 0.0050)m
[20:31:45.601] [info] [ManualAdjust] 当前外参 [imu_0→cam_front]:
[20:31:45.601] [info]   旋转 RPY: (-2.3164, 0.3518, 1.0829) deg
[20:31:45.601] [info]   平移 XYZ: (-0.0307, -0.2420, 13.0246) m
[20:31:45.645] [debug] [ManualAdjust] 平移增量 dxyz=(0.0000, 0.0000, 0.0050)m
[20:31:45.645] [info] [ManualAdjust] 当前外参 [imu_0→cam_front]:
[20:31:45.645] [info]   旋转 RPY: (-2.3164, 0.3518, 1.0829) deg
[20:31:45.645] [info]   平移 XYZ: (-0.0307, -0.2420, 13.0296) m
[20:31:45.675] [debug] [ManualAdjust] 平移增量 dxyz=(0.0000, 0.0000, 0.0050)m
[20:31:45.675] [info] [ManualAdjust] 当前外参 [imu_0→cam_front]:
[20:31:45.675] [info]   旋转 RPY: (-2.3164, 0.3518, 1.0829) deg
[20:31:45.675] [info]   平移 XYZ: (-0.0307, -0.2420, 13.0346) m
[20:31:45.704] [debug] [ManualAdjust] 平移增量 dxyz=(0.0000, 0.0000, 0.0050)m
[20:31:45.704] [info] [ManualAdjust] 当前外参 [imu_0→cam_front]:
[20:31:45.705] [info]   旋转 RPY: (-2.3164, 0.3518, 1.0829) deg
[20:31:45.705] [info]   平移 XYZ: (-0.0307, -0.2420, 13.0396) m
[20:31:45.772] [debug] [ManualAdjust] 平移增量 dxyz=(0.0000, 0.0000, 0.0050)m
[20:31:45.772] [info] [ManualAdjust] 当前外参 [imu_0→cam_front]:
[20:31:45.772] [info]   旋转 RPY: (-2.3164, 0.3518, 1.0829) deg
[20:31:45.772] [info]   平移 XYZ: (-0.0307, -0.2420, 13.0446) m
[20:31:45.803] [debug] [ManualAdjust] 平移增量 dxyz=(0.0000, 0.0000, 0.0050)m
[20:31:45.803] [info] [ManualAdjust] 当前外参 [imu_0→cam_front]:
[20:31:45.803] [info]   旋转 RPY: (-2.3164, 0.3518, 1.0829) deg
[20:31:45.803] [info]   平移 XYZ: (-0.0307, -0.2420, 13.0496) m
[20:31:45.841] [debug] [ManualAdjust] 平移增量 dxyz=(0.0000, 0.0000, 0.0050)m
[20:31:45.841] [info] [ManualAdjust] 当前外参 [imu_0→cam_front]:
[20:31:45.841] [info]   旋转 RPY: (-2.3164, 0.3518, 1.0829) deg
[20:31:45.841] [info]   平移 XYZ: (-0.0307, -0.2420, 13.0546) m
[20:31:45.868] [debug] [ManualAdjust] 平移增量 dxyz=(0.0000, 0.0000, 0.0050)m
[20:31:45.868] [info] [ManualAdjust] 当前外参 [imu_0→cam_front]:
[20:31:45.868] [info]   旋转 RPY: (-2.3164, 0.3518, 1.0829) deg
[20:31:45.868] [info]   平移 XYZ: (-0.0307, -0.2420, 13.0596) m
[20:31:45.900] [debug] [ManualAdjust] 平移增量 dxyz=(0.0000, 0.0000, 0.0050)m
[20:31:45.900] [info] [ManualAdjust] 当前外参 [imu_0→cam_front]:
[20:31:45.900] [info]   旋转 RPY: (-2.3164, 0.3518, 1.0829) deg
[20:31:45.900] [info]   平移 XYZ: (-0.0307, -0.2420, 13.0646) m
[20:31:45.930] [debug] [ManualAdjust] 平移增量 dxyz=(0.0000, 0.0000, 0.0050)m
[20:31:45.930] [info] [ManualAdjust] 当前外参 [imu_0→cam_front]:
[20:31:45.930] [info]   旋转 RPY: (-2.3164, 0.3518, 1.0829) deg
[20:31:45.930] [info]   平移 XYZ: (-0.0307, -0.2420, 13.0696) m
[20:31:45.961] [debug] [ManualAdjust] 平移增量 dxyz=(0.0000, 0.0000, 0.0050)m
[20:31:45.961] [info] [ManualAdjust] 当前外参 [imu_0→cam_front]:
[20:31:45.961] [info]   旋转 RPY: (-2.3164, 0.3518, 1.0829) deg
[20:31:45.961] [info]   平移 XYZ: (-0.0307, -0.2420, 13.0746) m
[20:31:45.991] [debug] [ManualAdjust] 平移增量 dxyz=(0.0000, 0.0000, 0.0050)m
[20:31:45.991] [info] [ManualAdjust] 当前外参 [imu_0→cam_front]:
[20:31:45.991] [info]   旋转 RPY: (-2.3164, 0.3518, 1.0829) deg
[20:31:45.991] [info]   平移 XYZ: (-0.0307, -0.2420, 13.0796) m
[20:31:46.050] [debug] [ManualAdjust] 平移增量 dxyz=(0.0000, 0.0000, 0.0050)m
[20:31:46.051] [info] [ManualAdjust] 当前外参 [imu_0→cam_front]:
[20:31:46.051] [info]   旋转 RPY: (-2.3164, 0.3518, 1.0829) deg
[20:31:46.051] [info]   平移 XYZ: (-0.0307, -0.2420, 13.0846) m
[20:31:46.092] [debug] [ManualAdjust] 平移增量 dxyz=(0.0000, 0.0000, 0.0050)m
[20:31:46.092] [info] [ManualAdjust] 当前外参 [imu_0→cam_front]:
[20:31:46.092] [info]   旋转 RPY: (-2.3164, 0.3518, 1.0829) deg
[20:31:46.092] [info]   平移 XYZ: (-0.0307, -0.2420, 13.0896) m
[20:31:46.125] [debug] [ManualAdjust] 平移增量 dxyz=(0.0000, 0.0000, 0.0050)m
[20:31:46.125] [info] [ManualAdjust] 当前外参 [imu_0→cam_front]:
[20:31:46.125] [info]   旋转 RPY: (-2.3164, 0.3518, 1.0829) deg
[20:31:46.125] [info]   平移 XYZ: (-0.0307, -0.2420, 13.0946) m
[20:31:46.155] [debug] [ManualAdjust] 平移增量 dxyz=(0.0000, 0.0000, 0.0050)m
[20:31:46.155] [info] [ManualAdjust] 当前外参 [imu_0→cam_front]:
[20:31:46.155] [info]   旋转 RPY: (-2.3164, 0.3518, 1.0829) deg
[20:31:46.155] [info]   平移 XYZ: (-0.0307, -0.2420, 13.0996) m
[20:31:46.213] [debug] [ManualAdjust] 平移增量 dxyz=(0.0000, 0.0000, 0.0050)m
[20:31:46.213] [info] [ManualAdjust] 当前外参 [imu_0→cam_front]:
[20:31:46.213] [info]   旋转 RPY: (-2.3164, 0.3518, 1.0829) deg
[20:31:46.213] [info]   平移 XYZ: (-0.0307, -0.2420, 13.1046) m
[20:31:46.244] [debug] [ManualAdjust] 平移增量 dxyz=(0.0000, 0.0000, 0.0050)m
[20:31:46.244] [info] [ManualAdjust] 当前外参 [imu_0→cam_front]:
[20:31:46.244] [info]   旋转 RPY: (-2.3164, 0.3518, 1.0829) deg
[20:31:46.244] [info]   平移 XYZ: (-0.0307, -0.2420, 13.1096) m
[20:31:46.299] [debug] [ManualAdjust] 平移增量 dxyz=(0.0000, 0.0000, 0.0050)m
[20:31:46.299] [info] [ManualAdjust] 当前外参 [imu_0→cam_front]:
[20:31:46.299] [info]   旋转 RPY: (-2.3164, 0.3518, 1.0829) deg
[20:31:46.299] [info]   平移 XYZ: (-0.0307, -0.2420, 13.1146) m
[20:31:46.341] [debug] [ManualAdjust] 平移增量 dxyz=(0.0000, 0.0000, 0.0050)m
[20:31:46.341] [info] [ManualAdjust] 当前外参 [imu_0→cam_front]:
[20:31:46.341] [info]   旋转 RPY: (-2.3164, 0.3518, 1.0829) deg
[20:31:46.341] [info]   平移 XYZ: (-0.0307, -0.2420, 13.1196) m
[20:31:46.379] [debug] [ManualAdjust] 平移增量 dxyz=(0.0000, 0.0000, 0.0050)m
[20:31:46.379] [info] [ManualAdjust] 当前外参 [imu_0→cam_front]:
[20:31:46.379] [info]   旋转 RPY: (-2.3164, 0.3518, 1.0829) deg
[20:31:46.379] [info]   平移 XYZ: (-0.0307, -0.2420, 13.1246) m
[20:31:46.409] [debug] [ManualAdjust] 平移增量 dxyz=(0.0000, 0.0000, 0.0050)m
[20:31:46.409] [info] [ManualAdjust] 当前外参 [imu_0→cam_front]:
[20:31:46.409] [info]   旋转 RPY: (-2.3164, 0.3518, 1.0829) deg
[20:31:46.409] [info]   平移 XYZ: (-0.0307, -0.2420, 13.1296) m
[20:31:46.474] [debug] [ManualAdjust] 平移增量 dxyz=(0.0000, 0.0000, 0.0050)m
[20:31:46.474] [info] [ManualAdjust] 当前外参 [imu_0→cam_front]:
[20:31:46.474] [info]   旋转 RPY: (-2.3164, 0.3518, 1.0829) deg
[20:31:46.474] [info]   平移 XYZ: (-0.0307, -0.2420, 13.1346) m
[20:31:46.504] [debug] [ManualAdjust] 平移增量 dxyz=(0.0000, 0.0000, 0.0050)m
[20:31:46.504] [info] [ManualAdjust] 当前外参 [imu_0→cam_front]:
[20:31:46.504] [info]   旋转 RPY: (-2.3164, 0.3518, 1.0829) deg
[20:31:46.504] [info]   平移 XYZ: (-0.0307, -0.2420, 13.1396) m
[20:31:46.559] [debug] [ManualAdjust] 平移增量 dxyz=(0.0000, 0.0000, 0.0050)m
[20:31:46.559] [info] [ManualAdjust] 当前外参 [imu_0→cam_front]:
[20:31:46.559] [info]   旋转 RPY: (-2.3164, 0.3518, 1.0829) deg
[20:31:46.559] [info]   平移 XYZ: (-0.0307, -0.2420, 13.1446) m
[20:31:46.604] [debug] [ManualAdjust] 平移增量 dxyz=(0.0000, 0.0000, 0.0050)m
[20:31:46.604] [info] [ManualAdjust] 当前外参 [imu_0→cam_front]:
[20:31:46.604] [info]   旋转 RPY: (-2.3164, 0.3518, 1.0829) deg
[20:31:46.604] [info]   平移 XYZ: (-0.0307, -0.2420, 13.1496) m
[20:31:46.633] [debug] [ManualAdjust] 平移增量 dxyz=(0.0000, 0.0000, 0.0050)m
[20:31:46.633] [info] [ManualAdjust] 当前外参 [imu_0→cam_front]:
[20:31:46.633] [info]   旋转 RPY: (-2.3164, 0.3518, 1.0829) deg
[20:31:46.633] [info]   平移 XYZ: (-0.0307, -0.2420, 13.1546) m
[20:31:46.663] [debug] [ManualAdjust] 平移增量 dxyz=(0.0000, 0.0000, 0.0050)m
[20:31:46.663] [info] [ManualAdjust] 当前外参 [imu_0→cam_front]:
[20:31:46.663] [info]   旋转 RPY: (-2.3164, 0.3518, 1.0829) deg
[20:31:46.663] [info]   平移 XYZ: (-0.0307, -0.2420, 13.1596) m
[20:31:46.732] [debug] [ManualAdjust] 平移增量 dxyz=(0.0000, 0.0000, 0.0050)m
[20:31:46.732] [info] [ManualAdjust] 当前外参 [imu_0→cam_front]:
[20:31:46.732] [info]   旋转 RPY: (-2.3164, 0.3518, 1.0829) deg
[20:31:46.732] [info]   平移 XYZ: (-0.0307, -0.2420, 13.1646) m
[20:31:46.777] [debug] [ManualAdjust] 平移增量 dxyz=(0.0000, 0.0000, 0.0050)m
[20:31:46.777] [info] [ManualAdjust] 当前外参 [imu_0→cam_front]:
[20:31:46.777] [info]   旋转 RPY: (-2.3164, 0.3518, 1.0829) deg
[20:31:46.777] [info]   平移 XYZ: (-0.0307, -0.2420, 13.1696) m
[20:31:46.813] [debug] [ManualAdjust] 平移增量 dxyz=(0.0000, 0.0000, 0.0050)m
[20:31:46.813] [info] [ManualAdjust] 当前外参 [imu_0→cam_front]:
[20:31:46.813] [info]   旋转 RPY: (-2.3164, 0.3518, 1.0829) deg
[20:31:46.813] [info]   平移 XYZ: (-0.0307, -0.2420, 13.1746) m
[20:31:46.843] [debug] [ManualAdjust] 平移增量 dxyz=(0.0000, 0.0000, 0.0050)m
[20:31:46.843] [info] [ManualAdjust] 当前外参 [imu_0→cam_front]:
[20:31:46.843] [info]   旋转 RPY: (-2.3164, 0.3518, 1.0829) deg
[20:31:46.843] [info]   平移 XYZ: (-0.0307, -0.2420, 13.1796) m
[20:31:46.897] [debug] [ManualAdjust] 平移增量 dxyz=(0.0000, 0.0000, 0.0050)m
[20:31:46.897] [info] [ManualAdjust] 当前外参 [imu_0→cam_front]:
[20:31:46.897] [info]   旋转 RPY: (-2.3164, 0.3518, 1.0829) deg
[20:31:46.897] [info]   平移 XYZ: (-0.0307, -0.2420, 13.1846) m
[20:31:46.938] [debug] [ManualAdjust] 平移增量 dxyz=(0.0000, 0.0000, 0.0050)m
[20:31:46.938] [info] [ManualAdjust] 当前外参 [imu_0→cam_front]:
[20:31:46.938] [info]   旋转 RPY: (-2.3164, 0.3518, 1.0829) deg
[20:31:46.938] [info]   平移 XYZ: (-0.0307, -0.2420, 13.1896) m
[20:31:46.967] [debug] [ManualAdjust] 平移增量 dxyz=(0.0000, 0.0000, 0.0050)m
[20:31:46.967] [info] [ManualAdjust] 当前外参 [imu_0→cam_front]:
[20:31:46.967] [info]   旋转 RPY: (-2.3164, 0.3518, 1.0829) deg
[20:31:46.967] [info]   平移 XYZ: (-0.0307, -0.2420, 13.1946) m
[20:31:46.998] [debug] [ManualAdjust] 平移增量 dxyz=(0.0000, 0.0000, 0.0050)m
[20:31:46.999] [info] [ManualAdjust] 当前外参 [imu_0→cam_front]:
[20:31:46.999] [info]   旋转 RPY: (-2.3164, 0.3518, 1.0829) deg
[20:31:46.999] [info]   平移 XYZ: (-0.0307, -0.2420, 13.1996) m
[20:31:47.029] [debug] [ManualAdjust] 平移增量 dxyz=(0.0000, 0.0000, 0.0050)m
[20:31:47.029] [info] [ManualAdjust] 当前外参 [imu_0→cam_front]:
[20:31:47.029] [info]   旋转 RPY: (-2.3164, 0.3518, 1.0829) deg
[20:31:47.029] [info]   平移 XYZ: (-0.0307, -0.2420, 13.2046) m
[20:31:47.067] [debug] [ManualAdjust] 平移增量 dxyz=(0.0000, 0.0000, 0.0050)m
[20:31:47.067] [info] [ManualAdjust] 当前外参 [imu_0→cam_front]:
[20:31:47.067] [info]   旋转 RPY: (-2.3164, 0.3518, 1.0829) deg
[20:31:47.067] [info]   平移 XYZ: (-0.0307, -0.2420, 13.2096) m
[20:31:47.117] [debug] [ManualAdjust] 平移增量 dxyz=(0.0000, 0.0000, 0.0050)m
[20:31:47.117] [info] [ManualAdjust] 当前外参 [imu_0→cam_front]:
[20:31:47.117] [info]   旋转 RPY: (-2.3164, 0.3518, 1.0829) deg
[20:31:47.117] [info]   平移 XYZ: (-0.0307, -0.2420, 13.2146) m
[20:31:47.162] [debug] [ManualAdjust] 平移增量 dxyz=(0.0000, 0.0000, 0.0050)m
[20:31:47.162] [info] [ManualAdjust] 当前外参 [imu_0→cam_front]:
[20:31:47.162] [info]   旋转 RPY: (-2.3164, 0.3518, 1.0829) deg
[20:31:47.162] [info]   平移 XYZ: (-0.0307, -0.2420, 13.2196) m
[20:31:47.192] [debug] [ManualAdjust] 平移增量 dxyz=(0.0000, 0.0000, 0.0050)m
[20:31:47.192] [info] [ManualAdjust] 当前外参 [imu_0→cam_front]:
[20:31:47.192] [info]   旋转 RPY: (-2.3164, 0.3518, 1.0829) deg
[20:31:47.192] [info]   平移 XYZ: (-0.0307, -0.2420, 13.2246) m
[20:31:47.248] [debug] [ManualAdjust] 平移增量 dxyz=(0.0000, 0.0000, 0.0050)m
[20:31:47.248] [info] [ManualAdjust] 当前外参 [imu_0→cam_front]:
[20:31:47.248] [info]   旋转 RPY: (-2.3164, 0.3518, 1.0829) deg
[20:31:47.248] [info]   平移 XYZ: (-0.0307, -0.2420, 13.2296) m
[20:31:47.290] [debug] [ManualAdjust] 平移增量 dxyz=(0.0000, 0.0000, 0.0050)m
[20:31:47.290] [info] [ManualAdjust] 当前外参 [imu_0→cam_front]:
[20:31:47.290] [info]   旋转 RPY: (-2.3164, 0.3518, 1.0829) deg
[20:31:47.290] [info]   平移 XYZ: (-0.0307, -0.2420, 13.2346) m
[20:31:47.325] [debug] [ManualAdjust] 平移增量 dxyz=(0.0000, 0.0000, 0.0050)m
[20:31:47.325] [info] [ManualAdjust] 当前外参 [imu_0→cam_front]:
[20:31:47.325] [info]   旋转 RPY: (-2.3164, 0.3518, 1.0829) deg
[20:31:47.325] [info]   平移 XYZ: (-0.0307, -0.2420, 13.2396) m
[20:31:47.366] [debug] [ManualAdjust] 平移增量 dxyz=(0.0000, 0.0000, 0.0050)m
[20:31:47.366] [info] [ManualAdjust] 当前外参 [imu_0→cam_front]:
[20:31:47.366] [info]   旋转 RPY: (-2.3164, 0.3518, 1.0829) deg
[20:31:47.366] [info]   平移 XYZ: (-0.0307, -0.2420, 13.2446) m
[20:31:47.403] [debug] [ManualAdjust] 平移增量 dxyz=(0.0000, 0.0000, 0.0050)m
[20:31:47.403] [info] [ManualAdjust] 当前外参 [imu_0→cam_front]:
[20:31:47.403] [info]   旋转 RPY: (-2.3164, 0.3518, 1.0829) deg
[20:31:47.403] [info]   平移 XYZ: (-0.0307, -0.2420, 13.2496) m
[20:31:47.434] [debug] [ManualAdjust] 平移增量 dxyz=(0.0000, 0.0000, 0.0050)m
[20:31:47.436] [info] [ManualAdjust] 当前外参 [imu_0→cam_front]:
[20:31:47.436] [info]   旋转 RPY: (-2.3164, 0.3518, 1.0829) deg
[20:31:47.436] [info]   平移 XYZ: (-0.0307, -0.2420, 13.2546) m
[20:31:47.466] [debug] [ManualAdjust] 平移增量 dxyz=(0.0000, 0.0000, 0.0050)m
[20:31:47.466] [info] [ManualAdjust] 当前外参 [imu_0→cam_front]:
[20:31:47.466] [info]   旋转 RPY: (-2.3164, 0.3518, 1.0829) deg
[20:31:47.466] [info]   平移 XYZ: (-0.0307, -0.2420, 13.2596) m
[20:31:47.496] [debug] [ManualAdjust] 平移增量 dxyz=(0.0000, 0.0000, 0.0050)m
[20:31:47.496] [info] [ManualAdjust] 当前外参 [imu_0→cam_front]:
[20:31:47.496] [info]   旋转 RPY: (-2.3164, 0.3518, 1.0829) deg
[20:31:47.496] [info]   平移 XYZ: (-0.0307, -0.2420, 13.2646) m
[20:31:47.526] [debug] [ManualAdjust] 平移增量 dxyz=(0.0000, 0.0000, 0.0050)m
[20:31:47.526] [info] [ManualAdjust] 当前外参 [imu_0→cam_front]:
[20:31:47.526] [info]   旋转 RPY: (-2.3164, 0.3518, 1.0829) deg
[20:31:47.526] [info]   平移 XYZ: (-0.0307, -0.2420, 13.2696) m
[20:31:47.562] [debug] [ManualAdjust] 平移增量 dxyz=(0.0000, 0.0000, 0.0050)m
[20:31:47.562] [info] [ManualAdjust] 当前外参 [imu_0→cam_front]:
[20:31:47.562] [info]   旋转 RPY: (-2.3164, 0.3518, 1.0829) deg
[20:31:47.562] [info]   平移 XYZ: (-0.0307, -0.2420, 13.2746) m
[20:31:47.594] [debug] [ManualAdjust] 平移增量 dxyz=(0.0000, 0.0000, 0.0050)m
[20:31:47.594] [info] [ManualAdjust] 当前外参 [imu_0→cam_front]:
[20:31:47.594] [info]   旋转 RPY: (-2.3164, 0.3518, 1.0829) deg
[20:31:47.594] [info]   平移 XYZ: (-0.0307, -0.2420, 13.2796) m
[20:31:47.624] [debug] [ManualAdjust] 平移增量 dxyz=(0.0000, 0.0000, 0.0050)m
[20:31:47.624] [info] [ManualAdjust] 当前外参 [imu_0→cam_front]:
[20:31:47.624] [info]   旋转 RPY: (-2.3164, 0.3518, 1.0829) deg
[20:31:47.624] [info]   平移 XYZ: (-0.0307, -0.2420, 13.2846) m
[20:31:47.681] [debug] [ManualAdjust] 平移增量 dxyz=(0.0000, 0.0000, 0.0050)m
[20:31:47.681] [info] [ManualAdjust] 当前外参 [imu_0→cam_front]:
[20:31:47.681] [info]   旋转 RPY: (-2.3164, 0.3518, 1.0829) deg
[20:31:47.681] [info]   平移 XYZ: (-0.0307, -0.2420, 13.2896) m
[20:31:47.732] [debug] [ManualAdjust] 平移增量 dxyz=(0.0000, 0.0000, 0.0050)m
[20:31:47.732] [info] [ManualAdjust] 当前外参 [imu_0→cam_front]:
[20:31:47.732] [info]   旋转 RPY: (-2.3164, 0.3518, 1.0829) deg
[20:31:47.732] [info]   平移 XYZ: (-0.0307, -0.2420, 13.2946) m
[20:31:47.774] [debug] [ManualAdjust] 平移增量 dxyz=(0.0000, 0.0000, 0.0050)m
[20:31:47.774] [info] [ManualAdjust] 当前外参 [imu_0→cam_front]:
[20:31:47.774] [info]   旋转 RPY: (-2.3164, 0.3518, 1.0829) deg
[20:31:47.774] [info]   平移 XYZ: (-0.0307, -0.2420, 13.2996) m
[20:31:47.803] [debug] [ManualAdjust] 平移增量 dxyz=(0.0000, 0.0000, 0.0050)m
[20:31:47.803] [info] [ManualAdjust] 当前外参 [imu_0→cam_front]:
[20:31:47.803] [info]   旋转 RPY: (-2.3164, 0.3518, 1.0829) deg
[20:31:47.803] [info]   平移 XYZ: (-0.0307, -0.2420, 13.3046) m
[20:31:47.857] [debug] [ManualAdjust] 平移增量 dxyz=(0.0000, 0.0000, 0.0050)m
[20:31:47.857] [info] [ManualAdjust] 当前外参 [imu_0→cam_front]:
[20:31:47.857] [info]   旋转 RPY: (-2.3164, 0.3518, 1.0829) deg
[20:31:47.857] [info]   平移 XYZ: (-0.0307, -0.2420, 13.3096) m
[20:31:47.887] [debug] [ManualAdjust] 平移增量 dxyz=(0.0000, 0.0000, 0.0050)m
[20:31:47.887] [info] [ManualAdjust] 当前外参 [imu_0→cam_front]:
[20:31:47.887] [info]   旋转 RPY: (-2.3164, 0.3518, 1.0829) deg
[20:31:47.887] [info]   平移 XYZ: (-0.0307, -0.2420, 13.3146) m
[20:31:47.921] [debug] [ManualAdjust] 平移增量 dxyz=(0.0000, 0.0000, 0.0050)m
[20:31:47.921] [info] [ManualAdjust] 当前外参 [imu_0→cam_front]:
[20:31:47.921] [info]   旋转 RPY: (-2.3164, 0.3518, 1.0829) deg
[20:31:47.921] [info]   平移 XYZ: (-0.0307, -0.2420, 13.3196) m
[20:31:47.958] [debug] [ManualAdjust] 平移增量 dxyz=(0.0000, 0.0000, 0.0050)m
[20:31:47.958] [info] [ManualAdjust] 当前外参 [imu_0→cam_front]:
[20:31:47.958] [info]   旋转 RPY: (-2.3164, 0.3518, 1.0829) deg
[20:31:47.958] [info]   平移 XYZ: (-0.0307, -0.2420, 13.3246) m
[20:31:47.988] [debug] [ManualAdjust] 平移增量 dxyz=(0.0000, 0.0000, 0.0050)m
[20:31:47.988] [info] [ManualAdjust] 当前外参 [imu_0→cam_front]:
[20:31:47.988] [info]   旋转 RPY: (-2.3164, 0.3518, 1.0829) deg
[20:31:47.988] [info]   平移 XYZ: (-0.0307, -0.2420, 13.3296) m
[20:31:48.035] [debug] [ManualAdjust] 平移增量 dxyz=(0.0000, 0.0000, 0.0050)m
[20:31:48.035] [info] [ManualAdjust] 当前外参 [imu_0→cam_front]:
[20:31:48.035] [info]   旋转 RPY: (-2.3164, 0.3518, 1.0829) deg
[20:31:48.035] [info]   平移 XYZ: (-0.0307, -0.2420, 13.3346) m
[20:31:48.068] [debug] [ManualAdjust] 平移增量 dxyz=(0.0000, 0.0000, 0.0050)m
[20:31:48.068] [info] [ManualAdjust] 当前外参 [imu_0→cam_front]:
[20:31:48.068] [info]   旋转 RPY: (-2.3164, 0.3518, 1.0829) deg
[20:31:48.068] [info]   平移 XYZ: (-0.0307, -0.2420, 13.3396) m
[20:31:48.121] [debug] [ManualAdjust] 平移增量 dxyz=(0.0000, 0.0000, 0.0050)m
[20:31:48.121] [info] [ManualAdjust] 当前外参 [imu_0→cam_front]:
[20:31:48.121] [info]   旋转 RPY: (-2.3164, 0.3518, 1.0829) deg
[20:31:48.121] [info]   平移 XYZ: (-0.0307, -0.2420, 13.3446) m
[20:31:48.151] [debug] [ManualAdjust] 平移增量 dxyz=(0.0000, 0.0000, 0.0050)m
[20:31:48.151] [info] [ManualAdjust] 当前外参 [imu_0→cam_front]:
[20:31:48.151] [info]   旋转 RPY: (-2.3164, 0.3518, 1.0829) deg
[20:31:48.151] [info]   平移 XYZ: (-0.0307, -0.2420, 13.3496) m
[20:31:48.210] [debug] [ManualAdjust] 平移增量 dxyz=(0.0000, 0.0000, 0.0050)m
[20:31:48.210] [info] [ManualAdjust] 当前外参 [imu_0→cam_front]:
[20:31:48.210] [info]   旋转 RPY: (-2.3164, 0.3518, 1.0829) deg
[20:31:48.210] [info]   平移 XYZ: (-0.0307, -0.2420, 13.3546) m
[20:31:48.240] [debug] [ManualAdjust] 平移增量 dxyz=(0.0000, 0.0000, 0.0050)m
[20:31:48.240] [info] [ManualAdjust] 当前外参 [imu_0→cam_front]:
[20:31:48.240] [info]   旋转 RPY: (-2.3164, 0.3518, 1.0829) deg
[20:31:48.240] [info]   平移 XYZ: (-0.0307, -0.2420, 13.3596) m
[20:31:48.296] [debug] [ManualAdjust] 平移增量 dxyz=(0.0000, 0.0000, 0.0050)m
[20:31:48.296] [info] [ManualAdjust] 当前外参 [imu_0→cam_front]:
[20:31:48.296] [info]   旋转 RPY: (-2.3164, 0.3518, 1.0829) deg
[20:31:48.296] [info]   平移 XYZ: (-0.0307, -0.2420, 13.3646) m
[20:31:48.332] [debug] [ManualAdjust] 平移增量 dxyz=(0.0000, 0.0000, 0.0050)m
[20:31:48.332] [info] [ManualAdjust] 当前外参 [imu_0→cam_front]:
[20:31:48.332] [info]   旋转 RPY: (-2.3164, 0.3518, 1.0829) deg
[20:31:48.332] [info]   平移 XYZ: (-0.0307, -0.2420, 13.3696) m
[20:31:48.360] [debug] [ManualAdjust] 平移增量 dxyz=(0.0000, 0.0000, 0.0050)m
[20:31:48.360] [info] [ManualAdjust] 当前外参 [imu_0→cam_front]:
[20:31:48.360] [info]   旋转 RPY: (-2.3164, 0.3518, 1.0829) deg
[20:31:48.360] [info]   平移 XYZ: (-0.0307, -0.2420, 13.3746) m
[20:31:48.390] [debug] [ManualAdjust] 平移增量 dxyz=(0.0000, 0.0000, 0.0050)m
[20:31:48.390] [info] [ManualAdjust] 当前外参 [imu_0→cam_front]:
[20:31:48.390] [info]   旋转 RPY: (-2.3164, 0.3518, 1.0829) deg
[20:31:48.390] [info]   平移 XYZ: (-0.0307, -0.2420, 13.3796) m
[20:31:48.454] [debug] [ManualAdjust] 平移增量 dxyz=(0.0000, 0.0000, 0.0050)m
[20:31:48.454] [info] [ManualAdjust] 当前外参 [imu_0→cam_front]:
[20:31:48.454] [info]   旋转 RPY: (-2.3164, 0.3518, 1.0829) deg
[20:31:48.454] [info]   平移 XYZ: (-0.0307, -0.2420, 13.3846) m
[20:31:48.484] [debug] [ManualAdjust] 平移增量 dxyz=(0.0000, 0.0000, 0.0050)m
[20:31:48.484] [info] [ManualAdjust] 当前外参 [imu_0→cam_front]:
[20:31:48.484] [info]   旋转 RPY: (-2.3164, 0.3518, 1.0829) deg
[20:31:48.484] [info]   平移 XYZ: (-0.0307, -0.2420, 13.3896) m
[20:31:48.543] [debug] [ManualAdjust] 平移增量 dxyz=(0.0000, 0.0000, 0.0050)m
[20:31:48.543] [info] [ManualAdjust] 当前外参 [imu_0→cam_front]:
[20:31:48.543] [info]   旋转 RPY: (-2.3164, 0.3518, 1.0829) deg
[20:31:48.543] [info]   平移 XYZ: (-0.0307, -0.2420, 13.3946) m
[20:31:48.593] [debug] [ManualAdjust] 平移增量 dxyz=(0.0000, 0.0000, 0.0050)m
[20:31:48.593] [info] [ManualAdjust] 当前外参 [imu_0→cam_front]:
[20:31:48.593] [info]   旋转 RPY: (-2.3164, 0.3518, 1.0829) deg
[20:31:48.593] [info]   平移 XYZ: (-0.0307, -0.2420, 13.3996) m
[20:31:48.628] [debug] [ManualAdjust] 平移增量 dxyz=(0.0000, 0.0000, 0.0050)m
[20:31:48.628] [info] [ManualAdjust] 当前外参 [imu_0→cam_front]:
[20:31:48.628] [info]   旋转 RPY: (-2.3164, 0.3518, 1.0829) deg
[20:31:48.628] [info]   平移 XYZ: (-0.0307, -0.2420, 13.4046) m
[20:31:48.659] [debug] [ManualAdjust] 平移增量 dxyz=(0.0000, 0.0000, 0.0050)m
[20:31:48.659] [info] [ManualAdjust] 当前外参 [imu_0→cam_front]:
[20:31:48.659] [info]   旋转 RPY: (-2.3164, 0.3518, 1.0829) deg
[20:31:48.659] [info]   平移 XYZ: (-0.0307, -0.2420, 13.4096) m
[20:31:48.690] [debug] [ManualAdjust] 平移增量 dxyz=(0.0000, 0.0000, 0.0050)m
[20:31:48.690] [info] [ManualAdjust] 当前外参 [imu_0→cam_front]:
[20:31:48.690] [info]   旋转 RPY: (-2.3164, 0.3518, 1.0829) deg
[20:31:48.690] [info]   平移 XYZ: (-0.0307, -0.2420, 13.4146) m
[20:31:48.723] [debug] [ManualAdjust] 平移增量 dxyz=(0.0000, 0.0000, 0.0050)m
[20:31:48.723] [info] [ManualAdjust] 当前外参 [imu_0→cam_front]:
[20:31:48.723] [info]   旋转 RPY: (-2.3164, 0.3518, 1.0829) deg
[20:31:48.723] [info]   平移 XYZ: (-0.0307, -0.2420, 13.4196) m
[20:31:48.753] [debug] [ManualAdjust] 平移增量 dxyz=(0.0000, 0.0000, 0.0050)m
[20:31:48.753] [info] [ManualAdjust] 当前外参 [imu_0→cam_front]:
[20:31:48.753] [info]   旋转 RPY: (-2.3164, 0.3518, 1.0829) deg
[20:31:48.753] [info]   平移 XYZ: (-0.0307, -0.2420, 13.4246) m
[20:31:48.815] [debug] [ManualAdjust] 平移增量 dxyz=(0.0000, 0.0000, 0.0050)m
[20:31:48.815] [info] [ManualAdjust] 当前外参 [imu_0→cam_front]:
[20:31:48.815] [info]   旋转 RPY: (-2.3164, 0.3518, 1.0829) deg
[20:31:48.815] [info]   平移 XYZ: (-0.0307, -0.2420, 13.4296) m
[20:31:48.845] [debug] [ManualAdjust] 平移增量 dxyz=(0.0000, 0.0000, 0.0050)m
[20:31:48.845] [info] [ManualAdjust] 当前外参 [imu_0→cam_front]:
[20:31:48.845] [info]   旋转 RPY: (-2.3164, 0.3518, 1.0829) deg
[20:31:48.845] [info]   平移 XYZ: (-0.0307, -0.2420, 13.4346) m
[20:31:48.901] [debug] [ManualAdjust] 平移增量 dxyz=(0.0000, 0.0000, 0.0050)m
[20:31:48.901] [info] [ManualAdjust] 当前外参 [imu_0→cam_front]:
[20:31:48.901] [info]   旋转 RPY: (-2.3164, 0.3518, 1.0829) deg
[20:31:48.901] [info]   平移 XYZ: (-0.0307, -0.2420, 13.4396) m
[20:31:48.933] [debug] [ManualAdjust] 平移增量 dxyz=(0.0000, 0.0000, 0.0050)m
[20:31:48.933] [info] [ManualAdjust] 当前外参 [imu_0→cam_front]:
[20:31:48.933] [info]   旋转 RPY: (-2.3164, 0.3518, 1.0829) deg
[20:31:48.933] [info]   平移 XYZ: (-0.0307, -0.2420, 13.4446) m
[20:31:48.969] [debug] [ManualAdjust] 平移增量 dxyz=(0.0000, 0.0000, 0.0050)m
[20:31:48.969] [info] [ManualAdjust] 当前外参 [imu_0→cam_front]:
[20:31:48.969] [info]   旋转 RPY: (-2.3164, 0.3518, 1.0829) deg
[20:31:48.969] [info]   平移 XYZ: (-0.0307, -0.2420, 13.4496) m
[20:31:48.999] [debug] [ManualAdjust] 平移增量 dxyz=(0.0000, 0.0000, 0.0050)m
[20:31:48.999] [info] [ManualAdjust] 当前外参 [imu_0→cam_front]:
[20:31:48.999] [info]   旋转 RPY: (-2.3164, 0.3518, 1.0829) deg
[20:31:48.999] [info]   平移 XYZ: (-0.0307, -0.2420, 13.4546) m
[20:31:49.032] [debug] [ManualAdjust] 平移增量 dxyz=(0.0000, 0.0000, 0.0050)m
[20:31:49.032] [info] [ManualAdjust] 当前外参 [imu_0→cam_front]:
[20:31:49.032] [info]   旋转 RPY: (-2.3164, 0.3518, 1.0829) deg
[20:31:49.032] [info]   平移 XYZ: (-0.0307, -0.2420, 13.4596) m
[20:31:49.081] [debug] [ManualAdjust] 平移增量 dxyz=(0.0000, 0.0000, 0.0050)m
[20:31:49.081] [info] [ManualAdjust] 当前外参 [imu_0→cam_front]:
[20:31:49.081] [info]   旋转 RPY: (-2.3164, 0.3518, 1.0829) deg
[20:31:49.081] [info]   平移 XYZ: (-0.0307, -0.2420, 13.4646) m
[20:31:49.113] [debug] [ManualAdjust] 平移增量 dxyz=(0.0000, 0.0000, 0.0050)m
[20:31:49.113] [info] [ManualAdjust] 当前外参 [imu_0→cam_front]:
[20:31:49.113] [info]   旋转 RPY: (-2.3164, 0.3518, 1.0829) deg
[20:31:49.113] [info]   平移 XYZ: (-0.0307, -0.2420, 13.4696) m
[20:31:49.161] [debug] [ManualAdjust] 平移增量 dxyz=(0.0000, 0.0000, 0.0050)m
[20:31:49.161] [info] [ManualAdjust] 当前外参 [imu_0→cam_front]:
[20:31:49.161] [info]   旋转 RPY: (-2.3164, 0.3518, 1.0829) deg
[20:31:49.161] [info]   平移 XYZ: (-0.0307, -0.2420, 13.4746) m
[20:31:49.194] [debug] [ManualAdjust] 平移增量 dxyz=(0.0000, 0.0000, 0.0050)m
[20:31:49.194] [info] [ManualAdjust] 当前外参 [imu_0→cam_front]:
[20:31:49.194] [info]   旋转 RPY: (-2.3164, 0.3518, 1.0829) deg
[20:31:49.194] [info]   平移 XYZ: (-0.0307, -0.2420, 13.4796) m
[20:31:49.241] [debug] [ManualAdjust] 平移增量 dxyz=(0.0000, 0.0000, 0.0050)m
[20:31:49.241] [info] [ManualAdjust] 当前外参 [imu_0→cam_front]:
[20:31:49.241] [info]   旋转 RPY: (-2.3164, 0.3518, 1.0829) deg
[20:31:49.241] [info]   平移 XYZ: (-0.0307, -0.2420, 13.4846) m
[20:31:49.286] [debug] [ManualAdjust] 平移增量 dxyz=(0.0000, 0.0000, 0.0050)m
[20:31:49.286] [info] [ManualAdjust] 当前外参 [imu_0→cam_front]:
[20:31:49.286] [info]   旋转 RPY: (-2.3164, 0.3518, 1.0829) deg
[20:31:49.286] [info]   平移 XYZ: (-0.0307, -0.2420, 13.4896) m
[20:31:49.317] [debug] [ManualAdjust] 平移增量 dxyz=(0.0000, 0.0000, 0.0050)m
[20:31:49.317] [info] [ManualAdjust] 当前外参 [imu_0→cam_front]:
[20:31:49.317] [info]   旋转 RPY: (-2.3164, 0.3518, 1.0829) deg
[20:31:49.317] [info]   平移 XYZ: (-0.0307, -0.2420, 13.4946) m
[20:31:49.348] [debug] [ManualAdjust] 平移增量 dxyz=(0.0000, 0.0000, 0.0050)m
[20:31:49.349] [info] [ManualAdjust] 当前外参 [imu_0→cam_front]:
[20:31:49.349] [info]   旋转 RPY: (-2.3164, 0.3518, 1.0829) deg
[20:31:49.349] [info]   平移 XYZ: (-0.0307, -0.2420, 13.4996) m
[20:31:49.384] [debug] [ManualAdjust] 平移增量 dxyz=(0.0000, 0.0000, 0.0050)m
[20:31:49.384] [info] [ManualAdjust] 当前外参 [imu_0→cam_front]:
[20:31:49.384] [info]   旋转 RPY: (-2.3164, 0.3518, 1.0829) deg
[20:31:49.384] [info]   平移 XYZ: (-0.0307, -0.2420, 13.5046) m
[20:31:49.414] [debug] [ManualAdjust] 平移增量 dxyz=(0.0000, 0.0000, 0.0050)m
[20:31:49.414] [info] [ManualAdjust] 当前外参 [imu_0→cam_front]:
[20:31:49.414] [info]   旋转 RPY: (-2.3164, 0.3518, 1.0829) deg
[20:31:49.414] [info]   平移 XYZ: (-0.0307, -0.2420, 13.5096) m
[20:31:49.447] [debug] [ManualAdjust] 平移增量 dxyz=(0.0000, 0.0000, 0.0050)m
[20:31:49.448] [info] [ManualAdjust] 当前外参 [imu_0→cam_front]:
[20:31:49.448] [info]   旋转 RPY: (-2.3164, 0.3518, 1.0829) deg
[20:31:49.448] [info]   平移 XYZ: (-0.0307, -0.2420, 13.5146) m
[20:31:49.482] [debug] [ManualAdjust] 平移增量 dxyz=(0.0000, 0.0000, 0.0050)m
[20:31:49.482] [info] [ManualAdjust] 当前外参 [imu_0→cam_front]:
[20:31:49.482] [info]   旋转 RPY: (-2.3164, 0.3518, 1.0829) deg
[20:31:49.482] [info]   平移 XYZ: (-0.0307, -0.2420, 13.5196) m
[20:31:49.513] [debug] [ManualAdjust] 平移增量 dxyz=(0.0000, 0.0000, 0.0050)m
[20:31:49.513] [info] [ManualAdjust] 当前外参 [imu_0→cam_front]:
[20:31:49.513] [info]   旋转 RPY: (-2.3164, 0.3518, 1.0829) deg
[20:31:49.513] [info]   平移 XYZ: (-0.0307, -0.2420, 13.5246) m
[20:31:49.545] [debug] [ManualAdjust] 平移增量 dxyz=(0.0000, 0.0000, 0.0050)m
[20:31:49.546] [info] [ManualAdjust] 当前外参 [imu_0→cam_front]:
[20:31:49.546] [info]   旋转 RPY: (-2.3164, 0.3518, 1.0829) deg
[20:31:49.546] [info]   平移 XYZ: (-0.0307, -0.2420, 13.5296) m
[20:31:49.578] [debug] [ManualAdjust] 平移增量 dxyz=(0.0000, 0.0000, 0.0050)m
[20:31:49.578] [info] [ManualAdjust] 当前外参 [imu_0→cam_front]:
[20:31:49.578] [info]   旋转 RPY: (-2.3164, 0.3518, 1.0829) deg
[20:31:49.578] [info]   平移 XYZ: (-0.0307, -0.2420, 13.5346) m
[20:31:49.622] [debug] [ManualAdjust] 平移增量 dxyz=(0.0000, 0.0000, 0.0050)m
[20:31:49.622] [info] [ManualAdjust] 当前外参 [imu_0→cam_front]:
[20:31:49.622] [info]   旋转 RPY: (-2.3164, 0.3518, 1.0829) deg
[20:31:49.622] [info]   平移 XYZ: (-0.0307, -0.2420, 13.5396) m
[20:31:49.653] [debug] [ManualAdjust] 平移增量 dxyz=(0.0000, 0.0000, 0.0050)m
[20:31:49.653] [info] [ManualAdjust] 当前外参 [imu_0→cam_front]:
[20:31:49.653] [info]   旋转 RPY: (-2.3164, 0.3518, 1.0829) deg
[20:31:49.653] [info]   平移 XYZ: (-0.0307, -0.2420, 13.5446) m
[20:31:49.683] [debug] [ManualAdjust] 平移增量 dxyz=(0.0000, 0.0000, 0.0050)m
[20:31:49.683] [info] [ManualAdjust] 当前外参 [imu_0→cam_front]:
[20:31:49.683] [info]   旋转 RPY: (-2.3164, 0.3518, 1.0829) deg
[20:31:49.683] [info]   平移 XYZ: (-0.0307, -0.2420, 13.5496) m
[20:31:49.750] [debug] [ManualAdjust] 平移增量 dxyz=(0.0000, 0.0000, 0.0050)m
[20:31:49.750] [info] [ManualAdjust] 当前外参 [imu_0→cam_front]:
[20:31:49.750] [info]   旋转 RPY: (-2.3164, 0.3518, 1.0829) deg
[20:31:49.750] [info]   平移 XYZ: (-0.0307, -0.2420, 13.5546) m
[20:31:49.788] [debug] [ManualAdjust] 平移增量 dxyz=(0.0000, 0.0000, 0.0050)m
[20:31:49.788] [info] [ManualAdjust] 当前外参 [imu_0→cam_front]:
[20:31:49.788] [info]   旋转 RPY: (-2.3164, 0.3518, 1.0829) deg
[20:31:49.788] [info]   平移 XYZ: (-0.0307, -0.2420, 13.5596) m
[20:31:49.821] [debug] [ManualAdjust] 平移增量 dxyz=(0.0000, 0.0000, 0.0050)m
[20:31:49.821] [info] [ManualAdjust] 当前外参 [imu_0→cam_front]:
[20:31:49.821] [info]   旋转 RPY: (-2.3164, 0.3518, 1.0829) deg
[20:31:49.821] [info]   平移 XYZ: (-0.0307, -0.2420, 13.5646) m
[20:31:49.852] [debug] [ManualAdjust] 平移增量 dxyz=(0.0000, 0.0000, 0.0050)m
[20:31:49.852] [info] [ManualAdjust] 当前外参 [imu_0→cam_front]:
[20:31:49.852] [info]   旋转 RPY: (-2.3164, 0.3518, 1.0829) deg
[20:31:49.852] [info]   平移 XYZ: (-0.0307, -0.2420, 13.5696) m
[20:31:49.894] [debug] [ManualAdjust] 平移增量 dxyz=(0.0000, 0.0000, 0.0050)m
[20:31:49.894] [info] [ManualAdjust] 当前外参 [imu_0→cam_front]:
[20:31:49.894] [info]   旋转 RPY: (-2.3164, 0.3518, 1.0829) deg
[20:31:49.894] [info]   平移 XYZ: (-0.0307, -0.2420, 13.5746) m
[20:31:49.926] [debug] [ManualAdjust] 平移增量 dxyz=(0.0000, 0.0000, 0.0050)m
[20:31:49.926] [info] [ManualAdjust] 当前外参 [imu_0→cam_front]:
[20:31:49.926] [info]   旋转 RPY: (-2.3164, 0.3518, 1.0829) deg
[20:31:49.926] [info]   平移 XYZ: (-0.0307, -0.2420, 13.5796) m
[20:31:49.976] [debug] [ManualAdjust] 平移增量 dxyz=(0.0000, 0.0000, 0.0050)m
[20:31:49.976] [info] [ManualAdjust] 当前外参 [imu_0→cam_front]:
[20:31:49.976] [info]   旋转 RPY: (-2.3164, 0.3518, 1.0829) deg
[20:31:49.976] [info]   平移 XYZ: (-0.0307, -0.2420, 13.5846) m
[20:31:50.009] [debug] [ManualAdjust] 平移增量 dxyz=(0.0000, 0.0000, 0.0050)m
[20:31:50.009] [info] [ManualAdjust] 当前外参 [imu_0→cam_front]:
[20:31:50.009] [info]   旋转 RPY: (-2.3164, 0.3518, 1.0829) deg
[20:31:50.009] [info]   平移 XYZ: (-0.0307, -0.2420, 13.5896) m
[20:31:50.061] [debug] [ManualAdjust] 平移增量 dxyz=(0.0000, 0.0000, 0.0050)m
[20:31:50.061] [info] [ManualAdjust] 当前外参 [imu_0→cam_front]:
[20:31:50.061] [info]   旋转 RPY: (-2.3164, 0.3518, 1.0829) deg
[20:31:50.061] [info]   平移 XYZ: (-0.0307, -0.2420, 13.5946) m
[20:31:50.093] [debug] [ManualAdjust] 平移增量 dxyz=(0.0000, 0.0000, 0.0050)m
[20:31:50.093] [info] [ManualAdjust] 当前外参 [imu_0→cam_front]:
[20:31:50.093] [info]   旋转 RPY: (-2.3164, 0.3518, 1.0829) deg
[20:31:50.093] [info]   平移 XYZ: (-0.0307, -0.2420, 13.5996) m
[20:31:50.124] [debug] [ManualAdjust] 平移增量 dxyz=(0.0000, 0.0000, 0.0050)m
[20:31:50.124] [info] [ManualAdjust] 当前外参 [imu_0→cam_front]:
[20:31:50.124] [info]   旋转 RPY: (-2.3164, 0.3518, 1.0829) deg
[20:31:50.124] [info]   平移 XYZ: (-0.0307, -0.2420, 13.6046) m
[20:31:50.187] [debug] [ManualAdjust] 平移增量 dxyz=(0.0000, 0.0000, 0.0050)m
[20:31:50.187] [info] [ManualAdjust] 当前外参 [imu_0→cam_front]:
[20:31:50.187] [info]   旋转 RPY: (-2.3164, 0.3518, 1.0829) deg
[20:31:50.187] [info]   平移 XYZ: (-0.0307, -0.2420, 13.6096) m
[20:31:50.234] [debug] [ManualAdjust] 平移增量 dxyz=(0.0000, 0.0000, 0.0050)m
[20:31:50.234] [info] [ManualAdjust] 当前外参 [imu_0→cam_front]:
[20:31:50.234] [info]   旋转 RPY: (-2.3164, 0.3518, 1.0829) deg
[20:31:50.234] [info]   平移 XYZ: (-0.0307, -0.2420, 13.6146) m
[20:31:50.267] [debug] [ManualAdjust] 平移增量 dxyz=(0.0000, 0.0000, 0.0050)m
[20:31:50.267] [info] [ManualAdjust] 当前外参 [imu_0→cam_front]:
[20:31:50.267] [info]   旋转 RPY: (-2.3164, 0.3518, 1.0829) deg
[20:31:50.267] [info]   平移 XYZ: (-0.0307, -0.2420, 13.6196) m
[20:31:50.313] [debug] [ManualAdjust] 平移增量 dxyz=(0.0000, 0.0000, 0.0050)m
[20:31:50.313] [info] [ManualAdjust] 当前外参 [imu_0→cam_front]:
[20:31:50.313] [info]   旋转 RPY: (-2.3164, 0.3518, 1.0829) deg
[20:31:50.313] [info]   平移 XYZ: (-0.0307, -0.2420, 13.6246) m
[20:31:50.348] [debug] [ManualAdjust] 平移增量 dxyz=(0.0000, 0.0000, 0.0050)m
[20:31:50.348] [info] [ManualAdjust] 当前外参 [imu_0→cam_front]:
[20:31:50.348] [info]   旋转 RPY: (-2.3164, 0.3518, 1.0829) deg
[20:31:50.348] [info]   平移 XYZ: (-0.0307, -0.2420, 13.6296) m
[20:31:50.378] [debug] [ManualAdjust] 平移增量 dxyz=(0.0000, 0.0000, 0.0050)m
[20:31:50.378] [info] [ManualAdjust] 当前外参 [imu_0→cam_front]:
[20:31:50.378] [info]   旋转 RPY: (-2.3164, 0.3518, 1.0829) deg
[20:31:50.378] [info]   平移 XYZ: (-0.0307, -0.2420, 13.6346) m
[20:31:50.442] [debug] [ManualAdjust] 平移增量 dxyz=(0.0000, 0.0000, 0.0050)m
[20:31:50.442] [info] [ManualAdjust] 当前外参 [imu_0→cam_front]:
[20:31:50.442] [info]   旋转 RPY: (-2.3164, 0.3518, 1.0829) deg
[20:31:50.442] [info]   平移 XYZ: (-0.0307, -0.2420, 13.6396) m
[20:31:50.485] [debug] [ManualAdjust] 平移增量 dxyz=(0.0000, 0.0000, 0.0050)m
[20:31:50.485] [info] [ManualAdjust] 当前外参 [imu_0→cam_front]:
[20:31:50.485] [info]   旋转 RPY: (-2.3164, 0.3518, 1.0829) deg
[20:31:50.485] [info]   平移 XYZ: (-0.0307, -0.2420, 13.6446) m
[20:31:50.513] [debug] [ManualAdjust] 平移增量 dxyz=(0.0000, 0.0000, 0.0050)m
[20:31:50.513] [info] [ManualAdjust] 当前外参 [imu_0→cam_front]:
[20:31:50.513] [info]   旋转 RPY: (-2.3164, 0.3518, 1.0829) deg
[20:31:50.513] [info]   平移 XYZ: (-0.0307, -0.2420, 13.6496) m
[20:31:50.544] [debug] [ManualAdjust] 平移增量 dxyz=(0.0000, 0.0000, 0.0050)m
[20:31:50.544] [info] [ManualAdjust] 当前外参 [imu_0→cam_front]:
[20:31:50.544] [info]   旋转 RPY: (-2.3164, 0.3518, 1.0829) deg
[20:31:50.544] [info]   平移 XYZ: (-0.0307, -0.2420, 13.6546) m
[20:31:50.576] [debug] [ManualAdjust] 平移增量 dxyz=(0.0000, 0.0000, 0.0050)m
[20:31:50.576] [info] [ManualAdjust] 当前外参 [imu_0→cam_front]:
[20:31:50.576] [info]   旋转 RPY: (-2.3164, 0.3518, 1.0829) deg
[20:31:50.576] [info]   平移 XYZ: (-0.0307, -0.2420, 13.6596) m
[20:31:50.613] [debug] [ManualAdjust] 平移增量 dxyz=(0.0000, 0.0000, 0.0050)m
[20:31:50.613] [info] [ManualAdjust] 当前外参 [imu_0→cam_front]:
[20:31:50.613] [info]   旋转 RPY: (-2.3164, 0.3518, 1.0829) deg
[20:31:50.613] [info]   平移 XYZ: (-0.0307, -0.2420, 13.6646) m
[20:31:50.644] [debug] [ManualAdjust] 平移增量 dxyz=(0.0000, 0.0000, 0.0050)m
[20:31:50.644] [info] [ManualAdjust] 当前外参 [imu_0→cam_front]:
[20:31:50.644] [info]   旋转 RPY: (-2.3164, 0.3518, 1.0829) deg
[20:31:50.644] [info]   平移 XYZ: (-0.0307, -0.2420, 13.6696) m
[20:31:50.695] [debug] [ManualAdjust] 平移增量 dxyz=(0.0000, 0.0000, 0.0050)m
[20:31:50.695] [info] [ManualAdjust] 当前外参 [imu_0→cam_front]:
[20:31:50.695] [info]   旋转 RPY: (-2.3164, 0.3518, 1.0829) deg
[20:31:50.695] [info]   平移 XYZ: (-0.0307, -0.2420, 13.6746) m
[20:31:50.726] [debug] [ManualAdjust] 平移增量 dxyz=(0.0000, 0.0000, 0.0050)m
[20:31:50.726] [info] [ManualAdjust] 当前外参 [imu_0→cam_front]:
[20:31:50.726] [info]   旋转 RPY: (-2.3164, 0.3518, 1.0829) deg
[20:31:50.726] [info]   平移 XYZ: (-0.0307, -0.2420, 13.6796) m
[20:31:50.781] [debug] [ManualAdjust] 平移增量 dxyz=(0.0000, 0.0000, 0.0050)m
[20:31:50.781] [info] [ManualAdjust] 当前外参 [imu_0→cam_front]:
[20:31:50.781] [info]   旋转 RPY: (-2.3164, 0.3518, 1.0829) deg
[20:31:50.781] [info]   平移 XYZ: (-0.0307, -0.2420, 13.6846) m
[20:31:50.812] [debug] [ManualAdjust] 平移增量 dxyz=(0.0000, 0.0000, 0.0050)m
[20:31:50.812] [info] [ManualAdjust] 当前外参 [imu_0→cam_front]:
[20:31:50.812] [info]   旋转 RPY: (-2.3164, 0.3518, 1.0829) deg
[20:31:50.812] [info]   平移 XYZ: (-0.0307, -0.2420, 13.6896) m
[20:31:50.867] [debug] [ManualAdjust] 平移增量 dxyz=(0.0000, 0.0000, 0.0050)m
[20:31:50.867] [info] [ManualAdjust] 当前外参 [imu_0→cam_front]:
[20:31:50.867] [info]   旋转 RPY: (-2.3164, 0.3518, 1.0829) deg
[20:31:50.867] [info]   平移 XYZ: (-0.0307, -0.2420, 13.6946) m
[20:31:50.897] [debug] [ManualAdjust] 平移增量 dxyz=(0.0000, 0.0000, 0.0050)m
[20:31:50.897] [info] [ManualAdjust] 当前外参 [imu_0→cam_front]:
[20:31:50.897] [info]   旋转 RPY: (-2.3164, 0.3518, 1.0829) deg
[20:31:50.897] [info]   平移 XYZ: (-0.0307, -0.2420, 13.6996) m
[20:31:50.951] [debug] [ManualAdjust] 平移增量 dxyz=(0.0000, 0.0000, 0.0050)m
[20:31:50.951] [info] [ManualAdjust] 当前外参 [imu_0→cam_front]:
[20:31:50.951] [info]   旋转 RPY: (-2.3164, 0.3518, 1.0829) deg
[20:31:50.951] [info]   平移 XYZ: (-0.0307, -0.2420, 13.7046) m
[20:31:50.992] [debug] [ManualAdjust] 平移增量 dxyz=(0.0000, 0.0000, 0.0050)m
[20:31:50.992] [info] [ManualAdjust] 当前外参 [imu_0→cam_front]:
[20:31:50.992] [info]   旋转 RPY: (-2.3164, 0.3518, 1.0829) deg
[20:31:50.992] [info]   平移 XYZ: (-0.0307, -0.2420, 13.7096) m
[20:31:51.030] [debug] [ManualAdjust] 平移增量 dxyz=(0.0000, 0.0000, 0.0050)m
[20:31:51.030] [info] [ManualAdjust] 当前外参 [imu_0→cam_front]:
[20:31:51.030] [info]   旋转 RPY: (-2.3164, 0.3518, 1.0829) deg
[20:31:51.030] [info]   平移 XYZ: (-0.0307, -0.2420, 13.7146) m
[20:31:51.059] [debug] [ManualAdjust] 平移增量 dxyz=(0.0000, 0.0000, 0.0050)m
[20:31:51.059] [info] [ManualAdjust] 当前外参 [imu_0→cam_front]:
[20:31:51.059] [info]   旋转 RPY: (-2.3164, 0.3518, 1.0829) deg
[20:31:51.059] [info]   平移 XYZ: (-0.0307, -0.2420, 13.7196) m
[20:31:51.098] [debug] [ManualAdjust] 平移增量 dxyz=(0.0000, 0.0000, 0.0050)m
[20:31:51.098] [info] [ManualAdjust] 当前外参 [imu_0→cam_front]:
[20:31:51.098] [info]   旋转 RPY: (-2.3164, 0.3518, 1.0829) deg
[20:31:51.098] [info]   平移 XYZ: (-0.0307, -0.2420, 13.7246) m
[20:31:51.133] [debug] [ManualAdjust] 平移增量 dxyz=(0.0000, 0.0000, 0.0050)m
[20:31:51.133] [info] [ManualAdjust] 当前外参 [imu_0→cam_front]:
[20:31:51.133] [info]   旋转 RPY: (-2.3164, 0.3518, 1.0829) deg
[20:31:51.133] [info]   平移 XYZ: (-0.0307, -0.2420, 13.7296) m
[20:31:51.164] [debug] [ManualAdjust] 平移增量 dxyz=(0.0000, 0.0000, 0.0050)m
[20:31:51.164] [info] [ManualAdjust] 当前外参 [imu_0→cam_front]:
[20:31:51.164] [info]   旋转 RPY: (-2.3164, 0.3518, 1.0829) deg
[20:31:51.164] [info]   平移 XYZ: (-0.0307, -0.2420, 13.7346) m
[20:31:51.218] [debug] [ManualAdjust] 平移增量 dxyz=(0.0000, 0.0000, 0.0050)m
[20:31:51.218] [info] [ManualAdjust] 当前外参 [imu_0→cam_front]:
[20:31:51.218] [info]   旋转 RPY: (-2.3164, 0.3518, 1.0829) deg
[20:31:51.218] [info]   平移 XYZ: (-0.0307, -0.2420, 13.7396) m
[20:31:51.264] [debug] [ManualAdjust] 平移增量 dxyz=(0.0000, 0.0000, 0.0050)m
[20:31:51.264] [info] [ManualAdjust] 当前外参 [imu_0→cam_front]:
[20:31:51.264] [info]   旋转 RPY: (-2.3164, 0.3518, 1.0829) deg
[20:31:51.264] [info]   平移 XYZ: (-0.0307, -0.2420, 13.7446) m
[20:31:51.290] [debug] [ManualAdjust] 平移增量 dxyz=(0.0000, 0.0000, 0.0050)m
[20:31:51.290] [info] [ManualAdjust] 当前外参 [imu_0→cam_front]:
[20:31:51.290] [info]   旋转 RPY: (-2.3164, 0.3518, 1.0829) deg
[20:31:51.290] [info]   平移 XYZ: (-0.0307, -0.2420, 13.7496) m
[20:31:51.321] [debug] [ManualAdjust] 平移增量 dxyz=(0.0000, 0.0000, 0.0050)m
[20:31:51.321] [info] [ManualAdjust] 当前外参 [imu_0→cam_front]:
[20:31:51.321] [info]   旋转 RPY: (-2.3164, 0.3518, 1.0829) deg
[20:31:51.321] [info]   平移 XYZ: (-0.0307, -0.2420, 13.7546) m
[20:31:51.351] [debug] [ManualAdjust] 平移增量 dxyz=(0.0000, 0.0000, 0.0050)m
[20:31:51.351] [info] [ManualAdjust] 当前外参 [imu_0→cam_front]:
[20:31:51.351] [info]   旋转 RPY: (-2.3164, 0.3518, 1.0829) deg
[20:31:51.351] [info]   平移 XYZ: (-0.0307, -0.2420, 13.7596) m
[20:31:51.382] [debug] [ManualAdjust] 平移增量 dxyz=(0.0000, 0.0000, 0.0050)m
[20:31:51.382] [info] [ManualAdjust] 当前外参 [imu_0→cam_front]:
[20:31:51.382] [info]   旋转 RPY: (-2.3164, 0.3518, 1.0829) deg
[20:31:51.382] [info]   平移 XYZ: (-0.0307, -0.2420, 13.7646) m
[20:31:51.430] [debug] [ManualAdjust] 平移增量 dxyz=(0.0000, 0.0000, 0.0050)m
[20:31:51.430] [info] [ManualAdjust] 当前外参 [imu_0→cam_front]:
[20:31:51.430] [info]   旋转 RPY: (-2.3164, 0.3518, 1.0829) deg
[20:31:51.430] [info]   平移 XYZ: (-0.0307, -0.2420, 13.7696) m
[20:31:51.459] [debug] [ManualAdjust] 平移增量 dxyz=(0.0000, 0.0000, 0.0050)m
[20:31:51.459] [info] [ManualAdjust] 当前外参 [imu_0→cam_front]:
[20:31:51.459] [info]   旋转 RPY: (-2.3164, 0.3518, 1.0829) deg
[20:31:51.459] [info]   平移 XYZ: (-0.0307, -0.2420, 13.7746) m
[20:31:51.489] [debug] [ManualAdjust] 平移增量 dxyz=(0.0000, 0.0000, 0.0050)m
[20:31:51.489] [info] [ManualAdjust] 当前外参 [imu_0→cam_front]:
[20:31:51.489] [info]   旋转 RPY: (-2.3164, 0.3518, 1.0829) deg
[20:31:51.489] [info]   平移 XYZ: (-0.0307, -0.2420, 13.7796) m
[20:31:51.538] [debug] [ManualAdjust] 平移增量 dxyz=(0.0000, 0.0000, 0.0050)m
[20:31:51.538] [info] [ManualAdjust] 当前外参 [imu_0→cam_front]:
[20:31:51.538] [info]   旋转 RPY: (-2.3164, 0.3518, 1.0829) deg
[20:31:51.538] [info]   平移 XYZ: (-0.0307, -0.2420, 13.7846) m
[20:31:51.571] [debug] [ManualAdjust] 平移增量 dxyz=(0.0000, 0.0000, 0.0050)m
[20:31:51.571] [info] [ManualAdjust] 当前外参 [imu_0→cam_front]:
[20:31:51.571] [info]   旋转 RPY: (-2.3164, 0.3518, 1.0829) deg
[20:31:51.571] [info]   平移 XYZ: (-0.0307, -0.2420, 13.7896) m
[20:31:51.628] [debug] [ManualAdjust] 平移增量 dxyz=(0.0000, 0.0000, 0.0050)m
[20:31:51.628] [info] [ManualAdjust] 当前外参 [imu_0→cam_front]:
[20:31:51.628] [info]   旋转 RPY: (-2.3164, 0.3518, 1.0829) deg
[20:31:51.628] [info]   平移 XYZ: (-0.0307, -0.2420, 13.7946) m
[20:31:51.674] [debug] [ManualAdjust] 平移增量 dxyz=(0.0000, 0.0000, 0.0050)m
[20:31:51.674] [info] [ManualAdjust] 当前外参 [imu_0→cam_front]:
[20:31:51.674] [info]   旋转 RPY: (-2.3164, 0.3518, 1.0829) deg
[20:31:51.674] [info]   平移 XYZ: (-0.0307, -0.2420, 13.7996) m
[20:31:51.704] [debug] [ManualAdjust] 平移增量 dxyz=(0.0000, 0.0000, 0.0050)m
[20:31:51.704] [info] [ManualAdjust] 当前外参 [imu_0→cam_front]:
[20:31:51.704] [info]   旋转 RPY: (-2.3164, 0.3518, 1.0829) deg
[20:31:51.704] [info]   平移 XYZ: (-0.0307, -0.2420, 13.8046) m
[20:31:51.733] [debug] [ManualAdjust] 平移增量 dxyz=(0.0000, 0.0000, 0.0050)m
[20:31:51.733] [info] [ManualAdjust] 当前外参 [imu_0→cam_front]:
[20:31:51.733] [info]   旋转 RPY: (-2.3164, 0.3518, 1.0829) deg
[20:31:51.733] [info]   平移 XYZ: (-0.0307, -0.2420, 13.8096) m
[20:31:51.788] [debug] [ManualAdjust] 平移增量 dxyz=(0.0000, 0.0000, 0.0050)m
[20:31:51.788] [info] [ManualAdjust] 当前外参 [imu_0→cam_front]:
[20:31:51.788] [info]   旋转 RPY: (-2.3164, 0.3518, 1.0829) deg
[20:31:51.788] [info]   平移 XYZ: (-0.0307, -0.2420, 13.8146) m
[20:31:51.829] [debug] [ManualAdjust] 平移增量 dxyz=(0.0000, 0.0000, 0.0050)m
[20:31:51.829] [info] [ManualAdjust] 当前外参 [imu_0→cam_front]:
[20:31:51.829] [info]   旋转 RPY: (-2.3164, 0.3518, 1.0829) deg
[20:31:51.829] [info]   平移 XYZ: (-0.0307, -0.2420, 13.8196) m
[20:31:51.866] [debug] [ManualAdjust] 平移增量 dxyz=(0.0000, 0.0000, 0.0050)m
[20:31:51.866] [info] [ManualAdjust] 当前外参 [imu_0→cam_front]:
[20:31:51.866] [info]   旋转 RPY: (-2.3164, 0.3518, 1.0829) deg
[20:31:51.866] [info]   平移 XYZ: (-0.0307, -0.2420, 13.8246) m
[20:31:51.897] [debug] [ManualAdjust] 平移增量 dxyz=(0.0000, 0.0000, 0.0050)m
[20:31:51.897] [info] [ManualAdjust] 当前外参 [imu_0→cam_front]:
[20:31:51.897] [info]   旋转 RPY: (-2.3164, 0.3518, 1.0829) deg
[20:31:51.897] [info]   平移 XYZ: (-0.0307, -0.2420, 13.8296) m
[20:31:51.933] [debug] [ManualAdjust] 平移增量 dxyz=(0.0000, 0.0000, 0.0050)m
[20:31:51.933] [info] [ManualAdjust] 当前外参 [imu_0→cam_front]:
[20:31:51.933] [info]   旋转 RPY: (-2.3164, 0.3518, 1.0829) deg
[20:31:51.933] [info]   平移 XYZ: (-0.0307, -0.2420, 13.8346) m
[20:31:51.967] [debug] [ManualAdjust] 平移增量 dxyz=(0.0000, 0.0000, 0.0050)m
[20:31:51.967] [info] [ManualAdjust] 当前外参 [imu_0→cam_front]:
[20:31:51.967] [info]   旋转 RPY: (-2.3164, 0.3518, 1.0829) deg
[20:31:51.967] [info]   平移 XYZ: (-0.0307, -0.2420, 13.8396) m
[20:31:52.001] [debug] [ManualAdjust] 平移增量 dxyz=(0.0000, 0.0000, 0.0050)m
[20:31:52.001] [info] [ManualAdjust] 当前外参 [imu_0→cam_front]:
[20:31:52.001] [info]   旋转 RPY: (-2.3164, 0.3518, 1.0829) deg
[20:31:52.001] [info]   平移 XYZ: (-0.0307, -0.2420, 13.8446) m
[20:31:52.057] [debug] [ManualAdjust] 平移增量 dxyz=(0.0000, 0.0000, 0.0050)m
[20:31:52.057] [info] [ManualAdjust] 当前外参 [imu_0→cam_front]:
[20:31:52.057] [info]   旋转 RPY: (-2.3164, 0.3518, 1.0829) deg
[20:31:52.057] [info]   平移 XYZ: (-0.0307, -0.2420, 13.8496) m
[20:31:52.087] [debug] [ManualAdjust] 平移增量 dxyz=(0.0000, 0.0000, 0.0050)m
[20:31:52.087] [info] [ManualAdjust] 当前外参 [imu_0→cam_front]:
[20:31:52.087] [info]   旋转 RPY: (-2.3164, 0.3518, 1.0829) deg
[20:31:52.087] [info]   平移 XYZ: (-0.0307, -0.2420, 13.8546) m
[20:31:52.127] [debug] [ManualAdjust] 平移增量 dxyz=(0.0000, 0.0000, 0.0050)m
[20:31:52.127] [info] [ManualAdjust] 当前外参 [imu_0→cam_front]:
[20:31:52.127] [info]   旋转 RPY: (-2.3164, 0.3518, 1.0829) deg
[20:31:52.127] [info]   平移 XYZ: (-0.0307, -0.2420, 13.8596) m
[20:31:52.160] [debug] [ManualAdjust] 平移增量 dxyz=(0.0000, 0.0000, 0.0050)m
[20:31:52.160] [info] [ManualAdjust] 当前外参 [imu_0→cam_front]:
[20:31:52.160] [info]   旋转 RPY: (-2.3164, 0.3518, 1.0829) deg
[20:31:52.160] [info]   平移 XYZ: (-0.0307, -0.2420, 13.8646) m
[20:31:52.204] [debug] [ManualAdjust] 平移增量 dxyz=(0.0000, 0.0000, 0.0050)m
[20:31:52.204] [info] [ManualAdjust] 当前外参 [imu_0→cam_front]:
[20:31:52.204] [info]   旋转 RPY: (-2.3164, 0.3518, 1.0829) deg
[20:31:52.204] [info]   平移 XYZ: (-0.0307, -0.2420, 13.8696) m
[20:31:52.235] [debug] [ManualAdjust] 平移增量 dxyz=(0.0000, 0.0000, 0.0050)m
[20:31:52.235] [info] [ManualAdjust] 当前外参 [imu_0→cam_front]:
[20:31:52.235] [info]   旋转 RPY: (-2.3164, 0.3518, 1.0829) deg
[20:31:52.235] [info]   平移 XYZ: (-0.0307, -0.2420, 13.8746) m
[20:31:52.266] [debug] [ManualAdjust] 平移增量 dxyz=(0.0000, 0.0000, 0.0050)m
[20:31:52.266] [info] [ManualAdjust] 当前外参 [imu_0→cam_front]:
[20:31:52.266] [info]   旋转 RPY: (-2.3164, 0.3518, 1.0829) deg
[20:31:52.266] [info]   平移 XYZ: (-0.0307, -0.2420, 13.8796) m
[20:31:52.325] [debug] [ManualAdjust] 平移增量 dxyz=(0.0000, 0.0000, 0.0050)m
[20:31:52.325] [info] [ManualAdjust] 当前外参 [imu_0→cam_front]:
[20:31:52.325] [info]   旋转 RPY: (-2.3164, 0.3518, 1.0829) deg
[20:31:52.325] [info]   平移 XYZ: (-0.0307, -0.2420, 13.8846) m
[20:31:52.374] [debug] [ManualAdjust] 平移增量 dxyz=(0.0000, 0.0000, 0.0050)m
[20:31:52.374] [info] [ManualAdjust] 当前外参 [imu_0→cam_front]:
[20:31:52.374] [info]   旋转 RPY: (-2.3164, 0.3518, 1.0829) deg
[20:31:52.374] [info]   平移 XYZ: (-0.0307, -0.2420, 13.8896) m
[20:31:52.405] [debug] [ManualAdjust] 平移增量 dxyz=(0.0000, 0.0000, 0.0050)m
[20:31:52.405] [info] [ManualAdjust] 当前外参 [imu_0→cam_front]:
[20:31:52.405] [info]   旋转 RPY: (-2.3164, 0.3518, 1.0829) deg
[20:31:52.405] [info]   平移 XYZ: (-0.0307, -0.2420, 13.8946) m
[20:31:52.436] [debug] [ManualAdjust] 平移增量 dxyz=(0.0000, 0.0000, 0.0050)m
[20:31:52.436] [info] [ManualAdjust] 当前外参 [imu_0→cam_front]:
[20:31:52.436] [info]   旋转 RPY: (-2.3164, 0.3518, 1.0829) deg
[20:31:52.436] [info]   平移 XYZ: (-0.0307, -0.2420, 13.8996) m
[20:31:52.487] [debug] [ManualAdjust] 平移增量 dxyz=(0.0000, 0.0000, 0.0050)m
[20:31:52.487] [info] [ManualAdjust] 当前外参 [imu_0→cam_front]:
[20:31:52.487] [info]   旋转 RPY: (-2.3164, 0.3518, 1.0829) deg
[20:31:52.487] [info]   平移 XYZ: (-0.0307, -0.2420, 13.9046) m
[20:31:52.517] [debug] [ManualAdjust] 平移增量 dxyz=(0.0000, 0.0000, 0.0050)m
[20:31:52.517] [info] [ManualAdjust] 当前外参 [imu_0→cam_front]:
[20:31:52.517] [info]   旋转 RPY: (-2.3164, 0.3518, 1.0829) deg
[20:31:52.517] [info]   平移 XYZ: (-0.0307, -0.2420, 13.9096) m
[20:31:52.561] [debug] [ManualAdjust] 平移增量 dxyz=(0.0000, 0.0000, 0.0050)m
[20:31:52.561] [info] [ManualAdjust] 当前外参 [imu_0→cam_front]:
[20:31:52.561] [info]   旋转 RPY: (-2.3164, 0.3518, 1.0829) deg
[20:31:52.561] [info]   平移 XYZ: (-0.0307, -0.2420, 13.9146) m
[20:31:52.592] [debug] [ManualAdjust] 平移增量 dxyz=(0.0000, 0.0000, 0.0050)m
[20:31:52.592] [info] [ManualAdjust] 当前外参 [imu_0→cam_front]:
[20:31:52.592] [info]   旋转 RPY: (-2.3164, 0.3518, 1.0829) deg
[20:31:52.592] [info]   平移 XYZ: (-0.0307, -0.2420, 13.9196) m
[20:31:52.624] [debug] [ManualAdjust] 平移增量 dxyz=(0.0000, 0.0000, 0.0050)m
[20:31:52.624] [info] [ManualAdjust] 当前外参 [imu_0→cam_front]:
[20:31:52.624] [info]   旋转 RPY: (-2.3164, 0.3518, 1.0829) deg
[20:31:52.624] [info]   平移 XYZ: (-0.0307, -0.2420, 13.9246) m
[20:31:52.675] [debug] [ManualAdjust] 平移增量 dxyz=(0.0000, 0.0000, 0.0050)m
[20:31:52.675] [info] [ManualAdjust] 当前外参 [imu_0→cam_front]:
[20:31:52.675] [info]   旋转 RPY: (-2.3164, 0.3518, 1.0829) deg
[20:31:52.675] [info]   平移 XYZ: (-0.0307, -0.2420, 13.9296) m
[20:31:52.711] [debug] [ManualAdjust] 平移增量 dxyz=(0.0000, 0.0000, 0.0050)m
[20:31:52.711] [info] [ManualAdjust] 当前外参 [imu_0→cam_front]:
[20:31:52.711] [info]   旋转 RPY: (-2.3164, 0.3518, 1.0829) deg
[20:31:52.711] [info]   平移 XYZ: (-0.0307, -0.2420, 13.9346) m
[20:31:52.761] [debug] [ManualAdjust] 平移增量 dxyz=(0.0000, 0.0000, 0.0050)m
[20:31:52.761] [info] [ManualAdjust] 当前外参 [imu_0→cam_front]:
[20:31:52.761] [info]   旋转 RPY: (-2.3164, 0.3518, 1.0829) deg
[20:31:52.761] [info]   平移 XYZ: (-0.0307, -0.2420, 13.9396) m
[20:31:52.791] [debug] [ManualAdjust] 平移增量 dxyz=(0.0000, 0.0000, 0.0050)m
[20:31:52.791] [info] [ManualAdjust] 当前外参 [imu_0→cam_front]:
[20:31:52.791] [info]   旋转 RPY: (-2.3164, 0.3518, 1.0829) deg
[20:31:52.791] [info]   平移 XYZ: (-0.0307, -0.2420, 13.9446) m
[20:31:52.849] [debug] [ManualAdjust] 平移增量 dxyz=(0.0000, 0.0000, 0.0050)m
[20:31:52.850] [info] [ManualAdjust] 当前外参 [imu_0→cam_front]:
[20:31:52.850] [info]   旋转 RPY: (-2.3164, 0.3518, 1.0829) deg
[20:31:52.850] [info]   平移 XYZ: (-0.0307, -0.2420, 13.9496) m
[20:31:52.896] [debug] [ManualAdjust] 平移增量 dxyz=(0.0000, 0.0000, 0.0050)m
[20:31:52.896] [info] [ManualAdjust] 当前外参 [imu_0→cam_front]:
[20:31:52.896] [info]   旋转 RPY: (-2.3164, 0.3518, 1.0829) deg
[20:31:52.896] [info]   平移 XYZ: (-0.0307, -0.2420, 13.9546) m
[20:31:52.936] [debug] [ManualAdjust] 平移增量 dxyz=(0.0000, 0.0000, 0.0050)m
[20:31:52.936] [info] [ManualAdjust] 当前外参 [imu_0→cam_front]:
[20:31:52.936] [info]   旋转 RPY: (-2.3164, 0.3518, 1.0829) deg
[20:31:52.936] [info]   平移 XYZ: (-0.0307, -0.2420, 13.9596) m
[20:31:52.980] [debug] [ManualAdjust] 平移增量 dxyz=(0.0000, 0.0000, 0.0050)m
[20:31:52.980] [info] [ManualAdjust] 当前外参 [imu_0→cam_front]:
[20:31:52.980] [info]   旋转 RPY: (-2.3164, 0.3518, 1.0829) deg
[20:31:52.980] [info]   平移 XYZ: (-0.0307, -0.2420, 13.9646) m
[20:31:53.010] [debug] [ManualAdjust] 平移增量 dxyz=(0.0000, 0.0000, 0.0050)m
[20:31:53.010] [info] [ManualAdjust] 当前外参 [imu_0→cam_front]:
[20:31:53.010] [info]   旋转 RPY: (-2.3164, 0.3518, 1.0829) deg
[20:31:53.010] [info]   平移 XYZ: (-0.0307, -0.2420, 13.9696) m
[20:31:53.058] [debug] [ManualAdjust] 平移增量 dxyz=(0.0000, 0.0000, 0.0050)m
[20:31:53.058] [info] [ManualAdjust] 当前外参 [imu_0→cam_front]:
[20:31:53.058] [info]   旋转 RPY: (-2.3164, 0.3518, 1.0829) deg
[20:31:53.058] [info]   平移 XYZ: (-0.0307, -0.2420, 13.9746) m
[20:31:53.093] [debug] [ManualAdjust] 平移增量 dxyz=(0.0000, 0.0000, 0.0050)m
[20:31:53.093] [info] [ManualAdjust] 当前外参 [imu_0→cam_front]:
[20:31:53.093] [info]   旋转 RPY: (-2.3164, 0.3518, 1.0829) deg
[20:31:53.093] [info]   平移 XYZ: (-0.0307, -0.2420, 13.9796) m
[20:31:53.123] [debug] [ManualAdjust] 平移增量 dxyz=(0.0000, 0.0000, 0.0050)m
[20:31:53.123] [info] [ManualAdjust] 当前外参 [imu_0→cam_front]:
[20:31:53.123] [info]   旋转 RPY: (-2.3164, 0.3518, 1.0829) deg
[20:31:53.123] [info]   平移 XYZ: (-0.0307, -0.2420, 13.9846) m
[20:31:53.180] [debug] [ManualAdjust] 平移增量 dxyz=(0.0000, 0.0000, 0.0050)m
[20:31:53.180] [info] [ManualAdjust] 当前外参 [imu_0→cam_front]:
[20:31:53.180] [info]   旋转 RPY: (-2.3164, 0.3518, 1.0829) deg
[20:31:53.180] [info]   平移 XYZ: (-0.0307, -0.2420, 13.9896) m
[20:31:53.220] [debug] [ManualAdjust] 平移增量 dxyz=(0.0000, 0.0000, 0.0050)m
[20:31:53.220] [info] [ManualAdjust] 当前外参 [imu_0→cam_front]:
[20:31:53.220] [info]   旋转 RPY: (-2.3164, 0.3518, 1.0829) deg
[20:31:53.220] [info]   平移 XYZ: (-0.0307, -0.2420, 13.9946) m
[20:31:53.252] [debug] [ManualAdjust] 平移增量 dxyz=(0.0000, 0.0000, 0.0050)m
[20:31:53.252] [info] [ManualAdjust] 当前外参 [imu_0→cam_front]:
[20:31:53.252] [info]   旋转 RPY: (-2.3164, 0.3518, 1.0829) deg
[20:31:53.252] [info]   平移 XYZ: (-0.0307, -0.2420, 13.9996) m
[20:31:53.282] [debug] [ManualAdjust] 平移增量 dxyz=(0.0000, 0.0000, 0.0050)m
[20:31:53.282] [info] [ManualAdjust] 当前外参 [imu_0→cam_front]:
[20:31:53.282] [info]   旋转 RPY: (-2.3164, 0.3518, 1.0829) deg
[20:31:53.282] [info]   平移 XYZ: (-0.0307, -0.2420, 14.0046) m
[20:31:53.312] [debug] [ManualAdjust] 平移增量 dxyz=(0.0000, 0.0000, 0.0050)m
[20:31:53.312] [info] [ManualAdjust] 当前外参 [imu_0→cam_front]:
[20:31:53.312] [info]   旋转 RPY: (-2.3164, 0.3518, 1.0829) deg
[20:31:53.312] [info]   平移 XYZ: (-0.0307, -0.2420, 14.0096) m
[20:31:53.371] [debug] [ManualAdjust] 平移增量 dxyz=(0.0000, 0.0000, 0.0050)m
[20:31:53.371] [info] [ManualAdjust] 当前外参 [imu_0→cam_front]:
[20:31:53.371] [info]   旋转 RPY: (-2.3164, 0.3518, 1.0829) deg
[20:31:53.371] [info]   平移 XYZ: (-0.0307, -0.2420, 14.0146) m
[20:31:53.402] [debug] [ManualAdjust] 平移增量 dxyz=(0.0000, 0.0000, 0.0050)m
[20:31:53.402] [info] [ManualAdjust] 当前外参 [imu_0→cam_front]:
[20:31:53.402] [info]   旋转 RPY: (-2.3164, 0.3518, 1.0829) deg
[20:31:53.402] [info]   平移 XYZ: (-0.0307, -0.2420, 14.0196) m
[20:31:53.462] [debug] [ManualAdjust] 平移增量 dxyz=(0.0000, 0.0000, 0.0050)m
[20:31:53.462] [info] [ManualAdjust] 当前外参 [imu_0→cam_front]:
[20:31:53.462] [info]   旋转 RPY: (-2.3164, 0.3518, 1.0829) deg
[20:31:53.462] [info]   平移 XYZ: (-0.0307, -0.2420, 14.0246) m
[20:31:53.493] [debug] [ManualAdjust] 平移增量 dxyz=(0.0000, 0.0000, 0.0050)m
[20:31:53.493] [info] [ManualAdjust] 当前外参 [imu_0→cam_front]:
[20:31:53.493] [info]   旋转 RPY: (-2.3164, 0.3518, 1.0829) deg
[20:31:53.493] [info]   平移 XYZ: (-0.0307, -0.2420, 14.0296) m
[20:31:53.563] [debug] [ManualAdjust] 平移增量 dxyz=(0.0000, 0.0000, 0.0050)m
[20:31:53.563] [info] [ManualAdjust] 当前外参 [imu_0→cam_front]:
[20:31:53.563] [info]   旋转 RPY: (-2.3164, 0.3518, 1.0829) deg
[20:31:53.563] [info]   平移 XYZ: (-0.0307, -0.2420, 14.0346) m
[20:31:53.607] [debug] [ManualAdjust] 平移增量 dxyz=(0.0000, 0.0000, 0.0050)m
[20:31:53.607] [info] [ManualAdjust] 当前外参 [imu_0→cam_front]:
[20:31:53.607] [info]   旋转 RPY: (-2.3164, 0.3518, 1.0829) deg
[20:31:53.607] [info]   平移 XYZ: (-0.0307, -0.2420, 14.0396) m
[20:31:53.642] [debug] [ManualAdjust] 平移增量 dxyz=(0.0000, 0.0000, 0.0050)m
[20:31:53.642] [info] [ManualAdjust] 当前外参 [imu_0→cam_front]:
[20:31:53.642] [info]   旋转 RPY: (-2.3164, 0.3518, 1.0829) deg
[20:31:53.642] [info]   平移 XYZ: (-0.0307, -0.2420, 14.0446) m
[20:31:53.694] [debug] [ManualAdjust] 平移增量 dxyz=(0.0000, 0.0000, 0.0050)m
[20:31:53.694] [info] [ManualAdjust] 当前外参 [imu_0→cam_front]:
[20:31:53.694] [info]   旋转 RPY: (-2.3164, 0.3518, 1.0829) deg
[20:31:53.694] [info]   平移 XYZ: (-0.0307, -0.2420, 14.0496) m
[20:31:53.724] [debug] [ManualAdjust] 平移增量 dxyz=(0.0000, 0.0000, 0.0050)m
[20:31:53.724] [info] [ManualAdjust] 当前外参 [imu_0→cam_front]:
[20:31:53.724] [info]   旋转 RPY: (-2.3164, 0.3518, 1.0829) deg
[20:31:53.724] [info]   平移 XYZ: (-0.0307, -0.2420, 14.0546) m
[20:31:53.754] [debug] [ManualAdjust] 平移增量 dxyz=(0.0000, 0.0000, 0.0050)m
[20:31:53.754] [info] [ManualAdjust] 当前外参 [imu_0→cam_front]:
[20:31:53.754] [info]   旋转 RPY: (-2.3164, 0.3518, 1.0829) deg
[20:31:53.754] [info]   平移 XYZ: (-0.0307, -0.2420, 14.0596) m
[20:31:53.814] [debug] [ManualAdjust] 平移增量 dxyz=(0.0000, 0.0000, 0.0050)m
[20:31:53.814] [info] [ManualAdjust] 当前外参 [imu_0→cam_front]:
[20:31:53.814] [info]   旋转 RPY: (-2.3164, 0.3518, 1.0829) deg
[20:31:53.814] [info]   平移 XYZ: (-0.0307, -0.2420, 14.0646) m
[20:31:53.865] [debug] [ManualAdjust] 平移增量 dxyz=(0.0000, 0.0000, 0.0050)m
[20:31:53.865] [info] [ManualAdjust] 当前外参 [imu_0→cam_front]:
[20:31:53.865] [info]   旋转 RPY: (-2.3164, 0.3518, 1.0829) deg
[20:31:53.865] [info]   平移 XYZ: (-0.0307, -0.2420, 14.0696) m
[20:31:53.898] [debug] [ManualAdjust] 平移增量 dxyz=(0.0000, 0.0000, 0.0050)m
[20:31:53.898] [info] [ManualAdjust] 当前外参 [imu_0→cam_front]:
[20:31:53.898] [info]   旋转 RPY: (-2.3164, 0.3518, 1.0829) deg
[20:31:53.898] [info]   平移 XYZ: (-0.0307, -0.2420, 14.0746) m
[20:31:53.937] [debug] [ManualAdjust] 平移增量 dxyz=(0.0000, 0.0000, 0.0050)m
[20:31:53.937] [info] [ManualAdjust] 当前外参 [imu_0→cam_front]:
[20:31:53.937] [info]   旋转 RPY: (-2.3164, 0.3518, 1.0829) deg
[20:31:53.937] [info]   平移 XYZ: (-0.0307, -0.2420, 14.0796) m
[20:31:53.967] [debug] [ManualAdjust] 平移增量 dxyz=(0.0000, 0.0000, 0.0050)m
[20:31:53.967] [info] [ManualAdjust] 当前外参 [imu_0→cam_front]:
[20:31:53.967] [info]   旋转 RPY: (-2.3164, 0.3518, 1.0829) deg
[20:31:53.967] [info]   平移 XYZ: (-0.0307, -0.2420, 14.0846) m
[20:31:54.015] [debug] [ManualAdjust] 平移增量 dxyz=(0.0000, 0.0000, 0.0050)m
[20:31:54.015] [info] [ManualAdjust] 当前外参 [imu_0→cam_front]:
[20:31:54.015] [info]   旋转 RPY: (-2.3164, 0.3518, 1.0829) deg
[20:31:54.015] [info]   平移 XYZ: (-0.0307, -0.2420, 14.0896) m
[20:31:54.044] [debug] [ManualAdjust] 平移增量 dxyz=(0.0000, 0.0000, 0.0050)m
[20:31:54.044] [info] [ManualAdjust] 当前外参 [imu_0→cam_front]:
[20:31:54.044] [info]   旋转 RPY: (-2.3164, 0.3518, 1.0829) deg
[20:31:54.044] [info]   平移 XYZ: (-0.0307, -0.2420, 14.0946) m
[20:31:54.076] [debug] [ManualAdjust] 平移增量 dxyz=(0.0000, 0.0000, 0.0050)m
[20:31:54.076] [info] [ManualAdjust] 当前外参 [imu_0→cam_front]:
[20:31:54.076] [info]   旋转 RPY: (-2.3164, 0.3518, 1.0829) deg
[20:31:54.076] [info]   平移 XYZ: (-0.0307, -0.2420, 14.0996) m
[20:31:54.122] [debug] [ManualAdjust] 平移增量 dxyz=(0.0000, 0.0000, 0.0050)m
[20:31:54.122] [info] [ManualAdjust] 当前外参 [imu_0→cam_front]:
[20:31:54.122] [info]   旋转 RPY: (-2.3164, 0.3518, 1.0829) deg
[20:31:54.122] [info]   平移 XYZ: (-0.0307, -0.2420, 14.1046) m
[20:31:54.152] [debug] [ManualAdjust] 平移增量 dxyz=(0.0000, 0.0000, 0.0050)m
[20:31:54.152] [info] [ManualAdjust] 当前外参 [imu_0→cam_front]:
[20:31:54.152] [info]   旋转 RPY: (-2.3164, 0.3518, 1.0829) deg
[20:31:54.152] [info]   平移 XYZ: (-0.0307, -0.2420, 14.1096) m
[20:31:54.194] [debug] [ManualAdjust] 平移增量 dxyz=(0.0000, 0.0000, 0.0050)m
[20:31:54.194] [info] [ManualAdjust] 当前外参 [imu_0→cam_front]:
[20:31:54.194] [info]   旋转 RPY: (-2.3164, 0.3518, 1.0829) deg
[20:31:54.194] [info]   平移 XYZ: (-0.0307, -0.2420, 14.1146) m
[20:31:54.223] [debug] [ManualAdjust] 平移增量 dxyz=(0.0000, 0.0000, 0.0050)m
[20:31:54.223] [info] [ManualAdjust] 当前外参 [imu_0→cam_front]:
[20:31:54.223] [info]   旋转 RPY: (-2.3164, 0.3518, 1.0829) deg
[20:31:54.223] [info]   平移 XYZ: (-0.0307, -0.2420, 14.1196) m
[20:31:54.253] [debug] [ManualAdjust] 平移增量 dxyz=(0.0000, 0.0000, 0.0050)m
[20:31:54.253] [info] [ManualAdjust] 当前外参 [imu_0→cam_front]:
[20:31:54.253] [info]   旋转 RPY: (-2.3164, 0.3518, 1.0829) deg
[20:31:54.253] [info]   平移 XYZ: (-0.0307, -0.2420, 14.1246) m
[20:31:54.311] [debug] [ManualAdjust] 平移增量 dxyz=(0.0000, 0.0000, 0.0050)m
[20:31:54.311] [info] [ManualAdjust] 当前外参 [imu_0→cam_front]:
[20:31:54.311] [info]   旋转 RPY: (-2.3164, 0.3518, 1.0829) deg
[20:31:54.311] [info]   平移 XYZ: (-0.0307, -0.2420, 14.1296) m
[20:31:54.340] [debug] [ManualAdjust] 平移增量 dxyz=(0.0000, 0.0000, 0.0050)m
[20:31:54.340] [info] [ManualAdjust] 当前外参 [imu_0→cam_front]:
[20:31:54.340] [info]   旋转 RPY: (-2.3164, 0.3518, 1.0829) deg
[20:31:54.340] [info]   平移 XYZ: (-0.0307, -0.2420, 14.1346) m
[20:31:54.398] [debug] [ManualAdjust] 平移增量 dxyz=(0.0000, 0.0000, 0.0050)m
[20:31:54.398] [info] [ManualAdjust] 当前外参 [imu_0→cam_front]:
[20:31:54.398] [info]   旋转 RPY: (-2.3164, 0.3518, 1.0829) deg
[20:31:54.398] [info]   平移 XYZ: (-0.0307, -0.2420, 14.1396) m
[20:31:54.428] [debug] [ManualAdjust] 平移增量 dxyz=(0.0000, 0.0000, 0.0050)m
[20:31:54.428] [info] [ManualAdjust] 当前外参 [imu_0→cam_front]:
[20:31:54.428] [info]   旋转 RPY: (-2.3164, 0.3518, 1.0829) deg
[20:31:54.428] [info]   平移 XYZ: (-0.0307, -0.2420, 14.1446) m
[20:31:54.481] [debug] [ManualAdjust] 平移增量 dxyz=(0.0000, 0.0000, 0.0050)m
[20:31:54.481] [info] [ManualAdjust] 当前外参 [imu_0→cam_front]:
[20:31:54.481] [info]   旋转 RPY: (-2.3164, 0.3518, 1.0829) deg
[20:31:54.481] [info]   平移 XYZ: (-0.0307, -0.2420, 14.1496) m
[20:31:54.511] [debug] [ManualAdjust] 平移增量 dxyz=(0.0000, 0.0000, 0.0050)m
[20:31:54.511] [info] [ManualAdjust] 当前外参 [imu_0→cam_front]:
[20:31:54.511] [info]   旋转 RPY: (-2.3164, 0.3518, 1.0829) deg
[20:31:54.511] [info]   平移 XYZ: (-0.0307, -0.2420, 14.1546) m
[20:31:54.577] [debug] [ManualAdjust] 平移增量 dxyz=(0.0000, 0.0000, 0.0050)m
[20:31:54.577] [info] [ManualAdjust] 当前外参 [imu_0→cam_front]:
[20:31:54.577] [info]   旋转 RPY: (-2.3164, 0.3518, 1.0829) deg
[20:31:54.577] [info]   平移 XYZ: (-0.0307, -0.2420, 14.1596) m
[20:31:54.607] [debug] [ManualAdjust] 平移增量 dxyz=(0.0000, 0.0000, 0.0050)m
[20:31:54.607] [info] [ManualAdjust] 当前外参 [imu_0→cam_front]:
[20:31:54.607] [info]   旋转 RPY: (-2.3164, 0.3518, 1.0829) deg
[20:31:54.607] [info]   平移 XYZ: (-0.0307, -0.2420, 14.1646) m
[20:31:54.639] [debug] [ManualAdjust] 平移增量 dxyz=(0.0000, 0.0000, 0.0050)m
[20:31:54.639] [info] [ManualAdjust] 当前外参 [imu_0→cam_front]:
[20:31:54.639] [info]   旋转 RPY: (-2.3164, 0.3518, 1.0829) deg
[20:31:54.639] [info]   平移 XYZ: (-0.0307, -0.2420, 14.1696) m
[20:31:54.672] [debug] [ManualAdjust] 平移增量 dxyz=(0.0000, 0.0000, 0.0050)m
[20:31:54.672] [info] [ManualAdjust] 当前外参 [imu_0→cam_front]:
[20:31:54.672] [info]   旋转 RPY: (-2.3164, 0.3518, 1.0829) deg
[20:31:54.672] [info]   平移 XYZ: (-0.0307, -0.2420, 14.1746) m
[20:31:54.703] [debug] [ManualAdjust] 平移增量 dxyz=(0.0000, 0.0000, 0.0050)m
[20:31:54.703] [info] [ManualAdjust] 当前外参 [imu_0→cam_front]:
[20:31:54.703] [info]   旋转 RPY: (-2.3164, 0.3518, 1.0829) deg
[20:31:54.703] [info]   平移 XYZ: (-0.0307, -0.2420, 14.1796) m
[20:31:54.733] [debug] [ManualAdjust] 平移增量 dxyz=(0.0000, 0.0000, 0.0050)m
[20:31:54.733] [info] [ManualAdjust] 当前外参 [imu_0→cam_front]:
[20:31:54.733] [info]   旋转 RPY: (-2.3164, 0.3518, 1.0829) deg
[20:31:54.733] [info]   平移 XYZ: (-0.0307, -0.2420, 14.1846) m
[20:31:54.771] [debug] [ManualAdjust] 平移增量 dxyz=(0.0000, 0.0000, 0.0050)m
[20:31:54.771] [info] [ManualAdjust] 当前外参 [imu_0→cam_front]:
[20:31:54.771] [info]   旋转 RPY: (-2.3164, 0.3518, 1.0829) deg
[20:31:54.771] [info]   平移 XYZ: (-0.0307, -0.2420, 14.1896) m
[20:31:54.802] [debug] [ManualAdjust] 平移增量 dxyz=(0.0000, 0.0000, 0.0050)m
[20:31:54.802] [info] [ManualAdjust] 当前外参 [imu_0→cam_front]:
[20:31:54.802] [info]   旋转 RPY: (-2.3164, 0.3518, 1.0829) deg
[20:31:54.802] [info]   平移 XYZ: (-0.0307, -0.2420, 14.1946) m
[20:31:54.844] [debug] [ManualAdjust] 平移增量 dxyz=(0.0000, 0.0000, 0.0050)m
[20:31:54.844] [info] [ManualAdjust] 当前外参 [imu_0→cam_front]:
[20:31:54.844] [info]   旋转 RPY: (-2.3164, 0.3518, 1.0829) deg
[20:31:54.844] [info]   平移 XYZ: (-0.0307, -0.2420, 14.1996) m
[20:31:54.884] [debug] [ManualAdjust] 平移增量 dxyz=(0.0000, 0.0000, 0.0050)m
[20:31:54.884] [info] [ManualAdjust] 当前外参 [imu_0→cam_front]:
[20:31:54.884] [info]   旋转 RPY: (-2.3164, 0.3518, 1.0829) deg
[20:31:54.884] [info]   平移 XYZ: (-0.0307, -0.2420, 14.2046) m
[20:31:54.914] [debug] [ManualAdjust] 平移增量 dxyz=(0.0000, 0.0000, 0.0050)m
[20:31:54.914] [info] [ManualAdjust] 当前外参 [imu_0→cam_front]:
[20:31:54.914] [info]   旋转 RPY: (-2.3164, 0.3518, 1.0829) deg
[20:31:54.914] [info]   平移 XYZ: (-0.0307, -0.2420, 14.2096) m
[20:31:54.974] [debug] [ManualAdjust] 平移增量 dxyz=(0.0000, 0.0000, 0.0050)m
[20:31:54.974] [info] [ManualAdjust] 当前外参 [imu_0→cam_front]:
[20:31:54.974] [info]   旋转 RPY: (-2.3164, 0.3518, 1.0829) deg
[20:31:54.974] [info]   平移 XYZ: (-0.0307, -0.2420, 14.2146) m
[20:31:55.020] [debug] [ManualAdjust] 平移增量 dxyz=(0.0000, 0.0000, 0.0050)m
[20:31:55.020] [info] [ManualAdjust] 当前外参 [imu_0→cam_front]:
[20:31:55.020] [info]   旋转 RPY: (-2.3164, 0.3518, 1.0829) deg
[20:31:55.020] [info]   平移 XYZ: (-0.0307, -0.2420, 14.2196) m
[20:31:55.048] [debug] [ManualAdjust] 平移增量 dxyz=(0.0000, 0.0000, 0.0050)m
[20:31:55.048] [info] [ManualAdjust] 当前外参 [imu_0→cam_front]:
[20:31:55.048] [info]   旋转 RPY: (-2.3164, 0.3518, 1.0829) deg
[20:31:55.048] [info]   平移 XYZ: (-0.0307, -0.2420, 14.2246) m
[20:31:55.078] [debug] [ManualAdjust] 平移增量 dxyz=(0.0000, 0.0000, 0.0050)m
[20:31:55.078] [info] [ManualAdjust] 当前外参 [imu_0→cam_front]:
[20:31:55.078] [info]   旋转 RPY: (-2.3164, 0.3518, 1.0829) deg
[20:31:55.078] [info]   平移 XYZ: (-0.0307, -0.2420, 14.2296) m
[20:31:55.113] [debug] [ManualAdjust] 平移增量 dxyz=(0.0000, 0.0000, 0.0050)m
[20:31:55.113] [info] [ManualAdjust] 当前外参 [imu_0→cam_front]:
[20:31:55.113] [info]   旋转 RPY: (-2.3164, 0.3518, 1.0829) deg
[20:31:55.113] [info]   平移 XYZ: (-0.0307, -0.2420, 14.2346) m
[20:31:55.151] [debug] [ManualAdjust] 平移增量 dxyz=(0.0000, 0.0000, 0.0050)m
[20:31:55.151] [info] [ManualAdjust] 当前外参 [imu_0→cam_front]:
[20:31:55.151] [info]   旋转 RPY: (-2.3164, 0.3518, 1.0829) deg
[20:31:55.151] [info]   平移 XYZ: (-0.0307, -0.2420, 14.2396) m
[20:31:55.183] [debug] [ManualAdjust] 平移增量 dxyz=(0.0000, 0.0000, 0.0050)m
[20:31:55.183] [info] [ManualAdjust] 当前外参 [imu_0→cam_front]:
[20:31:55.183] [info]   旋转 RPY: (-2.3164, 0.3518, 1.0829) deg
[20:31:55.183] [info]   平移 XYZ: (-0.0307, -0.2420, 14.2446) m
[20:31:55.235] [debug] [ManualAdjust] 平移增量 dxyz=(0.0000, 0.0000, 0.0050)m
[20:31:55.235] [info] [ManualAdjust] 当前外参 [imu_0→cam_front]:
[20:31:55.235] [info]   旋转 RPY: (-2.3164, 0.3518, 1.0829) deg
[20:31:55.235] [info]   平移 XYZ: (-0.0307, -0.2420, 14.2496) m
[20:31:55.265] [debug] [ManualAdjust] 平移增量 dxyz=(0.0000, 0.0000, 0.0050)m
[20:31:55.265] [info] [ManualAdjust] 当前外参 [imu_0→cam_front]:
[20:31:55.265] [info]   旋转 RPY: (-2.3164, 0.3518, 1.0829) deg
[20:31:55.265] [info]   平移 XYZ: (-0.0307, -0.2420, 14.2546) m
[20:31:55.318] [debug] [ManualAdjust] 平移增量 dxyz=(0.0000, 0.0000, 0.0050)m
[20:31:55.318] [info] [ManualAdjust] 当前外参 [imu_0→cam_front]:
[20:31:55.318] [info]   旋转 RPY: (-2.3164, 0.3518, 1.0829) deg
[20:31:55.318] [info]   平移 XYZ: (-0.0307, -0.2420, 14.2596) m
[20:31:55.364] [debug] [ManualAdjust] 平移增量 dxyz=(0.0000, 0.0000, 0.0050)m
[20:31:55.364] [info] [ManualAdjust] 当前外参 [imu_0→cam_front]:
[20:31:55.364] [info]   旋转 RPY: (-2.3164, 0.3518, 1.0829) deg
[20:31:55.364] [info]   平移 XYZ: (-0.0307, -0.2420, 14.2646) m
[20:31:55.391] [debug] [ManualAdjust] 平移增量 dxyz=(0.0000, 0.0000, 0.0050)m
[20:31:55.391] [info] [ManualAdjust] 当前外参 [imu_0→cam_front]:
[20:31:55.391] [info]   旋转 RPY: (-2.3164, 0.3518, 1.0829) deg
[20:31:55.391] [info]   平移 XYZ: (-0.0307, -0.2420, 14.2696) m
[20:31:55.424] [debug] [ManualAdjust] 平移增量 dxyz=(0.0000, 0.0000, 0.0050)m
[20:31:55.424] [info] [ManualAdjust] 当前外参 [imu_0→cam_front]:
[20:31:55.424] [info]   旋转 RPY: (-2.3164, 0.3518, 1.0829) deg
[20:31:55.424] [info]   平移 XYZ: (-0.0307, -0.2420, 14.2746) m
[20:31:55.482] [debug] [ManualAdjust] 平移增量 dxyz=(0.0000, 0.0000, 0.0050)m
[20:31:55.482] [info] [ManualAdjust] 当前外参 [imu_0→cam_front]:
[20:31:55.482] [info]   旋转 RPY: (-2.3164, 0.3518, 1.0829) deg
[20:31:55.482] [info]   平移 XYZ: (-0.0307, -0.2420, 14.2796) m
[20:31:55.514] [debug] [ManualAdjust] 平移增量 dxyz=(0.0000, 0.0000, 0.0050)m
[20:31:55.514] [info] [ManualAdjust] 当前外参 [imu_0→cam_front]:
[20:31:55.514] [info]   旋转 RPY: (-2.3164, 0.3518, 1.0829) deg
[20:31:55.514] [info]   平移 XYZ: (-0.0307, -0.2420, 14.2846) m
[20:31:55.551] [debug] [ManualAdjust] 平移增量 dxyz=(0.0000, 0.0000, 0.0050)m
[20:31:55.551] [info] [ManualAdjust] 当前外参 [imu_0→cam_front]:
[20:31:55.551] [info]   旋转 RPY: (-2.3164, 0.3518, 1.0829) deg
[20:31:55.551] [info]   平移 XYZ: (-0.0307, -0.2420, 14.2896) m
[20:31:55.581] [debug] [ManualAdjust] 平移增量 dxyz=(0.0000, 0.0000, 0.0050)m
[20:31:55.581] [info] [ManualAdjust] 当前外参 [imu_0→cam_front]:
[20:31:55.581] [info]   旋转 RPY: (-2.3164, 0.3518, 1.0829) deg
[20:31:55.581] [info]   平移 XYZ: (-0.0307, -0.2420, 14.2946) m
[20:31:55.611] [debug] [ManualAdjust] 平移增量 dxyz=(0.0000, 0.0000, 0.0050)m
[20:31:55.611] [info] [ManualAdjust] 当前外参 [imu_0→cam_front]:
[20:31:55.611] [info]   旋转 RPY: (-2.3164, 0.3518, 1.0829) deg
[20:31:55.611] [info]   平移 XYZ: (-0.0307, -0.2420, 14.2996) m
[20:31:55.668] [debug] [ManualAdjust] 平移增量 dxyz=(0.0000, 0.0000, 0.0050)m
[20:31:55.668] [info] [ManualAdjust] 当前外参 [imu_0→cam_front]:
[20:31:55.668] [info]   旋转 RPY: (-2.3164, 0.3518, 1.0829) deg
[20:31:55.668] [info]   平移 XYZ: (-0.0307, -0.2420, 14.3046) m
[20:31:55.698] [debug] [ManualAdjust] 平移增量 dxyz=(0.0000, 0.0000, 0.0050)m
[20:31:55.698] [info] [ManualAdjust] 当前外参 [imu_0→cam_front]:
[20:31:55.698] [info]   旋转 RPY: (-2.3164, 0.3518, 1.0829) deg
[20:31:55.698] [info]   平移 XYZ: (-0.0307, -0.2420, 14.3096) m
[20:31:55.735] [debug] [ManualAdjust] 平移增量 dxyz=(0.0000, 0.0000, 0.0050)m
[20:31:55.735] [info] [ManualAdjust] 当前外参 [imu_0→cam_front]:
[20:31:55.735] [info]   旋转 RPY: (-2.3164, 0.3518, 1.0829) deg
[20:31:55.735] [info]   平移 XYZ: (-0.0307, -0.2420, 14.3146) m
[20:31:55.773] [debug] [ManualAdjust] 平移增量 dxyz=(0.0000, 0.0000, 0.0050)m
[20:31:55.773] [info] [ManualAdjust] 当前外参 [imu_0→cam_front]:
[20:31:55.773] [info]   旋转 RPY: (-2.3164, 0.3518, 1.0829) deg
[20:31:55.773] [info]   平移 XYZ: (-0.0307, -0.2420, 14.3196) m
[20:31:55.821] [debug] [ManualAdjust] 平移增量 dxyz=(0.0000, 0.0000, 0.0050)m
[20:31:55.821] [info] [ManualAdjust] 当前外参 [imu_0→cam_front]:
[20:31:55.821] [info]   旋转 RPY: (-2.3164, 0.3518, 1.0829) deg
[20:31:55.821] [info]   平移 XYZ: (-0.0307, -0.2420, 14.3246) m
[20:31:55.863] [debug] [ManualAdjust] 平移增量 dxyz=(0.0000, 0.0000, 0.0050)m
[20:31:55.863] [info] [ManualAdjust] 当前外参 [imu_0→cam_front]:
[20:31:55.863] [info]   旋转 RPY: (-2.3164, 0.3518, 1.0829) deg
[20:31:55.863] [info]   平移 XYZ: (-0.0307, -0.2420, 14.3296) m
[20:31:55.892] [debug] [ManualAdjust] 平移增量 dxyz=(0.0000, 0.0000, 0.0050)m
[20:31:55.893] [info] [ManualAdjust] 当前外参 [imu_0→cam_front]:
[20:31:55.893] [info]   旋转 RPY: (-2.3164, 0.3518, 1.0829) deg
[20:31:55.893] [info]   平移 XYZ: (-0.0307, -0.2420, 14.3346) m
[20:31:55.946] [debug] [ManualAdjust] 平移增量 dxyz=(0.0000, 0.0000, 0.0050)m
[20:31:55.946] [info] [ManualAdjust] 当前外参 [imu_0→cam_front]:
[20:31:55.946] [info]   旋转 RPY: (-2.3164, 0.3518, 1.0829) deg
[20:31:55.946] [info]   平移 XYZ: (-0.0307, -0.2420, 14.3396) m
[20:31:55.976] [debug] [ManualAdjust] 平移增量 dxyz=(0.0000, 0.0000, 0.0050)m
[20:31:55.976] [info] [ManualAdjust] 当前外参 [imu_0→cam_front]:
[20:31:55.976] [info]   旋转 RPY: (-2.3164, 0.3518, 1.0829) deg
[20:31:55.976] [info]   平移 XYZ: (-0.0307, -0.2420, 14.3446) m
[20:31:56.006] [debug] [ManualAdjust] 平移增量 dxyz=(0.0000, 0.0000, 0.0050)m
[20:31:56.006] [info] [ManualAdjust] 当前外参 [imu_0→cam_front]:
[20:31:56.006] [info]   旋转 RPY: (-2.3164, 0.3518, 1.0829) deg
[20:31:56.006] [info]   平移 XYZ: (-0.0307, -0.2420, 14.3496) m
[20:31:56.058] [debug] [ManualAdjust] 平移增量 dxyz=(0.0000, 0.0000, 0.0050)m
[20:31:56.058] [info] [ManualAdjust] 当前外参 [imu_0→cam_front]:
[20:31:56.058] [info]   旋转 RPY: (-2.3164, 0.3518, 1.0829) deg
[20:31:56.058] [info]   平移 XYZ: (-0.0307, -0.2420, 14.3546) m
[20:31:56.089] [debug] [ManualAdjust] 平移增量 dxyz=(0.0000, 0.0000, 0.0050)m
[20:31:56.089] [info] [ManualAdjust] 当前外参 [imu_0→cam_front]:
[20:31:56.089] [info]   旋转 RPY: (-2.3164, 0.3518, 1.0829) deg
[20:31:56.089] [info]   平移 XYZ: (-0.0307, -0.2420, 14.3596) m
[20:31:56.130] [debug] [ManualAdjust] 平移增量 dxyz=(0.0000, 0.0000, 0.0050)m
[20:31:56.130] [info] [ManualAdjust] 当前外参 [imu_0→cam_front]:
[20:31:56.130] [info]   旋转 RPY: (-2.3164, 0.3518, 1.0829) deg
[20:31:56.130] [info]   平移 XYZ: (-0.0307, -0.2420, 14.3646) m
[20:31:56.159] [debug] [ManualAdjust] 平移增量 dxyz=(0.0000, 0.0000, 0.0050)m
[20:31:56.159] [info] [ManualAdjust] 当前外参 [imu_0→cam_front]:
[20:31:56.159] [info]   旋转 RPY: (-2.3164, 0.3518, 1.0829) deg
[20:31:56.159] [info]   平移 XYZ: (-0.0307, -0.2420, 14.3696) m
[20:31:56.189] [debug] [ManualAdjust] 平移增量 dxyz=(0.0000, 0.0000, 0.0050)m
[20:31:56.189] [info] [ManualAdjust] 当前外参 [imu_0→cam_front]:
[20:31:56.189] [info]   旋转 RPY: (-2.3164, 0.3518, 1.0829) deg
[20:31:56.189] [info]   平移 XYZ: (-0.0307, -0.2420, 14.3746) m
[20:31:56.219] [debug] [ManualAdjust] 平移增量 dxyz=(0.0000, 0.0000, 0.0050)m
[20:31:56.219] [info] [ManualAdjust] 当前外参 [imu_0→cam_front]:
[20:31:56.219] [info]   旋转 RPY: (-2.3164, 0.3518, 1.0829) deg
[20:31:56.219] [info]   平移 XYZ: (-0.0307, -0.2420, 14.3796) m
[20:31:56.279] [debug] [ManualAdjust] 平移增量 dxyz=(0.0000, 0.0000, 0.0050)m
[20:31:56.279] [info] [ManualAdjust] 当前外参 [imu_0→cam_front]:
[20:31:56.279] [info]   旋转 RPY: (-2.3164, 0.3518, 1.0829) deg
[20:31:56.279] [info]   平移 XYZ: (-0.0307, -0.2420, 14.3846) m
[20:31:56.328] [debug] [ManualAdjust] 平移增量 dxyz=(0.0000, 0.0000, 0.0050)m
[20:31:56.328] [info] [ManualAdjust] 当前外参 [imu_0→cam_front]:
[20:31:56.328] [info]   旋转 RPY: (-2.3164, 0.3518, 1.0829) deg
[20:31:56.328] [info]   平移 XYZ: (-0.0307, -0.2420, 14.3896) m
[20:31:56.354] [debug] [ManualAdjust] 平移增量 dxyz=(0.0000, 0.0000, 0.0050)m
[20:31:56.354] [info] [ManualAdjust] 当前外参 [imu_0→cam_front]:
[20:31:56.354] [info]   旋转 RPY: (-2.3164, 0.3518, 1.0829) deg
[20:31:56.354] [info]   平移 XYZ: (-0.0307, -0.2420, 14.3946) m
[20:31:56.385] [debug] [ManualAdjust] 平移增量 dxyz=(0.0000, 0.0000, 0.0050)m
[20:31:56.385] [info] [ManualAdjust] 当前外参 [imu_0→cam_front]:
[20:31:56.385] [info]   旋转 RPY: (-2.3164, 0.3518, 1.0829) deg
[20:31:56.385] [info]   平移 XYZ: (-0.0307, -0.2420, 14.3996) m
[20:31:56.444] [debug] [ManualAdjust] 平移增量 dxyz=(0.0000, 0.0000, 0.0050)m
[20:31:56.444] [info] [ManualAdjust] 当前外参 [imu_0→cam_front]:
[20:31:56.444] [info]   旋转 RPY: (-2.3164, 0.3518, 1.0829) deg
[20:31:56.444] [info]   平移 XYZ: (-0.0307, -0.2420, 14.4046) m
[20:31:56.482] [debug] [ManualAdjust] 平移增量 dxyz=(0.0000, 0.0000, 0.0050)m
[20:31:56.482] [info] [ManualAdjust] 当前外参 [imu_0→cam_front]:
[20:31:56.482] [info]   旋转 RPY: (-2.3164, 0.3518, 1.0829) deg
[20:31:56.482] [info]   平移 XYZ: (-0.0307, -0.2420, 14.4096) m
[20:31:56.513] [debug] [ManualAdjust] 平移增量 dxyz=(0.0000, 0.0000, 0.0050)m
[20:31:56.514] [info] [ManualAdjust] 当前外参 [imu_0→cam_front]:
[20:31:56.514] [info]   旋转 RPY: (-2.3164, 0.3518, 1.0829) deg
[20:31:56.514] [info]   平移 XYZ: (-0.0307, -0.2420, 14.4146) m
[20:31:56.544] [debug] [ManualAdjust] 平移增量 dxyz=(0.0000, 0.0000, 0.0050)m
[20:31:56.544] [info] [ManualAdjust] 当前外参 [imu_0→cam_front]:
[20:31:56.544] [info]   旋转 RPY: (-2.3164, 0.3518, 1.0829) deg
[20:31:56.544] [info]   平移 XYZ: (-0.0307, -0.2420, 14.4196) m
[20:31:56.578] [debug] [ManualAdjust] 平移增量 dxyz=(0.0000, 0.0000, 0.0050)m
[20:31:56.578] [info] [ManualAdjust] 当前外参 [imu_0→cam_front]:
[20:31:56.578] [info]   旋转 RPY: (-2.3164, 0.3518, 1.0829) deg
[20:31:56.578] [info]   平移 XYZ: (-0.0307, -0.2420, 14.4246) m
[20:31:56.608] [debug] [ManualAdjust] 平移增量 dxyz=(0.0000, 0.0000, 0.0050)m
[20:31:56.608] [info] [ManualAdjust] 当前外参 [imu_0→cam_front]:
[20:31:56.608] [info]   旋转 RPY: (-2.3164, 0.3518, 1.0829) deg
[20:31:56.608] [info]   平移 XYZ: (-0.0307, -0.2420, 14.4296) m
[20:31:56.651] [debug] [ManualAdjust] 平移增量 dxyz=(0.0000, 0.0000, 0.0050)m
[20:31:56.651] [info] [ManualAdjust] 当前外参 [imu_0→cam_front]:
[20:31:56.651] [info]   旋转 RPY: (-2.3164, 0.3518, 1.0829) deg
[20:31:56.651] [info]   平移 XYZ: (-0.0307, -0.2420, 14.4346) m
[20:31:56.680] [debug] [ManualAdjust] 平移增量 dxyz=(0.0000, 0.0000, 0.0050)m
[20:31:56.680] [info] [ManualAdjust] 当前外参 [imu_0→cam_front]:
[20:31:56.680] [info]   旋转 RPY: (-2.3164, 0.3518, 1.0829) deg
[20:31:56.680] [info]   平移 XYZ: (-0.0307, -0.2420, 14.4396) m
[20:31:56.711] [debug] [ManualAdjust] 平移增量 dxyz=(0.0000, 0.0000, 0.0050)m
[20:31:56.711] [info] [ManualAdjust] 当前外参 [imu_0→cam_front]:
[20:31:56.711] [info]   旋转 RPY: (-2.3164, 0.3518, 1.0829) deg
[20:31:56.711] [info]   平移 XYZ: (-0.0307, -0.2420, 14.4446) m
[20:31:56.773] [debug] [ManualAdjust] 平移增量 dxyz=(0.0000, 0.0000, 0.0050)m
[20:31:56.773] [info] [ManualAdjust] 当前外参 [imu_0→cam_front]:
[20:31:56.773] [info]   旋转 RPY: (-2.3164, 0.3518, 1.0829) deg
[20:31:56.773] [info]   平移 XYZ: (-0.0307, -0.2420, 14.4496) m
[20:31:56.803] [debug] [ManualAdjust] 平移增量 dxyz=(0.0000, 0.0000, 0.0050)m
[20:31:56.803] [info] [ManualAdjust] 当前外参 [imu_0→cam_front]:
[20:31:56.803] [info]   旋转 RPY: (-2.3164, 0.3518, 1.0829) deg
[20:31:56.803] [info]   平移 XYZ: (-0.0307, -0.2420, 14.4546) m
[20:31:56.832] [debug] [ManualAdjust] 平移增量 dxyz=(0.0000, 0.0000, 0.0050)m
[20:31:56.832] [info] [ManualAdjust] 当前外参 [imu_0→cam_front]:
[20:31:56.832] [info]   旋转 RPY: (-2.3164, 0.3518, 1.0829) deg
[20:31:56.832] [info]   平移 XYZ: (-0.0307, -0.2420, 14.4596) m
[20:31:56.865] [debug] [ManualAdjust] 平移增量 dxyz=(0.0000, 0.0000, 0.0050)m
[20:31:56.865] [info] [ManualAdjust] 当前外参 [imu_0→cam_front]:
[20:31:56.865] [info]   旋转 RPY: (-2.3164, 0.3518, 1.0829) deg
[20:31:56.865] [info]   平移 XYZ: (-0.0307, -0.2420, 14.4646) m
[20:31:56.919] [debug] [ManualAdjust] 平移增量 dxyz=(0.0000, 0.0000, 0.0050)m
[20:31:56.919] [info] [ManualAdjust] 当前外参 [imu_0→cam_front]:
[20:31:56.919] [info]   旋转 RPY: (-2.3164, 0.3518, 1.0829) deg
[20:31:56.919] [info]   平移 XYZ: (-0.0307, -0.2420, 14.4696) m
[20:31:56.955] [debug] [ManualAdjust] 平移增量 dxyz=(0.0000, 0.0000, 0.0050)m
[20:31:56.955] [info] [ManualAdjust] 当前外参 [imu_0→cam_front]:
[20:31:56.955] [info]   旋转 RPY: (-2.3164, 0.3518, 1.0829) deg
[20:31:56.955] [info]   平移 XYZ: (-0.0307, -0.2420, 14.4746) m
[20:31:56.985] [debug] [ManualAdjust] 平移增量 dxyz=(0.0000, 0.0000, 0.0050)m
[20:31:56.985] [info] [ManualAdjust] 当前外参 [imu_0→cam_front]:
[20:31:56.985] [info]   旋转 RPY: (-2.3164, 0.3518, 1.0829) deg
[20:31:56.985] [info]   平移 XYZ: (-0.0307, -0.2420, 14.4796) m
[20:31:57.041] [debug] [ManualAdjust] 平移增量 dxyz=(0.0000, 0.0000, 0.0050)m
[20:31:57.041] [info] [ManualAdjust] 当前外参 [imu_0→cam_front]:
[20:31:57.041] [info]   旋转 RPY: (-2.3164, 0.3518, 1.0829) deg
[20:31:57.041] [info]   平移 XYZ: (-0.0307, -0.2420, 14.4846) m
[20:31:57.072] [debug] [ManualAdjust] 平移增量 dxyz=(0.0000, 0.0000, 0.0050)m
[20:31:57.072] [info] [ManualAdjust] 当前外参 [imu_0→cam_front]:
[20:31:57.072] [info]   旋转 RPY: (-2.3164, 0.3518, 1.0829) deg
[20:31:57.072] [info]   平移 XYZ: (-0.0307, -0.2420, 14.4896) m
[20:31:57.139] [debug] [ManualAdjust] 平移增量 dxyz=(0.0000, 0.0000, 0.0050)m
[20:31:57.139] [info] [ManualAdjust] 当前外参 [imu_0→cam_front]:
[20:31:57.139] [info]   旋转 RPY: (-2.3164, 0.3518, 1.0829) deg
[20:31:57.139] [info]   平移 XYZ: (-0.0307, -0.2420, 14.4946) m
[20:31:57.169] [debug] [ManualAdjust] 平移增量 dxyz=(0.0000, 0.0000, 0.0050)m
[20:31:57.169] [info] [ManualAdjust] 当前外参 [imu_0→cam_front]:
[20:31:57.169] [info]   旋转 RPY: (-2.3164, 0.3518, 1.0829) deg
[20:31:57.169] [info]   平移 XYZ: (-0.0307, -0.2420, 14.4996) m
[20:31:57.223] [debug] [ManualAdjust] 平移增量 dxyz=(0.0000, 0.0000, 0.0050)m
[20:31:57.223] [info] [ManualAdjust] 当前外参 [imu_0→cam_front]:
[20:31:57.223] [info]   旋转 RPY: (-2.3164, 0.3518, 1.0829) deg
[20:31:57.223] [info]   平移 XYZ: (-0.0307, -0.2420, 14.5046) m
[20:31:57.269] [debug] [ManualAdjust] 平移增量 dxyz=(0.0000, 0.0000, 0.0050)m
[20:31:57.269] [info] [ManualAdjust] 当前外参 [imu_0→cam_front]:
[20:31:57.269] [info]   旋转 RPY: (-2.3164, 0.3518, 1.0829) deg
[20:31:57.269] [info]   平移 XYZ: (-0.0307, -0.2420, 14.5096) m
[20:31:57.309] [debug] [ManualAdjust] 平移增量 dxyz=(0.0000, 0.0000, 0.0050)m
[20:31:57.309] [info] [ManualAdjust] 当前外参 [imu_0→cam_front]:
[20:31:57.309] [info]   旋转 RPY: (-2.3164, 0.3518, 1.0829) deg
[20:31:57.309] [info]   平移 XYZ: (-0.0307, -0.2420, 14.5146) m
[20:31:57.354] [debug] [ManualAdjust] 平移增量 dxyz=(0.0000, 0.0000, 0.0050)m
[20:31:57.354] [info] [ManualAdjust] 当前外参 [imu_0→cam_front]:
[20:31:57.354] [info]   旋转 RPY: (-2.3164, 0.3518, 1.0829) deg
[20:31:57.354] [info]   平移 XYZ: (-0.0307, -0.2420, 14.5196) m
[20:31:57.385] [debug] [ManualAdjust] 平移增量 dxyz=(0.0000, 0.0000, 0.0050)m
[20:31:57.385] [info] [ManualAdjust] 当前外参 [imu_0→cam_front]:
[20:31:57.385] [info]   旋转 RPY: (-2.3164, 0.3518, 1.0829) deg
[20:31:57.385] [info]   平移 XYZ: (-0.0307, -0.2420, 14.5246) m
[20:31:57.416] [debug] [ManualAdjust] 平移增量 dxyz=(0.0000, 0.0000, 0.0050)m
[20:31:57.416] [info] [ManualAdjust] 当前外参 [imu_0→cam_front]:
[20:31:57.416] [info]   旋转 RPY: (-2.3164, 0.3518, 1.0829) deg
[20:31:57.416] [info]   平移 XYZ: (-0.0307, -0.2420, 14.5296) m
[20:31:57.448] [debug] [ManualAdjust] 平移增量 dxyz=(0.0000, 0.0000, 0.0050)m
[20:31:57.448] [info] [ManualAdjust] 当前外参 [imu_0→cam_front]:
[20:31:57.448] [info]   旋转 RPY: (-2.3164, 0.3518, 1.0829) deg
[20:31:57.448] [info]   平移 XYZ: (-0.0307, -0.2420, 14.5346) m
[20:31:57.478] [debug] [ManualAdjust] 平移增量 dxyz=(0.0000, 0.0000, 0.0050)m
[20:31:57.478] [info] [ManualAdjust] 当前外参 [imu_0→cam_front]:
[20:31:57.478] [info]   旋转 RPY: (-2.3164, 0.3518, 1.0829) deg
[20:31:57.478] [info]   平移 XYZ: (-0.0307, -0.2420, 14.5396) m
[20:31:57.510] [debug] [ManualAdjust] 平移增量 dxyz=(0.0000, 0.0000, 0.0050)m
[20:31:57.510] [info] [ManualAdjust] 当前外参 [imu_0→cam_front]:
[20:31:57.510] [info]   旋转 RPY: (-2.3164, 0.3518, 1.0829) deg
[20:31:57.510] [info]   平移 XYZ: (-0.0307, -0.2420, 14.5446) m
[20:31:57.566] [debug] [ManualAdjust] 平移增量 dxyz=(0.0000, 0.0000, 0.0050)m
[20:31:57.566] [info] [ManualAdjust] 当前外参 [imu_0→cam_front]:
[20:31:57.566] [info]   旋转 RPY: (-2.3164, 0.3518, 1.0829) deg
[20:31:57.566] [info]   平移 XYZ: (-0.0307, -0.2420, 14.5496) m
[20:31:57.597] [debug] [ManualAdjust] 平移增量 dxyz=(0.0000, 0.0000, 0.0050)m
[20:31:57.597] [info] [ManualAdjust] 当前外参 [imu_0→cam_front]:
[20:31:57.597] [info]   旋转 RPY: (-2.3164, 0.3518, 1.0829) deg
[20:31:57.597] [info]   平移 XYZ: (-0.0307, -0.2420, 14.5546) m
[20:31:57.646] [debug] [ManualAdjust] 平移增量 dxyz=(0.0000, 0.0000, 0.0050)m
[20:31:57.646] [info] [ManualAdjust] 当前外参 [imu_0→cam_front]:
[20:31:57.646] [info]   旋转 RPY: (-2.3164, 0.3518, 1.0829) deg
[20:31:57.646] [info]   平移 XYZ: (-0.0307, -0.2420, 14.5596) m
[20:31:57.693] [debug] [ManualAdjust] 平移增量 dxyz=(0.0000, 0.0000, 0.0050)m
[20:31:57.693] [info] [ManualAdjust] 当前外参 [imu_0→cam_front]:
[20:31:57.693] [info]   旋转 RPY: (-2.3164, 0.3518, 1.0829) deg
[20:31:57.693] [info]   平移 XYZ: (-0.0307, -0.2420, 14.5646) m
[20:31:57.727] [debug] [ManualAdjust] 平移增量 dxyz=(0.0000, 0.0000, 0.0050)m
[20:31:57.727] [info] [ManualAdjust] 当前外参 [imu_0→cam_front]:
[20:31:57.727] [info]   旋转 RPY: (-2.3164, 0.3518, 1.0829) deg
[20:31:57.727] [info]   平移 XYZ: (-0.0307, -0.2420, 14.5696) m
[20:31:57.772] [debug] [ManualAdjust] 平移增量 dxyz=(0.0000, 0.0000, 0.0050)m
[20:31:57.772] [info] [ManualAdjust] 当前外参 [imu_0→cam_front]:
[20:31:57.772] [info]   旋转 RPY: (-2.3164, 0.3518, 1.0829) deg
[20:31:57.772] [info]   平移 XYZ: (-0.0307, -0.2420, 14.5746) m
[20:31:57.813] [debug] [ManualAdjust] 平移增量 dxyz=(0.0000, 0.0000, 0.0050)m
[20:31:57.813] [info] [ManualAdjust] 当前外参 [imu_0→cam_front]:
[20:31:57.813] [info]   旋转 RPY: (-2.3164, 0.3518, 1.0829) deg
[20:31:57.813] [info]   平移 XYZ: (-0.0307, -0.2420, 14.5796) m
[20:31:57.861] [debug] [ManualAdjust] 平移增量 dxyz=(0.0000, 0.0000, 0.0050)m
[20:31:57.861] [info] [ManualAdjust] 当前外参 [imu_0→cam_front]:
[20:31:57.861] [info]   旋转 RPY: (-2.3164, 0.3518, 1.0829) deg
[20:31:57.861] [info]   平移 XYZ: (-0.0307, -0.2420, 14.5846) m
[20:31:57.906] [debug] [ManualAdjust] 平移增量 dxyz=(0.0000, 0.0000, 0.0050)m
[20:31:57.906] [info] [ManualAdjust] 当前外参 [imu_0→cam_front]:
[20:31:57.906] [info]   旋转 RPY: (-2.3164, 0.3518, 1.0829) deg
[20:31:57.906] [info]   平移 XYZ: (-0.0307, -0.2420, 14.5896) m
[20:31:57.958] [debug] [ManualAdjust] 平移增量 dxyz=(0.0000, 0.0000, 0.0050)m
[20:31:57.958] [info] [ManualAdjust] 当前外参 [imu_0→cam_front]:
[20:31:57.958] [info]   旋转 RPY: (-2.3164, 0.3518, 1.0829) deg
[20:31:57.958] [info]   平移 XYZ: (-0.0307, -0.2420, 14.5946) m
[20:31:57.986] [debug] [ManualAdjust] 平移增量 dxyz=(0.0000, 0.0000, 0.0050)m
[20:31:57.986] [info] [ManualAdjust] 当前外参 [imu_0→cam_front]:
[20:31:57.986] [info]   旋转 RPY: (-2.3164, 0.3518, 1.0829) deg
[20:31:57.986] [info]   平移 XYZ: (-0.0307, -0.2420, 14.5996) m
[20:31:58.034] [debug] [ManualAdjust] 平移增量 dxyz=(0.0000, 0.0000, 0.0050)m
[20:31:58.034] [info] [ManualAdjust] 当前外参 [imu_0→cam_front]:
[20:31:58.034] [info]   旋转 RPY: (-2.3164, 0.3518, 1.0829) deg
[20:31:58.034] [info]   平移 XYZ: (-0.0307, -0.2420, 14.6046) m
[20:31:58.065] [debug] [ManualAdjust] 平移增量 dxyz=(0.0000, 0.0000, 0.0050)m
[20:31:58.065] [info] [ManualAdjust] 当前外参 [imu_0→cam_front]:
[20:31:58.065] [info]   旋转 RPY: (-2.3164, 0.3518, 1.0829) deg
[20:31:58.065] [info]   平移 XYZ: (-0.0307, -0.2420, 14.6096) m
[20:31:58.101] [debug] [ManualAdjust] 平移增量 dxyz=(0.0000, 0.0000, 0.0050)m
[20:31:58.101] [info] [ManualAdjust] 当前外参 [imu_0→cam_front]:
[20:31:58.101] [info]   旋转 RPY: (-2.3164, 0.3518, 1.0829) deg
[20:31:58.101] [info]   平移 XYZ: (-0.0307, -0.2420, 14.6146) m
[20:31:58.132] [debug] [ManualAdjust] 平移增量 dxyz=(0.0000, 0.0000, 0.0050)m
[20:31:58.132] [info] [ManualAdjust] 当前外参 [imu_0→cam_front]:
[20:31:58.132] [info]   旋转 RPY: (-2.3164, 0.3518, 1.0829) deg
[20:31:58.132] [info]   平移 XYZ: (-0.0307, -0.2420, 14.6196) m
[20:31:58.190] [debug] [ManualAdjust] 平移增量 dxyz=(0.0000, 0.0000, 0.0050)m
[20:31:58.190] [info] [ManualAdjust] 当前外参 [imu_0→cam_front]:
[20:31:58.190] [info]   旋转 RPY: (-2.3164, 0.3518, 1.0829) deg
[20:31:58.190] [info]   平移 XYZ: (-0.0307, -0.2420, 14.6246) m
[20:31:58.223] [debug] [ManualAdjust] 平移增量 dxyz=(0.0000, 0.0000, 0.0050)m
[20:31:58.223] [info] [ManualAdjust] 当前外参 [imu_0→cam_front]:
[20:31:58.223] [info]   旋转 RPY: (-2.3164, 0.3518, 1.0829) deg
[20:31:58.223] [info]   平移 XYZ: (-0.0307, -0.2420, 14.6296) m
[20:31:58.252] [debug] [ManualAdjust] 平移增量 dxyz=(0.0000, 0.0000, 0.0050)m
[20:31:58.252] [info] [ManualAdjust] 当前外参 [imu_0→cam_front]:
[20:31:58.252] [info]   旋转 RPY: (-2.3164, 0.3518, 1.0829) deg
[20:31:58.252] [info]   平移 XYZ: (-0.0307, -0.2420, 14.6346) m
[20:31:58.305] [debug] [ManualAdjust] 平移增量 dxyz=(0.0000, 0.0000, 0.0050)m
[20:31:58.305] [info] [ManualAdjust] 当前外参 [imu_0→cam_front]:
[20:31:58.305] [info]   旋转 RPY: (-2.3164, 0.3518, 1.0829) deg
[20:31:58.305] [info]   平移 XYZ: (-0.0307, -0.2420, 14.6396) m
[20:31:58.338] [debug] [ManualAdjust] 平移增量 dxyz=(0.0000, 0.0000, 0.0050)m
[20:31:58.338] [info] [ManualAdjust] 当前外参 [imu_0→cam_front]:
[20:31:58.338] [info]   旋转 RPY: (-2.3164, 0.3518, 1.0829) deg
[20:31:58.338] [info]   平移 XYZ: (-0.0307, -0.2420, 14.6446) m
[20:31:58.368] [debug] [ManualAdjust] 平移增量 dxyz=(0.0000, 0.0000, 0.0050)m
[20:31:58.368] [info] [ManualAdjust] 当前外参 [imu_0→cam_front]:
[20:31:58.368] [info]   旋转 RPY: (-2.3164, 0.3518, 1.0829) deg
[20:31:58.368] [info]   平移 XYZ: (-0.0307, -0.2420, 14.6496) m
[20:31:58.414] [debug] [ManualAdjust] 平移增量 dxyz=(0.0000, 0.0000, 0.0050)m
[20:31:58.414] [info] [ManualAdjust] 当前外参 [imu_0→cam_front]:
[20:31:58.414] [info]   旋转 RPY: (-2.3164, 0.3518, 1.0829) deg
[20:31:58.414] [info]   平移 XYZ: (-0.0307, -0.2420, 14.6546) m
[20:31:58.453] [debug] [ManualAdjust] 平移增量 dxyz=(0.0000, 0.0000, 0.0050)m
[20:31:58.453] [info] [ManualAdjust] 当前外参 [imu_0→cam_front]:
[20:31:58.453] [info]   旋转 RPY: (-2.3164, 0.3518, 1.0829) deg
[20:31:58.453] [info]   平移 XYZ: (-0.0307, -0.2420, 14.6596) m
[20:31:58.499] [debug] [ManualAdjust] 平移增量 dxyz=(0.0000, 0.0000, 0.0050)m
[20:31:58.499] [info] [ManualAdjust] 当前外参 [imu_0→cam_front]:
[20:31:58.499] [info]   旋转 RPY: (-2.3164, 0.3518, 1.0829) deg
[20:31:58.499] [info]   平移 XYZ: (-0.0307, -0.2420, 14.6646) m
[20:31:58.529] [debug] [ManualAdjust] 平移增量 dxyz=(0.0000, 0.0000, 0.0050)m
[20:31:58.529] [info] [ManualAdjust] 当前外参 [imu_0→cam_front]:
[20:31:58.529] [info]   旋转 RPY: (-2.3164, 0.3518, 1.0829) deg
[20:31:58.529] [info]   平移 XYZ: (-0.0307, -0.2420, 14.6696) m
[20:31:58.561] [debug] [ManualAdjust] 平移增量 dxyz=(0.0000, 0.0000, 0.0050)m
[20:31:58.561] [info] [ManualAdjust] 当前外参 [imu_0→cam_front]:
[20:31:58.561] [info]   旋转 RPY: (-2.3164, 0.3518, 1.0829) deg
[20:31:58.561] [info]   平移 XYZ: (-0.0307, -0.2420, 14.6746) m
[20:31:58.602] [debug] [ManualAdjust] 平移增量 dxyz=(0.0000, 0.0000, 0.0050)m
[20:31:58.602] [info] [ManualAdjust] 当前外参 [imu_0→cam_front]:
[20:31:58.602] [info]   旋转 RPY: (-2.3164, 0.3518, 1.0829) deg
[20:31:58.602] [info]   平移 XYZ: (-0.0307, -0.2420, 14.6796) m
[20:31:58.635] [debug] [ManualAdjust] 平移增量 dxyz=(0.0000, 0.0000, 0.0050)m
[20:31:58.635] [info] [ManualAdjust] 当前外参 [imu_0→cam_front]:
[20:31:58.635] [info]   旋转 RPY: (-2.3164, 0.3518, 1.0829) deg
[20:31:58.635] [info]   平移 XYZ: (-0.0307, -0.2420, 14.6846) m
[20:31:58.664] [debug] [ManualAdjust] 平移增量 dxyz=(0.0000, 0.0000, 0.0050)m
[20:31:58.664] [info] [ManualAdjust] 当前外参 [imu_0→cam_front]:
[20:31:58.664] [info]   旋转 RPY: (-2.3164, 0.3518, 1.0829) deg
[20:31:58.664] [info]   平移 XYZ: (-0.0307, -0.2420, 14.6896) m
[20:31:58.725] [debug] [ManualAdjust] 平移增量 dxyz=(0.0000, 0.0000, 0.0050)m
[20:31:58.725] [info] [ManualAdjust] 当前外参 [imu_0→cam_front]:
[20:31:58.725] [info]   旋转 RPY: (-2.3164, 0.3518, 1.0829) deg
[20:31:58.725] [info]   平移 XYZ: (-0.0307, -0.2420, 14.6946) m
[20:31:58.772] [debug] [ManualAdjust] 平移增量 dxyz=(0.0000, 0.0000, 0.0050)m
[20:31:58.772] [info] [ManualAdjust] 当前外参 [imu_0→cam_front]:
[20:31:58.772] [info]   旋转 RPY: (-2.3164, 0.3518, 1.0829) deg
[20:31:58.772] [info]   平移 XYZ: (-0.0307, -0.2420, 14.6996) m
[20:31:58.808] [debug] [ManualAdjust] 平移增量 dxyz=(0.0000, 0.0000, 0.0050)m
[20:31:58.808] [info] [ManualAdjust] 当前外参 [imu_0→cam_front]:
[20:31:58.808] [info]   旋转 RPY: (-2.3164, 0.3518, 1.0829) deg
[20:31:58.808] [info]   平移 XYZ: (-0.0307, -0.2420, 14.7046) m
[20:31:58.838] [debug] [ManualAdjust] 平移增量 dxyz=(0.0000, 0.0000, 0.0050)m
[20:31:58.838] [info] [ManualAdjust] 当前外参 [imu_0→cam_front]:
[20:31:58.838] [info]   旋转 RPY: (-2.3164, 0.3518, 1.0829) deg
[20:31:58.838] [info]   平移 XYZ: (-0.0307, -0.2420, 14.7096) m
[20:31:58.888] [debug] [ManualAdjust] 平移增量 dxyz=(0.0000, 0.0000, 0.0050)m
[20:31:58.888] [info] [ManualAdjust] 当前外参 [imu_0→cam_front]:
[20:31:58.888] [info]   旋转 RPY: (-2.3164, 0.3518, 1.0829) deg
[20:31:58.888] [info]   平移 XYZ: (-0.0307, -0.2420, 14.7146) m
[20:31:58.926] [debug] [ManualAdjust] 平移增量 dxyz=(0.0000, 0.0000, 0.0050)m
[20:31:58.926] [info] [ManualAdjust] 当前外参 [imu_0→cam_front]:
[20:31:58.926] [info]   旋转 RPY: (-2.3164, 0.3518, 1.0829) deg
[20:31:58.926] [info]   平移 XYZ: (-0.0307, -0.2420, 14.7196) m
[20:31:58.957] [debug] [ManualAdjust] 平移增量 dxyz=(0.0000, 0.0000, 0.0050)m
[20:31:58.957] [info] [ManualAdjust] 当前外参 [imu_0→cam_front]:
[20:31:58.957] [info]   旋转 RPY: (-2.3164, 0.3518, 1.0829) deg
[20:31:58.957] [info]   平移 XYZ: (-0.0307, -0.2420, 14.7246) m
[20:31:58.987] [debug] [ManualAdjust] 平移增量 dxyz=(0.0000, 0.0000, 0.0050)m
[20:31:58.987] [info] [ManualAdjust] 当前外参 [imu_0→cam_front]:
[20:31:58.987] [info]   旋转 RPY: (-2.3164, 0.3518, 1.0829) deg
[20:31:58.987] [info]   平移 XYZ: (-0.0307, -0.2420, 14.7296) m
[20:31:59.043] [debug] [ManualAdjust] 平移增量 dxyz=(0.0000, 0.0000, 0.0050)m
[20:31:59.043] [info] [ManualAdjust] 当前外参 [imu_0→cam_front]:
[20:31:59.043] [info]   旋转 RPY: (-2.3164, 0.3518, 1.0829) deg
[20:31:59.043] [info]   平移 XYZ: (-0.0307, -0.2420, 14.7346) m
[20:31:59.075] [debug] [ManualAdjust] 平移增量 dxyz=(0.0000, 0.0000, 0.0050)m
[20:31:59.075] [info] [ManualAdjust] 当前外参 [imu_0→cam_front]:
[20:31:59.075] [info]   旋转 RPY: (-2.3164, 0.3518, 1.0829) deg
[20:31:59.075] [info]   平移 XYZ: (-0.0307, -0.2420, 14.7396) m
[20:31:59.105] [debug] [ManualAdjust] 平移增量 dxyz=(0.0000, 0.0000, 0.0050)m
[20:31:59.105] [info] [ManualAdjust] 当前外参 [imu_0→cam_front]:
[20:31:59.105] [info]   旋转 RPY: (-2.3164, 0.3518, 1.0829) deg
[20:31:59.105] [info]   平移 XYZ: (-0.0307, -0.2420, 14.7446) m
[20:31:59.150] [debug] [ManualAdjust] 平移增量 dxyz=(0.0000, 0.0000, 0.0050)m
[20:31:59.150] [info] [ManualAdjust] 当前外参 [imu_0→cam_front]:
[20:31:59.150] [info]   旋转 RPY: (-2.3164, 0.3518, 1.0829) deg
[20:31:59.150] [info]   平移 XYZ: (-0.0307, -0.2420, 14.7496) m
[20:31:59.181] [debug] [ManualAdjust] 平移增量 dxyz=(0.0000, 0.0000, 0.0050)m
[20:31:59.181] [info] [ManualAdjust] 当前外参 [imu_0→cam_front]:
[20:31:59.181] [info]   旋转 RPY: (-2.3164, 0.3518, 1.0829) deg
[20:31:59.181] [info]   平移 XYZ: (-0.0307, -0.2420, 14.7546) m
[20:31:59.233] [debug] [ManualAdjust] 平移增量 dxyz=(0.0000, 0.0000, 0.0050)m
[20:31:59.233] [info] [ManualAdjust] 当前外参 [imu_0→cam_front]:
[20:31:59.233] [info]   旋转 RPY: (-2.3164, 0.3518, 1.0829) deg
[20:31:59.233] [info]   平移 XYZ: (-0.0307, -0.2420, 14.7596) m
[20:31:59.265] [debug] [ManualAdjust] 平移增量 dxyz=(0.0000, 0.0000, 0.0050)m
[20:31:59.265] [info] [ManualAdjust] 当前外参 [imu_0→cam_front]:
[20:31:59.265] [info]   旋转 RPY: (-2.3164, 0.3518, 1.0829) deg
[20:31:59.265] [info]   平移 XYZ: (-0.0307, -0.2420, 14.7646) m
[20:31:59.319] [debug] [ManualAdjust] 平移增量 dxyz=(0.0000, 0.0000, 0.0050)m
[20:31:59.319] [info] [ManualAdjust] 当前外参 [imu_0→cam_front]:
[20:31:59.319] [info]   旋转 RPY: (-2.3164, 0.3518, 1.0829) deg
[20:31:59.319] [info]   平移 XYZ: (-0.0307, -0.2420, 14.7696) m
[20:31:59.347] [debug] [ManualAdjust] 平移增量 dxyz=(0.0000, 0.0000, 0.0050)m
[20:31:59.347] [info] [ManualAdjust] 当前外参 [imu_0→cam_front]:
[20:31:59.347] [info]   旋转 RPY: (-2.3164, 0.3518, 1.0829) deg
[20:31:59.347] [info]   平移 XYZ: (-0.0307, -0.2420, 14.7746) m
[20:31:59.377] [debug] [ManualAdjust] 平移增量 dxyz=(0.0000, 0.0000, 0.0050)m
[20:31:59.377] [info] [ManualAdjust] 当前外参 [imu_0→cam_front]:
[20:31:59.378] [info]   旋转 RPY: (-2.3164, 0.3518, 1.0829) deg
[20:31:59.378] [info]   平移 XYZ: (-0.0307, -0.2420, 14.7796) m
[20:31:59.436] [debug] [ManualAdjust] 平移增量 dxyz=(0.0000, 0.0000, 0.0050)m
[20:31:59.436] [info] [ManualAdjust] 当前外参 [imu_0→cam_front]:
[20:31:59.436] [info]   旋转 RPY: (-2.3164, 0.3518, 1.0829) deg
[20:31:59.436] [info]   平移 XYZ: (-0.0307, -0.2420, 14.7846) m
[20:31:59.466] [debug] [ManualAdjust] 平移增量 dxyz=(0.0000, 0.0000, 0.0050)m
[20:31:59.466] [info] [ManualAdjust] 当前外参 [imu_0→cam_front]:
[20:31:59.466] [info]   旋转 RPY: (-2.3164, 0.3518, 1.0829) deg
[20:31:59.466] [info]   平移 XYZ: (-0.0307, -0.2420, 14.7896) m
[20:31:59.517] [debug] [ManualAdjust] 平移增量 dxyz=(0.0000, 0.0000, 0.0050)m
[20:31:59.517] [info] [ManualAdjust] 当前外参 [imu_0→cam_front]:
[20:31:59.517] [info]   旋转 RPY: (-2.3164, 0.3518, 1.0829) deg
[20:31:59.517] [info]   平移 XYZ: (-0.0307, -0.2420, 14.7946) m
[20:31:59.547] [debug] [ManualAdjust] 平移增量 dxyz=(0.0000, 0.0000, 0.0050)m
[20:31:59.547] [info] [ManualAdjust] 当前外参 [imu_0→cam_front]:
[20:31:59.547] [info]   旋转 RPY: (-2.3164, 0.3518, 1.0829) deg
[20:31:59.547] [info]   平移 XYZ: (-0.0307, -0.2420, 14.7996) m
[20:31:59.577] [debug] [ManualAdjust] 平移增量 dxyz=(0.0000, 0.0000, 0.0050)m
[20:31:59.577] [info] [ManualAdjust] 当前外参 [imu_0→cam_front]:
[20:31:59.577] [info]   旋转 RPY: (-2.3164, 0.3518, 1.0829) deg
[20:31:59.577] [info]   平移 XYZ: (-0.0307, -0.2420, 14.8046) m
[20:31:59.607] [debug] [ManualAdjust] 平移增量 dxyz=(0.0000, 0.0000, 0.0050)m
[20:31:59.607] [info] [ManualAdjust] 当前外参 [imu_0→cam_front]:
[20:31:59.607] [info]   旋转 RPY: (-2.3164, 0.3518, 1.0829) deg
[20:31:59.607] [info]   平移 XYZ: (-0.0307, -0.2420, 14.8096) m
[20:31:59.636] [debug] [ManualAdjust] 平移增量 dxyz=(0.0000, 0.0000, 0.0050)m
[20:31:59.636] [info] [ManualAdjust] 当前外参 [imu_0→cam_front]:
[20:31:59.636] [info]   旋转 RPY: (-2.3164, 0.3518, 1.0829) deg
[20:31:59.636] [info]   平移 XYZ: (-0.0307, -0.2420, 14.8146) m
[20:31:59.692] [debug] [ManualAdjust] 平移增量 dxyz=(0.0000, 0.0000, 0.0050)m
[20:31:59.692] [info] [ManualAdjust] 当前外参 [imu_0→cam_front]:
[20:31:59.692] [info]   旋转 RPY: (-2.3164, 0.3518, 1.0829) deg
[20:31:59.692] [info]   平移 XYZ: (-0.0307, -0.2420, 14.8196) m
[20:31:59.745] [debug] [ManualAdjust] 平移增量 dxyz=(0.0000, 0.0000, 0.0050)m
[20:31:59.745] [info] [ManualAdjust] 当前外参 [imu_0→cam_front]:
[20:31:59.745] [info]   旋转 RPY: (-2.3164, 0.3518, 1.0829) deg
[20:31:59.745] [info]   平移 XYZ: (-0.0307, -0.2420, 14.8246) m
[20:31:59.777] [debug] [ManualAdjust] 平移增量 dxyz=(0.0000, 0.0000, 0.0050)m
[20:31:59.777] [info] [ManualAdjust] 当前外参 [imu_0→cam_front]:
[20:31:59.777] [info]   旋转 RPY: (-2.3164, 0.3518, 1.0829) deg
[20:31:59.777] [info]   平移 XYZ: (-0.0307, -0.2420, 14.8296) m
[20:31:59.808] [debug] [ManualAdjust] 平移增量 dxyz=(0.0000, 0.0000, 0.0050)m
[20:31:59.808] [info] [ManualAdjust] 当前外参 [imu_0→cam_front]:
[20:31:59.808] [info]   旋转 RPY: (-2.3164, 0.3518, 1.0829) deg
[20:31:59.808] [info]   平移 XYZ: (-0.0307, -0.2420, 14.8346) m
[20:31:59.849] [debug] [ManualAdjust] 平移增量 dxyz=(0.0000, 0.0000, 0.0050)m
[20:31:59.849] [info] [ManualAdjust] 当前外参 [imu_0→cam_front]:
[20:31:59.849] [info]   旋转 RPY: (-2.3164, 0.3518, 1.0829) deg
[20:31:59.849] [info]   平移 XYZ: (-0.0307, -0.2420, 14.8396) m
[20:31:59.884] [debug] [ManualAdjust] 平移增量 dxyz=(0.0000, 0.0000, 0.0050)m
[20:31:59.884] [info] [ManualAdjust] 当前外参 [imu_0→cam_front]:
[20:31:59.884] [info]   旋转 RPY: (-2.3164, 0.3518, 1.0829) deg
[20:31:59.884] [info]   平移 XYZ: (-0.0307, -0.2420, 14.8446) m
[20:31:59.929] [debug] [ManualAdjust] 平移增量 dxyz=(0.0000, 0.0000, 0.0050)m
[20:31:59.929] [info] [ManualAdjust] 当前外参 [imu_0→cam_front]:
[20:31:59.929] [info]   旋转 RPY: (-2.3164, 0.3518, 1.0829) deg
[20:31:59.929] [info]   平移 XYZ: (-0.0307, -0.2420, 14.8496) m
[20:31:59.962] [debug] [ManualAdjust] 平移增量 dxyz=(0.0000, 0.0000, 0.0050)m
[20:31:59.962] [info] [ManualAdjust] 当前外参 [imu_0→cam_front]:
[20:31:59.962] [info]   旋转 RPY: (-2.3164, 0.3518, 1.0829) deg
[20:31:59.962] [info]   平移 XYZ: (-0.0307, -0.2420, 14.8546) m
[20:32:00.008] [debug] [ManualAdjust] 平移增量 dxyz=(0.0000, 0.0000, 0.0050)m
[20:32:00.008] [info] [ManualAdjust] 当前外参 [imu_0→cam_front]:
[20:32:00.008] [info]   旋转 RPY: (-2.3164, 0.3518, 1.0829) deg
[20:32:00.008] [info]   平移 XYZ: (-0.0307, -0.2420, 14.8596) m
[20:32:00.038] [debug] [ManualAdjust] 平移增量 dxyz=(0.0000, 0.0000, 0.0050)m
[20:32:00.038] [info] [ManualAdjust] 当前外参 [imu_0→cam_front]:
[20:32:00.038] [info]   旋转 RPY: (-2.3164, 0.3518, 1.0829) deg
[20:32:00.038] [info]   平移 XYZ: (-0.0307, -0.2420, 14.8646) m
[20:32:00.080] [debug] [ManualAdjust] 平移增量 dxyz=(0.0000, 0.0000, 0.0050)m
[20:32:00.080] [info] [ManualAdjust] 当前外参 [imu_0→cam_front]:
[20:32:00.080] [info]   旋转 RPY: (-2.3164, 0.3518, 1.0829) deg
[20:32:00.080] [info]   平移 XYZ: (-0.0307, -0.2420, 14.8696) m
[20:32:00.113] [debug] [ManualAdjust] 平移增量 dxyz=(0.0000, 0.0000, 0.0050)m
[20:32:00.113] [info] [ManualAdjust] 当前外参 [imu_0→cam_front]:
[20:32:00.113] [info]   旋转 RPY: (-2.3164, 0.3518, 1.0829) deg
[20:32:00.113] [info]   平移 XYZ: (-0.0307, -0.2420, 14.8746) m
[20:32:00.159] [debug] [ManualAdjust] 平移增量 dxyz=(0.0000, 0.0000, 0.0050)m
[20:32:00.159] [info] [ManualAdjust] 当前外参 [imu_0→cam_front]:
[20:32:00.159] [info]   旋转 RPY: (-2.3164, 0.3518, 1.0829) deg
[20:32:00.159] [info]   平移 XYZ: (-0.0307, -0.2420, 14.8796) m
[20:32:00.192] [debug] [ManualAdjust] 平移增量 dxyz=(0.0000, 0.0000, 0.0050)m
[20:32:00.192] [info] [ManualAdjust] 当前外参 [imu_0→cam_front]:
[20:32:00.192] [info]   旋转 RPY: (-2.3164, 0.3518, 1.0829) deg
[20:32:00.192] [info]   平移 XYZ: (-0.0307, -0.2420, 14.8846) m
[20:32:00.222] [debug] [ManualAdjust] 平移增量 dxyz=(0.0000, 0.0000, 0.0050)m
[20:32:00.222] [info] [ManualAdjust] 当前外参 [imu_0→cam_front]:
[20:32:00.222] [info]   旋转 RPY: (-2.3164, 0.3518, 1.0829) deg
[20:32:00.222] [info]   平移 XYZ: (-0.0307, -0.2420, 14.8896) m
[20:32:00.276] [debug] [ManualAdjust] 平移增量 dxyz=(0.0000, 0.0000, 0.0050)m
[20:32:00.276] [info] [ManualAdjust] 当前外参 [imu_0→cam_front]:
[20:32:00.276] [info]   旋转 RPY: (-2.3164, 0.3518, 1.0829) deg
[20:32:00.276] [info]   平移 XYZ: (-0.0307, -0.2420, 14.8946) m
[20:32:00.308] [debug] [ManualAdjust] 平移增量 dxyz=(0.0000, 0.0000, 0.0050)m
[20:32:00.308] [info] [ManualAdjust] 当前外参 [imu_0→cam_front]:
[20:32:00.308] [info]   旋转 RPY: (-2.3164, 0.3518, 1.0829) deg
[20:32:00.308] [info]   平移 XYZ: (-0.0307, -0.2420, 14.8996) m
[20:32:00.360] [debug] [ManualAdjust] 平移增量 dxyz=(0.0000, 0.0000, 0.0050)m
[20:32:00.360] [info] [ManualAdjust] 当前外参 [imu_0→cam_front]:
[20:32:00.360] [info]   旋转 RPY: (-2.3164, 0.3518, 1.0829) deg
[20:32:00.360] [info]   平移 XYZ: (-0.0307, -0.2420, 14.9046) m
[20:32:00.392] [debug] [ManualAdjust] 平移增量 dxyz=(0.0000, 0.0000, 0.0050)m
[20:32:00.392] [info] [ManualAdjust] 当前外参 [imu_0→cam_front]:
[20:32:00.392] [info]   旋转 RPY: (-2.3164, 0.3518, 1.0829) deg
[20:32:00.392] [info]   平移 XYZ: (-0.0307, -0.2420, 14.9096) m
[20:32:00.440] [debug] [ManualAdjust] 平移增量 dxyz=(0.0000, 0.0000, 0.0050)m
[20:32:00.440] [info] [ManualAdjust] 当前外参 [imu_0→cam_front]:
[20:32:00.440] [info]   旋转 RPY: (-2.3164, 0.3518, 1.0829) deg
[20:32:00.440] [info]   平移 XYZ: (-0.0307, -0.2420, 14.9146) m
[20:32:00.482] [debug] [ManualAdjust] 平移增量 dxyz=(0.0000, 0.0000, 0.0050)m
[20:32:00.482] [info] [ManualAdjust] 当前外参 [imu_0→cam_front]:
[20:32:00.482] [info]   旋转 RPY: (-2.3164, 0.3518, 1.0829) deg
[20:32:00.482] [info]   平移 XYZ: (-0.0307, -0.2420, 14.9196) m
[20:32:00.512] [debug] [ManualAdjust] 平移增量 dxyz=(0.0000, 0.0000, 0.0050)m
[20:32:00.512] [info] [ManualAdjust] 当前外参 [imu_0→cam_front]:
[20:32:00.512] [info]   旋转 RPY: (-2.3164, 0.3518, 1.0829) deg
[20:32:00.512] [info]   平移 XYZ: (-0.0307, -0.2420, 14.9246) m
[20:32:00.559] [debug] [ManualAdjust] 平移增量 dxyz=(0.0000, 0.0000, 0.0050)m
[20:32:00.559] [info] [ManualAdjust] 当前外参 [imu_0→cam_front]:
[20:32:00.559] [info]   旋转 RPY: (-2.3164, 0.3518, 1.0829) deg
[20:32:00.559] [info]   平移 XYZ: (-0.0307, -0.2420, 14.9296) m
[20:32:00.592] [debug] [ManualAdjust] 平移增量 dxyz=(0.0000, 0.0000, 0.0050)m
[20:32:00.592] [info] [ManualAdjust] 当前外参 [imu_0→cam_front]:
[20:32:00.592] [info]   旋转 RPY: (-2.3164, 0.3518, 1.0829) deg
[20:32:00.592] [info]   平移 XYZ: (-0.0307, -0.2420, 14.9346) m
[20:32:00.637] [debug] [ManualAdjust] 平移增量 dxyz=(0.0000, 0.0000, 0.0050)m
[20:32:00.637] [info] [ManualAdjust] 当前外参 [imu_0→cam_front]:
[20:32:00.637] [info]   旋转 RPY: (-2.3164, 0.3518, 1.0829) deg
[20:32:00.637] [info]   平移 XYZ: (-0.0307, -0.2420, 14.9396) m
[20:32:00.674] [debug] [ManualAdjust] 平移增量 dxyz=(0.0000, 0.0000, 0.0050)m
[20:32:00.674] [info] [ManualAdjust] 当前外参 [imu_0→cam_front]:
[20:32:00.674] [info]   旋转 RPY: (-2.3164, 0.3518, 1.0829) deg
[20:32:00.674] [info]   平移 XYZ: (-0.0307, -0.2420, 14.9446) m
[20:32:00.705] [debug] [ManualAdjust] 平移增量 dxyz=(0.0000, 0.0000, 0.0050)m
[20:32:00.705] [info] [ManualAdjust] 当前外参 [imu_0→cam_front]:
[20:32:00.705] [info]   旋转 RPY: (-2.3164, 0.3518, 1.0829) deg
[20:32:00.705] [info]   平移 XYZ: (-0.0307, -0.2420, 14.9496) m
[20:32:00.768] [debug] [ManualAdjust] 平移增量 dxyz=(0.0000, 0.0000, 0.0050)m
[20:32:00.768] [info] [ManualAdjust] 当前外参 [imu_0→cam_front]:
[20:32:00.768] [info]   旋转 RPY: (-2.3164, 0.3518, 1.0829) deg
[20:32:00.768] [info]   平移 XYZ: (-0.0307, -0.2420, 14.9546) m
[20:32:00.798] [debug] [ManualAdjust] 平移增量 dxyz=(0.0000, 0.0000, 0.0050)m
[20:32:00.798] [info] [ManualAdjust] 当前外参 [imu_0→cam_front]:
[20:32:00.798] [info]   旋转 RPY: (-2.3164, 0.3518, 1.0829) deg
[20:32:00.798] [info]   平移 XYZ: (-0.0307, -0.2420, 14.9596) m
[20:32:00.854] [debug] [ManualAdjust] 平移增量 dxyz=(0.0000, 0.0000, 0.0050)m
[20:32:00.855] [info] [ManualAdjust] 当前外参 [imu_0→cam_front]:
[20:32:00.855] [info]   旋转 RPY: (-2.3164, 0.3518, 1.0829) deg
[20:32:00.855] [info]   平移 XYZ: (-0.0307, -0.2420, 14.9646) m
[20:32:00.886] [debug] [ManualAdjust] 平移增量 dxyz=(0.0000, 0.0000, 0.0050)m
[20:32:00.886] [info] [ManualAdjust] 当前外参 [imu_0→cam_front]:
[20:32:00.886] [info]   旋转 RPY: (-2.3164, 0.3518, 1.0829) deg
[20:32:00.886] [info]   平移 XYZ: (-0.0307, -0.2420, 14.9696) m
[20:32:00.936] [debug] [ManualAdjust] 平移增量 dxyz=(0.0000, 0.0000, 0.0050)m
[20:32:00.936] [info] [ManualAdjust] 当前外参 [imu_0→cam_front]:
[20:32:00.936] [info]   旋转 RPY: (-2.3164, 0.3518, 1.0829) deg
[20:32:00.936] [info]   平移 XYZ: (-0.0307, -0.2420, 14.9746) m
[20:32:00.972] [debug] [ManualAdjust] 平移增量 dxyz=(0.0000, 0.0000, 0.0050)m
[20:32:00.972] [info] [ManualAdjust] 当前外参 [imu_0→cam_front]:
[20:32:00.972] [info]   旋转 RPY: (-2.3164, 0.3518, 1.0829) deg
[20:32:00.972] [info]   平移 XYZ: (-0.0307, -0.2420, 14.9796) m
[20:32:01.001] [debug] [ManualAdjust] 平移增量 dxyz=(0.0000, 0.0000, 0.0050)m
[20:32:01.001] [info] [ManualAdjust] 当前外参 [imu_0→cam_front]:
[20:32:01.001] [info]   旋转 RPY: (-2.3164, 0.3518, 1.0829) deg
[20:32:01.001] [info]   平移 XYZ: (-0.0307, -0.2420, 14.9846) m
[20:32:01.036] [debug] [ManualAdjust] 平移增量 dxyz=(0.0000, 0.0000, 0.0050)m
[20:32:01.036] [info] [ManualAdjust] 当前外参 [imu_0→cam_front]:
[20:32:01.036] [info]   旋转 RPY: (-2.3164, 0.3518, 1.0829) deg
[20:32:01.036] [info]   平移 XYZ: (-0.0307, -0.2420, 14.9896) m
[20:32:01.070] [debug] [ManualAdjust] 平移增量 dxyz=(0.0000, 0.0000, 0.0050)m
[20:32:01.071] [info] [ManualAdjust] 当前外参 [imu_0→cam_front]:
[20:32:01.071] [info]   旋转 RPY: (-2.3164, 0.3518, 1.0829) deg
[20:32:01.071] [info]   平移 XYZ: (-0.0307, -0.2420, 14.9946) m
[20:32:01.101] [debug] [ManualAdjust] 平移增量 dxyz=(0.0000, 0.0000, 0.0050)m
[20:32:01.101] [info] [ManualAdjust] 当前外参 [imu_0→cam_front]:
[20:32:01.101] [info]   旋转 RPY: (-2.3164, 0.3518, 1.0829) deg
[20:32:01.101] [info]   平移 XYZ: (-0.0307, -0.2420, 14.9996) m
[20:32:01.162] [debug] [ManualAdjust] 平移增量 dxyz=(0.0000, 0.0000, 0.0050)m
[20:32:01.162] [info] [ManualAdjust] 当前外参 [imu_0→cam_front]:
[20:32:01.162] [info]   旋转 RPY: (-2.3164, 0.3518, 1.0829) deg
[20:32:01.162] [info]   平移 XYZ: (-0.0307, -0.2420, 15.0046) m
[20:32:01.202] [debug] [ManualAdjust] 平移增量 dxyz=(0.0000, 0.0000, 0.0050)m
[20:32:01.202] [info] [ManualAdjust] 当前外参 [imu_0→cam_front]:
[20:32:01.202] [info]   旋转 RPY: (-2.3164, 0.3518, 1.0829) deg
[20:32:01.202] [info]   平移 XYZ: (-0.0307, -0.2420, 15.0096) m
[20:32:01.237] [debug] [ManualAdjust] 平移增量 dxyz=(0.0000, 0.0000, 0.0050)m
[20:32:01.237] [info] [ManualAdjust] 当前外参 [imu_0→cam_front]:
[20:32:01.238] [info]   旋转 RPY: (-2.3164, 0.3518, 1.0829) deg
[20:32:01.238] [info]   平移 XYZ: (-0.0307, -0.2420, 15.0146) m
[20:32:01.268] [debug] [ManualAdjust] 平移增量 dxyz=(0.0000, 0.0000, 0.0050)m
[20:32:01.268] [info] [ManualAdjust] 当前外参 [imu_0→cam_front]:
[20:32:01.268] [info]   旋转 RPY: (-2.3164, 0.3518, 1.0829) deg
[20:32:01.268] [info]   平移 XYZ: (-0.0307, -0.2420, 15.0196) m
[20:32:01.329] [debug] [ManualAdjust] 平移增量 dxyz=(0.0000, 0.0000, 0.0050)m
[20:32:01.329] [info] [ManualAdjust] 当前外参 [imu_0→cam_front]:
[20:32:01.329] [info]   旋转 RPY: (-2.3164, 0.3518, 1.0829) deg
[20:32:01.329] [info]   平移 XYZ: (-0.0307, -0.2420, 15.0246) m
[20:32:01.359] [debug] [ManualAdjust] 平移增量 dxyz=(0.0000, 0.0000, 0.0050)m
[20:32:01.359] [info] [ManualAdjust] 当前外参 [imu_0→cam_front]:
[20:32:01.359] [info]   旋转 RPY: (-2.3164, 0.3518, 1.0829) deg
[20:32:01.359] [info]   平移 XYZ: (-0.0307, -0.2420, 15.0296) m
[20:32:01.409] [debug] [ManualAdjust] 平移增量 dxyz=(0.0000, 0.0000, 0.0050)m
[20:32:01.409] [info] [ManualAdjust] 当前外参 [imu_0→cam_front]:
[20:32:01.409] [info]   旋转 RPY: (-2.3164, 0.3518, 1.0829) deg
[20:32:01.409] [info]   平移 XYZ: (-0.0307, -0.2420, 15.0346) m
[20:32:01.448] [debug] [ManualAdjust] 平移增量 dxyz=(0.0000, 0.0000, 0.0050)m
[20:32:01.448] [info] [ManualAdjust] 当前外参 [imu_0→cam_front]:
[20:32:01.448] [info]   旋转 RPY: (-2.3164, 0.3518, 1.0829) deg
[20:32:01.448] [info]   平移 XYZ: (-0.0307, -0.2420, 15.0396) m
[20:32:01.478] [debug] [ManualAdjust] 平移增量 dxyz=(0.0000, 0.0000, 0.0050)m
[20:32:01.478] [info] [ManualAdjust] 当前外参 [imu_0→cam_front]:
[20:32:01.478] [info]   旋转 RPY: (-2.3164, 0.3518, 1.0829) deg
[20:32:01.478] [info]   平移 XYZ: (-0.0307, -0.2420, 15.0446) m
[20:32:01.533] [debug] [ManualAdjust] 平移增量 dxyz=(0.0000, 0.0000, 0.0050)m
[20:32:01.533] [info] [ManualAdjust] 当前外参 [imu_0→cam_front]:
[20:32:01.533] [info]   旋转 RPY: (-2.3164, 0.3518, 1.0829) deg
[20:32:01.533] [info]   平移 XYZ: (-0.0307, -0.2420, 15.0496) m
[20:32:01.576] [debug] [ManualAdjust] 平移增量 dxyz=(0.0000, 0.0000, 0.0050)m
[20:32:01.577] [info] [ManualAdjust] 当前外参 [imu_0→cam_front]:
[20:32:01.577] [info]   旋转 RPY: (-2.3164, 0.3518, 1.0829) deg
[20:32:01.577] [info]   平移 XYZ: (-0.0307, -0.2420, 15.0546) m
[20:32:01.606] [debug] [ManualAdjust] 平移增量 dxyz=(0.0000, 0.0000, 0.0050)m
[20:32:01.606] [info] [ManualAdjust] 当前外参 [imu_0→cam_front]:
[20:32:01.606] [info]   旋转 RPY: (-2.3164, 0.3518, 1.0829) deg
[20:32:01.606] [info]   平移 XYZ: (-0.0307, -0.2420, 15.0596) m
[20:32:01.636] [debug] [ManualAdjust] 平移增量 dxyz=(0.0000, 0.0000, 0.0050)m
[20:32:01.636] [info] [ManualAdjust] 当前外参 [imu_0→cam_front]:
[20:32:01.636] [info]   旋转 RPY: (-2.3164, 0.3518, 1.0829) deg
[20:32:01.636] [info]   平移 XYZ: (-0.0307, -0.2420, 15.0646) m
[20:32:01.691] [debug] [ManualAdjust] 平移增量 dxyz=(0.0000, 0.0000, 0.0050)m
[20:32:01.691] [info] [ManualAdjust] 当前外参 [imu_0→cam_front]:
[20:32:01.691] [info]   旋转 RPY: (-2.3164, 0.3518, 1.0829) deg
[20:32:01.691] [info]   平移 XYZ: (-0.0307, -0.2420, 15.0696) m
[20:32:01.721] [debug] [ManualAdjust] 平移增量 dxyz=(0.0000, 0.0000, 0.0050)m
[20:32:01.721] [info] [ManualAdjust] 当前外参 [imu_0→cam_front]:
[20:32:01.721] [info]   旋转 RPY: (-2.3164, 0.3518, 1.0829) deg
[20:32:01.721] [info]   平移 XYZ: (-0.0307, -0.2420, 15.0746) m
[20:32:01.776] [debug] [ManualAdjust] 平移增量 dxyz=(0.0000, 0.0000, 0.0050)m
[20:32:01.776] [info] [ManualAdjust] 当前外参 [imu_0→cam_front]:
[20:32:01.776] [info]   旋转 RPY: (-2.3164, 0.3518, 1.0829) deg
[20:32:01.776] [info]   平移 XYZ: (-0.0307, -0.2420, 15.0796) m
[20:32:01.821] [debug] [ManualAdjust] 平移增量 dxyz=(0.0000, 0.0000, 0.0050)m
[20:32:01.821] [info] [ManualAdjust] 当前外参 [imu_0→cam_front]:
[20:32:01.821] [info]   旋转 RPY: (-2.3164, 0.3518, 1.0829) deg
[20:32:01.821] [info]   平移 XYZ: (-0.0307, -0.2420, 15.0846) m
[20:32:01.854] [debug] [ManualAdjust] 平移增量 dxyz=(0.0000, 0.0000, 0.0050)m
[20:32:01.854] [info] [ManualAdjust] 当前外参 [imu_0→cam_front]:
[20:32:01.854] [info]   旋转 RPY: (-2.3164, 0.3518, 1.0829) deg
[20:32:01.854] [info]   平移 XYZ: (-0.0307, -0.2420, 15.0896) m
[20:32:01.886] [debug] [ManualAdjust] 平移增量 dxyz=(0.0000, 0.0000, 0.0050)m
[20:32:01.886] [info] [ManualAdjust] 当前外参 [imu_0→cam_front]:
[20:32:01.886] [info]   旋转 RPY: (-2.3164, 0.3518, 1.0829) deg
[20:32:01.886] [info]   平移 XYZ: (-0.0307, -0.2420, 15.0946) m
[20:32:01.945] [debug] [ManualAdjust] 平移增量 dxyz=(0.0000, 0.0000, 0.0050)m
[20:32:01.945] [info] [ManualAdjust] 当前外参 [imu_0→cam_front]:
[20:32:01.945] [info]   旋转 RPY: (-2.3164, 0.3518, 1.0829) deg
[20:32:01.945] [info]   平移 XYZ: (-0.0307, -0.2420, 15.0996) m
[20:32:01.982] [debug] [ManualAdjust] 平移增量 dxyz=(0.0000, 0.0000, 0.0050)m
[20:32:01.982] [info] [ManualAdjust] 当前外参 [imu_0→cam_front]:
[20:32:01.982] [info]   旋转 RPY: (-2.3164, 0.3518, 1.0829) deg
[20:32:01.982] [info]   平移 XYZ: (-0.0307, -0.2420, 15.1046) m
[20:32:02.014] [debug] [ManualAdjust] 平移增量 dxyz=(0.0000, 0.0000, 0.0050)m
[20:32:02.014] [info] [ManualAdjust] 当前外参 [imu_0→cam_front]:
[20:32:02.014] [info]   旋转 RPY: (-2.3164, 0.3518, 1.0829) deg
[20:32:02.014] [info]   平移 XYZ: (-0.0307, -0.2420, 15.1096) m
[20:32:02.053] [debug] [ManualAdjust] 平移增量 dxyz=(0.0000, 0.0000, 0.0050)m
[20:32:02.053] [info] [ManualAdjust] 当前外参 [imu_0→cam_front]:
[20:32:02.053] [info]   旋转 RPY: (-2.3164, 0.3518, 1.0829) deg
[20:32:02.053] [info]   平移 XYZ: (-0.0307, -0.2420, 15.1146) m
[20:32:02.095] [debug] [ManualAdjust] 平移增量 dxyz=(0.0000, 0.0000, 0.0050)m
[20:32:02.095] [info] [ManualAdjust] 当前外参 [imu_0→cam_front]:
[20:32:02.095] [info]   旋转 RPY: (-2.3164, 0.3518, 1.0829) deg
[20:32:02.095] [info]   平移 XYZ: (-0.0307, -0.2420, 15.1196) m
[20:32:02.143] [debug] [ManualAdjust] 平移增量 dxyz=(0.0000, 0.0000, 0.0050)m
[20:32:02.143] [info] [ManualAdjust] 当前外参 [imu_0→cam_front]:
[20:32:02.143] [info]   旋转 RPY: (-2.3164, 0.3518, 1.0829) deg
[20:32:02.143] [info]   平移 XYZ: (-0.0307, -0.2420, 15.1246) m
[20:32:02.172] [debug] [ManualAdjust] 平移增量 dxyz=(0.0000, 0.0000, 0.0050)m
[20:32:02.172] [info] [ManualAdjust] 当前外参 [imu_0→cam_front]:
[20:32:02.172] [info]   旋转 RPY: (-2.3164, 0.3518, 1.0829) deg
[20:32:02.172] [info]   平移 XYZ: (-0.0307, -0.2420, 15.1296) m
[20:32:02.202] [debug] [ManualAdjust] 平移增量 dxyz=(0.0000, 0.0000, 0.0050)m
[20:32:02.202] [info] [ManualAdjust] 当前外参 [imu_0→cam_front]:
[20:32:02.202] [info]   旋转 RPY: (-2.3164, 0.3518, 1.0829) deg
[20:32:02.202] [info]   平移 XYZ: (-0.0307, -0.2420, 15.1346) m
[20:32:02.257] [debug] [ManualAdjust] 平移增量 dxyz=(0.0000, 0.0000, 0.0050)m
[20:32:02.257] [info] [ManualAdjust] 当前外参 [imu_0→cam_front]:
[20:32:02.257] [info]   旋转 RPY: (-2.3164, 0.3518, 1.0829) deg
[20:32:02.257] [info]   平移 XYZ: (-0.0307, -0.2420, 15.1396) m
[20:32:02.287] [debug] [ManualAdjust] 平移增量 dxyz=(0.0000, 0.0000, 0.0050)m
[20:32:02.287] [info] [ManualAdjust] 当前外参 [imu_0→cam_front]:
[20:32:02.287] [info]   旋转 RPY: (-2.3164, 0.3518, 1.0829) deg
[20:32:02.287] [info]   平移 XYZ: (-0.0307, -0.2420, 15.1446) m
[20:32:02.324] [debug] [ManualAdjust] 平移增量 dxyz=(0.0000, 0.0000, 0.0050)m
[20:32:02.324] [info] [ManualAdjust] 当前外参 [imu_0→cam_front]:
[20:32:02.324] [info]   旋转 RPY: (-2.3164, 0.3518, 1.0829) deg
[20:32:02.324] [info]   平移 XYZ: (-0.0307, -0.2420, 15.1496) m
[20:32:02.353] [debug] [ManualAdjust] 平移增量 dxyz=(0.0000, 0.0000, 0.0050)m
[20:32:02.353] [info] [ManualAdjust] 当前外参 [imu_0→cam_front]:
[20:32:02.353] [info]   旋转 RPY: (-2.3164, 0.3518, 1.0829) deg
[20:32:02.353] [info]   平移 XYZ: (-0.0307, -0.2420, 15.1546) m
[20:32:02.383] [debug] [ManualAdjust] 平移增量 dxyz=(0.0000, 0.0000, 0.0050)m
[20:32:02.383] [info] [ManualAdjust] 当前外参 [imu_0→cam_front]:
[20:32:02.383] [info]   旋转 RPY: (-2.3164, 0.3518, 1.0829) deg
[20:32:02.383] [info]   平移 XYZ: (-0.0307, -0.2420, 15.1596) m
[20:32:02.437] [debug] [ManualAdjust] 平移增量 dxyz=(0.0000, 0.0000, 0.0050)m
[20:32:02.437] [info] [ManualAdjust] 当前外参 [imu_0→cam_front]:
[20:32:02.437] [info]   旋转 RPY: (-2.3164, 0.3518, 1.0829) deg
[20:32:02.437] [info]   平移 XYZ: (-0.0307, -0.2420, 15.1646) m
[20:32:02.487] [debug] [ManualAdjust] 平移增量 dxyz=(0.0000, 0.0000, 0.0050)m
[20:32:02.487] [info] [ManualAdjust] 当前外参 [imu_0→cam_front]:
[20:32:02.487] [info]   旋转 RPY: (-2.3164, 0.3518, 1.0829) deg
[20:32:02.487] [info]   平移 XYZ: (-0.0307, -0.2420, 15.1696) m
[20:32:02.520] [debug] [ManualAdjust] 平移增量 dxyz=(0.0000, 0.0000, 0.0050)m
[20:32:02.520] [info] [ManualAdjust] 当前外参 [imu_0→cam_front]:
[20:32:02.520] [info]   旋转 RPY: (-2.3164, 0.3518, 1.0829) deg
[20:32:02.520] [info]   平移 XYZ: (-0.0307, -0.2420, 15.1746) m
[20:32:02.568] [debug] [ManualAdjust] 平移增量 dxyz=(0.0000, 0.0000, 0.0050)m
[20:32:02.568] [info] [ManualAdjust] 当前外参 [imu_0→cam_front]:
[20:32:02.568] [info]   旋转 RPY: (-2.3164, 0.3518, 1.0829) deg
[20:32:02.568] [info]   平移 XYZ: (-0.0307, -0.2420, 15.1796) m
[20:32:02.599] [debug] [ManualAdjust] 平移增量 dxyz=(0.0000, 0.0000, 0.0050)m
[20:32:02.599] [info] [ManualAdjust] 当前外参 [imu_0→cam_front]:
[20:32:02.599] [info]   旋转 RPY: (-2.3164, 0.3518, 1.0829) deg
[20:32:02.599] [info]   平移 XYZ: (-0.0307, -0.2420, 15.1846) m
[20:32:02.630] [debug] [ManualAdjust] 平移增量 dxyz=(0.0000, 0.0000, 0.0050)m
[20:32:02.630] [info] [ManualAdjust] 当前外参 [imu_0→cam_front]:
[20:32:02.630] [info]   旋转 RPY: (-2.3164, 0.3518, 1.0829) deg
[20:32:02.630] [info]   平移 XYZ: (-0.0307, -0.2420, 15.1896) m
[20:32:02.683] [debug] [ManualAdjust] 平移增量 dxyz=(0.0000, 0.0000, 0.0050)m
[20:32:02.683] [info] [ManualAdjust] 当前外参 [imu_0→cam_front]:
[20:32:02.683] [info]   旋转 RPY: (-2.3164, 0.3518, 1.0829) deg
[20:32:02.683] [info]   平移 XYZ: (-0.0307, -0.2420, 15.1946) m
[20:32:02.731] [debug] [ManualAdjust] 平移增量 dxyz=(0.0000, 0.0000, 0.0050)m
[20:32:02.731] [info] [ManualAdjust] 当前外参 [imu_0→cam_front]:
[20:32:02.731] [info]   旋转 RPY: (-2.3164, 0.3518, 1.0829) deg
[20:32:02.731] [info]   平移 XYZ: (-0.0307, -0.2420, 15.1996) m
[20:32:02.770] [debug] [ManualAdjust] 平移增量 dxyz=(0.0000, 0.0000, 0.0050)m
[20:32:02.770] [info] [ManualAdjust] 当前外参 [imu_0→cam_front]:
[20:32:02.770] [info]   旋转 RPY: (-2.3164, 0.3518, 1.0829) deg
[20:32:02.770] [info]   平移 XYZ: (-0.0307, -0.2420, 15.2046) m
[20:32:02.799] [debug] [ManualAdjust] 平移增量 dxyz=(0.0000, 0.0000, 0.0050)m
[20:32:02.800] [info] [ManualAdjust] 当前外参 [imu_0→cam_front]:
[20:32:02.800] [info]   旋转 RPY: (-2.3164, 0.3518, 1.0829) deg
[20:32:02.800] [info]   平移 XYZ: (-0.0307, -0.2420, 15.2096) m
[20:32:02.833] [debug] [ManualAdjust] 平移增量 dxyz=(0.0000, 0.0000, 0.0050)m
[20:32:02.833] [info] [ManualAdjust] 当前外参 [imu_0→cam_front]:
[20:32:02.833] [info]   旋转 RPY: (-2.3164, 0.3518, 1.0829) deg
[20:32:02.833] [info]   平移 XYZ: (-0.0307, -0.2420, 15.2146) m
[20:32:02.863] [debug] [ManualAdjust] 平移增量 dxyz=(0.0000, 0.0000, 0.0050)m
[20:32:02.863] [info] [ManualAdjust] 当前外参 [imu_0→cam_front]:
[20:32:02.863] [info]   旋转 RPY: (-2.3164, 0.3518, 1.0829) deg
[20:32:02.863] [info]   平移 XYZ: (-0.0307, -0.2420, 15.2196) m
[20:32:02.893] [debug] [ManualAdjust] 平移增量 dxyz=(0.0000, 0.0000, 0.0050)m
[20:32:02.893] [info] [ManualAdjust] 当前外参 [imu_0→cam_front]:
[20:32:02.893] [info]   旋转 RPY: (-2.3164, 0.3518, 1.0829) deg
[20:32:02.893] [info]   平移 XYZ: (-0.0307, -0.2420, 15.2246) m
[20:32:02.924] [debug] [ManualAdjust] 平移增量 dxyz=(0.0000, 0.0000, 0.0050)m
[20:32:02.924] [info] [ManualAdjust] 当前外参 [imu_0→cam_front]:
[20:32:02.924] [info]   旋转 RPY: (-2.3164, 0.3518, 1.0829) deg
[20:32:02.924] [info]   平移 XYZ: (-0.0307, -0.2420, 15.2296) m
[20:32:02.961] [debug] [ManualAdjust] 平移增量 dxyz=(0.0000, 0.0000, 0.0050)m
[20:32:02.961] [info] [ManualAdjust] 当前外参 [imu_0→cam_front]:
[20:32:02.961] [info]   旋转 RPY: (-2.3164, 0.3518, 1.0829) deg
[20:32:02.961] [info]   平移 XYZ: (-0.0307, -0.2420, 15.2346) m
[20:32:03.006] [debug] [ManualAdjust] 平移增量 dxyz=(0.0000, 0.0000, 0.0050)m
[20:32:03.006] [info] [ManualAdjust] 当前外参 [imu_0→cam_front]:
[20:32:03.006] [info]   旋转 RPY: (-2.3164, 0.3518, 1.0829) deg
[20:32:03.006] [info]   平移 XYZ: (-0.0307, -0.2420, 15.2396) m
[20:32:03.037] [debug] [ManualAdjust] 平移增量 dxyz=(0.0000, 0.0000, 0.0050)m
[20:32:03.037] [info] [ManualAdjust] 当前外参 [imu_0→cam_front]:
[20:32:03.037] [info]   旋转 RPY: (-2.3164, 0.3518, 1.0829) deg
[20:32:03.037] [info]   平移 XYZ: (-0.0307, -0.2420, 15.2446) m
[20:32:05.874] [info] [ManualSession] 用户取消，保留自动标定结果
[20:32:05.874] [debug] [ManualSession] 事件: lidar_cam_end | final_rms=0.940362
[20:32:05.874] [info] [ManualSession] 会话已保存: ./results/manual_sessions/session_2026-04-09_20-29-47.yaml
[20:32:05.874] [info] ━━━━━━━━━━━━━━━━━━━━━━━━━━━━━━━━━━━━━━━━━
[20:32:05.874] [info] ■ 结束阶段: [Manual-Refine] 任务: [lidar_cam_extrin]
[20:32:05.874] [info]   结果: ✓ 成功 | 残差RMS: 0.9404 | 耗时: 137984 ms
[20:32:05.874] [info]   消息: LiDAR-Camera 手动调整完成
[20:32:05.874] [info] [CALC] 阶段结束 stage=Manual-Refine task=lidar_cam_extrin success=true residual_rms=0.940362 elapsed_ms=137984.6 threshold=-1.0000
[20:32:05.874] [info] ━━━━━━━━━━━━━━━━━━━━━━━━━━━━━━━━━━━━━━━━━
[20:32:05.874] [info] ====== Pipeline Report: pipeline_20260409_202719 ======
[20:32:05.874] [info]   Total time: 281994.5 ms
[20:32:05.874] [info]   All stages succeeded: YES
[20:32:05.874] [info]   标定质量: 各阶段 RMS 均在阈值内
[20:32:05.874] [info]   [Coarse-AI-lidar_cam_extrin] success=true rms=0.0000 time=0.0ms: 使用主程序 Stage1 粗标定结果，作为精标定初值
[20:32:05.874] [info]   [Fine-Auto-lidar_cam_extrin] success=true rms=0.9404 time=144009.9ms: LiDAR-Camera 精标定完成: 1 个相机, 最大 RMS=0.940362 px
[20:32:05.874] [info]   [Manual-Refine-lidar_cam_extrin] success=true rms=0.9404 time=137984.6ms: LiDAR-Camera 手动调整完成

╔══════════════════════════════════════════════════════╗
║              标定参数汇总                            ║
╠══════════════════════════════════════════════════════╣
║ 外参:
║   imu_0->cam_front:
║     R(RPY°): [-2.32, 0.35, 1.08]
║     T(m):    [-0.03, -0.31, 0.49]
║     时偏(s): 0.00
║     RMS:     0.94 ✗
╚══════════════════════════════════════════════════════╝

[20:32:05.874] [info] ================================
[20:32:05.874] [info] Pipeline report saved: ./results/pipeline_report_20260409_202719.yaml
[20:32:05.874] [info] ====== Pipeline Report: pipeline_20260409_202719 ======
[20:32:05.874] [info]   Total time: 281994.5 ms
[20:32:05.874] [info]   All stages succeeded: YES
[20:32:05.874] [info]   标定质量: 各阶段 RMS 均在阈值内
[20:32:05.874] [info]   [Coarse-AI-lidar_cam_extrin] success=true rms=0.0000 time=0.0ms: 使用主程序 Stage1 粗标定结果，作为精标定初值
[20:32:05.874] [info]   [Fine-Auto-lidar_cam_extrin] success=true rms=0.9404 time=144009.9ms: LiDAR-Camera 精标定完成: 1 个相机, 最大 RMS=0.940362 px
[20:32:05.874] [info]   [Manual-Refine-lidar_cam_extrin] success=true rms=0.9404 time=137984.6ms: LiDAR-Camera 手动调整完成

╔══════════════════════════════════════════════════════╗
║              标定参数汇总                            ║
╠══════════════════════════════════════════════════════╣
║ 外参:
║   imu_0->cam_front:
║     R(RPY°): [-2.32, 0.35, 1.08]
║     T(m):    [-0.03, -0.31, 0.49]
║     时偏(s): 0.00
║     RMS:     0.94 ✗
╚══════════════════════════════════════════════════════╝

[20:32:05.874] [info] ================================
[20:32:05.874] [info] ━━━━━━━━━━━━━━━━━━━━━━━━━━━━━━━━━━━━
[20:32:05.874] [info] LiDAR-Camera 标定流程完成
[20:32:05.874] [info] 结果目录: ./results
[20:32:05.874] [info] 标定流程正常退出 exit_code=0
[20:32:05.874] [info] ━━━━━━━━━━━━━━━━━━━━━━━━━━━━━━━━━━━━
