
 ╔═══════════════════════════════════════════════════════╗
 ║   UniCalib — LiDAR-Camera 外参标定                    ║
 ║   两阶段: AI粗标定(MIAS-LCEC) → 无目标边缘精标定      ║
 ║   手动校准: --manual 触发 6-DOF 交互式调整             ║
 ╚═══════════════════════════════════════════════════════╝

[2026-04-10 14:02:09.247] [info] [LiDAR-Camera] [:] ━━━━━━━━━━━━━━━━━━━━━━━━━━━━━━━━━━━━
[2026-04-10 14:02:09.247] [info] [LiDAR-Camera] [:] 配置文件: /root/calib_ws/calib_unified/config/unicalib_example.yaml
[2026-04-10 14:02:09.247] [info] [LiDAR-Camera] [:] 输出目录: /root/calib_ws/results
[2026-04-10 14:02:09.247] [info] [LiDAR-Camera] [:] 数据根目录: /root/calib_ws/data (--data-dir 或 CALIB_DATA_DIR)
[2026-04-10 14:02:09.247] [info] [LiDAR-Camera] [:] 精标定方法: edge (无目标优先=true)
[2026-04-10 14:02:09.247] [info] [LiDAR-Camera] [:] AI粗标定: true | 手动校准: true
[2026-04-10 14:02:09.247] [info] [LiDAR-Camera] [:] ━━━━━━━━━━━━━━━━━━━━━━━━━━━━━━━━━━━━
[2026-04-10 14:02:09.248] [info] [LiDAR-Camera] [:] 读取系统配置: /root/calib_ws/calib_unified/config/unicalib_example.yaml
[2026-04-10 14:02:09.250] [info] [LiDAR-Camera] [:]   IMU: 1, LiDAR: 2, Camera: 1
[2026-04-10 14:02:09.250] [info] [LiDAR-Camera] [:] ━━━━━━━━━━━━━━━━━━━━━━━━━━━━━━━━━━━━ [数据路径] ━━━━━━━━━━━━━━━━━━━━━━━━━━━━━
[2026-04-10 14:02:09.250] [info] [LiDAR-Camera] [:]   数据路径来源: 统一格式 (data.lidar.<id> / data.camera.<id>.images_dir)
[2026-04-10 14:02:09.250] [info] [LiDAR-Camera] [:]   配置原始值 — lidar:  drive_dusk/lidar
[2026-04-10 14:02:09.250] [info] [LiDAR-Camera] [:]   配置原始值 — camera: drive_dusk/front
[2026-04-10 14:02:09.250] [info] [LiDAR-Camera] [:]   base_data_dir:  /root/calib_ws/data
[2026-04-10 14:02:09.250] [info] [LiDAR-Camera] [:]   base 来源: 命令行 --data-dir
[2026-04-10 14:02:09.250] [info] [LiDAR-Camera] [:]   lidar_dir:      /root/calib_ws/data/drive_dusk/lidar
[2026-04-10 14:02:09.250] [info] [LiDAR-Camera] [:]     → 相对路径，已与 base 拼接
[2026-04-10 14:02:09.250] [info] [LiDAR-Camera] [:]     → 存在: 是
[2026-04-10 14:02:09.250] [info] [LiDAR-Camera] [:]   camera_dir:     /root/calib_ws/data/drive_dusk/front
[2026-04-10 14:02:09.250] [info] [LiDAR-Camera] [:]     → 相对路径，已与 base 拼接
[2026-04-10 14:02:09.250] [info] [LiDAR-Camera] [:]     → 存在: 是
[2026-04-10 14:02:09.250] [info] [LiDAR-Camera] [:]   【数据就绪】是 — 点云与图像目录均存在，将执行精标定
[2026-04-10 14:02:09.250] [info] [LiDAR-Camera] [:]   说明: 使用 --dataset 时请将 data.lidar/data.camera 设为相对 base 的路径（如 pcd、images），不要使用 /path/to/... 占位符
[2026-04-10 14:02:09.250] [info] [LiDAR-Camera] [:] ━━━━━━━━━━━━━━━━━━━━━━━━━━━━━━━━━━━━━━━━━━━━━━━━━━━━━━━━━━━━━━━━━━━━━━━━━━━━
[2026-04-10 14:02:09.250] [info] [LiDAR-Camera] [:] [LiDAR-Cam] use_config_extrinsic_only=true：跳过 AI 粗标定，将使用配置 initial_extrinsic 直接进入精标定/手动微调
[2026-04-10 14:02:09.250] [info] [LiDAR-Camera] [:] 读取系统配置: /root/calib_ws/calib_unified/config/unicalib_example.yaml
[2026-04-10 14:02:09.251] [info] [LiDAR-Camera] [:]   IMU: 1, LiDAR: 2, Camera: 1
[2026-04-10 14:02:09.251] [info] [LiDAR-Camera] [:] 读取系统配置: /root/calib_ws/calib_unified/config/unicalib_example.yaml
[2026-04-10 14:02:09.252] [info] [LiDAR-Camera] [:]   IMU: 1, LiDAR: 2, Camera: 1
[2026-04-10 14:02:09.252] [info] [LiDAR-Camera] [:] 配置: 使用 ROS2 bag 模式（离线标定）
[2026-04-10 14:02:09.252] [info] [LiDAR-Camera] [:]   Bag 路径: /root/calib_ws/data/my_dataset
[2026-04-10 14:02:09.252] [info] [LiDAR-Camera] [:]   LiDAR 话题: /ouster/points
[2026-04-10 14:02:09.252] [info] [LiDAR-Camera] [:]   相机话题: /left/image_raw
[2026-04-10 14:02:09.252] [info] [LiDAR-Camera] [:]   IMU 话题: /ouster/imu
[2026-04-10 14:02:09.252] [info] [LiDAR-Camera] [:] [数据源] 类型=ROS2_BAG  path=/root/calib_ws/data/my_dataset  lidar_topic=/ouster/points  camera_topic=/left/image_raw
[2026-04-10 14:02:09.252] [info] [LiDAR-Camera] [:]   内参将从相机标定结果读取: ./results/camera_intrinsic/camera_intrinsic_cam_left.yaml (camera_id=cam_left)
[2026-04-10 14:02:09.252] [info] [LiDAR-Camera] [:]   内参将从相机标定结果读取: ./results/camera_intrinsic/camera_intrinsic_cam_right.yaml (camera_id=cam_right)
[2026-04-10 14:02:09.252] [info] [LiDAR-Camera] [:] [CalibPipeline] 初始化 ID=pipeline_20260410_140209
[2026-04-10 14:02:09.252] [info] [LiDAR-Camera] [:] [CalibPipeline] 输出目录: ./results
[2026-04-10 14:02:09.252] [info] [LiDAR-Camera] [:] [CalibPipeline] 无目标优先: true
[2026-04-10 14:02:09.252] [info] [LiDAR-Camera] [:] [CalibPipeline] 任务掩码: 0x10
[2026-04-10 14:02:09.252] [info] [LiDAR-Camera] [:] ▶ Stage 2: 精标定 (方法=edge)
[2026-04-10 14:02:09.252] [info] [LiDAR-Camera] [:] ▶ Stage 3: 手动校准 (manual_threshold=2.00px)
[2026-04-10 14:02:09.252] [info] [LiDAR-Camera] [:]   使用 ManualCalibSession 进行 6-DOF 交互式调整
[2026-04-10 14:02:09.252] [info] [LiDAR-Camera] [:]   调用示例:
[2026-04-10 14:02:09.252] [info] [LiDAR-Camera] [:]     ManualCalibSession::SessionConfig sess_cfg;
[2026-04-10 14:02:09.252] [info] [LiDAR-Camera] [:]     sess_cfg.save_dir = "./results/manual_sessions";
[2026-04-10 14:02:09.252] [info] [LiDAR-Camera] [:]     ManualCalibSession session(sess_cfg);
[2026-04-10 14:02:09.252] [info] [LiDAR-Camera] [:]     auto result = session.run_lidar_cam(scan, image, intrin, auto_result, auto_rms);
[2026-04-10 14:02:09.252] [info] [LiDAR-Camera] [:] 
[2026-04-10 14:02:09.252] [info] [LiDAR-Camera] [:] ╔═══════════════════════════════════════════════╗
[2026-04-10 14:02:09.252] [info] [LiDAR-Camera] [:] ║   UniCalib 两阶段标定流水线 — 开始            ║
[2026-04-10 14:02:09.252] [info] [LiDAR-Camera] [:] ║   Pipeline ID: pipeline_20260410_140209       ║
[2026-04-10 14:02:09.252] [info] [LiDAR-Camera] [:] ╚═══════════════════════════════════════════════╝
[2026-04-10 14:02:09.252] [info] [LiDAR-Camera] [:] [Coarse-AI/LiDAR-Cam] enable_coarse_lidar_cam=true → do_coarse=true
[14:02:09.252] [info] 
[14:02:09.252] [info] ━━━━━━━━━━━━━━━━━━━━━━━━━━━━━━━━━━━━━━━━━
[14:02:09.252] [info] ▶ 开始阶段: [Coarse-AI] 任务: [lidar_cam_extrin]
[14:02:09.252] [info]   描述: AI模型提供初始估计值
[14:02:09.252] [info] ━━━━━━━━━━━━━━━━━━━━━━━━━━━━━━━━━━━━━━━━━
[14:02:09.252] [info] [CALC] 粗标定阶段开始 task=lidar_cam_extrin
[14:02:09.252] [info] [Coarse-AI/LiDAR-Cam] 使用配置粗标定初值作为粗标定结果 t=[0.123,0.040,-0.058]m，精标定将以此起步
[14:02:09.252] [info] ━━━━━━━━━━━━━━━━━━━━━━━━━━━━━━━━━━━━━━━━━
[14:02:09.252] [info] ■ 结束阶段: [Coarse-AI] 任务: [lidar_cam_extrin]
[14:02:09.252] [info]   结果: ✓ 成功 | 残差RMS: 0.0000 | 耗时: 0 ms
[14:02:09.252] [info]   消息: 使用配置 initial_extrinsic 作为粗标定结果，精标定将以此起步
[14:02:09.252] [info] [CALC] 阶段结束 stage=Coarse-AI task=lidar_cam_extrin success=true residual_rms=0.000000 elapsed_ms=0.0 threshold=-1.0000
[14:02:09.252] [info] ━━━━━━━━━━━━━━━━━━━━━━━━━━━━━━━━━━━━━━━━━
[14:02:09.252] [info] 
[14:02:09.252] [info] ━━━━━━━━━━━━━━━━━━━━━━━━━━━━━━━━━━━━━━━━━
[14:02:09.252] [info] ▶ 开始阶段: [Fine-Auto] 任务: [lidar_cam_extrin]
[14:02:09.252] [info]   描述: 无目标优化
[14:02:09.252] [info] ━━━━━━━━━━━━━━━━━━━━━━━━━━━━━━━━━━━━━━━━━
[14:02:09.252] [info] [CALC] 精标定阶段开始 task=lidar_cam_extrin
[14:02:09.252] [info] [Fine-Auto] 任务: lidar_cam_extrin | 无目标优先: true
[14:02:09.252] [info] [Fine-Auto] 方法: 边缘对齐互信息 (EDGE_ALIGNMENT, 无目标)
[14:02:09.252] [info] [STAGE=lidar_cam_fine_auto] LiDAR-Camera 精标定 开始
[14:02:09.252] [info] [Fine-Auto/LiDAR-Cam] 开始执行精标定...
[14:02:09.252] [info]   [精标定数据源] 类型=ROS2_BAG  lidar_id=lidar_front
[14:02:09.252] [info]   ROS2 Bag: /root/calib_ws/data/my_dataset  LiDAR 话题: /ouster/points  相机话题: /left/image_raw
[14:02:09.252] [info] [Fine-Auto/LiDAR-Cam] 从 ROS2 加载数据...
[14:02:09.252] [info] [UnifiedDataLoader] 从 ROS2 加载数据...
[14:02:09.252] [info]   Bag 文件: /root/calib_ws/data/my_dataset
[14:02:09.252] [info]   实时模式: false
[14:02:09.252] [info] [Ros2BagDataSource] 打开 bag 文件: /root/calib_ws/data/my_dataset
[14:02:09.252] [info] [Ros2BagDataSource] 正在读取 metadata.yaml: /root/calib_ws/data/my_dataset/metadata.yaml
[14:02:09.252] [debug] [Ros2BagDataSource] 找到话题: /DetectionList (类型: ars548_messages/msg/DetectionList, 消息数: 4321)
[14:02:09.252] [debug] [Ros2BagDataSource] 找到话题: /DirectionVelocity (类型: geometry_msgs/msg/PoseArray, 消息数: 4321)
[14:02:09.252] [debug] [Ros2BagDataSource] 找到话题: /ObjectList (类型: ars548_messages/msg/ObjectList, 消息数: 4321)
[14:02:09.252] [debug] [Ros2BagDataSource] 找到话题: /PointCloudDetection (类型: sensor_msgs/msg/PointCloud2, 消息数: 4321)
[14:02:09.252] [debug] [Ros2BagDataSource] 找到话题: /PointCloudObject (类型: sensor_msgs/msg/PointCloud2, 消息数: 4321)
[14:02:09.253] [debug] [Ros2BagDataSource] 找到话题: /Status (类型: ars548_messages/msg/Status, 消息数: 4307)
[14:02:09.253] [debug] [Ros2BagDataSource] 找到话题: /arco/idmind_imu/imu (类型: sensor_msgs/msg/Imu, 消息数: 14721)
[14:02:09.253] [debug] [Ros2BagDataSource] 找到话题: /ouster/imu (类型: sensor_msgs/msg/Imu, 消息数: 21605)
[14:02:09.253] [debug] [Ros2BagDataSource] 找到话题: /ouster/points (类型: sensor_msgs/msg/PointCloud2, 消息数: 2083)
[14:02:09.253] [debug] [Ros2BagDataSource] 找到话题: /tf (类型: tf2_msgs/msg/TFMessage, 消息数: 7229)
[14:02:09.253] [debug] [Ros2BagDataSource] 找到话题: /tf_static (类型: tf2_msgs/msg/TFMessage, 消息数: 6)
[14:02:09.253] [info] [Ros2BagDataSource] 使用配置的 LiDAR 话题: /ouster/points
[14:02:09.253] [info] [Ros2BagDataSource] 使用配置的相机话题: /left/image_raw
[14:02:09.253] [info] [Ros2BagDataSource] 使用配置的 IMU 话题: /ouster/imu
[INFO] [1775800929.255612039] [rosbag2_storage]: Opened database '/root/calib_ws/data/my_dataset/my_dataset.db3' for READ_ONLY.
[14:02:09.255] [info] [Ros2BagDataSource] Bag 已打开，开始读取消息...
[14:02:09.255] [info] [Ros2BagDataSource] 找到 11 个话题
[14:02:09.255] [info] [Ros2BagDataSource]  话题: /DetectionList  类型: ars548_messages/msg/DetectionList  消息数: 4321
[14:02:09.255] [info] [Ros2BagDataSource]  话题: /DirectionVelocity  类型: geometry_msgs/msg/PoseArray  消息数: 4321
[14:02:09.255] [info] [Ros2BagDataSource]  话题: /ObjectList  类型: ars548_messages/msg/ObjectList  消息数: 4321
[14:02:09.255] [info] [Ros2BagDataSource]  话题: /PointCloudDetection  类型: sensor_msgs/msg/PointCloud2  消息数: 4321
[14:02:09.255] [info] [Ros2BagDataSource]  话题: /PointCloudObject  类型: sensor_msgs/msg/PointCloud2  消息数: 4321
[14:02:09.255] [info] [Ros2BagDataSource]  话题: /Status  类型: ars548_messages/msg/Status  消息数: 4307
[14:02:09.255] [info] [Ros2BagDataSource]  话题: /arco/idmind_imu/imu  类型: sensor_msgs/msg/Imu  消息数: 14721
[14:02:09.255] [info] [Ros2BagDataSource]  话题: /ouster/imu  类型: sensor_msgs/msg/Imu  消息数: 21605
[14:02:09.255] [info] [Ros2BagDataSource]  话题: /ouster/points  类型: sensor_msgs/msg/PointCloud2  消息数: 2083
[14:02:09.255] [info] [Ros2BagDataSource]  话题: /tf  类型: tf2_msgs/msg/TFMessage  消息数: 7229
[14:02:09.255] [info] [Ros2BagDataSource]  话题: /tf_static  类型: tf2_msgs/msg/TFMessage  消息数: 6
[14:02:09.255] [info] [Ros2BagDataSource] 将加载 bag 内所有 IMU / LiDAR / 相机话题，加载后可通过 sensor_id 或话题名选择使用
Failed to find match for field 'intensity'.
Failed to find match for field 'intensity'.
Failed to find match for field 'intensity'.
Failed to find match for field 'intensity'.
Failed to find match for field 'intensity'.
Failed to find match for field 'intensity'.
Failed to find match for field 'intensity'.
Failed to find match for field 'intensity'.
Failed to find match for field 'intensity'.
Failed to find match for field 'intensity'.
Failed to find match for field 'intensity'.
Failed to find match for field 'intensity'.
Failed to find match for field 'intensity'.
Failed to find match for field 'intensity'.
Failed to find match for field 'intensity'.
Failed to find match for field 'intensity'.
Failed to find match for field 'intensity'.
Failed to find match for field 'intensity'.
Failed to find match for field 'intensity'.
Failed to find match for field 'intensity'.
Failed to find match for field 'intensity'.
Failed to find match for field 'intensity'.
Failed to find match for field 'intensity'.
Failed to find match for field 'intensity'.
Failed to find match for field 'intensity'.
Failed to find match for field 'intensity'.
Failed to find match for field 'intensity'.
Failed to find match for field 'intensity'.
Failed to find match for field 'intensity'.
Failed to find match for field 'intensity'.
Failed to find match for field 'intensity'.
Failed to find match for field 'intensity'.
Failed to find match for field 'intensity'.
Failed to find match for field 'intensity'.
Failed to find match for field 'intensity'.
Failed to find match for field 'intensity'.
Failed to find match for field 'intensity'.
Failed to find match for field 'intensity'.
Failed to find match for field 'intensity'.
Failed to find match for field 'intensity'.
Failed to find match for field 'intensity'.
Failed to find match for field 'intensity'.
Failed to find match for field 'intensity'.
Failed to find match for field 'intensity'.
Failed to find match for field 'intensity'.
Failed to find match for field 'intensity'.
Failed to find match for field 'intensity'.
Failed to find match for field 'intensity'.
Failed to find match for field 'intensity'.
Failed to find match for field 'intensity'.
Failed to find match for field 'intensity'.
Failed to find match for field 'intensity'.
Failed to find match for field 'intensity'.
Failed to find match for field 'intensity'.
Failed to find match for field 'intensity'.
Failed to find match for field 'intensity'.
Failed to find match for field 'intensity'.
Failed to find match for field 'intensity'.
Failed to find match for field 'intensity'.
Failed to find match for field 'intensity'.
Failed to find match for field 'intensity'.
Failed to find match for field 'intensity'.
Failed to find match for field 'intensity'.
Failed to find match for field 'intensity'.
Failed to find match for field 'intensity'.
Failed to find match for field 'intensity'.
Failed to find match for field 'intensity'.
Failed to find match for field 'intensity'.
Failed to find match for field 'intensity'.
Failed to find match for field 'intensity'.
Failed to find match for field 'intensity'.
Failed to find match for field 'intensity'.
Failed to find match for field 'intensity'.
Failed to find match for field 'intensity'.
Failed to find match for field 'intensity'.
Failed to find match for field 'intensity'.
Failed to find match for field 'intensity'.
Failed to find match for field 'intensity'.
Failed to find match for field 'intensity'.
Failed to find match for field 'intensity'.
Failed to find match for field 'intensity'.
Failed to find match for field 'intensity'.
Failed to find match for field 'intensity'.
Failed to find match for field 'intensity'.
Failed to find match for field 'intensity'.
Failed to find match for field 'intensity'.
Failed to find match for field 'intensity'.
Failed to find match for field 'intensity'.
Failed to find match for field 'intensity'.
Failed to find match for field 'intensity'.
Failed to find match for field 'intensity'.
Failed to find match for field 'intensity'.
Failed to find match for field 'intensity'.
Failed to find match for field 'intensity'.
Failed to find match for field 'intensity'.
Failed to find match for field 'intensity'.
Failed to find match for field 'intensity'.
Failed to find match for field 'intensity'.
Failed to find match for field 'intensity'.
Failed to find match for field 'intensity'.
Failed to find match for field 'intensity'.
Failed to find match for field 'intensity'.
Failed to find match for field 'intensity'.
Failed to find match for field 'intensity'.
Failed to find match for field 'intensity'.
Failed to find match for field 'intensity'.
Failed to find match for field 'intensity'.
Failed to find match for field 'intensity'.
Failed to find match for field 'intensity'.
Failed to find match for field 'intensity'.
Failed to find match for field 'intensity'.
Failed to find match for field 'intensity'.
Failed to find match for field 'intensity'.
Failed to find match for field 'intensity'.
Failed to find match for field 'intensity'.
Failed to find match for field 'intensity'.
Failed to find match for field 'intensity'.
Failed to find match for field 'intensity'.
Failed to find match for field 'intensity'.
Failed to find match for field 'intensity'.
Failed to find match for field 'intensity'.
Failed to find match for field 'intensity'.
Failed to find match for field 'intensity'.
Failed to find match for field 'intensity'.
Failed to find match for field 'intensity'.
Failed to find match for field 'intensity'.
Failed to find match for field 'intensity'.
Failed to find match for field 'intensity'.
Failed to find match for field 'intensity'.
Failed to find match for field 'intensity'.
Failed to find match for field 'intensity'.
Failed to find match for field 'intensity'.
Failed to find match for field 'intensity'.
Failed to find match for field 'intensity'.
Failed to find match for field 'intensity'.
Failed to find match for field 'intensity'.
Failed to find match for field 'intensity'.
Failed to find match for field 'intensity'.
Failed to find match for field 'intensity'.
Failed to find match for field 'intensity'.
Failed to find match for field 'intensity'.
Failed to find match for field 'intensity'.
Failed to find match for field 'intensity'.
Failed to find match for field 'intensity'.
Failed to find match for field 'intensity'.
Failed to find match for field 'intensity'.
Failed to find match for field 'intensity'.
Failed to find match for field 'intensity'.
Failed to find match for field 'intensity'.
Failed to find match for field 'intensity'.
Failed to find match for field 'intensity'.
Failed to find match for field 'intensity'.
Failed to find match for field 'intensity'.
Failed to find match for field 'intensity'.
Failed to find match for field 'intensity'.
Failed to find match for field 'intensity'.
Failed to find match for field 'intensity'.
Failed to find match for field 'intensity'.
Failed to find match for field 'intensity'.
Failed to find match for field 'intensity'.
Failed to find match for field 'intensity'.
Failed to find match for field 'intensity'.
Failed to find match for field 'intensity'.
Failed to find match for field 'intensity'.
Failed to find match for field 'intensity'.
Failed to find match for field 'intensity'.
Failed to find match for field 'intensity'.
Failed to find match for field 'intensity'.
Failed to find match for field 'intensity'.
Failed to find match for field 'intensity'.
Failed to find match for field 'intensity'.
Failed to find match for field 'intensity'.
Failed to find match for field 'intensity'.
Failed to find match for field 'intensity'.
Failed to find match for field 'intensity'.
Failed to find match for field 'intensity'.
Failed to find match for field 'intensity'.
Failed to find match for field 'intensity'.
Failed to find match for field 'intensity'.
Failed to find match for field 'intensity'.
Failed to find match for field 'intensity'.
Failed to find match for field 'intensity'.
Failed to find match for field 'intensity'.
Failed to find match for field 'intensity'.
Failed to find match for field 'intensity'.
Failed to find match for field 'intensity'.
Failed to find match for field 'intensity'.
Failed to find match for field 'intensity'.
Failed to find match for field 'intensity'.
Failed to find match for field 'intensity'.
Failed to find match for field 'intensity'.
Failed to find match for field 'intensity'.
Failed to find match for field 'intensity'.
Failed to find match for field 'intensity'.
Failed to find match for field 'intensity'.
Failed to find match for field 'intensity'.
Failed to find match for field 'intensity'.
Failed to find match for field 'intensity'.
Failed to find match for field 'intensity'.
Failed to find match for field 'intensity'.
Failed to find match for field 'intensity'.
Failed to find match for field 'intensity'.
Failed to find match for field 'intensity'.
Failed to find match for field 'intensity'.
Failed to find match for field 'intensity'.
Failed to find match for field 'intensity'.
Failed to find match for field 'intensity'.
Failed to find match for field 'intensity'.
Failed to find match for field 'intensity'.
Failed to find match for field 'intensity'.
Failed to find match for field 'intensity'.
Failed to find match for field 'intensity'.
Failed to find match for field 'intensity'.
Failed to find match for field 'intensity'.
Failed to find match for field 'intensity'.
Failed to find match for field 'intensity'.
Failed to find match for field 'intensity'.
Failed to find match for field 'intensity'.
Failed to find match for field 'intensity'.
Failed to find match for field 'intensity'.
Failed to find match for field 'intensity'.
Failed to find match for field 'intensity'.
Failed to find match for field 'intensity'.
Failed to find match for field 'intensity'.
Failed to find match for field 'intensity'.
Failed to find match for field 'intensity'.
Failed to find match for field 'intensity'.
Failed to find match for field 'intensity'.
Failed to find match for field 'intensity'.
Failed to find match for field 'intensity'.
Failed to find match for field 'intensity'.
Failed to find match for field 'intensity'.
Failed to find match for field 'intensity'.
Failed to find match for field 'intensity'.
Failed to find match for field 'intensity'.
Failed to find match for field 'intensity'.
Failed to find match for field 'intensity'.
Failed to find match for field 'intensity'.
Failed to find match for field 'intensity'.
Failed to find match for field 'intensity'.
Failed to find match for field 'intensity'.
Failed to find match for field 'intensity'.
Failed to find match for field 'intensity'.
Failed to find match for field 'intensity'.
Failed to find match for field 'intensity'.
Failed to find match for field 'intensity'.
Failed to find match for field 'intensity'.
Failed to find match for field 'intensity'.
Failed to find match for field 'intensity'.
Failed to find match for field 'intensity'.
Failed to find match for field 'intensity'.
Failed to find match for field 'intensity'.
Failed to find match for field 'intensity'.
Failed to find match for field 'intensity'.
Failed to find match for field 'intensity'.
Failed to find match for field 'intensity'.
Failed to find match for field 'intensity'.
Failed to find match for field 'intensity'.
Failed to find match for field 'intensity'.
Failed to find match for field 'intensity'.
Failed to find match for field 'intensity'.
Failed to find match for field 'intensity'.
Failed to find match for field 'intensity'.
Failed to find match for field 'intensity'.
Failed to find match for field 'intensity'.
Failed to find match for field 'intensity'.
Failed to find match for field 'intensity'.
Failed to find match for field 'intensity'.
Failed to find match for field 'intensity'.
Failed to find match for field 'intensity'.
Failed to find match for field 'intensity'.
Failed to find match for field 'intensity'.
Failed to find match for field 'intensity'.
Failed to find match for field 'intensity'.
Failed to find match for field 'intensity'.
Failed to find match for field 'intensity'.
Failed to find match for field 'intensity'.
Failed to find match for field 'intensity'.
Failed to find match for field 'intensity'.
Failed to find match for field 'intensity'.
Failed to find match for field 'intensity'.
Failed to find match for field 'intensity'.
Failed to find match for field 'intensity'.
Failed to find match for field 'intensity'.
Failed to find match for field 'intensity'.
Failed to find match for field 'intensity'.
Failed to find match for field 'intensity'.
Failed to find match for field 'intensity'.
Failed to find match for field 'intensity'.
Failed to find match for field 'intensity'.
Failed to find match for field 'intensity'.
Failed to find match for field 'intensity'.
Failed to find match for field 'intensity'.
Failed to find match for field 'intensity'.
Failed to find match for field 'intensity'.
Failed to find match for field 'intensity'.
Failed to find match for field 'intensity'.
Failed to find match for field 'intensity'.
Failed to find match for field 'intensity'.
Failed to find match for field 'intensity'.
Failed to find match for field 'intensity'.
Failed to find match for field 'intensity'.
Failed to find match for field 'intensity'.
Failed to find match for field 'intensity'.
Failed to find match for field 'intensity'.
Failed to find match for field 'intensity'.
Failed to find match for field 'intensity'.
Failed to find match for field 'intensity'.
Failed to find match for field 'intensity'.
Failed to find match for field 'intensity'.
Failed to find match for field 'intensity'.
Failed to find match for field 'intensity'.
Failed to find match for field 'intensity'.
Failed to find match for field 'intensity'.
Failed to find match for field 'intensity'.
Failed to find match for field 'intensity'.
Failed to find match for field 'intensity'.
Failed to find match for field 'intensity'.
Failed to find match for field 'intensity'.
Failed to find match for field 'intensity'.
Failed to find match for field 'intensity'.
Failed to find match for field 'intensity'.
Failed to find match for field 'intensity'.
Failed to find match for field 'intensity'.
Failed to find match for field 'intensity'.
Failed to find match for field 'intensity'.
Failed to find match for field 'intensity'.
Failed to find match for field 'intensity'.
Failed to find match for field 'intensity'.
Failed to find match for field 'intensity'.
Failed to find match for field 'intensity'.
Failed to find match for field 'intensity'.
Failed to find match for field 'intensity'.
Failed to find match for field 'intensity'.
Failed to find match for field 'intensity'.
Failed to find match for field 'intensity'.
Failed to find match for field 'intensity'.
Failed to find match for field 'intensity'.
Failed to find match for field 'intensity'.
Failed to find match for field 'intensity'.
Failed to find match for field 'intensity'.
Failed to find match for field 'intensity'.
Failed to find match for field 'intensity'.
Failed to find match for field 'intensity'.
Failed to find match for field 'intensity'.
Failed to find match for field 'intensity'.
Failed to find match for field 'intensity'.
Failed to find match for field 'intensity'.
Failed to find match for field 'intensity'.
Failed to find match for field 'intensity'.
Failed to find match for field 'intensity'.
Failed to find match for field 'intensity'.
Failed to find match for field 'intensity'.
Failed to find match for field 'intensity'.
Failed to find match for field 'intensity'.
Failed to find match for field 'intensity'.
Failed to find match for field 'intensity'.
Failed to find match for field 'intensity'.
Failed to find match for field 'intensity'.
Failed to find match for field 'intensity'.
Failed to find match for field 'intensity'.
Failed to find match for field 'intensity'.
Failed to find match for field 'intensity'.
Failed to find match for field 'intensity'.
Failed to find match for field 'intensity'.
Failed to find match for field 'intensity'.
Failed to find match for field 'intensity'.
Failed to find match for field 'intensity'.
Failed to find match for field 'intensity'.
Failed to find match for field 'intensity'.
Failed to find match for field 'intensity'.
Failed to find match for field 'intensity'.
Failed to find match for field 'intensity'.
Failed to find match for field 'intensity'.
Failed to find match for field 'intensity'.
Failed to find match for field 'intensity'.
Failed to find match for field 'intensity'.
Failed to find match for field 'intensity'.
Failed to find match for field 'intensity'.
Failed to find match for field 'intensity'.
Failed to find match for field 'intensity'.
Failed to find match for field 'intensity'.
Failed to find match for field 'intensity'.
Failed to find match for field 'intensity'.
Failed to find match for field 'intensity'.
Failed to find match for field 'intensity'.
Failed to find match for field 'intensity'.
Failed to find match for field 'intensity'.
Failed to find match for field 'intensity'.
Failed to find match for field 'intensity'.
Failed to find match for field 'intensity'.
Failed to find match for field 'intensity'.
Failed to find match for field 'intensity'.
Failed to find match for field 'intensity'.
Failed to find match for field 'intensity'.
Failed to find match for field 'intensity'.
Failed to find match for field 'intensity'.
Failed to find match for field 'intensity'.
Failed to find match for field 'intensity'.
Failed to find match for field 'intensity'.
Failed to find match for field 'intensity'.
Failed to find match for field 'intensity'.
Failed to find match for field 'intensity'.
Failed to find match for field 'intensity'.
Failed to find match for field 'intensity'.
Failed to find match for field 'intensity'.
Failed to find match for field 'intensity'.
Failed to find match for field 'intensity'.
Failed to find match for field 'intensity'.
Failed to find match for field 'intensity'.
Failed to find match for field 'intensity'.
Failed to find match for field 'intensity'.
Failed to find match for field 'intensity'.
Failed to find match for field 'intensity'.
Failed to find match for field 'intensity'.
Failed to find match for field 'intensity'.
Failed to find match for field 'intensity'.
Failed to find match for field 'intensity'.
Failed to find match for field 'intensity'.
Failed to find match for field 'intensity'.
Failed to find match for field 'intensity'.
Failed to find match for field 'intensity'.
Failed to find match for field 'intensity'.
Failed to find match for field 'intensity'.
Failed to find match for field 'intensity'.
Failed to find match for field 'intensity'.
Failed to find match for field 'intensity'.
Failed to find match for field 'intensity'.
Failed to find match for field 'intensity'.
Failed to find match for field 'intensity'.
Failed to find match for field 'intensity'.
Failed to find match for field 'intensity'.
Failed to find match for field 'intensity'.
Failed to find match for field 'intensity'.
Failed to find match for field 'intensity'.
Failed to find match for field 'intensity'.
Failed to find match for field 'intensity'.
Failed to find match for field 'intensity'.
Failed to find match for field 'intensity'.
Failed to find match for field 'intensity'.
Failed to find match for field 'intensity'.
Failed to find match for field 'intensity'.
Failed to find match for field 'intensity'.
Failed to find match for field 'intensity'.
Failed to find match for field 'intensity'.
Failed to find match for field 'intensity'.
Failed to find match for field 'intensity'.
Failed to find match for field 'intensity'.
Failed to find match for field 'intensity'.
Failed to find match for field 'intensity'.
Failed to find match for field 'intensity'.
Failed to find match for field 'intensity'.
Failed to find match for field 'intensity'.
Failed to find match for field 'intensity'.
Failed to find match for field 'intensity'.
Failed to find match for field 'intensity'.
Failed to find match for field 'intensity'.
Failed to find match for field 'intensity'.
Failed to find match for field 'intensity'.
Failed to find match for field 'intensity'.
Failed to find match for field 'intensity'.
Failed to find match for field 'intensity'.
Failed to find match for field 'intensity'.
Failed to find match for field 'intensity'.
Failed to find match for field 'intensity'.
Failed to find match for field 'intensity'.
Failed to find match for field 'intensity'.
Failed to find match for field 'intensity'.
Failed to find match for field 'intensity'.
Failed to find match for field 'intensity'.
Failed to find match for field 'intensity'.
Failed to find match for field 'intensity'.
Failed to find match for field 'intensity'.
Failed to find match for field 'intensity'.
Failed to find match for field 'intensity'.
Failed to find match for field 'intensity'.
Failed to find match for field 'intensity'.
Failed to find match for field 'intensity'.
Failed to find match for field 'intensity'.
Failed to find match for field 'intensity'.
Failed to find match for field 'intensity'.
Failed to find match for field 'intensity'.
Failed to find match for field 'intensity'.
Failed to find match for field 'intensity'.
Failed to find match for field 'intensity'.
Failed to find match for field 'intensity'.
Failed to find match for field 'intensity'.
Failed to find match for field 'intensity'.
Failed to find match for field 'intensity'.
Failed to find match for field 'intensity'.
Failed to find match for field 'intensity'.
Failed to find match for field 'intensity'.
Failed to find match for field 'intensity'.
Failed to find match for field 'intensity'.
Failed to find match for field 'intensity'.
Failed to find match for field 'intensity'.
Failed to find match for field 'intensity'.
Failed to find match for field 'intensity'.
Failed to find match for field 'intensity'.
Failed to find match for field 'intensity'.
Failed to find match for field 'intensity'.
Failed to find match for field 'intensity'.
Failed to find match for field 'intensity'.
Failed to find match for field 'intensity'.
Failed to find match for field 'intensity'.
Failed to find match for field 'intensity'.
Failed to find match for field 'intensity'.
Failed to find match for field 'intensity'.
Failed to find match for field 'intensity'.
Failed to find match for field 'intensity'.
Failed to find match for field 'intensity'.
Failed to find match for field 'intensity'.
Failed to find match for field 'intensity'.
Failed to find match for field 'intensity'.
Failed to find match for field 'intensity'.
Failed to find match for field 'intensity'.
Failed to find match for field 'intensity'.
Failed to find match for field 'intensity'.
Failed to find match for field 'intensity'.
Failed to find match for field 'intensity'.
Failed to find match for field 'intensity'.
Failed to find match for field 'intensity'.
Failed to find match for field 'intensity'.
Failed to find match for field 'intensity'.
Failed to find match for field 'intensity'.
Failed to find match for field 'intensity'.
Failed to find match for field 'intensity'.
Failed to find match for field 'intensity'.
Failed to find match for field 'intensity'.
Failed to find match for field 'intensity'.
Failed to find match for field 'intensity'.
Failed to find match for field 'intensity'.
Failed to find match for field 'intensity'.
Failed to find match for field 'intensity'.
Failed to find match for field 'intensity'.
Failed to find match for field 'intensity'.
Failed to find match for field 'intensity'.
Failed to find match for field 'intensity'.
Failed to find match for field 'intensity'.
Failed to find match for field 'intensity'.
Failed to find match for field 'intensity'.
Failed to find match for field 'intensity'.
Failed to find match for field 'intensity'.
Failed to find match for field 'intensity'.
Failed to find match for field 'intensity'.
Failed to find match for field 'intensity'.
Failed to find match for field 'intensity'.
Failed to find match for field 'intensity'.
Failed to find match for field 'intensity'.
Failed to find match for field 'intensity'.
Failed to find match for field 'intensity'.
Failed to find match for field 'intensity'.
Failed to find match for field 'intensity'.
Failed to find match for field 'intensity'.
Failed to find match for field 'intensity'.
Failed to find match for field 'intensity'.
Failed to find match for field 'intensity'.
Failed to find match for field 'intensity'.
Failed to find match for field 'intensity'.
Failed to find match for field 'intensity'.
Failed to find match for field 'intensity'.
Failed to find match for field 'intensity'.
Failed to find match for field 'intensity'.
Failed to find match for field 'intensity'.
Failed to find match for field 'intensity'.
Failed to find match for field 'intensity'.
Failed to find match for field 'intensity'.
Failed to find match for field 'intensity'.
Failed to find match for field 'intensity'.
Failed to find match for field 'intensity'.
Failed to find match for field 'intensity'.
Failed to find match for field 'intensity'.
Failed to find match for field 'intensity'.
Failed to find match for field 'intensity'.
Failed to find match for field 'intensity'.
Failed to find match for field 'intensity'.
Failed to find match for field 'intensity'.
Failed to find match for field 'intensity'.
Failed to find match for field 'intensity'.
Failed to find match for field 'intensity'.
Failed to find match for field 'intensity'.
Failed to find match for field 'intensity'.
Failed to find match for field 'intensity'.
Failed to find match for field 'intensity'.
Failed to find match for field 'intensity'.
Failed to find match for field 'intensity'.
Failed to find match for field 'intensity'.
Failed to find match for field 'intensity'.
Failed to find match for field 'intensity'.
Failed to find match for field 'intensity'.
Failed to find match for field 'intensity'.
Failed to find match for field 'intensity'.
Failed to find match for field 'intensity'.
Failed to find match for field 'intensity'.
Failed to find match for field 'intensity'.
Failed to find match for field 'intensity'.
Failed to find match for field 'intensity'.
Failed to find match for field 'intensity'.
Failed to find match for field 'intensity'.
Failed to find match for field 'intensity'.
Failed to find match for field 'intensity'.
Failed to find match for field 'intensity'.
Failed to find match for field 'intensity'.
Failed to find match for field 'intensity'.
Failed to find match for field 'intensity'.
Failed to find match for field 'intensity'.
Failed to find match for field 'intensity'.
Failed to find match for field 'intensity'.
Failed to find match for field 'intensity'.
Failed to find match for field 'intensity'.
Failed to find match for field 'intensity'.
Failed to find match for field 'intensity'.
Failed to find match for field 'intensity'.
Failed to find match for field 'intensity'.
Failed to find match for field 'intensity'.
Failed to find match for field 'intensity'.
Failed to find match for field 'intensity'.
Failed to find match for field 'intensity'.
Failed to find match for field 'intensity'.
Failed to find match for field 'intensity'.
Failed to find match for field 'intensity'.
Failed to find match for field 'intensity'.
Failed to find match for field 'intensity'.
Failed to find match for field 'intensity'.
Failed to find match for field 'intensity'.
Failed to find match for field 'intensity'.
Failed to find match for field 'intensity'.
Failed to find match for field 'intensity'.
Failed to find match for field 'intensity'.
Failed to find match for field 'intensity'.
Failed to find match for field 'intensity'.
Failed to find match for field 'intensity'.
Failed to find match for field 'intensity'.
Failed to find match for field 'intensity'.
Failed to find match for field 'intensity'.
Failed to find match for field 'intensity'.
Failed to find match for field 'intensity'.
Failed to find match for field 'intensity'.
Failed to find match for field 'intensity'.
Failed to find match for field 'intensity'.
Failed to find match for field 'intensity'.
Failed to find match for field 'intensity'.
Failed to find match for field 'intensity'.
Failed to find match for field 'intensity'.
Failed to find match for field 'intensity'.
Failed to find match for field 'intensity'.
Failed to find match for field 'intensity'.
Failed to find match for field 'intensity'.
Failed to find match for field 'intensity'.
Failed to find match for field 'intensity'.
Failed to find match for field 'intensity'.
Failed to find match for field 'intensity'.
Failed to find match for field 'intensity'.
Failed to find match for field 'intensity'.
Failed to find match for field 'intensity'.
Failed to find match for field 'intensity'.
Failed to find match for field 'intensity'.
Failed to find match for field 'intensity'.
Failed to find match for field 'intensity'.
Failed to find match for field 'intensity'.
Failed to find match for field 'intensity'.
Failed to find match for field 'intensity'.
Failed to find match for field 'intensity'.
Failed to find match for field 'intensity'.
Failed to find match for field 'intensity'.
Failed to find match for field 'intensity'.
Failed to find match for field 'intensity'.
Failed to find match for field 'intensity'.
Failed to find match for field 'intensity'.
Failed to find match for field 'intensity'.
Failed to find match for field 'intensity'.
Failed to find match for field 'intensity'.
Failed to find match for field 'intensity'.
Failed to find match for field 'intensity'.
Failed to find match for field 'intensity'.
Failed to find match for field 'intensity'.
Failed to find match for field 'intensity'.
Failed to find match for field 'intensity'.
Failed to find match for field 'intensity'.
Failed to find match for field 'intensity'.
Failed to find match for field 'intensity'.
Failed to find match for field 'intensity'.
Failed to find match for field 'intensity'.
Failed to find match for field 'intensity'.
Failed to find match for field 'intensity'.
Failed to find match for field 'intensity'.
Failed to find match for field 'intensity'.
Failed to find match for field 'intensity'.
Failed to find match for field 'intensity'.
Failed to find match for field 'intensity'.
Failed to find match for field 'intensity'.
Failed to find match for field 'intensity'.
Failed to find match for field 'intensity'.
Failed to find match for field 'intensity'.
Failed to find match for field 'intensity'.
Failed to find match for field 'intensity'.
Failed to find match for field 'intensity'.
Failed to find match for field 'intensity'.
Failed to find match for field 'intensity'.
Failed to find match for field 'intensity'.
Failed to find match for field 'intensity'.
Failed to find match for field 'intensity'.
Failed to find match for field 'intensity'.
Failed to find match for field 'intensity'.
Failed to find match for field 'intensity'.
Failed to find match for field 'intensity'.
Failed to find match for field 'intensity'.
Failed to find match for field 'intensity'.
Failed to find match for field 'intensity'.
Failed to find match for field 'intensity'.
Failed to find match for field 'intensity'.
Failed to find match for field 'intensity'.
Failed to find match for field 'intensity'.
Failed to find match for field 'intensity'.
Failed to find match for field 'intensity'.
Failed to find match for field 'intensity'.
Failed to find match for field 'intensity'.
Failed to find match for field 'intensity'.
Failed to find match for field 'intensity'.
Failed to find match for field 'intensity'.
Failed to find match for field 'intensity'.
Failed to find match for field 'intensity'.
Failed to find match for field 'intensity'.
Failed to find match for field 'intensity'.
Failed to find match for field 'intensity'.
Failed to find match for field 'intensity'.
Failed to find match for field 'intensity'.
Failed to find match for field 'intensity'.
Failed to find match for field 'intensity'.
Failed to find match for field 'intensity'.
Failed to find match for field 'intensity'.
Failed to find match for field 'intensity'.
Failed to find match for field 'intensity'.
Failed to find match for field 'intensity'.
Failed to find match for field 'intensity'.
Failed to find match for field 'intensity'.
Failed to find match for field 'intensity'.
Failed to find match for field 'intensity'.
Failed to find match for field 'intensity'.
Failed to find match for field 'intensity'.
Failed to find match for field 'intensity'.
Failed to find match for field 'intensity'.
Failed to find match for field 'intensity'.
Failed to find match for field 'intensity'.
Failed to find match for field 'intensity'.
Failed to find match for field 'intensity'.
Failed to find match for field 'intensity'.
Failed to find match for field 'intensity'.
Failed to find match for field 'intensity'.
Failed to find match for field 'intensity'.
Failed to find match for field 'intensity'.
Failed to find match for field 'intensity'.
Failed to find match for field 'intensity'.
Failed to find match for field 'intensity'.
Failed to find match for field 'intensity'.
Failed to find match for field 'intensity'.
Failed to find match for field 'intensity'.
Failed to find match for field 'intensity'.
Failed to find match for field 'intensity'.
Failed to find match for field 'intensity'.
Failed to find match for field 'intensity'.
Failed to find match for field 'intensity'.
Failed to find match for field 'intensity'.
Failed to find match for field 'intensity'.
Failed to find match for field 'intensity'.
Failed to find match for field 'intensity'.
Failed to find match for field 'intensity'.
Failed to find match for field 'intensity'.
Failed to find match for field 'intensity'.
Failed to find match for field 'intensity'.
Failed to find match for field 'intensity'.
Failed to find match for field 'intensity'.
Failed to find match for field 'intensity'.
Failed to find match for field 'intensity'.
Failed to find match for field 'intensity'.
Failed to find match for field 'intensity'.
Failed to find match for field 'intensity'.
Failed to find match for field 'intensity'.
Failed to find match for field 'intensity'.
Failed to find match for field 'intensity'.
Failed to find match for field 'intensity'.
Failed to find match for field 'intensity'.
Failed to find match for field 'intensity'.
Failed to find match for field 'intensity'.
Failed to find match for field 'intensity'.
Failed to find match for field 'intensity'.
Failed to find match for field 'intensity'.
Failed to find match for field 'intensity'.
Failed to find match for field 'intensity'.
Failed to find match for field 'intensity'.
Failed to find match for field 'intensity'.
Failed to find match for field 'intensity'.
Failed to find match for field 'intensity'.
Failed to find match for field 'intensity'.
Failed to find match for field 'intensity'.
Failed to find match for field 'intensity'.
Failed to find match for field 'intensity'.
Failed to find match for field 'intensity'.
Failed to find match for field 'intensity'.
Failed to find match for field 'intensity'.
Failed to find match for field 'intensity'.
Failed to find match for field 'intensity'.
Failed to find match for field 'intensity'.
Failed to find match for field 'intensity'.
Failed to find match for field 'intensity'.
Failed to find match for field 'intensity'.
Failed to find match for field 'intensity'.
Failed to find match for field 'intensity'.
Failed to find match for field 'intensity'.
Failed to find match for field 'intensity'.
Failed to find match for field 'intensity'.
Failed to find match for field 'intensity'.
Failed to find match for field 'intensity'.
Failed to find match for field 'intensity'.
Failed to find match for field 'intensity'.
Failed to find match for field 'intensity'.
Failed to find match for field 'intensity'.
Failed to find match for field 'intensity'.
Failed to find match for field 'intensity'.
Failed to find match for field 'intensity'.
Failed to find match for field 'intensity'.
Failed to find match for field 'intensity'.
Failed to find match for field 'intensity'.
Failed to find match for field 'intensity'.
Failed to find match for field 'intensity'.
Failed to find match for field 'intensity'.
Failed to find match for field 'intensity'.
Failed to find match for field 'intensity'.
Failed to find match for field 'intensity'.
Failed to find match for field 'intensity'.
Failed to find match for field 'intensity'.
Failed to find match for field 'intensity'.
Failed to find match for field 'intensity'.
Failed to find match for field 'intensity'.
Failed to find match for field 'intensity'.
Failed to find match for field 'intensity'.
Failed to find match for field 'intensity'.
Failed to find match for field 'intensity'.
Failed to find match for field 'intensity'.
Failed to find match for field 'intensity'.
Failed to find match for field 'intensity'.
Failed to find match for field 'intensity'.
Failed to find match for field 'intensity'.
Failed to find match for field 'intensity'.
Failed to find match for field 'intensity'.
Failed to find match for field 'intensity'.
Failed to find match for field 'intensity'.
Failed to find match for field 'intensity'.
Failed to find match for field 'intensity'.
Failed to find match for field 'intensity'.
Failed to find match for field 'intensity'.
Failed to find match for field 'intensity'.
Failed to find match for field 'intensity'.
Failed to find match for field 'intensity'.
Failed to find match for field 'intensity'.
Failed to find match for field 'intensity'.
Failed to find match for field 'intensity'.
Failed to find match for field 'intensity'.
Failed to find match for field 'intensity'.
Failed to find match for field 'intensity'.
Failed to find match for field 'intensity'.
Failed to find match for field 'intensity'.
Failed to find match for field 'intensity'.
Failed to find match for field 'intensity'.
Failed to find match for field 'intensity'.
Failed to find match for field 'intensity'.
Failed to find match for field 'intensity'.
Failed to find match for field 'intensity'.
Failed to find match for field 'intensity'.
Failed to find match for field 'intensity'.
Failed to find match for field 'intensity'.
Failed to find match for field 'intensity'.
Failed to find match for field 'intensity'.
Failed to find match for field 'intensity'.
Failed to find match for field 'intensity'.
Failed to find match for field 'intensity'.
Failed to find match for field 'intensity'.
Failed to find match for field 'intensity'.
Failed to find match for field 'intensity'.
Failed to find match for field 'intensity'.
Failed to find match for field 'intensity'.
Failed to find match for field 'intensity'.
Failed to find match for field 'intensity'.
Failed to find match for field 'intensity'.
Failed to find match for field 'intensity'.
Failed to find match for field 'intensity'.
Failed to find match for field 'intensity'.
Failed to find match for field 'intensity'.
Failed to find match for field 'intensity'.
Failed to find match for field 'intensity'.
Failed to find match for field 'intensity'.
Failed to find match for field 'intensity'.
Failed to find match for field 'intensity'.
Failed to find match for field 'intensity'.
Failed to find match for field 'intensity'.
Failed to find match for field 'intensity'.
Failed to find match for field 'intensity'.
Failed to find match for field 'intensity'.
Failed to find match for field 'intensity'.
Failed to find match for field 'intensity'.
Failed to find match for field 'intensity'.
Failed to find match for field 'intensity'.
Failed to find match for field 'intensity'.
Failed to find match for field 'intensity'.
Failed to find match for field 'intensity'.
Failed to find match for field 'intensity'.
Failed to find match for field 'intensity'.
Failed to find match for field 'intensity'.
Failed to find match for field 'intensity'.
Failed to find match for field 'intensity'.
Failed to find match for field 'intensity'.
Failed to find match for field 'intensity'.
Failed to find match for field 'intensity'.
Failed to find match for field 'intensity'.
Failed to find match for field 'intensity'.
Failed to find match for field 'intensity'.
Failed to find match for field 'intensity'.
Failed to find match for field 'intensity'.
Failed to find match for field 'intensity'.
Failed to find match for field 'intensity'.
Failed to find match for field 'intensity'.
Failed to find match for field 'intensity'.
Failed to find match for field 'intensity'.
Failed to find match for field 'intensity'.
Failed to find match for field 'intensity'.
Failed to find match for field 'intensity'.
Failed to find match for field 'intensity'.
Failed to find match for field 'intensity'.
Failed to find match for field 'intensity'.
Failed to find match for field 'intensity'.
Failed to find match for field 'intensity'.
Failed to find match for field 'intensity'.
Failed to find match for field 'intensity'.
Failed to find match for field 'intensity'.
Failed to find match for field 'intensity'.
Failed to find match for field 'intensity'.
Failed to find match for field 'intensity'.
Failed to find match for field 'intensity'.
Failed to find match for field 'intensity'.
Failed to find match for field 'intensity'.
Failed to find match for field 'intensity'.
Failed to find match for field 'intensity'.
Failed to find match for field 'intensity'.
Failed to find match for field 'intensity'.
Failed to find match for field 'intensity'.
Failed to find match for field 'intensity'.
Failed to find match for field 'intensity'.
Failed to find match for field 'intensity'.
Failed to find match for field 'intensity'.
Failed to find match for field 'intensity'.
Failed to find match for field 'intensity'.
Failed to find match for field 'intensity'.
Failed to find match for field 'intensity'.
Failed to find match for field 'intensity'.
Failed to find match for field 'intensity'.
Failed to find match for field 'intensity'.
Failed to find match for field 'intensity'.
Failed to find match for field 'intensity'.
Failed to find match for field 'intensity'.
Failed to find match for field 'intensity'.
Failed to find match for field 'intensity'.
Failed to find match for field 'intensity'.
Failed to find match for field 'intensity'.
Failed to find match for field 'intensity'.
Failed to find match for field 'intensity'.
Failed to find match for field 'intensity'.
Failed to find match for field 'intensity'.
Failed to find match for field 'intensity'.
Failed to find match for field 'intensity'.
Failed to find match for field 'intensity'.
Failed to find match for field 'intensity'.
Failed to find match for field 'intensity'.
Failed to find match for field 'intensity'.
Failed to find match for field 'intensity'.
Failed to find match for field 'intensity'.
Failed to find match for field 'intensity'.
Failed to find match for field 'intensity'.
Failed to find match for field 'intensity'.
Failed to find match for field 'intensity'.
Failed to find match for field 'intensity'.
Failed to find match for field 'intensity'.
Failed to find match for field 'intensity'.
Failed to find match for field 'intensity'.
Failed to find match for field 'intensity'.
Failed to find match for field 'intensity'.
Failed to find match for field 'intensity'.
Failed to find match for field 'intensity'.
Failed to find match for field 'intensity'.
Failed to find match for field 'intensity'.
Failed to find match for field 'intensity'.
Failed to find match for field 'intensity'.
Failed to find match for field 'intensity'.
Failed to find match for field 'intensity'.
Failed to find match for field 'intensity'.
Failed to find match for field 'intensity'.
Failed to find match for field 'intensity'.
Failed to find match for field 'intensity'.
Failed to find match for field 'intensity'.
Failed to find match for field 'intensity'.
[14:02:09.779] [debug]   收集 LiDAR [/PointCloudObject] 帧数: 500
Failed to find match for field 'intensity'.
[14:02:09.779] [debug]   收集 LiDAR [/PointCloudDetection] 帧数: 500
Failed to find match for field 'intensity'.
Failed to find match for field 'intensity'.
Failed to find match for field 'intensity'.
Failed to find match for field 'intensity'.
Failed to find match for field 'intensity'.
Failed to find match for field 'intensity'.
Failed to find match for field 'intensity'.
Failed to find match for field 'intensity'.
Failed to find match for field 'intensity'.
Failed to find match for field 'intensity'.
Failed to find match for field 'intensity'.
Failed to find match for field 'intensity'.
Failed to find match for field 'intensity'.
Failed to find match for field 'intensity'.
Failed to find match for field 'intensity'.
Failed to find match for field 'intensity'.
Failed to find match for field 'intensity'.
Failed to find match for field 'intensity'.
Failed to find match for field 'intensity'.
Failed to find match for field 'intensity'.
Failed to find match for field 'intensity'.
Failed to find match for field 'intensity'.
Failed to find match for field 'intensity'.
Failed to find match for field 'intensity'.
Failed to find match for field 'intensity'.
Failed to find match for field 'intensity'.
Failed to find match for field 'intensity'.
Failed to find match for field 'intensity'.
Failed to find match for field 'intensity'.
Failed to find match for field 'intensity'.
Failed to find match for field 'intensity'.
Failed to find match for field 'intensity'.
Failed to find match for field 'intensity'.
Failed to find match for field 'intensity'.
Failed to find match for field 'intensity'.
Failed to find match for field 'intensity'.
Failed to find match for field 'intensity'.
Failed to find match for field 'intensity'.
Failed to find match for field 'intensity'.
Failed to find match for field 'intensity'.
Failed to find match for field 'intensity'.
Failed to find match for field 'intensity'.
Failed to find match for field 'intensity'.
Failed to find match for field 'intensity'.
Failed to find match for field 'intensity'.
Failed to find match for field 'intensity'.
Failed to find match for field 'intensity'.
Failed to find match for field 'intensity'.
Failed to find match for field 'intensity'.
Failed to find match for field 'intensity'.
Failed to find match for field 'intensity'.
Failed to find match for field 'intensity'.
Failed to find match for field 'intensity'.
Failed to find match for field 'intensity'.
Failed to find match for field 'intensity'.
Failed to find match for field 'intensity'.
Failed to find match for field 'intensity'.
Failed to find match for field 'intensity'.
Failed to find match for field 'intensity'.
Failed to find match for field 'intensity'.
Failed to find match for field 'intensity'.
Failed to find match for field 'intensity'.
Failed to find match for field 'intensity'.
Failed to find match for field 'intensity'.
Failed to find match for field 'intensity'.
Failed to find match for field 'intensity'.
Failed to find match for field 'intensity'.
Failed to find match for field 'intensity'.
Failed to find match for field 'intensity'.
Failed to find match for field 'intensity'.
Failed to find match for field 'intensity'.
Failed to find match for field 'intensity'.
Failed to find match for field 'intensity'.
Failed to find match for field 'intensity'.
Failed to find match for field 'intensity'.
Failed to find match for field 'intensity'.
Failed to find match for field 'intensity'.
Failed to find match for field 'intensity'.
Failed to find match for field 'intensity'.
Failed to find match for field 'intensity'.
Failed to find match for field 'intensity'.
Failed to find match for field 'intensity'.
Failed to find match for field 'intensity'.
Failed to find match for field 'intensity'.
Failed to find match for field 'intensity'.
Failed to find match for field 'intensity'.
Failed to find match for field 'intensity'.
Failed to find match for field 'intensity'.
Failed to find match for field 'intensity'.
Failed to find match for field 'intensity'.
Failed to find match for field 'intensity'.
Failed to find match for field 'intensity'.
Failed to find match for field 'intensity'.
Failed to find match for field 'intensity'.
Failed to find match for field 'intensity'.
Failed to find match for field 'intensity'.
Failed to find match for field 'intensity'.
Failed to find match for field 'intensity'.
Failed to find match for field 'intensity'.
Failed to find match for field 'intensity'.
Failed to find match for field 'intensity'.
Failed to find match for field 'intensity'.
Failed to find match for field 'intensity'.
Failed to find match for field 'intensity'.
Failed to find match for field 'intensity'.
Failed to find match for field 'intensity'.
Failed to find match for field 'intensity'.
Failed to find match for field 'intensity'.
Failed to find match for field 'intensity'.
Failed to find match for field 'intensity'.
Failed to find match for field 'intensity'.
Failed to find match for field 'intensity'.
Failed to find match for field 'intensity'.
Failed to find match for field 'intensity'.
Failed to find match for field 'intensity'.
Failed to find match for field 'intensity'.
Failed to find match for field 'intensity'.
Failed to find match for field 'intensity'.
Failed to find match for field 'intensity'.
Failed to find match for field 'intensity'.
Failed to find match for field 'intensity'.
Failed to find match for field 'intensity'.
Failed to find match for field 'intensity'.
Failed to find match for field 'intensity'.
Failed to find match for field 'intensity'.
Failed to find match for field 'intensity'.
Failed to find match for field 'intensity'.
Failed to find match for field 'intensity'.
Failed to find match for field 'intensity'.
Failed to find match for field 'intensity'.
Failed to find match for field 'intensity'.
Failed to find match for field 'intensity'.
Failed to find match for field 'intensity'.
Failed to find match for field 'intensity'.
Failed to find match for field 'intensity'.
Failed to find match for field 'intensity'.
Failed to find match for field 'intensity'.
Failed to find match for field 'intensity'.
Failed to find match for field 'intensity'.
Failed to find match for field 'intensity'.
Failed to find match for field 'intensity'.
Failed to find match for field 'intensity'.
Failed to find match for field 'intensity'.
Failed to find match for field 'intensity'.
Failed to find match for field 'intensity'.
Failed to find match for field 'intensity'.
Failed to find match for field 'intensity'.
Failed to find match for field 'intensity'.
Failed to find match for field 'intensity'.
Failed to find match for field 'intensity'.
Failed to find match for field 'intensity'.
Failed to find match for field 'intensity'.
Failed to find match for field 'intensity'.
Failed to find match for field 'intensity'.
Failed to find match for field 'intensity'.
Failed to find match for field 'intensity'.
Failed to find match for field 'intensity'.
Failed to find match for field 'intensity'.
Failed to find match for field 'intensity'.
Failed to find match for field 'intensity'.
Failed to find match for field 'intensity'.
Failed to find match for field 'intensity'.
Failed to find match for field 'intensity'.
Failed to find match for field 'intensity'.
Failed to find match for field 'intensity'.
Failed to find match for field 'intensity'.
Failed to find match for field 'intensity'.
Failed to find match for field 'intensity'.
Failed to find match for field 'intensity'.
Failed to find match for field 'intensity'.
Failed to find match for field 'intensity'.
Failed to find match for field 'intensity'.
Failed to find match for field 'intensity'.
Failed to find match for field 'intensity'.
Failed to find match for field 'intensity'.
Failed to find match for field 'intensity'.
Failed to find match for field 'intensity'.
Failed to find match for field 'intensity'.
Failed to find match for field 'intensity'.
Failed to find match for field 'intensity'.
Failed to find match for field 'intensity'.
Failed to find match for field 'intensity'.
Failed to find match for field 'intensity'.
Failed to find match for field 'intensity'.
Failed to find match for field 'intensity'.
Failed to find match for field 'intensity'.
Failed to find match for field 'intensity'.
Failed to find match for field 'intensity'.
Failed to find match for field 'intensity'.
Failed to find match for field 'intensity'.
Failed to find match for field 'intensity'.
Failed to find match for field 'intensity'.
Failed to find match for field 'intensity'.
Failed to find match for field 'intensity'.
Failed to find match for field 'intensity'.
Failed to find match for field 'intensity'.
Failed to find match for field 'intensity'.
Failed to find match for field 'intensity'.
Failed to find match for field 'intensity'.
Failed to find match for field 'intensity'.
Failed to find match for field 'intensity'.
Failed to find match for field 'intensity'.
Failed to find match for field 'intensity'.
Failed to find match for field 'intensity'.
Failed to find match for field 'intensity'.
Failed to find match for field 'intensity'.
Failed to find match for field 'intensity'.
Failed to find match for field 'intensity'.
Failed to find match for field 'intensity'.
Failed to find match for field 'intensity'.
Failed to find match for field 'intensity'.
Failed to find match for field 'intensity'.
Failed to find match for field 'intensity'.
Failed to find match for field 'intensity'.
Failed to find match for field 'intensity'.
Failed to find match for field 'intensity'.
Failed to find match for field 'intensity'.
Failed to find match for field 'intensity'.
Failed to find match for field 'intensity'.
Failed to find match for field 'intensity'.
Failed to find match for field 'intensity'.
Failed to find match for field 'intensity'.
Failed to find match for field 'intensity'.
Failed to find match for field 'intensity'.
Failed to find match for field 'intensity'.
Failed to find match for field 'intensity'.
Failed to find match for field 'intensity'.
Failed to find match for field 'intensity'.
Failed to find match for field 'intensity'.
Failed to find match for field 'intensity'.
Failed to find match for field 'intensity'.
Failed to find match for field 'intensity'.
Failed to find match for field 'intensity'.
Failed to find match for field 'intensity'.
Failed to find match for field 'intensity'.
Failed to find match for field 'intensity'.
Failed to find match for field 'intensity'.
Failed to find match for field 'intensity'.
Failed to find match for field 'intensity'.
Failed to find match for field 'intensity'.
Failed to find match for field 'intensity'.
Failed to find match for field 'intensity'.
Failed to find match for field 'intensity'.
Failed to find match for field 'intensity'.
Failed to find match for field 'intensity'.
Failed to find match for field 'intensity'.
Failed to find match for field 'intensity'.
Failed to find match for field 'intensity'.
Failed to find match for field 'intensity'.
Failed to find match for field 'intensity'.
Failed to find match for field 'intensity'.
Failed to find match for field 'intensity'.
Failed to find match for field 'intensity'.
Failed to find match for field 'intensity'.
Failed to find match for field 'intensity'.
Failed to find match for field 'intensity'.
Failed to find match for field 'intensity'.
Failed to find match for field 'intensity'.
Failed to find match for field 'intensity'.
Failed to find match for field 'intensity'.
Failed to find match for field 'intensity'.
Failed to find match for field 'intensity'.
Failed to find match for field 'intensity'.
Failed to find match for field 'intensity'.
Failed to find match for field 'intensity'.
Failed to find match for field 'intensity'.
Failed to find match for field 'intensity'.
Failed to find match for field 'intensity'.
Failed to find match for field 'intensity'.
Failed to find match for field 'intensity'.
Failed to find match for field 'intensity'.
Failed to find match for field 'intensity'.
Failed to find match for field 'intensity'.
Failed to find match for field 'intensity'.
Failed to find match for field 'intensity'.
Failed to find match for field 'intensity'.
Failed to find match for field 'intensity'.
Failed to find match for field 'intensity'.
Failed to find match for field 'intensity'.
Failed to find match for field 'intensity'.
Failed to find match for field 'intensity'.
Failed to find match for field 'intensity'.
Failed to find match for field 'intensity'.
Failed to find match for field 'intensity'.
Failed to find match for field 'intensity'.
Failed to find match for field 'intensity'.
Failed to find match for field 'intensity'.
Failed to find match for field 'intensity'.
Failed to find match for field 'intensity'.
Failed to find match for field 'intensity'.
Failed to find match for field 'intensity'.
Failed to find match for field 'intensity'.
Failed to find match for field 'intensity'.
Failed to find match for field 'intensity'.
Failed to find match for field 'intensity'.
Failed to find match for field 'intensity'.
Failed to find match for field 'intensity'.
Failed to find match for field 'intensity'.
Failed to find match for field 'intensity'.
Failed to find match for field 'intensity'.
Failed to find match for field 'intensity'.
Failed to find match for field 'intensity'.
Failed to find match for field 'intensity'.
Failed to find match for field 'intensity'.
Failed to find match for field 'intensity'.
Failed to find match for field 'intensity'.
Failed to find match for field 'intensity'.
Failed to find match for field 'intensity'.
Failed to find match for field 'intensity'.
Failed to find match for field 'intensity'.
Failed to find match for field 'intensity'.
Failed to find match for field 'intensity'.
Failed to find match for field 'intensity'.
Failed to find match for field 'intensity'.
Failed to find match for field 'intensity'.
Failed to find match for field 'intensity'.
Failed to find match for field 'intensity'.
Failed to find match for field 'intensity'.
Failed to find match for field 'intensity'.
Failed to find match for field 'intensity'.
Failed to find match for field 'intensity'.
Failed to find match for field 'intensity'.
Failed to find match for field 'intensity'.
Failed to find match for field 'intensity'.
Failed to find match for field 'intensity'.
Failed to find match for field 'intensity'.
Failed to find match for field 'intensity'.
Failed to find match for field 'intensity'.
Failed to find match for field 'intensity'.
Failed to find match for field 'intensity'.
Failed to find match for field 'intensity'.
Failed to find match for field 'intensity'.
Failed to find match for field 'intensity'.
Failed to find match for field 'intensity'.
Failed to find match for field 'intensity'.
Failed to find match for field 'intensity'.
Failed to find match for field 'intensity'.
Failed to find match for field 'intensity'.
Failed to find match for field 'intensity'.
Failed to find match for field 'intensity'.
Failed to find match for field 'intensity'.
Failed to find match for field 'intensity'.
Failed to find match for field 'intensity'.
Failed to find match for field 'intensity'.
Failed to find match for field 'intensity'.
Failed to find match for field 'intensity'.
Failed to find match for field 'intensity'.
Failed to find match for field 'intensity'.
Failed to find match for field 'intensity'.
Failed to find match for field 'intensity'.
Failed to find match for field 'intensity'.
Failed to find match for field 'intensity'.
Failed to find match for field 'intensity'.
Failed to find match for field 'intensity'.
Failed to find match for field 'intensity'.
Failed to find match for field 'intensity'.
Failed to find match for field 'intensity'.
Failed to find match for field 'intensity'.
Failed to find match for field 'intensity'.
Failed to find match for field 'intensity'.
Failed to find match for field 'intensity'.
Failed to find match for field 'intensity'.
Failed to find match for field 'intensity'.
Failed to find match for field 'intensity'.
Failed to find match for field 'intensity'.
Failed to find match for field 'intensity'.
Failed to find match for field 'intensity'.
Failed to find match for field 'intensity'.
Failed to find match for field 'intensity'.
Failed to find match for field 'intensity'.
Failed to find match for field 'intensity'.
Failed to find match for field 'intensity'.
Failed to find match for field 'intensity'.
Failed to find match for field 'intensity'.
Failed to find match for field 'intensity'.
Failed to find match for field 'intensity'.
Failed to find match for field 'intensity'.
Failed to find match for field 'intensity'.
Failed to find match for field 'intensity'.
Failed to find match for field 'intensity'.
Failed to find match for field 'intensity'.
Failed to find match for field 'intensity'.
Failed to find match for field 'intensity'.
Failed to find match for field 'intensity'.
Failed to find match for field 'intensity'.
Failed to find match for field 'intensity'.
Failed to find match for field 'intensity'.
Failed to find match for field 'intensity'.
Failed to find match for field 'intensity'.
Failed to find match for field 'intensity'.
Failed to find match for field 'intensity'.
Failed to find match for field 'intensity'.
Failed to find match for field 'intensity'.
Failed to find match for field 'intensity'.
Failed to find match for field 'intensity'.
Failed to find match for field 'intensity'.
Failed to find match for field 'intensity'.
Failed to find match for field 'intensity'.
Failed to find match for field 'intensity'.
Failed to find match for field 'intensity'.
Failed to find match for field 'intensity'.
Failed to find match for field 'intensity'.
Failed to find match for field 'intensity'.
Failed to find match for field 'intensity'.
Failed to find match for field 'intensity'.
Failed to find match for field 'intensity'.
Failed to find match for field 'intensity'.
Failed to find match for field 'intensity'.
Failed to find match for field 'intensity'.
Failed to find match for field 'intensity'.
Failed to find match for field 'intensity'.
Failed to find match for field 'intensity'.
Failed to find match for field 'intensity'.
Failed to find match for field 'intensity'.
Failed to find match for field 'intensity'.
Failed to find match for field 'intensity'.
Failed to find match for field 'intensity'.
Failed to find match for field 'intensity'.
Failed to find match for field 'intensity'.
Failed to find match for field 'intensity'.
Failed to find match for field 'intensity'.
Failed to find match for field 'intensity'.
Failed to find match for field 'intensity'.
Failed to find match for field 'intensity'.
Failed to find match for field 'intensity'.
Failed to find match for field 'intensity'.
Failed to find match for field 'intensity'.
Failed to find match for field 'intensity'.
Failed to find match for field 'intensity'.
Failed to find match for field 'intensity'.
Failed to find match for field 'intensity'.
Failed to find match for field 'intensity'.
Failed to find match for field 'intensity'.
Failed to find match for field 'intensity'.
Failed to find match for field 'intensity'.
Failed to find match for field 'intensity'.
Failed to find match for field 'intensity'.
Failed to find match for field 'intensity'.
Failed to find match for field 'intensity'.
Failed to find match for field 'intensity'.
Failed to find match for field 'intensity'.
Failed to find match for field 'intensity'.
Failed to find match for field 'intensity'.
Failed to find match for field 'intensity'.
Failed to find match for field 'intensity'.
Failed to find match for field 'intensity'.
Failed to find match for field 'intensity'.
Failed to find match for field 'intensity'.
Failed to find match for field 'intensity'.
Failed to find match for field 'intensity'.
Failed to find match for field 'intensity'.
Failed to find match for field 'intensity'.
Failed to find match for field 'intensity'.
Failed to find match for field 'intensity'.
Failed to find match for field 'intensity'.
Failed to find match for field 'intensity'.
Failed to find match for field 'intensity'.
Failed to find match for field 'intensity'.
Failed to find match for field 'intensity'.
Failed to find match for field 'intensity'.
Failed to find match for field 'intensity'.
Failed to find match for field 'intensity'.
Failed to find match for field 'intensity'.
Failed to find match for field 'intensity'.
Failed to find match for field 'intensity'.
Failed to find match for field 'intensity'.
Failed to find match for field 'intensity'.
Failed to find match for field 'intensity'.
Failed to find match for field 'intensity'.
Failed to find match for field 'intensity'.
Failed to find match for field 'intensity'.
Failed to find match for field 'intensity'.
Failed to find match for field 'intensity'.
Failed to find match for field 'intensity'.
Failed to find match for field 'intensity'.
Failed to find match for field 'intensity'.
Failed to find match for field 'intensity'.
Failed to find match for field 'intensity'.
Failed to find match for field 'intensity'.
Failed to find match for field 'intensity'.
Failed to find match for field 'intensity'.
Failed to find match for field 'intensity'.
Failed to find match for field 'intensity'.
Failed to find match for field 'intensity'.
Failed to find match for field 'intensity'.
Failed to find match for field 'intensity'.
Failed to find match for field 'intensity'.
Failed to find match for field 'intensity'.
Failed to find match for field 'intensity'.
Failed to find match for field 'intensity'.
Failed to find match for field 'intensity'.
Failed to find match for field 'intensity'.
Failed to find match for field 'intensity'.
Failed to find match for field 'intensity'.
Failed to find match for field 'intensity'.
Failed to find match for field 'intensity'.
Failed to find match for field 'intensity'.
Failed to find match for field 'intensity'.
Failed to find match for field 'intensity'.
Failed to find match for field 'intensity'.
Failed to find match for field 'intensity'.
Failed to find match for field 'intensity'.
Failed to find match for field 'intensity'.
Failed to find match for field 'intensity'.
Failed to find match for field 'intensity'.
Failed to find match for field 'intensity'.
Failed to find match for field 'intensity'.
Failed to find match for field 'intensity'.
Failed to find match for field 'intensity'.
Failed to find match for field 'intensity'.
Failed to find match for field 'intensity'.
Failed to find match for field 'intensity'.
Failed to find match for field 'intensity'.
Failed to find match for field 'intensity'.
Failed to find match for field 'intensity'.
Failed to find match for field 'intensity'.
Failed to find match for field 'intensity'.
Failed to find match for field 'intensity'.
Failed to find match for field 'intensity'.
Failed to find match for field 'intensity'.
Failed to find match for field 'intensity'.
Failed to find match for field 'intensity'.
Failed to find match for field 'intensity'.
Failed to find match for field 'intensity'.
Failed to find match for field 'intensity'.
Failed to find match for field 'intensity'.
Failed to find match for field 'intensity'.
Failed to find match for field 'intensity'.
Failed to find match for field 'intensity'.
Failed to find match for field 'intensity'.
Failed to find match for field 'intensity'.
Failed to find match for field 'intensity'.
Failed to find match for field 'intensity'.
Failed to find match for field 'intensity'.
Failed to find match for field 'intensity'.
Failed to find match for field 'intensity'.
Failed to find match for field 'intensity'.
Failed to find match for field 'intensity'.
Failed to find match for field 'intensity'.
Failed to find match for field 'intensity'.
Failed to find match for field 'intensity'.
Failed to find match for field 'intensity'.
Failed to find match for field 'intensity'.
Failed to find match for field 'intensity'.
Failed to find match for field 'intensity'.
Failed to find match for field 'intensity'.
Failed to find match for field 'intensity'.
Failed to find match for field 'intensity'.
Failed to find match for field 'intensity'.
Failed to find match for field 'intensity'.
Failed to find match for field 'intensity'.
Failed to find match for field 'intensity'.
Failed to find match for field 'intensity'.
Failed to find match for field 'intensity'.
Failed to find match for field 'intensity'.
Failed to find match for field 'intensity'.
Failed to find match for field 'intensity'.
Failed to find match for field 'intensity'.
Failed to find match for field 'intensity'.
Failed to find match for field 'intensity'.
Failed to find match for field 'intensity'.
Failed to find match for field 'intensity'.
Failed to find match for field 'intensity'.
Failed to find match for field 'intensity'.
Failed to find match for field 'intensity'.
Failed to find match for field 'intensity'.
Failed to find match for field 'intensity'.
Failed to find match for field 'intensity'.
Failed to find match for field 'intensity'.
Failed to find match for field 'intensity'.
Failed to find match for field 'intensity'.
Failed to find match for field 'intensity'.
Failed to find match for field 'intensity'.
Failed to find match for field 'intensity'.
Failed to find match for field 'intensity'.
Failed to find match for field 'intensity'.
Failed to find match for field 'intensity'.
Failed to find match for field 'intensity'.
Failed to find match for field 'intensity'.
Failed to find match for field 'intensity'.
Failed to find match for field 'intensity'.
Failed to find match for field 'intensity'.
Failed to find match for field 'intensity'.
Failed to find match for field 'intensity'.
Failed to find match for field 'intensity'.
Failed to find match for field 'intensity'.
Failed to find match for field 'intensity'.
Failed to find match for field 'intensity'.
Failed to find match for field 'intensity'.
Failed to find match for field 'intensity'.
Failed to find match for field 'intensity'.
Failed to find match for field 'intensity'.
Failed to find match for field 'intensity'.
Failed to find match for field 'intensity'.
Failed to find match for field 'intensity'.
Failed to find match for field 'intensity'.
Failed to find match for field 'intensity'.
Failed to find match for field 'intensity'.
Failed to find match for field 'intensity'.
Failed to find match for field 'intensity'.
Failed to find match for field 'intensity'.
Failed to find match for field 'intensity'.
Failed to find match for field 'intensity'.
Failed to find match for field 'intensity'.
Failed to find match for field 'intensity'.
Failed to find match for field 'intensity'.
Failed to find match for field 'intensity'.
Failed to find match for field 'intensity'.
Failed to find match for field 'intensity'.
Failed to find match for field 'intensity'.
Failed to find match for field 'intensity'.
Failed to find match for field 'intensity'.
Failed to find match for field 'intensity'.
Failed to find match for field 'intensity'.
Failed to find match for field 'intensity'.
Failed to find match for field 'intensity'.
Failed to find match for field 'intensity'.
Failed to find match for field 'intensity'.
Failed to find match for field 'intensity'.
Failed to find match for field 'intensity'.
Failed to find match for field 'intensity'.
Failed to find match for field 'intensity'.
Failed to find match for field 'intensity'.
Failed to find match for field 'intensity'.
Failed to find match for field 'intensity'.
Failed to find match for field 'intensity'.
Failed to find match for field 'intensity'.
Failed to find match for field 'intensity'.
Failed to find match for field 'intensity'.
Failed to find match for field 'intensity'.
Failed to find match for field 'intensity'.
Failed to find match for field 'intensity'.
Failed to find match for field 'intensity'.
Failed to find match for field 'intensity'.
Failed to find match for field 'intensity'.
Failed to find match for field 'intensity'.
Failed to find match for field 'intensity'.
Failed to find match for field 'intensity'.
Failed to find match for field 'intensity'.
Failed to find match for field 'intensity'.
Failed to find match for field 'intensity'.
Failed to find match for field 'intensity'.
Failed to find match for field 'intensity'.
Failed to find match for field 'intensity'.
Failed to find match for field 'intensity'.
Failed to find match for field 'intensity'.
Failed to find match for field 'intensity'.
Failed to find match for field 'intensity'.
Failed to find match for field 'intensity'.
Failed to find match for field 'intensity'.
Failed to find match for field 'intensity'.
Failed to find match for field 'intensity'.
Failed to find match for field 'intensity'.
Failed to find match for field 'intensity'.
Failed to find match for field 'intensity'.
Failed to find match for field 'intensity'.
Failed to find match for field 'intensity'.
Failed to find match for field 'intensity'.
Failed to find match for field 'intensity'.
Failed to find match for field 'intensity'.
Failed to find match for field 'intensity'.
Failed to find match for field 'intensity'.
Failed to find match for field 'intensity'.
Failed to find match for field 'intensity'.
Failed to find match for field 'intensity'.
Failed to find match for field 'intensity'.
Failed to find match for field 'intensity'.
Failed to find match for field 'intensity'.
Failed to find match for field 'intensity'.
Failed to find match for field 'intensity'.
Failed to find match for field 'intensity'.
Failed to find match for field 'intensity'.
Failed to find match for field 'intensity'.
Failed to find match for field 'intensity'.
Failed to find match for field 'intensity'.
Failed to find match for field 'intensity'.
Failed to find match for field 'intensity'.
Failed to find match for field 'intensity'.
Failed to find match for field 'intensity'.
Failed to find match for field 'intensity'.
Failed to find match for field 'intensity'.
Failed to find match for field 'intensity'.
Failed to find match for field 'intensity'.
Failed to find match for field 'intensity'.
Failed to find match for field 'intensity'.
Failed to find match for field 'intensity'.
Failed to find match for field 'intensity'.
Failed to find match for field 'intensity'.
Failed to find match for field 'intensity'.
Failed to find match for field 'intensity'.
Failed to find match for field 'intensity'.
Failed to find match for field 'intensity'.
Failed to find match for field 'intensity'.
Failed to find match for field 'intensity'.
Failed to find match for field 'intensity'.
Failed to find match for field 'intensity'.
Failed to find match for field 'intensity'.
Failed to find match for field 'intensity'.
Failed to find match for field 'intensity'.
Failed to find match for field 'intensity'.
Failed to find match for field 'intensity'.
Failed to find match for field 'intensity'.
Failed to find match for field 'intensity'.
Failed to find match for field 'intensity'.
Failed to find match for field 'intensity'.
Failed to find match for field 'intensity'.
Failed to find match for field 'intensity'.
Failed to find match for field 'intensity'.
Failed to find match for field 'intensity'.
Failed to find match for field 'intensity'.
Failed to find match for field 'intensity'.
Failed to find match for field 'intensity'.
Failed to find match for field 'intensity'.
Failed to find match for field 'intensity'.
Failed to find match for field 'intensity'.
Failed to find match for field 'intensity'.
Failed to find match for field 'intensity'.
Failed to find match for field 'intensity'.
Failed to find match for field 'intensity'.
Failed to find match for field 'intensity'.
Failed to find match for field 'intensity'.
Failed to find match for field 'intensity'.
Failed to find match for field 'intensity'.
Failed to find match for field 'intensity'.
Failed to find match for field 'intensity'.
Failed to find match for field 'intensity'.
Failed to find match for field 'intensity'.
Failed to find match for field 'intensity'.
Failed to find match for field 'intensity'.
Failed to find match for field 'intensity'.
Failed to find match for field 'intensity'.
Failed to find match for field 'intensity'.
Failed to find match for field 'intensity'.
Failed to find match for field 'intensity'.
Failed to find match for field 'intensity'.
Failed to find match for field 'intensity'.
Failed to find match for field 'intensity'.
Failed to find match for field 'intensity'.
Failed to find match for field 'intensity'.
Failed to find match for field 'intensity'.
Failed to find match for field 'intensity'.
Failed to find match for field 'intensity'.
Failed to find match for field 'intensity'.
Failed to find match for field 'intensity'.
Failed to find match for field 'intensity'.
Failed to find match for field 'intensity'.
Failed to find match for field 'intensity'.
Failed to find match for field 'intensity'.
Failed to find match for field 'intensity'.
Failed to find match for field 'intensity'.
Failed to find match for field 'intensity'.
Failed to find match for field 'intensity'.
Failed to find match for field 'intensity'.
Failed to find match for field 'intensity'.
Failed to find match for field 'intensity'.
Failed to find match for field 'intensity'.
Failed to find match for field 'intensity'.
Failed to find match for field 'intensity'.
Failed to find match for field 'intensity'.
Failed to find match for field 'intensity'.
Failed to find match for field 'intensity'.
Failed to find match for field 'intensity'.
Failed to find match for field 'intensity'.
Failed to find match for field 'intensity'.
Failed to find match for field 'intensity'.
Failed to find match for field 'intensity'.
Failed to find match for field 'intensity'.
Failed to find match for field 'intensity'.
Failed to find match for field 'intensity'.
Failed to find match for field 'intensity'.
Failed to find match for field 'intensity'.
Failed to find match for field 'intensity'.
Failed to find match for field 'intensity'.
Failed to find match for field 'intensity'.
Failed to find match for field 'intensity'.
Failed to find match for field 'intensity'.
Failed to find match for field 'intensity'.
Failed to find match for field 'intensity'.
Failed to find match for field 'intensity'.
Failed to find match for field 'intensity'.
Failed to find match for field 'intensity'.
Failed to find match for field 'intensity'.
Failed to find match for field 'intensity'.
Failed to find match for field 'intensity'.
Failed to find match for field 'intensity'.
Failed to find match for field 'intensity'.
Failed to find match for field 'intensity'.
Failed to find match for field 'intensity'.
Failed to find match for field 'intensity'.
Failed to find match for field 'intensity'.
Failed to find match for field 'intensity'.
Failed to find match for field 'intensity'.
Failed to find match for field 'intensity'.
Failed to find match for field 'intensity'.
Failed to find match for field 'intensity'.
Failed to find match for field 'intensity'.
Failed to find match for field 'intensity'.
Failed to find match for field 'intensity'.
Failed to find match for field 'intensity'.
Failed to find match for field 'intensity'.
Failed to find match for field 'intensity'.
Failed to find match for field 'intensity'.
Failed to find match for field 'intensity'.
Failed to find match for field 'intensity'.
Failed to find match for field 'intensity'.
Failed to find match for field 'intensity'.
Failed to find match for field 'intensity'.
Failed to find match for field 'intensity'.
Failed to find match for field 'intensity'.
Failed to find match for field 'intensity'.
Failed to find match for field 'intensity'.
Failed to find match for field 'intensity'.
Failed to find match for field 'intensity'.
Failed to find match for field 'intensity'.
Failed to find match for field 'intensity'.
Failed to find match for field 'intensity'.
Failed to find match for field 'intensity'.
Failed to find match for field 'intensity'.
Failed to find match for field 'intensity'.
Failed to find match for field 'intensity'.
Failed to find match for field 'intensity'.
Failed to find match for field 'intensity'.
Failed to find match for field 'intensity'.
Failed to find match for field 'intensity'.
Failed to find match for field 'intensity'.
Failed to find match for field 'intensity'.
Failed to find match for field 'intensity'.
Failed to find match for field 'intensity'.
Failed to find match for field 'intensity'.
Failed to find match for field 'intensity'.
Failed to find match for field 'intensity'.
Failed to find match for field 'intensity'.
Failed to find match for field 'intensity'.
Failed to find match for field 'intensity'.
Failed to find match for field 'intensity'.
Failed to find match for field 'intensity'.
Failed to find match for field 'intensity'.
Failed to find match for field 'intensity'.
Failed to find match for field 'intensity'.
Failed to find match for field 'intensity'.
Failed to find match for field 'intensity'.
Failed to find match for field 'intensity'.
Failed to find match for field 'intensity'.
Failed to find match for field 'intensity'.
Failed to find match for field 'intensity'.
Failed to find match for field 'intensity'.
Failed to find match for field 'intensity'.
Failed to find match for field 'intensity'.
Failed to find match for field 'intensity'.
Failed to find match for field 'intensity'.
Failed to find match for field 'intensity'.
Failed to find match for field 'intensity'.
Failed to find match for field 'intensity'.
Failed to find match for field 'intensity'.
Failed to find match for field 'intensity'.
Failed to find match for field 'intensity'.
Failed to find match for field 'intensity'.
Failed to find match for field 'intensity'.
Failed to find match for field 'intensity'.
Failed to find match for field 'intensity'.
Failed to find match for field 'intensity'.
Failed to find match for field 'intensity'.
Failed to find match for field 'intensity'.
Failed to find match for field 'intensity'.
Failed to find match for field 'intensity'.
Failed to find match for field 'intensity'.
Failed to find match for field 'intensity'.
Failed to find match for field 'intensity'.
Failed to find match for field 'intensity'.
Failed to find match for field 'intensity'.
Failed to find match for field 'intensity'.
Failed to find match for field 'intensity'.
Failed to find match for field 'intensity'.
Failed to find match for field 'intensity'.
Failed to find match for field 'intensity'.
Failed to find match for field 'intensity'.
Failed to find match for field 'intensity'.
Failed to find match for field 'intensity'.
Failed to find match for field 'intensity'.
Failed to find match for field 'intensity'.
Failed to find match for field 'intensity'.
Failed to find match for field 'intensity'.
Failed to find match for field 'intensity'.
Failed to find match for field 'intensity'.
Failed to find match for field 'intensity'.
Failed to find match for field 'intensity'.
Failed to find match for field 'intensity'.
Failed to find match for field 'intensity'.
Failed to find match for field 'intensity'.
Failed to find match for field 'intensity'.
Failed to find match for field 'intensity'.
Failed to find match for field 'intensity'.
Failed to find match for field 'intensity'.
Failed to find match for field 'intensity'.
Failed to find match for field 'intensity'.
Failed to find match for field 'intensity'.
Failed to find match for field 'intensity'.
Failed to find match for field 'intensity'.
Failed to find match for field 'intensity'.
Failed to find match for field 'intensity'.
Failed to find match for field 'intensity'.
Failed to find match for field 'intensity'.
Failed to find match for field 'intensity'.
Failed to find match for field 'intensity'.
Failed to find match for field 'intensity'.
Failed to find match for field 'intensity'.
Failed to find match for field 'intensity'.
Failed to find match for field 'intensity'.
Failed to find match for field 'intensity'.
Failed to find match for field 'intensity'.
Failed to find match for field 'intensity'.
Failed to find match for field 'intensity'.
Failed to find match for field 'intensity'.
Failed to find match for field 'intensity'.
Failed to find match for field 'intensity'.
Failed to find match for field 'intensity'.
Failed to find match for field 'intensity'.
Failed to find match for field 'intensity'.
Failed to find match for field 'intensity'.
Failed to find match for field 'intensity'.
Failed to find match for field 'intensity'.
Failed to find match for field 'intensity'.
Failed to find match for field 'intensity'.
Failed to find match for field 'intensity'.
Failed to find match for field 'intensity'.
Failed to find match for field 'intensity'.
Failed to find match for field 'intensity'.
Failed to find match for field 'intensity'.
Failed to find match for field 'intensity'.
Failed to find match for field 'intensity'.
Failed to find match for field 'intensity'.
Failed to find match for field 'intensity'.
Failed to find match for field 'intensity'.
Failed to find match for field 'intensity'.
Failed to find match for field 'intensity'.
Failed to find match for field 'intensity'.
Failed to find match for field 'intensity'.
Failed to find match for field 'intensity'.
Failed to find match for field 'intensity'.
Failed to find match for field 'intensity'.
Failed to find match for field 'intensity'.
Failed to find match for field 'intensity'.
Failed to find match for field 'intensity'.
Failed to find match for field 'intensity'.
Failed to find match for field 'intensity'.
Failed to find match for field 'intensity'.
Failed to find match for field 'intensity'.
Failed to find match for field 'intensity'.
Failed to find match for field 'intensity'.
Failed to find match for field 'intensity'.
Failed to find match for field 'intensity'.
Failed to find match for field 'intensity'.
Failed to find match for field 'intensity'.
Failed to find match for field 'intensity'.
Failed to find match for field 'intensity'.
Failed to find match for field 'intensity'.
Failed to find match for field 'intensity'.
Failed to find match for field 'intensity'.
Failed to find match for field 'intensity'.
Failed to find match for field 'intensity'.
Failed to find match for field 'intensity'.
Failed to find match for field 'intensity'.
Failed to find match for field 'intensity'.
Failed to find match for field 'intensity'.
Failed to find match for field 'intensity'.
Failed to find match for field 'intensity'.
Failed to find match for field 'intensity'.
Failed to find match for field 'intensity'.
Failed to find match for field 'intensity'.
Failed to find match for field 'intensity'.
Failed to find match for field 'intensity'.
Failed to find match for field 'intensity'.
Failed to find match for field 'intensity'.
Failed to find match for field 'intensity'.
Failed to find match for field 'intensity'.
Failed to find match for field 'intensity'.
Failed to find match for field 'intensity'.
Failed to find match for field 'intensity'.
Failed to find match for field 'intensity'.
Failed to find match for field 'intensity'.
Failed to find match for field 'intensity'.
Failed to find match for field 'intensity'.
Failed to find match for field 'intensity'.
Failed to find match for field 'intensity'.
Failed to find match for field 'intensity'.
Failed to find match for field 'intensity'.
Failed to find match for field 'intensity'.
Failed to find match for field 'intensity'.
Failed to find match for field 'intensity'.
Failed to find match for field 'intensity'.
Failed to find match for field 'intensity'.
Failed to find match for field 'intensity'.
Failed to find match for field 'intensity'.
Failed to find match for field 'intensity'.
Failed to find match for field 'intensity'.
Failed to find match for field 'intensity'.
Failed to find match for field 'intensity'.
Failed to find match for field 'intensity'.
Failed to find match for field 'intensity'.
[14:02:10.147] [debug]   收集 LiDAR [/PointCloudObject] 帧数: 1000
Failed to find match for field 'intensity'.
[14:02:10.147] [debug]   收集 LiDAR [/PointCloudDetection] 帧数: 1000
[14:02:10.148] [debug]   收集 IMU [/ouster/imu] 帧数: 5000
Failed to find match for field 'intensity'.
Failed to find match for field 'intensity'.
Failed to find match for field 'intensity'.
Failed to find match for field 'intensity'.
Failed to find match for field 'intensity'.
Failed to find match for field 'intensity'.
Failed to find match for field 'intensity'.
Failed to find match for field 'intensity'.
Failed to find match for field 'intensity'.
Failed to find match for field 'intensity'.
Failed to find match for field 'intensity'.
Failed to find match for field 'intensity'.
Failed to find match for field 'intensity'.
Failed to find match for field 'intensity'.
Failed to find match for field 'intensity'.
Failed to find match for field 'intensity'.
Failed to find match for field 'intensity'.
Failed to find match for field 'intensity'.
Failed to find match for field 'intensity'.
Failed to find match for field 'intensity'.
Failed to find match for field 'intensity'.
Failed to find match for field 'intensity'.
Failed to find match for field 'intensity'.
Failed to find match for field 'intensity'.
Failed to find match for field 'intensity'.
Failed to find match for field 'intensity'.
Failed to find match for field 'intensity'.
Failed to find match for field 'intensity'.
Failed to find match for field 'intensity'.
Failed to find match for field 'intensity'.
Failed to find match for field 'intensity'.
Failed to find match for field 'intensity'.
Failed to find match for field 'intensity'.
Failed to find match for field 'intensity'.
Failed to find match for field 'intensity'.
Failed to find match for field 'intensity'.
Failed to find match for field 'intensity'.
Failed to find match for field 'intensity'.
Failed to find match for field 'intensity'.
Failed to find match for field 'intensity'.
Failed to find match for field 'intensity'.
Failed to find match for field 'intensity'.
Failed to find match for field 'intensity'.
Failed to find match for field 'intensity'.
Failed to find match for field 'intensity'.
Failed to find match for field 'intensity'.
Failed to find match for field 'intensity'.
Failed to find match for field 'intensity'.
Failed to find match for field 'intensity'.
Failed to find match for field 'intensity'.
Failed to find match for field 'intensity'.
Failed to find match for field 'intensity'.
Failed to find match for field 'intensity'.
Failed to find match for field 'intensity'.
Failed to find match for field 'intensity'.
Failed to find match for field 'intensity'.
[14:02:10.171] [debug]   收集 LiDAR [/ouster/points] 帧数: 500
Failed to find match for field 'intensity'.
Failed to find match for field 'intensity'.
Failed to find match for field 'intensity'.
Failed to find match for field 'intensity'.
Failed to find match for field 'intensity'.
Failed to find match for field 'intensity'.
Failed to find match for field 'intensity'.
Failed to find match for field 'intensity'.
Failed to find match for field 'intensity'.
Failed to find match for field 'intensity'.
Failed to find match for field 'intensity'.
Failed to find match for field 'intensity'.
Failed to find match for field 'intensity'.
Failed to find match for field 'intensity'.
Failed to find match for field 'intensity'.
Failed to find match for field 'intensity'.
Failed to find match for field 'intensity'.
Failed to find match for field 'intensity'.
Failed to find match for field 'intensity'.
Failed to find match for field 'intensity'.
Failed to find match for field 'intensity'.
Failed to find match for field 'intensity'.
Failed to find match for field 'intensity'.
Failed to find match for field 'intensity'.
Failed to find match for field 'intensity'.
Failed to find match for field 'intensity'.
Failed to find match for field 'intensity'.
Failed to find match for field 'intensity'.
Failed to find match for field 'intensity'.
Failed to find match for field 'intensity'.
Failed to find match for field 'intensity'.
Failed to find match for field 'intensity'.
Failed to find match for field 'intensity'.
Failed to find match for field 'intensity'.
Failed to find match for field 'intensity'.
Failed to find match for field 'intensity'.
Failed to find match for field 'intensity'.
Failed to find match for field 'intensity'.
Failed to find match for field 'intensity'.
Failed to find match for field 'intensity'.
Failed to find match for field 'intensity'.
Failed to find match for field 'intensity'.
Failed to find match for field 'intensity'.
Failed to find match for field 'intensity'.
Failed to find match for field 'intensity'.
Failed to find match for field 'intensity'.
Failed to find match for field 'intensity'.
Failed to find match for field 'intensity'.
Failed to find match for field 'intensity'.
Failed to find match for field 'intensity'.
Failed to find match for field 'intensity'.
Failed to find match for field 'intensity'.
Failed to find match for field 'intensity'.
Failed to find match for field 'intensity'.
Failed to find match for field 'intensity'.
Failed to find match for field 'intensity'.
Failed to find match for field 'intensity'.
Failed to find match for field 'intensity'.
Failed to find match for field 'intensity'.
Failed to find match for field 'intensity'.
Failed to find match for field 'intensity'.
Failed to find match for field 'intensity'.
Failed to find match for field 'intensity'.
Failed to find match for field 'intensity'.
Failed to find match for field 'intensity'.
Failed to find match for field 'intensity'.
Failed to find match for field 'intensity'.
Failed to find match for field 'intensity'.
Failed to find match for field 'intensity'.
Failed to find match for field 'intensity'.
Failed to find match for field 'intensity'.
Failed to find match for field 'intensity'.
Failed to find match for field 'intensity'.
Failed to find match for field 'intensity'.
Failed to find match for field 'intensity'.
Failed to find match for field 'intensity'.
Failed to find match for field 'intensity'.
Failed to find match for field 'intensity'.
Failed to find match for field 'intensity'.
Failed to find match for field 'intensity'.
Failed to find match for field 'intensity'.
Failed to find match for field 'intensity'.
Failed to find match for field 'intensity'.
Failed to find match for field 'intensity'.
Failed to find match for field 'intensity'.
Failed to find match for field 'intensity'.
Failed to find match for field 'intensity'.
Failed to find match for field 'intensity'.
Failed to find match for field 'intensity'.
Failed to find match for field 'intensity'.
Failed to find match for field 'intensity'.
Failed to find match for field 'intensity'.
Failed to find match for field 'intensity'.
Failed to find match for field 'intensity'.
Failed to find match for field 'intensity'.
Failed to find match for field 'intensity'.
Failed to find match for field 'intensity'.
Failed to find match for field 'intensity'.
Failed to find match for field 'intensity'.
Failed to find match for field 'intensity'.
Failed to find match for field 'intensity'.
Failed to find match for field 'intensity'.
Failed to find match for field 'intensity'.
Failed to find match for field 'intensity'.
Failed to find match for field 'intensity'.
Failed to find match for field 'intensity'.
Failed to find match for field 'intensity'.
Failed to find match for field 'intensity'.
Failed to find match for field 'intensity'.
Failed to find match for field 'intensity'.
Failed to find match for field 'intensity'.
Failed to find match for field 'intensity'.
Failed to find match for field 'intensity'.
Failed to find match for field 'intensity'.
Failed to find match for field 'intensity'.
Failed to find match for field 'intensity'.
Failed to find match for field 'intensity'.
Failed to find match for field 'intensity'.
Failed to find match for field 'intensity'.
Failed to find match for field 'intensity'.
Failed to find match for field 'intensity'.
Failed to find match for field 'intensity'.
Failed to find match for field 'intensity'.
Failed to find match for field 'intensity'.
Failed to find match for field 'intensity'.
Failed to find match for field 'intensity'.
Failed to find match for field 'intensity'.
Failed to find match for field 'intensity'.
Failed to find match for field 'intensity'.
Failed to find match for field 'intensity'.
Failed to find match for field 'intensity'.
Failed to find match for field 'intensity'.
Failed to find match for field 'intensity'.
Failed to find match for field 'intensity'.
Failed to find match for field 'intensity'.
Failed to find match for field 'intensity'.
Failed to find match for field 'intensity'.
Failed to find match for field 'intensity'.
Failed to find match for field 'intensity'.
Failed to find match for field 'intensity'.
Failed to find match for field 'intensity'.
Failed to find match for field 'intensity'.
Failed to find match for field 'intensity'.
Failed to find match for field 'intensity'.
Failed to find match for field 'intensity'.
Failed to find match for field 'intensity'.
Failed to find match for field 'intensity'.
Failed to find match for field 'intensity'.
Failed to find match for field 'intensity'.
Failed to find match for field 'intensity'.
Failed to find match for field 'intensity'.
Failed to find match for field 'intensity'.
Failed to find match for field 'intensity'.
Failed to find match for field 'intensity'.
Failed to find match for field 'intensity'.
Failed to find match for field 'intensity'.
Failed to find match for field 'intensity'.
Failed to find match for field 'intensity'.
Failed to find match for field 'intensity'.
Failed to find match for field 'intensity'.
Failed to find match for field 'intensity'.
Failed to find match for field 'intensity'.
Failed to find match for field 'intensity'.
Failed to find match for field 'intensity'.
Failed to find match for field 'intensity'.
Failed to find match for field 'intensity'.
Failed to find match for field 'intensity'.
Failed to find match for field 'intensity'.
Failed to find match for field 'intensity'.
Failed to find match for field 'intensity'.
Failed to find match for field 'intensity'.
Failed to find match for field 'intensity'.
Failed to find match for field 'intensity'.
Failed to find match for field 'intensity'.
Failed to find match for field 'intensity'.
Failed to find match for field 'intensity'.
Failed to find match for field 'intensity'.
Failed to find match for field 'intensity'.
Failed to find match for field 'intensity'.
Failed to find match for field 'intensity'.
Failed to find match for field 'intensity'.
Failed to find match for field 'intensity'.
Failed to find match for field 'intensity'.
Failed to find match for field 'intensity'.
Failed to find match for field 'intensity'.
Failed to find match for field 'intensity'.
Failed to find match for field 'intensity'.
Failed to find match for field 'intensity'.
Failed to find match for field 'intensity'.
Failed to find match for field 'intensity'.
Failed to find match for field 'intensity'.
Failed to find match for field 'intensity'.
Failed to find match for field 'intensity'.
Failed to find match for field 'intensity'.
Failed to find match for field 'intensity'.
Failed to find match for field 'intensity'.
Failed to find match for field 'intensity'.
Failed to find match for field 'intensity'.
Failed to find match for field 'intensity'.
Failed to find match for field 'intensity'.
Failed to find match for field 'intensity'.
Failed to find match for field 'intensity'.
Failed to find match for field 'intensity'.
Failed to find match for field 'intensity'.
Failed to find match for field 'intensity'.
Failed to find match for field 'intensity'.
Failed to find match for field 'intensity'.
Failed to find match for field 'intensity'.
Failed to find match for field 'intensity'.
Failed to find match for field 'intensity'.
Failed to find match for field 'intensity'.
Failed to find match for field 'intensity'.
Failed to find match for field 'intensity'.
Failed to find match for field 'intensity'.
Failed to find match for field 'intensity'.
Failed to find match for field 'intensity'.
Failed to find match for field 'intensity'.
Failed to find match for field 'intensity'.
Failed to find match for field 'intensity'.
Failed to find match for field 'intensity'.
Failed to find match for field 'intensity'.
Failed to find match for field 'intensity'.
Failed to find match for field 'intensity'.
Failed to find match for field 'intensity'.
Failed to find match for field 'intensity'.
Failed to find match for field 'intensity'.
Failed to find match for field 'intensity'.
Failed to find match for field 'intensity'.
Failed to find match for field 'intensity'.
Failed to find match for field 'intensity'.
Failed to find match for field 'intensity'.
Failed to find match for field 'intensity'.
Failed to find match for field 'intensity'.
Failed to find match for field 'intensity'.
Failed to find match for field 'intensity'.
Failed to find match for field 'intensity'.
Failed to find match for field 'intensity'.
Failed to find match for field 'intensity'.
Failed to find match for field 'intensity'.
Failed to find match for field 'intensity'.
Failed to find match for field 'intensity'.
Failed to find match for field 'intensity'.
Failed to find match for field 'intensity'.
Failed to find match for field 'intensity'.
Failed to find match for field 'intensity'.
Failed to find match for field 'intensity'.
Failed to find match for field 'intensity'.
Failed to find match for field 'intensity'.
Failed to find match for field 'intensity'.
Failed to find match for field 'intensity'.
Failed to find match for field 'intensity'.
Failed to find match for field 'intensity'.
Failed to find match for field 'intensity'.
Failed to find match for field 'intensity'.
Failed to find match for field 'intensity'.
Failed to find match for field 'intensity'.
Failed to find match for field 'intensity'.
Failed to find match for field 'intensity'.
Failed to find match for field 'intensity'.
Failed to find match for field 'intensity'.
Failed to find match for field 'intensity'.
Failed to find match for field 'intensity'.
Failed to find match for field 'intensity'.
Failed to find match for field 'intensity'.
Failed to find match for field 'intensity'.
Failed to find match for field 'intensity'.
Failed to find match for field 'intensity'.
Failed to find match for field 'intensity'.
Failed to find match for field 'intensity'.
Failed to find match for field 'intensity'.
Failed to find match for field 'intensity'.
Failed to find match for field 'intensity'.
Failed to find match for field 'intensity'.
Failed to find match for field 'intensity'.
Failed to find match for field 'intensity'.
Failed to find match for field 'intensity'.
Failed to find match for field 'intensity'.
Failed to find match for field 'intensity'.
Failed to find match for field 'intensity'.
Failed to find match for field 'intensity'.
Failed to find match for field 'intensity'.
Failed to find match for field 'intensity'.
Failed to find match for field 'intensity'.
Failed to find match for field 'intensity'.
Failed to find match for field 'intensity'.
Failed to find match for field 'intensity'.
Failed to find match for field 'intensity'.
Failed to find match for field 'intensity'.
Failed to find match for field 'intensity'.
Failed to find match for field 'intensity'.
Failed to find match for field 'intensity'.
Failed to find match for field 'intensity'.
Failed to find match for field 'intensity'.
Failed to find match for field 'intensity'.
Failed to find match for field 'intensity'.
Failed to find match for field 'intensity'.
Failed to find match for field 'intensity'.
Failed to find match for field 'intensity'.
Failed to find match for field 'intensity'.
Failed to find match for field 'intensity'.
Failed to find match for field 'intensity'.
Failed to find match for field 'intensity'.
Failed to find match for field 'intensity'.
Failed to find match for field 'intensity'.
Failed to find match for field 'intensity'.
Failed to find match for field 'intensity'.
Failed to find match for field 'intensity'.
Failed to find match for field 'intensity'.
Failed to find match for field 'intensity'.
Failed to find match for field 'intensity'.
Failed to find match for field 'intensity'.
Failed to find match for field 'intensity'.
Failed to find match for field 'intensity'.
Failed to find match for field 'intensity'.
Failed to find match for field 'intensity'.
Failed to find match for field 'intensity'.
Failed to find match for field 'intensity'.
Failed to find match for field 'intensity'.
Failed to find match for field 'intensity'.
Failed to find match for field 'intensity'.
Failed to find match for field 'intensity'.
Failed to find match for field 'intensity'.
Failed to find match for field 'intensity'.
Failed to find match for field 'intensity'.
Failed to find match for field 'intensity'.
Failed to find match for field 'intensity'.
Failed to find match for field 'intensity'.
Failed to find match for field 'intensity'.
Failed to find match for field 'intensity'.
Failed to find match for field 'intensity'.
Failed to find match for field 'intensity'.
Failed to find match for field 'intensity'.
Failed to find match for field 'intensity'.
Failed to find match for field 'intensity'.
Failed to find match for field 'intensity'.
Failed to find match for field 'intensity'.
Failed to find match for field 'intensity'.
Failed to find match for field 'intensity'.
Failed to find match for field 'intensity'.
Failed to find match for field 'intensity'.
Failed to find match for field 'intensity'.
Failed to find match for field 'intensity'.
Failed to find match for field 'intensity'.
Failed to find match for field 'intensity'.
Failed to find match for field 'intensity'.
Failed to find match for field 'intensity'.
Failed to find match for field 'intensity'.
Failed to find match for field 'intensity'.
Failed to find match for field 'intensity'.
Failed to find match for field 'intensity'.
Failed to find match for field 'intensity'.
Failed to find match for field 'intensity'.
Failed to find match for field 'intensity'.
Failed to find match for field 'intensity'.
Failed to find match for field 'intensity'.
Failed to find match for field 'intensity'.
Failed to find match for field 'intensity'.
Failed to find match for field 'intensity'.
Failed to find match for field 'intensity'.
Failed to find match for field 'intensity'.
Failed to find match for field 'intensity'.
Failed to find match for field 'intensity'.
Failed to find match for field 'intensity'.
Failed to find match for field 'intensity'.
Failed to find match for field 'intensity'.
Failed to find match for field 'intensity'.
Failed to find match for field 'intensity'.
Failed to find match for field 'intensity'.
Failed to find match for field 'intensity'.
Failed to find match for field 'intensity'.
Failed to find match for field 'intensity'.
Failed to find match for field 'intensity'.
Failed to find match for field 'intensity'.
Failed to find match for field 'intensity'.
Failed to find match for field 'intensity'.
Failed to find match for field 'intensity'.
Failed to find match for field 'intensity'.
Failed to find match for field 'intensity'.
Failed to find match for field 'intensity'.
Failed to find match for field 'intensity'.
Failed to find match for field 'intensity'.
Failed to find match for field 'intensity'.
Failed to find match for field 'intensity'.
Failed to find match for field 'intensity'.
Failed to find match for field 'intensity'.
Failed to find match for field 'intensity'.
Failed to find match for field 'intensity'.
Failed to find match for field 'intensity'.
Failed to find match for field 'intensity'.
Failed to find match for field 'intensity'.
Failed to find match for field 'intensity'.
Failed to find match for field 'intensity'.
Failed to find match for field 'intensity'.
Failed to find match for field 'intensity'.
Failed to find match for field 'intensity'.
Failed to find match for field 'intensity'.
Failed to find match for field 'intensity'.
Failed to find match for field 'intensity'.
Failed to find match for field 'intensity'.
Failed to find match for field 'intensity'.
Failed to find match for field 'intensity'.
Failed to find match for field 'intensity'.
Failed to find match for field 'intensity'.
Failed to find match for field 'intensity'.
Failed to find match for field 'intensity'.
Failed to find match for field 'intensity'.
Failed to find match for field 'intensity'.
Failed to find match for field 'intensity'.
Failed to find match for field 'intensity'.
Failed to find match for field 'intensity'.
Failed to find match for field 'intensity'.
Failed to find match for field 'intensity'.
Failed to find match for field 'intensity'.
Failed to find match for field 'intensity'.
Failed to find match for field 'intensity'.
Failed to find match for field 'intensity'.
Failed to find match for field 'intensity'.
Failed to find match for field 'intensity'.
Failed to find match for field 'intensity'.
Failed to find match for field 'intensity'.
Failed to find match for field 'intensity'.
Failed to find match for field 'intensity'.
Failed to find match for field 'intensity'.
Failed to find match for field 'intensity'.
Failed to find match for field 'intensity'.
Failed to find match for field 'intensity'.
Failed to find match for field 'intensity'.
Failed to find match for field 'intensity'.
Failed to find match for field 'intensity'.
Failed to find match for field 'intensity'.
Failed to find match for field 'intensity'.
Failed to find match for field 'intensity'.
Failed to find match for field 'intensity'.
Failed to find match for field 'intensity'.
Failed to find match for field 'intensity'.
Failed to find match for field 'intensity'.
Failed to find match for field 'intensity'.
Failed to find match for field 'intensity'.
Failed to find match for field 'intensity'.
Failed to find match for field 'intensity'.
Failed to find match for field 'intensity'.
Failed to find match for field 'intensity'.
Failed to find match for field 'intensity'.
Failed to find match for field 'intensity'.
Failed to find match for field 'intensity'.
Failed to find match for field 'intensity'.
Failed to find match for field 'intensity'.
Failed to find match for field 'intensity'.
Failed to find match for field 'intensity'.
Failed to find match for field 'intensity'.
Failed to find match for field 'intensity'.
Failed to find match for field 'intensity'.
Failed to find match for field 'intensity'.
Failed to find match for field 'intensity'.
Failed to find match for field 'intensity'.
Failed to find match for field 'intensity'.
Failed to find match for field 'intensity'.
Failed to find match for field 'intensity'.
Failed to find match for field 'intensity'.
Failed to find match for field 'intensity'.
Failed to find match for field 'intensity'.
Failed to find match for field 'intensity'.
Failed to find match for field 'intensity'.
Failed to find match for field 'intensity'.
Failed to find match for field 'intensity'.
Failed to find match for field 'intensity'.
Failed to find match for field 'intensity'.
Failed to find match for field 'intensity'.
Failed to find match for field 'intensity'.
Failed to find match for field 'intensity'.
Failed to find match for field 'intensity'.
Failed to find match for field 'intensity'.
Failed to find match for field 'intensity'.
Failed to find match for field 'intensity'.
Failed to find match for field 'intensity'.
Failed to find match for field 'intensity'.
Failed to find match for field 'intensity'.
Failed to find match for field 'intensity'.
Failed to find match for field 'intensity'.
Failed to find match for field 'intensity'.
Failed to find match for field 'intensity'.
Failed to find match for field 'intensity'.
Failed to find match for field 'intensity'.
Failed to find match for field 'intensity'.
Failed to find match for field 'intensity'.
Failed to find match for field 'intensity'.
Failed to find match for field 'intensity'.
Failed to find match for field 'intensity'.
Failed to find match for field 'intensity'.
Failed to find match for field 'intensity'.
Failed to find match for field 'intensity'.
Failed to find match for field 'intensity'.
Failed to find match for field 'intensity'.
Failed to find match for field 'intensity'.
Failed to find match for field 'intensity'.
Failed to find match for field 'intensity'.
Failed to find match for field 'intensity'.
Failed to find match for field 'intensity'.
Failed to find match for field 'intensity'.
Failed to find match for field 'intensity'.
Failed to find match for field 'intensity'.
Failed to find match for field 'intensity'.
Failed to find match for field 'intensity'.
Failed to find match for field 'intensity'.
Failed to find match for field 'intensity'.
Failed to find match for field 'intensity'.
Failed to find match for field 'intensity'.
Failed to find match for field 'intensity'.
Failed to find match for field 'intensity'.
Failed to find match for field 'intensity'.
Failed to find match for field 'intensity'.
Failed to find match for field 'intensity'.
Failed to find match for field 'intensity'.
Failed to find match for field 'intensity'.
Failed to find match for field 'intensity'.
Failed to find match for field 'intensity'.
Failed to find match for field 'intensity'.
Failed to find match for field 'intensity'.
Failed to find match for field 'intensity'.
Failed to find match for field 'intensity'.
Failed to find match for field 'intensity'.
Failed to find match for field 'intensity'.
Failed to find match for field 'intensity'.
Failed to find match for field 'intensity'.
Failed to find match for field 'intensity'.
Failed to find match for field 'intensity'.
Failed to find match for field 'intensity'.
Failed to find match for field 'intensity'.
Failed to find match for field 'intensity'.
Failed to find match for field 'intensity'.
Failed to find match for field 'intensity'.
Failed to find match for field 'intensity'.
Failed to find match for field 'intensity'.
Failed to find match for field 'intensity'.
Failed to find match for field 'intensity'.
Failed to find match for field 'intensity'.
Failed to find match for field 'intensity'.
Failed to find match for field 'intensity'.
Failed to find match for field 'intensity'.
Failed to find match for field 'intensity'.
Failed to find match for field 'intensity'.
Failed to find match for field 'intensity'.
Failed to find match for field 'intensity'.
Failed to find match for field 'intensity'.
Failed to find match for field 'intensity'.
Failed to find match for field 'intensity'.
Failed to find match for field 'intensity'.
Failed to find match for field 'intensity'.
Failed to find match for field 'intensity'.
Failed to find match for field 'intensity'.
Failed to find match for field 'intensity'.
Failed to find match for field 'intensity'.
Failed to find match for field 'intensity'.
Failed to find match for field 'intensity'.
Failed to find match for field 'intensity'.
Failed to find match for field 'intensity'.
Failed to find match for field 'intensity'.
Failed to find match for field 'intensity'.
Failed to find match for field 'intensity'.
Failed to find match for field 'intensity'.
Failed to find match for field 'intensity'.
Failed to find match for field 'intensity'.
Failed to find match for field 'intensity'.
Failed to find match for field 'intensity'.
Failed to find match for field 'intensity'.
Failed to find match for field 'intensity'.
Failed to find match for field 'intensity'.
Failed to find match for field 'intensity'.
Failed to find match for field 'intensity'.
Failed to find match for field 'intensity'.
Failed to find match for field 'intensity'.
Failed to find match for field 'intensity'.
Failed to find match for field 'intensity'.
Failed to find match for field 'intensity'.
Failed to find match for field 'intensity'.
Failed to find match for field 'intensity'.
Failed to find match for field 'intensity'.
Failed to find match for field 'intensity'.
Failed to find match for field 'intensity'.
Failed to find match for field 'intensity'.
Failed to find match for field 'intensity'.
Failed to find match for field 'intensity'.
Failed to find match for field 'intensity'.
Failed to find match for field 'intensity'.
Failed to find match for field 'intensity'.
Failed to find match for field 'intensity'.
Failed to find match for field 'intensity'.
Failed to find match for field 'intensity'.
Failed to find match for field 'intensity'.
Failed to find match for field 'intensity'.
Failed to find match for field 'intensity'.
Failed to find match for field 'intensity'.
Failed to find match for field 'intensity'.
Failed to find match for field 'intensity'.
Failed to find match for field 'intensity'.
Failed to find match for field 'intensity'.
Failed to find match for field 'intensity'.
Failed to find match for field 'intensity'.
Failed to find match for field 'intensity'.
Failed to find match for field 'intensity'.
Failed to find match for field 'intensity'.
Failed to find match for field 'intensity'.
Failed to find match for field 'intensity'.
Failed to find match for field 'intensity'.
Failed to find match for field 'intensity'.
Failed to find match for field 'intensity'.
Failed to find match for field 'intensity'.
Failed to find match for field 'intensity'.
Failed to find match for field 'intensity'.
Failed to find match for field 'intensity'.
Failed to find match for field 'intensity'.
Failed to find match for field 'intensity'.
Failed to find match for field 'intensity'.
Failed to find match for field 'intensity'.
Failed to find match for field 'intensity'.
Failed to find match for field 'intensity'.
Failed to find match for field 'intensity'.
Failed to find match for field 'intensity'.
Failed to find match for field 'intensity'.
Failed to find match for field 'intensity'.
Failed to find match for field 'intensity'.
Failed to find match for field 'intensity'.
Failed to find match for field 'intensity'.
Failed to find match for field 'intensity'.
Failed to find match for field 'intensity'.
Failed to find match for field 'intensity'.
Failed to find match for field 'intensity'.
Failed to find match for field 'intensity'.
Failed to find match for field 'intensity'.
Failed to find match for field 'intensity'.
Failed to find match for field 'intensity'.
Failed to find match for field 'intensity'.
Failed to find match for field 'intensity'.
Failed to find match for field 'intensity'.
Failed to find match for field 'intensity'.
Failed to find match for field 'intensity'.
Failed to find match for field 'intensity'.
Failed to find match for field 'intensity'.
Failed to find match for field 'intensity'.
Failed to find match for field 'intensity'.
Failed to find match for field 'intensity'.
Failed to find match for field 'intensity'.
Failed to find match for field 'intensity'.
Failed to find match for field 'intensity'.
Failed to find match for field 'intensity'.
Failed to find match for field 'intensity'.
Failed to find match for field 'intensity'.
Failed to find match for field 'intensity'.
Failed to find match for field 'intensity'.
Failed to find match for field 'intensity'.
Failed to find match for field 'intensity'.
Failed to find match for field 'intensity'.
Failed to find match for field 'intensity'.
Failed to find match for field 'intensity'.
Failed to find match for field 'intensity'.
Failed to find match for field 'intensity'.
Failed to find match for field 'intensity'.
Failed to find match for field 'intensity'.
Failed to find match for field 'intensity'.
Failed to find match for field 'intensity'.
Failed to find match for field 'intensity'.
Failed to find match for field 'intensity'.
Failed to find match for field 'intensity'.
Failed to find match for field 'intensity'.
Failed to find match for field 'intensity'.
Failed to find match for field 'intensity'.
Failed to find match for field 'intensity'.
Failed to find match for field 'intensity'.
Failed to find match for field 'intensity'.
Failed to find match for field 'intensity'.
Failed to find match for field 'intensity'.
Failed to find match for field 'intensity'.
Failed to find match for field 'intensity'.
Failed to find match for field 'intensity'.
Failed to find match for field 'intensity'.
Failed to find match for field 'intensity'.
Failed to find match for field 'intensity'.
Failed to find match for field 'intensity'.
Failed to find match for field 'intensity'.
Failed to find match for field 'intensity'.
Failed to find match for field 'intensity'.
Failed to find match for field 'intensity'.
Failed to find match for field 'intensity'.
Failed to find match for field 'intensity'.
Failed to find match for field 'intensity'.
Failed to find match for field 'intensity'.
Failed to find match for field 'intensity'.
Failed to find match for field 'intensity'.
Failed to find match for field 'intensity'.
Failed to find match for field 'intensity'.
Failed to find match for field 'intensity'.
Failed to find match for field 'intensity'.
Failed to find match for field 'intensity'.
Failed to find match for field 'intensity'.
Failed to find match for field 'intensity'.
Failed to find match for field 'intensity'.
Failed to find match for field 'intensity'.
Failed to find match for field 'intensity'.
Failed to find match for field 'intensity'.
Failed to find match for field 'intensity'.
Failed to find match for field 'intensity'.
Failed to find match for field 'intensity'.
Failed to find match for field 'intensity'.
Failed to find match for field 'intensity'.
Failed to find match for field 'intensity'.
Failed to find match for field 'intensity'.
Failed to find match for field 'intensity'.
Failed to find match for field 'intensity'.
Failed to find match for field 'intensity'.
Failed to find match for field 'intensity'.
Failed to find match for field 'intensity'.
Failed to find match for field 'intensity'.
Failed to find match for field 'intensity'.
Failed to find match for field 'intensity'.
Failed to find match for field 'intensity'.
Failed to find match for field 'intensity'.
Failed to find match for field 'intensity'.
Failed to find match for field 'intensity'.
Failed to find match for field 'intensity'.
Failed to find match for field 'intensity'.
Failed to find match for field 'intensity'.
Failed to find match for field 'intensity'.
Failed to find match for field 'intensity'.
Failed to find match for field 'intensity'.
Failed to find match for field 'intensity'.
Failed to find match for field 'intensity'.
Failed to find match for field 'intensity'.
Failed to find match for field 'intensity'.
Failed to find match for field 'intensity'.
Failed to find match for field 'intensity'.
Failed to find match for field 'intensity'.
Failed to find match for field 'intensity'.
Failed to find match for field 'intensity'.
Failed to find match for field 'intensity'.
Failed to find match for field 'intensity'.
Failed to find match for field 'intensity'.
Failed to find match for field 'intensity'.
Failed to find match for field 'intensity'.
Failed to find match for field 'intensity'.
Failed to find match for field 'intensity'.
Failed to find match for field 'intensity'.
Failed to find match for field 'intensity'.
Failed to find match for field 'intensity'.
Failed to find match for field 'intensity'.
Failed to find match for field 'intensity'.
Failed to find match for field 'intensity'.
Failed to find match for field 'intensity'.
Failed to find match for field 'intensity'.
Failed to find match for field 'intensity'.
Failed to find match for field 'intensity'.
Failed to find match for field 'intensity'.
Failed to find match for field 'intensity'.
Failed to find match for field 'intensity'.
Failed to find match for field 'intensity'.
Failed to find match for field 'intensity'.
Failed to find match for field 'intensity'.
Failed to find match for field 'intensity'.
Failed to find match for field 'intensity'.
Failed to find match for field 'intensity'.
Failed to find match for field 'intensity'.
Failed to find match for field 'intensity'.
Failed to find match for field 'intensity'.
Failed to find match for field 'intensity'.
Failed to find match for field 'intensity'.
Failed to find match for field 'intensity'.
Failed to find match for field 'intensity'.
Failed to find match for field 'intensity'.
Failed to find match for field 'intensity'.
Failed to find match for field 'intensity'.
Failed to find match for field 'intensity'.
Failed to find match for field 'intensity'.
Failed to find match for field 'intensity'.
Failed to find match for field 'intensity'.
Failed to find match for field 'intensity'.
Failed to find match for field 'intensity'.
Failed to find match for field 'intensity'.
Failed to find match for field 'intensity'.
Failed to find match for field 'intensity'.
Failed to find match for field 'intensity'.
Failed to find match for field 'intensity'.
Failed to find match for field 'intensity'.
Failed to find match for field 'intensity'.
Failed to find match for field 'intensity'.
Failed to find match for field 'intensity'.
Failed to find match for field 'intensity'.
Failed to find match for field 'intensity'.
Failed to find match for field 'intensity'.
Failed to find match for field 'intensity'.
Failed to find match for field 'intensity'.
Failed to find match for field 'intensity'.
Failed to find match for field 'intensity'.
Failed to find match for field 'intensity'.
Failed to find match for field 'intensity'.
Failed to find match for field 'intensity'.
Failed to find match for field 'intensity'.
Failed to find match for field 'intensity'.
Failed to find match for field 'intensity'.
Failed to find match for field 'intensity'.
Failed to find match for field 'intensity'.
Failed to find match for field 'intensity'.
Failed to find match for field 'intensity'.
Failed to find match for field 'intensity'.
Failed to find match for field 'intensity'.
Failed to find match for field 'intensity'.
Failed to find match for field 'intensity'.
Failed to find match for field 'intensity'.
Failed to find match for field 'intensity'.
Failed to find match for field 'intensity'.
Failed to find match for field 'intensity'.
Failed to find match for field 'intensity'.
Failed to find match for field 'intensity'.
Failed to find match for field 'intensity'.
Failed to find match for field 'intensity'.
Failed to find match for field 'intensity'.
Failed to find match for field 'intensity'.
Failed to find match for field 'intensity'.
Failed to find match for field 'intensity'.
Failed to find match for field 'intensity'.
Failed to find match for field 'intensity'.
Failed to find match for field 'intensity'.
Failed to find match for field 'intensity'.
Failed to find match for field 'intensity'.
Failed to find match for field 'intensity'.
Failed to find match for field 'intensity'.
Failed to find match for field 'intensity'.
Failed to find match for field 'intensity'.
Failed to find match for field 'intensity'.
Failed to find match for field 'intensity'.
Failed to find match for field 'intensity'.
Failed to find match for field 'intensity'.
Failed to find match for field 'intensity'.
Failed to find match for field 'intensity'.
Failed to find match for field 'intensity'.
Failed to find match for field 'intensity'.
Failed to find match for field 'intensity'.
Failed to find match for field 'intensity'.
Failed to find match for field 'intensity'.
Failed to find match for field 'intensity'.
Failed to find match for field 'intensity'.
Failed to find match for field 'intensity'.
Failed to find match for field 'intensity'.
Failed to find match for field 'intensity'.
Failed to find match for field 'intensity'.
Failed to find match for field 'intensity'.
Failed to find match for field 'intensity'.
Failed to find match for field 'intensity'.
Failed to find match for field 'intensity'.
Failed to find match for field 'intensity'.
Failed to find match for field 'intensity'.
Failed to find match for field 'intensity'.
Failed to find match for field 'intensity'.
Failed to find match for field 'intensity'.
Failed to find match for field 'intensity'.
Failed to find match for field 'intensity'.
Failed to find match for field 'intensity'.
Failed to find match for field 'intensity'.
Failed to find match for field 'intensity'.
Failed to find match for field 'intensity'.
Failed to find match for field 'intensity'.
Failed to find match for field 'intensity'.
Failed to find match for field 'intensity'.
Failed to find match for field 'intensity'.
Failed to find match for field 'intensity'.
Failed to find match for field 'intensity'.
Failed to find match for field 'intensity'.
Failed to find match for field 'intensity'.
Failed to find match for field 'intensity'.
Failed to find match for field 'intensity'.
Failed to find match for field 'intensity'.
Failed to find match for field 'intensity'.
Failed to find match for field 'intensity'.
Failed to find match for field 'intensity'.
Failed to find match for field 'intensity'.
Failed to find match for field 'intensity'.
Failed to find match for field 'intensity'.
Failed to find match for field 'intensity'.
Failed to find match for field 'intensity'.
Failed to find match for field 'intensity'.
Failed to find match for field 'intensity'.
Failed to find match for field 'intensity'.
Failed to find match for field 'intensity'.
Failed to find match for field 'intensity'.
Failed to find match for field 'intensity'.
Failed to find match for field 'intensity'.
Failed to find match for field 'intensity'.
Failed to find match for field 'intensity'.
Failed to find match for field 'intensity'.
Failed to find match for field 'intensity'.
[14:02:10.481] [debug]   收集 IMU [/arco/idmind_imu/imu] 帧数: 5000
Failed to find match for field 'intensity'.
Failed to find match for field 'intensity'.
Failed to find match for field 'intensity'.
Failed to find match for field 'intensity'.
Failed to find match for field 'intensity'.
Failed to find match for field 'intensity'.
Failed to find match for field 'intensity'.
Failed to find match for field 'intensity'.
Failed to find match for field 'intensity'.
Failed to find match for field 'intensity'.
Failed to find match for field 'intensity'.
Failed to find match for field 'intensity'.
Failed to find match for field 'intensity'.
Failed to find match for field 'intensity'.
Failed to find match for field 'intensity'.
Failed to find match for field 'intensity'.
Failed to find match for field 'intensity'.
Failed to find match for field 'intensity'.
Failed to find match for field 'intensity'.
Failed to find match for field 'intensity'.
Failed to find match for field 'intensity'.
Failed to find match for field 'intensity'.
Failed to find match for field 'intensity'.
Failed to find match for field 'intensity'.
Failed to find match for field 'intensity'.
Failed to find match for field 'intensity'.
Failed to find match for field 'intensity'.
Failed to find match for field 'intensity'.
Failed to find match for field 'intensity'.
Failed to find match for field 'intensity'.
Failed to find match for field 'intensity'.
Failed to find match for field 'intensity'.
Failed to find match for field 'intensity'.
Failed to find match for field 'intensity'.
Failed to find match for field 'intensity'.
Failed to find match for field 'intensity'.
Failed to find match for field 'intensity'.
Failed to find match for field 'intensity'.
Failed to find match for field 'intensity'.
Failed to find match for field 'intensity'.
Failed to find match for field 'intensity'.
Failed to find match for field 'intensity'.
Failed to find match for field 'intensity'.
Failed to find match for field 'intensity'.
Failed to find match for field 'intensity'.
Failed to find match for field 'intensity'.
Failed to find match for field 'intensity'.
Failed to find match for field 'intensity'.
Failed to find match for field 'intensity'.
Failed to find match for field 'intensity'.
Failed to find match for field 'intensity'.
Failed to find match for field 'intensity'.
Failed to find match for field 'intensity'.
Failed to find match for field 'intensity'.
Failed to find match for field 'intensity'.
[14:02:10.502] [debug]   收集 LiDAR [/PointCloudObject] 帧数: 1500
Failed to find match for field 'intensity'.
[14:02:10.502] [debug]   收集 LiDAR [/PointCloudDetection] 帧数: 1500
Failed to find match for field 'intensity'.
Failed to find match for field 'intensity'.
Failed to find match for field 'intensity'.
Failed to find match for field 'intensity'.
Failed to find match for field 'intensity'.
Failed to find match for field 'intensity'.
Failed to find match for field 'intensity'.
Failed to find match for field 'intensity'.
Failed to find match for field 'intensity'.
Failed to find match for field 'intensity'.
Failed to find match for field 'intensity'.
Failed to find match for field 'intensity'.
Failed to find match for field 'intensity'.
Failed to find match for field 'intensity'.
Failed to find match for field 'intensity'.
Failed to find match for field 'intensity'.
Failed to find match for field 'intensity'.
Failed to find match for field 'intensity'.
Failed to find match for field 'intensity'.
Failed to find match for field 'intensity'.
Failed to find match for field 'intensity'.
Failed to find match for field 'intensity'.
Failed to find match for field 'intensity'.
Failed to find match for field 'intensity'.
Failed to find match for field 'intensity'.
Failed to find match for field 'intensity'.
Failed to find match for field 'intensity'.
Failed to find match for field 'intensity'.
Failed to find match for field 'intensity'.
Failed to find match for field 'intensity'.
Failed to find match for field 'intensity'.
Failed to find match for field 'intensity'.
Failed to find match for field 'intensity'.
Failed to find match for field 'intensity'.
Failed to find match for field 'intensity'.
Failed to find match for field 'intensity'.
Failed to find match for field 'intensity'.
Failed to find match for field 'intensity'.
Failed to find match for field 'intensity'.
Failed to find match for field 'intensity'.
Failed to find match for field 'intensity'.
Failed to find match for field 'intensity'.
Failed to find match for field 'intensity'.
Failed to find match for field 'intensity'.
Failed to find match for field 'intensity'.
Failed to find match for field 'intensity'.
Failed to find match for field 'intensity'.
Failed to find match for field 'intensity'.
Failed to find match for field 'intensity'.
Failed to find match for field 'intensity'.
Failed to find match for field 'intensity'.
Failed to find match for field 'intensity'.
Failed to find match for field 'intensity'.
Failed to find match for field 'intensity'.
Failed to find match for field 'intensity'.
Failed to find match for field 'intensity'.
Failed to find match for field 'intensity'.
Failed to find match for field 'intensity'.
Failed to find match for field 'intensity'.
Failed to find match for field 'intensity'.
Failed to find match for field 'intensity'.
Failed to find match for field 'intensity'.
Failed to find match for field 'intensity'.
Failed to find match for field 'intensity'.
Failed to find match for field 'intensity'.
Failed to find match for field 'intensity'.
Failed to find match for field 'intensity'.
Failed to find match for field 'intensity'.
Failed to find match for field 'intensity'.
Failed to find match for field 'intensity'.
Failed to find match for field 'intensity'.
Failed to find match for field 'intensity'.
Failed to find match for field 'intensity'.
Failed to find match for field 'intensity'.
Failed to find match for field 'intensity'.
Failed to find match for field 'intensity'.
Failed to find match for field 'intensity'.
Failed to find match for field 'intensity'.
Failed to find match for field 'intensity'.
Failed to find match for field 'intensity'.
Failed to find match for field 'intensity'.
Failed to find match for field 'intensity'.
Failed to find match for field 'intensity'.
Failed to find match for field 'intensity'.
Failed to find match for field 'intensity'.
Failed to find match for field 'intensity'.
Failed to find match for field 'intensity'.
Failed to find match for field 'intensity'.
Failed to find match for field 'intensity'.
Failed to find match for field 'intensity'.
Failed to find match for field 'intensity'.
Failed to find match for field 'intensity'.
Failed to find match for field 'intensity'.
Failed to find match for field 'intensity'.
Failed to find match for field 'intensity'.
Failed to find match for field 'intensity'.
Failed to find match for field 'intensity'.
Failed to find match for field 'intensity'.
Failed to find match for field 'intensity'.
Failed to find match for field 'intensity'.
Failed to find match for field 'intensity'.
Failed to find match for field 'intensity'.
Failed to find match for field 'intensity'.
Failed to find match for field 'intensity'.
Failed to find match for field 'intensity'.
Failed to find match for field 'intensity'.
Failed to find match for field 'intensity'.
Failed to find match for field 'intensity'.
Failed to find match for field 'intensity'.
Failed to find match for field 'intensity'.
Failed to find match for field 'intensity'.
Failed to find match for field 'intensity'.
Failed to find match for field 'intensity'.
Failed to find match for field 'intensity'.
Failed to find match for field 'intensity'.
Failed to find match for field 'intensity'.
Failed to find match for field 'intensity'.
Failed to find match for field 'intensity'.
Failed to find match for field 'intensity'.
Failed to find match for field 'intensity'.
Failed to find match for field 'intensity'.
Failed to find match for field 'intensity'.
Failed to find match for field 'intensity'.
Failed to find match for field 'intensity'.
Failed to find match for field 'intensity'.
Failed to find match for field 'intensity'.
Failed to find match for field 'intensity'.
Failed to find match for field 'intensity'.
Failed to find match for field 'intensity'.
Failed to find match for field 'intensity'.
Failed to find match for field 'intensity'.
Failed to find match for field 'intensity'.
Failed to find match for field 'intensity'.
Failed to find match for field 'intensity'.
Failed to find match for field 'intensity'.
Failed to find match for field 'intensity'.
Failed to find match for field 'intensity'.
Failed to find match for field 'intensity'.
Failed to find match for field 'intensity'.
Failed to find match for field 'intensity'.
Failed to find match for field 'intensity'.
Failed to find match for field 'intensity'.
Failed to find match for field 'intensity'.
Failed to find match for field 'intensity'.
Failed to find match for field 'intensity'.
Failed to find match for field 'intensity'.
Failed to find match for field 'intensity'.
Failed to find match for field 'intensity'.
Failed to find match for field 'intensity'.
Failed to find match for field 'intensity'.
Failed to find match for field 'intensity'.
Failed to find match for field 'intensity'.
Failed to find match for field 'intensity'.
Failed to find match for field 'intensity'.
Failed to find match for field 'intensity'.
Failed to find match for field 'intensity'.
Failed to find match for field 'intensity'.
Failed to find match for field 'intensity'.
Failed to find match for field 'intensity'.
Failed to find match for field 'intensity'.
Failed to find match for field 'intensity'.
Failed to find match for field 'intensity'.
Failed to find match for field 'intensity'.
Failed to find match for field 'intensity'.
Failed to find match for field 'intensity'.
Failed to find match for field 'intensity'.
Failed to find match for field 'intensity'.
Failed to find match for field 'intensity'.
Failed to find match for field 'intensity'.
Failed to find match for field 'intensity'.
Failed to find match for field 'intensity'.
Failed to find match for field 'intensity'.
Failed to find match for field 'intensity'.
Failed to find match for field 'intensity'.
Failed to find match for field 'intensity'.
Failed to find match for field 'intensity'.
Failed to find match for field 'intensity'.
Failed to find match for field 'intensity'.
Failed to find match for field 'intensity'.
Failed to find match for field 'intensity'.
Failed to find match for field 'intensity'.
Failed to find match for field 'intensity'.
Failed to find match for field 'intensity'.
Failed to find match for field 'intensity'.
Failed to find match for field 'intensity'.
Failed to find match for field 'intensity'.
Failed to find match for field 'intensity'.
Failed to find match for field 'intensity'.
Failed to find match for field 'intensity'.
Failed to find match for field 'intensity'.
Failed to find match for field 'intensity'.
Failed to find match for field 'intensity'.
Failed to find match for field 'intensity'.
Failed to find match for field 'intensity'.
Failed to find match for field 'intensity'.
Failed to find match for field 'intensity'.
Failed to find match for field 'intensity'.
Failed to find match for field 'intensity'.
Failed to find match for field 'intensity'.
Failed to find match for field 'intensity'.
Failed to find match for field 'intensity'.
Failed to find match for field 'intensity'.
Failed to find match for field 'intensity'.
Failed to find match for field 'intensity'.
Failed to find match for field 'intensity'.
Failed to find match for field 'intensity'.
Failed to find match for field 'intensity'.
Failed to find match for field 'intensity'.
Failed to find match for field 'intensity'.
Failed to find match for field 'intensity'.
Failed to find match for field 'intensity'.
Failed to find match for field 'intensity'.
Failed to find match for field 'intensity'.
Failed to find match for field 'intensity'.
Failed to find match for field 'intensity'.
Failed to find match for field 'intensity'.
Failed to find match for field 'intensity'.
Failed to find match for field 'intensity'.
Failed to find match for field 'intensity'.
Failed to find match for field 'intensity'.
Failed to find match for field 'intensity'.
Failed to find match for field 'intensity'.
Failed to find match for field 'intensity'.
Failed to find match for field 'intensity'.
Failed to find match for field 'intensity'.
Failed to find match for field 'intensity'.
Failed to find match for field 'intensity'.
Failed to find match for field 'intensity'.
Failed to find match for field 'intensity'.
Failed to find match for field 'intensity'.
Failed to find match for field 'intensity'.
Failed to find match for field 'intensity'.
Failed to find match for field 'intensity'.
Failed to find match for field 'intensity'.
Failed to find match for field 'intensity'.
Failed to find match for field 'intensity'.
Failed to find match for field 'intensity'.
Failed to find match for field 'intensity'.
Failed to find match for field 'intensity'.
Failed to find match for field 'intensity'.
Failed to find match for field 'intensity'.
Failed to find match for field 'intensity'.
Failed to find match for field 'intensity'.
Failed to find match for field 'intensity'.
Failed to find match for field 'intensity'.
Failed to find match for field 'intensity'.
Failed to find match for field 'intensity'.
Failed to find match for field 'intensity'.
Failed to find match for field 'intensity'.
Failed to find match for field 'intensity'.
Failed to find match for field 'intensity'.
Failed to find match for field 'intensity'.
Failed to find match for field 'intensity'.
Failed to find match for field 'intensity'.
Failed to find match for field 'intensity'.
Failed to find match for field 'intensity'.
Failed to find match for field 'intensity'.
Failed to find match for field 'intensity'.
Failed to find match for field 'intensity'.
Failed to find match for field 'intensity'.
Failed to find match for field 'intensity'.
Failed to find match for field 'intensity'.
Failed to find match for field 'intensity'.
Failed to find match for field 'intensity'.
Failed to find match for field 'intensity'.
Failed to find match for field 'intensity'.
Failed to find match for field 'intensity'.
Failed to find match for field 'intensity'.
Failed to find match for field 'intensity'.
Failed to find match for field 'intensity'.
Failed to find match for field 'intensity'.
Failed to find match for field 'intensity'.
Failed to find match for field 'intensity'.
Failed to find match for field 'intensity'.
Failed to find match for field 'intensity'.
Failed to find match for field 'intensity'.
Failed to find match for field 'intensity'.
Failed to find match for field 'intensity'.
Failed to find match for field 'intensity'.
Failed to find match for field 'intensity'.
Failed to find match for field 'intensity'.
Failed to find match for field 'intensity'.
Failed to find match for field 'intensity'.
Failed to find match for field 'intensity'.
Failed to find match for field 'intensity'.
Failed to find match for field 'intensity'.
Failed to find match for field 'intensity'.
Failed to find match for field 'intensity'.
Failed to find match for field 'intensity'.
Failed to find match for field 'intensity'.
Failed to find match for field 'intensity'.
Failed to find match for field 'intensity'.
Failed to find match for field 'intensity'.
Failed to find match for field 'intensity'.
Failed to find match for field 'intensity'.
Failed to find match for field 'intensity'.
Failed to find match for field 'intensity'.
Failed to find match for field 'intensity'.
Failed to find match for field 'intensity'.
Failed to find match for field 'intensity'.
Failed to find match for field 'intensity'.
Failed to find match for field 'intensity'.
Failed to find match for field 'intensity'.
Failed to find match for field 'intensity'.
Failed to find match for field 'intensity'.
Failed to find match for field 'intensity'.
Failed to find match for field 'intensity'.
Failed to find match for field 'intensity'.
Failed to find match for field 'intensity'.
Failed to find match for field 'intensity'.
Failed to find match for field 'intensity'.
Failed to find match for field 'intensity'.
Failed to find match for field 'intensity'.
Failed to find match for field 'intensity'.
Failed to find match for field 'intensity'.
Failed to find match for field 'intensity'.
Failed to find match for field 'intensity'.
Failed to find match for field 'intensity'.
Failed to find match for field 'intensity'.
Failed to find match for field 'intensity'.
Failed to find match for field 'intensity'.
Failed to find match for field 'intensity'.
Failed to find match for field 'intensity'.
Failed to find match for field 'intensity'.
Failed to find match for field 'intensity'.
Failed to find match for field 'intensity'.
Failed to find match for field 'intensity'.
Failed to find match for field 'intensity'.
Failed to find match for field 'intensity'.
Failed to find match for field 'intensity'.
Failed to find match for field 'intensity'.
Failed to find match for field 'intensity'.
Failed to find match for field 'intensity'.
Failed to find match for field 'intensity'.
Failed to find match for field 'intensity'.
Failed to find match for field 'intensity'.
Failed to find match for field 'intensity'.
Failed to find match for field 'intensity'.
Failed to find match for field 'intensity'.
Failed to find match for field 'intensity'.
Failed to find match for field 'intensity'.
Failed to find match for field 'intensity'.
Failed to find match for field 'intensity'.
Failed to find match for field 'intensity'.
Failed to find match for field 'intensity'.
Failed to find match for field 'intensity'.
Failed to find match for field 'intensity'.
Failed to find match for field 'intensity'.
Failed to find match for field 'intensity'.
Failed to find match for field 'intensity'.
Failed to find match for field 'intensity'.
Failed to find match for field 'intensity'.
Failed to find match for field 'intensity'.
Failed to find match for field 'intensity'.
Failed to find match for field 'intensity'.
Failed to find match for field 'intensity'.
Failed to find match for field 'intensity'.
Failed to find match for field 'intensity'.
Failed to find match for field 'intensity'.
Failed to find match for field 'intensity'.
Failed to find match for field 'intensity'.
Failed to find match for field 'intensity'.
Failed to find match for field 'intensity'.
Failed to find match for field 'intensity'.
Failed to find match for field 'intensity'.
Failed to find match for field 'intensity'.
Failed to find match for field 'intensity'.
Failed to find match for field 'intensity'.
Failed to find match for field 'intensity'.
Failed to find match for field 'intensity'.
Failed to find match for field 'intensity'.
Failed to find match for field 'intensity'.
Failed to find match for field 'intensity'.
Failed to find match for field 'intensity'.
Failed to find match for field 'intensity'.
Failed to find match for field 'intensity'.
Failed to find match for field 'intensity'.
Failed to find match for field 'intensity'.
Failed to find match for field 'intensity'.
Failed to find match for field 'intensity'.
Failed to find match for field 'intensity'.
Failed to find match for field 'intensity'.
Failed to find match for field 'intensity'.
Failed to find match for field 'intensity'.
Failed to find match for field 'intensity'.
Failed to find match for field 'intensity'.
Failed to find match for field 'intensity'.
Failed to find match for field 'intensity'.
Failed to find match for field 'intensity'.
Failed to find match for field 'intensity'.
Failed to find match for field 'intensity'.
Failed to find match for field 'intensity'.
Failed to find match for field 'intensity'.
Failed to find match for field 'intensity'.
Failed to find match for field 'intensity'.
Failed to find match for field 'intensity'.
Failed to find match for field 'intensity'.
Failed to find match for field 'intensity'.
Failed to find match for field 'intensity'.
Failed to find match for field 'intensity'.
Failed to find match for field 'intensity'.
Failed to find match for field 'intensity'.
Failed to find match for field 'intensity'.
Failed to find match for field 'intensity'.
Failed to find match for field 'intensity'.
Failed to find match for field 'intensity'.
Failed to find match for field 'intensity'.
Failed to find match for field 'intensity'.
Failed to find match for field 'intensity'.
Failed to find match for field 'intensity'.
Failed to find match for field 'intensity'.
Failed to find match for field 'intensity'.
Failed to find match for field 'intensity'.
Failed to find match for field 'intensity'.
Failed to find match for field 'intensity'.
Failed to find match for field 'intensity'.
Failed to find match for field 'intensity'.
Failed to find match for field 'intensity'.
Failed to find match for field 'intensity'.
Failed to find match for field 'intensity'.
Failed to find match for field 'intensity'.
Failed to find match for field 'intensity'.
Failed to find match for field 'intensity'.
Failed to find match for field 'intensity'.
Failed to find match for field 'intensity'.
Failed to find match for field 'intensity'.
Failed to find match for field 'intensity'.
Failed to find match for field 'intensity'.
Failed to find match for field 'intensity'.
Failed to find match for field 'intensity'.
Failed to find match for field 'intensity'.
Failed to find match for field 'intensity'.
Failed to find match for field 'intensity'.
Failed to find match for field 'intensity'.
Failed to find match for field 'intensity'.
Failed to find match for field 'intensity'.
Failed to find match for field 'intensity'.
Failed to find match for field 'intensity'.
Failed to find match for field 'intensity'.
Failed to find match for field 'intensity'.
Failed to find match for field 'intensity'.
Failed to find match for field 'intensity'.
Failed to find match for field 'intensity'.
Failed to find match for field 'intensity'.
Failed to find match for field 'intensity'.
Failed to find match for field 'intensity'.
Failed to find match for field 'intensity'.
Failed to find match for field 'intensity'.
Failed to find match for field 'intensity'.
Failed to find match for field 'intensity'.
Failed to find match for field 'intensity'.
Failed to find match for field 'intensity'.
Failed to find match for field 'intensity'.
Failed to find match for field 'intensity'.
Failed to find match for field 'intensity'.
Failed to find match for field 'intensity'.
Failed to find match for field 'intensity'.
Failed to find match for field 'intensity'.
Failed to find match for field 'intensity'.
Failed to find match for field 'intensity'.
Failed to find match for field 'intensity'.
Failed to find match for field 'intensity'.
Failed to find match for field 'intensity'.
Failed to find match for field 'intensity'.
Failed to find match for field 'intensity'.
Failed to find match for field 'intensity'.
Failed to find match for field 'intensity'.
Failed to find match for field 'intensity'.
Failed to find match for field 'intensity'.
Failed to find match for field 'intensity'.
Failed to find match for field 'intensity'.
Failed to find match for field 'intensity'.
Failed to find match for field 'intensity'.
Failed to find match for field 'intensity'.
Failed to find match for field 'intensity'.
Failed to find match for field 'intensity'.
Failed to find match for field 'intensity'.
Failed to find match for field 'intensity'.
Failed to find match for field 'intensity'.
Failed to find match for field 'intensity'.
Failed to find match for field 'intensity'.
Failed to find match for field 'intensity'.
Failed to find match for field 'intensity'.
Failed to find match for field 'intensity'.
Failed to find match for field 'intensity'.
Failed to find match for field 'intensity'.
Failed to find match for field 'intensity'.
Failed to find match for field 'intensity'.
Failed to find match for field 'intensity'.
Failed to find match for field 'intensity'.
Failed to find match for field 'intensity'.
Failed to find match for field 'intensity'.
Failed to find match for field 'intensity'.
Failed to find match for field 'intensity'.
Failed to find match for field 'intensity'.
Failed to find match for field 'intensity'.
Failed to find match for field 'intensity'.
Failed to find match for field 'intensity'.
Failed to find match for field 'intensity'.
Failed to find match for field 'intensity'.
Failed to find match for field 'intensity'.
Failed to find match for field 'intensity'.
Failed to find match for field 'intensity'.
Failed to find match for field 'intensity'.
Failed to find match for field 'intensity'.
Failed to find match for field 'intensity'.
Failed to find match for field 'intensity'.
Failed to find match for field 'intensity'.
Failed to find match for field 'intensity'.
Failed to find match for field 'intensity'.
Failed to find match for field 'intensity'.
Failed to find match for field 'intensity'.
Failed to find match for field 'intensity'.
Failed to find match for field 'intensity'.
Failed to find match for field 'intensity'.
Failed to find match for field 'intensity'.
Failed to find match for field 'intensity'.
Failed to find match for field 'intensity'.
Failed to find match for field 'intensity'.
Failed to find match for field 'intensity'.
Failed to find match for field 'intensity'.
Failed to find match for field 'intensity'.
Failed to find match for field 'intensity'.
Failed to find match for field 'intensity'.
Failed to find match for field 'intensity'.
Failed to find match for field 'intensity'.
Failed to find match for field 'intensity'.
Failed to find match for field 'intensity'.
Failed to find match for field 'intensity'.
Failed to find match for field 'intensity'.
Failed to find match for field 'intensity'.
Failed to find match for field 'intensity'.
Failed to find match for field 'intensity'.
Failed to find match for field 'intensity'.
Failed to find match for field 'intensity'.
Failed to find match for field 'intensity'.
Failed to find match for field 'intensity'.
Failed to find match for field 'intensity'.
Failed to find match for field 'intensity'.
Failed to find match for field 'intensity'.
Failed to find match for field 'intensity'.
Failed to find match for field 'intensity'.
Failed to find match for field 'intensity'.
Failed to find match for field 'intensity'.
Failed to find match for field 'intensity'.
Failed to find match for field 'intensity'.
Failed to find match for field 'intensity'.
Failed to find match for field 'intensity'.
Failed to find match for field 'intensity'.
Failed to find match for field 'intensity'.
Failed to find match for field 'intensity'.
Failed to find match for field 'intensity'.
Failed to find match for field 'intensity'.
Failed to find match for field 'intensity'.
Failed to find match for field 'intensity'.
Failed to find match for field 'intensity'.
Failed to find match for field 'intensity'.
Failed to find match for field 'intensity'.
Failed to find match for field 'intensity'.
Failed to find match for field 'intensity'.
Failed to find match for field 'intensity'.
Failed to find match for field 'intensity'.
Failed to find match for field 'intensity'.
Failed to find match for field 'intensity'.
Failed to find match for field 'intensity'.
Failed to find match for field 'intensity'.
Failed to find match for field 'intensity'.
Failed to find match for field 'intensity'.
Failed to find match for field 'intensity'.
Failed to find match for field 'intensity'.
Failed to find match for field 'intensity'.
Failed to find match for field 'intensity'.
Failed to find match for field 'intensity'.
Failed to find match for field 'intensity'.
Failed to find match for field 'intensity'.
Failed to find match for field 'intensity'.
Failed to find match for field 'intensity'.
Failed to find match for field 'intensity'.
Failed to find match for field 'intensity'.
Failed to find match for field 'intensity'.
Failed to find match for field 'intensity'.
Failed to find match for field 'intensity'.
Failed to find match for field 'intensity'.
Failed to find match for field 'intensity'.
Failed to find match for field 'intensity'.
Failed to find match for field 'intensity'.
Failed to find match for field 'intensity'.
Failed to find match for field 'intensity'.
Failed to find match for field 'intensity'.
Failed to find match for field 'intensity'.
Failed to find match for field 'intensity'.
Failed to find match for field 'intensity'.
Failed to find match for field 'intensity'.
Failed to find match for field 'intensity'.
Failed to find match for field 'intensity'.
Failed to find match for field 'intensity'.
Failed to find match for field 'intensity'.
Failed to find match for field 'intensity'.
Failed to find match for field 'intensity'.
Failed to find match for field 'intensity'.
Failed to find match for field 'intensity'.
Failed to find match for field 'intensity'.
Failed to find match for field 'intensity'.
Failed to find match for field 'intensity'.
Failed to find match for field 'intensity'.
Failed to find match for field 'intensity'.
Failed to find match for field 'intensity'.
Failed to find match for field 'intensity'.
Failed to find match for field 'intensity'.
Failed to find match for field 'intensity'.
Failed to find match for field 'intensity'.
Failed to find match for field 'intensity'.
Failed to find match for field 'intensity'.
Failed to find match for field 'intensity'.
Failed to find match for field 'intensity'.
Failed to find match for field 'intensity'.
Failed to find match for field 'intensity'.
Failed to find match for field 'intensity'.
Failed to find match for field 'intensity'.
Failed to find match for field 'intensity'.
Failed to find match for field 'intensity'.
Failed to find match for field 'intensity'.
Failed to find match for field 'intensity'.
Failed to find match for field 'intensity'.
Failed to find match for field 'intensity'.
Failed to find match for field 'intensity'.
Failed to find match for field 'intensity'.
Failed to find match for field 'intensity'.
Failed to find match for field 'intensity'.
Failed to find match for field 'intensity'.
Failed to find match for field 'intensity'.
Failed to find match for field 'intensity'.
Failed to find match for field 'intensity'.
Failed to find match for field 'intensity'.
Failed to find match for field 'intensity'.
Failed to find match for field 'intensity'.
Failed to find match for field 'intensity'.
Failed to find match for field 'intensity'.
Failed to find match for field 'intensity'.
Failed to find match for field 'intensity'.
Failed to find match for field 'intensity'.
Failed to find match for field 'intensity'.
Failed to find match for field 'intensity'.
Failed to find match for field 'intensity'.
Failed to find match for field 'intensity'.
Failed to find match for field 'intensity'.
Failed to find match for field 'intensity'.
Failed to find match for field 'intensity'.
Failed to find match for field 'intensity'.
Failed to find match for field 'intensity'.
Failed to find match for field 'intensity'.
Failed to find match for field 'intensity'.
Failed to find match for field 'intensity'.
Failed to find match for field 'intensity'.
Failed to find match for field 'intensity'.
Failed to find match for field 'intensity'.
Failed to find match for field 'intensity'.
Failed to find match for field 'intensity'.
Failed to find match for field 'intensity'.
Failed to find match for field 'intensity'.
Failed to find match for field 'intensity'.
Failed to find match for field 'intensity'.
Failed to find match for field 'intensity'.
Failed to find match for field 'intensity'.
Failed to find match for field 'intensity'.
Failed to find match for field 'intensity'.
Failed to find match for field 'intensity'.
Failed to find match for field 'intensity'.
Failed to find match for field 'intensity'.
Failed to find match for field 'intensity'.
Failed to find match for field 'intensity'.
Failed to find match for field 'intensity'.
Failed to find match for field 'intensity'.
Failed to find match for field 'intensity'.
Failed to find match for field 'intensity'.
Failed to find match for field 'intensity'.
Failed to find match for field 'intensity'.
Failed to find match for field 'intensity'.
Failed to find match for field 'intensity'.
Failed to find match for field 'intensity'.
Failed to find match for field 'intensity'.
Failed to find match for field 'intensity'.
Failed to find match for field 'intensity'.
Failed to find match for field 'intensity'.
Failed to find match for field 'intensity'.
Failed to find match for field 'intensity'.
Failed to find match for field 'intensity'.
Failed to find match for field 'intensity'.
Failed to find match for field 'intensity'.
Failed to find match for field 'intensity'.
Failed to find match for field 'intensity'.
Failed to find match for field 'intensity'.
Failed to find match for field 'intensity'.
Failed to find match for field 'intensity'.
Failed to find match for field 'intensity'.
Failed to find match for field 'intensity'.
Failed to find match for field 'intensity'.
Failed to find match for field 'intensity'.
Failed to find match for field 'intensity'.
Failed to find match for field 'intensity'.
Failed to find match for field 'intensity'.
Failed to find match for field 'intensity'.
Failed to find match for field 'intensity'.
Failed to find match for field 'intensity'.
Failed to find match for field 'intensity'.
Failed to find match for field 'intensity'.
Failed to find match for field 'intensity'.
Failed to find match for field 'intensity'.
Failed to find match for field 'intensity'.
Failed to find match for field 'intensity'.
Failed to find match for field 'intensity'.
Failed to find match for field 'intensity'.
Failed to find match for field 'intensity'.
Failed to find match for field 'intensity'.
Failed to find match for field 'intensity'.
Failed to find match for field 'intensity'.
Failed to find match for field 'intensity'.
Failed to find match for field 'intensity'.
Failed to find match for field 'intensity'.
Failed to find match for field 'intensity'.
Failed to find match for field 'intensity'.
Failed to find match for field 'intensity'.
Failed to find match for field 'intensity'.
Failed to find match for field 'intensity'.
Failed to find match for field 'intensity'.
Failed to find match for field 'intensity'.
Failed to find match for field 'intensity'.
Failed to find match for field 'intensity'.
Failed to find match for field 'intensity'.
Failed to find match for field 'intensity'.
Failed to find match for field 'intensity'.
Failed to find match for field 'intensity'.
Failed to find match for field 'intensity'.
Failed to find match for field 'intensity'.
Failed to find match for field 'intensity'.
Failed to find match for field 'intensity'.
Failed to find match for field 'intensity'.
Failed to find match for field 'intensity'.
Failed to find match for field 'intensity'.
Failed to find match for field 'intensity'.
Failed to find match for field 'intensity'.
Failed to find match for field 'intensity'.
Failed to find match for field 'intensity'.
Failed to find match for field 'intensity'.
Failed to find match for field 'intensity'.
Failed to find match for field 'intensity'.
Failed to find match for field 'intensity'.
Failed to find match for field 'intensity'.
Failed to find match for field 'intensity'.
Failed to find match for field 'intensity'.
Failed to find match for field 'intensity'.
Failed to find match for field 'intensity'.
Failed to find match for field 'intensity'.
Failed to find match for field 'intensity'.
Failed to find match for field 'intensity'.
Failed to find match for field 'intensity'.
Failed to find match for field 'intensity'.
Failed to find match for field 'intensity'.
Failed to find match for field 'intensity'.
Failed to find match for field 'intensity'.
Failed to find match for field 'intensity'.
Failed to find match for field 'intensity'.
Failed to find match for field 'intensity'.
Failed to find match for field 'intensity'.
Failed to find match for field 'intensity'.
Failed to find match for field 'intensity'.
Failed to find match for field 'intensity'.
Failed to find match for field 'intensity'.
Failed to find match for field 'intensity'.
Failed to find match for field 'intensity'.
Failed to find match for field 'intensity'.
Failed to find match for field 'intensity'.
Failed to find match for field 'intensity'.
Failed to find match for field 'intensity'.
Failed to find match for field 'intensity'.
Failed to find match for field 'intensity'.
Failed to find match for field 'intensity'.
Failed to find match for field 'intensity'.
Failed to find match for field 'intensity'.
Failed to find match for field 'intensity'.
Failed to find match for field 'intensity'.
Failed to find match for field 'intensity'.
Failed to find match for field 'intensity'.
Failed to find match for field 'intensity'.
Failed to find match for field 'intensity'.
Failed to find match for field 'intensity'.
Failed to find match for field 'intensity'.
Failed to find match for field 'intensity'.
Failed to find match for field 'intensity'.
Failed to find match for field 'intensity'.
Failed to find match for field 'intensity'.
Failed to find match for field 'intensity'.
Failed to find match for field 'intensity'.
Failed to find match for field 'intensity'.
Failed to find match for field 'intensity'.
Failed to find match for field 'intensity'.
Failed to find match for field 'intensity'.
Failed to find match for field 'intensity'.
Failed to find match for field 'intensity'.
Failed to find match for field 'intensity'.
Failed to find match for field 'intensity'.
Failed to find match for field 'intensity'.
Failed to find match for field 'intensity'.
Failed to find match for field 'intensity'.
Failed to find match for field 'intensity'.
Failed to find match for field 'intensity'.
Failed to find match for field 'intensity'.
Failed to find match for field 'intensity'.
Failed to find match for field 'intensity'.
Failed to find match for field 'intensity'.
Failed to find match for field 'intensity'.
Failed to find match for field 'intensity'.
Failed to find match for field 'intensity'.
Failed to find match for field 'intensity'.
Failed to find match for field 'intensity'.
Failed to find match for field 'intensity'.
Failed to find match for field 'intensity'.
Failed to find match for field 'intensity'.
Failed to find match for field 'intensity'.
Failed to find match for field 'intensity'.
Failed to find match for field 'intensity'.
Failed to find match for field 'intensity'.
Failed to find match for field 'intensity'.
Failed to find match for field 'intensity'.
Failed to find match for field 'intensity'.
Failed to find match for field 'intensity'.
Failed to find match for field 'intensity'.
Failed to find match for field 'intensity'.
Failed to find match for field 'intensity'.
Failed to find match for field 'intensity'.
Failed to find match for field 'intensity'.
Failed to find match for field 'intensity'.
Failed to find match for field 'intensity'.
Failed to find match for field 'intensity'.
Failed to find match for field 'intensity'.
Failed to find match for field 'intensity'.
Failed to find match for field 'intensity'.
Failed to find match for field 'intensity'.
Failed to find match for field 'intensity'.
Failed to find match for field 'intensity'.
Failed to find match for field 'intensity'.
Failed to find match for field 'intensity'.
Failed to find match for field 'intensity'.
Failed to find match for field 'intensity'.
Failed to find match for field 'intensity'.
Failed to find match for field 'intensity'.
Failed to find match for field 'intensity'.
Failed to find match for field 'intensity'.
Failed to find match for field 'intensity'.
Failed to find match for field 'intensity'.
Failed to find match for field 'intensity'.
Failed to find match for field 'intensity'.
Failed to find match for field 'intensity'.
Failed to find match for field 'intensity'.
Failed to find match for field 'intensity'.
Failed to find match for field 'intensity'.
Failed to find match for field 'intensity'.
Failed to find match for field 'intensity'.
Failed to find match for field 'intensity'.
Failed to find match for field 'intensity'.
Failed to find match for field 'intensity'.
Failed to find match for field 'intensity'.
Failed to find match for field 'intensity'.
Failed to find match for field 'intensity'.
Failed to find match for field 'intensity'.
Failed to find match for field 'intensity'.
Failed to find match for field 'intensity'.
Failed to find match for field 'intensity'.
Failed to find match for field 'intensity'.
Failed to find match for field 'intensity'.
Failed to find match for field 'intensity'.
Failed to find match for field 'intensity'.
Failed to find match for field 'intensity'.
Failed to find match for field 'intensity'.
Failed to find match for field 'intensity'.
Failed to find match for field 'intensity'.
Failed to find match for field 'intensity'.
Failed to find match for field 'intensity'.
Failed to find match for field 'intensity'.
Failed to find match for field 'intensity'.
Failed to find match for field 'intensity'.
Failed to find match for field 'intensity'.
Failed to find match for field 'intensity'.
Failed to find match for field 'intensity'.
Failed to find match for field 'intensity'.
Failed to find match for field 'intensity'.
Failed to find match for field 'intensity'.
Failed to find match for field 'intensity'.
Failed to find match for field 'intensity'.
Failed to find match for field 'intensity'.
Failed to find match for field 'intensity'.
Failed to find match for field 'intensity'.
Failed to find match for field 'intensity'.
Failed to find match for field 'intensity'.
Failed to find match for field 'intensity'.
Failed to find match for field 'intensity'.
Failed to find match for field 'intensity'.
Failed to find match for field 'intensity'.
Failed to find match for field 'intensity'.
Failed to find match for field 'intensity'.
Failed to find match for field 'intensity'.
Failed to find match for field 'intensity'.
Failed to find match for field 'intensity'.
Failed to find match for field 'intensity'.
Failed to find match for field 'intensity'.
Failed to find match for field 'intensity'.
Failed to find match for field 'intensity'.
Failed to find match for field 'intensity'.
Failed to find match for field 'intensity'.
Failed to find match for field 'intensity'.
Failed to find match for field 'intensity'.
Failed to find match for field 'intensity'.
Failed to find match for field 'intensity'.
Failed to find match for field 'intensity'.
Failed to find match for field 'intensity'.
Failed to find match for field 'intensity'.
Failed to find match for field 'intensity'.
Failed to find match for field 'intensity'.
Failed to find match for field 'intensity'.
Failed to find match for field 'intensity'.
Failed to find match for field 'intensity'.
Failed to find match for field 'intensity'.
Failed to find match for field 'intensity'.
Failed to find match for field 'intensity'.
Failed to find match for field 'intensity'.
Failed to find match for field 'intensity'.
Failed to find match for field 'intensity'.
Failed to find match for field 'intensity'.
Failed to find match for field 'intensity'.
Failed to find match for field 'intensity'.
Failed to find match for field 'intensity'.
Failed to find match for field 'intensity'.
Failed to find match for field 'intensity'.
Failed to find match for field 'intensity'.
Failed to find match for field 'intensity'.
Failed to find match for field 'intensity'.
Failed to find match for field 'intensity'.
Failed to find match for field 'intensity'.
Failed to find match for field 'intensity'.
Failed to find match for field 'intensity'.
Failed to find match for field 'intensity'.
Failed to find match for field 'intensity'.
Failed to find match for field 'intensity'.
Failed to find match for field 'intensity'.
Failed to find match for field 'intensity'.
Failed to find match for field 'intensity'.
Failed to find match for field 'intensity'.
Failed to find match for field 'intensity'.
Failed to find match for field 'intensity'.
Failed to find match for field 'intensity'.
Failed to find match for field 'intensity'.
Failed to find match for field 'intensity'.
Failed to find match for field 'intensity'.
Failed to find match for field 'intensity'.
Failed to find match for field 'intensity'.
Failed to find match for field 'intensity'.
Failed to find match for field 'intensity'.
Failed to find match for field 'intensity'.
Failed to find match for field 'intensity'.
Failed to find match for field 'intensity'.
Failed to find match for field 'intensity'.
Failed to find match for field 'intensity'.
Failed to find match for field 'intensity'.
Failed to find match for field 'intensity'.
Failed to find match for field 'intensity'.
Failed to find match for field 'intensity'.
Failed to find match for field 'intensity'.
Failed to find match for field 'intensity'.
Failed to find match for field 'intensity'.
Failed to find match for field 'intensity'.
Failed to find match for field 'intensity'.
Failed to find match for field 'intensity'.
Failed to find match for field 'intensity'.
Failed to find match for field 'intensity'.
Failed to find match for field 'intensity'.
Failed to find match for field 'intensity'.
Failed to find match for field 'intensity'.
Failed to find match for field 'intensity'.
Failed to find match for field 'intensity'.
Failed to find match for field 'intensity'.
Failed to find match for field 'intensity'.
Failed to find match for field 'intensity'.
Failed to find match for field 'intensity'.
Failed to find match for field 'intensity'.
Failed to find match for field 'intensity'.
Failed to find match for field 'intensity'.
Failed to find match for field 'intensity'.
Failed to find match for field 'intensity'.
Failed to find match for field 'intensity'.
Failed to find match for field 'intensity'.
Failed to find match for field 'intensity'.
Failed to find match for field 'intensity'.
Failed to find match for field 'intensity'.
Failed to find match for field 'intensity'.
Failed to find match for field 'intensity'.
Failed to find match for field 'intensity'.
Failed to find match for field 'intensity'.
Failed to find match for field 'intensity'.
Failed to find match for field 'intensity'.
[14:02:10.894] [debug]   收集 LiDAR [/PointCloudObject] 帧数: 2000
Failed to find match for field 'intensity'.
[14:02:10.895] [debug]   收集 LiDAR [/PointCloudDetection] 帧数: 2000
[14:02:10.896] [debug]   收集 IMU [/ouster/imu] 帧数: 10000
Failed to find match for field 'intensity'.
Failed to find match for field 'intensity'.
Failed to find match for field 'intensity'.
Failed to find match for field 'intensity'.
Failed to find match for field 'intensity'.
Failed to find match for field 'intensity'.
Failed to find match for field 'intensity'.
Failed to find match for field 'intensity'.
Failed to find match for field 'intensity'.
Failed to find match for field 'intensity'.
Failed to find match for field 'intensity'.
Failed to find match for field 'intensity'.
Failed to find match for field 'intensity'.
Failed to find match for field 'intensity'.
Failed to find match for field 'intensity'.
Failed to find match for field 'intensity'.
Failed to find match for field 'intensity'.
Failed to find match for field 'intensity'.
Failed to find match for field 'intensity'.
Failed to find match for field 'intensity'.
Failed to find match for field 'intensity'.
Failed to find match for field 'intensity'.
Failed to find match for field 'intensity'.
Failed to find match for field 'intensity'.
Failed to find match for field 'intensity'.
Failed to find match for field 'intensity'.
Failed to find match for field 'intensity'.
Failed to find match for field 'intensity'.
Failed to find match for field 'intensity'.
Failed to find match for field 'intensity'.
Failed to find match for field 'intensity'.
Failed to find match for field 'intensity'.
Failed to find match for field 'intensity'.
Failed to find match for field 'intensity'.
Failed to find match for field 'intensity'.
Failed to find match for field 'intensity'.
Failed to find match for field 'intensity'.
Failed to find match for field 'intensity'.
Failed to find match for field 'intensity'.
Failed to find match for field 'intensity'.
Failed to find match for field 'intensity'.
Failed to find match for field 'intensity'.
Failed to find match for field 'intensity'.
Failed to find match for field 'intensity'.
Failed to find match for field 'intensity'.
Failed to find match for field 'intensity'.
Failed to find match for field 'intensity'.
Failed to find match for field 'intensity'.
Failed to find match for field 'intensity'.
Failed to find match for field 'intensity'.
Failed to find match for field 'intensity'.
Failed to find match for field 'intensity'.
Failed to find match for field 'intensity'.
Failed to find match for field 'intensity'.
Failed to find match for field 'intensity'.
Failed to find match for field 'intensity'.
Failed to find match for field 'intensity'.
Failed to find match for field 'intensity'.
Failed to find match for field 'intensity'.
Failed to find match for field 'intensity'.
Failed to find match for field 'intensity'.
Failed to find match for field 'intensity'.
Failed to find match for field 'intensity'.
Failed to find match for field 'intensity'.
Failed to find match for field 'intensity'.
Failed to find match for field 'intensity'.
Failed to find match for field 'intensity'.
Failed to find match for field 'intensity'.
Failed to find match for field 'intensity'.
Failed to find match for field 'intensity'.
Failed to find match for field 'intensity'.
Failed to find match for field 'intensity'.
Failed to find match for field 'intensity'.
Failed to find match for field 'intensity'.
Failed to find match for field 'intensity'.
Failed to find match for field 'intensity'.
Failed to find match for field 'intensity'.
Failed to find match for field 'intensity'.
Failed to find match for field 'intensity'.
Failed to find match for field 'intensity'.
Failed to find match for field 'intensity'.
Failed to find match for field 'intensity'.
Failed to find match for field 'intensity'.
Failed to find match for field 'intensity'.
Failed to find match for field 'intensity'.
Failed to find match for field 'intensity'.
Failed to find match for field 'intensity'.
Failed to find match for field 'intensity'.
Failed to find match for field 'intensity'.
Failed to find match for field 'intensity'.
Failed to find match for field 'intensity'.
Failed to find match for field 'intensity'.
Failed to find match for field 'intensity'.
Failed to find match for field 'intensity'.
Failed to find match for field 'intensity'.
Failed to find match for field 'intensity'.
Failed to find match for field 'intensity'.
Failed to find match for field 'intensity'.
Failed to find match for field 'intensity'.
Failed to find match for field 'intensity'.
Failed to find match for field 'intensity'.
Failed to find match for field 'intensity'.
Failed to find match for field 'intensity'.
Failed to find match for field 'intensity'.
Failed to find match for field 'intensity'.
Failed to find match for field 'intensity'.
Failed to find match for field 'intensity'.
Failed to find match for field 'intensity'.
Failed to find match for field 'intensity'.
Failed to find match for field 'intensity'.
Failed to find match for field 'intensity'.
Failed to find match for field 'intensity'.
Failed to find match for field 'intensity'.
Failed to find match for field 'intensity'.
Failed to find match for field 'intensity'.
Failed to find match for field 'intensity'.
Failed to find match for field 'intensity'.
Failed to find match for field 'intensity'.
Failed to find match for field 'intensity'.
Failed to find match for field 'intensity'.
Failed to find match for field 'intensity'.
Failed to find match for field 'intensity'.
Failed to find match for field 'intensity'.
Failed to find match for field 'intensity'.
Failed to find match for field 'intensity'.
Failed to find match for field 'intensity'.
Failed to find match for field 'intensity'.
Failed to find match for field 'intensity'.
Failed to find match for field 'intensity'.
Failed to find match for field 'intensity'.
Failed to find match for field 'intensity'.
Failed to find match for field 'intensity'.
Failed to find match for field 'intensity'.
Failed to find match for field 'intensity'.
Failed to find match for field 'intensity'.
Failed to find match for field 'intensity'.
Failed to find match for field 'intensity'.
Failed to find match for field 'intensity'.
Failed to find match for field 'intensity'.
Failed to find match for field 'intensity'.
Failed to find match for field 'intensity'.
Failed to find match for field 'intensity'.
Failed to find match for field 'intensity'.
Failed to find match for field 'intensity'.
Failed to find match for field 'intensity'.
Failed to find match for field 'intensity'.
Failed to find match for field 'intensity'.
Failed to find match for field 'intensity'.
Failed to find match for field 'intensity'.
Failed to find match for field 'intensity'.
Failed to find match for field 'intensity'.
Failed to find match for field 'intensity'.
Failed to find match for field 'intensity'.
Failed to find match for field 'intensity'.
Failed to find match for field 'intensity'.
Failed to find match for field 'intensity'.
[14:02:10.952] [debug]   收集 LiDAR [/ouster/points] 帧数: 1000
Failed to find match for field 'intensity'.
Failed to find match for field 'intensity'.
Failed to find match for field 'intensity'.
Failed to find match for field 'intensity'.
Failed to find match for field 'intensity'.
Failed to find match for field 'intensity'.
Failed to find match for field 'intensity'.
Failed to find match for field 'intensity'.
Failed to find match for field 'intensity'.
Failed to find match for field 'intensity'.
Failed to find match for field 'intensity'.
Failed to find match for field 'intensity'.
Failed to find match for field 'intensity'.
Failed to find match for field 'intensity'.
Failed to find match for field 'intensity'.
Failed to find match for field 'intensity'.
Failed to find match for field 'intensity'.
Failed to find match for field 'intensity'.
Failed to find match for field 'intensity'.
Failed to find match for field 'intensity'.
Failed to find match for field 'intensity'.
Failed to find match for field 'intensity'.
Failed to find match for field 'intensity'.
Failed to find match for field 'intensity'.
Failed to find match for field 'intensity'.
Failed to find match for field 'intensity'.
Failed to find match for field 'intensity'.
Failed to find match for field 'intensity'.
Failed to find match for field 'intensity'.
Failed to find match for field 'intensity'.
Failed to find match for field 'intensity'.
Failed to find match for field 'intensity'.
Failed to find match for field 'intensity'.
Failed to find match for field 'intensity'.
Failed to find match for field 'intensity'.
Failed to find match for field 'intensity'.
Failed to find match for field 'intensity'.
Failed to find match for field 'intensity'.
Failed to find match for field 'intensity'.
Failed to find match for field 'intensity'.
Failed to find match for field 'intensity'.
Failed to find match for field 'intensity'.
Failed to find match for field 'intensity'.
Failed to find match for field 'intensity'.
Failed to find match for field 'intensity'.
Failed to find match for field 'intensity'.
Failed to find match for field 'intensity'.
Failed to find match for field 'intensity'.
Failed to find match for field 'intensity'.
Failed to find match for field 'intensity'.
Failed to find match for field 'intensity'.
Failed to find match for field 'intensity'.
Failed to find match for field 'intensity'.
Failed to find match for field 'intensity'.
Failed to find match for field 'intensity'.
Failed to find match for field 'intensity'.
Failed to find match for field 'intensity'.
Failed to find match for field 'intensity'.
Failed to find match for field 'intensity'.
Failed to find match for field 'intensity'.
Failed to find match for field 'intensity'.
Failed to find match for field 'intensity'.
Failed to find match for field 'intensity'.
Failed to find match for field 'intensity'.
Failed to find match for field 'intensity'.
Failed to find match for field 'intensity'.
Failed to find match for field 'intensity'.
Failed to find match for field 'intensity'.
Failed to find match for field 'intensity'.
Failed to find match for field 'intensity'.
Failed to find match for field 'intensity'.
Failed to find match for field 'intensity'.
Failed to find match for field 'intensity'.
Failed to find match for field 'intensity'.
Failed to find match for field 'intensity'.
Failed to find match for field 'intensity'.
Failed to find match for field 'intensity'.
Failed to find match for field 'intensity'.
Failed to find match for field 'intensity'.
Failed to find match for field 'intensity'.
Failed to find match for field 'intensity'.
Failed to find match for field 'intensity'.
Failed to find match for field 'intensity'.
Failed to find match for field 'intensity'.
Failed to find match for field 'intensity'.
Failed to find match for field 'intensity'.
Failed to find match for field 'intensity'.
Failed to find match for field 'intensity'.
Failed to find match for field 'intensity'.
Failed to find match for field 'intensity'.
Failed to find match for field 'intensity'.
Failed to find match for field 'intensity'.
Failed to find match for field 'intensity'.
Failed to find match for field 'intensity'.
Failed to find match for field 'intensity'.
Failed to find match for field 'intensity'.
Failed to find match for field 'intensity'.
Failed to find match for field 'intensity'.
Failed to find match for field 'intensity'.
Failed to find match for field 'intensity'.
Failed to find match for field 'intensity'.
Failed to find match for field 'intensity'.
Failed to find match for field 'intensity'.
Failed to find match for field 'intensity'.
Failed to find match for field 'intensity'.
Failed to find match for field 'intensity'.
Failed to find match for field 'intensity'.
Failed to find match for field 'intensity'.
Failed to find match for field 'intensity'.
Failed to find match for field 'intensity'.
Failed to find match for field 'intensity'.
Failed to find match for field 'intensity'.
Failed to find match for field 'intensity'.
Failed to find match for field 'intensity'.
Failed to find match for field 'intensity'.
Failed to find match for field 'intensity'.
Failed to find match for field 'intensity'.
Failed to find match for field 'intensity'.
Failed to find match for field 'intensity'.
Failed to find match for field 'intensity'.
Failed to find match for field 'intensity'.
Failed to find match for field 'intensity'.
Failed to find match for field 'intensity'.
Failed to find match for field 'intensity'.
Failed to find match for field 'intensity'.
Failed to find match for field 'intensity'.
Failed to find match for field 'intensity'.
Failed to find match for field 'intensity'.
Failed to find match for field 'intensity'.
Failed to find match for field 'intensity'.
Failed to find match for field 'intensity'.
Failed to find match for field 'intensity'.
Failed to find match for field 'intensity'.
Failed to find match for field 'intensity'.
Failed to find match for field 'intensity'.
Failed to find match for field 'intensity'.
Failed to find match for field 'intensity'.
Failed to find match for field 'intensity'.
Failed to find match for field 'intensity'.
Failed to find match for field 'intensity'.
Failed to find match for field 'intensity'.
Failed to find match for field 'intensity'.
Failed to find match for field 'intensity'.
Failed to find match for field 'intensity'.
Failed to find match for field 'intensity'.
Failed to find match for field 'intensity'.
Failed to find match for field 'intensity'.
Failed to find match for field 'intensity'.
Failed to find match for field 'intensity'.
Failed to find match for field 'intensity'.
Failed to find match for field 'intensity'.
Failed to find match for field 'intensity'.
Failed to find match for field 'intensity'.
Failed to find match for field 'intensity'.
Failed to find match for field 'intensity'.
Failed to find match for field 'intensity'.
Failed to find match for field 'intensity'.
Failed to find match for field 'intensity'.
Failed to find match for field 'intensity'.
Failed to find match for field 'intensity'.
Failed to find match for field 'intensity'.
Failed to find match for field 'intensity'.
Failed to find match for field 'intensity'.
Failed to find match for field 'intensity'.
Failed to find match for field 'intensity'.
Failed to find match for field 'intensity'.
Failed to find match for field 'intensity'.
Failed to find match for field 'intensity'.
Failed to find match for field 'intensity'.
Failed to find match for field 'intensity'.
Failed to find match for field 'intensity'.
Failed to find match for field 'intensity'.
Failed to find match for field 'intensity'.
Failed to find match for field 'intensity'.
Failed to find match for field 'intensity'.
Failed to find match for field 'intensity'.
Failed to find match for field 'intensity'.
Failed to find match for field 'intensity'.
Failed to find match for field 'intensity'.
Failed to find match for field 'intensity'.
Failed to find match for field 'intensity'.
Failed to find match for field 'intensity'.
Failed to find match for field 'intensity'.
Failed to find match for field 'intensity'.
Failed to find match for field 'intensity'.
Failed to find match for field 'intensity'.
Failed to find match for field 'intensity'.
Failed to find match for field 'intensity'.
Failed to find match for field 'intensity'.
Failed to find match for field 'intensity'.
Failed to find match for field 'intensity'.
Failed to find match for field 'intensity'.
Failed to find match for field 'intensity'.
Failed to find match for field 'intensity'.
Failed to find match for field 'intensity'.
Failed to find match for field 'intensity'.
Failed to find match for field 'intensity'.
Failed to find match for field 'intensity'.
Failed to find match for field 'intensity'.
Failed to find match for field 'intensity'.
Failed to find match for field 'intensity'.
Failed to find match for field 'intensity'.
Failed to find match for field 'intensity'.
Failed to find match for field 'intensity'.
Failed to find match for field 'intensity'.
Failed to find match for field 'intensity'.
Failed to find match for field 'intensity'.
Failed to find match for field 'intensity'.
Failed to find match for field 'intensity'.
Failed to find match for field 'intensity'.
Failed to find match for field 'intensity'.
Failed to find match for field 'intensity'.
Failed to find match for field 'intensity'.
Failed to find match for field 'intensity'.
Failed to find match for field 'intensity'.
Failed to find match for field 'intensity'.
Failed to find match for field 'intensity'.
Failed to find match for field 'intensity'.
Failed to find match for field 'intensity'.
Failed to find match for field 'intensity'.
Failed to find match for field 'intensity'.
Failed to find match for field 'intensity'.
Failed to find match for field 'intensity'.
Failed to find match for field 'intensity'.
Failed to find match for field 'intensity'.
Failed to find match for field 'intensity'.
Failed to find match for field 'intensity'.
Failed to find match for field 'intensity'.
Failed to find match for field 'intensity'.
Failed to find match for field 'intensity'.
Failed to find match for field 'intensity'.
Failed to find match for field 'intensity'.
Failed to find match for field 'intensity'.
Failed to find match for field 'intensity'.
Failed to find match for field 'intensity'.
Failed to find match for field 'intensity'.
Failed to find match for field 'intensity'.
Failed to find match for field 'intensity'.
Failed to find match for field 'intensity'.
Failed to find match for field 'intensity'.
Failed to find match for field 'intensity'.
Failed to find match for field 'intensity'.
Failed to find match for field 'intensity'.
Failed to find match for field 'intensity'.
Failed to find match for field 'intensity'.
Failed to find match for field 'intensity'.
Failed to find match for field 'intensity'.
Failed to find match for field 'intensity'.
Failed to find match for field 'intensity'.
Failed to find match for field 'intensity'.
Failed to find match for field 'intensity'.
Failed to find match for field 'intensity'.
Failed to find match for field 'intensity'.
Failed to find match for field 'intensity'.
Failed to find match for field 'intensity'.
Failed to find match for field 'intensity'.
Failed to find match for field 'intensity'.
Failed to find match for field 'intensity'.
Failed to find match for field 'intensity'.
Failed to find match for field 'intensity'.
Failed to find match for field 'intensity'.
Failed to find match for field 'intensity'.
Failed to find match for field 'intensity'.
Failed to find match for field 'intensity'.
Failed to find match for field 'intensity'.
Failed to find match for field 'intensity'.
Failed to find match for field 'intensity'.
Failed to find match for field 'intensity'.
Failed to find match for field 'intensity'.
Failed to find match for field 'intensity'.
Failed to find match for field 'intensity'.
Failed to find match for field 'intensity'.
Failed to find match for field 'intensity'.
Failed to find match for field 'intensity'.
Failed to find match for field 'intensity'.
Failed to find match for field 'intensity'.
Failed to find match for field 'intensity'.
Failed to find match for field 'intensity'.
Failed to find match for field 'intensity'.
Failed to find match for field 'intensity'.
Failed to find match for field 'intensity'.
Failed to find match for field 'intensity'.
Failed to find match for field 'intensity'.
Failed to find match for field 'intensity'.
Failed to find match for field 'intensity'.
Failed to find match for field 'intensity'.
Failed to find match for field 'intensity'.
Failed to find match for field 'intensity'.
Failed to find match for field 'intensity'.
Failed to find match for field 'intensity'.
Failed to find match for field 'intensity'.
Failed to find match for field 'intensity'.
Failed to find match for field 'intensity'.
Failed to find match for field 'intensity'.
Failed to find match for field 'intensity'.
Failed to find match for field 'intensity'.
Failed to find match for field 'intensity'.
Failed to find match for field 'intensity'.
Failed to find match for field 'intensity'.
Failed to find match for field 'intensity'.
Failed to find match for field 'intensity'.
Failed to find match for field 'intensity'.
Failed to find match for field 'intensity'.
Failed to find match for field 'intensity'.
Failed to find match for field 'intensity'.
Failed to find match for field 'intensity'.
Failed to find match for field 'intensity'.
Failed to find match for field 'intensity'.
Failed to find match for field 'intensity'.
Failed to find match for field 'intensity'.
Failed to find match for field 'intensity'.
Failed to find match for field 'intensity'.
Failed to find match for field 'intensity'.
Failed to find match for field 'intensity'.
Failed to find match for field 'intensity'.
Failed to find match for field 'intensity'.
Failed to find match for field 'intensity'.
Failed to find match for field 'intensity'.
Failed to find match for field 'intensity'.
Failed to find match for field 'intensity'.
Failed to find match for field 'intensity'.
Failed to find match for field 'intensity'.
Failed to find match for field 'intensity'.
Failed to find match for field 'intensity'.
Failed to find match for field 'intensity'.
Failed to find match for field 'intensity'.
Failed to find match for field 'intensity'.
Failed to find match for field 'intensity'.
Failed to find match for field 'intensity'.
Failed to find match for field 'intensity'.
Failed to find match for field 'intensity'.
Failed to find match for field 'intensity'.
Failed to find match for field 'intensity'.
Failed to find match for field 'intensity'.
Failed to find match for field 'intensity'.
Failed to find match for field 'intensity'.
Failed to find match for field 'intensity'.
Failed to find match for field 'intensity'.
Failed to find match for field 'intensity'.
Failed to find match for field 'intensity'.
Failed to find match for field 'intensity'.
Failed to find match for field 'intensity'.
Failed to find match for field 'intensity'.
Failed to find match for field 'intensity'.
Failed to find match for field 'intensity'.
Failed to find match for field 'intensity'.
Failed to find match for field 'intensity'.
Failed to find match for field 'intensity'.
Failed to find match for field 'intensity'.
Failed to find match for field 'intensity'.
Failed to find match for field 'intensity'.
Failed to find match for field 'intensity'.
Failed to find match for field 'intensity'.
Failed to find match for field 'intensity'.
Failed to find match for field 'intensity'.
Failed to find match for field 'intensity'.
Failed to find match for field 'intensity'.
Failed to find match for field 'intensity'.
Failed to find match for field 'intensity'.
Failed to find match for field 'intensity'.
Failed to find match for field 'intensity'.
Failed to find match for field 'intensity'.
Failed to find match for field 'intensity'.
Failed to find match for field 'intensity'.
Failed to find match for field 'intensity'.
Failed to find match for field 'intensity'.
Failed to find match for field 'intensity'.
Failed to find match for field 'intensity'.
Failed to find match for field 'intensity'.
Failed to find match for field 'intensity'.
Failed to find match for field 'intensity'.
Failed to find match for field 'intensity'.
Failed to find match for field 'intensity'.
Failed to find match for field 'intensity'.
Failed to find match for field 'intensity'.
Failed to find match for field 'intensity'.
Failed to find match for field 'intensity'.
Failed to find match for field 'intensity'.
Failed to find match for field 'intensity'.
Failed to find match for field 'intensity'.
Failed to find match for field 'intensity'.
Failed to find match for field 'intensity'.
Failed to find match for field 'intensity'.
Failed to find match for field 'intensity'.
Failed to find match for field 'intensity'.
Failed to find match for field 'intensity'.
Failed to find match for field 'intensity'.
Failed to find match for field 'intensity'.
Failed to find match for field 'intensity'.
Failed to find match for field 'intensity'.
Failed to find match for field 'intensity'.
Failed to find match for field 'intensity'.
Failed to find match for field 'intensity'.
Failed to find match for field 'intensity'.
Failed to find match for field 'intensity'.
Failed to find match for field 'intensity'.
Failed to find match for field 'intensity'.
Failed to find match for field 'intensity'.
Failed to find match for field 'intensity'.
Failed to find match for field 'intensity'.
Failed to find match for field 'intensity'.
Failed to find match for field 'intensity'.
Failed to find match for field 'intensity'.
Failed to find match for field 'intensity'.
Failed to find match for field 'intensity'.
Failed to find match for field 'intensity'.
Failed to find match for field 'intensity'.
Failed to find match for field 'intensity'.
Failed to find match for field 'intensity'.
Failed to find match for field 'intensity'.
Failed to find match for field 'intensity'.
Failed to find match for field 'intensity'.
Failed to find match for field 'intensity'.
Failed to find match for field 'intensity'.
Failed to find match for field 'intensity'.
Failed to find match for field 'intensity'.
Failed to find match for field 'intensity'.
Failed to find match for field 'intensity'.
Failed to find match for field 'intensity'.
Failed to find match for field 'intensity'.
Failed to find match for field 'intensity'.
Failed to find match for field 'intensity'.
Failed to find match for field 'intensity'.
Failed to find match for field 'intensity'.
Failed to find match for field 'intensity'.
Failed to find match for field 'intensity'.
Failed to find match for field 'intensity'.
Failed to find match for field 'intensity'.
Failed to find match for field 'intensity'.
Failed to find match for field 'intensity'.
Failed to find match for field 'intensity'.
Failed to find match for field 'intensity'.
Failed to find match for field 'intensity'.
Failed to find match for field 'intensity'.
Failed to find match for field 'intensity'.
Failed to find match for field 'intensity'.
Failed to find match for field 'intensity'.
Failed to find match for field 'intensity'.
Failed to find match for field 'intensity'.
Failed to find match for field 'intensity'.
Failed to find match for field 'intensity'.
Failed to find match for field 'intensity'.
Failed to find match for field 'intensity'.
Failed to find match for field 'intensity'.
Failed to find match for field 'intensity'.
Failed to find match for field 'intensity'.
Failed to find match for field 'intensity'.
Failed to find match for field 'intensity'.
Failed to find match for field 'intensity'.
Failed to find match for field 'intensity'.
Failed to find match for field 'intensity'.
Failed to find match for field 'intensity'.
Failed to find match for field 'intensity'.
Failed to find match for field 'intensity'.
Failed to find match for field 'intensity'.
Failed to find match for field 'intensity'.
Failed to find match for field 'intensity'.
Failed to find match for field 'intensity'.
Failed to find match for field 'intensity'.
Failed to find match for field 'intensity'.
Failed to find match for field 'intensity'.
Failed to find match for field 'intensity'.
Failed to find match for field 'intensity'.
Failed to find match for field 'intensity'.
Failed to find match for field 'intensity'.
Failed to find match for field 'intensity'.
Failed to find match for field 'intensity'.
Failed to find match for field 'intensity'.
Failed to find match for field 'intensity'.
Failed to find match for field 'intensity'.
Failed to find match for field 'intensity'.
Failed to find match for field 'intensity'.
Failed to find match for field 'intensity'.
Failed to find match for field 'intensity'.
Failed to find match for field 'intensity'.
Failed to find match for field 'intensity'.
Failed to find match for field 'intensity'.
Failed to find match for field 'intensity'.
Failed to find match for field 'intensity'.
Failed to find match for field 'intensity'.
Failed to find match for field 'intensity'.
Failed to find match for field 'intensity'.
Failed to find match for field 'intensity'.
Failed to find match for field 'intensity'.
Failed to find match for field 'intensity'.
Failed to find match for field 'intensity'.
Failed to find match for field 'intensity'.
Failed to find match for field 'intensity'.
Failed to find match for field 'intensity'.
Failed to find match for field 'intensity'.
Failed to find match for field 'intensity'.
Failed to find match for field 'intensity'.
Failed to find match for field 'intensity'.
Failed to find match for field 'intensity'.
Failed to find match for field 'intensity'.
Failed to find match for field 'intensity'.
Failed to find match for field 'intensity'.
Failed to find match for field 'intensity'.
Failed to find match for field 'intensity'.
Failed to find match for field 'intensity'.
Failed to find match for field 'intensity'.
Failed to find match for field 'intensity'.
Failed to find match for field 'intensity'.
Failed to find match for field 'intensity'.
Failed to find match for field 'intensity'.
Failed to find match for field 'intensity'.
Failed to find match for field 'intensity'.
Failed to find match for field 'intensity'.
Failed to find match for field 'intensity'.
Failed to find match for field 'intensity'.
Failed to find match for field 'intensity'.
Failed to find match for field 'intensity'.
Failed to find match for field 'intensity'.
Failed to find match for field 'intensity'.
Failed to find match for field 'intensity'.
Failed to find match for field 'intensity'.
Failed to find match for field 'intensity'.
Failed to find match for field 'intensity'.
Failed to find match for field 'intensity'.
Failed to find match for field 'intensity'.
Failed to find match for field 'intensity'.
Failed to find match for field 'intensity'.
Failed to find match for field 'intensity'.
Failed to find match for field 'intensity'.
Failed to find match for field 'intensity'.
Failed to find match for field 'intensity'.
Failed to find match for field 'intensity'.
Failed to find match for field 'intensity'.
Failed to find match for field 'intensity'.
Failed to find match for field 'intensity'.
Failed to find match for field 'intensity'.
Failed to find match for field 'intensity'.
Failed to find match for field 'intensity'.
Failed to find match for field 'intensity'.
Failed to find match for field 'intensity'.
Failed to find match for field 'intensity'.
Failed to find match for field 'intensity'.
Failed to find match for field 'intensity'.
Failed to find match for field 'intensity'.
Failed to find match for field 'intensity'.
Failed to find match for field 'intensity'.
Failed to find match for field 'intensity'.
Failed to find match for field 'intensity'.
Failed to find match for field 'intensity'.
Failed to find match for field 'intensity'.
Failed to find match for field 'intensity'.
Failed to find match for field 'intensity'.
Failed to find match for field 'intensity'.
Failed to find match for field 'intensity'.
Failed to find match for field 'intensity'.
Failed to find match for field 'intensity'.
Failed to find match for field 'intensity'.
Failed to find match for field 'intensity'.
Failed to find match for field 'intensity'.
Failed to find match for field 'intensity'.
Failed to find match for field 'intensity'.
Failed to find match for field 'intensity'.
Failed to find match for field 'intensity'.
Failed to find match for field 'intensity'.
Failed to find match for field 'intensity'.
Failed to find match for field 'intensity'.
Failed to find match for field 'intensity'.
Failed to find match for field 'intensity'.
Failed to find match for field 'intensity'.
Failed to find match for field 'intensity'.
Failed to find match for field 'intensity'.
Failed to find match for field 'intensity'.
Failed to find match for field 'intensity'.
Failed to find match for field 'intensity'.
Failed to find match for field 'intensity'.
Failed to find match for field 'intensity'.
Failed to find match for field 'intensity'.
Failed to find match for field 'intensity'.
Failed to find match for field 'intensity'.
Failed to find match for field 'intensity'.
Failed to find match for field 'intensity'.
Failed to find match for field 'intensity'.
Failed to find match for field 'intensity'.
Failed to find match for field 'intensity'.
Failed to find match for field 'intensity'.
Failed to find match for field 'intensity'.
Failed to find match for field 'intensity'.
Failed to find match for field 'intensity'.
Failed to find match for field 'intensity'.
Failed to find match for field 'intensity'.
Failed to find match for field 'intensity'.
Failed to find match for field 'intensity'.
Failed to find match for field 'intensity'.
Failed to find match for field 'intensity'.
Failed to find match for field 'intensity'.
Failed to find match for field 'intensity'.
Failed to find match for field 'intensity'.
Failed to find match for field 'intensity'.
Failed to find match for field 'intensity'.
Failed to find match for field 'intensity'.
Failed to find match for field 'intensity'.
Failed to find match for field 'intensity'.
Failed to find match for field 'intensity'.
Failed to find match for field 'intensity'.
Failed to find match for field 'intensity'.
Failed to find match for field 'intensity'.
Failed to find match for field 'intensity'.
Failed to find match for field 'intensity'.
Failed to find match for field 'intensity'.
Failed to find match for field 'intensity'.
Failed to find match for field 'intensity'.
Failed to find match for field 'intensity'.
Failed to find match for field 'intensity'.
Failed to find match for field 'intensity'.
Failed to find match for field 'intensity'.
Failed to find match for field 'intensity'.
Failed to find match for field 'intensity'.
Failed to find match for field 'intensity'.
Failed to find match for field 'intensity'.
Failed to find match for field 'intensity'.
Failed to find match for field 'intensity'.
Failed to find match for field 'intensity'.
Failed to find match for field 'intensity'.
Failed to find match for field 'intensity'.
Failed to find match for field 'intensity'.
Failed to find match for field 'intensity'.
Failed to find match for field 'intensity'.
Failed to find match for field 'intensity'.
Failed to find match for field 'intensity'.
Failed to find match for field 'intensity'.
Failed to find match for field 'intensity'.
Failed to find match for field 'intensity'.
Failed to find match for field 'intensity'.
Failed to find match for field 'intensity'.
Failed to find match for field 'intensity'.
Failed to find match for field 'intensity'.
Failed to find match for field 'intensity'.
Failed to find match for field 'intensity'.
Failed to find match for field 'intensity'.
Failed to find match for field 'intensity'.
Failed to find match for field 'intensity'.
Failed to find match for field 'intensity'.
Failed to find match for field 'intensity'.
Failed to find match for field 'intensity'.
Failed to find match for field 'intensity'.
Failed to find match for field 'intensity'.
Failed to find match for field 'intensity'.
Failed to find match for field 'intensity'.
Failed to find match for field 'intensity'.
Failed to find match for field 'intensity'.
Failed to find match for field 'intensity'.
Failed to find match for field 'intensity'.
Failed to find match for field 'intensity'.
Failed to find match for field 'intensity'.
Failed to find match for field 'intensity'.
Failed to find match for field 'intensity'.
Failed to find match for field 'intensity'.
Failed to find match for field 'intensity'.
Failed to find match for field 'intensity'.
Failed to find match for field 'intensity'.
Failed to find match for field 'intensity'.
Failed to find match for field 'intensity'.
Failed to find match for field 'intensity'.
Failed to find match for field 'intensity'.
Failed to find match for field 'intensity'.
Failed to find match for field 'intensity'.
Failed to find match for field 'intensity'.
Failed to find match for field 'intensity'.
Failed to find match for field 'intensity'.
Failed to find match for field 'intensity'.
Failed to find match for field 'intensity'.
Failed to find match for field 'intensity'.
Failed to find match for field 'intensity'.
Failed to find match for field 'intensity'.
Failed to find match for field 'intensity'.
Failed to find match for field 'intensity'.
Failed to find match for field 'intensity'.
Failed to find match for field 'intensity'.
Failed to find match for field 'intensity'.
Failed to find match for field 'intensity'.
Failed to find match for field 'intensity'.
Failed to find match for field 'intensity'.
Failed to find match for field 'intensity'.
Failed to find match for field 'intensity'.
Failed to find match for field 'intensity'.
Failed to find match for field 'intensity'.
Failed to find match for field 'intensity'.
Failed to find match for field 'intensity'.
Failed to find match for field 'intensity'.
Failed to find match for field 'intensity'.
Failed to find match for field 'intensity'.
Failed to find match for field 'intensity'.
Failed to find match for field 'intensity'.
Failed to find match for field 'intensity'.
Failed to find match for field 'intensity'.
Failed to find match for field 'intensity'.
Failed to find match for field 'intensity'.
Failed to find match for field 'intensity'.
Failed to find match for field 'intensity'.
Failed to find match for field 'intensity'.
Failed to find match for field 'intensity'.
Failed to find match for field 'intensity'.
Failed to find match for field 'intensity'.
Failed to find match for field 'intensity'.
Failed to find match for field 'intensity'.
Failed to find match for field 'intensity'.
Failed to find match for field 'intensity'.
Failed to find match for field 'intensity'.
Failed to find match for field 'intensity'.
Failed to find match for field 'intensity'.
Failed to find match for field 'intensity'.
Failed to find match for field 'intensity'.
Failed to find match for field 'intensity'.
Failed to find match for field 'intensity'.
Failed to find match for field 'intensity'.
Failed to find match for field 'intensity'.
Failed to find match for field 'intensity'.
Failed to find match for field 'intensity'.
Failed to find match for field 'intensity'.
Failed to find match for field 'intensity'.
Failed to find match for field 'intensity'.
Failed to find match for field 'intensity'.
Failed to find match for field 'intensity'.
Failed to find match for field 'intensity'.
Failed to find match for field 'intensity'.
Failed to find match for field 'intensity'.
Failed to find match for field 'intensity'.
Failed to find match for field 'intensity'.
Failed to find match for field 'intensity'.
Failed to find match for field 'intensity'.
Failed to find match for field 'intensity'.
Failed to find match for field 'intensity'.
Failed to find match for field 'intensity'.
Failed to find match for field 'intensity'.
Failed to find match for field 'intensity'.
Failed to find match for field 'intensity'.
Failed to find match for field 'intensity'.
Failed to find match for field 'intensity'.
Failed to find match for field 'intensity'.
Failed to find match for field 'intensity'.
Failed to find match for field 'intensity'.
Failed to find match for field 'intensity'.
Failed to find match for field 'intensity'.
Failed to find match for field 'intensity'.
Failed to find match for field 'intensity'.
Failed to find match for field 'intensity'.
Failed to find match for field 'intensity'.
Failed to find match for field 'intensity'.
Failed to find match for field 'intensity'.
Failed to find match for field 'intensity'.
Failed to find match for field 'intensity'.
Failed to find match for field 'intensity'.
Failed to find match for field 'intensity'.
Failed to find match for field 'intensity'.
Failed to find match for field 'intensity'.
Failed to find match for field 'intensity'.
Failed to find match for field 'intensity'.
Failed to find match for field 'intensity'.
Failed to find match for field 'intensity'.
Failed to find match for field 'intensity'.
Failed to find match for field 'intensity'.
Failed to find match for field 'intensity'.
Failed to find match for field 'intensity'.
Failed to find match for field 'intensity'.
Failed to find match for field 'intensity'.
Failed to find match for field 'intensity'.
Failed to find match for field 'intensity'.
Failed to find match for field 'intensity'.
Failed to find match for field 'intensity'.
Failed to find match for field 'intensity'.
Failed to find match for field 'intensity'.
Failed to find match for field 'intensity'.
Failed to find match for field 'intensity'.
Failed to find match for field 'intensity'.
Failed to find match for field 'intensity'.
Failed to find match for field 'intensity'.
Failed to find match for field 'intensity'.
Failed to find match for field 'intensity'.
Failed to find match for field 'intensity'.
Failed to find match for field 'intensity'.
Failed to find match for field 'intensity'.
Failed to find match for field 'intensity'.
Failed to find match for field 'intensity'.
Failed to find match for field 'intensity'.
Failed to find match for field 'intensity'.
Failed to find match for field 'intensity'.
Failed to find match for field 'intensity'.
Failed to find match for field 'intensity'.
Failed to find match for field 'intensity'.
Failed to find match for field 'intensity'.
Failed to find match for field 'intensity'.
Failed to find match for field 'intensity'.
Failed to find match for field 'intensity'.
Failed to find match for field 'intensity'.
Failed to find match for field 'intensity'.
Failed to find match for field 'intensity'.
Failed to find match for field 'intensity'.
Failed to find match for field 'intensity'.
Failed to find match for field 'intensity'.
Failed to find match for field 'intensity'.
Failed to find match for field 'intensity'.
Failed to find match for field 'intensity'.
Failed to find match for field 'intensity'.
Failed to find match for field 'intensity'.
Failed to find match for field 'intensity'.
Failed to find match for field 'intensity'.
Failed to find match for field 'intensity'.
Failed to find match for field 'intensity'.
Failed to find match for field 'intensity'.
Failed to find match for field 'intensity'.
Failed to find match for field 'intensity'.
Failed to find match for field 'intensity'.
Failed to find match for field 'intensity'.
Failed to find match for field 'intensity'.
Failed to find match for field 'intensity'.
Failed to find match for field 'intensity'.
Failed to find match for field 'intensity'.
Failed to find match for field 'intensity'.
Failed to find match for field 'intensity'.
Failed to find match for field 'intensity'.
Failed to find match for field 'intensity'.
Failed to find match for field 'intensity'.
Failed to find match for field 'intensity'.
Failed to find match for field 'intensity'.
Failed to find match for field 'intensity'.
Failed to find match for field 'intensity'.
Failed to find match for field 'intensity'.
Failed to find match for field 'intensity'.
Failed to find match for field 'intensity'.
Failed to find match for field 'intensity'.
Failed to find match for field 'intensity'.
Failed to find match for field 'intensity'.
Failed to find match for field 'intensity'.
Failed to find match for field 'intensity'.
Failed to find match for field 'intensity'.
Failed to find match for field 'intensity'.
Failed to find match for field 'intensity'.
Failed to find match for field 'intensity'.
Failed to find match for field 'intensity'.
Failed to find match for field 'intensity'.
Failed to find match for field 'intensity'.
Failed to find match for field 'intensity'.
Failed to find match for field 'intensity'.
Failed to find match for field 'intensity'.
Failed to find match for field 'intensity'.
Failed to find match for field 'intensity'.
Failed to find match for field 'intensity'.
Failed to find match for field 'intensity'.
[14:02:11.316] [debug]   收集 LiDAR [/PointCloudObject] 帧数: 2500
Failed to find match for field 'intensity'.
[14:02:11.317] [debug]   收集 LiDAR [/PointCloudDetection] 帧数: 2500
Failed to find match for field 'intensity'.
Failed to find match for field 'intensity'.
Failed to find match for field 'intensity'.
Failed to find match for field 'intensity'.
Failed to find match for field 'intensity'.
Failed to find match for field 'intensity'.
Failed to find match for field 'intensity'.
Failed to find match for field 'intensity'.
Failed to find match for field 'intensity'.
Failed to find match for field 'intensity'.
Failed to find match for field 'intensity'.
Failed to find match for field 'intensity'.
Failed to find match for field 'intensity'.
Failed to find match for field 'intensity'.
Failed to find match for field 'intensity'.
Failed to find match for field 'intensity'.
Failed to find match for field 'intensity'.
Failed to find match for field 'intensity'.
Failed to find match for field 'intensity'.
Failed to find match for field 'intensity'.
Failed to find match for field 'intensity'.
Failed to find match for field 'intensity'.
Failed to find match for field 'intensity'.
Failed to find match for field 'intensity'.
Failed to find match for field 'intensity'.
Failed to find match for field 'intensity'.
Failed to find match for field 'intensity'.
Failed to find match for field 'intensity'.
Failed to find match for field 'intensity'.
Failed to find match for field 'intensity'.
Failed to find match for field 'intensity'.
Failed to find match for field 'intensity'.
Failed to find match for field 'intensity'.
Failed to find match for field 'intensity'.
Failed to find match for field 'intensity'.
Failed to find match for field 'intensity'.
Failed to find match for field 'intensity'.
Failed to find match for field 'intensity'.
Failed to find match for field 'intensity'.
Failed to find match for field 'intensity'.
Failed to find match for field 'intensity'.
Failed to find match for field 'intensity'.
Failed to find match for field 'intensity'.
Failed to find match for field 'intensity'.
Failed to find match for field 'intensity'.
Failed to find match for field 'intensity'.
Failed to find match for field 'intensity'.
Failed to find match for field 'intensity'.
Failed to find match for field 'intensity'.
Failed to find match for field 'intensity'.
Failed to find match for field 'intensity'.
Failed to find match for field 'intensity'.
Failed to find match for field 'intensity'.
Failed to find match for field 'intensity'.
Failed to find match for field 'intensity'.
Failed to find match for field 'intensity'.
Failed to find match for field 'intensity'.
Failed to find match for field 'intensity'.
Failed to find match for field 'intensity'.
Failed to find match for field 'intensity'.
Failed to find match for field 'intensity'.
Failed to find match for field 'intensity'.
Failed to find match for field 'intensity'.
Failed to find match for field 'intensity'.
Failed to find match for field 'intensity'.
Failed to find match for field 'intensity'.
Failed to find match for field 'intensity'.
Failed to find match for field 'intensity'.
Failed to find match for field 'intensity'.
Failed to find match for field 'intensity'.
Failed to find match for field 'intensity'.
Failed to find match for field 'intensity'.
Failed to find match for field 'intensity'.
Failed to find match for field 'intensity'.
Failed to find match for field 'intensity'.
Failed to find match for field 'intensity'.
Failed to find match for field 'intensity'.
Failed to find match for field 'intensity'.
Failed to find match for field 'intensity'.
Failed to find match for field 'intensity'.
Failed to find match for field 'intensity'.
Failed to find match for field 'intensity'.
Failed to find match for field 'intensity'.
Failed to find match for field 'intensity'.
Failed to find match for field 'intensity'.
Failed to find match for field 'intensity'.
Failed to find match for field 'intensity'.
Failed to find match for field 'intensity'.
Failed to find match for field 'intensity'.
Failed to find match for field 'intensity'.
Failed to find match for field 'intensity'.
Failed to find match for field 'intensity'.
Failed to find match for field 'intensity'.
Failed to find match for field 'intensity'.
Failed to find match for field 'intensity'.
Failed to find match for field 'intensity'.
Failed to find match for field 'intensity'.
Failed to find match for field 'intensity'.
Failed to find match for field 'intensity'.
Failed to find match for field 'intensity'.
Failed to find match for field 'intensity'.
Failed to find match for field 'intensity'.
Failed to find match for field 'intensity'.
Failed to find match for field 'intensity'.
Failed to find match for field 'intensity'.
Failed to find match for field 'intensity'.
Failed to find match for field 'intensity'.
Failed to find match for field 'intensity'.
Failed to find match for field 'intensity'.
Failed to find match for field 'intensity'.
Failed to find match for field 'intensity'.
Failed to find match for field 'intensity'.
Failed to find match for field 'intensity'.
Failed to find match for field 'intensity'.
Failed to find match for field 'intensity'.
Failed to find match for field 'intensity'.
Failed to find match for field 'intensity'.
Failed to find match for field 'intensity'.
Failed to find match for field 'intensity'.
Failed to find match for field 'intensity'.
Failed to find match for field 'intensity'.
Failed to find match for field 'intensity'.
Failed to find match for field 'intensity'.
Failed to find match for field 'intensity'.
Failed to find match for field 'intensity'.
Failed to find match for field 'intensity'.
Failed to find match for field 'intensity'.
Failed to find match for field 'intensity'.
Failed to find match for field 'intensity'.
Failed to find match for field 'intensity'.
Failed to find match for field 'intensity'.
Failed to find match for field 'intensity'.
Failed to find match for field 'intensity'.
Failed to find match for field 'intensity'.
Failed to find match for field 'intensity'.
Failed to find match for field 'intensity'.
Failed to find match for field 'intensity'.
Failed to find match for field 'intensity'.
Failed to find match for field 'intensity'.
Failed to find match for field 'intensity'.
Failed to find match for field 'intensity'.
Failed to find match for field 'intensity'.
Failed to find match for field 'intensity'.
Failed to find match for field 'intensity'.
Failed to find match for field 'intensity'.
Failed to find match for field 'intensity'.
Failed to find match for field 'intensity'.
Failed to find match for field 'intensity'.
Failed to find match for field 'intensity'.
Failed to find match for field 'intensity'.
Failed to find match for field 'intensity'.
Failed to find match for field 'intensity'.
Failed to find match for field 'intensity'.
Failed to find match for field 'intensity'.
Failed to find match for field 'intensity'.
Failed to find match for field 'intensity'.
Failed to find match for field 'intensity'.
Failed to find match for field 'intensity'.
Failed to find match for field 'intensity'.
Failed to find match for field 'intensity'.
Failed to find match for field 'intensity'.
Failed to find match for field 'intensity'.
Failed to find match for field 'intensity'.
Failed to find match for field 'intensity'.
Failed to find match for field 'intensity'.
Failed to find match for field 'intensity'.
Failed to find match for field 'intensity'.
Failed to find match for field 'intensity'.
Failed to find match for field 'intensity'.
Failed to find match for field 'intensity'.
Failed to find match for field 'intensity'.
Failed to find match for field 'intensity'.
Failed to find match for field 'intensity'.
Failed to find match for field 'intensity'.
Failed to find match for field 'intensity'.
Failed to find match for field 'intensity'.
Failed to find match for field 'intensity'.
Failed to find match for field 'intensity'.
Failed to find match for field 'intensity'.
Failed to find match for field 'intensity'.
Failed to find match for field 'intensity'.
Failed to find match for field 'intensity'.
Failed to find match for field 'intensity'.
Failed to find match for field 'intensity'.
Failed to find match for field 'intensity'.
Failed to find match for field 'intensity'.
Failed to find match for field 'intensity'.
Failed to find match for field 'intensity'.
Failed to find match for field 'intensity'.
Failed to find match for field 'intensity'.
Failed to find match for field 'intensity'.
Failed to find match for field 'intensity'.
Failed to find match for field 'intensity'.
Failed to find match for field 'intensity'.
Failed to find match for field 'intensity'.
Failed to find match for field 'intensity'.
Failed to find match for field 'intensity'.
Failed to find match for field 'intensity'.
Failed to find match for field 'intensity'.
Failed to find match for field 'intensity'.
Failed to find match for field 'intensity'.
Failed to find match for field 'intensity'.
Failed to find match for field 'intensity'.
Failed to find match for field 'intensity'.
Failed to find match for field 'intensity'.
Failed to find match for field 'intensity'.
Failed to find match for field 'intensity'.
Failed to find match for field 'intensity'.
Failed to find match for field 'intensity'.
Failed to find match for field 'intensity'.
Failed to find match for field 'intensity'.
Failed to find match for field 'intensity'.
Failed to find match for field 'intensity'.
Failed to find match for field 'intensity'.
Failed to find match for field 'intensity'.
Failed to find match for field 'intensity'.
Failed to find match for field 'intensity'.
Failed to find match for field 'intensity'.
Failed to find match for field 'intensity'.
Failed to find match for field 'intensity'.
Failed to find match for field 'intensity'.
Failed to find match for field 'intensity'.
Failed to find match for field 'intensity'.
Failed to find match for field 'intensity'.
Failed to find match for field 'intensity'.
Failed to find match for field 'intensity'.
Failed to find match for field 'intensity'.
Failed to find match for field 'intensity'.
Failed to find match for field 'intensity'.
Failed to find match for field 'intensity'.
Failed to find match for field 'intensity'.
Failed to find match for field 'intensity'.
Failed to find match for field 'intensity'.
Failed to find match for field 'intensity'.
Failed to find match for field 'intensity'.
Failed to find match for field 'intensity'.
Failed to find match for field 'intensity'.
Failed to find match for field 'intensity'.
Failed to find match for field 'intensity'.
Failed to find match for field 'intensity'.
Failed to find match for field 'intensity'.
Failed to find match for field 'intensity'.
Failed to find match for field 'intensity'.
Failed to find match for field 'intensity'.
Failed to find match for field 'intensity'.
Failed to find match for field 'intensity'.
Failed to find match for field 'intensity'.
Failed to find match for field 'intensity'.
Failed to find match for field 'intensity'.
Failed to find match for field 'intensity'.
Failed to find match for field 'intensity'.
Failed to find match for field 'intensity'.
Failed to find match for field 'intensity'.
Failed to find match for field 'intensity'.
Failed to find match for field 'intensity'.
Failed to find match for field 'intensity'.
Failed to find match for field 'intensity'.
Failed to find match for field 'intensity'.
Failed to find match for field 'intensity'.
Failed to find match for field 'intensity'.
Failed to find match for field 'intensity'.
Failed to find match for field 'intensity'.
Failed to find match for field 'intensity'.
Failed to find match for field 'intensity'.
Failed to find match for field 'intensity'.
Failed to find match for field 'intensity'.
Failed to find match for field 'intensity'.
Failed to find match for field 'intensity'.
Failed to find match for field 'intensity'.
Failed to find match for field 'intensity'.
Failed to find match for field 'intensity'.
Failed to find match for field 'intensity'.
Failed to find match for field 'intensity'.
Failed to find match for field 'intensity'.
Failed to find match for field 'intensity'.
Failed to find match for field 'intensity'.
Failed to find match for field 'intensity'.
Failed to find match for field 'intensity'.
Failed to find match for field 'intensity'.
Failed to find match for field 'intensity'.
Failed to find match for field 'intensity'.
Failed to find match for field 'intensity'.
Failed to find match for field 'intensity'.
Failed to find match for field 'intensity'.
Failed to find match for field 'intensity'.
Failed to find match for field 'intensity'.
Failed to find match for field 'intensity'.
Failed to find match for field 'intensity'.
Failed to find match for field 'intensity'.
Failed to find match for field 'intensity'.
Failed to find match for field 'intensity'.
Failed to find match for field 'intensity'.
Failed to find match for field 'intensity'.
Failed to find match for field 'intensity'.
Failed to find match for field 'intensity'.
Failed to find match for field 'intensity'.
Failed to find match for field 'intensity'.
Failed to find match for field 'intensity'.
Failed to find match for field 'intensity'.
Failed to find match for field 'intensity'.
Failed to find match for field 'intensity'.
Failed to find match for field 'intensity'.
Failed to find match for field 'intensity'.
Failed to find match for field 'intensity'.
Failed to find match for field 'intensity'.
Failed to find match for field 'intensity'.
Failed to find match for field 'intensity'.
Failed to find match for field 'intensity'.
Failed to find match for field 'intensity'.
Failed to find match for field 'intensity'.
Failed to find match for field 'intensity'.
Failed to find match for field 'intensity'.
Failed to find match for field 'intensity'.
Failed to find match for field 'intensity'.
Failed to find match for field 'intensity'.
Failed to find match for field 'intensity'.
Failed to find match for field 'intensity'.
Failed to find match for field 'intensity'.
Failed to find match for field 'intensity'.
Failed to find match for field 'intensity'.
Failed to find match for field 'intensity'.
Failed to find match for field 'intensity'.
Failed to find match for field 'intensity'.
Failed to find match for field 'intensity'.
Failed to find match for field 'intensity'.
Failed to find match for field 'intensity'.
Failed to find match for field 'intensity'.
Failed to find match for field 'intensity'.
Failed to find match for field 'intensity'.
Failed to find match for field 'intensity'.
Failed to find match for field 'intensity'.
Failed to find match for field 'intensity'.
Failed to find match for field 'intensity'.
Failed to find match for field 'intensity'.
Failed to find match for field 'intensity'.
Failed to find match for field 'intensity'.
Failed to find match for field 'intensity'.
Failed to find match for field 'intensity'.
Failed to find match for field 'intensity'.
Failed to find match for field 'intensity'.
Failed to find match for field 'intensity'.
Failed to find match for field 'intensity'.
Failed to find match for field 'intensity'.
Failed to find match for field 'intensity'.
Failed to find match for field 'intensity'.
Failed to find match for field 'intensity'.
Failed to find match for field 'intensity'.
Failed to find match for field 'intensity'.
Failed to find match for field 'intensity'.
Failed to find match for field 'intensity'.
Failed to find match for field 'intensity'.
Failed to find match for field 'intensity'.
Failed to find match for field 'intensity'.
Failed to find match for field 'intensity'.
Failed to find match for field 'intensity'.
Failed to find match for field 'intensity'.
Failed to find match for field 'intensity'.
Failed to find match for field 'intensity'.
Failed to find match for field 'intensity'.
Failed to find match for field 'intensity'.
Failed to find match for field 'intensity'.
Failed to find match for field 'intensity'.
Failed to find match for field 'intensity'.
Failed to find match for field 'intensity'.
Failed to find match for field 'intensity'.
Failed to find match for field 'intensity'.
Failed to find match for field 'intensity'.
Failed to find match for field 'intensity'.
Failed to find match for field 'intensity'.
Failed to find match for field 'intensity'.
Failed to find match for field 'intensity'.
Failed to find match for field 'intensity'.
Failed to find match for field 'intensity'.
Failed to find match for field 'intensity'.
Failed to find match for field 'intensity'.
Failed to find match for field 'intensity'.
Failed to find match for field 'intensity'.
Failed to find match for field 'intensity'.
Failed to find match for field 'intensity'.
Failed to find match for field 'intensity'.
Failed to find match for field 'intensity'.
Failed to find match for field 'intensity'.
Failed to find match for field 'intensity'.
Failed to find match for field 'intensity'.
Failed to find match for field 'intensity'.
Failed to find match for field 'intensity'.
Failed to find match for field 'intensity'.
Failed to find match for field 'intensity'.
Failed to find match for field 'intensity'.
Failed to find match for field 'intensity'.
Failed to find match for field 'intensity'.
Failed to find match for field 'intensity'.
Failed to find match for field 'intensity'.
Failed to find match for field 'intensity'.
Failed to find match for field 'intensity'.
Failed to find match for field 'intensity'.
Failed to find match for field 'intensity'.
Failed to find match for field 'intensity'.
Failed to find match for field 'intensity'.
Failed to find match for field 'intensity'.
Failed to find match for field 'intensity'.
Failed to find match for field 'intensity'.
Failed to find match for field 'intensity'.
Failed to find match for field 'intensity'.
Failed to find match for field 'intensity'.
Failed to find match for field 'intensity'.
Failed to find match for field 'intensity'.
Failed to find match for field 'intensity'.
Failed to find match for field 'intensity'.
Failed to find match for field 'intensity'.
Failed to find match for field 'intensity'.
Failed to find match for field 'intensity'.
Failed to find match for field 'intensity'.
Failed to find match for field 'intensity'.
Failed to find match for field 'intensity'.
Failed to find match for field 'intensity'.
Failed to find match for field 'intensity'.
Failed to find match for field 'intensity'.
Failed to find match for field 'intensity'.
Failed to find match for field 'intensity'.
Failed to find match for field 'intensity'.
Failed to find match for field 'intensity'.
Failed to find match for field 'intensity'.
Failed to find match for field 'intensity'.
Failed to find match for field 'intensity'.
Failed to find match for field 'intensity'.
Failed to find match for field 'intensity'.
Failed to find match for field 'intensity'.
Failed to find match for field 'intensity'.
Failed to find match for field 'intensity'.
Failed to find match for field 'intensity'.
Failed to find match for field 'intensity'.
Failed to find match for field 'intensity'.
Failed to find match for field 'intensity'.
Failed to find match for field 'intensity'.
Failed to find match for field 'intensity'.
Failed to find match for field 'intensity'.
Failed to find match for field 'intensity'.
Failed to find match for field 'intensity'.
Failed to find match for field 'intensity'.
Failed to find match for field 'intensity'.
Failed to find match for field 'intensity'.
Failed to find match for field 'intensity'.
Failed to find match for field 'intensity'.
Failed to find match for field 'intensity'.
Failed to find match for field 'intensity'.
Failed to find match for field 'intensity'.
Failed to find match for field 'intensity'.
Failed to find match for field 'intensity'.
Failed to find match for field 'intensity'.
Failed to find match for field 'intensity'.
Failed to find match for field 'intensity'.
Failed to find match for field 'intensity'.
Failed to find match for field 'intensity'.
Failed to find match for field 'intensity'.
Failed to find match for field 'intensity'.
Failed to find match for field 'intensity'.
Failed to find match for field 'intensity'.
Failed to find match for field 'intensity'.
Failed to find match for field 'intensity'.
Failed to find match for field 'intensity'.
Failed to find match for field 'intensity'.
Failed to find match for field 'intensity'.
Failed to find match for field 'intensity'.
Failed to find match for field 'intensity'.
Failed to find match for field 'intensity'.
Failed to find match for field 'intensity'.
Failed to find match for field 'intensity'.
Failed to find match for field 'intensity'.
Failed to find match for field 'intensity'.
Failed to find match for field 'intensity'.
Failed to find match for field 'intensity'.
Failed to find match for field 'intensity'.
Failed to find match for field 'intensity'.
Failed to find match for field 'intensity'.
Failed to find match for field 'intensity'.
Failed to find match for field 'intensity'.
Failed to find match for field 'intensity'.
Failed to find match for field 'intensity'.
Failed to find match for field 'intensity'.
Failed to find match for field 'intensity'.
Failed to find match for field 'intensity'.
Failed to find match for field 'intensity'.
Failed to find match for field 'intensity'.
Failed to find match for field 'intensity'.
Failed to find match for field 'intensity'.
Failed to find match for field 'intensity'.
Failed to find match for field 'intensity'.
Failed to find match for field 'intensity'.
Failed to find match for field 'intensity'.
Failed to find match for field 'intensity'.
Failed to find match for field 'intensity'.
Failed to find match for field 'intensity'.
Failed to find match for field 'intensity'.
Failed to find match for field 'intensity'.
Failed to find match for field 'intensity'.
Failed to find match for field 'intensity'.
Failed to find match for field 'intensity'.
Failed to find match for field 'intensity'.
Failed to find match for field 'intensity'.
Failed to find match for field 'intensity'.
Failed to find match for field 'intensity'.
Failed to find match for field 'intensity'.
Failed to find match for field 'intensity'.
Failed to find match for field 'intensity'.
Failed to find match for field 'intensity'.
Failed to find match for field 'intensity'.
Failed to find match for field 'intensity'.
Failed to find match for field 'intensity'.
Failed to find match for field 'intensity'.
Failed to find match for field 'intensity'.
Failed to find match for field 'intensity'.
Failed to find match for field 'intensity'.
Failed to find match for field 'intensity'.
Failed to find match for field 'intensity'.
Failed to find match for field 'intensity'.
Failed to find match for field 'intensity'.
Failed to find match for field 'intensity'.
Failed to find match for field 'intensity'.
Failed to find match for field 'intensity'.
Failed to find match for field 'intensity'.
Failed to find match for field 'intensity'.
Failed to find match for field 'intensity'.
Failed to find match for field 'intensity'.
Failed to find match for field 'intensity'.
Failed to find match for field 'intensity'.
Failed to find match for field 'intensity'.
Failed to find match for field 'intensity'.
Failed to find match for field 'intensity'.
Failed to find match for field 'intensity'.
Failed to find match for field 'intensity'.
Failed to find match for field 'intensity'.
Failed to find match for field 'intensity'.
Failed to find match for field 'intensity'.
Failed to find match for field 'intensity'.
Failed to find match for field 'intensity'.
Failed to find match for field 'intensity'.
Failed to find match for field 'intensity'.
Failed to find match for field 'intensity'.
Failed to find match for field 'intensity'.
Failed to find match for field 'intensity'.
Failed to find match for field 'intensity'.
Failed to find match for field 'intensity'.
Failed to find match for field 'intensity'.
Failed to find match for field 'intensity'.
Failed to find match for field 'intensity'.
Failed to find match for field 'intensity'.
Failed to find match for field 'intensity'.
Failed to find match for field 'intensity'.
Failed to find match for field 'intensity'.
Failed to find match for field 'intensity'.
Failed to find match for field 'intensity'.
Failed to find match for field 'intensity'.
Failed to find match for field 'intensity'.
Failed to find match for field 'intensity'.
Failed to find match for field 'intensity'.
Failed to find match for field 'intensity'.
Failed to find match for field 'intensity'.
Failed to find match for field 'intensity'.
Failed to find match for field 'intensity'.
Failed to find match for field 'intensity'.
Failed to find match for field 'intensity'.
Failed to find match for field 'intensity'.
Failed to find match for field 'intensity'.
Failed to find match for field 'intensity'.
Failed to find match for field 'intensity'.
Failed to find match for field 'intensity'.
Failed to find match for field 'intensity'.
Failed to find match for field 'intensity'.
Failed to find match for field 'intensity'.
Failed to find match for field 'intensity'.
Failed to find match for field 'intensity'.
Failed to find match for field 'intensity'.
Failed to find match for field 'intensity'.
Failed to find match for field 'intensity'.
Failed to find match for field 'intensity'.
Failed to find match for field 'intensity'.
Failed to find match for field 'intensity'.
Failed to find match for field 'intensity'.
Failed to find match for field 'intensity'.
Failed to find match for field 'intensity'.
Failed to find match for field 'intensity'.
Failed to find match for field 'intensity'.
Failed to find match for field 'intensity'.
Failed to find match for field 'intensity'.
Failed to find match for field 'intensity'.
Failed to find match for field 'intensity'.
Failed to find match for field 'intensity'.
Failed to find match for field 'intensity'.
Failed to find match for field 'intensity'.
Failed to find match for field 'intensity'.
Failed to find match for field 'intensity'.
Failed to find match for field 'intensity'.
Failed to find match for field 'intensity'.
Failed to find match for field 'intensity'.
Failed to find match for field 'intensity'.
Failed to find match for field 'intensity'.
Failed to find match for field 'intensity'.
Failed to find match for field 'intensity'.
Failed to find match for field 'intensity'.
Failed to find match for field 'intensity'.
Failed to find match for field 'intensity'.
Failed to find match for field 'intensity'.
Failed to find match for field 'intensity'.
Failed to find match for field 'intensity'.
Failed to find match for field 'intensity'.
Failed to find match for field 'intensity'.
Failed to find match for field 'intensity'.
Failed to find match for field 'intensity'.
Failed to find match for field 'intensity'.
Failed to find match for field 'intensity'.
Failed to find match for field 'intensity'.
Failed to find match for field 'intensity'.
Failed to find match for field 'intensity'.
Failed to find match for field 'intensity'.
Failed to find match for field 'intensity'.
Failed to find match for field 'intensity'.
Failed to find match for field 'intensity'.
Failed to find match for field 'intensity'.
Failed to find match for field 'intensity'.
Failed to find match for field 'intensity'.
Failed to find match for field 'intensity'.
Failed to find match for field 'intensity'.
Failed to find match for field 'intensity'.
Failed to find match for field 'intensity'.
Failed to find match for field 'intensity'.
Failed to find match for field 'intensity'.
Failed to find match for field 'intensity'.
Failed to find match for field 'intensity'.
Failed to find match for field 'intensity'.
Failed to find match for field 'intensity'.
Failed to find match for field 'intensity'.
Failed to find match for field 'intensity'.
Failed to find match for field 'intensity'.
Failed to find match for field 'intensity'.
Failed to find match for field 'intensity'.
Failed to find match for field 'intensity'.
Failed to find match for field 'intensity'.
Failed to find match for field 'intensity'.
Failed to find match for field 'intensity'.
Failed to find match for field 'intensity'.
Failed to find match for field 'intensity'.
Failed to find match for field 'intensity'.
Failed to find match for field 'intensity'.
Failed to find match for field 'intensity'.
Failed to find match for field 'intensity'.
Failed to find match for field 'intensity'.
Failed to find match for field 'intensity'.
Failed to find match for field 'intensity'.
Failed to find match for field 'intensity'.
Failed to find match for field 'intensity'.
Failed to find match for field 'intensity'.
Failed to find match for field 'intensity'.
Failed to find match for field 'intensity'.
Failed to find match for field 'intensity'.
Failed to find match for field 'intensity'.
Failed to find match for field 'intensity'.
Failed to find match for field 'intensity'.
Failed to find match for field 'intensity'.
Failed to find match for field 'intensity'.
Failed to find match for field 'intensity'.
Failed to find match for field 'intensity'.
Failed to find match for field 'intensity'.
Failed to find match for field 'intensity'.
Failed to find match for field 'intensity'.
Failed to find match for field 'intensity'.
Failed to find match for field 'intensity'.
Failed to find match for field 'intensity'.
Failed to find match for field 'intensity'.
Failed to find match for field 'intensity'.
Failed to find match for field 'intensity'.
Failed to find match for field 'intensity'.
Failed to find match for field 'intensity'.
Failed to find match for field 'intensity'.
Failed to find match for field 'intensity'.
Failed to find match for field 'intensity'.
Failed to find match for field 'intensity'.
Failed to find match for field 'intensity'.
Failed to find match for field 'intensity'.
Failed to find match for field 'intensity'.
Failed to find match for field 'intensity'.
Failed to find match for field 'intensity'.
Failed to find match for field 'intensity'.
Failed to find match for field 'intensity'.
Failed to find match for field 'intensity'.
Failed to find match for field 'intensity'.
Failed to find match for field 'intensity'.
Failed to find match for field 'intensity'.
Failed to find match for field 'intensity'.
Failed to find match for field 'intensity'.
Failed to find match for field 'intensity'.
Failed to find match for field 'intensity'.
Failed to find match for field 'intensity'.
Failed to find match for field 'intensity'.
Failed to find match for field 'intensity'.
Failed to find match for field 'intensity'.
Failed to find match for field 'intensity'.
Failed to find match for field 'intensity'.
Failed to find match for field 'intensity'.
Failed to find match for field 'intensity'.
Failed to find match for field 'intensity'.
Failed to find match for field 'intensity'.
Failed to find match for field 'intensity'.
Failed to find match for field 'intensity'.
Failed to find match for field 'intensity'.
Failed to find match for field 'intensity'.
Failed to find match for field 'intensity'.
Failed to find match for field 'intensity'.
Failed to find match for field 'intensity'.
Failed to find match for field 'intensity'.
Failed to find match for field 'intensity'.
Failed to find match for field 'intensity'.
Failed to find match for field 'intensity'.
Failed to find match for field 'intensity'.
Failed to find match for field 'intensity'.
Failed to find match for field 'intensity'.
Failed to find match for field 'intensity'.
Failed to find match for field 'intensity'.
Failed to find match for field 'intensity'.
Failed to find match for field 'intensity'.
Failed to find match for field 'intensity'.
Failed to find match for field 'intensity'.
Failed to find match for field 'intensity'.
Failed to find match for field 'intensity'.
Failed to find match for field 'intensity'.
Failed to find match for field 'intensity'.
Failed to find match for field 'intensity'.
Failed to find match for field 'intensity'.
Failed to find match for field 'intensity'.
Failed to find match for field 'intensity'.
Failed to find match for field 'intensity'.
Failed to find match for field 'intensity'.
Failed to find match for field 'intensity'.
Failed to find match for field 'intensity'.
Failed to find match for field 'intensity'.
Failed to find match for field 'intensity'.
Failed to find match for field 'intensity'.
Failed to find match for field 'intensity'.
Failed to find match for field 'intensity'.
Failed to find match for field 'intensity'.
Failed to find match for field 'intensity'.
Failed to find match for field 'intensity'.
Failed to find match for field 'intensity'.
Failed to find match for field 'intensity'.
Failed to find match for field 'intensity'.
Failed to find match for field 'intensity'.
Failed to find match for field 'intensity'.
Failed to find match for field 'intensity'.
Failed to find match for field 'intensity'.
Failed to find match for field 'intensity'.
Failed to find match for field 'intensity'.
Failed to find match for field 'intensity'.
Failed to find match for field 'intensity'.
Failed to find match for field 'intensity'.
Failed to find match for field 'intensity'.
Failed to find match for field 'intensity'.
Failed to find match for field 'intensity'.
Failed to find match for field 'intensity'.
Failed to find match for field 'intensity'.
Failed to find match for field 'intensity'.
Failed to find match for field 'intensity'.
Failed to find match for field 'intensity'.
Failed to find match for field 'intensity'.
Failed to find match for field 'intensity'.
Failed to find match for field 'intensity'.
Failed to find match for field 'intensity'.
Failed to find match for field 'intensity'.
Failed to find match for field 'intensity'.
Failed to find match for field 'intensity'.
Failed to find match for field 'intensity'.
Failed to find match for field 'intensity'.
Failed to find match for field 'intensity'.
Failed to find match for field 'intensity'.
Failed to find match for field 'intensity'.
Failed to find match for field 'intensity'.
Failed to find match for field 'intensity'.
Failed to find match for field 'intensity'.
Failed to find match for field 'intensity'.
Failed to find match for field 'intensity'.
Failed to find match for field 'intensity'.
Failed to find match for field 'intensity'.
Failed to find match for field 'intensity'.
Failed to find match for field 'intensity'.
Failed to find match for field 'intensity'.
Failed to find match for field 'intensity'.
Failed to find match for field 'intensity'.
Failed to find match for field 'intensity'.
Failed to find match for field 'intensity'.
Failed to find match for field 'intensity'.
Failed to find match for field 'intensity'.
Failed to find match for field 'intensity'.
Failed to find match for field 'intensity'.
Failed to find match for field 'intensity'.
Failed to find match for field 'intensity'.
Failed to find match for field 'intensity'.
Failed to find match for field 'intensity'.
Failed to find match for field 'intensity'.
Failed to find match for field 'intensity'.
Failed to find match for field 'intensity'.
Failed to find match for field 'intensity'.
Failed to find match for field 'intensity'.
Failed to find match for field 'intensity'.
Failed to find match for field 'intensity'.
Failed to find match for field 'intensity'.
Failed to find match for field 'intensity'.
Failed to find match for field 'intensity'.
Failed to find match for field 'intensity'.
Failed to find match for field 'intensity'.
Failed to find match for field 'intensity'.
Failed to find match for field 'intensity'.
Failed to find match for field 'intensity'.
Failed to find match for field 'intensity'.
Failed to find match for field 'intensity'.
Failed to find match for field 'intensity'.
Failed to find match for field 'intensity'.
Failed to find match for field 'intensity'.
Failed to find match for field 'intensity'.
Failed to find match for field 'intensity'.
Failed to find match for field 'intensity'.
Failed to find match for field 'intensity'.
Failed to find match for field 'intensity'.
Failed to find match for field 'intensity'.
Failed to find match for field 'intensity'.
Failed to find match for field 'intensity'.
Failed to find match for field 'intensity'.
Failed to find match for field 'intensity'.
Failed to find match for field 'intensity'.
Failed to find match for field 'intensity'.
Failed to find match for field 'intensity'.
Failed to find match for field 'intensity'.
Failed to find match for field 'intensity'.
Failed to find match for field 'intensity'.
Failed to find match for field 'intensity'.
Failed to find match for field 'intensity'.
Failed to find match for field 'intensity'.
Failed to find match for field 'intensity'.
Failed to find match for field 'intensity'.
Failed to find match for field 'intensity'.
Failed to find match for field 'intensity'.
Failed to find match for field 'intensity'.
Failed to find match for field 'intensity'.
Failed to find match for field 'intensity'.
Failed to find match for field 'intensity'.
Failed to find match for field 'intensity'.
Failed to find match for field 'intensity'.
Failed to find match for field 'intensity'.
Failed to find match for field 'intensity'.
Failed to find match for field 'intensity'.
Failed to find match for field 'intensity'.
Failed to find match for field 'intensity'.
Failed to find match for field 'intensity'.
Failed to find match for field 'intensity'.
Failed to find match for field 'intensity'.
Failed to find match for field 'intensity'.
Failed to find match for field 'intensity'.
Failed to find match for field 'intensity'.
Failed to find match for field 'intensity'.
Failed to find match for field 'intensity'.
Failed to find match for field 'intensity'.
Failed to find match for field 'intensity'.
Failed to find match for field 'intensity'.
Failed to find match for field 'intensity'.
Failed to find match for field 'intensity'.
Failed to find match for field 'intensity'.
Failed to find match for field 'intensity'.
Failed to find match for field 'intensity'.
Failed to find match for field 'intensity'.
Failed to find match for field 'intensity'.
Failed to find match for field 'intensity'.
Failed to find match for field 'intensity'.
Failed to find match for field 'intensity'.
Failed to find match for field 'intensity'.
Failed to find match for field 'intensity'.
Failed to find match for field 'intensity'.
Failed to find match for field 'intensity'.
Failed to find match for field 'intensity'.
[14:02:11.764] [debug]   收集 IMU [/arco/idmind_imu/imu] 帧数: 10000
Failed to find match for field 'intensity'.
Failed to find match for field 'intensity'.
Failed to find match for field 'intensity'.
Failed to find match for field 'intensity'.
Failed to find match for field 'intensity'.
Failed to find match for field 'intensity'.
Failed to find match for field 'intensity'.
Failed to find match for field 'intensity'.
Failed to find match for field 'intensity'.
Failed to find match for field 'intensity'.
Failed to find match for field 'intensity'.
Failed to find match for field 'intensity'.
Failed to find match for field 'intensity'.
Failed to find match for field 'intensity'.
Failed to find match for field 'intensity'.
Failed to find match for field 'intensity'.
Failed to find match for field 'intensity'.
Failed to find match for field 'intensity'.
Failed to find match for field 'intensity'.
Failed to find match for field 'intensity'.
Failed to find match for field 'intensity'.
Failed to find match for field 'intensity'.
Failed to find match for field 'intensity'.
Failed to find match for field 'intensity'.
Failed to find match for field 'intensity'.
Failed to find match for field 'intensity'.
Failed to find match for field 'intensity'.
Failed to find match for field 'intensity'.
Failed to find match for field 'intensity'.
Failed to find match for field 'intensity'.
Failed to find match for field 'intensity'.
Failed to find match for field 'intensity'.
Failed to find match for field 'intensity'.
Failed to find match for field 'intensity'.
Failed to find match for field 'intensity'.
Failed to find match for field 'intensity'.
Failed to find match for field 'intensity'.
Failed to find match for field 'intensity'.
Failed to find match for field 'intensity'.
Failed to find match for field 'intensity'.
Failed to find match for field 'intensity'.
Failed to find match for field 'intensity'.
Failed to find match for field 'intensity'.
Failed to find match for field 'intensity'.
Failed to find match for field 'intensity'.
Failed to find match for field 'intensity'.
Failed to find match for field 'intensity'.
Failed to find match for field 'intensity'.
Failed to find match for field 'intensity'.
Failed to find match for field 'intensity'.
Failed to find match for field 'intensity'.
Failed to find match for field 'intensity'.
Failed to find match for field 'intensity'.
Failed to find match for field 'intensity'.
Failed to find match for field 'intensity'.
Failed to find match for field 'intensity'.
Failed to find match for field 'intensity'.
Failed to find match for field 'intensity'.
Failed to find match for field 'intensity'.
Failed to find match for field 'intensity'.
Failed to find match for field 'intensity'.
Failed to find match for field 'intensity'.
Failed to find match for field 'intensity'.
Failed to find match for field 'intensity'.
Failed to find match for field 'intensity'.
Failed to find match for field 'intensity'.
Failed to find match for field 'intensity'.
Failed to find match for field 'intensity'.
Failed to find match for field 'intensity'.
Failed to find match for field 'intensity'.
Failed to find match for field 'intensity'.
Failed to find match for field 'intensity'.
Failed to find match for field 'intensity'.
Failed to find match for field 'intensity'.
Failed to find match for field 'intensity'.
Failed to find match for field 'intensity'.
Failed to find match for field 'intensity'.
Failed to find match for field 'intensity'.
Failed to find match for field 'intensity'.
Failed to find match for field 'intensity'.
Failed to find match for field 'intensity'.
Failed to find match for field 'intensity'.
Failed to find match for field 'intensity'.
Failed to find match for field 'intensity'.
Failed to find match for field 'intensity'.
Failed to find match for field 'intensity'.
Failed to find match for field 'intensity'.
Failed to find match for field 'intensity'.
Failed to find match for field 'intensity'.
Failed to find match for field 'intensity'.
Failed to find match for field 'intensity'.
Failed to find match for field 'intensity'.
Failed to find match for field 'intensity'.
Failed to find match for field 'intensity'.
Failed to find match for field 'intensity'.
Failed to find match for field 'intensity'.
Failed to find match for field 'intensity'.
Failed to find match for field 'intensity'.
Failed to find match for field 'intensity'.
Failed to find match for field 'intensity'.
Failed to find match for field 'intensity'.
Failed to find match for field 'intensity'.
Failed to find match for field 'intensity'.
Failed to find match for field 'intensity'.
Failed to find match for field 'intensity'.
Failed to find match for field 'intensity'.
Failed to find match for field 'intensity'.
Failed to find match for field 'intensity'.
Failed to find match for field 'intensity'.
Failed to find match for field 'intensity'.
Failed to find match for field 'intensity'.
Failed to find match for field 'intensity'.
Failed to find match for field 'intensity'.
Failed to find match for field 'intensity'.
Failed to find match for field 'intensity'.
Failed to find match for field 'intensity'.
Failed to find match for field 'intensity'.
Failed to find match for field 'intensity'.
Failed to find match for field 'intensity'.
Failed to find match for field 'intensity'.
Failed to find match for field 'intensity'.
Failed to find match for field 'intensity'.
Failed to find match for field 'intensity'.
[14:02:11.815] [debug]   收集 LiDAR [/PointCloudObject] 帧数: 3000
Failed to find match for field 'intensity'.
[14:02:11.815] [debug]   收集 LiDAR [/PointCloudDetection] 帧数: 3000
[14:02:11.815] [debug]   收集 IMU [/ouster/imu] 帧数: 15000
Failed to find match for field 'intensity'.
Failed to find match for field 'intensity'.
Failed to find match for field 'intensity'.
Failed to find match for field 'intensity'.
Failed to find match for field 'intensity'.
Failed to find match for field 'intensity'.
Failed to find match for field 'intensity'.
Failed to find match for field 'intensity'.
Failed to find match for field 'intensity'.
Failed to find match for field 'intensity'.
Failed to find match for field 'intensity'.
Failed to find match for field 'intensity'.
Failed to find match for field 'intensity'.
Failed to find match for field 'intensity'.
Failed to find match for field 'intensity'.
Failed to find match for field 'intensity'.
Failed to find match for field 'intensity'.
Failed to find match for field 'intensity'.
Failed to find match for field 'intensity'.
Failed to find match for field 'intensity'.
Failed to find match for field 'intensity'.
Failed to find match for field 'intensity'.
Failed to find match for field 'intensity'.
Failed to find match for field 'intensity'.
Failed to find match for field 'intensity'.
Failed to find match for field 'intensity'.
Failed to find match for field 'intensity'.
Failed to find match for field 'intensity'.
Failed to find match for field 'intensity'.
Failed to find match for field 'intensity'.
Failed to find match for field 'intensity'.
Failed to find match for field 'intensity'.
Failed to find match for field 'intensity'.
Failed to find match for field 'intensity'.
Failed to find match for field 'intensity'.
Failed to find match for field 'intensity'.
Failed to find match for field 'intensity'.
Failed to find match for field 'intensity'.
Failed to find match for field 'intensity'.
Failed to find match for field 'intensity'.
Failed to find match for field 'intensity'.
Failed to find match for field 'intensity'.
Failed to find match for field 'intensity'.
Failed to find match for field 'intensity'.
Failed to find match for field 'intensity'.
Failed to find match for field 'intensity'.
Failed to find match for field 'intensity'.
Failed to find match for field 'intensity'.
Failed to find match for field 'intensity'.
Failed to find match for field 'intensity'.
Failed to find match for field 'intensity'.
Failed to find match for field 'intensity'.
Failed to find match for field 'intensity'.
Failed to find match for field 'intensity'.
Failed to find match for field 'intensity'.
Failed to find match for field 'intensity'.
Failed to find match for field 'intensity'.
Failed to find match for field 'intensity'.
Failed to find match for field 'intensity'.
Failed to find match for field 'intensity'.
Failed to find match for field 'intensity'.
Failed to find match for field 'intensity'.
Failed to find match for field 'intensity'.
Failed to find match for field 'intensity'.
Failed to find match for field 'intensity'.
Failed to find match for field 'intensity'.
Failed to find match for field 'intensity'.
Failed to find match for field 'intensity'.
Failed to find match for field 'intensity'.
Failed to find match for field 'intensity'.
Failed to find match for field 'intensity'.
Failed to find match for field 'intensity'.
Failed to find match for field 'intensity'.
Failed to find match for field 'intensity'.
Failed to find match for field 'intensity'.
Failed to find match for field 'intensity'.
Failed to find match for field 'intensity'.
Failed to find match for field 'intensity'.
Failed to find match for field 'intensity'.
Failed to find match for field 'intensity'.
Failed to find match for field 'intensity'.
Failed to find match for field 'intensity'.
Failed to find match for field 'intensity'.
Failed to find match for field 'intensity'.
Failed to find match for field 'intensity'.
Failed to find match for field 'intensity'.
Failed to find match for field 'intensity'.
Failed to find match for field 'intensity'.
Failed to find match for field 'intensity'.
Failed to find match for field 'intensity'.
Failed to find match for field 'intensity'.
Failed to find match for field 'intensity'.
Failed to find match for field 'intensity'.
Failed to find match for field 'intensity'.
Failed to find match for field 'intensity'.
Failed to find match for field 'intensity'.
Failed to find match for field 'intensity'.
Failed to find match for field 'intensity'.
Failed to find match for field 'intensity'.
Failed to find match for field 'intensity'.
Failed to find match for field 'intensity'.
Failed to find match for field 'intensity'.
Failed to find match for field 'intensity'.
Failed to find match for field 'intensity'.
Failed to find match for field 'intensity'.
Failed to find match for field 'intensity'.
Failed to find match for field 'intensity'.
Failed to find match for field 'intensity'.
Failed to find match for field 'intensity'.
Failed to find match for field 'intensity'.
Failed to find match for field 'intensity'.
Failed to find match for field 'intensity'.
Failed to find match for field 'intensity'.
Failed to find match for field 'intensity'.
Failed to find match for field 'intensity'.
Failed to find match for field 'intensity'.
Failed to find match for field 'intensity'.
Failed to find match for field 'intensity'.
Failed to find match for field 'intensity'.
Failed to find match for field 'intensity'.
Failed to find match for field 'intensity'.
Failed to find match for field 'intensity'.
Failed to find match for field 'intensity'.
Failed to find match for field 'intensity'.
Failed to find match for field 'intensity'.
Failed to find match for field 'intensity'.
Failed to find match for field 'intensity'.
Failed to find match for field 'intensity'.
Failed to find match for field 'intensity'.
Failed to find match for field 'intensity'.
Failed to find match for field 'intensity'.
Failed to find match for field 'intensity'.
Failed to find match for field 'intensity'.
Failed to find match for field 'intensity'.
Failed to find match for field 'intensity'.
Failed to find match for field 'intensity'.
Failed to find match for field 'intensity'.
Failed to find match for field 'intensity'.
Failed to find match for field 'intensity'.
Failed to find match for field 'intensity'.
Failed to find match for field 'intensity'.
Failed to find match for field 'intensity'.
Failed to find match for field 'intensity'.
Failed to find match for field 'intensity'.
Failed to find match for field 'intensity'.
Failed to find match for field 'intensity'.
Failed to find match for field 'intensity'.
Failed to find match for field 'intensity'.
Failed to find match for field 'intensity'.
Failed to find match for field 'intensity'.
Failed to find match for field 'intensity'.
Failed to find match for field 'intensity'.
Failed to find match for field 'intensity'.
Failed to find match for field 'intensity'.
Failed to find match for field 'intensity'.
Failed to find match for field 'intensity'.
Failed to find match for field 'intensity'.
Failed to find match for field 'intensity'.
Failed to find match for field 'intensity'.
Failed to find match for field 'intensity'.
Failed to find match for field 'intensity'.
Failed to find match for field 'intensity'.
Failed to find match for field 'intensity'.
Failed to find match for field 'intensity'.
Failed to find match for field 'intensity'.
Failed to find match for field 'intensity'.
Failed to find match for field 'intensity'.
Failed to find match for field 'intensity'.
Failed to find match for field 'intensity'.
Failed to find match for field 'intensity'.
Failed to find match for field 'intensity'.
Failed to find match for field 'intensity'.
Failed to find match for field 'intensity'.
Failed to find match for field 'intensity'.
Failed to find match for field 'intensity'.
Failed to find match for field 'intensity'.
Failed to find match for field 'intensity'.
Failed to find match for field 'intensity'.
Failed to find match for field 'intensity'.
Failed to find match for field 'intensity'.
Failed to find match for field 'intensity'.
Failed to find match for field 'intensity'.
Failed to find match for field 'intensity'.
Failed to find match for field 'intensity'.
Failed to find match for field 'intensity'.
Failed to find match for field 'intensity'.
Failed to find match for field 'intensity'.
Failed to find match for field 'intensity'.
Failed to find match for field 'intensity'.
Failed to find match for field 'intensity'.
Failed to find match for field 'intensity'.
Failed to find match for field 'intensity'.
Failed to find match for field 'intensity'.
Failed to find match for field 'intensity'.
Failed to find match for field 'intensity'.
Failed to find match for field 'intensity'.
Failed to find match for field 'intensity'.
Failed to find match for field 'intensity'.
Failed to find match for field 'intensity'.
Failed to find match for field 'intensity'.
Failed to find match for field 'intensity'.
Failed to find match for field 'intensity'.
Failed to find match for field 'intensity'.
Failed to find match for field 'intensity'.
Failed to find match for field 'intensity'.
Failed to find match for field 'intensity'.
Failed to find match for field 'intensity'.
Failed to find match for field 'intensity'.
Failed to find match for field 'intensity'.
Failed to find match for field 'intensity'.
Failed to find match for field 'intensity'.
Failed to find match for field 'intensity'.
[14:02:11.888] [debug]   收集 LiDAR [/ouster/points] 帧数: 1500
Failed to find match for field 'intensity'.
Failed to find match for field 'intensity'.
Failed to find match for field 'intensity'.
Failed to find match for field 'intensity'.
Failed to find match for field 'intensity'.
Failed to find match for field 'intensity'.
Failed to find match for field 'intensity'.
Failed to find match for field 'intensity'.
Failed to find match for field 'intensity'.
Failed to find match for field 'intensity'.
Failed to find match for field 'intensity'.
Failed to find match for field 'intensity'.
Failed to find match for field 'intensity'.
Failed to find match for field 'intensity'.
Failed to find match for field 'intensity'.
Failed to find match for field 'intensity'.
Failed to find match for field 'intensity'.
Failed to find match for field 'intensity'.
Failed to find match for field 'intensity'.
Failed to find match for field 'intensity'.
Failed to find match for field 'intensity'.
Failed to find match for field 'intensity'.
Failed to find match for field 'intensity'.
Failed to find match for field 'intensity'.
Failed to find match for field 'intensity'.
Failed to find match for field 'intensity'.
Failed to find match for field 'intensity'.
Failed to find match for field 'intensity'.
Failed to find match for field 'intensity'.
Failed to find match for field 'intensity'.
Failed to find match for field 'intensity'.
Failed to find match for field 'intensity'.
Failed to find match for field 'intensity'.
Failed to find match for field 'intensity'.
Failed to find match for field 'intensity'.
Failed to find match for field 'intensity'.
Failed to find match for field 'intensity'.
Failed to find match for field 'intensity'.
Failed to find match for field 'intensity'.
Failed to find match for field 'intensity'.
Failed to find match for field 'intensity'.
Failed to find match for field 'intensity'.
Failed to find match for field 'intensity'.
Failed to find match for field 'intensity'.
Failed to find match for field 'intensity'.
Failed to find match for field 'intensity'.
Failed to find match for field 'intensity'.
Failed to find match for field 'intensity'.
Failed to find match for field 'intensity'.
Failed to find match for field 'intensity'.
Failed to find match for field 'intensity'.
Failed to find match for field 'intensity'.
Failed to find match for field 'intensity'.
Failed to find match for field 'intensity'.
Failed to find match for field 'intensity'.
Failed to find match for field 'intensity'.
Failed to find match for field 'intensity'.
Failed to find match for field 'intensity'.
Failed to find match for field 'intensity'.
Failed to find match for field 'intensity'.
Failed to find match for field 'intensity'.
Failed to find match for field 'intensity'.
Failed to find match for field 'intensity'.
Failed to find match for field 'intensity'.
Failed to find match for field 'intensity'.
Failed to find match for field 'intensity'.
Failed to find match for field 'intensity'.
Failed to find match for field 'intensity'.
Failed to find match for field 'intensity'.
Failed to find match for field 'intensity'.
Failed to find match for field 'intensity'.
Failed to find match for field 'intensity'.
Failed to find match for field 'intensity'.
Failed to find match for field 'intensity'.
Failed to find match for field 'intensity'.
Failed to find match for field 'intensity'.
Failed to find match for field 'intensity'.
Failed to find match for field 'intensity'.
Failed to find match for field 'intensity'.
Failed to find match for field 'intensity'.
Failed to find match for field 'intensity'.
Failed to find match for field 'intensity'.
Failed to find match for field 'intensity'.
Failed to find match for field 'intensity'.
Failed to find match for field 'intensity'.
Failed to find match for field 'intensity'.
Failed to find match for field 'intensity'.
Failed to find match for field 'intensity'.
Failed to find match for field 'intensity'.
Failed to find match for field 'intensity'.
Failed to find match for field 'intensity'.
Failed to find match for field 'intensity'.
Failed to find match for field 'intensity'.
Failed to find match for field 'intensity'.
Failed to find match for field 'intensity'.
Failed to find match for field 'intensity'.
Failed to find match for field 'intensity'.
Failed to find match for field 'intensity'.
Failed to find match for field 'intensity'.
Failed to find match for field 'intensity'.
Failed to find match for field 'intensity'.
Failed to find match for field 'intensity'.
Failed to find match for field 'intensity'.
Failed to find match for field 'intensity'.
Failed to find match for field 'intensity'.
Failed to find match for field 'intensity'.
Failed to find match for field 'intensity'.
Failed to find match for field 'intensity'.
Failed to find match for field 'intensity'.
Failed to find match for field 'intensity'.
Failed to find match for field 'intensity'.
Failed to find match for field 'intensity'.
Failed to find match for field 'intensity'.
Failed to find match for field 'intensity'.
Failed to find match for field 'intensity'.
Failed to find match for field 'intensity'.
Failed to find match for field 'intensity'.
Failed to find match for field 'intensity'.
Failed to find match for field 'intensity'.
Failed to find match for field 'intensity'.
Failed to find match for field 'intensity'.
Failed to find match for field 'intensity'.
Failed to find match for field 'intensity'.
Failed to find match for field 'intensity'.
Failed to find match for field 'intensity'.
Failed to find match for field 'intensity'.
Failed to find match for field 'intensity'.
Failed to find match for field 'intensity'.
Failed to find match for field 'intensity'.
Failed to find match for field 'intensity'.
Failed to find match for field 'intensity'.
Failed to find match for field 'intensity'.
Failed to find match for field 'intensity'.
Failed to find match for field 'intensity'.
Failed to find match for field 'intensity'.
Failed to find match for field 'intensity'.
Failed to find match for field 'intensity'.
Failed to find match for field 'intensity'.
Failed to find match for field 'intensity'.
Failed to find match for field 'intensity'.
Failed to find match for field 'intensity'.
Failed to find match for field 'intensity'.
Failed to find match for field 'intensity'.
Failed to find match for field 'intensity'.
Failed to find match for field 'intensity'.
Failed to find match for field 'intensity'.
Failed to find match for field 'intensity'.
Failed to find match for field 'intensity'.
Failed to find match for field 'intensity'.
Failed to find match for field 'intensity'.
Failed to find match for field 'intensity'.
Failed to find match for field 'intensity'.
Failed to find match for field 'intensity'.
Failed to find match for field 'intensity'.
Failed to find match for field 'intensity'.
Failed to find match for field 'intensity'.
Failed to find match for field 'intensity'.
Failed to find match for field 'intensity'.
Failed to find match for field 'intensity'.
Failed to find match for field 'intensity'.
Failed to find match for field 'intensity'.
Failed to find match for field 'intensity'.
Failed to find match for field 'intensity'.
Failed to find match for field 'intensity'.
Failed to find match for field 'intensity'.
Failed to find match for field 'intensity'.
Failed to find match for field 'intensity'.
Failed to find match for field 'intensity'.
Failed to find match for field 'intensity'.
Failed to find match for field 'intensity'.
Failed to find match for field 'intensity'.
Failed to find match for field 'intensity'.
Failed to find match for field 'intensity'.
Failed to find match for field 'intensity'.
Failed to find match for field 'intensity'.
Failed to find match for field 'intensity'.
Failed to find match for field 'intensity'.
Failed to find match for field 'intensity'.
Failed to find match for field 'intensity'.
Failed to find match for field 'intensity'.
Failed to find match for field 'intensity'.
Failed to find match for field 'intensity'.
Failed to find match for field 'intensity'.
Failed to find match for field 'intensity'.
Failed to find match for field 'intensity'.
Failed to find match for field 'intensity'.
Failed to find match for field 'intensity'.
Failed to find match for field 'intensity'.
Failed to find match for field 'intensity'.
Failed to find match for field 'intensity'.
Failed to find match for field 'intensity'.
Failed to find match for field 'intensity'.
Failed to find match for field 'intensity'.
Failed to find match for field 'intensity'.
Failed to find match for field 'intensity'.
Failed to find match for field 'intensity'.
Failed to find match for field 'intensity'.
Failed to find match for field 'intensity'.
Failed to find match for field 'intensity'.
Failed to find match for field 'intensity'.
Failed to find match for field 'intensity'.
Failed to find match for field 'intensity'.
Failed to find match for field 'intensity'.
Failed to find match for field 'intensity'.
Failed to find match for field 'intensity'.
Failed to find match for field 'intensity'.
Failed to find match for field 'intensity'.
Failed to find match for field 'intensity'.
Failed to find match for field 'intensity'.
Failed to find match for field 'intensity'.
Failed to find match for field 'intensity'.
Failed to find match for field 'intensity'.
Failed to find match for field 'intensity'.
Failed to find match for field 'intensity'.
Failed to find match for field 'intensity'.
Failed to find match for field 'intensity'.
Failed to find match for field 'intensity'.
Failed to find match for field 'intensity'.
Failed to find match for field 'intensity'.
Failed to find match for field 'intensity'.
Failed to find match for field 'intensity'.
Failed to find match for field 'intensity'.
Failed to find match for field 'intensity'.
Failed to find match for field 'intensity'.
Failed to find match for field 'intensity'.
Failed to find match for field 'intensity'.
Failed to find match for field 'intensity'.
Failed to find match for field 'intensity'.
Failed to find match for field 'intensity'.
Failed to find match for field 'intensity'.
Failed to find match for field 'intensity'.
Failed to find match for field 'intensity'.
Failed to find match for field 'intensity'.
Failed to find match for field 'intensity'.
Failed to find match for field 'intensity'.
Failed to find match for field 'intensity'.
Failed to find match for field 'intensity'.
Failed to find match for field 'intensity'.
Failed to find match for field 'intensity'.
Failed to find match for field 'intensity'.
Failed to find match for field 'intensity'.
Failed to find match for field 'intensity'.
Failed to find match for field 'intensity'.
Failed to find match for field 'intensity'.
Failed to find match for field 'intensity'.
Failed to find match for field 'intensity'.
Failed to find match for field 'intensity'.
Failed to find match for field 'intensity'.
Failed to find match for field 'intensity'.
Failed to find match for field 'intensity'.
Failed to find match for field 'intensity'.
Failed to find match for field 'intensity'.
Failed to find match for field 'intensity'.
Failed to find match for field 'intensity'.
Failed to find match for field 'intensity'.
Failed to find match for field 'intensity'.
Failed to find match for field 'intensity'.
Failed to find match for field 'intensity'.
Failed to find match for field 'intensity'.
Failed to find match for field 'intensity'.
Failed to find match for field 'intensity'.
Failed to find match for field 'intensity'.
Failed to find match for field 'intensity'.
Failed to find match for field 'intensity'.
Failed to find match for field 'intensity'.
Failed to find match for field 'intensity'.
Failed to find match for field 'intensity'.
Failed to find match for field 'intensity'.
Failed to find match for field 'intensity'.
Failed to find match for field 'intensity'.
Failed to find match for field 'intensity'.
Failed to find match for field 'intensity'.
Failed to find match for field 'intensity'.
Failed to find match for field 'intensity'.
Failed to find match for field 'intensity'.
Failed to find match for field 'intensity'.
Failed to find match for field 'intensity'.
Failed to find match for field 'intensity'.
Failed to find match for field 'intensity'.
Failed to find match for field 'intensity'.
Failed to find match for field 'intensity'.
Failed to find match for field 'intensity'.
Failed to find match for field 'intensity'.
Failed to find match for field 'intensity'.
Failed to find match for field 'intensity'.
Failed to find match for field 'intensity'.
Failed to find match for field 'intensity'.
Failed to find match for field 'intensity'.
Failed to find match for field 'intensity'.
Failed to find match for field 'intensity'.
Failed to find match for field 'intensity'.
Failed to find match for field 'intensity'.
Failed to find match for field 'intensity'.
Failed to find match for field 'intensity'.
Failed to find match for field 'intensity'.
Failed to find match for field 'intensity'.
Failed to find match for field 'intensity'.
Failed to find match for field 'intensity'.
Failed to find match for field 'intensity'.
Failed to find match for field 'intensity'.
Failed to find match for field 'intensity'.
Failed to find match for field 'intensity'.
Failed to find match for field 'intensity'.
Failed to find match for field 'intensity'.
Failed to find match for field 'intensity'.
Failed to find match for field 'intensity'.
Failed to find match for field 'intensity'.
Failed to find match for field 'intensity'.
Failed to find match for field 'intensity'.
Failed to find match for field 'intensity'.
Failed to find match for field 'intensity'.
Failed to find match for field 'intensity'.
Failed to find match for field 'intensity'.
Failed to find match for field 'intensity'.
Failed to find match for field 'intensity'.
Failed to find match for field 'intensity'.
Failed to find match for field 'intensity'.
Failed to find match for field 'intensity'.
Failed to find match for field 'intensity'.
Failed to find match for field 'intensity'.
Failed to find match for field 'intensity'.
Failed to find match for field 'intensity'.
Failed to find match for field 'intensity'.
Failed to find match for field 'intensity'.
Failed to find match for field 'intensity'.
Failed to find match for field 'intensity'.
Failed to find match for field 'intensity'.
Failed to find match for field 'intensity'.
Failed to find match for field 'intensity'.
Failed to find match for field 'intensity'.
Failed to find match for field 'intensity'.
Failed to find match for field 'intensity'.
Failed to find match for field 'intensity'.
Failed to find match for field 'intensity'.
Failed to find match for field 'intensity'.
Failed to find match for field 'intensity'.
Failed to find match for field 'intensity'.
Failed to find match for field 'intensity'.
Failed to find match for field 'intensity'.
Failed to find match for field 'intensity'.
Failed to find match for field 'intensity'.
Failed to find match for field 'intensity'.
Failed to find match for field 'intensity'.
Failed to find match for field 'intensity'.
Failed to find match for field 'intensity'.
Failed to find match for field 'intensity'.
Failed to find match for field 'intensity'.
Failed to find match for field 'intensity'.
Failed to find match for field 'intensity'.
Failed to find match for field 'intensity'.
Failed to find match for field 'intensity'.
Failed to find match for field 'intensity'.
Failed to find match for field 'intensity'.
Failed to find match for field 'intensity'.
Failed to find match for field 'intensity'.
Failed to find match for field 'intensity'.
Failed to find match for field 'intensity'.
Failed to find match for field 'intensity'.
Failed to find match for field 'intensity'.
Failed to find match for field 'intensity'.
Failed to find match for field 'intensity'.
Failed to find match for field 'intensity'.
Failed to find match for field 'intensity'.
Failed to find match for field 'intensity'.
Failed to find match for field 'intensity'.
Failed to find match for field 'intensity'.
Failed to find match for field 'intensity'.
Failed to find match for field 'intensity'.
Failed to find match for field 'intensity'.
Failed to find match for field 'intensity'.
Failed to find match for field 'intensity'.
Failed to find match for field 'intensity'.
Failed to find match for field 'intensity'.
Failed to find match for field 'intensity'.
Failed to find match for field 'intensity'.
Failed to find match for field 'intensity'.
Failed to find match for field 'intensity'.
Failed to find match for field 'intensity'.
Failed to find match for field 'intensity'.
Failed to find match for field 'intensity'.
Failed to find match for field 'intensity'.
Failed to find match for field 'intensity'.
Failed to find match for field 'intensity'.
Failed to find match for field 'intensity'.
Failed to find match for field 'intensity'.
Failed to find match for field 'intensity'.
Failed to find match for field 'intensity'.
Failed to find match for field 'intensity'.
Failed to find match for field 'intensity'.
Failed to find match for field 'intensity'.
Failed to find match for field 'intensity'.
Failed to find match for field 'intensity'.
Failed to find match for field 'intensity'.
Failed to find match for field 'intensity'.
Failed to find match for field 'intensity'.
Failed to find match for field 'intensity'.
Failed to find match for field 'intensity'.
Failed to find match for field 'intensity'.
Failed to find match for field 'intensity'.
Failed to find match for field 'intensity'.
Failed to find match for field 'intensity'.
Failed to find match for field 'intensity'.
Failed to find match for field 'intensity'.
Failed to find match for field 'intensity'.
Failed to find match for field 'intensity'.
Failed to find match for field 'intensity'.
Failed to find match for field 'intensity'.
Failed to find match for field 'intensity'.
Failed to find match for field 'intensity'.
Failed to find match for field 'intensity'.
Failed to find match for field 'intensity'.
Failed to find match for field 'intensity'.
Failed to find match for field 'intensity'.
Failed to find match for field 'intensity'.
Failed to find match for field 'intensity'.
Failed to find match for field 'intensity'.
Failed to find match for field 'intensity'.
Failed to find match for field 'intensity'.
Failed to find match for field 'intensity'.
Failed to find match for field 'intensity'.
Failed to find match for field 'intensity'.
Failed to find match for field 'intensity'.
Failed to find match for field 'intensity'.
Failed to find match for field 'intensity'.
Failed to find match for field 'intensity'.
Failed to find match for field 'intensity'.
Failed to find match for field 'intensity'.
Failed to find match for field 'intensity'.
Failed to find match for field 'intensity'.
Failed to find match for field 'intensity'.
Failed to find match for field 'intensity'.
Failed to find match for field 'intensity'.
Failed to find match for field 'intensity'.
Failed to find match for field 'intensity'.
Failed to find match for field 'intensity'.
Failed to find match for field 'intensity'.
Failed to find match for field 'intensity'.
Failed to find match for field 'intensity'.
Failed to find match for field 'intensity'.
Failed to find match for field 'intensity'.
Failed to find match for field 'intensity'.
Failed to find match for field 'intensity'.
Failed to find match for field 'intensity'.
Failed to find match for field 'intensity'.
Failed to find match for field 'intensity'.
Failed to find match for field 'intensity'.
Failed to find match for field 'intensity'.
Failed to find match for field 'intensity'.
Failed to find match for field 'intensity'.
Failed to find match for field 'intensity'.
Failed to find match for field 'intensity'.
Failed to find match for field 'intensity'.
Failed to find match for field 'intensity'.
Failed to find match for field 'intensity'.
Failed to find match for field 'intensity'.
Failed to find match for field 'intensity'.
Failed to find match for field 'intensity'.
Failed to find match for field 'intensity'.
Failed to find match for field 'intensity'.
Failed to find match for field 'intensity'.
Failed to find match for field 'intensity'.
Failed to find match for field 'intensity'.
Failed to find match for field 'intensity'.
Failed to find match for field 'intensity'.
Failed to find match for field 'intensity'.
Failed to find match for field 'intensity'.
Failed to find match for field 'intensity'.
Failed to find match for field 'intensity'.
Failed to find match for field 'intensity'.
Failed to find match for field 'intensity'.
Failed to find match for field 'intensity'.
Failed to find match for field 'intensity'.
Failed to find match for field 'intensity'.
Failed to find match for field 'intensity'.
Failed to find match for field 'intensity'.
Failed to find match for field 'intensity'.
Failed to find match for field 'intensity'.
Failed to find match for field 'intensity'.
Failed to find match for field 'intensity'.
Failed to find match for field 'intensity'.
Failed to find match for field 'intensity'.
Failed to find match for field 'intensity'.
Failed to find match for field 'intensity'.
Failed to find match for field 'intensity'.
Failed to find match for field 'intensity'.
Failed to find match for field 'intensity'.
Failed to find match for field 'intensity'.
Failed to find match for field 'intensity'.
Failed to find match for field 'intensity'.
Failed to find match for field 'intensity'.
Failed to find match for field 'intensity'.
Failed to find match for field 'intensity'.
Failed to find match for field 'intensity'.
Failed to find match for field 'intensity'.
Failed to find match for field 'intensity'.
Failed to find match for field 'intensity'.
Failed to find match for field 'intensity'.
Failed to find match for field 'intensity'.
Failed to find match for field 'intensity'.
Failed to find match for field 'intensity'.
Failed to find match for field 'intensity'.
Failed to find match for field 'intensity'.
Failed to find match for field 'intensity'.
Failed to find match for field 'intensity'.
Failed to find match for field 'intensity'.
Failed to find match for field 'intensity'.
Failed to find match for field 'intensity'.
Failed to find match for field 'intensity'.
Failed to find match for field 'intensity'.
Failed to find match for field 'intensity'.
Failed to find match for field 'intensity'.
Failed to find match for field 'intensity'.
Failed to find match for field 'intensity'.
Failed to find match for field 'intensity'.
Failed to find match for field 'intensity'.
Failed to find match for field 'intensity'.
Failed to find match for field 'intensity'.
Failed to find match for field 'intensity'.
Failed to find match for field 'intensity'.
Failed to find match for field 'intensity'.
Failed to find match for field 'intensity'.
Failed to find match for field 'intensity'.
Failed to find match for field 'intensity'.
Failed to find match for field 'intensity'.
Failed to find match for field 'intensity'.
Failed to find match for field 'intensity'.
Failed to find match for field 'intensity'.
Failed to find match for field 'intensity'.
Failed to find match for field 'intensity'.
Failed to find match for field 'intensity'.
Failed to find match for field 'intensity'.
Failed to find match for field 'intensity'.
Failed to find match for field 'intensity'.
Failed to find match for field 'intensity'.
Failed to find match for field 'intensity'.
Failed to find match for field 'intensity'.
Failed to find match for field 'intensity'.
Failed to find match for field 'intensity'.
Failed to find match for field 'intensity'.
Failed to find match for field 'intensity'.
Failed to find match for field 'intensity'.
Failed to find match for field 'intensity'.
Failed to find match for field 'intensity'.
Failed to find match for field 'intensity'.
Failed to find match for field 'intensity'.
Failed to find match for field 'intensity'.
Failed to find match for field 'intensity'.
Failed to find match for field 'intensity'.
Failed to find match for field 'intensity'.
Failed to find match for field 'intensity'.
Failed to find match for field 'intensity'.
Failed to find match for field 'intensity'.
Failed to find match for field 'intensity'.
Failed to find match for field 'intensity'.
Failed to find match for field 'intensity'.
Failed to find match for field 'intensity'.
Failed to find match for field 'intensity'.
Failed to find match for field 'intensity'.
Failed to find match for field 'intensity'.
Failed to find match for field 'intensity'.
Failed to find match for field 'intensity'.
Failed to find match for field 'intensity'.
Failed to find match for field 'intensity'.
Failed to find match for field 'intensity'.
Failed to find match for field 'intensity'.
Failed to find match for field 'intensity'.
Failed to find match for field 'intensity'.
Failed to find match for field 'intensity'.
Failed to find match for field 'intensity'.
Failed to find match for field 'intensity'.
Failed to find match for field 'intensity'.
Failed to find match for field 'intensity'.
Failed to find match for field 'intensity'.
Failed to find match for field 'intensity'.
Failed to find match for field 'intensity'.
Failed to find match for field 'intensity'.
Failed to find match for field 'intensity'.
Failed to find match for field 'intensity'.
Failed to find match for field 'intensity'.
Failed to find match for field 'intensity'.
Failed to find match for field 'intensity'.
Failed to find match for field 'intensity'.
Failed to find match for field 'intensity'.
Failed to find match for field 'intensity'.
Failed to find match for field 'intensity'.
Failed to find match for field 'intensity'.
Failed to find match for field 'intensity'.
Failed to find match for field 'intensity'.
Failed to find match for field 'intensity'.
Failed to find match for field 'intensity'.
Failed to find match for field 'intensity'.
Failed to find match for field 'intensity'.
Failed to find match for field 'intensity'.
Failed to find match for field 'intensity'.
Failed to find match for field 'intensity'.
Failed to find match for field 'intensity'.
Failed to find match for field 'intensity'.
Failed to find match for field 'intensity'.
Failed to find match for field 'intensity'.
Failed to find match for field 'intensity'.
Failed to find match for field 'intensity'.
Failed to find match for field 'intensity'.
Failed to find match for field 'intensity'.
Failed to find match for field 'intensity'.
Failed to find match for field 'intensity'.
Failed to find match for field 'intensity'.
Failed to find match for field 'intensity'.
Failed to find match for field 'intensity'.
Failed to find match for field 'intensity'.
Failed to find match for field 'intensity'.
Failed to find match for field 'intensity'.
Failed to find match for field 'intensity'.
Failed to find match for field 'intensity'.
Failed to find match for field 'intensity'.
Failed to find match for field 'intensity'.
Failed to find match for field 'intensity'.
Failed to find match for field 'intensity'.
Failed to find match for field 'intensity'.
Failed to find match for field 'intensity'.
Failed to find match for field 'intensity'.
Failed to find match for field 'intensity'.
Failed to find match for field 'intensity'.
Failed to find match for field 'intensity'.
Failed to find match for field 'intensity'.
Failed to find match for field 'intensity'.
Failed to find match for field 'intensity'.
Failed to find match for field 'intensity'.
Failed to find match for field 'intensity'.
Failed to find match for field 'intensity'.
Failed to find match for field 'intensity'.
Failed to find match for field 'intensity'.
Failed to find match for field 'intensity'.
Failed to find match for field 'intensity'.
Failed to find match for field 'intensity'.
Failed to find match for field 'intensity'.
Failed to find match for field 'intensity'.
Failed to find match for field 'intensity'.
Failed to find match for field 'intensity'.
Failed to find match for field 'intensity'.
Failed to find match for field 'intensity'.
Failed to find match for field 'intensity'.
Failed to find match for field 'intensity'.
Failed to find match for field 'intensity'.
Failed to find match for field 'intensity'.
Failed to find match for field 'intensity'.
Failed to find match for field 'intensity'.
Failed to find match for field 'intensity'.
Failed to find match for field 'intensity'.
Failed to find match for field 'intensity'.
Failed to find match for field 'intensity'.
Failed to find match for field 'intensity'.
Failed to find match for field 'intensity'.
Failed to find match for field 'intensity'.
Failed to find match for field 'intensity'.
Failed to find match for field 'intensity'.
Failed to find match for field 'intensity'.
Failed to find match for field 'intensity'.
Failed to find match for field 'intensity'.
Failed to find match for field 'intensity'.
Failed to find match for field 'intensity'.
Failed to find match for field 'intensity'.
Failed to find match for field 'intensity'.
Failed to find match for field 'intensity'.
Failed to find match for field 'intensity'.
Failed to find match for field 'intensity'.
Failed to find match for field 'intensity'.
Failed to find match for field 'intensity'.
Failed to find match for field 'intensity'.
Failed to find match for field 'intensity'.
Failed to find match for field 'intensity'.
Failed to find match for field 'intensity'.
Failed to find match for field 'intensity'.
Failed to find match for field 'intensity'.
Failed to find match for field 'intensity'.
Failed to find match for field 'intensity'.
Failed to find match for field 'intensity'.
Failed to find match for field 'intensity'.
Failed to find match for field 'intensity'.
Failed to find match for field 'intensity'.
Failed to find match for field 'intensity'.
Failed to find match for field 'intensity'.
Failed to find match for field 'intensity'.
Failed to find match for field 'intensity'.
Failed to find match for field 'intensity'.
Failed to find match for field 'intensity'.
Failed to find match for field 'intensity'.
Failed to find match for field 'intensity'.
Failed to find match for field 'intensity'.
Failed to find match for field 'intensity'.
Failed to find match for field 'intensity'.
Failed to find match for field 'intensity'.
Failed to find match for field 'intensity'.
Failed to find match for field 'intensity'.
Failed to find match for field 'intensity'.
Failed to find match for field 'intensity'.
Failed to find match for field 'intensity'.
Failed to find match for field 'intensity'.
Failed to find match for field 'intensity'.
Failed to find match for field 'intensity'.
Failed to find match for field 'intensity'.
Failed to find match for field 'intensity'.
Failed to find match for field 'intensity'.
Failed to find match for field 'intensity'.
Failed to find match for field 'intensity'.
Failed to find match for field 'intensity'.
Failed to find match for field 'intensity'.
Failed to find match for field 'intensity'.
Failed to find match for field 'intensity'.
Failed to find match for field 'intensity'.
Failed to find match for field 'intensity'.
Failed to find match for field 'intensity'.
Failed to find match for field 'intensity'.
Failed to find match for field 'intensity'.
Failed to find match for field 'intensity'.
Failed to find match for field 'intensity'.
Failed to find match for field 'intensity'.
Failed to find match for field 'intensity'.
Failed to find match for field 'intensity'.
Failed to find match for field 'intensity'.
Failed to find match for field 'intensity'.
Failed to find match for field 'intensity'.
Failed to find match for field 'intensity'.
Failed to find match for field 'intensity'.
Failed to find match for field 'intensity'.
Failed to find match for field 'intensity'.
Failed to find match for field 'intensity'.
Failed to find match for field 'intensity'.
Failed to find match for field 'intensity'.
Failed to find match for field 'intensity'.
Failed to find match for field 'intensity'.
Failed to find match for field 'intensity'.
Failed to find match for field 'intensity'.
Failed to find match for field 'intensity'.
Failed to find match for field 'intensity'.
Failed to find match for field 'intensity'.
Failed to find match for field 'intensity'.
Failed to find match for field 'intensity'.
Failed to find match for field 'intensity'.
Failed to find match for field 'intensity'.
Failed to find match for field 'intensity'.
Failed to find match for field 'intensity'.
Failed to find match for field 'intensity'.
Failed to find match for field 'intensity'.
Failed to find match for field 'intensity'.
Failed to find match for field 'intensity'.
Failed to find match for field 'intensity'.
Failed to find match for field 'intensity'.
Failed to find match for field 'intensity'.
Failed to find match for field 'intensity'.
Failed to find match for field 'intensity'.
Failed to find match for field 'intensity'.
Failed to find match for field 'intensity'.
Failed to find match for field 'intensity'.
Failed to find match for field 'intensity'.
Failed to find match for field 'intensity'.
Failed to find match for field 'intensity'.
Failed to find match for field 'intensity'.
Failed to find match for field 'intensity'.
Failed to find match for field 'intensity'.
Failed to find match for field 'intensity'.
Failed to find match for field 'intensity'.
Failed to find match for field 'intensity'.
Failed to find match for field 'intensity'.
Failed to find match for field 'intensity'.
Failed to find match for field 'intensity'.
Failed to find match for field 'intensity'.
Failed to find match for field 'intensity'.
Failed to find match for field 'intensity'.
Failed to find match for field 'intensity'.
Failed to find match for field 'intensity'.
Failed to find match for field 'intensity'.
Failed to find match for field 'intensity'.
Failed to find match for field 'intensity'.
Failed to find match for field 'intensity'.
Failed to find match for field 'intensity'.
Failed to find match for field 'intensity'.
Failed to find match for field 'intensity'.
Failed to find match for field 'intensity'.
Failed to find match for field 'intensity'.
Failed to find match for field 'intensity'.
Failed to find match for field 'intensity'.
Failed to find match for field 'intensity'.
Failed to find match for field 'intensity'.
Failed to find match for field 'intensity'.
Failed to find match for field 'intensity'.
Failed to find match for field 'intensity'.
Failed to find match for field 'intensity'.
[14:02:12.187] [debug]   收集 LiDAR [/PointCloudObject] 帧数: 3500
Failed to find match for field 'intensity'.
[14:02:12.187] [debug]   收集 LiDAR [/PointCloudDetection] 帧数: 3500
Failed to find match for field 'intensity'.
Failed to find match for field 'intensity'.
Failed to find match for field 'intensity'.
Failed to find match for field 'intensity'.
Failed to find match for field 'intensity'.
Failed to find match for field 'intensity'.
Failed to find match for field 'intensity'.
Failed to find match for field 'intensity'.
Failed to find match for field 'intensity'.
Failed to find match for field 'intensity'.
Failed to find match for field 'intensity'.
Failed to find match for field 'intensity'.
Failed to find match for field 'intensity'.
Failed to find match for field 'intensity'.
Failed to find match for field 'intensity'.
Failed to find match for field 'intensity'.
Failed to find match for field 'intensity'.
Failed to find match for field 'intensity'.
Failed to find match for field 'intensity'.
Failed to find match for field 'intensity'.
Failed to find match for field 'intensity'.
Failed to find match for field 'intensity'.
Failed to find match for field 'intensity'.
Failed to find match for field 'intensity'.
Failed to find match for field 'intensity'.
Failed to find match for field 'intensity'.
Failed to find match for field 'intensity'.
Failed to find match for field 'intensity'.
Failed to find match for field 'intensity'.
Failed to find match for field 'intensity'.
Failed to find match for field 'intensity'.
Failed to find match for field 'intensity'.
Failed to find match for field 'intensity'.
Failed to find match for field 'intensity'.
Failed to find match for field 'intensity'.
Failed to find match for field 'intensity'.
Failed to find match for field 'intensity'.
Failed to find match for field 'intensity'.
Failed to find match for field 'intensity'.
Failed to find match for field 'intensity'.
Failed to find match for field 'intensity'.
Failed to find match for field 'intensity'.
Failed to find match for field 'intensity'.
Failed to find match for field 'intensity'.
Failed to find match for field 'intensity'.
Failed to find match for field 'intensity'.
Failed to find match for field 'intensity'.
Failed to find match for field 'intensity'.
Failed to find match for field 'intensity'.
Failed to find match for field 'intensity'.
Failed to find match for field 'intensity'.
Failed to find match for field 'intensity'.
Failed to find match for field 'intensity'.
Failed to find match for field 'intensity'.
Failed to find match for field 'intensity'.
Failed to find match for field 'intensity'.
Failed to find match for field 'intensity'.
Failed to find match for field 'intensity'.
Failed to find match for field 'intensity'.
Failed to find match for field 'intensity'.
Failed to find match for field 'intensity'.
Failed to find match for field 'intensity'.
Failed to find match for field 'intensity'.
Failed to find match for field 'intensity'.
Failed to find match for field 'intensity'.
Failed to find match for field 'intensity'.
Failed to find match for field 'intensity'.
Failed to find match for field 'intensity'.
Failed to find match for field 'intensity'.
Failed to find match for field 'intensity'.
Failed to find match for field 'intensity'.
Failed to find match for field 'intensity'.
Failed to find match for field 'intensity'.
Failed to find match for field 'intensity'.
Failed to find match for field 'intensity'.
Failed to find match for field 'intensity'.
Failed to find match for field 'intensity'.
Failed to find match for field 'intensity'.
Failed to find match for field 'intensity'.
Failed to find match for field 'intensity'.
Failed to find match for field 'intensity'.
Failed to find match for field 'intensity'.
Failed to find match for field 'intensity'.
Failed to find match for field 'intensity'.
Failed to find match for field 'intensity'.
Failed to find match for field 'intensity'.
Failed to find match for field 'intensity'.
Failed to find match for field 'intensity'.
Failed to find match for field 'intensity'.
Failed to find match for field 'intensity'.
Failed to find match for field 'intensity'.
Failed to find match for field 'intensity'.
Failed to find match for field 'intensity'.
Failed to find match for field 'intensity'.
Failed to find match for field 'intensity'.
Failed to find match for field 'intensity'.
Failed to find match for field 'intensity'.
Failed to find match for field 'intensity'.
Failed to find match for field 'intensity'.
Failed to find match for field 'intensity'.
Failed to find match for field 'intensity'.
Failed to find match for field 'intensity'.
Failed to find match for field 'intensity'.
Failed to find match for field 'intensity'.
Failed to find match for field 'intensity'.
Failed to find match for field 'intensity'.
Failed to find match for field 'intensity'.
Failed to find match for field 'intensity'.
Failed to find match for field 'intensity'.
Failed to find match for field 'intensity'.
Failed to find match for field 'intensity'.
Failed to find match for field 'intensity'.
Failed to find match for field 'intensity'.
Failed to find match for field 'intensity'.
Failed to find match for field 'intensity'.
Failed to find match for field 'intensity'.
Failed to find match for field 'intensity'.
Failed to find match for field 'intensity'.
Failed to find match for field 'intensity'.
Failed to find match for field 'intensity'.
Failed to find match for field 'intensity'.
Failed to find match for field 'intensity'.
Failed to find match for field 'intensity'.
Failed to find match for field 'intensity'.
Failed to find match for field 'intensity'.
Failed to find match for field 'intensity'.
Failed to find match for field 'intensity'.
Failed to find match for field 'intensity'.
Failed to find match for field 'intensity'.
Failed to find match for field 'intensity'.
Failed to find match for field 'intensity'.
Failed to find match for field 'intensity'.
Failed to find match for field 'intensity'.
Failed to find match for field 'intensity'.
Failed to find match for field 'intensity'.
Failed to find match for field 'intensity'.
Failed to find match for field 'intensity'.
Failed to find match for field 'intensity'.
Failed to find match for field 'intensity'.
Failed to find match for field 'intensity'.
Failed to find match for field 'intensity'.
Failed to find match for field 'intensity'.
Failed to find match for field 'intensity'.
Failed to find match for field 'intensity'.
Failed to find match for field 'intensity'.
Failed to find match for field 'intensity'.
Failed to find match for field 'intensity'.
Failed to find match for field 'intensity'.
Failed to find match for field 'intensity'.
Failed to find match for field 'intensity'.
Failed to find match for field 'intensity'.
Failed to find match for field 'intensity'.
Failed to find match for field 'intensity'.
Failed to find match for field 'intensity'.
Failed to find match for field 'intensity'.
Failed to find match for field 'intensity'.
Failed to find match for field 'intensity'.
Failed to find match for field 'intensity'.
Failed to find match for field 'intensity'.
Failed to find match for field 'intensity'.
Failed to find match for field 'intensity'.
Failed to find match for field 'intensity'.
Failed to find match for field 'intensity'.
Failed to find match for field 'intensity'.
Failed to find match for field 'intensity'.
Failed to find match for field 'intensity'.
Failed to find match for field 'intensity'.
Failed to find match for field 'intensity'.
Failed to find match for field 'intensity'.
Failed to find match for field 'intensity'.
Failed to find match for field 'intensity'.
Failed to find match for field 'intensity'.
Failed to find match for field 'intensity'.
Failed to find match for field 'intensity'.
Failed to find match for field 'intensity'.
Failed to find match for field 'intensity'.
Failed to find match for field 'intensity'.
Failed to find match for field 'intensity'.
Failed to find match for field 'intensity'.
Failed to find match for field 'intensity'.
Failed to find match for field 'intensity'.
Failed to find match for field 'intensity'.
Failed to find match for field 'intensity'.
Failed to find match for field 'intensity'.
Failed to find match for field 'intensity'.
Failed to find match for field 'intensity'.
Failed to find match for field 'intensity'.
Failed to find match for field 'intensity'.
Failed to find match for field 'intensity'.
Failed to find match for field 'intensity'.
Failed to find match for field 'intensity'.
Failed to find match for field 'intensity'.
Failed to find match for field 'intensity'.
Failed to find match for field 'intensity'.
Failed to find match for field 'intensity'.
Failed to find match for field 'intensity'.
Failed to find match for field 'intensity'.
Failed to find match for field 'intensity'.
Failed to find match for field 'intensity'.
Failed to find match for field 'intensity'.
Failed to find match for field 'intensity'.
Failed to find match for field 'intensity'.
Failed to find match for field 'intensity'.
Failed to find match for field 'intensity'.
Failed to find match for field 'intensity'.
Failed to find match for field 'intensity'.
Failed to find match for field 'intensity'.
Failed to find match for field 'intensity'.
Failed to find match for field 'intensity'.
Failed to find match for field 'intensity'.
Failed to find match for field 'intensity'.
Failed to find match for field 'intensity'.
Failed to find match for field 'intensity'.
Failed to find match for field 'intensity'.
Failed to find match for field 'intensity'.
Failed to find match for field 'intensity'.
Failed to find match for field 'intensity'.
Failed to find match for field 'intensity'.
Failed to find match for field 'intensity'.
Failed to find match for field 'intensity'.
Failed to find match for field 'intensity'.
Failed to find match for field 'intensity'.
Failed to find match for field 'intensity'.
Failed to find match for field 'intensity'.
Failed to find match for field 'intensity'.
Failed to find match for field 'intensity'.
Failed to find match for field 'intensity'.
Failed to find match for field 'intensity'.
Failed to find match for field 'intensity'.
Failed to find match for field 'intensity'.
Failed to find match for field 'intensity'.
Failed to find match for field 'intensity'.
Failed to find match for field 'intensity'.
Failed to find match for field 'intensity'.
Failed to find match for field 'intensity'.
Failed to find match for field 'intensity'.
Failed to find match for field 'intensity'.
Failed to find match for field 'intensity'.
Failed to find match for field 'intensity'.
Failed to find match for field 'intensity'.
Failed to find match for field 'intensity'.
Failed to find match for field 'intensity'.
Failed to find match for field 'intensity'.
Failed to find match for field 'intensity'.
Failed to find match for field 'intensity'.
Failed to find match for field 'intensity'.
Failed to find match for field 'intensity'.
Failed to find match for field 'intensity'.
Failed to find match for field 'intensity'.
Failed to find match for field 'intensity'.
Failed to find match for field 'intensity'.
Failed to find match for field 'intensity'.
Failed to find match for field 'intensity'.
Failed to find match for field 'intensity'.
Failed to find match for field 'intensity'.
Failed to find match for field 'intensity'.
Failed to find match for field 'intensity'.
Failed to find match for field 'intensity'.
Failed to find match for field 'intensity'.
Failed to find match for field 'intensity'.
Failed to find match for field 'intensity'.
Failed to find match for field 'intensity'.
Failed to find match for field 'intensity'.
Failed to find match for field 'intensity'.
Failed to find match for field 'intensity'.
Failed to find match for field 'intensity'.
Failed to find match for field 'intensity'.
Failed to find match for field 'intensity'.
Failed to find match for field 'intensity'.
Failed to find match for field 'intensity'.
Failed to find match for field 'intensity'.
Failed to find match for field 'intensity'.
Failed to find match for field 'intensity'.
Failed to find match for field 'intensity'.
Failed to find match for field 'intensity'.
Failed to find match for field 'intensity'.
Failed to find match for field 'intensity'.
Failed to find match for field 'intensity'.
Failed to find match for field 'intensity'.
Failed to find match for field 'intensity'.
Failed to find match for field 'intensity'.
Failed to find match for field 'intensity'.
Failed to find match for field 'intensity'.
Failed to find match for field 'intensity'.
Failed to find match for field 'intensity'.
Failed to find match for field 'intensity'.
Failed to find match for field 'intensity'.
Failed to find match for field 'intensity'.
Failed to find match for field 'intensity'.
Failed to find match for field 'intensity'.
Failed to find match for field 'intensity'.
Failed to find match for field 'intensity'.
Failed to find match for field 'intensity'.
Failed to find match for field 'intensity'.
Failed to find match for field 'intensity'.
Failed to find match for field 'intensity'.
Failed to find match for field 'intensity'.
Failed to find match for field 'intensity'.
Failed to find match for field 'intensity'.
Failed to find match for field 'intensity'.
Failed to find match for field 'intensity'.
Failed to find match for field 'intensity'.
Failed to find match for field 'intensity'.
Failed to find match for field 'intensity'.
Failed to find match for field 'intensity'.
Failed to find match for field 'intensity'.
Failed to find match for field 'intensity'.
Failed to find match for field 'intensity'.
Failed to find match for field 'intensity'.
Failed to find match for field 'intensity'.
Failed to find match for field 'intensity'.
Failed to find match for field 'intensity'.
Failed to find match for field 'intensity'.
Failed to find match for field 'intensity'.
Failed to find match for field 'intensity'.
Failed to find match for field 'intensity'.
Failed to find match for field 'intensity'.
Failed to find match for field 'intensity'.
Failed to find match for field 'intensity'.
Failed to find match for field 'intensity'.
Failed to find match for field 'intensity'.
Failed to find match for field 'intensity'.
Failed to find match for field 'intensity'.
Failed to find match for field 'intensity'.
Failed to find match for field 'intensity'.
Failed to find match for field 'intensity'.
Failed to find match for field 'intensity'.
Failed to find match for field 'intensity'.
Failed to find match for field 'intensity'.
Failed to find match for field 'intensity'.
Failed to find match for field 'intensity'.
Failed to find match for field 'intensity'.
Failed to find match for field 'intensity'.
Failed to find match for field 'intensity'.
Failed to find match for field 'intensity'.
Failed to find match for field 'intensity'.
Failed to find match for field 'intensity'.
Failed to find match for field 'intensity'.
Failed to find match for field 'intensity'.
Failed to find match for field 'intensity'.
Failed to find match for field 'intensity'.
Failed to find match for field 'intensity'.
Failed to find match for field 'intensity'.
Failed to find match for field 'intensity'.
Failed to find match for field 'intensity'.
Failed to find match for field 'intensity'.
Failed to find match for field 'intensity'.
Failed to find match for field 'intensity'.
Failed to find match for field 'intensity'.
Failed to find match for field 'intensity'.
Failed to find match for field 'intensity'.
Failed to find match for field 'intensity'.
Failed to find match for field 'intensity'.
Failed to find match for field 'intensity'.
Failed to find match for field 'intensity'.
Failed to find match for field 'intensity'.
Failed to find match for field 'intensity'.
Failed to find match for field 'intensity'.
Failed to find match for field 'intensity'.
Failed to find match for field 'intensity'.
Failed to find match for field 'intensity'.
Failed to find match for field 'intensity'.
Failed to find match for field 'intensity'.
Failed to find match for field 'intensity'.
Failed to find match for field 'intensity'.
Failed to find match for field 'intensity'.
Failed to find match for field 'intensity'.
Failed to find match for field 'intensity'.
Failed to find match for field 'intensity'.
Failed to find match for field 'intensity'.
Failed to find match for field 'intensity'.
Failed to find match for field 'intensity'.
Failed to find match for field 'intensity'.
Failed to find match for field 'intensity'.
Failed to find match for field 'intensity'.
Failed to find match for field 'intensity'.
Failed to find match for field 'intensity'.
Failed to find match for field 'intensity'.
Failed to find match for field 'intensity'.
Failed to find match for field 'intensity'.
Failed to find match for field 'intensity'.
Failed to find match for field 'intensity'.
Failed to find match for field 'intensity'.
Failed to find match for field 'intensity'.
Failed to find match for field 'intensity'.
Failed to find match for field 'intensity'.
Failed to find match for field 'intensity'.
Failed to find match for field 'intensity'.
Failed to find match for field 'intensity'.
Failed to find match for field 'intensity'.
Failed to find match for field 'intensity'.
Failed to find match for field 'intensity'.
Failed to find match for field 'intensity'.
Failed to find match for field 'intensity'.
Failed to find match for field 'intensity'.
Failed to find match for field 'intensity'.
Failed to find match for field 'intensity'.
Failed to find match for field 'intensity'.
Failed to find match for field 'intensity'.
Failed to find match for field 'intensity'.
Failed to find match for field 'intensity'.
Failed to find match for field 'intensity'.
Failed to find match for field 'intensity'.
Failed to find match for field 'intensity'.
Failed to find match for field 'intensity'.
Failed to find match for field 'intensity'.
Failed to find match for field 'intensity'.
Failed to find match for field 'intensity'.
Failed to find match for field 'intensity'.
Failed to find match for field 'intensity'.
Failed to find match for field 'intensity'.
Failed to find match for field 'intensity'.
Failed to find match for field 'intensity'.
Failed to find match for field 'intensity'.
Failed to find match for field 'intensity'.
Failed to find match for field 'intensity'.
Failed to find match for field 'intensity'.
Failed to find match for field 'intensity'.
Failed to find match for field 'intensity'.
Failed to find match for field 'intensity'.
Failed to find match for field 'intensity'.
Failed to find match for field 'intensity'.
Failed to find match for field 'intensity'.
Failed to find match for field 'intensity'.
Failed to find match for field 'intensity'.
Failed to find match for field 'intensity'.
Failed to find match for field 'intensity'.
Failed to find match for field 'intensity'.
Failed to find match for field 'intensity'.
Failed to find match for field 'intensity'.
Failed to find match for field 'intensity'.
Failed to find match for field 'intensity'.
Failed to find match for field 'intensity'.
Failed to find match for field 'intensity'.
Failed to find match for field 'intensity'.
Failed to find match for field 'intensity'.
Failed to find match for field 'intensity'.
Failed to find match for field 'intensity'.
Failed to find match for field 'intensity'.
Failed to find match for field 'intensity'.
Failed to find match for field 'intensity'.
Failed to find match for field 'intensity'.
Failed to find match for field 'intensity'.
Failed to find match for field 'intensity'.
Failed to find match for field 'intensity'.
Failed to find match for field 'intensity'.
Failed to find match for field 'intensity'.
Failed to find match for field 'intensity'.
Failed to find match for field 'intensity'.
Failed to find match for field 'intensity'.
Failed to find match for field 'intensity'.
Failed to find match for field 'intensity'.
Failed to find match for field 'intensity'.
Failed to find match for field 'intensity'.
Failed to find match for field 'intensity'.
Failed to find match for field 'intensity'.
Failed to find match for field 'intensity'.
Failed to find match for field 'intensity'.
Failed to find match for field 'intensity'.
Failed to find match for field 'intensity'.
Failed to find match for field 'intensity'.
Failed to find match for field 'intensity'.
Failed to find match for field 'intensity'.
Failed to find match for field 'intensity'.
Failed to find match for field 'intensity'.
Failed to find match for field 'intensity'.
Failed to find match for field 'intensity'.
Failed to find match for field 'intensity'.
Failed to find match for field 'intensity'.
Failed to find match for field 'intensity'.
Failed to find match for field 'intensity'.
Failed to find match for field 'intensity'.
Failed to find match for field 'intensity'.
Failed to find match for field 'intensity'.
Failed to find match for field 'intensity'.
Failed to find match for field 'intensity'.
Failed to find match for field 'intensity'.
Failed to find match for field 'intensity'.
Failed to find match for field 'intensity'.
Failed to find match for field 'intensity'.
Failed to find match for field 'intensity'.
Failed to find match for field 'intensity'.
Failed to find match for field 'intensity'.
Failed to find match for field 'intensity'.
Failed to find match for field 'intensity'.
Failed to find match for field 'intensity'.
Failed to find match for field 'intensity'.
Failed to find match for field 'intensity'.
Failed to find match for field 'intensity'.
Failed to find match for field 'intensity'.
Failed to find match for field 'intensity'.
Failed to find match for field 'intensity'.
Failed to find match for field 'intensity'.
Failed to find match for field 'intensity'.
Failed to find match for field 'intensity'.
Failed to find match for field 'intensity'.
Failed to find match for field 'intensity'.
Failed to find match for field 'intensity'.
Failed to find match for field 'intensity'.
Failed to find match for field 'intensity'.
Failed to find match for field 'intensity'.
Failed to find match for field 'intensity'.
Failed to find match for field 'intensity'.
Failed to find match for field 'intensity'.
Failed to find match for field 'intensity'.
Failed to find match for field 'intensity'.
Failed to find match for field 'intensity'.
Failed to find match for field 'intensity'.
Failed to find match for field 'intensity'.
Failed to find match for field 'intensity'.
Failed to find match for field 'intensity'.
Failed to find match for field 'intensity'.
Failed to find match for field 'intensity'.
Failed to find match for field 'intensity'.
Failed to find match for field 'intensity'.
Failed to find match for field 'intensity'.
Failed to find match for field 'intensity'.
Failed to find match for field 'intensity'.
Failed to find match for field 'intensity'.
Failed to find match for field 'intensity'.
Failed to find match for field 'intensity'.
Failed to find match for field 'intensity'.
Failed to find match for field 'intensity'.
Failed to find match for field 'intensity'.
Failed to find match for field 'intensity'.
Failed to find match for field 'intensity'.
Failed to find match for field 'intensity'.
Failed to find match for field 'intensity'.
Failed to find match for field 'intensity'.
Failed to find match for field 'intensity'.
Failed to find match for field 'intensity'.
Failed to find match for field 'intensity'.
Failed to find match for field 'intensity'.
Failed to find match for field 'intensity'.
Failed to find match for field 'intensity'.
Failed to find match for field 'intensity'.
Failed to find match for field 'intensity'.
Failed to find match for field 'intensity'.
Failed to find match for field 'intensity'.
Failed to find match for field 'intensity'.
Failed to find match for field 'intensity'.
Failed to find match for field 'intensity'.
Failed to find match for field 'intensity'.
Failed to find match for field 'intensity'.
Failed to find match for field 'intensity'.
Failed to find match for field 'intensity'.
Failed to find match for field 'intensity'.
Failed to find match for field 'intensity'.
Failed to find match for field 'intensity'.
Failed to find match for field 'intensity'.
Failed to find match for field 'intensity'.
Failed to find match for field 'intensity'.
Failed to find match for field 'intensity'.
Failed to find match for field 'intensity'.
Failed to find match for field 'intensity'.
Failed to find match for field 'intensity'.
Failed to find match for field 'intensity'.
Failed to find match for field 'intensity'.
Failed to find match for field 'intensity'.
Failed to find match for field 'intensity'.
Failed to find match for field 'intensity'.
Failed to find match for field 'intensity'.
Failed to find match for field 'intensity'.
Failed to find match for field 'intensity'.
Failed to find match for field 'intensity'.
Failed to find match for field 'intensity'.
Failed to find match for field 'intensity'.
Failed to find match for field 'intensity'.
Failed to find match for field 'intensity'.
Failed to find match for field 'intensity'.
Failed to find match for field 'intensity'.
Failed to find match for field 'intensity'.
Failed to find match for field 'intensity'.
Failed to find match for field 'intensity'.
Failed to find match for field 'intensity'.
Failed to find match for field 'intensity'.
Failed to find match for field 'intensity'.
Failed to find match for field 'intensity'.
Failed to find match for field 'intensity'.
Failed to find match for field 'intensity'.
Failed to find match for field 'intensity'.
Failed to find match for field 'intensity'.
Failed to find match for field 'intensity'.
Failed to find match for field 'intensity'.
Failed to find match for field 'intensity'.
Failed to find match for field 'intensity'.
Failed to find match for field 'intensity'.
Failed to find match for field 'intensity'.
Failed to find match for field 'intensity'.
Failed to find match for field 'intensity'.
Failed to find match for field 'intensity'.
Failed to find match for field 'intensity'.
Failed to find match for field 'intensity'.
Failed to find match for field 'intensity'.
Failed to find match for field 'intensity'.
Failed to find match for field 'intensity'.
Failed to find match for field 'intensity'.
Failed to find match for field 'intensity'.
Failed to find match for field 'intensity'.
Failed to find match for field 'intensity'.
Failed to find match for field 'intensity'.
Failed to find match for field 'intensity'.
Failed to find match for field 'intensity'.
Failed to find match for field 'intensity'.
Failed to find match for field 'intensity'.
Failed to find match for field 'intensity'.
Failed to find match for field 'intensity'.
Failed to find match for field 'intensity'.
Failed to find match for field 'intensity'.
Failed to find match for field 'intensity'.
Failed to find match for field 'intensity'.
Failed to find match for field 'intensity'.
Failed to find match for field 'intensity'.
Failed to find match for field 'intensity'.
Failed to find match for field 'intensity'.
Failed to find match for field 'intensity'.
Failed to find match for field 'intensity'.
Failed to find match for field 'intensity'.
Failed to find match for field 'intensity'.
Failed to find match for field 'intensity'.
Failed to find match for field 'intensity'.
Failed to find match for field 'intensity'.
Failed to find match for field 'intensity'.
Failed to find match for field 'intensity'.
Failed to find match for field 'intensity'.
Failed to find match for field 'intensity'.
Failed to find match for field 'intensity'.
Failed to find match for field 'intensity'.
Failed to find match for field 'intensity'.
Failed to find match for field 'intensity'.
Failed to find match for field 'intensity'.
Failed to find match for field 'intensity'.
Failed to find match for field 'intensity'.
Failed to find match for field 'intensity'.
Failed to find match for field 'intensity'.
Failed to find match for field 'intensity'.
Failed to find match for field 'intensity'.
Failed to find match for field 'intensity'.
Failed to find match for field 'intensity'.
Failed to find match for field 'intensity'.
Failed to find match for field 'intensity'.
Failed to find match for field 'intensity'.
Failed to find match for field 'intensity'.
Failed to find match for field 'intensity'.
Failed to find match for field 'intensity'.
Failed to find match for field 'intensity'.
Failed to find match for field 'intensity'.
Failed to find match for field 'intensity'.
Failed to find match for field 'intensity'.
Failed to find match for field 'intensity'.
Failed to find match for field 'intensity'.
Failed to find match for field 'intensity'.
Failed to find match for field 'intensity'.
Failed to find match for field 'intensity'.
Failed to find match for field 'intensity'.
Failed to find match for field 'intensity'.
Failed to find match for field 'intensity'.
Failed to find match for field 'intensity'.
Failed to find match for field 'intensity'.
Failed to find match for field 'intensity'.
Failed to find match for field 'intensity'.
Failed to find match for field 'intensity'.
Failed to find match for field 'intensity'.
Failed to find match for field 'intensity'.
Failed to find match for field 'intensity'.
Failed to find match for field 'intensity'.
Failed to find match for field 'intensity'.
Failed to find match for field 'intensity'.
Failed to find match for field 'intensity'.
Failed to find match for field 'intensity'.
Failed to find match for field 'intensity'.
Failed to find match for field 'intensity'.
Failed to find match for field 'intensity'.
Failed to find match for field 'intensity'.
Failed to find match for field 'intensity'.
Failed to find match for field 'intensity'.
Failed to find match for field 'intensity'.
Failed to find match for field 'intensity'.
Failed to find match for field 'intensity'.
Failed to find match for field 'intensity'.
Failed to find match for field 'intensity'.
Failed to find match for field 'intensity'.
Failed to find match for field 'intensity'.
Failed to find match for field 'intensity'.
Failed to find match for field 'intensity'.
Failed to find match for field 'intensity'.
Failed to find match for field 'intensity'.
Failed to find match for field 'intensity'.
Failed to find match for field 'intensity'.
Failed to find match for field 'intensity'.
Failed to find match for field 'intensity'.
Failed to find match for field 'intensity'.
Failed to find match for field 'intensity'.
Failed to find match for field 'intensity'.
Failed to find match for field 'intensity'.
Failed to find match for field 'intensity'.
Failed to find match for field 'intensity'.
Failed to find match for field 'intensity'.
Failed to find match for field 'intensity'.
Failed to find match for field 'intensity'.
Failed to find match for field 'intensity'.
Failed to find match for field 'intensity'.
Failed to find match for field 'intensity'.
Failed to find match for field 'intensity'.
Failed to find match for field 'intensity'.
Failed to find match for field 'intensity'.
Failed to find match for field 'intensity'.
Failed to find match for field 'intensity'.
Failed to find match for field 'intensity'.
Failed to find match for field 'intensity'.
Failed to find match for field 'intensity'.
Failed to find match for field 'intensity'.
Failed to find match for field 'intensity'.
Failed to find match for field 'intensity'.
Failed to find match for field 'intensity'.
Failed to find match for field 'intensity'.
Failed to find match for field 'intensity'.
Failed to find match for field 'intensity'.
Failed to find match for field 'intensity'.
Failed to find match for field 'intensity'.
Failed to find match for field 'intensity'.
Failed to find match for field 'intensity'.
Failed to find match for field 'intensity'.
Failed to find match for field 'intensity'.
Failed to find match for field 'intensity'.
Failed to find match for field 'intensity'.
Failed to find match for field 'intensity'.
Failed to find match for field 'intensity'.
Failed to find match for field 'intensity'.
Failed to find match for field 'intensity'.
Failed to find match for field 'intensity'.
Failed to find match for field 'intensity'.
Failed to find match for field 'intensity'.
Failed to find match for field 'intensity'.
Failed to find match for field 'intensity'.
Failed to find match for field 'intensity'.
Failed to find match for field 'intensity'.
Failed to find match for field 'intensity'.
Failed to find match for field 'intensity'.
Failed to find match for field 'intensity'.
Failed to find match for field 'intensity'.
Failed to find match for field 'intensity'.
Failed to find match for field 'intensity'.
Failed to find match for field 'intensity'.
Failed to find match for field 'intensity'.
Failed to find match for field 'intensity'.
Failed to find match for field 'intensity'.
Failed to find match for field 'intensity'.
Failed to find match for field 'intensity'.
Failed to find match for field 'intensity'.
[14:02:12.467] [error] [Ros2BagDataSource] 以配置文件为准：以下配置话题在 bag 中无数据，请使配置与 bag 一致（或设置 ros2.strict_topic_match: false 允许自动回退）。 相机[cam_left: /left/image_raw]
[14:02:12.474] [info] ━━━━━━━━━━━━━━━━━━━━━━━━━━━━━━━━━━━━━━━━━
[14:02:12.474] [info] ■ 结束阶段: [Fine-Auto] 任务: [lidar_cam_extrin]
[14:02:12.474] [info]   结果: ✗ 失败 | 残差RMS: 0.0000 | 耗时: 3222 ms
[14:02:12.474] [info]   消息: ROS2 数据加载失败: [Ros2BagDataSource] 以配置文件为准：以下配置话题在 bag 中无数据，请使配置与 bag 一致（或设置 ros2.strict_topic_match: false 允许自动回退）。 相机[cam_left: /left/image_raw]
[14:02:12.474] [info] [CALC] 阶段结束 stage=Fine-Auto task=lidar_cam_extrin success=false residual_rms=0.000000 elapsed_ms=3215.1 threshold=2.0000
[14:02:12.474] [info] ━━━━━━━━━━━━━━━━━━━━━━━━━━━━━━━━━━━━━━━━━
[14:02:12.474] [info] [Pipeline] 用户已启用手动校准 (--manual), 进入 6-DOF 调整
[14:02:12.474] [info] 
[14:02:12.474] [info] ━━━━━━━━━━━━━━━━━━━━━━━━━━━━━━━━━━━━━━━━━
[14:02:12.474] [info] ▶ 开始阶段: [Manual-Refine] 任务: [lidar_cam_extrin]
[14:02:12.474] [info]   描述: 手动校准: 6-DOF 交互式调整
[14:02:12.474] [info] ━━━━━━━━━━━━━━━━━━━━━━━━━━━━━━━━━━━━━━━━━
[14:02:12.474] [info] [Manual-Refine] 任务: lidar_cam_extrin
[14:02:12.474] [info] [Manual-Refine] 操作说明: Q/A Roll  W/S Pitch  E/D Yaw  R/F Tx  T/G Ty  Y/H Tz  U Undo  Enter 接受  Esc 取消
[14:02:12.474] [info] [ManualSession] 会话ID: session_2026-04-10_14-02-12
[14:02:12.474] [info] [ManualSession] 保存目录: ./results/manual_sessions
[14:02:12.474] [warning] [Manual-Refine] 无 LiDAR-Camera 精标定缓存数据，无法启用手动调整（请先完成精标定）
[14:02:12.474] [info] ━━━━━━━━━━━━━━━━━━━━━━━━━━━━━━━━━━━━━━━━━
[14:02:12.474] [info] ■ 结束阶段: [Manual-Refine] 任务: [lidar_cam_extrin]
[14:02:12.474] [info]   结果: ✗ 失败 | 残差RMS: 0.0000 | 耗时: 0 ms
[14:02:12.474] [info]   消息: 无 LiDAR-Camera 精标定缓存数据，无法启用手动调整（请先完成精标定）
[14:02:12.474] [info] [CALC] 阶段结束 stage=Manual-Refine task=lidar_cam_extrin success=false residual_rms=0.000000 elapsed_ms=0.0 threshold=-1.0000
[14:02:12.474] [info] ━━━━━━━━━━━━━━━━━━━━━━━━━━━━━━━━━━━━━━━━━
[14:02:12.474] [info] ====== Pipeline Report: pipeline_20260410_140209 ======
[14:02:12.474] [info]   Total time: 3215.1 ms
[14:02:12.474] [info]   All stages succeeded: NO
[14:02:12.474] [info]   标定质量: 各阶段 RMS 均在阈值内
[14:02:12.474] [info]   [Coarse-AI-lidar_cam_extrin] success=true rms=0.0000 time=0.0ms: 使用配置 initial_extrinsic 作为粗标定结果，精标定将以此起步
[14:02:12.474] [info]   [Fine-Auto-lidar_cam_extrin] success=false rms=0.0000 time=3215.1ms: ROS2 数据加载失败: [Ros2BagDataSource] 以配置文件为准：以下配置话题在 bag 中无数据，请使配置与 bag 一致（或设置 ros2.strict_topic_match: false 允许自动回退）。 相机[cam_left: /left/image_raw]
[14:02:12.474] [info]   [Manual-Refine-lidar_cam_extrin] success=false rms=0.0000 time=0.0ms: 无 LiDAR-Camera 精标定缓存数据，无法启用手动调整（请先完成精标定）

╔══════════════════════════════════════════════════════╗
║              标定参数汇总                            ║
╠══════════════════════════════════════════════════════╣
╚══════════════════════════════════════════════════════╝

[14:02:12.474] [info] ================================
[14:02:12.475] [info] Pipeline report saved: ./results/pipeline_report_20260410_140209.yaml
[14:02:12.475] [info] ====== Pipeline Report: pipeline_20260410_140209 ======
[14:02:12.475] [info]   Total time: 3215.1 ms
[14:02:12.475] [info]   All stages succeeded: NO
[14:02:12.475] [info]   标定质量: 各阶段 RMS 均在阈值内
[14:02:12.475] [info]   [Coarse-AI-lidar_cam_extrin] success=true rms=0.0000 time=0.0ms: 使用配置 initial_extrinsic 作为粗标定结果，精标定将以此起步
[14:02:12.475] [info]   [Fine-Auto-lidar_cam_extrin] success=false rms=0.0000 time=3215.1ms: ROS2 数据加载失败: [Ros2BagDataSource] 以配置文件为准：以下配置话题在 bag 中无数据，请使配置与 bag 一致（或设置 ros2.strict_topic_match: false 允许自动回退）。 相机[cam_left: /left/image_raw]
[14:02:12.475] [info]   [Manual-Refine-lidar_cam_extrin] success=false rms=0.0000 time=0.0ms: 无 LiDAR-Camera 精标定缓存数据，无法启用手动调整（请先完成精标定）

╔══════════════════════════════════════════════════════╗
║              标定参数汇总                            ║
╠══════════════════════════════════════════════════════╣
╚══════════════════════════════════════════════════════╝

[14:02:12.475] [info] ================================
[14:02:12.475] [info] ━━━━━━━━━━━━━━━━━━━━━━━━━━━━━━━━━━━━
[14:02:12.475] [info] LiDAR-Camera 标定流程完成
[14:02:12.475] [info] 结果目录: ./results
[14:02:12.475] [info] 标定流程正常退出 exit_code=0
[14:02:12.475] [info] ━━━━━━━━━━━━━━━━━━━━━━━━━━━━━━━━━━━━
