
 ╔═══════════════════════════════════════════════════════╗
 ║   UniCalib — LiDAR-Camera 外参标定                    ║
 ║   两阶段: AI粗标定(MIAS-LCEC) → 无目标边缘精标定      ║
 ║   手动校准: --manual 触发 6-DOF 交互式调整             ║
 ╚═══════════════════════════════════════════════════════╝

[2026-05-07 10:57:08.962] [info] [LiDAR-Camera] [:] ━━━━━━━━━━━━━━━━━━━━━━━━━━━━━━━━━━━━
[2026-05-07 10:57:08.962] [info] [LiDAR-Camera] [:] 配置文件: /root/calib_ws/calib_unified/config/unicalib_example.yaml
[2026-05-07 10:57:08.962] [info] [LiDAR-Camera] [:] 输出目录: /root/calib_ws/results
[2026-05-07 10:57:08.962] [info] [LiDAR-Camera] [:] 数据根目录: /root/calib_ws/data (--data-dir 或 CALIB_DATA_DIR)
[2026-05-07 10:57:08.962] [info] [LiDAR-Camera] [:] 精标定方法: edge (无目标优先=true)
[2026-05-07 10:57:08.962] [info] [LiDAR-Camera] [:] AI粗标定: true | 手动校准: true
[2026-05-07 10:57:08.962] [info] [LiDAR-Camera] [:] ━━━━━━━━━━━━━━━━━━━━━━━━━━━━━━━━━━━━
[2026-05-07 10:57:08.963] [info] [LiDAR-Camera] [:] 读取系统配置: /root/calib_ws/calib_unified/config/unicalib_example.yaml
[2026-05-07 10:57:08.964] [info] [LiDAR-Camera] [:]   IMU: 1, LiDAR: 2, Camera: 2
[2026-05-07 10:57:08.964] [info] [LiDAR-Camera] [:] ━━━━━━━━━━━━━━━━━━━━━━━━━━━━━━━━━━━━ [数据路径] ━━━━━━━━━━━━━━━━━━━━━━━━━━━━━
[2026-05-07 10:57:08.964] [info] [LiDAR-Camera] [:]   数据路径来源: 统一格式 (data.lidar.<id> / data.camera.<id>.images_dir)
[2026-05-07 10:57:08.964] [info] [LiDAR-Camera] [:]   配置原始值 — lidar:  nya_02_slam_imu_to_lidar/lidar_horz.yaml
[2026-05-07 10:57:08.964] [info] [LiDAR-Camera] [:]   配置原始值 — camera: lidar_camera_calibration-master/calibration_data/camera_calibration
[2026-05-07 10:57:08.964] [info] [LiDAR-Camera] [:]   base_data_dir:  /root/calib_ws/data
[2026-05-07 10:57:08.964] [info] [LiDAR-Camera] [:]   base 来源: 命令行 --data-dir
[2026-05-07 10:57:08.964] [info] [LiDAR-Camera] [:]   lidar_dir:      /root/calib_ws/data/nya_02_slam_imu_to_lidar/lidar_horz.yaml
[2026-05-07 10:57:08.964] [info] [LiDAR-Camera] [:]     → 相对路径，已与 base 拼接
[2026-05-07 10:57:08.964] [info] [LiDAR-Camera] [:]     → 存在: 是
[2026-05-07 10:57:08.964] [info] [LiDAR-Camera] [:]   camera_dir:     /root/calib_ws/data/lidar_camera_calibration-master/calibration_data/camera_calibration
[2026-05-07 10:57:08.964] [info] [LiDAR-Camera] [:]     → 相对路径，已与 base 拼接
[2026-05-07 10:57:08.964] [info] [LiDAR-Camera] [:]     → 存在: 是
[2026-05-07 10:57:08.964] [info] [LiDAR-Camera] [:]   【数据就绪】是 — 点云与图像目录均存在，将执行精标定
[2026-05-07 10:57:08.964] [info] [LiDAR-Camera] [:]   说明: 使用 --dataset 时请将 data.lidar/data.camera 设为相对 base 的路径（如 pcd、images），不要使用 /path/to/... 占位符
[2026-05-07 10:57:08.964] [info] [LiDAR-Camera] [:] ━━━━━━━━━━━━━━━━━━━━━━━━━━━━━━━━━━━━━━━━━━━━━━━━━━━━━━━━━━━━━━━━━━━━━━━━━━━━
[2026-05-07 10:57:08.964] [info] [LiDAR-Camera] [:] 读取系统配置: /root/calib_ws/calib_unified/config/unicalib_example.yaml
[2026-05-07 10:57:08.965] [info] [LiDAR-Camera] [:]   IMU: 1, LiDAR: 2, Camera: 2
[2026-05-07 10:57:08.966] [info] [LiDAR-Camera] [:] 读取系统配置: /root/calib_ws/calib_unified/config/unicalib_example.yaml
[2026-05-07 10:57:08.967] [info] [LiDAR-Camera] [:]   IMU: 1, LiDAR: 2, Camera: 2
[2026-05-07 10:57:08.967] [info] [LiDAR-Camera] [:] 配置: 使用 ROS2 bag 模式（离线标定）
[2026-05-07 10:57:08.967] [info] [LiDAR-Camera] [:]   Bag 路径: /root/calib_ws/data/nya_02_slam_imu_to_lidar/nya_02_ros2
[2026-05-07 10:57:08.967] [info] [LiDAR-Camera] [:]   LiDAR 话题: /os1_cloud_node1/points
[2026-05-07 10:57:08.967] [info] [LiDAR-Camera] [:]   相机话题: /left/image_raw
[2026-05-07 10:57:08.967] [info] [LiDAR-Camera] [:]   IMU 话题: /imu/imu
[2026-05-07 10:57:08.967] [info] [LiDAR-Camera] [:] [数据源] 类型=ROS2_BAG  path=/root/calib_ws/data/nya_02_slam_imu_to_lidar/nya_02_ros2  lidar_topic=/os1_cloud_node1/points  camera_topic=/left/image_raw
[2026-05-07 10:57:08.967] [info] [LiDAR-Camera] [:]   内参将从相机标定结果读取: ./results/camera_intrinsic/camera_intrinsic_cam_left.yaml (camera_id=cam_left)
[2026-05-07 10:57:08.967] [info] [LiDAR-Camera] [:]   内参将从相机标定结果读取: ./results/camera_intrinsic/camera_intrinsic_cam_right.yaml (camera_id=cam_right)
[2026-05-07 10:57:08.967] [info] [LiDAR-Camera] [:] [CalibPipeline] 初始化 ID=pipeline_20260507_105708
[2026-05-07 10:57:08.967] [info] [LiDAR-Camera] [:] [CalibPipeline] 输出目录: ./results
[2026-05-07 10:57:08.967] [info] [LiDAR-Camera] [:] [CalibPipeline] 无目标优先: true
[2026-05-07 10:57:08.967] [info] [LiDAR-Camera] [:] [CalibPipeline] 任务掩码: 0x10
[2026-05-07 10:57:08.967] [info] [LiDAR-Camera] [:] ▶ Stage 1: AI 粗标定 (MIAS-LCEC)
[2026-05-07 10:57:08.967] [info] [LiDAR-Camera] [:]   模型路径: /root/calib_ws/MIAS-LCEC (粗标定使用 pretrained_overlap_transformer.pth.tar)
[2026-05-07 10:57:09.791] [info] [LiDAR-Camera] [:] [AI-Calib] DM-Calib 配置的 Python 无 torch，改用已装 torch 的 Python: python3
[2026-05-07 10:57:09.792] [info] [LiDAR-Camera] [:] [AI-Calib] ===== AI 模型可用性检查 =====
[2026-05-07 10:57:09.792] [info] [LiDAR-Camera] [:] [DM-Calib] 可用性检查 失败 原因=推理脚本不存在 路径=/root/calib_ws/DM-Calib/DMCalib/tools/infer_unicalib.py
[2026-05-07 10:57:09.792] [info] [LiDAR-Camera] [:]   DM-Calib (相机内参):      ✗ 不可用
[2026-05-07 10:57:09.792] [info] [LiDAR-Camera] [:]   MIAS-LCEC (LiDAR-Cam):   ✓ 可用
[2026-05-07 10:57:09.792] [info] [LiDAR-Camera] [:] [TransformerIMU] 不可用: 脚本不存在 script=/root/calib_ws/Transformer-IMU-Calibrator/eval_unicalib.py
[2026-05-07 10:57:09.792] [info] [LiDAR-Camera] [:]   Transformer-IMU (IMU内参): ✗ 不可用
[2026-05-07 10:57:09.792] [info] [LiDAR-Camera] [:]   L2Calib (IMU-LiDAR):     ✗ 不可用
[2026-05-07 10:57:09.792] [info] [LiDAR-Camera] [:] [AI-Calib] ================================
[2026-05-07 10:57:09.792] [info] [LiDAR-Camera] [:]   [Stage 1] MIAS-LCEC 可用: 是 (粗标定支持: 1) 指定 coarse_pcd_file/coarse_image_file 2) 从当前数据源取首帧，同相机内参)
[2026-05-07 10:57:09.792] [info] [LiDAR-Camera] [:]   内参: fx=425.0 fy=426.8 cx=386.0 cy=241.9 尺寸=752x480 (来自 ./results/camera_intrinsic/camera_intrinsic_cam_left.yaml)
[2026-05-07 10:57:09.792] [info] [LiDAR-Camera] [:]   [Stage 1] 粗标定输入来源: 从 ROS2 数据源取首帧 (max_frames=2, lidar_id=lidar_front)
[2026-05-07 10:57:09.792] [info] [LiDAR-Camera] [:] [UnifiedDataLoader] 从 ROS2 加载数据...
[2026-05-07 10:57:09.792] [info] [LiDAR-Camera] [:]   Bag 文件: /root/calib_ws/data/nya_02_slam_imu_to_lidar/nya_02_ros2
[2026-05-07 10:57:09.792] [info] [LiDAR-Camera] [:]   实时模式: false
[2026-05-07 10:57:09.792] [info] [LiDAR-Camera] [:] [Ros2BagDataSource] 打开 bag 文件: /root/calib_ws/data/nya_02_slam_imu_to_lidar/nya_02_ros2
[2026-05-07 10:57:09.792] [info] [LiDAR-Camera] [:] [Ros2BagDataSource] 正在读取 metadata.yaml: /root/calib_ws/data/nya_02_slam_imu_to_lidar/nya_02_ros2/metadata.yaml
[2026-05-07 10:57:09.793] [info] [LiDAR-Camera] [:] [Ros2BagDataSource] 使用配置的 LiDAR 话题: /os1_cloud_node1/points
[2026-05-07 10:57:09.793] [info] [LiDAR-Camera] [:] [Ros2BagDataSource] 使用配置的相机话题: /left/image_raw
[2026-05-07 10:57:09.793] [info] [LiDAR-Camera] [:] [Ros2BagDataSource] 使用配置的 IMU 话题: /imu/imu
[INFO] [1778122629.797676614] [rosbag2_storage]: Opened database '/root/calib_ws/data/nya_02_slam_imu_to_lidar/nya_02_ros2/nya_02_ros2.db3' for READ_ONLY.
[2026-05-07 10:57:09.797] [info] [LiDAR-Camera] [:] [Ros2BagDataSource] Bag 已打开，开始读取消息...
[2026-05-07 10:57:09.797] [info] [LiDAR-Camera] [:] [Ros2BagDataSource] 找到 19 个话题
[2026-05-07 10:57:09.797] [info] [LiDAR-Camera] [:] [Ros2BagDataSource]  话题: /dji_sdk/imu  类型: sensor_msgs/msg/Imu  消息数: 171462
[2026-05-07 10:57:09.797] [info] [LiDAR-Camera] [:] [Ros2BagDataSource]  话题: /dji_sdk/attitude  类型: geometry_msgs/msg/QuaternionStamped  消息数: 42866
[2026-05-07 10:57:09.797] [info] [LiDAR-Camera] [:] [Ros2BagDataSource]  话题: /os1_cloud_node2/imu  类型: sensor_msgs/msg/Imu  消息数: 42862
[2026-05-07 10:57:09.797] [info] [LiDAR-Camera] [:] [Ros2BagDataSource]  话题: /os1_cloud_node1/imu  类型: sensor_msgs/msg/Imu  消息数: 42862
[2026-05-07 10:57:09.797] [info] [LiDAR-Camera] [:] [Ros2BagDataSource]  话题: /imu/imu  类型: sensor_msgs/msg/Imu  消息数: 166428
[2026-05-07 10:57:09.797] [info] [LiDAR-Camera] [:] [Ros2BagDataSource]  话题: /imu/magnetic_field  类型: sensor_msgs/msg/MagneticField  消息数: 166428
[2026-05-07 10:57:09.797] [info] [LiDAR-Camera] [:] [Ros2BagDataSource]  话题: /imu/temperature  类型: sensor_msgs/msg/Temperature  消息数: 166428
[2026-05-07 10:57:09.797] [info] [LiDAR-Camera] [:] [Ros2BagDataSource]  话题: /dji_sdk/gps_position  类型: sensor_msgs/msg/NavSatFix  消息数: 21433
[2026-05-07 10:57:09.797] [info] [LiDAR-Camera] [:] [Ros2BagDataSource]  话题: /dji_sdk/height_above_takeoff  类型: std_msgs/msg/Float32  消息数: 21433
[2026-05-07 10:57:09.797] [info] [LiDAR-Camera] [:] [Ros2BagDataSource]  话题: /dji_sdk/gps_health  类型: std_msgs/msg/UInt8  消息数: 21433
[2026-05-07 10:57:09.797] [info] [LiDAR-Camera] [:] [Ros2BagDataSource]  话题: /uwb_endorange_info  类型: uwb_driver/msg/UwbRange  消息数: 25172
[2026-05-07 10:57:09.797] [info] [LiDAR-Camera] [:] [Ros2BagDataSource]  话题: /left/image_raw  类型: sensor_msgs/msg/Image  消息数: 4285
[2026-05-07 10:57:09.797] [info] [LiDAR-Camera] [:] [Ros2BagDataSource]  话题: /right/image_raw  类型: sensor_msgs/msg/Image  消息数: 4285
[2026-05-07 10:57:09.797] [info] [LiDAR-Camera] [:] [Ros2BagDataSource]  话题: /os1_cloud_node1/points  类型: sensor_msgs/msg/PointCloud2  消息数: 4287
[2026-05-07 10:57:09.797] [info] [LiDAR-Camera] [:] [Ros2BagDataSource]  话题: /os1_cloud_node2/points  类型: sensor_msgs/msg/PointCloud2  消息数: 4286
[2026-05-07 10:57:09.797] [info] [LiDAR-Camera] [:] [Ros2BagDataSource]  话题: /uwb_exorange_info  类型: uwb_driver/msg/UwbEcho  消息数: 2437
[2026-05-07 10:57:09.797] [info] [LiDAR-Camera] [:] [Ros2BagDataSource]  话题: /node_pos_marker_sc  类型: visualization_msgs/msg/Marker  消息数: 2437
[2026-05-07 10:57:09.797] [info] [LiDAR-Camera] [:] [Ros2BagDataSource]  话题: /node_pos_sc  类型: nav_msgs/msg/Path  消息数: 2437
[2026-05-07 10:57:09.797] [info] [LiDAR-Camera] [:] [Ros2BagDataSource]  话题: /leica/pose/relative  类型: geometry_msgs/msg/PoseStamped  消息数: 7679
[2026-05-07 10:57:09.797] [info] [LiDAR-Camera] [:] [Ros2BagDataSource] 将加载 bag 内所有 IMU / LiDAR / 相机话题，加载后可通过 sensor_id 或话题名选择使用
[2026-05-07 10:57:28.911] [info] [LiDAR-Camera] [:] [Ros2BagDataSource] 加载完成 (所有话题按话题名存储，可通过 sensor_id 或话题名选择):
[2026-05-07 10:57:28.913] [info] [LiDAR-Camera] [:]   LiDAR [/os1_cloud_node1/points]: 4287 帧
[2026-05-07 10:57:28.913] [info] [LiDAR-Camera] [:]   LiDAR [/os1_cloud_node2/points]: 4286 帧
[2026-05-07 10:57:28.913] [info] [LiDAR-Camera] [:]   相机 [/left/image_raw]: 4285 帧
[2026-05-07 10:57:28.913] [info] [LiDAR-Camera] [:]   相机 [/right/image_raw]: 4285 帧
[2026-05-07 10:57:28.913] [info] [LiDAR-Camera] [:]   IMU [/dji_sdk/imu]: 171462 帧
[2026-05-07 10:57:28.913] [info] [LiDAR-Camera] [:]   IMU [/imu/imu]: 166428 帧
[2026-05-07 10:57:28.913] [info] [LiDAR-Camera] [:]   IMU [/os1_cloud_node1/imu]: 42862 帧
[2026-05-07 10:57:28.913] [info] [LiDAR-Camera] [:]   IMU [/os1_cloud_node2/imu]: 42862 帧
[2026-05-07 10:57:28.913] [info] [LiDAR-Camera] [:]   选用 LiDAR  lidar_front -> /os1_cloud_node1/points
[2026-05-07 10:57:28.913] [info] [LiDAR-Camera] [:]   选用 相机  cam_left -> /left/image_raw
[2026-05-07 10:57:28.913] [info] [LiDAR-Camera] [:]   选用 IMU    imu_0 -> /imu/imu
[2026-05-07 10:57:28.914] [info] [LiDAR-Camera] [:]   时间范围: 1609045331.127 - 1609045759.771 秒
[2026-05-07 10:57:28.914] [info] [LiDAR-Camera] [:] [Ros2BagDataSource] 应用采样/帧数限制...
[2026-05-07 10:57:29.123] [info] [LiDAR-Camera] [:]   LiDAR /os1_cloud_node1/points 采样后: 2 帧
[2026-05-07 10:57:29.190] [info] [LiDAR-Camera] [:]   LiDAR /os1_cloud_node2/points 采样后: 2 帧
[2026-05-07 10:57:29.262] [info] [LiDAR-Camera] [:]   相机 /left/image_raw 采样后: 2 帧
[2026-05-07 10:57:29.360] [info] [LiDAR-Camera] [:]   相机 /right/image_raw 采样后: 2 帧
[2026-05-07 10:57:29.419] [info] [LiDAR-Camera] [:]   [Stage 1] ROS2 加载结果: LiDAR 2 帧  相机 2 帧 (sensor_id=cam_left)
[2026-05-07 10:57:29.464] [info] [LiDAR-Camera] [:]   [Stage 1] 已写入首帧到: PCD=./results/coarse_input/coarse_first.pcd  image=./results/coarse_input/coarse_first.png (ASCII PCD 供 Python 兼容)
[2026-05-07 10:57:29.734] [info] [LiDAR-Camera] [:]   [Stage 1] 标定对: lidar_id=lidar_front  camera_id=cam_left
[2026-05-07 10:57:29.734] [info] [LiDAR-Camera] [:]   [Stage 1] 调用粗标定: pcd=./results/coarse_input/coarse_first.pcd  image=./results/coarse_input/coarse_first.png 内参: fx=425.0 尺寸=752x480
[2026-05-07 10:57:29.734] [info] [LiDAR-Camera] [:] [AI-Calib] LiDAR-Cam 粗估 (MIAS-LCEC) lidar_0→cam_0
[2026-05-07 10:57:29.735] [info] [LiDAR-Camera] [:] [MIAS-LCEC] 仓库: /root/calib_ws/calib_unified 脚本: scripts/run_lidar_cam_coarse.py 实际传入模型路径: /root/calib_ws/MIAS-LCEC/model/mobile_sam.pt
[2026-05-07 10:57:29.736] [info] [LiDAR-Camera] [:] [MIAS-LCEC] 子进程 Python: python3 (已绕过 wrapper)
[2026-05-07 10:57:29.736] [info] [LiDAR-Camera] [:] [MIAS-LCEC] 粗标定尝试 1/2  (首次), 超时=180s
[2026-05-07 10:57:29.736] [info] [LiDAR-Camera] [:] [MIAS-LCEC] 执行命令 (python3+PYTHONPATH): python3 /root/calib_ws/calib_unified/scripts/run_lidar_cam_coarse.py --pcd ./results/coarse_input/coarse_first.pcd --image ./results/coarse_input/coarse_first.png --sensor_config /tmp/mias_work/sensor_config.yaml --output_dir /tmp/mias_work/output --quality-ncc-good 0.300000 --quality-ncc-acceptable 0.200000 --quality-rms-good-px 2.000000 --quality-rms-acceptable-px 5.000000 --quality-inlier-ratio-good 0.600000 --quality-inlier-ratio-acceptable 0.400000 --model_path /root/calib_ws/MIAS-LCEC/model/mobile_sam.pt --mias_repo /root/calib_ws/calib_unified --no-require-model
[2026-05-07 10:57:29.895] [info] [LiDAR-Camera] [:] [MIAS-LCEC] 子进程: [2026-05-07 10:57:29.895] [INFO] 环境: numpy=2.2.6
[2026-05-07 10:57:29.895] [info] [LiDAR-Camera] [:] [MIAS-LCEC] 子进程: [2026-05-07 10:57:29.895] [INFO] ======== 粗标定开始 ========
[2026-05-07 10:57:29.895] [info] [LiDAR-Camera] [:] [MIAS-LCEC] 子进程: [2026-05-07 10:57:29.895] [INFO] 输入: pcd=./results/coarse_input/coarse_first.pcd  image=./results/coarse_input/coarse_first.png  sensor_config=/tmp/mias_work/sensor_config.yaml  output_dir=/tmp/mias_work/output
[2026-05-07 10:57:29.896] [info] [LiDAR-Camera] [:] [MIAS-LCEC] 子进程: [2026-05-07 10:57:29.895] [INFO] [步骤 1/4] 读取 sensor_config...
[2026-05-07 10:57:29.906] [info] [LiDAR-Camera] [:] [MIAS-LCEC] 子进程: [2026-05-07 10:57:29.906] [INFO] 读取 sensor_config: /tmp/mias_work/sensor_config.yaml
[2026-05-07 10:57:29.909] [info] [LiDAR-Camera] [:] [MIAS-LCEC] 子进程: [2026-05-07 10:57:29.907] [INFO] 相机内参: fx=425.03 fy=426.80 cx=386.01 cy=241.91 width=752 height=480
[2026-05-07 10:57:29.909] [info] [LiDAR-Camera] [:] [MIAS-LCEC] 子进程: [2026-05-07 10:57:29.907] [INFO] [步骤 2/4] 读取 PCD...
[2026-05-07 10:57:29.918] [info] [LiDAR-Camera] [:] [MIAS-LCEC] 子进程: [2026-05-07 10:57:29.918] [INFO] PCD 加载方式: ASCII (优先，避免 Open3D/NumPy 2.x 兼容问题)  路径=./results/coarse_input/coarse_first.pcd
[2026-05-07 10:57:29.919] [info] [LiDAR-Camera] [:] [MIAS-LCEC] 子进程: [2026-05-07 10:57:29.919] [INFO] 点云规模: 12609 点  范围 X[-32.52, 49.52] Y[-28.54, 43.99] Z[-7.83, 1.22]
[2026-05-07 10:57:29.919] [info] [LiDAR-Camera] [:] [MIAS-LCEC] 子进程: [2026-05-07 10:57:29.919] [INFO] [步骤 2/4] PCD 读取完成  点数=12609
[2026-05-07 10:57:29.919] [info] [LiDAR-Camera] [:] [MIAS-LCEC] 子进程: [2026-05-07 10:57:29.919] [INFO] [步骤 3/4] 读取图像 (优先 Pillow，避免 NumPy 2.x 下 cv2 崩溃)...
[2026-05-07 10:57:29.946] [info] [LiDAR-Camera] [:] [MIAS-LCEC] 子进程: [2026-05-07 10:57:29.946] [INFO] 图像加载: Pillow  路径=./results/coarse_input/coarse_first.png  尺寸=752x480 (避免 NumPy 2.x 下 cv2 崩溃)
[2026-05-07 10:57:29.946] [info] [LiDAR-Camera] [:] [MIAS-LCEC] 子进程: [2026-05-07 10:57:29.946] [INFO] [步骤 3/4] 图像读取完成  尺寸=752x480
[2026-05-07 10:57:29.946] [info] [LiDAR-Camera] [:] [MIAS-LCEC] 子进程: [2026-05-07 10:57:29.946] [INFO] [粗标定] ===== 尝试深度模型推理 =====
[2026-05-07 10:57:29.946] [info] [LiDAR-Camera] [:] [MIAS-LCEC] 子进程: [2026-05-07 10:57:29.946] [INFO] [粗标定] 配置: model_path=/root/calib_ws/MIAS-LCEC/model/mobile_sam.pt
[2026-05-07 10:57:29.946] [info] [LiDAR-Camera] [:] [MIAS-LCEC] 子进程: [2026-05-07 10:57:29.946] [INFO] [粗标定] 配置: mias_repo=/root/calib_ws/calib_unified
[2026-05-07 10:57:29.946] [info] [LiDAR-Camera] [:] [MIAS-LCEC] 子进程: [2026-05-07 10:57:29.946] [INFO] [粗标定] require_model=False
[2026-05-07 10:57:29.947] [info] [LiDAR-Camera] [:] [MIAS-LCEC] 子进程: [2026-05-07 10:57:29.947] [INFO] [粗标定] mias_lcec_infer 导入成功
[2026-05-07 10:57:29.947] [info] [LiDAR-Camera] [:] [MIAS-LCEC] 子进程: [2026-05-07 10:57:29.947] [INFO] [粗标定] 开始调用深度模型推理...
[2026-05-07 10:57:29.947] [info] [LiDAR-Camera] [:] [MIAS-LCEC] 子进程: [2026-05-07 10:57:29.947] [INFO] [粗标定] 输入: pcd=./results/coarse_input/coarse_first.pcd image=./results/coarse_input/coarse_first.png
[2026-05-07 10:57:29.947] [info] [LiDAR-Camera] [:] [MIAS-LCEC] 子进程: [MIAS_LCEC_INFER 2026-05-07 10:57:29.947] [WARNING] [MIAS-LCEC 推理] 未使用深度模型: 模型文件不存在或未配置 model_path=/root/calib_ws/MIAS-LCEC/model/mobile_sam.pt
[2026-05-07 10:57:29.947] [info] [LiDAR-Camera] [:] [MIAS-LCEC] 子进程: [2026-05-07 10:57:29.947] [INFO] [粗标定] 推理完成，返回值类型: None
[2026-05-07 10:57:29.947] [info] [LiDAR-Camera] [:] [MIAS-LCEC] 子进程: [2026-05-07 10:57:29.947] [WARNING] [粗标定] 深度模型未返回结果 (require_model=false)，将回退 PnP 几何初值；请检查: 1) MIAS-LCEC 仓库是否有 infer_unicalib.py 或 LcMatch_CApi 2) Python 版本是否为 3.10 (LcMatch_CApi 需要) 3) model_path 是否正确
[2026-05-07 10:57:29.947] [info] [LiDAR-Camera] [:] [MIAS-LCEC] 子进程: [2026-05-07 10:57:29.947] [WARNING] [粗标定] ★ 结论: 未使用深度模型，将回退 PnP；原因见上方 [MIAS_LCEC_INFER] 错误日志（如 Read-only file system、ImportError 等）
[2026-05-07 10:57:30.343] [info] [LiDAR-Camera] [:] [MIAS-LCEC] 子进程: A module that was compiled using NumPy 1.x cannot be run in
[2026-05-07 10:57:30.343] [info] [LiDAR-Camera] [:] [MIAS-LCEC] 子进程: NumPy 2.2.6 as it may crash. To support both 1.x and 2.x
[2026-05-07 10:57:30.343] [info] [LiDAR-Camera] [:] [MIAS-LCEC] 子进程: versions of NumPy, modules must be compiled with NumPy 2.0.
[2026-05-07 10:57:30.343] [info] [LiDAR-Camera] [:] [MIAS-LCEC] 子进程: Some module may need to rebuild instead e.g. with 'pybind11>=2.12'.
[2026-05-07 10:57:30.343] [info] [LiDAR-Camera] [:] [MIAS-LCEC] 子进程: If you are a user of the module, the easiest solution will be to
[2026-05-07 10:57:30.343] [info] [LiDAR-Camera] [:] [MIAS-LCEC] 子进程: downgrade to 'numpy<2' or try to upgrade the affected module.
[2026-05-07 10:57:30.343] [info] [LiDAR-Camera] [:] [MIAS-LCEC] 子进程: We expect that some modules will need time to support NumPy 2.
[2026-05-07 10:57:30.343] [info] [LiDAR-Camera] [:] [MIAS-LCEC] 子进程: Traceback (most recent call last):  File "/root/calib_ws/calib_unified/scripts/run_lidar_cam_coarse.py", line 698, in <module>
[2026-05-07 10:57:30.343] [info] [LiDAR-Camera] [:] [MIAS-LCEC] 子进程:     sys.exit(main_with_traceback())
[2026-05-07 10:57:30.343] [info] [LiDAR-Camera] [:] [MIAS-LCEC] 子进程:   File "/root/calib_ws/calib_unified/scripts/run_lidar_cam_coarse.py", line 689, in main_with_traceback
[2026-05-07 10:57:30.343] [info] [LiDAR-Camera] [:] [MIAS-LCEC] 子进程:     return main()
[2026-05-07 10:57:30.343] [info] [LiDAR-Camera] [:] [MIAS-LCEC] 子进程:   File "/root/calib_ws/calib_unified/scripts/run_lidar_cam_coarse.py", line 567, in main
[2026-05-07 10:57:30.343] [info] [LiDAR-Camera] [:] [MIAS-LCEC] 子进程:     if not _check_cv2_available():
[2026-05-07 10:57:30.343] [info] [LiDAR-Camera] [:] [MIAS-LCEC] 子进程:   File "/root/calib_ws/calib_unified/scripts/run_lidar_cam_coarse.py", line 259, in _check_cv2_available
[2026-05-07 10:57:30.343] [info] [LiDAR-Camera] [:] [MIAS-LCEC] 子进程:     import cv2  # noqa: F401
[2026-05-07 10:57:30.343] [info] [LiDAR-Camera] [:] [MIAS-LCEC] 子进程:   File "/usr/local/lib/python3.10/dist-packages/cv2/__init__.py", line 181, in <module>
[2026-05-07 10:57:30.343] [info] [LiDAR-Camera] [:] [MIAS-LCEC] 子进程:     bootstrap()
[2026-05-07 10:57:30.343] [info] [LiDAR-Camera] [:] [MIAS-LCEC] 子进程:   File "/usr/local/lib/python3.10/dist-packages/cv2/__init__.py", line 153, in bootstrap
[2026-05-07 10:57:30.343] [info] [LiDAR-Camera] [:] [MIAS-LCEC] 子进程:     native_module = importlib.import_module("cv2")
[2026-05-07 10:57:30.343] [info] [LiDAR-Camera] [:] [MIAS-LCEC] 子进程:   File "/usr/lib/python3.10/importlib/__init__.py", line 126, in import_module
[2026-05-07 10:57:30.343] [info] [LiDAR-Camera] [:] [MIAS-LCEC] 子进程:     return _bootstrap._gcd_import(name[level:], package, level)
[2026-05-07 10:57:30.343] [info] [LiDAR-Camera] [:] [MIAS-LCEC] 子进程: AttributeError: _ARRAY_API not found
[2026-05-07 10:57:30.343] [info] [LiDAR-Camera] [:] [MIAS-LCEC] 子进程: [2026-05-07 10:57:30.343] [WARNING] [粗标定] cv2 不可用 (ImportError)，跳过 PnP，将输出 identity。原因: numpy.core.multiarray failed to import
[2026-05-07 10:57:30.343] [info] [LiDAR-Camera] [:] [MIAS-LCEC] 子进程: [2026-05-07 10:57:30.343] [WARNING] [粗标定] cv2 不可用，不调用 PnP，输出 identity；精标定可能无法收敛，建议修复环境后重试
[2026-05-07 10:57:30.343] [info] [LiDAR-Camera] [:] [MIAS-LCEC] 子进程: [2026-05-07 10:57:30.343] [INFO] [粗标定] 方法=identity  输出 t=[0, 0, 0]  (精标定可能无法收敛，建议检查 PnP 或深度模型)
[2026-05-07 10:57:30.343] [info] [LiDAR-Camera] [:] [MIAS-LCEC] 子进程: [2026-05-07 10:57:30.343] [INFO] [步骤 4/5] 写入 extrinsic_result.yaml...
[2026-05-07 10:57:30.345] [info] [LiDAR-Camera] [:] [MIAS-LCEC] 子进程: [2026-05-07 10:57:30.345] [INFO] 已写出 extrinsic_result.yaml: /tmp/mias_work/output/extrinsic_result.yaml  translation=[0.0000, 0.0000, 0.0000]
[2026-05-07 10:57:30.345] [info] [LiDAR-Camera] [:] [MIAS-LCEC] 子进程: [2026-05-07 10:57:30.345] [INFO] [步骤 5/5] 生成 quality_report.yaml...
[2026-05-07 10:57:30.630] [info] [LiDAR-Camera] [:] [MIAS-LCEC] 子进程: A module that was compiled using NumPy 1.x cannot be run in
[2026-05-07 10:57:30.630] [info] [LiDAR-Camera] [:] [MIAS-LCEC] 子进程: NumPy 2.2.6 as it may crash. To support both 1.x and 2.x
[2026-05-07 10:57:30.630] [info] [LiDAR-Camera] [:] [MIAS-LCEC] 子进程: versions of NumPy, modules must be compiled with NumPy 2.0.
[2026-05-07 10:57:30.630] [info] [LiDAR-Camera] [:] [MIAS-LCEC] 子进程: Some module may need to rebuild instead e.g. with 'pybind11>=2.12'.
[2026-05-07 10:57:30.630] [info] [LiDAR-Camera] [:] [MIAS-LCEC] 子进程: If you are a user of the module, the easiest solution will be to
[2026-05-07 10:57:30.630] [info] [LiDAR-Camera] [:] [MIAS-LCEC] 子进程: downgrade to 'numpy<2' or try to upgrade the affected module.
[2026-05-07 10:57:30.630] [info] [LiDAR-Camera] [:] [MIAS-LCEC] 子进程: We expect that some modules will need time to support NumPy 2.
[2026-05-07 10:57:30.630] [info] [LiDAR-Camera] [:] [MIAS-LCEC] 子进程: Traceback (most recent call last):  File "/root/calib_ws/calib_unified/scripts/run_lidar_cam_coarse.py", line 698, in <module>
[2026-05-07 10:57:30.630] [info] [LiDAR-Camera] [:] [MIAS-LCEC] 子进程:     sys.exit(main_with_traceback())
[2026-05-07 10:57:30.630] [info] [LiDAR-Camera] [:] [MIAS-LCEC] 子进程:   File "/root/calib_ws/calib_unified/scripts/run_lidar_cam_coarse.py", line 689, in main_with_traceback
[2026-05-07 10:57:30.630] [info] [LiDAR-Camera] [:] [MIAS-LCEC] 子进程:     return main()
[2026-05-07 10:57:30.630] [info] [LiDAR-Camera] [:] [MIAS-LCEC] 子进程:   File "/root/calib_ws/calib_unified/scripts/run_lidar_cam_coarse.py", line 636, in main
[2026-05-07 10:57:30.630] [info] [LiDAR-Camera] [:] [MIAS-LCEC] 子进程:     from mias_lcec_pytorch.quality_assessment import assess_calibration_quality
[2026-05-07 10:57:30.630] [info] [LiDAR-Camera] [:] [MIAS-LCEC] 子进程:   File "/root/calib_ws/calib_unified/scripts/mias_lcec_pytorch/__init__.py", line 17, in <module>
[2026-05-07 10:57:30.630] [info] [LiDAR-Camera] [:] [MIAS-LCEC] 子进程:     from .coarse_calib import MIASLCECCoarseCalib
[2026-05-07 10:57:30.630] [info] [LiDAR-Camera] [:] [MIAS-LCEC] 子进程:   File "/root/calib_ws/calib_unified/scripts/mias_lcec_pytorch/coarse_calib.py", line 26, in <module>
[2026-05-07 10:57:30.630] [info] [LiDAR-Camera] [:] [MIAS-LCEC] 子进程:     import torch
[2026-05-07 10:57:30.630] [info] [LiDAR-Camera] [:] [MIAS-LCEC] 子进程:   File "/usr/local/lib/python3.10/dist-packages/torch/__init__.py", line 1382, in <module>
[2026-05-07 10:57:30.630] [info] [LiDAR-Camera] [:] [MIAS-LCEC] 子进程:     from .functional import *  # noqa: F403
[2026-05-07 10:57:30.630] [info] [LiDAR-Camera] [:] [MIAS-LCEC] 子进程:   File "/usr/local/lib/python3.10/dist-packages/torch/functional.py", line 7, in <module>
[2026-05-07 10:57:30.630] [info] [LiDAR-Camera] [:] [MIAS-LCEC] 子进程:     import torch.nn.functional as F
[2026-05-07 10:57:30.630] [info] [LiDAR-Camera] [:] [MIAS-LCEC] 子进程:   File "/usr/local/lib/python3.10/dist-packages/torch/nn/__init__.py", line 1, in <module>
[2026-05-07 10:57:30.630] [info] [LiDAR-Camera] [:] [MIAS-LCEC] 子进程:     from .modules import *  # noqa: F403
[2026-05-07 10:57:30.630] [info] [LiDAR-Camera] [:] [MIAS-LCEC] 子进程:   File "/usr/local/lib/python3.10/dist-packages/torch/nn/modules/__init__.py", line 35, in <module>
[2026-05-07 10:57:30.630] [info] [LiDAR-Camera] [:] [MIAS-LCEC] 子进程:     from .transformer import TransformerEncoder, TransformerDecoder, \
[2026-05-07 10:57:30.630] [info] [LiDAR-Camera] [:] [MIAS-LCEC] 子进程:   File "/usr/local/lib/python3.10/dist-packages/torch/nn/modules/transformer.py", line 20, in <module>
[2026-05-07 10:57:30.630] [info] [LiDAR-Camera] [:] [MIAS-LCEC] 子进程:     device: torch.device = torch.device(torch._C._get_default_device()),  # torch.device('cpu'),
[2026-05-07 10:57:30.630] [info] [LiDAR-Camera] [:] [MIAS-LCEC] 子进程: /usr/local/lib/python3.10/dist-packages/torch/nn/modules/transformer.py:20: UserWarning: Failed to initialize NumPy: _ARRAY_API not found (Triggered internally at ../torch/csrc/utils/tensor_numpy.cpp:84.)
[2026-05-07 10:57:30.630] [info] [LiDAR-Camera] [:] [MIAS-LCEC] 子进程:   device: torch.device = torch.device(torch._C._get_default_device()),  # torch.device('cpu'),
[2026-05-07 10:57:32.007] [info] [LiDAR-Camera] [:] [MIAS-LCEC] 子进程: /usr/local/lib/python3.10/dist-packages/timm/models/layers/__init__.py:49: FutureWarning: Importing from timm.models.layers is deprecated, please import via timm.layers
[2026-05-07 10:57:32.007] [info] [LiDAR-Camera] [:] [MIAS-LCEC] 子进程:   warnings.warn(f"Importing from {__name__} is deprecated, please import via timm.layers", FutureWarning)
[2026-05-07 10:57:32.007] [info] [LiDAR-Camera] [:] [MIAS-LCEC] 子进程: /usr/local/lib/python3.10/dist-packages/timm/models/registry.py:4: FutureWarning: Importing from timm.models.registry is deprecated, please import via timm.models
[2026-05-07 10:57:32.007] [info] [LiDAR-Camera] [:] [MIAS-LCEC] 子进程:   warnings.warn(f"Importing from {__name__} is deprecated, please import via timm.models", FutureWarning)
[2026-05-07 10:57:32.007] [info] [LiDAR-Camera] [:] [MIAS-LCEC] 子进程: /root/calib_ws/calib_unified/thirdparty/MobileSAM/mobile_sam/modeling/tiny_vit_sam.py:656: UserWarning: Overwriting tiny_vit_5m_224 in registry with mobile_sam.modeling.tiny_vit_sam.tiny_vit_5m_224. This is because the name being registered conflicts with an existing name. Please check if this is not expected.
[2026-05-07 10:57:32.007] [info] [LiDAR-Camera] [:] [MIAS-LCEC] 子进程:   return register_model(fn_wrapper)
[2026-05-07 10:57:32.007] [info] [LiDAR-Camera] [:] [MIAS-LCEC] 子进程: /root/calib_ws/calib_unified/thirdparty/MobileSAM/mobile_sam/modeling/tiny_vit_sam.py:656: UserWarning: Overwriting tiny_vit_11m_224 in registry with mobile_sam.modeling.tiny_vit_sam.tiny_vit_11m_224. This is because the name being registered conflicts with an existing name. Please check if this is not expected.
[2026-05-07 10:57:32.007] [info] [LiDAR-Camera] [:] [MIAS-LCEC] 子进程:   return register_model(fn_wrapper)
[2026-05-07 10:57:32.007] [info] [LiDAR-Camera] [:] [MIAS-LCEC] 子进程: /root/calib_ws/calib_unified/thirdparty/MobileSAM/mobile_sam/modeling/tiny_vit_sam.py:656: UserWarning: Overwriting tiny_vit_21m_224 in registry with mobile_sam.modeling.tiny_vit_sam.tiny_vit_21m_224. This is because the name being registered conflicts with an existing name. Please check if this is not expected.
[2026-05-07 10:57:32.007] [info] [LiDAR-Camera] [:] [MIAS-LCEC] 子进程:   return register_model(fn_wrapper)
[2026-05-07 10:57:32.007] [info] [LiDAR-Camera] [:] [MIAS-LCEC] 子进程: /root/calib_ws/calib_unified/thirdparty/MobileSAM/mobile_sam/modeling/tiny_vit_sam.py:656: UserWarning: Overwriting tiny_vit_21m_384 in registry with mobile_sam.modeling.tiny_vit_sam.tiny_vit_21m_384. This is because the name being registered conflicts with an existing name. Please check if this is not expected.
[2026-05-07 10:57:32.007] [info] [LiDAR-Camera] [:] [MIAS-LCEC] 子进程:   return register_model(fn_wrapper)
[2026-05-07 10:57:32.007] [info] [LiDAR-Camera] [:] [MIAS-LCEC] 子进程: /root/calib_ws/calib_unified/thirdparty/MobileSAM/mobile_sam/modeling/tiny_vit_sam.py:656: UserWarning: Overwriting tiny_vit_21m_512 in registry with mobile_sam.modeling.tiny_vit_sam.tiny_vit_21m_512. This is because the name being registered conflicts with an existing name. Please check if this is not expected.
[2026-05-07 10:57:32.007] [info] [LiDAR-Camera] [:] [MIAS-LCEC] 子进程:   return register_model(fn_wrapper)
[2026-05-07 10:57:32.013] [info] [LiDAR-Camera] [:] [MIAS-LCEC] 子进程: [2026-05-07 10:57:32.013] [INFO] 已写出 quality_report.yaml: /tmp/mias_work/output/quality_report.yaml
[2026-05-07 10:57:32.013] [info] [LiDAR-Camera] [:] [MIAS-LCEC] 子进程: [2026-05-07 10:57:32.013] [INFO] 粗标定完成  方法=identity  耗时=2.18s  输出=/tmp/mias_work/output/extrinsic_result.yaml
[2026-05-07 10:57:32.013] [info] [LiDAR-Camera] [:] [MIAS-LCEC] 子进程: [2026-05-07 10:57:32.013] [INFO] [粗标定] ★ 最终: 使用恒等外参 (identity)，未使用深度模型
[2026-05-07 10:57:32.013] [info] [LiDAR-Camera] [:] [MIAS-LCEC] 子进程: [2026-05-07 10:57:32.013] [INFO] ======== 粗标定结束 ========
[2026-05-07 10:57:32.013] [info] [LiDAR-Camera] [:] [MIAS-LCEC] 子进程: [2026-05-07 10:57:32.013] [WARNING] [粗标定] 诊断摘要: 未使用深度模型 (method=identity)，详见上方 [MIAS_LCEC_INFER] 错误与修复建议
[2026-05-07 10:57:32.013] [info] [LiDAR-Camera] [:] [MIAS-LCEC] 子进程: [run_lidar_cam_coarse] OK  method=identity  output=/tmp/mias_work/output/extrinsic_result.yaml  elapsed_s=2.18
[2026-05-07 10:57:32.775] [info] [LiDAR-Camera] [:] [AI-Exec] 子进程完整输出已保存到: /tmp/mias_work/subprocess_1778122649.log
[2026-05-07 10:57:32.775] [info] [LiDAR-Camera] [:] [MIAS-LCEC] 子进程结束  exit_code=0  elapsed_ms=3038  output_exists=yes
[2026-05-07 10:57:32.775] [info] [LiDAR-Camera] [:] [MIAS-LCEC] 粗标定方法: identity)，详见上方 (由子进程 stdout 解析)
[2026-05-07 10:57:32.775] [warning] [LiDAR-Camera] [:] [MIAS-LCEC] ★ 粗标定未使用深度模型，结果来自几何回退(identity)，详见上方)；原因见上方子进程日志或 子进程完整输出
[2026-05-07 10:57:32.776] [info] [LiDAR-Camera] [:] [MIAS-LCEC] 解析结果  t=[0.0000, 0.0000, 0.0000]  is_identity=true
[2026-05-07 10:57:32.776] [warning] [LiDAR-Camera] [:] [MIAS-LCEC] 粗标定结果为 identity，重试  attempt=2/2  显式附加 --use_pnp
[2026-05-07 10:57:32.776] [info] [LiDAR-Camera] [:] [MIAS-LCEC] 粗标定尝试 2/2  (identity 后重试), 超时=180s
[2026-05-07 10:57:32.776] [info] [LiDAR-Camera] [:] [MIAS-LCEC] 执行命令 (python3+PYTHONPATH): python3 /root/calib_ws/calib_unified/scripts/run_lidar_cam_coarse.py --pcd ./results/coarse_input/coarse_first.pcd --image ./results/coarse_input/coarse_first.png --sensor_config /tmp/mias_work/sensor_config.yaml --output_dir /tmp/mias_work/output --quality-ncc-good 0.300000 --quality-ncc-acceptable 0.200000 --quality-rms-good-px 2.000000 --quality-rms-acceptable-px 5.000000 --quality-inlier-ratio-good 0.600000 --quality-inlier-ratio-acceptable 0.400000 --model_path /root/calib_ws/MIAS-LCEC/model/mobile_sam.pt --mias_repo /root/calib_ws/calib_unified --no-require-model --use_pnp
[2026-05-07 10:57:32.907] [info] [LiDAR-Camera] [:] [MIAS-LCEC] 子进程: [2026-05-07 10:57:32.907] [INFO] 环境: numpy=2.2.6
[2026-05-07 10:57:32.907] [info] [LiDAR-Camera] [:] [MIAS-LCEC] 子进程: [2026-05-07 10:57:32.907] [INFO] ======== 粗标定开始 ========
[2026-05-07 10:57:32.907] [info] [LiDAR-Camera] [:] [MIAS-LCEC] 子进程: [2026-05-07 10:57:32.907] [INFO] 输入: pcd=./results/coarse_input/coarse_first.pcd  image=./results/coarse_input/coarse_first.png  sensor_config=/tmp/mias_work/sensor_config.yaml  output_dir=/tmp/mias_work/output
[2026-05-07 10:57:32.907] [info] [LiDAR-Camera] [:] [MIAS-LCEC] 子进程: [2026-05-07 10:57:32.907] [INFO] [步骤 1/4] 读取 sensor_config...
[2026-05-07 10:57:32.915] [info] [LiDAR-Camera] [:] [MIAS-LCEC] 子进程: [2026-05-07 10:57:32.915] [INFO] 读取 sensor_config: /tmp/mias_work/sensor_config.yaml
[2026-05-07 10:57:32.916] [info] [LiDAR-Camera] [:] [MIAS-LCEC] 子进程: [2026-05-07 10:57:32.916] [INFO] 相机内参: fx=425.03 fy=426.80 cx=386.01 cy=241.91 width=752 height=480
[2026-05-07 10:57:32.916] [info] [LiDAR-Camera] [:] [MIAS-LCEC] 子进程: [2026-05-07 10:57:32.916] [INFO] [步骤 2/4] 读取 PCD...
[2026-05-07 10:57:32.927] [info] [LiDAR-Camera] [:] [MIAS-LCEC] 子进程: [2026-05-07 10:57:32.927] [INFO] PCD 加载方式: ASCII (优先，避免 Open3D/NumPy 2.x 兼容问题)  路径=./results/coarse_input/coarse_first.pcd
[2026-05-07 10:57:32.927] [info] [LiDAR-Camera] [:] [MIAS-LCEC] 子进程: [2026-05-07 10:57:32.927] [INFO] 点云规模: 12609 点  范围 X[-32.52, 49.52] Y[-28.54, 43.99] Z[-7.83, 1.22]
[2026-05-07 10:57:32.927] [info] [LiDAR-Camera] [:] [MIAS-LCEC] 子进程: [2026-05-07 10:57:32.927] [INFO] [步骤 2/4] PCD 读取完成  点数=12609
[2026-05-07 10:57:32.927] [info] [LiDAR-Camera] [:] [MIAS-LCEC] 子进程: [2026-05-07 10:57:32.927] [INFO] [步骤 3/4] 读取图像 (优先 Pillow，避免 NumPy 2.x 下 cv2 崩溃)...
[2026-05-07 10:57:32.948] [info] [LiDAR-Camera] [:] [MIAS-LCEC] 子进程: [2026-05-07 10:57:32.948] [INFO] 图像加载: Pillow  路径=./results/coarse_input/coarse_first.png  尺寸=752x480 (避免 NumPy 2.x 下 cv2 崩溃)
[2026-05-07 10:57:32.948] [info] [LiDAR-Camera] [:] [MIAS-LCEC] 子进程: [2026-05-07 10:57:32.948] [INFO] [步骤 3/4] 图像读取完成  尺寸=752x480
[2026-05-07 10:57:32.948] [info] [LiDAR-Camera] [:] [MIAS-LCEC] 子进程: [2026-05-07 10:57:32.948] [INFO] [粗标定] ===== 尝试深度模型推理 =====
[2026-05-07 10:57:32.948] [info] [LiDAR-Camera] [:] [MIAS-LCEC] 子进程: [2026-05-07 10:57:32.948] [INFO] [粗标定] 配置: model_path=/root/calib_ws/MIAS-LCEC/model/mobile_sam.pt
[2026-05-07 10:57:32.948] [info] [LiDAR-Camera] [:] [MIAS-LCEC] 子进程: [2026-05-07 10:57:32.948] [INFO] [粗标定] 配置: mias_repo=/root/calib_ws/calib_unified
[2026-05-07 10:57:32.948] [info] [LiDAR-Camera] [:] [MIAS-LCEC] 子进程: [2026-05-07 10:57:32.948] [INFO] [粗标定] require_model=False
[2026-05-07 10:57:32.948] [info] [LiDAR-Camera] [:] [MIAS-LCEC] 子进程: [2026-05-07 10:57:32.948] [INFO] [粗标定] mias_lcec_infer 导入成功
[2026-05-07 10:57:32.948] [info] [LiDAR-Camera] [:] [MIAS-LCEC] 子进程: [2026-05-07 10:57:32.948] [INFO] [粗标定] 开始调用深度模型推理...
[2026-05-07 10:57:32.948] [info] [LiDAR-Camera] [:] [MIAS-LCEC] 子进程: [2026-05-07 10:57:32.948] [INFO] [粗标定] 输入: pcd=./results/coarse_input/coarse_first.pcd image=./results/coarse_input/coarse_first.png
[2026-05-07 10:57:32.948] [info] [LiDAR-Camera] [:] [MIAS-LCEC] 子进程: [MIAS_LCEC_INFER 2026-05-07 10:57:32.948] [WARNING] [MIAS-LCEC 推理] 未使用深度模型: 模型文件不存在或未配置 model_path=/root/calib_ws/MIAS-LCEC/model/mobile_sam.pt
[2026-05-07 10:57:32.948] [info] [LiDAR-Camera] [:] [MIAS-LCEC] 子进程: [2026-05-07 10:57:32.948] [INFO] [粗标定] 推理完成，返回值类型: None
[2026-05-07 10:57:32.948] [info] [LiDAR-Camera] [:] [MIAS-LCEC] 子进程: [2026-05-07 10:57:32.948] [WARNING] [粗标定] 深度模型未返回结果 (require_model=false)，将回退 PnP 几何初值；请检查: 1) MIAS-LCEC 仓库是否有 infer_unicalib.py 或 LcMatch_CApi 2) Python 版本是否为 3.10 (LcMatch_CApi 需要) 3) model_path 是否正确
[2026-05-07 10:57:32.948] [info] [LiDAR-Camera] [:] [MIAS-LCEC] 子进程: [2026-05-07 10:57:32.948] [WARNING] [粗标定] ★ 结论: 未使用深度模型，将回退 PnP；原因见上方 [MIAS_LCEC_INFER] 错误日志（如 Read-only file system、ImportError 等）
[2026-05-07 10:57:33.038] [info] [LiDAR-Camera] [:] [MIAS-LCEC] 子进程: A module that was compiled using NumPy 1.x cannot be run in
[2026-05-07 10:57:33.038] [info] [LiDAR-Camera] [:] [MIAS-LCEC] 子进程: NumPy 2.2.6 as it may crash. To support both 1.x and 2.x
[2026-05-07 10:57:33.038] [info] [LiDAR-Camera] [:] [MIAS-LCEC] 子进程: versions of NumPy, modules must be compiled with NumPy 2.0.
[2026-05-07 10:57:33.038] [info] [LiDAR-Camera] [:] [MIAS-LCEC] 子进程: Some module may need to rebuild instead e.g. with 'pybind11>=2.12'.
[2026-05-07 10:57:33.038] [info] [LiDAR-Camera] [:] [MIAS-LCEC] 子进程: If you are a user of the module, the easiest solution will be to
[2026-05-07 10:57:33.038] [info] [LiDAR-Camera] [:] [MIAS-LCEC] 子进程: downgrade to 'numpy<2' or try to upgrade the affected module.
[2026-05-07 10:57:33.038] [info] [LiDAR-Camera] [:] [MIAS-LCEC] 子进程: We expect that some modules will need time to support NumPy 2.
[2026-05-07 10:57:33.038] [info] [LiDAR-Camera] [:] [MIAS-LCEC] 子进程: Traceback (most recent call last):  File "/root/calib_ws/calib_unified/scripts/run_lidar_cam_coarse.py", line 698, in <module>
[2026-05-07 10:57:33.038] [info] [LiDAR-Camera] [:] [MIAS-LCEC] 子进程:     sys.exit(main_with_traceback())
[2026-05-07 10:57:33.038] [info] [LiDAR-Camera] [:] [MIAS-LCEC] 子进程:   File "/root/calib_ws/calib_unified/scripts/run_lidar_cam_coarse.py", line 689, in main_with_traceback
[2026-05-07 10:57:33.038] [info] [LiDAR-Camera] [:] [MIAS-LCEC] 子进程:     return main()
[2026-05-07 10:57:33.038] [info] [LiDAR-Camera] [:] [MIAS-LCEC] 子进程:   File "/root/calib_ws/calib_unified/scripts/run_lidar_cam_coarse.py", line 567, in main
[2026-05-07 10:57:33.038] [info] [LiDAR-Camera] [:] [MIAS-LCEC] 子进程:     if not _check_cv2_available():
[2026-05-07 10:57:33.038] [info] [LiDAR-Camera] [:] [MIAS-LCEC] 子进程:   File "/root/calib_ws/calib_unified/scripts/run_lidar_cam_coarse.py", line 259, in _check_cv2_available
[2026-05-07 10:57:33.038] [info] [LiDAR-Camera] [:] [MIAS-LCEC] 子进程:     import cv2  # noqa: F401
[2026-05-07 10:57:33.038] [info] [LiDAR-Camera] [:] [MIAS-LCEC] 子进程:   File "/usr/local/lib/python3.10/dist-packages/cv2/__init__.py", line 181, in <module>
[2026-05-07 10:57:33.038] [info] [LiDAR-Camera] [:] [MIAS-LCEC] 子进程:     bootstrap()
[2026-05-07 10:57:33.038] [info] [LiDAR-Camera] [:] [MIAS-LCEC] 子进程:   File "/usr/local/lib/python3.10/dist-packages/cv2/__init__.py", line 153, in bootstrap
[2026-05-07 10:57:33.038] [info] [LiDAR-Camera] [:] [MIAS-LCEC] 子进程:     native_module = importlib.import_module("cv2")
[2026-05-07 10:57:33.038] [info] [LiDAR-Camera] [:] [MIAS-LCEC] 子进程:   File "/usr/lib/python3.10/importlib/__init__.py", line 126, in import_module
[2026-05-07 10:57:33.038] [info] [LiDAR-Camera] [:] [MIAS-LCEC] 子进程:     return _bootstrap._gcd_import(name[level:], package, level)
[2026-05-07 10:57:33.038] [info] [LiDAR-Camera] [:] [MIAS-LCEC] 子进程: AttributeError: _ARRAY_API not found
[2026-05-07 10:57:33.038] [info] [LiDAR-Camera] [:] [MIAS-LCEC] 子进程: [2026-05-07 10:57:33.038] [WARNING] [粗标定] cv2 不可用 (ImportError)，跳过 PnP，将输出 identity。原因: numpy.core.multiarray failed to import
[2026-05-07 10:57:33.038] [info] [LiDAR-Camera] [:] [MIAS-LCEC] 子进程: [2026-05-07 10:57:33.038] [WARNING] [粗标定] cv2 不可用，不调用 PnP，输出 identity；精标定可能无法收敛，建议修复环境后重试
[2026-05-07 10:57:33.038] [info] [LiDAR-Camera] [:] [MIAS-LCEC] 子进程: [2026-05-07 10:57:33.038] [INFO] [粗标定] 方法=identity  输出 t=[0, 0, 0]  (精标定可能无法收敛，建议检查 PnP 或深度模型)
[2026-05-07 10:57:33.039] [info] [LiDAR-Camera] [:] [MIAS-LCEC] 子进程: [2026-05-07 10:57:33.038] [INFO] [步骤 4/5] 写入 extrinsic_result.yaml...
[2026-05-07 10:57:33.039] [info] [LiDAR-Camera] [:] [MIAS-LCEC] 子进程: [2026-05-07 10:57:33.039] [INFO] 已写出 extrinsic_result.yaml: /tmp/mias_work/output/extrinsic_result.yaml  translation=[0.0000, 0.0000, 0.0000]
[2026-05-07 10:57:33.039] [info] [LiDAR-Camera] [:] [MIAS-LCEC] 子进程: [2026-05-07 10:57:33.039] [INFO] [步骤 5/5] 生成 quality_report.yaml...
[2026-05-07 10:57:33.269] [info] [LiDAR-Camera] [:] [MIAS-LCEC] 子进程: A module that was compiled using NumPy 1.x cannot be run in
[2026-05-07 10:57:33.269] [info] [LiDAR-Camera] [:] [MIAS-LCEC] 子进程: NumPy 2.2.6 as it may crash. To support both 1.x and 2.x
[2026-05-07 10:57:33.269] [info] [LiDAR-Camera] [:] [MIAS-LCEC] 子进程: versions of NumPy, modules must be compiled with NumPy 2.0.
[2026-05-07 10:57:33.269] [info] [LiDAR-Camera] [:] [MIAS-LCEC] 子进程: Some module may need to rebuild instead e.g. with 'pybind11>=2.12'.
[2026-05-07 10:57:33.269] [info] [LiDAR-Camera] [:] [MIAS-LCEC] 子进程: If you are a user of the module, the easiest solution will be to
[2026-05-07 10:57:33.269] [info] [LiDAR-Camera] [:] [MIAS-LCEC] 子进程: downgrade to 'numpy<2' or try to upgrade the affected module.
[2026-05-07 10:57:33.269] [info] [LiDAR-Camera] [:] [MIAS-LCEC] 子进程: We expect that some modules will need time to support NumPy 2.
[2026-05-07 10:57:33.269] [info] [LiDAR-Camera] [:] [MIAS-LCEC] 子进程: Traceback (most recent call last):  File "/root/calib_ws/calib_unified/scripts/run_lidar_cam_coarse.py", line 698, in <module>
[2026-05-07 10:57:33.269] [info] [LiDAR-Camera] [:] [MIAS-LCEC] 子进程:     sys.exit(main_with_traceback())
[2026-05-07 10:57:33.269] [info] [LiDAR-Camera] [:] [MIAS-LCEC] 子进程:   File "/root/calib_ws/calib_unified/scripts/run_lidar_cam_coarse.py", line 689, in main_with_traceback
[2026-05-07 10:57:33.269] [info] [LiDAR-Camera] [:] [MIAS-LCEC] 子进程:     return main()
[2026-05-07 10:57:33.269] [info] [LiDAR-Camera] [:] [MIAS-LCEC] 子进程:   File "/root/calib_ws/calib_unified/scripts/run_lidar_cam_coarse.py", line 636, in main
[2026-05-07 10:57:33.269] [info] [LiDAR-Camera] [:] [MIAS-LCEC] 子进程:     from mias_lcec_pytorch.quality_assessment import assess_calibration_quality
[2026-05-07 10:57:33.269] [info] [LiDAR-Camera] [:] [MIAS-LCEC] 子进程:   File "/root/calib_ws/calib_unified/scripts/mias_lcec_pytorch/__init__.py", line 17, in <module>
[2026-05-07 10:57:33.269] [info] [LiDAR-Camera] [:] [MIAS-LCEC] 子进程:     from .coarse_calib import MIASLCECCoarseCalib
[2026-05-07 10:57:33.269] [info] [LiDAR-Camera] [:] [MIAS-LCEC] 子进程:   File "/root/calib_ws/calib_unified/scripts/mias_lcec_pytorch/coarse_calib.py", line 26, in <module>
[2026-05-07 10:57:33.269] [info] [LiDAR-Camera] [:] [MIAS-LCEC] 子进程:     import torch
[2026-05-07 10:57:33.269] [info] [LiDAR-Camera] [:] [MIAS-LCEC] 子进程:   File "/usr/local/lib/python3.10/dist-packages/torch/__init__.py", line 1382, in <module>
[2026-05-07 10:57:33.269] [info] [LiDAR-Camera] [:] [MIAS-LCEC] 子进程:     from .functional import *  # noqa: F403
[2026-05-07 10:57:33.269] [info] [LiDAR-Camera] [:] [MIAS-LCEC] 子进程:   File "/usr/local/lib/python3.10/dist-packages/torch/functional.py", line 7, in <module>
[2026-05-07 10:57:33.269] [info] [LiDAR-Camera] [:] [MIAS-LCEC] 子进程:     import torch.nn.functional as F
[2026-05-07 10:57:33.269] [info] [LiDAR-Camera] [:] [MIAS-LCEC] 子进程:   File "/usr/local/lib/python3.10/dist-packages/torch/nn/__init__.py", line 1, in <module>
[2026-05-07 10:57:33.269] [info] [LiDAR-Camera] [:] [MIAS-LCEC] 子进程:     from .modules import *  # noqa: F403
[2026-05-07 10:57:33.269] [info] [LiDAR-Camera] [:] [MIAS-LCEC] 子进程:   File "/usr/local/lib/python3.10/dist-packages/torch/nn/modules/__init__.py", line 35, in <module>
[2026-05-07 10:57:33.269] [info] [LiDAR-Camera] [:] [MIAS-LCEC] 子进程:     from .transformer import TransformerEncoder, TransformerDecoder, \
[2026-05-07 10:57:33.269] [info] [LiDAR-Camera] [:] [MIAS-LCEC] 子进程:   File "/usr/local/lib/python3.10/dist-packages/torch/nn/modules/transformer.py", line 20, in <module>
[2026-05-07 10:57:33.269] [info] [LiDAR-Camera] [:] [MIAS-LCEC] 子进程:     device: torch.device = torch.device(torch._C._get_default_device()),  # torch.device('cpu'),
[2026-05-07 10:57:33.269] [info] [LiDAR-Camera] [:] [MIAS-LCEC] 子进程: /usr/local/lib/python3.10/dist-packages/torch/nn/modules/transformer.py:20: UserWarning: Failed to initialize NumPy: _ARRAY_API not found (Triggered internally at ../torch/csrc/utils/tensor_numpy.cpp:84.)
[2026-05-07 10:57:33.269] [info] [LiDAR-Camera] [:] [MIAS-LCEC] 子进程:   device: torch.device = torch.device(torch._C._get_default_device()),  # torch.device('cpu'),
[2026-05-07 10:57:34.375] [info] [LiDAR-Camera] [:] [MIAS-LCEC] 子进程: /usr/local/lib/python3.10/dist-packages/timm/models/layers/__init__.py:49: FutureWarning: Importing from timm.models.layers is deprecated, please import via timm.layers
[2026-05-07 10:57:34.375] [info] [LiDAR-Camera] [:] [MIAS-LCEC] 子进程:   warnings.warn(f"Importing from {__name__} is deprecated, please import via timm.layers", FutureWarning)
[2026-05-07 10:57:34.375] [info] [LiDAR-Camera] [:] [MIAS-LCEC] 子进程: /usr/local/lib/python3.10/dist-packages/timm/models/registry.py:4: FutureWarning: Importing from timm.models.registry is deprecated, please import via timm.models
[2026-05-07 10:57:34.375] [info] [LiDAR-Camera] [:] [MIAS-LCEC] 子进程:   warnings.warn(f"Importing from {__name__} is deprecated, please import via timm.models", FutureWarning)
[2026-05-07 10:57:34.375] [info] [LiDAR-Camera] [:] [MIAS-LCEC] 子进程: /root/calib_ws/calib_unified/thirdparty/MobileSAM/mobile_sam/modeling/tiny_vit_sam.py:656: UserWarning: Overwriting tiny_vit_5m_224 in registry with mobile_sam.modeling.tiny_vit_sam.tiny_vit_5m_224. This is because the name being registered conflicts with an existing name. Please check if this is not expected.
[2026-05-07 10:57:34.375] [info] [LiDAR-Camera] [:] [MIAS-LCEC] 子进程:   return register_model(fn_wrapper)
[2026-05-07 10:57:34.375] [info] [LiDAR-Camera] [:] [MIAS-LCEC] 子进程: /root/calib_ws/calib_unified/thirdparty/MobileSAM/mobile_sam/modeling/tiny_vit_sam.py:656: UserWarning: Overwriting tiny_vit_11m_224 in registry with mobile_sam.modeling.tiny_vit_sam.tiny_vit_11m_224. This is because the name being registered conflicts with an existing name. Please check if this is not expected.
[2026-05-07 10:57:34.375] [info] [LiDAR-Camera] [:] [MIAS-LCEC] 子进程:   return register_model(fn_wrapper)
[2026-05-07 10:57:34.375] [info] [LiDAR-Camera] [:] [MIAS-LCEC] 子进程: /root/calib_ws/calib_unified/thirdparty/MobileSAM/mobile_sam/modeling/tiny_vit_sam.py:656: UserWarning: Overwriting tiny_vit_21m_224 in registry with mobile_sam.modeling.tiny_vit_sam.tiny_vit_21m_224. This is because the name being registered conflicts with an existing name. Please check if this is not expected.
[2026-05-07 10:57:34.375] [info] [LiDAR-Camera] [:] [MIAS-LCEC] 子进程:   return register_model(fn_wrapper)
[2026-05-07 10:57:34.375] [info] [LiDAR-Camera] [:] [MIAS-LCEC] 子进程: /root/calib_ws/calib_unified/thirdparty/MobileSAM/mobile_sam/modeling/tiny_vit_sam.py:656: UserWarning: Overwriting tiny_vit_21m_384 in registry with mobile_sam.modeling.tiny_vit_sam.tiny_vit_21m_384. This is because the name being registered conflicts with an existing name. Please check if this is not expected.
[2026-05-07 10:57:34.375] [info] [LiDAR-Camera] [:] [MIAS-LCEC] 子进程:   return register_model(fn_wrapper)
[2026-05-07 10:57:34.375] [info] [LiDAR-Camera] [:] [MIAS-LCEC] 子进程: /root/calib_ws/calib_unified/thirdparty/MobileSAM/mobile_sam/modeling/tiny_vit_sam.py:656: UserWarning: Overwriting tiny_vit_21m_512 in registry with mobile_sam.modeling.tiny_vit_sam.tiny_vit_21m_512. This is because the name being registered conflicts with an existing name. Please check if this is not expected.
[2026-05-07 10:57:34.375] [info] [LiDAR-Camera] [:] [MIAS-LCEC] 子进程:   return register_model(fn_wrapper)
[2026-05-07 10:57:34.379] [info] [LiDAR-Camera] [:] [MIAS-LCEC] 子进程: [2026-05-07 10:57:34.379] [INFO] 已写出 quality_report.yaml: /tmp/mias_work/output/quality_report.yaml
[2026-05-07 10:57:34.379] [info] [LiDAR-Camera] [:] [MIAS-LCEC] 子进程: [2026-05-07 10:57:34.379] [INFO] 粗标定完成  方法=identity  耗时=1.50s  输出=/tmp/mias_work/output/extrinsic_result.yaml
[2026-05-07 10:57:34.379] [info] [LiDAR-Camera] [:] [MIAS-LCEC] 子进程: [2026-05-07 10:57:34.379] [INFO] [粗标定] ★ 最终: 使用恒等外参 (identity)，未使用深度模型
[2026-05-07 10:57:34.379] [info] [LiDAR-Camera] [:] [MIAS-LCEC] 子进程: [2026-05-07 10:57:34.379] [INFO] ======== 粗标定结束 ========
[2026-05-07 10:57:34.379] [info] [LiDAR-Camera] [:] [MIAS-LCEC] 子进程: [2026-05-07 10:57:34.379] [WARNING] [粗标定] 诊断摘要: 未使用深度模型 (method=identity)，详见上方 [MIAS_LCEC_INFER] 错误与修复建议
[2026-05-07 10:57:34.380] [info] [LiDAR-Camera] [:] [MIAS-LCEC] 子进程: [run_lidar_cam_coarse] OK  method=identity  output=/tmp/mias_work/output/extrinsic_result.yaml  elapsed_s=1.50
[2026-05-07 10:57:34.818] [info] [LiDAR-Camera] [:] [AI-Exec] 子进程完整输出已保存到: /tmp/mias_work/subprocess_1778122652.log
[2026-05-07 10:57:34.818] [info] [LiDAR-Camera] [:] [MIAS-LCEC] 子进程结束  exit_code=0  elapsed_ms=2041  output_exists=yes
[2026-05-07 10:57:34.818] [info] [LiDAR-Camera] [:] [MIAS-LCEC] 粗标定方法: identity)，详见上方 (由子进程 stdout 解析)
[2026-05-07 10:57:34.818] [warning] [LiDAR-Camera] [:] [MIAS-LCEC] ★ 粗标定未使用深度模型，结果来自几何回退(identity)，详见上方)；原因见上方子进程日志或 子进程完整输出
[2026-05-07 10:57:34.819] [info] [LiDAR-Camera] [:] [MIAS-LCEC] 解析结果  t=[0.0000, 0.0000, 0.0000]  is_identity=true
[2026-05-07 10:57:34.819] [info] [LiDAR-Camera] [:] [MIAS-LCEC] 第 2 次尝试仍为 identity，使用该结果
[2026-05-07 10:57:34.819] [info] [LiDAR-Camera] [:] [MIAS-LCEC] 粗估外参 最终: t=[0.0000, 0.0000, 0.0000]m  is_identity=true  output=/tmp/mias_work/output/extrinsic_result.yaml (重试后)
[2026-05-07 10:57:34.819] [info] [LiDAR-Camera] [:] [MIAS-LCEC] 粗标定结果来源: identity)，详见上方 (mias_lcec=深度模型, pnp=几何回退, identity=恒等)
[2026-05-07 10:57:34.819] [warning] [LiDAR-Camera] [:] [MIAS-LCEC] 粗标定输出为 identity；精标定可能无法收敛。建议: 1) 查看上方 [PnP] 日志确认网格/回退是否成功 2) 配置 model_path 尝试深度模型 3) 检查内参与数据
[2026-05-07 10:57:34.819] [info] [LiDAR-Camera] [:]   ✓ AI粗标定成功: t=[0.000,0.000,0.000]m
[2026-05-07 10:57:34.819] [info] [LiDAR-Camera] [:]   [Stage 1] 结果: 成功  初值将用于精标定
[2026-05-07 10:57:34.819] [info] [LiDAR-Camera] [:]   [Stage 1] 结果: 成功  精标定初值已就绪
[2026-05-07 10:57:34.819] [info] [LiDAR-Camera] [:] ▶ Stage 2: 精标定 (方法=edge)
[2026-05-07 10:57:34.821] [info] [LiDAR-Camera] [:] ▶ Stage 3: 手动校准 (manual_threshold=2.00px)
[2026-05-07 10:57:34.821] [info] [LiDAR-Camera] [:]   使用 ManualCalibSession 进行 6-DOF 交互式调整
[2026-05-07 10:57:34.821] [info] [LiDAR-Camera] [:]   调用示例:
[2026-05-07 10:57:34.821] [info] [LiDAR-Camera] [:]     ManualCalibSession::SessionConfig sess_cfg;
[2026-05-07 10:57:34.821] [info] [LiDAR-Camera] [:]     sess_cfg.save_dir = "./results/manual_sessions";
[2026-05-07 10:57:34.821] [info] [LiDAR-Camera] [:]     ManualCalibSession session(sess_cfg);
[2026-05-07 10:57:34.821] [info] [LiDAR-Camera] [:]     auto result = session.run_lidar_cam(scan, image, intrin, auto_result, auto_rms);
[2026-05-07 10:57:34.821] [info] [LiDAR-Camera] [:] 
[2026-05-07 10:57:34.821] [info] [LiDAR-Camera] [:] ╔═══════════════════════════════════════════════╗
[2026-05-07 10:57:34.821] [info] [LiDAR-Camera] [:] ║   UniCalib 两阶段标定流水线 — 开始            ║
[2026-05-07 10:57:34.821] [info] [LiDAR-Camera] [:] ║   Pipeline ID: pipeline_20260507_105708       ║
[2026-05-07 10:57:34.821] [info] [LiDAR-Camera] [:] ╚═══════════════════════════════════════════════╝
[2026-05-07 10:57:34.821] [info] [LiDAR-Camera] [:] [Coarse-AI/LiDAR-Cam] enable_coarse_lidar_cam=true → do_coarse=true
[10:57:34.822] [info] 
[10:57:34.822] [info] ━━━━━━━━━━━━━━━━━━━━━━━━━━━━━━━━━━━━━━━━━
[10:57:34.822] [info] ▶ 开始阶段: [Coarse-AI] 任务: [lidar_cam_extrin]
[10:57:34.822] [info]   描述: AI模型提供初始估计值
[10:57:34.822] [info] ━━━━━━━━━━━━━━━━━━━━━━━━━━━━━━━━━━━━━━━━━
[10:57:34.822] [info] [CALC] 粗标定阶段开始 task=lidar_cam_extrin
[10:57:34.822] [info] [Coarse-AI/LiDAR-Cam] 使用主程序已注入的粗标定结果 t=[0.000,0.000,0.000]m，精标定将以此起步
[10:57:34.822] [info] ━━━━━━━━━━━━━━━━━━━━━━━━━━━━━━━━━━━━━━━━━
[10:57:34.822] [info] ■ 结束阶段: [Coarse-AI] 任务: [lidar_cam_extrin]
[10:57:34.822] [info]   结果: ✓ 成功 | 残差RMS: 0.0000 | 耗时: 0 ms
[10:57:34.822] [info]   消息: 使用主程序 Stage1 粗标定结果，作为精标定初值
[10:57:34.822] [info] [CALC] 阶段结束 stage=Coarse-AI task=lidar_cam_extrin success=true residual_rms=0.000000 elapsed_ms=0.0 threshold=-1.0000
[10:57:34.822] [info] ━━━━━━━━━━━━━━━━━━━━━━━━━━━━━━━━━━━━━━━━━
[10:57:34.822] [info] 
[10:57:34.822] [info] ━━━━━━━━━━━━━━━━━━━━━━━━━━━━━━━━━━━━━━━━━
[10:57:34.822] [info] ▶ 开始阶段: [Fine-Auto] 任务: [lidar_cam_extrin]
[10:57:34.822] [info]   描述: 无目标优化
[10:57:34.822] [info] ━━━━━━━━━━━━━━━━━━━━━━━━━━━━━━━━━━━━━━━━━
[10:57:34.822] [info] [CALC] 精标定阶段开始 task=lidar_cam_extrin
[10:57:34.822] [info] [Fine-Auto] 任务: lidar_cam_extrin | 无目标优先: true
[10:57:34.822] [info] [Fine-Auto] 方法: 边缘对齐互信息 (EDGE_ALIGNMENT, 无目标)
[10:57:34.822] [info] [STAGE=lidar_cam_fine_auto] LiDAR-Camera 精标定 开始
[10:57:34.822] [info] [Fine-Auto/LiDAR-Cam] 开始执行精标定...
[10:57:34.822] [info]   [精标定数据源] 类型=ROS2_BAG  lidar_id=lidar_front
[10:57:34.822] [info]   ROS2 Bag: /root/calib_ws/data/nya_02_slam_imu_to_lidar/nya_02_ros2  LiDAR 话题: /os1_cloud_node1/points  相机话题: /left/image_raw
[10:57:34.822] [info] [Fine-Auto/LiDAR-Cam] 从 ROS2 加载数据...
[10:57:34.822] [info] [UnifiedDataLoader] 从 ROS2 加载数据...
[10:57:34.822] [info]   Bag 文件: /root/calib_ws/data/nya_02_slam_imu_to_lidar/nya_02_ros2
[10:57:34.822] [info]   实时模式: false
[10:57:34.822] [info] [Ros2BagDataSource] 打开 bag 文件: /root/calib_ws/data/nya_02_slam_imu_to_lidar/nya_02_ros2
[10:57:34.822] [info] [Ros2BagDataSource] 正在读取 metadata.yaml: /root/calib_ws/data/nya_02_slam_imu_to_lidar/nya_02_ros2/metadata.yaml
[10:57:34.825] [debug] [Ros2BagDataSource] 找到话题: /dji_sdk/imu (类型: sensor_msgs/msg/Imu, 消息数: 171462)
[10:57:34.825] [debug] [Ros2BagDataSource] 找到话题: /dji_sdk/attitude (类型: geometry_msgs/msg/QuaternionStamped, 消息数: 42866)
[10:57:34.825] [debug] [Ros2BagDataSource] 找到话题: /os1_cloud_node2/imu (类型: sensor_msgs/msg/Imu, 消息数: 42862)
[10:57:34.825] [debug] [Ros2BagDataSource] 找到话题: /os1_cloud_node1/imu (类型: sensor_msgs/msg/Imu, 消息数: 42862)
[10:57:34.825] [debug] [Ros2BagDataSource] 找到话题: /imu/imu (类型: sensor_msgs/msg/Imu, 消息数: 166428)
[10:57:34.825] [debug] [Ros2BagDataSource] 找到话题: /imu/magnetic_field (类型: sensor_msgs/msg/MagneticField, 消息数: 166428)
[10:57:34.825] [debug] [Ros2BagDataSource] 找到话题: /imu/temperature (类型: sensor_msgs/msg/Temperature, 消息数: 166428)
[10:57:34.826] [debug] [Ros2BagDataSource] 找到话题: /dji_sdk/gps_position (类型: sensor_msgs/msg/NavSatFix, 消息数: 21433)
[10:57:34.826] [debug] [Ros2BagDataSource] 找到话题: /dji_sdk/height_above_takeoff (类型: std_msgs/msg/Float32, 消息数: 21433)
[10:57:34.826] [debug] [Ros2BagDataSource] 找到话题: /dji_sdk/gps_health (类型: std_msgs/msg/UInt8, 消息数: 21433)
[10:57:34.826] [debug] [Ros2BagDataSource] 找到话题: /uwb_endorange_info (类型: uwb_driver/msg/UwbRange, 消息数: 25172)
[10:57:34.826] [debug] [Ros2BagDataSource] 找到话题: /left/image_raw (类型: sensor_msgs/msg/Image, 消息数: 4285)
[10:57:34.826] [debug] [Ros2BagDataSource] 找到话题: /right/image_raw (类型: sensor_msgs/msg/Image, 消息数: 4285)
[10:57:34.826] [debug] [Ros2BagDataSource] 找到话题: /os1_cloud_node1/points (类型: sensor_msgs/msg/PointCloud2, 消息数: 4287)
[10:57:34.826] [debug] [Ros2BagDataSource] 找到话题: /os1_cloud_node2/points (类型: sensor_msgs/msg/PointCloud2, 消息数: 4286)
[10:57:34.826] [debug] [Ros2BagDataSource] 找到话题: /uwb_exorange_info (类型: uwb_driver/msg/UwbEcho, 消息数: 2437)
[10:57:34.826] [debug] [Ros2BagDataSource] 找到话题: /node_pos_marker_sc (类型: visualization_msgs/msg/Marker, 消息数: 2437)
[10:57:34.826] [debug] [Ros2BagDataSource] 找到话题: /node_pos_sc (类型: nav_msgs/msg/Path, 消息数: 2437)
[10:57:34.826] [debug] [Ros2BagDataSource] 找到话题: /leica/pose/relative (类型: geometry_msgs/msg/PoseStamped, 消息数: 7679)
[10:57:34.826] [info] [Ros2BagDataSource] 使用配置的 LiDAR 话题: /os1_cloud_node1/points
[10:57:34.826] [info] [Ros2BagDataSource] 使用配置的相机话题: /left/image_raw
[10:57:34.826] [info] [Ros2BagDataSource] 使用配置的 IMU 话题: /imu/imu
[INFO] [1778122654.844281301] [rosbag2_storage]: Opened database '/root/calib_ws/data/nya_02_slam_imu_to_lidar/nya_02_ros2/nya_02_ros2.db3' for READ_ONLY.
[10:57:34.844] [info] [Ros2BagDataSource] Bag 已打开，开始读取消息...
[10:57:34.844] [info] [Ros2BagDataSource] 找到 19 个话题
[10:57:34.844] [info] [Ros2BagDataSource]  话题: /dji_sdk/imu  类型: sensor_msgs/msg/Imu  消息数: 171462
[10:57:34.844] [info] [Ros2BagDataSource]  话题: /dji_sdk/attitude  类型: geometry_msgs/msg/QuaternionStamped  消息数: 42866
[10:57:34.844] [info] [Ros2BagDataSource]  话题: /os1_cloud_node2/imu  类型: sensor_msgs/msg/Imu  消息数: 42862
[10:57:34.844] [info] [Ros2BagDataSource]  话题: /os1_cloud_node1/imu  类型: sensor_msgs/msg/Imu  消息数: 42862
[10:57:34.844] [info] [Ros2BagDataSource]  话题: /imu/imu  类型: sensor_msgs/msg/Imu  消息数: 166428
[10:57:34.844] [info] [Ros2BagDataSource]  话题: /imu/magnetic_field  类型: sensor_msgs/msg/MagneticField  消息数: 166428
[10:57:34.844] [info] [Ros2BagDataSource]  话题: /imu/temperature  类型: sensor_msgs/msg/Temperature  消息数: 166428
[10:57:34.844] [info] [Ros2BagDataSource]  话题: /dji_sdk/gps_position  类型: sensor_msgs/msg/NavSatFix  消息数: 21433
[10:57:34.844] [info] [Ros2BagDataSource]  话题: /dji_sdk/height_above_takeoff  类型: std_msgs/msg/Float32  消息数: 21433
[10:57:34.844] [info] [Ros2BagDataSource]  话题: /dji_sdk/gps_health  类型: std_msgs/msg/UInt8  消息数: 21433
[10:57:34.844] [info] [Ros2BagDataSource]  话题: /uwb_endorange_info  类型: uwb_driver/msg/UwbRange  消息数: 25172
[10:57:34.844] [info] [Ros2BagDataSource]  话题: /left/image_raw  类型: sensor_msgs/msg/Image  消息数: 4285
[10:57:34.844] [info] [Ros2BagDataSource]  话题: /right/image_raw  类型: sensor_msgs/msg/Image  消息数: 4285
[10:57:34.844] [info] [Ros2BagDataSource]  话题: /os1_cloud_node1/points  类型: sensor_msgs/msg/PointCloud2  消息数: 4287
[10:57:34.844] [info] [Ros2BagDataSource]  话题: /os1_cloud_node2/points  类型: sensor_msgs/msg/PointCloud2  消息数: 4286
[10:57:34.844] [info] [Ros2BagDataSource]  话题: /uwb_exorange_info  类型: uwb_driver/msg/UwbEcho  消息数: 2437
[10:57:34.844] [info] [Ros2BagDataSource]  话题: /node_pos_marker_sc  类型: visualization_msgs/msg/Marker  消息数: 2437
[10:57:34.844] [info] [Ros2BagDataSource]  话题: /node_pos_sc  类型: nav_msgs/msg/Path  消息数: 2437
[10:57:34.844] [info] [Ros2BagDataSource]  话题: /leica/pose/relative  类型: geometry_msgs/msg/PoseStamped  消息数: 7679
[10:57:34.844] [info] [Ros2BagDataSource] 将加载 bag 内所有 IMU / LiDAR / 相机话题，加载后可通过 sensor_id 或话题名选择使用
[10:57:36.469] [debug]   收集 IMU [/dji_sdk/imu] 帧数: 5000
[10:57:36.548] [debug]   收集 IMU [/imu/imu] 帧数: 5000
[10:57:37.897] [debug]   收集 IMU [/dji_sdk/imu] 帧数: 10000
[10:57:38.099] [debug]   收集 IMU [/imu/imu] 帧数: 10000
[10:57:39.550] [debug]   收集 IMU [/dji_sdk/imu] 帧数: 15000
[10:57:39.740] [debug]   收集 IMU [/imu/imu] 帧数: 15000
[10:57:41.142] [debug]   收集 LiDAR [/os1_cloud_node1/points] 帧数: 500
[10:57:41.143] [debug]   收集 LiDAR [/os1_cloud_node2/points] 帧数: 500
[10:57:41.148] [debug]   收集相机 [/left/image_raw] 帧数: 500
[10:57:41.150] [debug]   收集相机 [/right/image_raw] 帧数: 500
[10:57:41.150] [debug]   收集 IMU [/dji_sdk/imu] 帧数: 20000
[10:57:41.150] [debug]   收集 IMU [/os1_cloud_node1/imu] 帧数: 5000
[10:57:41.150] [debug]   收集 IMU [/os1_cloud_node2/imu] 帧数: 5000
[10:57:41.423] [debug]   收集 IMU [/imu/imu] 帧数: 20000
[10:57:42.784] [debug]   收集 IMU [/dji_sdk/imu] 帧数: 25000
[10:57:43.080] [debug]   收集 IMU [/imu/imu] 帧数: 25000
[10:57:44.408] [debug]   收集 IMU [/dji_sdk/imu] 帧数: 30000
[10:57:44.781] [debug]   收集 IMU [/imu/imu] 帧数: 30000
[10:57:46.082] [debug]   收集 IMU [/dji_sdk/imu] 帧数: 35000
[10:57:46.528] [debug]   收集 IMU [/imu/imu] 帧数: 35000
[10:57:47.699] [debug]   收集 LiDAR [/os1_cloud_node1/points] 帧数: 1000
[10:57:47.702] [debug]   收集 LiDAR [/os1_cloud_node2/points] 帧数: 1000
[10:57:47.710] [debug]   收集相机 [/left/image_raw] 帧数: 1000
[10:57:47.715] [debug]   收集相机 [/right/image_raw] 帧数: 1000
[10:57:47.715] [debug]   收集 IMU [/dji_sdk/imu] 帧数: 40000
[10:57:47.715] [debug]   收集 IMU [/os1_cloud_node1/imu] 帧数: 10000
[10:57:47.715] [debug]   收集 IMU [/os1_cloud_node2/imu] 帧数: 10000
[10:57:48.204] [debug]   收集 IMU [/imu/imu] 帧数: 40000
[10:57:49.376] [debug]   收集 IMU [/dji_sdk/imu] 帧数: 45000
[10:57:49.793] [debug]   收集 IMU [/imu/imu] 帧数: 45000
[10:57:50.861] [debug]   收集 IMU [/dji_sdk/imu] 帧数: 50000
[10:57:51.325] [debug]   收集 IMU [/imu/imu] 帧数: 50000
[10:57:52.293] [debug]   收集 IMU [/dji_sdk/imu] 帧数: 55000
[10:57:52.842] [debug]   收集 IMU [/imu/imu] 帧数: 55000
[10:57:53.658] [debug]   收集 LiDAR [/os1_cloud_node1/points] 帧数: 1500
[10:57:53.660] [debug]   收集 LiDAR [/os1_cloud_node2/points] 帧数: 1500
[10:57:53.661] [debug]   收集 IMU [/dji_sdk/imu] 帧数: 60000
[10:57:53.665] [debug]   收集相机 [/left/image_raw] 帧数: 1500
[10:57:53.669] [debug]   收集相机 [/right/image_raw] 帧数: 1500
[10:57:53.669] [debug]   收集 IMU [/os1_cloud_node1/imu] 帧数: 15000
[10:57:53.669] [debug]   收集 IMU [/os1_cloud_node2/imu] 帧数: 15000
[10:57:54.189] [debug]   收集 IMU [/imu/imu] 帧数: 60000
[10:57:55.095] [debug]   收集 IMU [/dji_sdk/imu] 帧数: 65000
[10:57:55.661] [debug]   收集 IMU [/imu/imu] 帧数: 65000
[10:57:56.385] [debug]   收集 IMU [/dji_sdk/imu] 帧数: 70000
[10:57:56.856] [debug]   收集 IMU [/imu/imu] 帧数: 70000
[10:57:57.527] [debug]   收集 IMU [/dji_sdk/imu] 帧数: 75000
[10:57:58.024] [debug]   收集 IMU [/imu/imu] 帧数: 75000
[10:57:58.609] [debug]   收集 LiDAR [/os1_cloud_node1/points] 帧数: 2000
[10:57:58.625] [debug]   收集 LiDAR [/os1_cloud_node2/points] 帧数: 2000
[10:57:58.626] [debug]   收集 IMU [/dji_sdk/imu] 帧数: 80000
[10:57:58.626] [debug]   收集 IMU [/os1_cloud_node1/imu] 帧数: 20000
[10:57:58.626] [debug]   收集 IMU [/os1_cloud_node2/imu] 帧数: 20000
[10:57:58.637] [debug]   收集相机 [/left/image_raw] 帧数: 2000
[10:57:58.641] [debug]   收集相机 [/right/image_raw] 帧数: 2000
[10:57:59.194] [debug]   收集 IMU [/imu/imu] 帧数: 80000
[10:57:59.504] [debug]   收集 IMU [/dji_sdk/imu] 帧数: 85000
[10:57:59.768] [debug]   收集 IMU [/imu/imu] 帧数: 85000
[10:58:00.001] [debug]   收集 IMU [/dji_sdk/imu] 帧数: 90000
[10:58:00.280] [debug]   收集 IMU [/imu/imu] 帧数: 90000
[10:58:00.521] [debug]   收集 IMU [/dji_sdk/imu] 帧数: 95000
[10:58:00.777] [debug]   收集 IMU [/imu/imu] 帧数: 95000
[10:58:00.984] [debug]   收集 LiDAR [/os1_cloud_node1/points] 帧数: 2500
[10:58:00.986] [debug]   收集 LiDAR [/os1_cloud_node2/points] 帧数: 2500
[10:58:00.986] [debug]   收集 IMU [/dji_sdk/imu] 帧数: 100000
[10:58:00.986] [debug]   收集 IMU [/os1_cloud_node1/imu] 帧数: 25000
[10:58:00.986] [debug]   收集 IMU [/os1_cloud_node2/imu] 帧数: 25000
[10:58:00.988] [debug]   收集相机 [/left/image_raw] 帧数: 2500
[10:58:00.988] [debug]   收集相机 [/right/image_raw] 帧数: 2500
[10:58:01.373] [debug]   收集 IMU [/imu/imu] 帧数: 100000
[10:58:01.549] [debug]   收集 IMU [/dji_sdk/imu] 帧数: 105000
[10:58:01.838] [debug]   收集 IMU [/imu/imu] 帧数: 105000
[10:58:02.017] [debug]   收集 IMU [/dji_sdk/imu] 帧数: 110000
[10:58:02.340] [debug]   收集 IMU [/imu/imu] 帧数: 110000
[10:58:02.493] [debug]   收集 IMU [/dji_sdk/imu] 帧数: 115000
[10:58:02.902] [debug]   收集 IMU [/imu/imu] 帧数: 115000
[10:58:03.030] [debug]   收集 LiDAR [/os1_cloud_node1/points] 帧数: 3000
[10:58:03.032] [debug]   收集 LiDAR [/os1_cloud_node2/points] 帧数: 3000
[10:58:03.032] [debug]   收集 IMU [/dji_sdk/imu] 帧数: 120000
[10:58:03.033] [debug]   收集 IMU [/os1_cloud_node1/imu] 帧数: 30000
[10:58:03.033] [debug]   收集 IMU [/os1_cloud_node2/imu] 帧数: 30000
[10:58:03.034] [debug]   收集相机 [/left/image_raw] 帧数: 3000
[10:58:03.034] [debug]   收集相机 [/right/image_raw] 帧数: 3000
[10:58:03.430] [debug]   收集 IMU [/imu/imu] 帧数: 120000
[10:58:03.544] [debug]   收集 IMU [/dji_sdk/imu] 帧数: 125000
[10:58:03.961] [debug]   收集 IMU [/imu/imu] 帧数: 125000
[10:58:04.117] [debug]   收集 IMU [/dji_sdk/imu] 帧数: 130000
[10:58:04.544] [debug]   收集 IMU [/imu/imu] 帧数: 130000
[10:58:04.679] [debug]   收集 IMU [/dji_sdk/imu] 帧数: 135000
[10:58:05.238] [debug]   收集 IMU [/imu/imu] 帧数: 135000
[10:58:05.355] [debug]   收集 LiDAR [/os1_cloud_node1/points] 帧数: 3500
[10:58:05.356] [debug]   收集 LiDAR [/os1_cloud_node2/points] 帧数: 3500
[10:58:05.358] [debug]   收集 IMU [/dji_sdk/imu] 帧数: 140000
[10:58:05.358] [debug]   收集 IMU [/os1_cloud_node1/imu] 帧数: 35000
[10:58:05.358] [debug]   收集 IMU [/os1_cloud_node2/imu] 帧数: 35000
[10:58:05.360] [debug]   收集相机 [/left/image_raw] 帧数: 3500
[10:58:05.361] [debug]   收集相机 [/right/image_raw] 帧数: 3500
[10:58:05.938] [debug]   收集 IMU [/imu/imu] 帧数: 140000
[10:58:06.015] [debug]   收集 IMU [/dji_sdk/imu] 帧数: 145000
[10:58:06.738] [debug]   收集 IMU [/imu/imu] 帧数: 145000
[10:58:06.822] [debug]   收集 IMU [/dji_sdk/imu] 帧数: 150000
[10:58:07.504] [debug]   收集 IMU [/imu/imu] 帧数: 150000
[10:58:07.595] [debug]   收集 IMU [/dji_sdk/imu] 帧数: 155000
[10:58:08.264] [debug]   收集 IMU [/imu/imu] 帧数: 155000
[10:58:08.312] [debug]   收集 LiDAR [/os1_cloud_node1/points] 帧数: 4000
[10:58:08.319] [debug]   收集 LiDAR [/os1_cloud_node2/points] 帧数: 4000
[10:58:08.324] [debug]   收集 IMU [/dji_sdk/imu] 帧数: 160000
[10:58:08.331] [debug]   收集 IMU [/os1_cloud_node1/imu] 帧数: 40000
[10:58:08.331] [debug]   收集 IMU [/os1_cloud_node2/imu] 帧数: 40000
[10:58:08.336] [debug]   收集相机 [/left/image_raw] 帧数: 4000
[10:58:08.337] [debug]   收集相机 [/right/image_raw] 帧数: 4000
[10:58:09.039] [debug]   收集 IMU [/imu/imu] 帧数: 160000
[10:58:09.050] [debug]   收集 IMU [/dji_sdk/imu] 帧数: 165000
[10:58:11.339] [debug]   收集 IMU [/imu/imu] 帧数: 165000
[10:58:11.342] [debug]   收集 IMU [/dji_sdk/imu] 帧数: 170000
[10:58:12.112] [info] [Ros2BagDataSource] 加载完成 (所有话题按话题名存储，可通过 sensor_id 或话题名选择):
[10:58:12.112] [info]   LiDAR [/os1_cloud_node1/points]: 4287 帧
[10:58:12.112] [info]   LiDAR [/os1_cloud_node2/points]: 4286 帧
[10:58:12.112] [info]   相机 [/left/image_raw]: 4285 帧
[10:58:12.112] [info]   相机 [/right/image_raw]: 4285 帧
[10:58:12.112] [info]   IMU [/dji_sdk/imu]: 171462 帧
[10:58:12.112] [info]   IMU [/imu/imu]: 166428 帧
[10:58:12.112] [info]   IMU [/os1_cloud_node1/imu]: 42862 帧
[10:58:12.112] [info]   IMU [/os1_cloud_node2/imu]: 42862 帧
[10:58:12.112] [info]   选用 LiDAR  lidar_front -> /os1_cloud_node1/points
[10:58:12.112] [info]   选用 相机  cam_left -> /left/image_raw
[10:58:12.112] [info]   选用 IMU    imu_0 -> /imu/imu
[10:58:12.113] [info]   时间范围: 1609045331.127 - 1609045759.771 秒
[10:58:12.113] [info] [Ros2BagDataSource] 应用采样/帧数限制...
[10:58:12.196] [info]   LiDAR /os1_cloud_node1/points 采样后: 800 帧
[10:58:12.228] [info]   LiDAR /os1_cloud_node2/points 采样后: 800 帧
[10:58:12.261] [info]   相机 /left/image_raw 采样后: 800 帧
[10:58:12.295] [info]   相机 /right/image_raw 采样后: 800 帧
[10:58:12.299] [info] [Fine-Auto/LiDAR-Cam] LiDAR 加载完成: 800 帧 (将按相机逐路取帧)
[10:58:12.301] [info] 读取相机内参: ./results/camera_intrinsic/camera_intrinsic_cam_left.yaml
[10:58:12.303] [info]   fx=425.03 fy=426.80 cx=386.02 cy=241.91 dist=4
[10:58:12.303] [info] [Fine-Auto/LiDAR-Cam] 步骤: LiDAR-Camera 标定 相机=cam_left (方法: 边缘对齐)
[10:58:12.307] [info] [CalibVisualizer] 初始化完成
[10:58:12.307] [info] [Fine-Auto/LiDAR-Cam] 可视化已启用：仅标定结束后显示一帧「图像+点云投影」叠加，不创建 3D 窗口、不泵送其他帧
[10:58:12.307] [info] [Fine-Auto/LiDAR-Cam] 从配置重新读取粗标定初值 t=[0.110,0.100,-0.030]m
[10:58:12.307] [info] [Fine-Auto/LiDAR-Cam] 使用粗标定初值 t=[0.110,0.100,-0.030]m
[10:58:12.307] [info] [Fine-Auto/LiDAR-Cam] 执行标定 相机=cam_left: 点云 800 帧  图像 800 帧
[10:58:12.307] [info] ╔══════════════════════════════════════════════════════════════════╗
[10:58:12.307] [info] ║         LiDAR-Camera 两阶段标定 - 详细日志                  ║
[10:58:12.307] [info] ╚══════════════════════════════════════════════════════════════════╝
[10:58:12.307] [info] ┌────────────────────────────────────────────────────────────────┐
[10:58:12.307] [info] │ 输入参数:
[10:58:12.307] [info] │   - LiDAR ID: lidar_front  图像 ID: cam_left
[10:58:12.308] [info] │   - 点云帧数: 800  图像帧数: 800
[10:58:12.308] [info] │   - 图像尺寸: 752x480
[10:58:12.308] [info] │   - 相机内参: fx=425.03 fy=426.80 cx=386.02 cy=241.91
[10:58:12.308] [info] │   - 优先无目标方法: 是(边缘对齐)
[10:58:12.308] [info] │   - 粗标定初值: 已提供
[10:58:12.308] [info] │   - 初始平移: [0.1100, 0.1000, -0.0300] m
[10:58:12.308] [info] └────────────────────────────────────────────────────────────────┘
[10:58:12.308] [info] 
[10:58:12.308] [info] ┌────────────────────────────────────────────────────────────────┐
[10:58:12.308] [info] │ [Stage 1] 粗标定阶段
[10:58:12.308] [info] └────────────────────────────────────────────────────────────────┘
[10:58:12.309] [info] │ [Coarse] 使用提供的初始值:
[10:58:12.309] [info] │   - 平移向量: [0.1100, 0.1000, -0.0300] m
[10:58:12.309] [info] │   - 旋转角度: [90.45, 179.11, 89.96] deg (RPY)
[10:58:12.309] [info] │   - 变换范数: 0.1517
[10:58:12.309] [info] └────────────────────────────────────────────────────────────────┘
[10:58:12.309] [info] 
[10:58:12.309] [info] ┌────────────────────────────────────────────────────────────────┐
[10:58:12.309] [info] │ [Stage 2] 精标定阶段
[10:58:12.309] [info] └────────────────────────────────────────────────────────────────┘
[10:58:12.309] [info] │ [Fine] 执行边缘对齐优化...
[10:58:12.309] [info] │ 配置: NCC阈值=0.050 帧同步阈值=0.500s 时间偏移搜索范围=±0.500s
[10:58:12.309] [info] ┌────────────────────────────────────────────────────────────────┐
[10:58:12.309] [info] │ [精标定] 边缘对齐法 (Edge Alignment)                        │
[10:58:12.309] [info] ├────────────────────────────────────────────────────────────────┤
[10:58:12.309] [info] │ 初始值: 粗标定提供 (identity=false)
[10:58:12.309] [info] │   平移: [0.1100, 0.1000, -0.0300] m
[10:58:12.309] [info] │   旋转: [90.45, 179.11, 89.96] deg
[10:58:12.309] [info] │ 数据: 点云帧=800 图像帧=800 采样=30 尺寸=752x480
[10:58:12.309] [info] │ 时间: 图像[1609045331.179-1609045730.796]s LiDAR[1609045331.148-1609045730.640]s
[10:58:12.309] [info] │ 配置: 同步阈值=0.500s 边缘Canny(50, 150) NCC阈值=0.050
[10:58:12.309] [info] │ 特征权重: edge=0.50 corner=0.30 intensity=0.20
[10:58:12.309] [info] └────────────────────────────────────────────────────────────────┘
[10:58:13.463] [info] │ [时间偏移搜索] 最佳偏移=+0.1500s 最佳NCC=0.0501
[10:58:13.517] [info]   [精标定] 有效帧数=1 (<3)  当前阈值=0.050  候选帧最大NCC=0.0501
[10:58:13.574] [info]   [精标定] 放宽 NCC 阈值至 0.000  放宽后有效帧数=17
[10:58:13.574] [info]   初值 NCC=0.0501  有效帧数=17  (候选帧数=30  NCC范围=[-0.0557,0.0501] 均值=0.0027)
[10:58:13.641] [info]   [多特征] 角点: 17 帧共 2550 个 keypoints
[10:58:13.657] [info]   [多特征] 强度一致性: 17 帧
[10:58:13.657] [info]   [精标定] 残差块总数=2584  即将调用 Ceres::Solve
[10:58:13.657] [info]   [精标定] 初始参数: axis=[-1.214510,-1.196575,-1.224842] trans=[0.1100,0.1000,-0.0300]
[10:58:13.657] [info]   [精标定] 初值 T_cam_lidar: t=[0.1100,0.1000,-0.0300]m
[10:58:13.657] [info]   [精标定] frame_pairs=17 use_edge=true use_corner=true use_intensity=true
[10:58:13.657] [info]   [预检查] 开始全面检查 Ceres 输入数据...
[10:58:13.657] [info]   [预检查] 参数角度=2.099301 rad 平移范数=0.1517 m
[10:58:13.657] [info]   [预检查] frame_pairs 统计: 总数=17 有效=17 空图=0 空点云=0 零-size点云=0
[10:58:13.657] [info]   [预检查] EdgeNCCCost 统计: 总数=17 scan无效=0 image空=0
[10:58:13.657] [info]   [预检查] CornerReprojCost 统计: 总数=2550 scan无效=0
[10:58:13.657] [info]   [预检查] IntensityConsistencyCost 统计: 总数=17 scan无效=0 image空=0
[10:58:13.657] [info]   [预检查] 相机内参: fx=425.03 fy=426.80 cx=386.02 cy=241.91 size=752x480
[10:58:13.657] [info]   [预检查] Ceres 问题规模: 残差块=2584 参数块=1(6维)
[10:58:13.657] [info]   [预检查] Ceres 输入数据检查完成
[10:58:13.657] [info]   [Ceres] 即将调用 Solve，残差块=2584 求解器=ITERATIVE_SCHUR
[10:58:13.657] [info]   [调试] 开始 Ceres Solve，残差块=2584
[10:58:13.657] [info]   [调试] 手动测试代价函数求值...
[10:58:13.660] [info]   [调试] 第一个 EdgeNCCCost 求值结果: ok=true residual=-0.011621432740850656
[10:58:13.661] [info]   [调试] 代价函数测试完成，准备调用 Ceres::Solve
[11:00:56.868] [info]   [Ceres] Solve 完成
[11:00:56.868] [info] [CALC] LiDAR-Cam 边缘法 Ceres iter=51 residual_blocks=17 initial_cost=38561.533505 final_cost=30201.076362 converged=no
[11:00:56.868] [info]   [Ceres] 迭代数=51  残差块数=17  initial_cost=38561.533505  final_cost=30201.076362  converged=false  termination=NO_CONVERGENCE
[11:00:56.898] [info] ┌────────────────────────────────────────────────────────────────┐
[11:00:56.898] [info] │ [优化结果]
[11:00:56.898] [info] [CALC] LiDAR-Cam 边缘法 优化结果 NCC=0.0466 rms=0.9534px converged=no
[11:00:56.898] [info] │   - NCC: 0.0466  RMS: 0.9534px  收敛: 否
[11:00:56.898] [info] │   - 平移: [0.0907, 0.0173, -1.2326] m
[11:00:56.898] [info] │   - 旋转: [92.22, 178.80, 89.81] deg (RPY)
[11:00:56.898] [info] │   - 质量: 不合格 (NCC<0.3)
[11:00:56.898] [info] └────────────────────────────────────────────────────────────────┘
[11:00:56.899] [info] │
[11:00:56.899] [info] │ ★ 标定结果:
[11:00:56.899] [info] │   - 平移: [0.0907, 0.0173, -1.2326] m
[11:00:56.899] [info] │   - RMS: 0.9534 px
[11:00:56.899] [info] │   - 收敛: 否
[11:00:56.899] [info] └────────────────────────────────────────────────────────────────┘
[11:00:56.902] [info] [Fine-Auto] 结果已保存: ./results/lidar_camera_extrinsic/lidar_cam_cam_left_extrinsic.yaml
[11:00:56.902] [info] [Viz] 即将生成投影图并保存到 ./results/lidar_camera_extrinsic/lidar_cam_cam_left_projection.png
[11:00:56.910] [info] 投影可视化保存: ./results/lidar_camera_extrinsic/lidar_cam_cam_left_projection.png
[11:00:56.910] [info] [Viz] 投影图已保存（当前未将结果点云回显到 3D 窗口，仅保存 PNG）
[11:00:56.910] [info] [Fine-Auto/LiDAR-Cam] 相机 cam_left 完成, RMS=0.9534 px  收敛=否
[11:00:56.910] [warning] [Fine-Auto/LiDAR-Cam] 精标定未收敛 (NCC 未达 0.3 或 RMS 偏高)，建议: 1) 确保粗标定提供非 identity 初值 2) 检查 LiDAR/相机 FOV 与时间同步 3) 查看上方 [精标定] 质量结论与 NCC 统计
[11:00:56.910] [info] [Viz/Display] 即将关闭可视化窗口 原因=用户关闭或流程结束 pangolin_running=false
[11:00:56.910] [warning] [Fine-Auto/LiDAR-Cam] 相机 cam_right 无帧，跳过
[11:00:56.910] [warning] [Fine-Auto/LiDAR-Cam] 相机 cam_front 无帧，跳过
[11:00:56.910] [warning] [Fine-Auto/LiDAR-Cam] 相机 cam_rear 无帧，跳过
[11:00:56.911] [info] [Fine-Auto/LiDAR-Cam] 精标定完成: 1 个相机  最大 RMS=0.9534 px
[11:00:56.911] [info] [STAGE=lidar_cam_fine_auto] LiDAR-Camera 精标定 完成
[11:00:56.911] [info] [Fine-Auto/LiDAR-Cam] RMS 阈值=2.00 px  最大 RMS=0.9534 px  在阈值内
[11:00:57.162] [info] ━━━━━━━━━━━━━━━━━━━━━━━━━━━━━━━━━━━━━━━━━
[11:00:57.162] [info] ■ 结束阶段: [Fine-Auto] 任务: [lidar_cam_extrin]
[11:00:57.162] [info]   结果: ✓ 成功 | 残差RMS: 0.9534 | 耗时: 202340 ms
[11:00:57.162] [info]   消息: LiDAR-Camera 精标定完成: 1 个相机, 最大 RMS=0.953416 px
[11:00:57.162] [info] [CALC] 阶段结束 stage=Fine-Auto task=lidar_cam_extrin success=true residual_rms=0.953416 elapsed_ms=202088.4 threshold=2.0000
[11:00:57.162] [info] ━━━━━━━━━━━━━━━━━━━━━━━━━━━━━━━━━━━━━━━━━
[11:00:57.163] [info] [Pipeline] 用户已启用手动校准 (--manual), 进入 6-DOF 调整
[11:00:57.163] [info] 
[11:00:57.163] [info] ━━━━━━━━━━━━━━━━━━━━━━━━━━━━━━━━━━━━━━━━━
[11:00:57.163] [info] ▶ 开始阶段: [Manual-Refine] 任务: [lidar_cam_extrin]
[11:00:57.163] [info]   描述: 手动校准: 6-DOF 交互式调整
[11:00:57.163] [info] ━━━━━━━━━━━━━━━━━━━━━━━━━━━━━━━━━━━━━━━━━
[11:00:57.163] [info] [Manual-Refine] 任务: lidar_cam_extrin
[11:00:57.163] [info] [Manual-Refine] 操作说明: Q/A Roll  W/S Pitch  E/D Yaw  R/F Tx  T/G Ty  Y/H Tz  U Undo  Enter 接受  Esc 取消
[11:00:57.163] [info] [ManualSession] 会话ID: session_2026-05-07_11-00-57
[11:00:57.163] [info] [ManualSession] 保存目录: ./results/manual_sessions
[11:00:57.163] [info] [Manual-Refine] 已打开 6-DOF 可视化调整窗口，请在本窗口内按键微调后 Enter 接受或 Esc 取消
[11:00:57.163] [info] [Manual-Refine] LiDAR-Camera 手动调整仅使用首帧匹配数据（第 0 帧点云 + 第 0 帧图像）
[11:00:57.164] [info] [ManualSession] 启动 LiDAR-Camera 手动校准
[11:00:57.164] [info] [ManualSession] 自动标定 RMS: 0.9534 px (阈值建议 < 2.0px)
[11:00:57.164] [debug] [ManualSession] 事件: lidar_cam_start | auto_rms=0.953416
[11:00:57.164] [info] [ManualAdjust] 初始外参:
[11:00:57.164] [info] [ManualAdjust] 当前外参 [lidar_front→cam_left]:
[11:00:57.164] [info]   旋转 RPY: (3.6101, -87.7717, -94.8105) deg
[11:00:57.164] [info]   平移 XYZ: (0.0907, 0.0173, -1.2326) m
[11:00:57.164] [info] [ManualSession] ===== 手动校准操作说明 =====
[11:00:57.164] [info]   Q/A: Roll ±0.1deg   W/S: Pitch ±0.1deg   E/D: Yaw ±0.1deg
[11:00:57.164] [info]   R/F: Tx ±0.5cm   T/G: Ty ±0.5cm   Y/H: Tz ±0.5cm
[11:00:57.164] [info]   Shift+键: 10倍步长
[11:00:57.164] [info]   P: 进入点击精化模式  U: 撤销  Z: 重做
[11:00:57.164] [info]   S: 保存  ESC: 接受并退出
[11:00:57.164] [info]   点云投影质量越高 (边缘对齐越好) 表示标定越准确
[11:00:57.174] [info] [ManualAdjust] 结果已保存: ./results/lidar_camera_extrinsic/manual_extrinsic_20260507_110057_initial.yaml
[11:00:57.174] [info] [ManualCalib] 交互窗口启动前已自动保存初始状态快照（备用）:
[11:00:57.174] [info]   - 投影图: ./results/lidar_camera_extrinsic/manual_projection_20260507_110057_initial.png
[11:00:57.174] [info]   - 点云:   ./results/lidar_camera_extrinsic/manual_cloud_20260507_110057_initial.pcd
[11:00:57.174] [info]   - 外参:   ./results/lidar_camera_extrinsic/manual_extrinsic_20260507_110057_initial.yaml

(unicalib_lidar_camera:144): dbind-WARNING **: 11:00:57.245: Couldn't connect to accessibility bus: Failed to connect to socket /run/user/1000/at-spi/bus_1: No such file or directory
[11:00:57.314] [info] [ManualCalib] 3D 点云窗口已禁用（避免 VTK 闪退），请在 2D 投影窗口进行微调。按下 'S' 键可手动保存当前微调结果图片和点云。
[11:00:57.314] [info] [ManualCalib] 初始位姿 T_lidar_to_cam:
[11:00:57.314] [info]   - Translation: 0.0907, 0.0173, -1.2326
[11:00:57.314] [info]   - RPY (deg):   92.2244, 178.8033, 89.8131
[11:01:02.963] [debug] [ManualAdjust] 平移增量 dxyz=(0.0000, 0.0000, 0.0050)m
[11:01:02.963] [info] [ManualAdjust] 当前外参 [lidar_front→cam_left]:
[11:01:02.963] [info]   旋转 RPY: (3.6101, -87.7717, -94.8105) deg
[11:01:02.963] [info]   平移 XYZ: (0.0907, 0.0173, -1.2276) m
[11:01:03.460] [debug] [ManualAdjust] 平移增量 dxyz=(0.0000, 0.0000, 0.0050)m
[11:01:03.460] [info] [ManualAdjust] 当前外参 [lidar_front→cam_left]:
[11:01:03.460] [info]   旋转 RPY: (3.6101, -87.7717, -94.8105) deg
[11:01:03.460] [info]   平移 XYZ: (0.0907, 0.0173, -1.2226) m
[11:01:03.490] [debug] [ManualAdjust] 平移增量 dxyz=(0.0000, 0.0000, 0.0050)m
[11:01:03.490] [info] [ManualAdjust] 当前外参 [lidar_front→cam_left]:
[11:01:03.490] [info]   旋转 RPY: (3.6101, -87.7717, -94.8105) deg
[11:01:03.490] [info]   平移 XYZ: (0.0907, 0.0173, -1.2176) m
[11:01:03.520] [debug] [ManualAdjust] 平移增量 dxyz=(0.0000, 0.0000, 0.0050)m
[11:01:03.520] [info] [ManualAdjust] 当前外参 [lidar_front→cam_left]:
[11:01:03.520] [info]   旋转 RPY: (3.6101, -87.7717, -94.8105) deg
[11:01:03.520] [info]   平移 XYZ: (0.0907, 0.0173, -1.2126) m
[11:01:03.551] [debug] [ManualAdjust] 平移增量 dxyz=(0.0000, 0.0000, 0.0050)m
[11:01:03.551] [info] [ManualAdjust] 当前外参 [lidar_front→cam_left]:
[11:01:03.551] [info]   旋转 RPY: (3.6101, -87.7717, -94.8105) deg
[11:01:03.551] [info]   平移 XYZ: (0.0907, 0.0173, -1.2076) m
[11:01:03.581] [debug] [ManualAdjust] 平移增量 dxyz=(0.0000, 0.0000, 0.0050)m
[11:01:03.581] [info] [ManualAdjust] 当前外参 [lidar_front→cam_left]:
[11:01:03.581] [info]   旋转 RPY: (3.6101, -87.7717, -94.8105) deg
[11:01:03.581] [info]   平移 XYZ: (0.0907, 0.0173, -1.2026) m
[11:01:03.611] [debug] [ManualAdjust] 平移增量 dxyz=(0.0000, 0.0000, 0.0050)m
[11:01:03.611] [info] [ManualAdjust] 当前外参 [lidar_front→cam_left]:
[11:01:03.611] [info]   旋转 RPY: (3.6101, -87.7717, -94.8105) deg
[11:01:03.611] [info]   平移 XYZ: (0.0907, 0.0173, -1.1976) m
[11:01:03.641] [debug] [ManualAdjust] 平移增量 dxyz=(0.0000, 0.0000, 0.0050)m
[11:01:03.641] [info] [ManualAdjust] 当前外参 [lidar_front→cam_left]:
[11:01:03.641] [info]   旋转 RPY: (3.6101, -87.7717, -94.8105) deg
[11:01:03.641] [info]   平移 XYZ: (0.0907, 0.0173, -1.1926) m
[11:01:03.672] [debug] [ManualAdjust] 平移增量 dxyz=(0.0000, 0.0000, 0.0050)m
[11:01:03.672] [info] [ManualAdjust] 当前外参 [lidar_front→cam_left]:
[11:01:03.672] [info]   旋转 RPY: (3.6101, -87.7717, -94.8105) deg
[11:01:03.672] [info]   平移 XYZ: (0.0907, 0.0173, -1.1876) m
[11:01:03.702] [debug] [ManualAdjust] 平移增量 dxyz=(0.0000, 0.0000, 0.0050)m
[11:01:03.702] [info] [ManualAdjust] 当前外参 [lidar_front→cam_left]:
[11:01:03.702] [info]   旋转 RPY: (3.6101, -87.7717, -94.8105) deg
[11:01:03.702] [info]   平移 XYZ: (0.0907, 0.0173, -1.1826) m
[11:01:03.733] [debug] [ManualAdjust] 平移增量 dxyz=(0.0000, 0.0000, 0.0050)m
[11:01:03.733] [info] [ManualAdjust] 当前外参 [lidar_front→cam_left]:
[11:01:03.733] [info]   旋转 RPY: (3.6101, -87.7717, -94.8105) deg
[11:01:03.733] [info]   平移 XYZ: (0.0907, 0.0173, -1.1776) m
[11:01:03.763] [debug] [ManualAdjust] 平移增量 dxyz=(0.0000, 0.0000, 0.0050)m
[11:01:03.763] [info] [ManualAdjust] 当前外参 [lidar_front→cam_left]:
[11:01:03.763] [info]   旋转 RPY: (3.6101, -87.7717, -94.8105) deg
[11:01:03.763] [info]   平移 XYZ: (0.0907, 0.0173, -1.1726) m
[11:01:03.794] [debug] [ManualAdjust] 平移增量 dxyz=(0.0000, 0.0000, 0.0050)m
[11:01:03.794] [info] [ManualAdjust] 当前外参 [lidar_front→cam_left]:
[11:01:03.794] [info]   旋转 RPY: (3.6101, -87.7717, -94.8105) deg
[11:01:03.794] [info]   平移 XYZ: (0.0907, 0.0173, -1.1676) m
[11:01:03.824] [debug] [ManualAdjust] 平移增量 dxyz=(0.0000, 0.0000, 0.0050)m
[11:01:03.824] [info] [ManualAdjust] 当前外参 [lidar_front→cam_left]:
[11:01:03.824] [info]   旋转 RPY: (3.6101, -87.7717, -94.8105) deg
[11:01:03.824] [info]   平移 XYZ: (0.0907, 0.0173, -1.1626) m
[11:01:03.854] [debug] [ManualAdjust] 平移增量 dxyz=(0.0000, 0.0000, 0.0050)m
[11:01:03.854] [info] [ManualAdjust] 当前外参 [lidar_front→cam_left]:
[11:01:03.854] [info]   旋转 RPY: (3.6101, -87.7717, -94.8105) deg
[11:01:03.854] [info]   平移 XYZ: (0.0907, 0.0173, -1.1576) m
[11:01:03.884] [debug] [ManualAdjust] 平移增量 dxyz=(0.0000, 0.0000, 0.0050)m
[11:01:03.884] [info] [ManualAdjust] 当前外参 [lidar_front→cam_left]:
[11:01:03.884] [info]   旋转 RPY: (3.6101, -87.7717, -94.8105) deg
[11:01:03.884] [info]   平移 XYZ: (0.0907, 0.0173, -1.1526) m
[11:01:03.916] [debug] [ManualAdjust] 平移增量 dxyz=(0.0000, 0.0000, 0.0050)m
[11:01:03.916] [info] [ManualAdjust] 当前外参 [lidar_front→cam_left]:
[11:01:03.916] [info]   旋转 RPY: (3.6101, -87.7717, -94.8105) deg
[11:01:03.916] [info]   平移 XYZ: (0.0907, 0.0173, -1.1476) m
[11:01:03.944] [debug] [ManualAdjust] 平移增量 dxyz=(0.0000, 0.0000, 0.0050)m
[11:01:03.945] [info] [ManualAdjust] 当前外参 [lidar_front→cam_left]:
[11:01:03.945] [info]   旋转 RPY: (3.6101, -87.7717, -94.8105) deg
[11:01:03.945] [info]   平移 XYZ: (0.0907, 0.0173, -1.1426) m
[11:01:03.974] [debug] [ManualAdjust] 平移增量 dxyz=(0.0000, 0.0000, 0.0050)m
[11:01:03.974] [info] [ManualAdjust] 当前外参 [lidar_front→cam_left]:
[11:01:03.974] [info]   旋转 RPY: (3.6101, -87.7717, -94.8105) deg
[11:01:03.974] [info]   平移 XYZ: (0.0907, 0.0173, -1.1376) m
[11:01:04.004] [debug] [ManualAdjust] 平移增量 dxyz=(0.0000, 0.0000, 0.0050)m
[11:01:04.004] [info] [ManualAdjust] 当前外参 [lidar_front→cam_left]:
[11:01:04.004] [info]   旋转 RPY: (3.6101, -87.7717, -94.8105) deg
[11:01:04.004] [info]   平移 XYZ: (0.0907, 0.0173, -1.1326) m
[11:01:04.035] [debug] [ManualAdjust] 平移增量 dxyz=(0.0000, 0.0000, 0.0050)m
[11:01:04.035] [info] [ManualAdjust] 当前外参 [lidar_front→cam_left]:
[11:01:04.035] [info]   旋转 RPY: (3.6101, -87.7717, -94.8105) deg
[11:01:04.035] [info]   平移 XYZ: (0.0907, 0.0173, -1.1276) m
[11:01:04.065] [debug] [ManualAdjust] 平移增量 dxyz=(0.0000, 0.0000, 0.0050)m
[11:01:04.065] [info] [ManualAdjust] 当前外参 [lidar_front→cam_left]:
[11:01:04.065] [info]   旋转 RPY: (3.6101, -87.7717, -94.8105) deg
[11:01:04.065] [info]   平移 XYZ: (0.0907, 0.0173, -1.1226) m
[11:01:04.095] [debug] [ManualAdjust] 平移增量 dxyz=(0.0000, 0.0000, 0.0050)m
[11:01:04.095] [info] [ManualAdjust] 当前外参 [lidar_front→cam_left]:
[11:01:04.095] [info]   旋转 RPY: (3.6101, -87.7717, -94.8105) deg
[11:01:04.095] [info]   平移 XYZ: (0.0907, 0.0173, -1.1176) m
[11:01:04.125] [debug] [ManualAdjust] 平移增量 dxyz=(0.0000, 0.0000, 0.0050)m
[11:01:04.125] [info] [ManualAdjust] 当前外参 [lidar_front→cam_left]:
[11:01:04.125] [info]   旋转 RPY: (3.6101, -87.7717, -94.8105) deg
[11:01:04.125] [info]   平移 XYZ: (0.0907, 0.0173, -1.1126) m
[11:01:04.156] [debug] [ManualAdjust] 平移增量 dxyz=(0.0000, 0.0000, 0.0050)m
[11:01:04.156] [info] [ManualAdjust] 当前外参 [lidar_front→cam_left]:
[11:01:04.156] [info]   旋转 RPY: (3.6101, -87.7717, -94.8105) deg
[11:01:04.156] [info]   平移 XYZ: (0.0907, 0.0173, -1.1076) m
[11:01:04.186] [debug] [ManualAdjust] 平移增量 dxyz=(0.0000, 0.0000, 0.0050)m
[11:01:04.186] [info] [ManualAdjust] 当前外参 [lidar_front→cam_left]:
[11:01:04.186] [info]   旋转 RPY: (3.6101, -87.7717, -94.8105) deg
[11:01:04.186] [info]   平移 XYZ: (0.0907, 0.0173, -1.1026) m
[11:01:04.217] [debug] [ManualAdjust] 平移增量 dxyz=(0.0000, 0.0000, 0.0050)m
[11:01:04.217] [info] [ManualAdjust] 当前外参 [lidar_front→cam_left]:
[11:01:04.217] [info]   旋转 RPY: (3.6101, -87.7717, -94.8105) deg
[11:01:04.217] [info]   平移 XYZ: (0.0907, 0.0173, -1.0976) m
[11:01:04.246] [debug] [ManualAdjust] 平移增量 dxyz=(0.0000, 0.0000, 0.0050)m
[11:01:04.246] [info] [ManualAdjust] 当前外参 [lidar_front→cam_left]:
[11:01:04.246] [info]   旋转 RPY: (3.6101, -87.7717, -94.8105) deg
[11:01:04.246] [info]   平移 XYZ: (0.0907, 0.0173, -1.0926) m
[11:01:04.277] [debug] [ManualAdjust] 平移增量 dxyz=(0.0000, 0.0000, 0.0050)m
[11:01:04.277] [info] [ManualAdjust] 当前外参 [lidar_front→cam_left]:
[11:01:04.277] [info]   旋转 RPY: (3.6101, -87.7717, -94.8105) deg
[11:01:04.277] [info]   平移 XYZ: (0.0907, 0.0173, -1.0876) m
[11:01:04.308] [debug] [ManualAdjust] 平移增量 dxyz=(0.0000, 0.0000, 0.0050)m
[11:01:04.308] [info] [ManualAdjust] 当前外参 [lidar_front→cam_left]:
[11:01:04.308] [info]   旋转 RPY: (3.6101, -87.7717, -94.8105) deg
[11:01:04.308] [info]   平移 XYZ: (0.0907, 0.0173, -1.0826) m
[11:01:04.339] [debug] [ManualAdjust] 平移增量 dxyz=(0.0000, 0.0000, 0.0050)m
[11:01:04.339] [info] [ManualAdjust] 当前外参 [lidar_front→cam_left]:
[11:01:04.339] [info]   旋转 RPY: (3.6101, -87.7717, -94.8105) deg
[11:01:04.339] [info]   平移 XYZ: (0.0907, 0.0173, -1.0776) m
[11:01:04.369] [debug] [ManualAdjust] 平移增量 dxyz=(0.0000, 0.0000, 0.0050)m
[11:01:04.369] [info] [ManualAdjust] 当前外参 [lidar_front→cam_left]:
[11:01:04.369] [info]   旋转 RPY: (3.6101, -87.7717, -94.8105) deg
[11:01:04.369] [info]   平移 XYZ: (0.0907, 0.0173, -1.0726) m
[11:01:04.399] [debug] [ManualAdjust] 平移增量 dxyz=(0.0000, 0.0000, 0.0050)m
[11:01:04.399] [info] [ManualAdjust] 当前外参 [lidar_front→cam_left]:
[11:01:04.399] [info]   旋转 RPY: (3.6101, -87.7717, -94.8105) deg
[11:01:04.399] [info]   平移 XYZ: (0.0907, 0.0173, -1.0676) m
[11:01:04.429] [debug] [ManualAdjust] 平移增量 dxyz=(0.0000, 0.0000, 0.0050)m
[11:01:04.429] [info] [ManualAdjust] 当前外参 [lidar_front→cam_left]:
[11:01:04.429] [info]   旋转 RPY: (3.6101, -87.7717, -94.8105) deg
[11:01:04.429] [info]   平移 XYZ: (0.0907, 0.0173, -1.0626) m
[11:01:04.459] [debug] [ManualAdjust] 平移增量 dxyz=(0.0000, 0.0000, 0.0050)m
[11:01:04.459] [info] [ManualAdjust] 当前外参 [lidar_front→cam_left]:
[11:01:04.459] [info]   旋转 RPY: (3.6101, -87.7717, -94.8105) deg
[11:01:04.459] [info]   平移 XYZ: (0.0907, 0.0173, -1.0576) m
[11:01:04.490] [debug] [ManualAdjust] 平移增量 dxyz=(0.0000, 0.0000, 0.0050)m
[11:01:04.490] [info] [ManualAdjust] 当前外参 [lidar_front→cam_left]:
[11:01:04.490] [info]   旋转 RPY: (3.6101, -87.7717, -94.8105) deg
[11:01:04.490] [info]   平移 XYZ: (0.0907, 0.0173, -1.0526) m
[11:01:04.520] [debug] [ManualAdjust] 平移增量 dxyz=(0.0000, 0.0000, 0.0050)m
[11:01:04.520] [info] [ManualAdjust] 当前外参 [lidar_front→cam_left]:
[11:01:04.520] [info]   旋转 RPY: (3.6101, -87.7717, -94.8105) deg
[11:01:04.520] [info]   平移 XYZ: (0.0907, 0.0173, -1.0476) m
[11:01:04.550] [debug] [ManualAdjust] 平移增量 dxyz=(0.0000, 0.0000, 0.0050)m
[11:01:04.550] [info] [ManualAdjust] 当前外参 [lidar_front→cam_left]:
[11:01:04.550] [info]   旋转 RPY: (3.6101, -87.7717, -94.8105) deg
[11:01:04.550] [info]   平移 XYZ: (0.0907, 0.0173, -1.0426) m
[11:01:04.580] [debug] [ManualAdjust] 平移增量 dxyz=(0.0000, 0.0000, 0.0050)m
[11:01:04.580] [info] [ManualAdjust] 当前外参 [lidar_front→cam_left]:
[11:01:04.580] [info]   旋转 RPY: (3.6101, -87.7717, -94.8105) deg
[11:01:04.580] [info]   平移 XYZ: (0.0907, 0.0173, -1.0376) m
[11:01:04.611] [debug] [ManualAdjust] 平移增量 dxyz=(0.0000, 0.0000, 0.0050)m
[11:01:04.611] [info] [ManualAdjust] 当前外参 [lidar_front→cam_left]:
[11:01:04.611] [info]   旋转 RPY: (3.6101, -87.7717, -94.8105) deg
[11:01:04.611] [info]   平移 XYZ: (0.0907, 0.0173, -1.0326) m
[11:01:04.641] [debug] [ManualAdjust] 平移增量 dxyz=(0.0000, 0.0000, 0.0050)m
[11:01:04.641] [info] [ManualAdjust] 当前外参 [lidar_front→cam_left]:
[11:01:04.641] [info]   旋转 RPY: (3.6101, -87.7717, -94.8105) deg
[11:01:04.641] [info]   平移 XYZ: (0.0907, 0.0173, -1.0276) m
[11:01:04.671] [debug] [ManualAdjust] 平移增量 dxyz=(0.0000, 0.0000, 0.0050)m
[11:01:04.671] [info] [ManualAdjust] 当前外参 [lidar_front→cam_left]:
[11:01:04.671] [info]   旋转 RPY: (3.6101, -87.7717, -94.8105) deg
[11:01:04.671] [info]   平移 XYZ: (0.0907, 0.0173, -1.0226) m
[11:01:04.702] [debug] [ManualAdjust] 平移增量 dxyz=(0.0000, 0.0000, 0.0050)m
[11:01:04.702] [info] [ManualAdjust] 当前外参 [lidar_front→cam_left]:
[11:01:04.702] [info]   旋转 RPY: (3.6101, -87.7717, -94.8105) deg
[11:01:04.702] [info]   平移 XYZ: (0.0907, 0.0173, -1.0176) m
[11:01:04.733] [debug] [ManualAdjust] 平移增量 dxyz=(0.0000, 0.0000, 0.0050)m
[11:01:04.733] [info] [ManualAdjust] 当前外参 [lidar_front→cam_left]:
[11:01:04.733] [info]   旋转 RPY: (3.6101, -87.7717, -94.8105) deg
[11:01:04.733] [info]   平移 XYZ: (0.0907, 0.0173, -1.0126) m
[11:01:04.763] [debug] [ManualAdjust] 平移增量 dxyz=(0.0000, 0.0000, 0.0050)m
[11:01:04.763] [info] [ManualAdjust] 当前外参 [lidar_front→cam_left]:
[11:01:04.763] [info]   旋转 RPY: (3.6101, -87.7717, -94.8105) deg
[11:01:04.763] [info]   平移 XYZ: (0.0907, 0.0173, -1.0076) m
[11:01:04.793] [debug] [ManualAdjust] 平移增量 dxyz=(0.0000, 0.0000, 0.0050)m
[11:01:04.793] [info] [ManualAdjust] 当前外参 [lidar_front→cam_left]:
[11:01:04.793] [info]   旋转 RPY: (3.6101, -87.7717, -94.8105) deg
[11:01:04.793] [info]   平移 XYZ: (0.0907, 0.0173, -1.0026) m
[11:01:04.823] [debug] [ManualAdjust] 平移增量 dxyz=(0.0000, 0.0000, 0.0050)m
[11:01:04.823] [info] [ManualAdjust] 当前外参 [lidar_front→cam_left]:
[11:01:04.823] [info]   旋转 RPY: (3.6101, -87.7717, -94.8105) deg
[11:01:04.823] [info]   平移 XYZ: (0.0907, 0.0173, -0.9976) m
[11:01:04.853] [debug] [ManualAdjust] 平移增量 dxyz=(0.0000, 0.0000, 0.0050)m
[11:01:04.853] [info] [ManualAdjust] 当前外参 [lidar_front→cam_left]:
[11:01:04.853] [info]   旋转 RPY: (3.6101, -87.7717, -94.8105) deg
[11:01:04.853] [info]   平移 XYZ: (0.0907, 0.0173, -0.9926) m
[11:01:04.883] [debug] [ManualAdjust] 平移增量 dxyz=(0.0000, 0.0000, 0.0050)m
[11:01:04.883] [info] [ManualAdjust] 当前外参 [lidar_front→cam_left]:
[11:01:04.883] [info]   旋转 RPY: (3.6101, -87.7717, -94.8105) deg
[11:01:04.883] [info]   平移 XYZ: (0.0907, 0.0173, -0.9876) m
[11:01:04.913] [debug] [ManualAdjust] 平移增量 dxyz=(0.0000, 0.0000, 0.0050)m
[11:01:04.913] [info] [ManualAdjust] 当前外参 [lidar_front→cam_left]:
[11:01:04.913] [info]   旋转 RPY: (3.6101, -87.7717, -94.8105) deg
[11:01:04.913] [info]   平移 XYZ: (0.0907, 0.0173, -0.9826) m
[11:01:04.943] [debug] [ManualAdjust] 平移增量 dxyz=(0.0000, 0.0000, 0.0050)m
[11:01:04.943] [info] [ManualAdjust] 当前外参 [lidar_front→cam_left]:
[11:01:04.943] [info]   旋转 RPY: (3.6101, -87.7717, -94.8105) deg
[11:01:04.943] [info]   平移 XYZ: (0.0907, 0.0173, -0.9776) m
[11:01:04.973] [debug] [ManualAdjust] 平移增量 dxyz=(0.0000, 0.0000, 0.0050)m
[11:01:04.973] [info] [ManualAdjust] 当前外参 [lidar_front→cam_left]:
[11:01:04.973] [info]   旋转 RPY: (3.6101, -87.7717, -94.8105) deg
[11:01:04.973] [info]   平移 XYZ: (0.0907, 0.0173, -0.9726) m
[11:01:05.003] [debug] [ManualAdjust] 平移增量 dxyz=(0.0000, 0.0000, 0.0050)m
[11:01:05.003] [info] [ManualAdjust] 当前外参 [lidar_front→cam_left]:
[11:01:05.003] [info]   旋转 RPY: (3.6101, -87.7717, -94.8105) deg
[11:01:05.003] [info]   平移 XYZ: (0.0907, 0.0173, -0.9676) m
[11:01:05.033] [debug] [ManualAdjust] 平移增量 dxyz=(0.0000, 0.0000, 0.0050)m
[11:01:05.033] [info] [ManualAdjust] 当前外参 [lidar_front→cam_left]:
[11:01:05.033] [info]   旋转 RPY: (3.6101, -87.7717, -94.8105) deg
[11:01:05.033] [info]   平移 XYZ: (0.0907, 0.0173, -0.9626) m
[11:01:05.064] [debug] [ManualAdjust] 平移增量 dxyz=(0.0000, 0.0000, 0.0050)m
[11:01:05.064] [info] [ManualAdjust] 当前外参 [lidar_front→cam_left]:
[11:01:05.064] [info]   旋转 RPY: (3.6101, -87.7717, -94.8105) deg
[11:01:05.064] [info]   平移 XYZ: (0.0907, 0.0173, -0.9576) m
[11:01:05.094] [debug] [ManualAdjust] 平移增量 dxyz=(0.0000, 0.0000, 0.0050)m
[11:01:05.094] [info] [ManualAdjust] 当前外参 [lidar_front→cam_left]:
[11:01:05.094] [info]   旋转 RPY: (3.6101, -87.7717, -94.8105) deg
[11:01:05.094] [info]   平移 XYZ: (0.0907, 0.0173, -0.9526) m
[11:01:05.125] [debug] [ManualAdjust] 平移增量 dxyz=(0.0000, 0.0000, 0.0050)m
[11:01:05.125] [info] [ManualAdjust] 当前外参 [lidar_front→cam_left]:
[11:01:05.125] [info]   旋转 RPY: (3.6101, -87.7717, -94.8105) deg
[11:01:05.125] [info]   平移 XYZ: (0.0907, 0.0173, -0.9476) m
[11:01:05.155] [debug] [ManualAdjust] 平移增量 dxyz=(0.0000, 0.0000, 0.0050)m
[11:01:05.155] [info] [ManualAdjust] 当前外参 [lidar_front→cam_left]:
[11:01:05.155] [info]   旋转 RPY: (3.6101, -87.7717, -94.8105) deg
[11:01:05.155] [info]   平移 XYZ: (0.0907, 0.0173, -0.9426) m
[11:01:05.186] [debug] [ManualAdjust] 平移增量 dxyz=(0.0000, 0.0000, 0.0050)m
[11:01:05.186] [info] [ManualAdjust] 当前外参 [lidar_front→cam_left]:
[11:01:05.186] [info]   旋转 RPY: (3.6101, -87.7717, -94.8105) deg
[11:01:05.186] [info]   平移 XYZ: (0.0907, 0.0173, -0.9376) m
[11:01:05.216] [debug] [ManualAdjust] 平移增量 dxyz=(0.0000, 0.0000, 0.0050)m
[11:01:05.216] [info] [ManualAdjust] 当前外参 [lidar_front→cam_left]:
[11:01:05.216] [info]   旋转 RPY: (3.6101, -87.7717, -94.8105) deg
[11:01:05.216] [info]   平移 XYZ: (0.0907, 0.0173, -0.9326) m
[11:01:05.246] [debug] [ManualAdjust] 平移增量 dxyz=(0.0000, 0.0000, 0.0050)m
[11:01:05.246] [info] [ManualAdjust] 当前外参 [lidar_front→cam_left]:
[11:01:05.246] [info]   旋转 RPY: (3.6101, -87.7717, -94.8105) deg
[11:01:05.246] [info]   平移 XYZ: (0.0907, 0.0173, -0.9276) m
[11:01:05.276] [debug] [ManualAdjust] 平移增量 dxyz=(0.0000, 0.0000, 0.0050)m
[11:01:05.276] [info] [ManualAdjust] 当前外参 [lidar_front→cam_left]:
[11:01:05.276] [info]   旋转 RPY: (3.6101, -87.7717, -94.8105) deg
[11:01:05.276] [info]   平移 XYZ: (0.0907, 0.0173, -0.9226) m
[11:01:05.306] [debug] [ManualAdjust] 平移增量 dxyz=(0.0000, 0.0000, 0.0050)m
[11:01:05.306] [info] [ManualAdjust] 当前外参 [lidar_front→cam_left]:
[11:01:05.306] [info]   旋转 RPY: (3.6101, -87.7717, -94.8105) deg
[11:01:05.306] [info]   平移 XYZ: (0.0907, 0.0173, -0.9176) m
[11:01:05.336] [debug] [ManualAdjust] 平移增量 dxyz=(0.0000, 0.0000, 0.0050)m
[11:01:05.336] [info] [ManualAdjust] 当前外参 [lidar_front→cam_left]:
[11:01:05.336] [info]   旋转 RPY: (3.6101, -87.7717, -94.8105) deg
[11:01:05.336] [info]   平移 XYZ: (0.0907, 0.0173, -0.9126) m
[11:01:05.367] [debug] [ManualAdjust] 平移增量 dxyz=(0.0000, 0.0000, 0.0050)m
[11:01:05.367] [info] [ManualAdjust] 当前外参 [lidar_front→cam_left]:
[11:01:05.367] [info]   旋转 RPY: (3.6101, -87.7717, -94.8105) deg
[11:01:05.367] [info]   平移 XYZ: (0.0907, 0.0173, -0.9076) m
[11:01:05.397] [debug] [ManualAdjust] 平移增量 dxyz=(0.0000, 0.0000, 0.0050)m
[11:01:05.397] [info] [ManualAdjust] 当前外参 [lidar_front→cam_left]:
[11:01:05.397] [info]   旋转 RPY: (3.6101, -87.7717, -94.8105) deg
[11:01:05.397] [info]   平移 XYZ: (0.0907, 0.0173, -0.9026) m
[11:01:05.428] [debug] [ManualAdjust] 平移增量 dxyz=(0.0000, 0.0000, 0.0050)m
[11:01:05.428] [info] [ManualAdjust] 当前外参 [lidar_front→cam_left]:
[11:01:05.428] [info]   旋转 RPY: (3.6101, -87.7717, -94.8105) deg
[11:01:05.428] [info]   平移 XYZ: (0.0907, 0.0173, -0.8976) m
[11:01:05.459] [debug] [ManualAdjust] 平移增量 dxyz=(0.0000, 0.0000, 0.0050)m
[11:01:05.459] [info] [ManualAdjust] 当前外参 [lidar_front→cam_left]:
[11:01:05.459] [info]   旋转 RPY: (3.6101, -87.7717, -94.8105) deg
[11:01:05.459] [info]   平移 XYZ: (0.0907, 0.0173, -0.8926) m
[11:01:05.489] [debug] [ManualAdjust] 平移增量 dxyz=(0.0000, 0.0000, 0.0050)m
[11:01:05.489] [info] [ManualAdjust] 当前外参 [lidar_front→cam_left]:
[11:01:05.489] [info]   旋转 RPY: (3.6101, -87.7717, -94.8105) deg
[11:01:05.489] [info]   平移 XYZ: (0.0907, 0.0173, -0.8876) m
[11:01:05.519] [debug] [ManualAdjust] 平移增量 dxyz=(0.0000, 0.0000, 0.0050)m
[11:01:05.519] [info] [ManualAdjust] 当前外参 [lidar_front→cam_left]:
[11:01:05.519] [info]   旋转 RPY: (3.6101, -87.7717, -94.8105) deg
[11:01:05.519] [info]   平移 XYZ: (0.0907, 0.0173, -0.8826) m
[11:01:05.550] [debug] [ManualAdjust] 平移增量 dxyz=(0.0000, 0.0000, 0.0050)m
[11:01:05.550] [info] [ManualAdjust] 当前外参 [lidar_front→cam_left]:
[11:01:05.550] [info]   旋转 RPY: (3.6101, -87.7717, -94.8105) deg
[11:01:05.550] [info]   平移 XYZ: (0.0907, 0.0173, -0.8776) m
[11:01:05.579] [debug] [ManualAdjust] 平移增量 dxyz=(0.0000, 0.0000, 0.0050)m
[11:01:05.579] [info] [ManualAdjust] 当前外参 [lidar_front→cam_left]:
[11:01:05.579] [info]   旋转 RPY: (3.6101, -87.7717, -94.8105) deg
[11:01:05.579] [info]   平移 XYZ: (0.0907, 0.0173, -0.8726) m
[11:01:05.609] [debug] [ManualAdjust] 平移增量 dxyz=(0.0000, 0.0000, 0.0050)m
[11:01:05.609] [info] [ManualAdjust] 当前外参 [lidar_front→cam_left]:
[11:01:05.609] [info]   旋转 RPY: (3.6101, -87.7717, -94.8105) deg
[11:01:05.609] [info]   平移 XYZ: (0.0907, 0.0173, -0.8676) m
[11:01:05.640] [debug] [ManualAdjust] 平移增量 dxyz=(0.0000, 0.0000, 0.0050)m
[11:01:05.640] [info] [ManualAdjust] 当前外参 [lidar_front→cam_left]:
[11:01:05.640] [info]   旋转 RPY: (3.6101, -87.7717, -94.8105) deg
[11:01:05.640] [info]   平移 XYZ: (0.0907, 0.0173, -0.8626) m
[11:01:05.671] [debug] [ManualAdjust] 平移增量 dxyz=(0.0000, 0.0000, 0.0050)m
[11:01:05.671] [info] [ManualAdjust] 当前外参 [lidar_front→cam_left]:
[11:01:05.671] [info]   旋转 RPY: (3.6101, -87.7717, -94.8105) deg
[11:01:05.671] [info]   平移 XYZ: (0.0907, 0.0173, -0.8576) m
[11:01:05.702] [debug] [ManualAdjust] 平移增量 dxyz=(0.0000, 0.0000, 0.0050)m
[11:01:05.702] [info] [ManualAdjust] 当前外参 [lidar_front→cam_left]:
[11:01:05.702] [info]   旋转 RPY: (3.6101, -87.7717, -94.8105) deg
[11:01:05.702] [info]   平移 XYZ: (0.0907, 0.0173, -0.8526) m
[11:01:05.733] [debug] [ManualAdjust] 平移增量 dxyz=(0.0000, 0.0000, 0.0050)m
[11:01:05.733] [info] [ManualAdjust] 当前外参 [lidar_front→cam_left]:
[11:01:05.733] [info]   旋转 RPY: (3.6101, -87.7717, -94.8105) deg
[11:01:05.733] [info]   平移 XYZ: (0.0907, 0.0173, -0.8476) m
[11:01:05.763] [debug] [ManualAdjust] 平移增量 dxyz=(0.0000, 0.0000, 0.0050)m
[11:01:05.763] [info] [ManualAdjust] 当前外参 [lidar_front→cam_left]:
[11:01:05.763] [info]   旋转 RPY: (3.6101, -87.7717, -94.8105) deg
[11:01:05.763] [info]   平移 XYZ: (0.0907, 0.0173, -0.8426) m
[11:01:05.794] [debug] [ManualAdjust] 平移增量 dxyz=(0.0000, 0.0000, 0.0050)m
[11:01:05.794] [info] [ManualAdjust] 当前外参 [lidar_front→cam_left]:
[11:01:05.794] [info]   旋转 RPY: (3.6101, -87.7717, -94.8105) deg
[11:01:05.794] [info]   平移 XYZ: (0.0907, 0.0173, -0.8376) m
[11:01:05.825] [debug] [ManualAdjust] 平移增量 dxyz=(0.0000, 0.0000, 0.0050)m
[11:01:05.825] [info] [ManualAdjust] 当前外参 [lidar_front→cam_left]:
[11:01:05.825] [info]   旋转 RPY: (3.6101, -87.7717, -94.8105) deg
[11:01:05.825] [info]   平移 XYZ: (0.0907, 0.0173, -0.8326) m
[11:01:05.854] [debug] [ManualAdjust] 平移增量 dxyz=(0.0000, 0.0000, 0.0050)m
[11:01:05.854] [info] [ManualAdjust] 当前外参 [lidar_front→cam_left]:
[11:01:05.854] [info]   旋转 RPY: (3.6101, -87.7717, -94.8105) deg
[11:01:05.854] [info]   平移 XYZ: (0.0907, 0.0173, -0.8276) m
[11:01:05.885] [debug] [ManualAdjust] 平移增量 dxyz=(0.0000, 0.0000, 0.0050)m
[11:01:05.885] [info] [ManualAdjust] 当前外参 [lidar_front→cam_left]:
[11:01:05.885] [info]   旋转 RPY: (3.6101, -87.7717, -94.8105) deg
[11:01:05.885] [info]   平移 XYZ: (0.0907, 0.0173, -0.8226) m
[11:01:05.915] [debug] [ManualAdjust] 平移增量 dxyz=(0.0000, 0.0000, 0.0050)m
[11:01:05.915] [info] [ManualAdjust] 当前外参 [lidar_front→cam_left]:
[11:01:05.915] [info]   旋转 RPY: (3.6101, -87.7717, -94.8105) deg
[11:01:05.915] [info]   平移 XYZ: (0.0907, 0.0173, -0.8176) m
[11:01:05.945] [debug] [ManualAdjust] 平移增量 dxyz=(0.0000, 0.0000, 0.0050)m
[11:01:05.945] [info] [ManualAdjust] 当前外参 [lidar_front→cam_left]:
[11:01:05.945] [info]   旋转 RPY: (3.6101, -87.7717, -94.8105) deg
[11:01:05.945] [info]   平移 XYZ: (0.0907, 0.0173, -0.8126) m
[11:01:05.976] [debug] [ManualAdjust] 平移增量 dxyz=(0.0000, 0.0000, 0.0050)m
[11:01:05.976] [info] [ManualAdjust] 当前外参 [lidar_front→cam_left]:
[11:01:05.976] [info]   旋转 RPY: (3.6101, -87.7717, -94.8105) deg
[11:01:05.976] [info]   平移 XYZ: (0.0907, 0.0173, -0.8076) m
[11:01:06.006] [debug] [ManualAdjust] 平移增量 dxyz=(0.0000, 0.0000, 0.0050)m
[11:01:06.006] [info] [ManualAdjust] 当前外参 [lidar_front→cam_left]:
[11:01:06.006] [info]   旋转 RPY: (3.6101, -87.7717, -94.8105) deg
[11:01:06.006] [info]   平移 XYZ: (0.0907, 0.0173, -0.8026) m
[11:01:06.036] [debug] [ManualAdjust] 平移增量 dxyz=(0.0000, 0.0000, 0.0050)m
[11:01:06.036] [info] [ManualAdjust] 当前外参 [lidar_front→cam_left]:
[11:01:06.036] [info]   旋转 RPY: (3.6101, -87.7717, -94.8105) deg
[11:01:06.036] [info]   平移 XYZ: (0.0907, 0.0173, -0.7976) m
[11:01:06.066] [debug] [ManualAdjust] 平移增量 dxyz=(0.0000, 0.0000, 0.0050)m
[11:01:06.066] [info] [ManualAdjust] 当前外参 [lidar_front→cam_left]:
[11:01:06.066] [info]   旋转 RPY: (3.6101, -87.7717, -94.8105) deg
[11:01:06.066] [info]   平移 XYZ: (0.0907, 0.0173, -0.7926) m
[11:01:06.096] [debug] [ManualAdjust] 平移增量 dxyz=(0.0000, 0.0000, 0.0050)m
[11:01:06.096] [info] [ManualAdjust] 当前外参 [lidar_front→cam_left]:
[11:01:06.096] [info]   旋转 RPY: (3.6101, -87.7717, -94.8105) deg
[11:01:06.096] [info]   平移 XYZ: (0.0907, 0.0173, -0.7876) m
[11:01:06.126] [debug] [ManualAdjust] 平移增量 dxyz=(0.0000, 0.0000, 0.0050)m
[11:01:06.127] [info] [ManualAdjust] 当前外参 [lidar_front→cam_left]:
[11:01:06.127] [info]   旋转 RPY: (3.6101, -87.7717, -94.8105) deg
[11:01:06.127] [info]   平移 XYZ: (0.0907, 0.0173, -0.7826) m
[11:01:06.157] [debug] [ManualAdjust] 平移增量 dxyz=(0.0000, 0.0000, 0.0050)m
[11:01:06.157] [info] [ManualAdjust] 当前外参 [lidar_front→cam_left]:
[11:01:06.157] [info]   旋转 RPY: (3.6101, -87.7717, -94.8105) deg
[11:01:06.157] [info]   平移 XYZ: (0.0907, 0.0173, -0.7776) m
[11:01:06.187] [debug] [ManualAdjust] 平移增量 dxyz=(0.0000, 0.0000, 0.0050)m
[11:01:06.187] [info] [ManualAdjust] 当前外参 [lidar_front→cam_left]:
[11:01:06.187] [info]   旋转 RPY: (3.6101, -87.7717, -94.8105) deg
[11:01:06.187] [info]   平移 XYZ: (0.0907, 0.0173, -0.7726) m
[11:01:06.217] [debug] [ManualAdjust] 平移增量 dxyz=(0.0000, 0.0000, 0.0050)m
[11:01:06.217] [info] [ManualAdjust] 当前外参 [lidar_front→cam_left]:
[11:01:06.217] [info]   旋转 RPY: (3.6101, -87.7717, -94.8105) deg
[11:01:06.217] [info]   平移 XYZ: (0.0907, 0.0173, -0.7676) m
[11:01:06.247] [debug] [ManualAdjust] 平移增量 dxyz=(0.0000, 0.0000, 0.0050)m
[11:01:06.247] [info] [ManualAdjust] 当前外参 [lidar_front→cam_left]:
[11:01:06.247] [info]   旋转 RPY: (3.6101, -87.7717, -94.8105) deg
[11:01:06.247] [info]   平移 XYZ: (0.0907, 0.0173, -0.7626) m
[11:01:06.277] [debug] [ManualAdjust] 平移增量 dxyz=(0.0000, 0.0000, 0.0050)m
[11:01:06.277] [info] [ManualAdjust] 当前外参 [lidar_front→cam_left]:
[11:01:06.277] [info]   旋转 RPY: (3.6101, -87.7717, -94.8105) deg
[11:01:06.277] [info]   平移 XYZ: (0.0907, 0.0173, -0.7576) m
[11:01:06.308] [debug] [ManualAdjust] 平移增量 dxyz=(0.0000, 0.0000, 0.0050)m
[11:01:06.308] [info] [ManualAdjust] 当前外参 [lidar_front→cam_left]:
[11:01:06.308] [info]   旋转 RPY: (3.6101, -87.7717, -94.8105) deg
[11:01:06.308] [info]   平移 XYZ: (0.0907, 0.0173, -0.7526) m
[11:01:06.338] [debug] [ManualAdjust] 平移增量 dxyz=(0.0000, 0.0000, 0.0050)m
[11:01:06.338] [info] [ManualAdjust] 当前外参 [lidar_front→cam_left]:
[11:01:06.338] [info]   旋转 RPY: (3.6101, -87.7717, -94.8105) deg
[11:01:06.338] [info]   平移 XYZ: (0.0907, 0.0173, -0.7476) m
[11:01:06.368] [debug] [ManualAdjust] 平移增量 dxyz=(0.0000, 0.0000, 0.0050)m
[11:01:06.368] [info] [ManualAdjust] 当前外参 [lidar_front→cam_left]:
[11:01:06.368] [info]   旋转 RPY: (3.6101, -87.7717, -94.8105) deg
[11:01:06.368] [info]   平移 XYZ: (0.0907, 0.0173, -0.7426) m
[11:01:06.398] [debug] [ManualAdjust] 平移增量 dxyz=(0.0000, 0.0000, 0.0050)m
[11:01:06.398] [info] [ManualAdjust] 当前外参 [lidar_front→cam_left]:
[11:01:06.398] [info]   旋转 RPY: (3.6101, -87.7717, -94.8105) deg
[11:01:06.398] [info]   平移 XYZ: (0.0907, 0.0173, -0.7376) m
[11:01:06.429] [debug] [ManualAdjust] 平移增量 dxyz=(0.0000, 0.0000, 0.0050)m
[11:01:06.429] [info] [ManualAdjust] 当前外参 [lidar_front→cam_left]:
[11:01:06.429] [info]   旋转 RPY: (3.6101, -87.7717, -94.8105) deg
[11:01:06.429] [info]   平移 XYZ: (0.0907, 0.0173, -0.7326) m
[11:01:06.458] [debug] [ManualAdjust] 平移增量 dxyz=(0.0000, 0.0000, 0.0050)m
[11:01:06.458] [info] [ManualAdjust] 当前外参 [lidar_front→cam_left]:
[11:01:06.458] [info]   旋转 RPY: (3.6101, -87.7717, -94.8105) deg
[11:01:06.458] [info]   平移 XYZ: (0.0907, 0.0173, -0.7276) m
[11:01:06.488] [debug] [ManualAdjust] 平移增量 dxyz=(0.0000, 0.0000, 0.0050)m
[11:01:06.488] [info] [ManualAdjust] 当前外参 [lidar_front→cam_left]:
[11:01:06.488] [info]   旋转 RPY: (3.6101, -87.7717, -94.8105) deg
[11:01:06.488] [info]   平移 XYZ: (0.0907, 0.0173, -0.7226) m
[11:01:06.518] [debug] [ManualAdjust] 平移增量 dxyz=(0.0000, 0.0000, 0.0050)m
[11:01:06.518] [info] [ManualAdjust] 当前外参 [lidar_front→cam_left]:
[11:01:06.518] [info]   旋转 RPY: (3.6101, -87.7717, -94.8105) deg
[11:01:06.518] [info]   平移 XYZ: (0.0907, 0.0173, -0.7176) m
[11:01:06.549] [debug] [ManualAdjust] 平移增量 dxyz=(0.0000, 0.0000, 0.0050)m
[11:01:06.549] [info] [ManualAdjust] 当前外参 [lidar_front→cam_left]:
[11:01:06.549] [info]   旋转 RPY: (3.6101, -87.7717, -94.8105) deg
[11:01:06.549] [info]   平移 XYZ: (0.0907, 0.0173, -0.7126) m
[11:01:06.579] [debug] [ManualAdjust] 平移增量 dxyz=(0.0000, 0.0000, 0.0050)m
[11:01:06.579] [info] [ManualAdjust] 当前外参 [lidar_front→cam_left]:
[11:01:06.579] [info]   旋转 RPY: (3.6101, -87.7717, -94.8105) deg
[11:01:06.579] [info]   平移 XYZ: (0.0907, 0.0173, -0.7076) m
[11:01:06.609] [debug] [ManualAdjust] 平移增量 dxyz=(0.0000, 0.0000, 0.0050)m
[11:01:06.609] [info] [ManualAdjust] 当前外参 [lidar_front→cam_left]:
[11:01:06.609] [info]   旋转 RPY: (3.6101, -87.7717, -94.8105) deg
[11:01:06.609] [info]   平移 XYZ: (0.0907, 0.0173, -0.7026) m
[11:01:06.639] [debug] [ManualAdjust] 平移增量 dxyz=(0.0000, 0.0000, 0.0050)m
[11:01:06.639] [info] [ManualAdjust] 当前外参 [lidar_front→cam_left]:
[11:01:06.639] [info]   旋转 RPY: (3.6101, -87.7717, -94.8105) deg
[11:01:06.639] [info]   平移 XYZ: (0.0907, 0.0173, -0.6976) m
[11:01:06.669] [debug] [ManualAdjust] 平移增量 dxyz=(0.0000, 0.0000, 0.0050)m
[11:01:06.669] [info] [ManualAdjust] 当前外参 [lidar_front→cam_left]:
[11:01:06.669] [info]   旋转 RPY: (3.6101, -87.7717, -94.8105) deg
[11:01:06.669] [info]   平移 XYZ: (0.0907, 0.0173, -0.6926) m
[11:01:06.699] [debug] [ManualAdjust] 平移增量 dxyz=(0.0000, 0.0000, 0.0050)m
[11:01:06.699] [info] [ManualAdjust] 当前外参 [lidar_front→cam_left]:
[11:01:06.699] [info]   旋转 RPY: (3.6101, -87.7717, -94.8105) deg
[11:01:06.699] [info]   平移 XYZ: (0.0907, 0.0173, -0.6876) m
[11:01:06.729] [debug] [ManualAdjust] 平移增量 dxyz=(0.0000, 0.0000, 0.0050)m
[11:01:06.729] [info] [ManualAdjust] 当前外参 [lidar_front→cam_left]:
[11:01:06.729] [info]   旋转 RPY: (3.6101, -87.7717, -94.8105) deg
[11:01:06.729] [info]   平移 XYZ: (0.0907, 0.0173, -0.6826) m
[11:01:06.759] [debug] [ManualAdjust] 平移增量 dxyz=(0.0000, 0.0000, 0.0050)m
[11:01:06.759] [info] [ManualAdjust] 当前外参 [lidar_front→cam_left]:
[11:01:06.759] [info]   旋转 RPY: (3.6101, -87.7717, -94.8105) deg
[11:01:06.759] [info]   平移 XYZ: (0.0907, 0.0173, -0.6776) m
[11:01:06.790] [debug] [ManualAdjust] 平移增量 dxyz=(0.0000, 0.0000, 0.0050)m
[11:01:06.790] [info] [ManualAdjust] 当前外参 [lidar_front→cam_left]:
[11:01:06.790] [info]   旋转 RPY: (3.6101, -87.7717, -94.8105) deg
[11:01:06.790] [info]   平移 XYZ: (0.0907, 0.0173, -0.6726) m
[11:01:06.820] [debug] [ManualAdjust] 平移增量 dxyz=(0.0000, 0.0000, 0.0050)m
[11:01:06.820] [info] [ManualAdjust] 当前外参 [lidar_front→cam_left]:
[11:01:06.820] [info]   旋转 RPY: (3.6101, -87.7717, -94.8105) deg
[11:01:06.820] [info]   平移 XYZ: (0.0907, 0.0173, -0.6676) m
[11:01:06.850] [debug] [ManualAdjust] 平移增量 dxyz=(0.0000, 0.0000, 0.0050)m
[11:01:06.850] [info] [ManualAdjust] 当前外参 [lidar_front→cam_left]:
[11:01:06.850] [info]   旋转 RPY: (3.6101, -87.7717, -94.8105) deg
[11:01:06.850] [info]   平移 XYZ: (0.0907, 0.0173, -0.6626) m
[11:01:06.880] [debug] [ManualAdjust] 平移增量 dxyz=(0.0000, 0.0000, 0.0050)m
[11:01:06.880] [info] [ManualAdjust] 当前外参 [lidar_front→cam_left]:
[11:01:06.880] [info]   旋转 RPY: (3.6101, -87.7717, -94.8105) deg
[11:01:06.880] [info]   平移 XYZ: (0.0907, 0.0173, -0.6576) m
[11:01:06.910] [debug] [ManualAdjust] 平移增量 dxyz=(0.0000, 0.0000, 0.0050)m
[11:01:06.910] [info] [ManualAdjust] 当前外参 [lidar_front→cam_left]:
[11:01:06.910] [info]   旋转 RPY: (3.6101, -87.7717, -94.8105) deg
[11:01:06.910] [info]   平移 XYZ: (0.0907, 0.0173, -0.6526) m
[11:01:06.941] [debug] [ManualAdjust] 平移增量 dxyz=(0.0000, 0.0000, 0.0050)m
[11:01:06.941] [info] [ManualAdjust] 当前外参 [lidar_front→cam_left]:
[11:01:06.941] [info]   旋转 RPY: (3.6101, -87.7717, -94.8105) deg
[11:01:06.941] [info]   平移 XYZ: (0.0907, 0.0173, -0.6476) m
[11:01:06.972] [debug] [ManualAdjust] 平移增量 dxyz=(0.0000, 0.0000, 0.0050)m
[11:01:06.972] [info] [ManualAdjust] 当前外参 [lidar_front→cam_left]:
[11:01:06.972] [info]   旋转 RPY: (3.6101, -87.7717, -94.8105) deg
[11:01:06.972] [info]   平移 XYZ: (0.0907, 0.0173, -0.6426) m
[11:01:07.002] [debug] [ManualAdjust] 平移增量 dxyz=(0.0000, 0.0000, 0.0050)m
[11:01:07.002] [info] [ManualAdjust] 当前外参 [lidar_front→cam_left]:
[11:01:07.002] [info]   旋转 RPY: (3.6101, -87.7717, -94.8105) deg
[11:01:07.002] [info]   平移 XYZ: (0.0907, 0.0173, -0.6376) m
[11:01:07.033] [debug] [ManualAdjust] 平移增量 dxyz=(0.0000, 0.0000, 0.0050)m
[11:01:07.033] [info] [ManualAdjust] 当前外参 [lidar_front→cam_left]:
[11:01:07.033] [info]   旋转 RPY: (3.6101, -87.7717, -94.8105) deg
[11:01:07.033] [info]   平移 XYZ: (0.0907, 0.0173, -0.6326) m
[11:01:07.063] [debug] [ManualAdjust] 平移增量 dxyz=(0.0000, 0.0000, 0.0050)m
[11:01:07.063] [info] [ManualAdjust] 当前外参 [lidar_front→cam_left]:
[11:01:07.063] [info]   旋转 RPY: (3.6101, -87.7717, -94.8105) deg
[11:01:07.063] [info]   平移 XYZ: (0.0907, 0.0173, -0.6276) m
[11:01:07.093] [debug] [ManualAdjust] 平移增量 dxyz=(0.0000, 0.0000, 0.0050)m
[11:01:07.093] [info] [ManualAdjust] 当前外参 [lidar_front→cam_left]:
[11:01:07.093] [info]   旋转 RPY: (3.6101, -87.7717, -94.8105) deg
[11:01:07.093] [info]   平移 XYZ: (0.0907, 0.0173, -0.6226) m
[11:01:07.123] [debug] [ManualAdjust] 平移增量 dxyz=(0.0000, 0.0000, 0.0050)m
[11:01:07.123] [info] [ManualAdjust] 当前外参 [lidar_front→cam_left]:
[11:01:07.123] [info]   旋转 RPY: (3.6101, -87.7717, -94.8105) deg
[11:01:07.123] [info]   平移 XYZ: (0.0907, 0.0173, -0.6176) m
[11:01:07.153] [debug] [ManualAdjust] 平移增量 dxyz=(0.0000, 0.0000, 0.0050)m
[11:01:07.153] [info] [ManualAdjust] 当前外参 [lidar_front→cam_left]:
[11:01:07.153] [info]   旋转 RPY: (3.6101, -87.7717, -94.8105) deg
[11:01:07.153] [info]   平移 XYZ: (0.0907, 0.0173, -0.6126) m
[11:01:07.184] [debug] [ManualAdjust] 平移增量 dxyz=(0.0000, 0.0000, 0.0050)m
[11:01:07.184] [info] [ManualAdjust] 当前外参 [lidar_front→cam_left]:
[11:01:07.184] [info]   旋转 RPY: (3.6101, -87.7717, -94.8105) deg
[11:01:07.184] [info]   平移 XYZ: (0.0907, 0.0173, -0.6076) m
[11:01:07.215] [debug] [ManualAdjust] 平移增量 dxyz=(0.0000, 0.0000, 0.0050)m
[11:01:07.215] [info] [ManualAdjust] 当前外参 [lidar_front→cam_left]:
[11:01:07.215] [info]   旋转 RPY: (3.6101, -87.7717, -94.8105) deg
[11:01:07.215] [info]   平移 XYZ: (0.0907, 0.0173, -0.6026) m
[11:01:07.244] [debug] [ManualAdjust] 平移增量 dxyz=(0.0000, 0.0000, 0.0050)m
[11:01:07.244] [info] [ManualAdjust] 当前外参 [lidar_front→cam_left]:
[11:01:07.244] [info]   旋转 RPY: (3.6101, -87.7717, -94.8105) deg
[11:01:07.244] [info]   平移 XYZ: (0.0907, 0.0173, -0.5976) m
[11:01:07.274] [debug] [ManualAdjust] 平移增量 dxyz=(0.0000, 0.0000, 0.0050)m
[11:01:07.274] [info] [ManualAdjust] 当前外参 [lidar_front→cam_left]:
[11:01:07.274] [info]   旋转 RPY: (3.6101, -87.7717, -94.8105) deg
[11:01:07.274] [info]   平移 XYZ: (0.0907, 0.0173, -0.5926) m
[11:01:07.304] [debug] [ManualAdjust] 平移增量 dxyz=(0.0000, 0.0000, 0.0050)m
[11:01:07.304] [info] [ManualAdjust] 当前外参 [lidar_front→cam_left]:
[11:01:07.304] [info]   旋转 RPY: (3.6101, -87.7717, -94.8105) deg
[11:01:07.304] [info]   平移 XYZ: (0.0907, 0.0173, -0.5876) m
[11:01:07.336] [debug] [ManualAdjust] 平移增量 dxyz=(0.0000, 0.0000, 0.0050)m
[11:01:07.336] [info] [ManualAdjust] 当前外参 [lidar_front→cam_left]:
[11:01:07.336] [info]   旋转 RPY: (3.6101, -87.7717, -94.8105) deg
[11:01:07.336] [info]   平移 XYZ: (0.0907, 0.0173, -0.5826) m
[11:01:07.366] [debug] [ManualAdjust] 平移增量 dxyz=(0.0000, 0.0000, 0.0050)m
[11:01:07.366] [info] [ManualAdjust] 当前外参 [lidar_front→cam_left]:
[11:01:07.366] [info]   旋转 RPY: (3.6101, -87.7717, -94.8105) deg
[11:01:07.366] [info]   平移 XYZ: (0.0907, 0.0173, -0.5776) m
[11:01:07.396] [debug] [ManualAdjust] 平移增量 dxyz=(0.0000, 0.0000, 0.0050)m
[11:01:07.396] [info] [ManualAdjust] 当前外参 [lidar_front→cam_left]:
[11:01:07.396] [info]   旋转 RPY: (3.6101, -87.7717, -94.8105) deg
[11:01:07.396] [info]   平移 XYZ: (0.0907, 0.0173, -0.5726) m
[11:01:07.426] [debug] [ManualAdjust] 平移增量 dxyz=(0.0000, 0.0000, 0.0050)m
[11:01:07.426] [info] [ManualAdjust] 当前外参 [lidar_front→cam_left]:
[11:01:07.426] [info]   旋转 RPY: (3.6101, -87.7717, -94.8105) deg
[11:01:07.426] [info]   平移 XYZ: (0.0907, 0.0173, -0.5676) m
[11:01:07.456] [debug] [ManualAdjust] 平移增量 dxyz=(0.0000, 0.0000, 0.0050)m
[11:01:07.456] [info] [ManualAdjust] 当前外参 [lidar_front→cam_left]:
[11:01:07.456] [info]   旋转 RPY: (3.6101, -87.7717, -94.8105) deg
[11:01:07.456] [info]   平移 XYZ: (0.0907, 0.0173, -0.5626) m
[11:01:07.488] [debug] [ManualAdjust] 平移增量 dxyz=(0.0000, 0.0000, 0.0050)m
[11:01:07.488] [info] [ManualAdjust] 当前外参 [lidar_front→cam_left]:
[11:01:07.488] [info]   旋转 RPY: (3.6101, -87.7717, -94.8105) deg
[11:01:07.488] [info]   平移 XYZ: (0.0907, 0.0173, -0.5576) m
[11:01:07.519] [debug] [ManualAdjust] 平移增量 dxyz=(0.0000, 0.0000, 0.0050)m
[11:01:07.519] [info] [ManualAdjust] 当前外参 [lidar_front→cam_left]:
[11:01:07.519] [info]   旋转 RPY: (3.6101, -87.7717, -94.8105) deg
[11:01:07.519] [info]   平移 XYZ: (0.0907, 0.0173, -0.5526) m
[11:01:07.549] [debug] [ManualAdjust] 平移增量 dxyz=(0.0000, 0.0000, 0.0050)m
[11:01:07.549] [info] [ManualAdjust] 当前外参 [lidar_front→cam_left]:
[11:01:07.549] [info]   旋转 RPY: (3.6101, -87.7717, -94.8105) deg
[11:01:07.549] [info]   平移 XYZ: (0.0907, 0.0173, -0.5476) m
[11:01:07.579] [debug] [ManualAdjust] 平移增量 dxyz=(0.0000, 0.0000, 0.0050)m
[11:01:07.579] [info] [ManualAdjust] 当前外参 [lidar_front→cam_left]:
[11:01:07.579] [info]   旋转 RPY: (3.6101, -87.7717, -94.8105) deg
[11:01:07.579] [info]   平移 XYZ: (0.0907, 0.0173, -0.5426) m
[11:01:07.609] [debug] [ManualAdjust] 平移增量 dxyz=(0.0000, 0.0000, 0.0050)m
[11:01:07.609] [info] [ManualAdjust] 当前外参 [lidar_front→cam_left]:
[11:01:07.609] [info]   旋转 RPY: (3.6101, -87.7717, -94.8105) deg
[11:01:07.609] [info]   平移 XYZ: (0.0907, 0.0173, -0.5376) m
[11:01:07.639] [debug] [ManualAdjust] 平移增量 dxyz=(0.0000, 0.0000, 0.0050)m
[11:01:07.639] [info] [ManualAdjust] 当前外参 [lidar_front→cam_left]:
[11:01:07.639] [info]   旋转 RPY: (3.6101, -87.7717, -94.8105) deg
[11:01:07.639] [info]   平移 XYZ: (0.0907, 0.0173, -0.5326) m
[11:01:07.669] [debug] [ManualAdjust] 平移增量 dxyz=(0.0000, 0.0000, 0.0050)m
[11:01:07.669] [info] [ManualAdjust] 当前外参 [lidar_front→cam_left]:
[11:01:07.669] [info]   旋转 RPY: (3.6101, -87.7717, -94.8105) deg
[11:01:07.669] [info]   平移 XYZ: (0.0907, 0.0173, -0.5276) m
[11:01:07.700] [debug] [ManualAdjust] 平移增量 dxyz=(0.0000, 0.0000, 0.0050)m
[11:01:07.700] [info] [ManualAdjust] 当前外参 [lidar_front→cam_left]:
[11:01:07.700] [info]   旋转 RPY: (3.6101, -87.7717, -94.8105) deg
[11:01:07.700] [info]   平移 XYZ: (0.0907, 0.0173, -0.5226) m
[11:01:07.730] [debug] [ManualAdjust] 平移增量 dxyz=(0.0000, 0.0000, 0.0050)m
[11:01:07.730] [info] [ManualAdjust] 当前外参 [lidar_front→cam_left]:
[11:01:07.730] [info]   旋转 RPY: (3.6101, -87.7717, -94.8105) deg
[11:01:07.730] [info]   平移 XYZ: (0.0907, 0.0173, -0.5176) m
[11:01:07.760] [debug] [ManualAdjust] 平移增量 dxyz=(0.0000, 0.0000, 0.0050)m
[11:01:07.761] [info] [ManualAdjust] 当前外参 [lidar_front→cam_left]:
[11:01:07.761] [info]   旋转 RPY: (3.6101, -87.7717, -94.8105) deg
[11:01:07.761] [info]   平移 XYZ: (0.0907, 0.0173, -0.5126) m
[11:01:07.791] [debug] [ManualAdjust] 平移增量 dxyz=(0.0000, 0.0000, 0.0050)m
[11:01:07.791] [info] [ManualAdjust] 当前外参 [lidar_front→cam_left]:
[11:01:07.791] [info]   旋转 RPY: (3.6101, -87.7717, -94.8105) deg
[11:01:07.791] [info]   平移 XYZ: (0.0907, 0.0173, -0.5076) m
[11:01:07.821] [debug] [ManualAdjust] 平移增量 dxyz=(0.0000, 0.0000, 0.0050)m
[11:01:07.821] [info] [ManualAdjust] 当前外参 [lidar_front→cam_left]:
[11:01:07.821] [info]   旋转 RPY: (3.6101, -87.7717, -94.8105) deg
[11:01:07.821] [info]   平移 XYZ: (0.0907, 0.0173, -0.5026) m
[11:01:07.851] [debug] [ManualAdjust] 平移增量 dxyz=(0.0000, 0.0000, 0.0050)m
[11:01:07.851] [info] [ManualAdjust] 当前外参 [lidar_front→cam_left]:
[11:01:07.851] [info]   旋转 RPY: (3.6101, -87.7717, -94.8105) deg
[11:01:07.851] [info]   平移 XYZ: (0.0907, 0.0173, -0.4976) m
[11:01:07.882] [debug] [ManualAdjust] 平移增量 dxyz=(0.0000, 0.0000, 0.0050)m
[11:01:07.882] [info] [ManualAdjust] 当前外参 [lidar_front→cam_left]:
[11:01:07.882] [info]   旋转 RPY: (3.6101, -87.7717, -94.8105) deg
[11:01:07.882] [info]   平移 XYZ: (0.0907, 0.0173, -0.4926) m
[11:01:07.910] [debug] [ManualAdjust] 平移增量 dxyz=(0.0000, 0.0000, 0.0050)m
[11:01:07.910] [info] [ManualAdjust] 当前外参 [lidar_front→cam_left]:
[11:01:07.910] [info]   旋转 RPY: (3.6101, -87.7717, -94.8105) deg
[11:01:07.910] [info]   平移 XYZ: (0.0907, 0.0173, -0.4876) m
[11:01:07.941] [debug] [ManualAdjust] 平移增量 dxyz=(0.0000, 0.0000, 0.0050)m
[11:01:07.941] [info] [ManualAdjust] 当前外参 [lidar_front→cam_left]:
[11:01:07.941] [info]   旋转 RPY: (3.6101, -87.7717, -94.8105) deg
[11:01:07.941] [info]   平移 XYZ: (0.0907, 0.0173, -0.4826) m
[11:01:07.972] [debug] [ManualAdjust] 平移增量 dxyz=(0.0000, 0.0000, 0.0050)m
[11:01:07.972] [info] [ManualAdjust] 当前外参 [lidar_front→cam_left]:
[11:01:07.972] [info]   旋转 RPY: (3.6101, -87.7717, -94.8105) deg
[11:01:07.972] [info]   平移 XYZ: (0.0907, 0.0173, -0.4776) m
[11:01:08.002] [debug] [ManualAdjust] 平移增量 dxyz=(0.0000, 0.0000, 0.0050)m
[11:01:08.002] [info] [ManualAdjust] 当前外参 [lidar_front→cam_left]:
[11:01:08.002] [info]   旋转 RPY: (3.6101, -87.7717, -94.8105) deg
[11:01:08.002] [info]   平移 XYZ: (0.0907, 0.0173, -0.4726) m
[11:01:08.032] [debug] [ManualAdjust] 平移增量 dxyz=(0.0000, 0.0000, 0.0050)m
[11:01:08.032] [info] [ManualAdjust] 当前外参 [lidar_front→cam_left]:
[11:01:08.032] [info]   旋转 RPY: (3.6101, -87.7717, -94.8105) deg
[11:01:08.032] [info]   平移 XYZ: (0.0907, 0.0173, -0.4676) m
[11:01:08.062] [debug] [ManualAdjust] 平移增量 dxyz=(0.0000, 0.0000, 0.0050)m
[11:01:08.063] [info] [ManualAdjust] 当前外参 [lidar_front→cam_left]:
[11:01:08.063] [info]   旋转 RPY: (3.6101, -87.7717, -94.8105) deg
[11:01:08.063] [info]   平移 XYZ: (0.0907, 0.0173, -0.4626) m
[11:01:08.093] [debug] [ManualAdjust] 平移增量 dxyz=(0.0000, 0.0000, 0.0050)m
[11:01:08.093] [info] [ManualAdjust] 当前外参 [lidar_front→cam_left]:
[11:01:08.093] [info]   旋转 RPY: (3.6101, -87.7717, -94.8105) deg
[11:01:08.093] [info]   平移 XYZ: (0.0907, 0.0173, -0.4576) m
[11:01:08.124] [debug] [ManualAdjust] 平移增量 dxyz=(0.0000, 0.0000, 0.0050)m
[11:01:08.124] [info] [ManualAdjust] 当前外参 [lidar_front→cam_left]:
[11:01:08.124] [info]   旋转 RPY: (3.6101, -87.7717, -94.8105) deg
[11:01:08.124] [info]   平移 XYZ: (0.0907, 0.0173, -0.4526) m
[11:01:08.154] [debug] [ManualAdjust] 平移增量 dxyz=(0.0000, 0.0000, 0.0050)m
[11:01:08.154] [info] [ManualAdjust] 当前外参 [lidar_front→cam_left]:
[11:01:08.154] [info]   旋转 RPY: (3.6101, -87.7717, -94.8105) deg
[11:01:08.154] [info]   平移 XYZ: (0.0907, 0.0173, -0.4476) m
[11:01:08.184] [debug] [ManualAdjust] 平移增量 dxyz=(0.0000, 0.0000, 0.0050)m
[11:01:08.184] [info] [ManualAdjust] 当前外参 [lidar_front→cam_left]:
[11:01:08.185] [info]   旋转 RPY: (3.6101, -87.7717, -94.8105) deg
[11:01:08.185] [info]   平移 XYZ: (0.0907, 0.0173, -0.4426) m
[11:01:08.214] [debug] [ManualAdjust] 平移增量 dxyz=(0.0000, 0.0000, 0.0050)m
[11:01:08.214] [info] [ManualAdjust] 当前外参 [lidar_front→cam_left]:
[11:01:08.214] [info]   旋转 RPY: (3.6101, -87.7717, -94.8105) deg
[11:01:08.214] [info]   平移 XYZ: (0.0907, 0.0173, -0.4376) m
[11:01:08.244] [debug] [ManualAdjust] 平移增量 dxyz=(0.0000, 0.0000, 0.0050)m
[11:01:08.244] [info] [ManualAdjust] 当前外参 [lidar_front→cam_left]:
[11:01:08.244] [info]   旋转 RPY: (3.6101, -87.7717, -94.8105) deg
[11:01:08.244] [info]   平移 XYZ: (0.0907, 0.0173, -0.4326) m
[11:01:08.274] [debug] [ManualAdjust] 平移增量 dxyz=(0.0000, 0.0000, 0.0050)m
[11:01:08.274] [info] [ManualAdjust] 当前外参 [lidar_front→cam_left]:
[11:01:08.274] [info]   旋转 RPY: (3.6101, -87.7717, -94.8105) deg
[11:01:08.274] [info]   平移 XYZ: (0.0907, 0.0173, -0.4276) m
[11:01:08.304] [debug] [ManualAdjust] 平移增量 dxyz=(0.0000, 0.0000, 0.0050)m
[11:01:08.304] [info] [ManualAdjust] 当前外参 [lidar_front→cam_left]:
[11:01:08.304] [info]   旋转 RPY: (3.6101, -87.7717, -94.8105) deg
[11:01:08.304] [info]   平移 XYZ: (0.0907, 0.0173, -0.4226) m
[11:01:08.334] [debug] [ManualAdjust] 平移增量 dxyz=(0.0000, 0.0000, 0.0050)m
[11:01:08.334] [info] [ManualAdjust] 当前外参 [lidar_front→cam_left]:
[11:01:08.334] [info]   旋转 RPY: (3.6101, -87.7717, -94.8105) deg
[11:01:08.334] [info]   平移 XYZ: (0.0907, 0.0173, -0.4176) m
[11:01:08.364] [debug] [ManualAdjust] 平移增量 dxyz=(0.0000, 0.0000, 0.0050)m
[11:01:08.364] [info] [ManualAdjust] 当前外参 [lidar_front→cam_left]:
[11:01:08.364] [info]   旋转 RPY: (3.6101, -87.7717, -94.8105) deg
[11:01:08.364] [info]   平移 XYZ: (0.0907, 0.0173, -0.4126) m
[11:01:08.394] [debug] [ManualAdjust] 平移增量 dxyz=(0.0000, 0.0000, 0.0050)m
[11:01:08.394] [info] [ManualAdjust] 当前外参 [lidar_front→cam_left]:
[11:01:08.394] [info]   旋转 RPY: (3.6101, -87.7717, -94.8105) deg
[11:01:08.394] [info]   平移 XYZ: (0.0907, 0.0173, -0.4076) m
[11:01:08.424] [debug] [ManualAdjust] 平移增量 dxyz=(0.0000, 0.0000, 0.0050)m
[11:01:08.424] [info] [ManualAdjust] 当前外参 [lidar_front→cam_left]:
[11:01:08.424] [info]   旋转 RPY: (3.6101, -87.7717, -94.8105) deg
[11:01:08.424] [info]   平移 XYZ: (0.0907, 0.0173, -0.4026) m
[11:01:08.455] [debug] [ManualAdjust] 平移增量 dxyz=(0.0000, 0.0000, 0.0050)m
[11:01:08.455] [info] [ManualAdjust] 当前外参 [lidar_front→cam_left]:
[11:01:08.455] [info]   旋转 RPY: (3.6101, -87.7717, -94.8105) deg
[11:01:08.455] [info]   平移 XYZ: (0.0907, 0.0173, -0.3976) m
[11:01:08.486] [debug] [ManualAdjust] 平移增量 dxyz=(0.0000, 0.0000, 0.0050)m
[11:01:08.486] [info] [ManualAdjust] 当前外参 [lidar_front→cam_left]:
[11:01:08.486] [info]   旋转 RPY: (3.6101, -87.7717, -94.8105) deg
[11:01:08.486] [info]   平移 XYZ: (0.0907, 0.0173, -0.3926) m
[11:01:08.517] [debug] [ManualAdjust] 平移增量 dxyz=(0.0000, 0.0000, 0.0050)m
[11:01:08.517] [info] [ManualAdjust] 当前外参 [lidar_front→cam_left]:
[11:01:08.517] [info]   旋转 RPY: (3.6101, -87.7717, -94.8105) deg
[11:01:08.517] [info]   平移 XYZ: (0.0907, 0.0173, -0.3876) m
[11:01:08.546] [debug] [ManualAdjust] 平移增量 dxyz=(0.0000, 0.0000, 0.0050)m
[11:01:08.546] [info] [ManualAdjust] 当前外参 [lidar_front→cam_left]:
[11:01:08.546] [info]   旋转 RPY: (3.6101, -87.7717, -94.8105) deg
[11:01:08.546] [info]   平移 XYZ: (0.0907, 0.0173, -0.3826) m
[11:01:08.577] [debug] [ManualAdjust] 平移增量 dxyz=(0.0000, 0.0000, 0.0050)m
[11:01:08.577] [info] [ManualAdjust] 当前外参 [lidar_front→cam_left]:
[11:01:08.577] [info]   旋转 RPY: (3.6101, -87.7717, -94.8105) deg
[11:01:08.577] [info]   平移 XYZ: (0.0907, 0.0173, -0.3776) m
[11:01:08.607] [debug] [ManualAdjust] 平移增量 dxyz=(0.0000, 0.0000, 0.0050)m
[11:01:08.607] [info] [ManualAdjust] 当前外参 [lidar_front→cam_left]:
[11:01:08.607] [info]   旋转 RPY: (3.6101, -87.7717, -94.8105) deg
[11:01:08.607] [info]   平移 XYZ: (0.0907, 0.0173, -0.3726) m
[11:01:08.637] [debug] [ManualAdjust] 平移增量 dxyz=(0.0000, 0.0000, 0.0050)m
[11:01:08.637] [info] [ManualAdjust] 当前外参 [lidar_front→cam_left]:
[11:01:08.637] [info]   旋转 RPY: (3.6101, -87.7717, -94.8105) deg
[11:01:08.637] [info]   平移 XYZ: (0.0907, 0.0173, -0.3676) m
[11:01:08.667] [debug] [ManualAdjust] 平移增量 dxyz=(0.0000, 0.0000, 0.0050)m
[11:01:08.667] [info] [ManualAdjust] 当前外参 [lidar_front→cam_left]:
[11:01:08.667] [info]   旋转 RPY: (3.6101, -87.7717, -94.8105) deg
[11:01:08.667] [info]   平移 XYZ: (0.0907, 0.0173, -0.3626) m
[11:01:08.697] [debug] [ManualAdjust] 平移增量 dxyz=(0.0000, 0.0000, 0.0050)m
[11:01:08.697] [info] [ManualAdjust] 当前外参 [lidar_front→cam_left]:
[11:01:08.697] [info]   旋转 RPY: (3.6101, -87.7717, -94.8105) deg
[11:01:08.697] [info]   平移 XYZ: (0.0907, 0.0173, -0.3576) m
[11:01:08.727] [debug] [ManualAdjust] 平移增量 dxyz=(0.0000, 0.0000, 0.0050)m
[11:01:08.727] [info] [ManualAdjust] 当前外参 [lidar_front→cam_left]:
[11:01:08.727] [info]   旋转 RPY: (3.6101, -87.7717, -94.8105) deg
[11:01:08.727] [info]   平移 XYZ: (0.0907, 0.0173, -0.3526) m
[11:01:08.758] [debug] [ManualAdjust] 平移增量 dxyz=(0.0000, 0.0000, 0.0050)m
[11:01:08.758] [info] [ManualAdjust] 当前外参 [lidar_front→cam_left]:
[11:01:08.758] [info]   旋转 RPY: (3.6101, -87.7717, -94.8105) deg
[11:01:08.758] [info]   平移 XYZ: (0.0907, 0.0173, -0.3476) m
[11:01:08.789] [debug] [ManualAdjust] 平移增量 dxyz=(0.0000, 0.0000, 0.0050)m
[11:01:08.789] [info] [ManualAdjust] 当前外参 [lidar_front→cam_left]:
[11:01:08.789] [info]   旋转 RPY: (3.6101, -87.7717, -94.8105) deg
[11:01:08.789] [info]   平移 XYZ: (0.0907, 0.0173, -0.3426) m
[11:01:08.820] [debug] [ManualAdjust] 平移增量 dxyz=(0.0000, 0.0000, 0.0050)m
[11:01:08.820] [info] [ManualAdjust] 当前外参 [lidar_front→cam_left]:
[11:01:08.820] [info]   旋转 RPY: (3.6101, -87.7717, -94.8105) deg
[11:01:08.820] [info]   平移 XYZ: (0.0907, 0.0173, -0.3376) m
[11:01:08.850] [debug] [ManualAdjust] 平移增量 dxyz=(0.0000, 0.0000, 0.0050)m
[11:01:08.850] [info] [ManualAdjust] 当前外参 [lidar_front→cam_left]:
[11:01:08.851] [info]   旋转 RPY: (3.6101, -87.7717, -94.8105) deg
[11:01:08.851] [info]   平移 XYZ: (0.0907, 0.0173, -0.3326) m
[11:01:08.880] [debug] [ManualAdjust] 平移增量 dxyz=(0.0000, 0.0000, 0.0050)m
[11:01:08.880] [info] [ManualAdjust] 当前外参 [lidar_front→cam_left]:
[11:01:08.880] [info]   旋转 RPY: (3.6101, -87.7717, -94.8105) deg
[11:01:08.880] [info]   平移 XYZ: (0.0907, 0.0173, -0.3276) m
[11:01:08.910] [debug] [ManualAdjust] 平移增量 dxyz=(0.0000, 0.0000, 0.0050)m
[11:01:08.910] [info] [ManualAdjust] 当前外参 [lidar_front→cam_left]:
[11:01:08.910] [info]   旋转 RPY: (3.6101, -87.7717, -94.8105) deg
[11:01:08.910] [info]   平移 XYZ: (0.0907, 0.0173, -0.3226) m
[11:01:08.940] [debug] [ManualAdjust] 平移增量 dxyz=(0.0000, 0.0000, 0.0050)m
[11:01:08.940] [info] [ManualAdjust] 当前外参 [lidar_front→cam_left]:
[11:01:08.940] [info]   旋转 RPY: (3.6101, -87.7717, -94.8105) deg
[11:01:08.940] [info]   平移 XYZ: (0.0907, 0.0173, -0.3176) m
[11:01:08.970] [debug] [ManualAdjust] 平移增量 dxyz=(0.0000, 0.0000, 0.0050)m
[11:01:08.970] [info] [ManualAdjust] 当前外参 [lidar_front→cam_left]:
[11:01:08.970] [info]   旋转 RPY: (3.6101, -87.7717, -94.8105) deg
[11:01:08.970] [info]   平移 XYZ: (0.0907, 0.0173, -0.3126) m
[11:01:09.000] [debug] [ManualAdjust] 平移增量 dxyz=(0.0000, 0.0000, 0.0050)m
[11:01:09.000] [info] [ManualAdjust] 当前外参 [lidar_front→cam_left]:
[11:01:09.000] [info]   旋转 RPY: (3.6101, -87.7717, -94.8105) deg
[11:01:09.000] [info]   平移 XYZ: (0.0907, 0.0173, -0.3076) m
[11:01:09.029] [debug] [ManualAdjust] 平移增量 dxyz=(0.0000, 0.0000, 0.0050)m
[11:01:09.029] [info] [ManualAdjust] 当前外参 [lidar_front→cam_left]:
[11:01:09.029] [info]   旋转 RPY: (3.6101, -87.7717, -94.8105) deg
[11:01:09.029] [info]   平移 XYZ: (0.0907, 0.0173, -0.3026) m
[11:01:09.059] [debug] [ManualAdjust] 平移增量 dxyz=(0.0000, 0.0000, 0.0050)m
[11:01:09.059] [info] [ManualAdjust] 当前外参 [lidar_front→cam_left]:
[11:01:09.059] [info]   旋转 RPY: (3.6101, -87.7717, -94.8105) deg
[11:01:09.059] [info]   平移 XYZ: (0.0907, 0.0173, -0.2976) m
[11:01:09.090] [debug] [ManualAdjust] 平移增量 dxyz=(0.0000, 0.0000, 0.0050)m
[11:01:09.090] [info] [ManualAdjust] 当前外参 [lidar_front→cam_left]:
[11:01:09.090] [info]   旋转 RPY: (3.6101, -87.7717, -94.8105) deg
[11:01:09.090] [info]   平移 XYZ: (0.0907, 0.0173, -0.2926) m
[11:01:09.120] [debug] [ManualAdjust] 平移增量 dxyz=(0.0000, 0.0000, 0.0050)m
[11:01:09.120] [info] [ManualAdjust] 当前外参 [lidar_front→cam_left]:
[11:01:09.120] [info]   旋转 RPY: (3.6101, -87.7717, -94.8105) deg
[11:01:09.120] [info]   平移 XYZ: (0.0907, 0.0173, -0.2876) m
[11:01:09.149] [debug] [ManualAdjust] 平移增量 dxyz=(0.0000, 0.0000, 0.0050)m
[11:01:09.149] [info] [ManualAdjust] 当前外参 [lidar_front→cam_left]:
[11:01:09.149] [info]   旋转 RPY: (3.6101, -87.7717, -94.8105) deg
[11:01:09.149] [info]   平移 XYZ: (0.0907, 0.0173, -0.2826) m
[11:01:09.179] [debug] [ManualAdjust] 平移增量 dxyz=(0.0000, 0.0000, 0.0050)m
[11:01:09.179] [info] [ManualAdjust] 当前外参 [lidar_front→cam_left]:
[11:01:09.180] [info]   旋转 RPY: (3.6101, -87.7717, -94.8105) deg
[11:01:09.180] [info]   平移 XYZ: (0.0907, 0.0173, -0.2776) m
[11:01:09.210] [debug] [ManualAdjust] 平移增量 dxyz=(0.0000, 0.0000, 0.0050)m
[11:01:09.210] [info] [ManualAdjust] 当前外参 [lidar_front→cam_left]:
[11:01:09.210] [info]   旋转 RPY: (3.6101, -87.7717, -94.8105) deg
[11:01:09.210] [info]   平移 XYZ: (0.0907, 0.0173, -0.2726) m
[11:01:09.240] [debug] [ManualAdjust] 平移增量 dxyz=(0.0000, 0.0000, 0.0050)m
[11:01:09.240] [info] [ManualAdjust] 当前外参 [lidar_front→cam_left]:
[11:01:09.240] [info]   旋转 RPY: (3.6101, -87.7717, -94.8105) deg
[11:01:09.240] [info]   平移 XYZ: (0.0907, 0.0173, -0.2676) m
[11:01:09.270] [debug] [ManualAdjust] 平移增量 dxyz=(0.0000, 0.0000, 0.0050)m
[11:01:09.270] [info] [ManualAdjust] 当前外参 [lidar_front→cam_left]:
[11:01:09.270] [info]   旋转 RPY: (3.6101, -87.7717, -94.8105) deg
[11:01:09.270] [info]   平移 XYZ: (0.0907, 0.0173, -0.2626) m
[11:01:09.300] [debug] [ManualAdjust] 平移增量 dxyz=(0.0000, 0.0000, 0.0050)m
[11:01:09.300] [info] [ManualAdjust] 当前外参 [lidar_front→cam_left]:
[11:01:09.300] [info]   旋转 RPY: (3.6101, -87.7717, -94.8105) deg
[11:01:09.300] [info]   平移 XYZ: (0.0907, 0.0173, -0.2576) m
[11:01:09.330] [debug] [ManualAdjust] 平移增量 dxyz=(0.0000, 0.0000, 0.0050)m
[11:01:09.330] [info] [ManualAdjust] 当前外参 [lidar_front→cam_left]:
[11:01:09.330] [info]   旋转 RPY: (3.6101, -87.7717, -94.8105) deg
[11:01:09.330] [info]   平移 XYZ: (0.0907, 0.0173, -0.2526) m
[11:01:09.360] [debug] [ManualAdjust] 平移增量 dxyz=(0.0000, 0.0000, 0.0050)m
[11:01:09.360] [info] [ManualAdjust] 当前外参 [lidar_front→cam_left]:
[11:01:09.360] [info]   旋转 RPY: (3.6101, -87.7717, -94.8105) deg
[11:01:09.360] [info]   平移 XYZ: (0.0907, 0.0173, -0.2476) m
[11:01:09.390] [debug] [ManualAdjust] 平移增量 dxyz=(0.0000, 0.0000, 0.0050)m
[11:01:09.390] [info] [ManualAdjust] 当前外参 [lidar_front→cam_left]:
[11:01:09.390] [info]   旋转 RPY: (3.6101, -87.7717, -94.8105) deg
[11:01:09.390] [info]   平移 XYZ: (0.0907, 0.0173, -0.2426) m
[11:01:09.420] [debug] [ManualAdjust] 平移增量 dxyz=(0.0000, 0.0000, 0.0050)m
[11:01:09.420] [info] [ManualAdjust] 当前外参 [lidar_front→cam_left]:
[11:01:09.420] [info]   旋转 RPY: (3.6101, -87.7717, -94.8105) deg
[11:01:09.420] [info]   平移 XYZ: (0.0907, 0.0173, -0.2376) m
[11:01:09.449] [debug] [ManualAdjust] 平移增量 dxyz=(0.0000, 0.0000, 0.0050)m
[11:01:09.449] [info] [ManualAdjust] 当前外参 [lidar_front→cam_left]:
[11:01:09.449] [info]   旋转 RPY: (3.6101, -87.7717, -94.8105) deg
[11:01:09.449] [info]   平移 XYZ: (0.0907, 0.0173, -0.2326) m
[11:01:09.479] [debug] [ManualAdjust] 平移增量 dxyz=(0.0000, 0.0000, 0.0050)m
[11:01:09.479] [info] [ManualAdjust] 当前外参 [lidar_front→cam_left]:
[11:01:09.479] [info]   旋转 RPY: (3.6101, -87.7717, -94.8105) deg
[11:01:09.479] [info]   平移 XYZ: (0.0907, 0.0173, -0.2276) m
[11:01:09.510] [debug] [ManualAdjust] 平移增量 dxyz=(0.0000, 0.0000, 0.0050)m
[11:01:09.510] [info] [ManualAdjust] 当前外参 [lidar_front→cam_left]:
[11:01:09.510] [info]   旋转 RPY: (3.6101, -87.7717, -94.8105) deg
[11:01:09.510] [info]   平移 XYZ: (0.0907, 0.0173, -0.2226) m
[11:01:09.540] [debug] [ManualAdjust] 平移增量 dxyz=(0.0000, 0.0000, 0.0050)m
[11:01:09.540] [info] [ManualAdjust] 当前外参 [lidar_front→cam_left]:
[11:01:09.540] [info]   旋转 RPY: (3.6101, -87.7717, -94.8105) deg
[11:01:09.540] [info]   平移 XYZ: (0.0907, 0.0173, -0.2176) m
[11:01:09.571] [debug] [ManualAdjust] 平移增量 dxyz=(0.0000, 0.0000, 0.0050)m
[11:01:09.571] [info] [ManualAdjust] 当前外参 [lidar_front→cam_left]:
[11:01:09.571] [info]   旋转 RPY: (3.6101, -87.7717, -94.8105) deg
[11:01:09.571] [info]   平移 XYZ: (0.0907, 0.0173, -0.2126) m
[11:01:09.601] [debug] [ManualAdjust] 平移增量 dxyz=(0.0000, 0.0000, 0.0050)m
[11:01:09.601] [info] [ManualAdjust] 当前外参 [lidar_front→cam_left]:
[11:01:09.601] [info]   旋转 RPY: (3.6101, -87.7717, -94.8105) deg
[11:01:09.601] [info]   平移 XYZ: (0.0907, 0.0173, -0.2076) m
[11:01:09.632] [debug] [ManualAdjust] 平移增量 dxyz=(0.0000, 0.0000, 0.0050)m
[11:01:09.632] [info] [ManualAdjust] 当前外参 [lidar_front→cam_left]:
[11:01:09.632] [info]   旋转 RPY: (3.6101, -87.7717, -94.8105) deg
[11:01:09.632] [info]   平移 XYZ: (0.0907, 0.0173, -0.2026) m
[11:01:09.661] [debug] [ManualAdjust] 平移增量 dxyz=(0.0000, 0.0000, 0.0050)m
[11:01:09.661] [info] [ManualAdjust] 当前外参 [lidar_front→cam_left]:
[11:01:09.661] [info]   旋转 RPY: (3.6101, -87.7717, -94.8105) deg
[11:01:09.661] [info]   平移 XYZ: (0.0907, 0.0173, -0.1976) m
[11:01:09.691] [debug] [ManualAdjust] 平移增量 dxyz=(0.0000, 0.0000, 0.0050)m
[11:01:09.691] [info] [ManualAdjust] 当前外参 [lidar_front→cam_left]:
[11:01:09.691] [info]   旋转 RPY: (3.6101, -87.7717, -94.8105) deg
[11:01:09.691] [info]   平移 XYZ: (0.0907, 0.0173, -0.1926) m
[11:01:09.721] [debug] [ManualAdjust] 平移增量 dxyz=(0.0000, 0.0000, 0.0050)m
[11:01:09.721] [info] [ManualAdjust] 当前外参 [lidar_front→cam_left]:
[11:01:09.721] [info]   旋转 RPY: (3.6101, -87.7717, -94.8105) deg
[11:01:09.721] [info]   平移 XYZ: (0.0907, 0.0173, -0.1876) m
[11:01:09.751] [debug] [ManualAdjust] 平移增量 dxyz=(0.0000, 0.0000, 0.0050)m
[11:01:09.751] [info] [ManualAdjust] 当前外参 [lidar_front→cam_left]:
[11:01:09.751] [info]   旋转 RPY: (3.6101, -87.7717, -94.8105) deg
[11:01:09.751] [info]   平移 XYZ: (0.0907, 0.0173, -0.1826) m
[11:01:09.781] [debug] [ManualAdjust] 平移增量 dxyz=(0.0000, 0.0000, 0.0050)m
[11:01:09.781] [info] [ManualAdjust] 当前外参 [lidar_front→cam_left]:
[11:01:09.781] [info]   旋转 RPY: (3.6101, -87.7717, -94.8105) deg
[11:01:09.781] [info]   平移 XYZ: (0.0907, 0.0173, -0.1776) m
[11:01:09.811] [debug] [ManualAdjust] 平移增量 dxyz=(0.0000, 0.0000, 0.0050)m
[11:01:09.811] [info] [ManualAdjust] 当前外参 [lidar_front→cam_left]:
[11:01:09.811] [info]   旋转 RPY: (3.6101, -87.7717, -94.8105) deg
[11:01:09.811] [info]   平移 XYZ: (0.0907, 0.0173, -0.1726) m
[11:01:09.842] [debug] [ManualAdjust] 平移增量 dxyz=(0.0000, 0.0000, 0.0050)m
[11:01:09.842] [info] [ManualAdjust] 当前外参 [lidar_front→cam_left]:
[11:01:09.842] [info]   旋转 RPY: (3.6101, -87.7717, -94.8105) deg
[11:01:09.842] [info]   平移 XYZ: (0.0907, 0.0173, -0.1676) m
[11:01:09.872] [debug] [ManualAdjust] 平移增量 dxyz=(0.0000, 0.0000, 0.0050)m
[11:01:09.872] [info] [ManualAdjust] 当前外参 [lidar_front→cam_left]:
[11:01:09.872] [info]   旋转 RPY: (3.6101, -87.7717, -94.8105) deg
[11:01:09.872] [info]   平移 XYZ: (0.0907, 0.0173, -0.1626) m
[11:01:09.903] [debug] [ManualAdjust] 平移增量 dxyz=(0.0000, 0.0000, 0.0050)m
[11:01:09.903] [info] [ManualAdjust] 当前外参 [lidar_front→cam_left]:
[11:01:09.903] [info]   旋转 RPY: (3.6101, -87.7717, -94.8105) deg
[11:01:09.903] [info]   平移 XYZ: (0.0907, 0.0173, -0.1576) m
[11:01:09.933] [debug] [ManualAdjust] 平移增量 dxyz=(0.0000, 0.0000, 0.0050)m
[11:01:09.933] [info] [ManualAdjust] 当前外参 [lidar_front→cam_left]:
[11:01:09.933] [info]   旋转 RPY: (3.6101, -87.7717, -94.8105) deg
[11:01:09.933] [info]   平移 XYZ: (0.0907, 0.0173, -0.1526) m
[11:01:09.963] [debug] [ManualAdjust] 平移增量 dxyz=(0.0000, 0.0000, 0.0050)m
[11:01:09.963] [info] [ManualAdjust] 当前外参 [lidar_front→cam_left]:
[11:01:09.963] [info]   旋转 RPY: (3.6101, -87.7717, -94.8105) deg
[11:01:09.963] [info]   平移 XYZ: (0.0907, 0.0173, -0.1476) m
[11:01:09.994] [debug] [ManualAdjust] 平移增量 dxyz=(0.0000, 0.0000, 0.0050)m
[11:01:09.994] [info] [ManualAdjust] 当前外参 [lidar_front→cam_left]:
[11:01:09.994] [info]   旋转 RPY: (3.6101, -87.7717, -94.8105) deg
[11:01:09.994] [info]   平移 XYZ: (0.0907, 0.0173, -0.1426) m
[11:01:10.024] [debug] [ManualAdjust] 平移增量 dxyz=(0.0000, 0.0000, 0.0050)m
[11:01:10.025] [info] [ManualAdjust] 当前外参 [lidar_front→cam_left]:
[11:01:10.025] [info]   旋转 RPY: (3.6101, -87.7717, -94.8105) deg
[11:01:10.025] [info]   平移 XYZ: (0.0907, 0.0173, -0.1376) m
[11:01:10.056] [debug] [ManualAdjust] 平移增量 dxyz=(0.0000, 0.0000, 0.0050)m
[11:01:10.056] [info] [ManualAdjust] 当前外参 [lidar_front→cam_left]:
[11:01:10.056] [info]   旋转 RPY: (3.6101, -87.7717, -94.8105) deg
[11:01:10.056] [info]   平移 XYZ: (0.0907, 0.0173, -0.1326) m
[11:01:10.087] [debug] [ManualAdjust] 平移增量 dxyz=(0.0000, 0.0000, 0.0050)m
[11:01:10.087] [info] [ManualAdjust] 当前外参 [lidar_front→cam_left]:
[11:01:10.087] [info]   旋转 RPY: (3.6101, -87.7717, -94.8105) deg
[11:01:10.087] [info]   平移 XYZ: (0.0907, 0.0173, -0.1276) m
[11:01:10.117] [debug] [ManualAdjust] 平移增量 dxyz=(0.0000, 0.0000, 0.0050)m
[11:01:10.117] [info] [ManualAdjust] 当前外参 [lidar_front→cam_left]:
[11:01:10.117] [info]   旋转 RPY: (3.6101, -87.7717, -94.8105) deg
[11:01:10.117] [info]   平移 XYZ: (0.0907, 0.0173, -0.1226) m
[11:01:10.147] [debug] [ManualAdjust] 平移增量 dxyz=(0.0000, 0.0000, 0.0050)m
[11:01:10.147] [info] [ManualAdjust] 当前外参 [lidar_front→cam_left]:
[11:01:10.147] [info]   旋转 RPY: (3.6101, -87.7717, -94.8105) deg
[11:01:10.147] [info]   平移 XYZ: (0.0907, 0.0173, -0.1176) m
[11:01:10.177] [debug] [ManualAdjust] 平移增量 dxyz=(0.0000, 0.0000, 0.0050)m
[11:01:10.177] [info] [ManualAdjust] 当前外参 [lidar_front→cam_left]:
[11:01:10.177] [info]   旋转 RPY: (3.6101, -87.7717, -94.8105) deg
[11:01:10.177] [info]   平移 XYZ: (0.0907, 0.0173, -0.1126) m
[11:01:10.207] [debug] [ManualAdjust] 平移增量 dxyz=(0.0000, 0.0000, 0.0050)m
[11:01:10.208] [info] [ManualAdjust] 当前外参 [lidar_front→cam_left]:
[11:01:10.208] [info]   旋转 RPY: (3.6101, -87.7717, -94.8105) deg
[11:01:10.208] [info]   平移 XYZ: (0.0907, 0.0173, -0.1076) m
[11:01:10.239] [debug] [ManualAdjust] 平移增量 dxyz=(0.0000, 0.0000, 0.0050)m
[11:01:10.239] [info] [ManualAdjust] 当前外参 [lidar_front→cam_left]:
[11:01:10.239] [info]   旋转 RPY: (3.6101, -87.7717, -94.8105) deg
[11:01:10.239] [info]   平移 XYZ: (0.0907, 0.0173, -0.1026) m
[11:01:10.269] [debug] [ManualAdjust] 平移增量 dxyz=(0.0000, 0.0000, 0.0050)m
[11:01:10.269] [info] [ManualAdjust] 当前外参 [lidar_front→cam_left]:
[11:01:10.269] [info]   旋转 RPY: (3.6101, -87.7717, -94.8105) deg
[11:01:10.269] [info]   平移 XYZ: (0.0907, 0.0173, -0.0976) m
[11:01:10.299] [debug] [ManualAdjust] 平移增量 dxyz=(0.0000, 0.0000, 0.0050)m
[11:01:10.299] [info] [ManualAdjust] 当前外参 [lidar_front→cam_left]:
[11:01:10.299] [info]   旋转 RPY: (3.6101, -87.7717, -94.8105) deg
[11:01:10.299] [info]   平移 XYZ: (0.0907, 0.0173, -0.0926) m
[11:01:10.329] [debug] [ManualAdjust] 平移增量 dxyz=(0.0000, 0.0000, 0.0050)m
[11:01:10.329] [info] [ManualAdjust] 当前外参 [lidar_front→cam_left]:
[11:01:10.329] [info]   旋转 RPY: (3.6101, -87.7717, -94.8105) deg
[11:01:10.329] [info]   平移 XYZ: (0.0907, 0.0173, -0.0876) m
[11:01:10.359] [debug] [ManualAdjust] 平移增量 dxyz=(0.0000, 0.0000, 0.0050)m
[11:01:10.359] [info] [ManualAdjust] 当前外参 [lidar_front→cam_left]:
[11:01:10.359] [info]   旋转 RPY: (3.6101, -87.7717, -94.8105) deg
[11:01:10.359] [info]   平移 XYZ: (0.0907, 0.0173, -0.0826) m
[11:01:10.389] [debug] [ManualAdjust] 平移增量 dxyz=(0.0000, 0.0000, 0.0050)m
[11:01:10.389] [info] [ManualAdjust] 当前外参 [lidar_front→cam_left]:
[11:01:10.389] [info]   旋转 RPY: (3.6101, -87.7717, -94.8105) deg
[11:01:10.389] [info]   平移 XYZ: (0.0907, 0.0173, -0.0776) m
[11:01:10.419] [debug] [ManualAdjust] 平移增量 dxyz=(0.0000, 0.0000, 0.0050)m
[11:01:10.419] [info] [ManualAdjust] 当前外参 [lidar_front→cam_left]:
[11:01:10.419] [info]   旋转 RPY: (3.6101, -87.7717, -94.8105) deg
[11:01:10.419] [info]   平移 XYZ: (0.0907, 0.0173, -0.0726) m
[11:01:10.449] [debug] [ManualAdjust] 平移增量 dxyz=(0.0000, 0.0000, 0.0050)m
[11:01:10.449] [info] [ManualAdjust] 当前外参 [lidar_front→cam_left]:
[11:01:10.449] [info]   旋转 RPY: (3.6101, -87.7717, -94.8105) deg
[11:01:10.449] [info]   平移 XYZ: (0.0907, 0.0173, -0.0676) m
[11:01:10.479] [debug] [ManualAdjust] 平移增量 dxyz=(0.0000, 0.0000, 0.0050)m
[11:01:10.479] [info] [ManualAdjust] 当前外参 [lidar_front→cam_left]:
[11:01:10.479] [info]   旋转 RPY: (3.6101, -87.7717, -94.8105) deg
[11:01:10.479] [info]   平移 XYZ: (0.0907, 0.0173, -0.0626) m
[11:01:10.509] [debug] [ManualAdjust] 平移增量 dxyz=(0.0000, 0.0000, 0.0050)m
[11:01:10.509] [info] [ManualAdjust] 当前外参 [lidar_front→cam_left]:
[11:01:10.509] [info]   旋转 RPY: (3.6101, -87.7717, -94.8105) deg
[11:01:10.509] [info]   平移 XYZ: (0.0907, 0.0173, -0.0576) m
[11:01:10.539] [debug] [ManualAdjust] 平移增量 dxyz=(0.0000, 0.0000, 0.0050)m
[11:01:10.539] [info] [ManualAdjust] 当前外参 [lidar_front→cam_left]:
[11:01:10.539] [info]   旋转 RPY: (3.6101, -87.7717, -94.8105) deg
[11:01:10.539] [info]   平移 XYZ: (0.0907, 0.0173, -0.0526) m
[11:01:10.570] [debug] [ManualAdjust] 平移增量 dxyz=(0.0000, 0.0000, 0.0050)m
[11:01:10.570] [info] [ManualAdjust] 当前外参 [lidar_front→cam_left]:
[11:01:10.570] [info]   旋转 RPY: (3.6101, -87.7717, -94.8105) deg
[11:01:10.570] [info]   平移 XYZ: (0.0907, 0.0173, -0.0476) m
[11:01:10.600] [debug] [ManualAdjust] 平移增量 dxyz=(0.0000, 0.0000, 0.0050)m
[11:01:10.600] [info] [ManualAdjust] 当前外参 [lidar_front→cam_left]:
[11:01:10.600] [info]   旋转 RPY: (3.6101, -87.7717, -94.8105) deg
[11:01:10.600] [info]   平移 XYZ: (0.0907, 0.0173, -0.0426) m
[11:01:10.630] [debug] [ManualAdjust] 平移增量 dxyz=(0.0000, 0.0000, 0.0050)m
[11:01:10.630] [info] [ManualAdjust] 当前外参 [lidar_front→cam_left]:
[11:01:10.630] [info]   旋转 RPY: (3.6101, -87.7717, -94.8105) deg
[11:01:10.630] [info]   平移 XYZ: (0.0907, 0.0173, -0.0376) m
[11:01:10.661] [debug] [ManualAdjust] 平移增量 dxyz=(0.0000, 0.0000, 0.0050)m
[11:01:10.661] [info] [ManualAdjust] 当前外参 [lidar_front→cam_left]:
[11:01:10.661] [info]   旋转 RPY: (3.6101, -87.7717, -94.8105) deg
[11:01:10.661] [info]   平移 XYZ: (0.0907, 0.0173, -0.0326) m
[11:01:10.691] [debug] [ManualAdjust] 平移增量 dxyz=(0.0000, 0.0000, 0.0050)m
[11:01:10.691] [info] [ManualAdjust] 当前外参 [lidar_front→cam_left]:
[11:01:10.691] [info]   旋转 RPY: (3.6101, -87.7717, -94.8105) deg
[11:01:10.691] [info]   平移 XYZ: (0.0907, 0.0173, -0.0276) m
[11:01:10.721] [debug] [ManualAdjust] 平移增量 dxyz=(0.0000, 0.0000, 0.0050)m
[11:01:10.721] [info] [ManualAdjust] 当前外参 [lidar_front→cam_left]:
[11:01:10.721] [info]   旋转 RPY: (3.6101, -87.7717, -94.8105) deg
[11:01:10.721] [info]   平移 XYZ: (0.0907, 0.0173, -0.0226) m
[11:01:10.751] [debug] [ManualAdjust] 平移增量 dxyz=(0.0000, 0.0000, 0.0050)m
[11:01:10.751] [info] [ManualAdjust] 当前外参 [lidar_front→cam_left]:
[11:01:10.751] [info]   旋转 RPY: (3.6101, -87.7717, -94.8105) deg
[11:01:10.751] [info]   平移 XYZ: (0.0907, 0.0173, -0.0176) m
[11:01:10.781] [debug] [ManualAdjust] 平移增量 dxyz=(0.0000, 0.0000, 0.0050)m
[11:01:10.781] [info] [ManualAdjust] 当前外参 [lidar_front→cam_left]:
[11:01:10.781] [info]   旋转 RPY: (3.6101, -87.7717, -94.8105) deg
[11:01:10.781] [info]   平移 XYZ: (0.0907, 0.0173, -0.0126) m
[11:01:10.812] [debug] [ManualAdjust] 平移增量 dxyz=(0.0000, 0.0000, 0.0050)m
[11:01:10.812] [info] [ManualAdjust] 当前外参 [lidar_front→cam_left]:
[11:01:10.812] [info]   旋转 RPY: (3.6101, -87.7717, -94.8105) deg
[11:01:10.812] [info]   平移 XYZ: (0.0907, 0.0173, -0.0076) m
[11:01:10.842] [debug] [ManualAdjust] 平移增量 dxyz=(0.0000, 0.0000, 0.0050)m
[11:01:10.842] [info] [ManualAdjust] 当前外参 [lidar_front→cam_left]:
[11:01:10.842] [info]   旋转 RPY: (3.6101, -87.7717, -94.8105) deg
[11:01:10.842] [info]   平移 XYZ: (0.0907, 0.0173, -0.0026) m
[11:01:10.872] [debug] [ManualAdjust] 平移增量 dxyz=(0.0000, 0.0000, 0.0050)m
[11:01:10.872] [info] [ManualAdjust] 当前外参 [lidar_front→cam_left]:
[11:01:10.872] [info]   旋转 RPY: (3.6101, -87.7717, -94.8105) deg
[11:01:10.872] [info]   平移 XYZ: (0.0907, 0.0173, 0.0024) m
[11:01:10.902] [debug] [ManualAdjust] 平移增量 dxyz=(0.0000, 0.0000, 0.0050)m
[11:01:10.902] [info] [ManualAdjust] 当前外参 [lidar_front→cam_left]:
[11:01:10.902] [info]   旋转 RPY: (3.6101, -87.7717, -94.8105) deg
[11:01:10.902] [info]   平移 XYZ: (0.0907, 0.0173, 0.0074) m
[11:01:10.932] [debug] [ManualAdjust] 平移增量 dxyz=(0.0000, 0.0000, 0.0050)m
[11:01:10.932] [info] [ManualAdjust] 当前外参 [lidar_front→cam_left]:
[11:01:10.932] [info]   旋转 RPY: (3.6101, -87.7717, -94.8105) deg
[11:01:10.932] [info]   平移 XYZ: (0.0907, 0.0173, 0.0124) m
[11:01:10.962] [debug] [ManualAdjust] 平移增量 dxyz=(0.0000, 0.0000, 0.0050)m
[11:01:10.962] [info] [ManualAdjust] 当前外参 [lidar_front→cam_left]:
[11:01:10.962] [info]   旋转 RPY: (3.6101, -87.7717, -94.8105) deg
[11:01:10.962] [info]   平移 XYZ: (0.0907, 0.0173, 0.0174) m
[11:01:12.376] [debug] [ManualAdjust] 旋转增量 RPY=(0.000, 0.000, 0.100)deg
[11:01:12.376] [info] [ManualAdjust] 当前外参 [lidar_front→cam_left]:
[11:01:12.376] [info]   旋转 RPY: (1.0397, -87.7757, -92.2381) deg
[11:01:12.376] [info]   平移 XYZ: (0.0907, 0.0173, 0.0174) m
[11:01:14.304] [debug] [ManualAdjust] 平移增量 dxyz=(0.0000, 0.0050, 0.0000)m
[11:01:14.304] [info] [ManualAdjust] 当前外参 [lidar_front→cam_left]:
[11:01:14.304] [info]   旋转 RPY: (1.0397, -87.7757, -92.2381) deg
[11:01:14.304] [info]   平移 XYZ: (0.0907, 0.0223, 0.0174) m
[11:01:14.752] [debug] [ManualAdjust] 平移增量 dxyz=(0.0000, 0.0050, 0.0000)m
[11:01:14.752] [info] [ManualAdjust] 当前外参 [lidar_front→cam_left]:
[11:01:14.752] [info]   旋转 RPY: (1.0397, -87.7757, -92.2381) deg
[11:01:14.752] [info]   平移 XYZ: (0.0907, 0.0273, 0.0174) m
[11:01:15.253] [debug] [ManualAdjust] 平移增量 dxyz=(0.0000, 0.0050, 0.0000)m
[11:01:15.253] [info] [ManualAdjust] 当前外参 [lidar_front→cam_left]:
[11:01:15.253] [info]   旋转 RPY: (1.0397, -87.7757, -92.2381) deg
[11:01:15.253] [info]   平移 XYZ: (0.0907, 0.0323, 0.0174) m
[11:01:15.283] [debug] [ManualAdjust] 平移增量 dxyz=(0.0000, 0.0050, 0.0000)m
[11:01:15.283] [info] [ManualAdjust] 当前外参 [lidar_front→cam_left]:
[11:01:15.283] [info]   旋转 RPY: (1.0397, -87.7757, -92.2381) deg
[11:01:15.283] [info]   平移 XYZ: (0.0907, 0.0373, 0.0174) m
[11:01:15.312] [debug] [ManualAdjust] 平移增量 dxyz=(0.0000, 0.0050, 0.0000)m
[11:01:15.312] [info] [ManualAdjust] 当前外参 [lidar_front→cam_left]:
[11:01:15.312] [info]   旋转 RPY: (1.0397, -87.7757, -92.2381) deg
[11:01:15.312] [info]   平移 XYZ: (0.0907, 0.0423, 0.0174) m
[11:01:15.342] [debug] [ManualAdjust] 平移增量 dxyz=(0.0000, 0.0050, 0.0000)m
[11:01:15.342] [info] [ManualAdjust] 当前外参 [lidar_front→cam_left]:
[11:01:15.342] [info]   旋转 RPY: (1.0397, -87.7757, -92.2381) deg
[11:01:15.342] [info]   平移 XYZ: (0.0907, 0.0473, 0.0174) m
[11:01:15.372] [debug] [ManualAdjust] 平移增量 dxyz=(0.0000, 0.0050, 0.0000)m
[11:01:15.372] [info] [ManualAdjust] 当前外参 [lidar_front→cam_left]:
[11:01:15.372] [info]   旋转 RPY: (1.0397, -87.7757, -92.2381) deg
[11:01:15.372] [info]   平移 XYZ: (0.0907, 0.0523, 0.0174) m
[11:01:15.402] [debug] [ManualAdjust] 平移增量 dxyz=(0.0000, 0.0050, 0.0000)m
[11:01:15.402] [info] [ManualAdjust] 当前外参 [lidar_front→cam_left]:
[11:01:15.402] [info]   旋转 RPY: (1.0397, -87.7757, -92.2381) deg
[11:01:15.402] [info]   平移 XYZ: (0.0907, 0.0573, 0.0174) m
[11:01:15.432] [debug] [ManualAdjust] 平移增量 dxyz=(0.0000, 0.0050, 0.0000)m
[11:01:15.432] [info] [ManualAdjust] 当前外参 [lidar_front→cam_left]:
[11:01:15.432] [info]   旋转 RPY: (1.0397, -87.7757, -92.2381) deg
[11:01:15.432] [info]   平移 XYZ: (0.0907, 0.0623, 0.0174) m
[11:01:15.463] [debug] [ManualAdjust] 平移增量 dxyz=(0.0000, 0.0050, 0.0000)m
[11:01:15.463] [info] [ManualAdjust] 当前外参 [lidar_front→cam_left]:
[11:01:15.463] [info]   旋转 RPY: (1.0397, -87.7757, -92.2381) deg
[11:01:15.463] [info]   平移 XYZ: (0.0907, 0.0673, 0.0174) m
[11:01:15.493] [debug] [ManualAdjust] 平移增量 dxyz=(0.0000, 0.0050, 0.0000)m
[11:01:15.493] [info] [ManualAdjust] 当前外参 [lidar_front→cam_left]:
[11:01:15.493] [info]   旋转 RPY: (1.0397, -87.7757, -92.2381) deg
[11:01:15.493] [info]   平移 XYZ: (0.0907, 0.0723, 0.0174) m
[11:01:15.523] [debug] [ManualAdjust] 平移增量 dxyz=(0.0000, 0.0050, 0.0000)m
[11:01:15.523] [info] [ManualAdjust] 当前外参 [lidar_front→cam_left]:
[11:01:15.523] [info]   旋转 RPY: (1.0397, -87.7757, -92.2381) deg
[11:01:15.523] [info]   平移 XYZ: (0.0907, 0.0773, 0.0174) m
[11:01:15.553] [debug] [ManualAdjust] 平移增量 dxyz=(0.0000, 0.0050, 0.0000)m
[11:01:15.553] [info] [ManualAdjust] 当前外参 [lidar_front→cam_left]:
[11:01:15.553] [info]   旋转 RPY: (1.0397, -87.7757, -92.2381) deg
[11:01:15.553] [info]   平移 XYZ: (0.0907, 0.0823, 0.0174) m
[11:01:15.584] [debug] [ManualAdjust] 平移增量 dxyz=(0.0000, 0.0050, 0.0000)m
[11:01:15.584] [info] [ManualAdjust] 当前外参 [lidar_front→cam_left]:
[11:01:15.584] [info]   旋转 RPY: (1.0397, -87.7757, -92.2381) deg
[11:01:15.584] [info]   平移 XYZ: (0.0907, 0.0873, 0.0174) m
[11:01:15.616] [debug] [ManualAdjust] 平移增量 dxyz=(0.0000, 0.0050, 0.0000)m
[11:01:15.616] [info] [ManualAdjust] 当前外参 [lidar_front→cam_left]:
[11:01:15.616] [info]   旋转 RPY: (1.0397, -87.7757, -92.2381) deg
[11:01:15.616] [info]   平移 XYZ: (0.0907, 0.0923, 0.0174) m
[11:01:15.644] [debug] [ManualAdjust] 平移增量 dxyz=(0.0000, 0.0050, 0.0000)m
[11:01:15.644] [info] [ManualAdjust] 当前外参 [lidar_front→cam_left]:
[11:01:15.644] [info]   旋转 RPY: (1.0397, -87.7757, -92.2381) deg
[11:01:15.644] [info]   平移 XYZ: (0.0907, 0.0973, 0.0174) m
[11:01:15.674] [debug] [ManualAdjust] 平移增量 dxyz=(0.0000, 0.0050, 0.0000)m
[11:01:15.674] [info] [ManualAdjust] 当前外参 [lidar_front→cam_left]:
[11:01:15.674] [info]   旋转 RPY: (1.0397, -87.7757, -92.2381) deg
[11:01:15.674] [info]   平移 XYZ: (0.0907, 0.1023, 0.0174) m
[11:01:15.704] [debug] [ManualAdjust] 平移增量 dxyz=(0.0000, 0.0050, 0.0000)m
[11:01:15.704] [info] [ManualAdjust] 当前外参 [lidar_front→cam_left]:
[11:01:15.704] [info]   旋转 RPY: (1.0397, -87.7757, -92.2381) deg
[11:01:15.705] [info]   平移 XYZ: (0.0907, 0.1073, 0.0174) m
[11:01:15.735] [debug] [ManualAdjust] 平移增量 dxyz=(0.0000, 0.0050, 0.0000)m
[11:01:15.735] [info] [ManualAdjust] 当前外参 [lidar_front→cam_left]:
[11:01:15.735] [info]   旋转 RPY: (1.0397, -87.7757, -92.2381) deg
[11:01:15.735] [info]   平移 XYZ: (0.0907, 0.1123, 0.0174) m
[11:01:15.765] [debug] [ManualAdjust] 平移增量 dxyz=(0.0000, 0.0050, 0.0000)m
[11:01:15.765] [info] [ManualAdjust] 当前外参 [lidar_front→cam_left]:
[11:01:15.765] [info]   旋转 RPY: (1.0397, -87.7757, -92.2381) deg
[11:01:15.765] [info]   平移 XYZ: (0.0907, 0.1173, 0.0174) m
[11:01:15.795] [debug] [ManualAdjust] 平移增量 dxyz=(0.0000, 0.0050, 0.0000)m
[11:01:15.795] [info] [ManualAdjust] 当前外参 [lidar_front→cam_left]:
[11:01:15.795] [info]   旋转 RPY: (1.0397, -87.7757, -92.2381) deg
[11:01:15.795] [info]   平移 XYZ: (0.0907, 0.1223, 0.0174) m
[11:01:15.826] [debug] [ManualAdjust] 平移增量 dxyz=(0.0000, 0.0050, 0.0000)m
[11:01:15.826] [info] [ManualAdjust] 当前外参 [lidar_front→cam_left]:
[11:01:15.826] [info]   旋转 RPY: (1.0397, -87.7757, -92.2381) deg
[11:01:15.826] [info]   平移 XYZ: (0.0907, 0.1273, 0.0174) m
[11:01:15.857] [debug] [ManualAdjust] 平移增量 dxyz=(0.0000, 0.0050, 0.0000)m
[11:01:15.857] [info] [ManualAdjust] 当前外参 [lidar_front→cam_left]:
[11:01:15.857] [info]   旋转 RPY: (1.0397, -87.7757, -92.2381) deg
[11:01:15.857] [info]   平移 XYZ: (0.0907, 0.1323, 0.0174) m
[11:01:15.887] [debug] [ManualAdjust] 平移增量 dxyz=(0.0000, 0.0050, 0.0000)m
[11:01:15.887] [info] [ManualAdjust] 当前外参 [lidar_front→cam_left]:
[11:01:15.887] [info]   旋转 RPY: (1.0397, -87.7757, -92.2381) deg
[11:01:15.887] [info]   平移 XYZ: (0.0907, 0.1373, 0.0174) m
[11:01:15.917] [debug] [ManualAdjust] 平移增量 dxyz=(0.0000, 0.0050, 0.0000)m
[11:01:15.917] [info] [ManualAdjust] 当前外参 [lidar_front→cam_left]:
[11:01:15.917] [info]   旋转 RPY: (1.0397, -87.7757, -92.2381) deg
[11:01:15.917] [info]   平移 XYZ: (0.0907, 0.1423, 0.0174) m
[11:01:15.947] [debug] [ManualAdjust] 平移增量 dxyz=(0.0000, 0.0050, 0.0000)m
[11:01:15.947] [info] [ManualAdjust] 当前外参 [lidar_front→cam_left]:
[11:01:15.947] [info]   旋转 RPY: (1.0397, -87.7757, -92.2381) deg
[11:01:15.947] [info]   平移 XYZ: (0.0907, 0.1473, 0.0174) m
[11:01:15.977] [debug] [ManualAdjust] 平移增量 dxyz=(0.0000, 0.0050, 0.0000)m
[11:01:15.977] [info] [ManualAdjust] 当前外参 [lidar_front→cam_left]:
[11:01:15.977] [info]   旋转 RPY: (1.0397, -87.7757, -92.2381) deg
[11:01:15.977] [info]   平移 XYZ: (0.0907, 0.1523, 0.0174) m
[11:01:16.008] [debug] [ManualAdjust] 平移增量 dxyz=(0.0000, 0.0050, 0.0000)m
[11:01:16.008] [info] [ManualAdjust] 当前外参 [lidar_front→cam_left]:
[11:01:16.008] [info]   旋转 RPY: (1.0397, -87.7757, -92.2381) deg
[11:01:16.008] [info]   平移 XYZ: (0.0907, 0.1573, 0.0174) m
[11:01:16.038] [debug] [ManualAdjust] 平移增量 dxyz=(0.0000, 0.0050, 0.0000)m
[11:01:16.038] [info] [ManualAdjust] 当前外参 [lidar_front→cam_left]:
[11:01:16.038] [info]   旋转 RPY: (1.0397, -87.7757, -92.2381) deg
[11:01:16.038] [info]   平移 XYZ: (0.0907, 0.1623, 0.0174) m
[11:01:16.068] [debug] [ManualAdjust] 平移增量 dxyz=(0.0000, 0.0050, 0.0000)m
[11:01:16.068] [info] [ManualAdjust] 当前外参 [lidar_front→cam_left]:
[11:01:16.068] [info]   旋转 RPY: (1.0397, -87.7757, -92.2381) deg
[11:01:16.068] [info]   平移 XYZ: (0.0907, 0.1673, 0.0174) m
[11:01:16.098] [debug] [ManualAdjust] 平移增量 dxyz=(0.0000, 0.0050, 0.0000)m
[11:01:16.098] [info] [ManualAdjust] 当前外参 [lidar_front→cam_left]:
[11:01:16.098] [info]   旋转 RPY: (1.0397, -87.7757, -92.2381) deg
[11:01:16.098] [info]   平移 XYZ: (0.0907, 0.1723, 0.0174) m
[11:01:16.128] [debug] [ManualAdjust] 平移增量 dxyz=(0.0000, 0.0050, 0.0000)m
[11:01:16.128] [info] [ManualAdjust] 当前外参 [lidar_front→cam_left]:
[11:01:16.128] [info]   旋转 RPY: (1.0397, -87.7757, -92.2381) deg
[11:01:16.128] [info]   平移 XYZ: (0.0907, 0.1773, 0.0174) m
[11:01:16.159] [debug] [ManualAdjust] 平移增量 dxyz=(0.0000, 0.0050, 0.0000)m
[11:01:16.159] [info] [ManualAdjust] 当前外参 [lidar_front→cam_left]:
[11:01:16.159] [info]   旋转 RPY: (1.0397, -87.7757, -92.2381) deg
[11:01:16.159] [info]   平移 XYZ: (0.0907, 0.1823, 0.0174) m
[11:01:16.189] [debug] [ManualAdjust] 平移增量 dxyz=(0.0000, 0.0050, 0.0000)m
[11:01:16.189] [info] [ManualAdjust] 当前外参 [lidar_front→cam_left]:
[11:01:16.189] [info]   旋转 RPY: (1.0397, -87.7757, -92.2381) deg
[11:01:16.189] [info]   平移 XYZ: (0.0907, 0.1873, 0.0174) m
[11:01:16.220] [debug] [ManualAdjust] 平移增量 dxyz=(0.0000, 0.0050, 0.0000)m
[11:01:16.220] [info] [ManualAdjust] 当前外参 [lidar_front→cam_left]:
[11:01:16.220] [info]   旋转 RPY: (1.0397, -87.7757, -92.2381) deg
[11:01:16.220] [info]   平移 XYZ: (0.0907, 0.1923, 0.0174) m
[11:01:16.251] [debug] [ManualAdjust] 平移增量 dxyz=(0.0000, 0.0050, 0.0000)m
[11:01:16.251] [info] [ManualAdjust] 当前外参 [lidar_front→cam_left]:
[11:01:16.251] [info]   旋转 RPY: (1.0397, -87.7757, -92.2381) deg
[11:01:16.251] [info]   平移 XYZ: (0.0907, 0.1973, 0.0174) m
[11:01:16.284] [debug] [ManualAdjust] 平移增量 dxyz=(0.0000, 0.0050, 0.0000)m
[11:01:16.284] [info] [ManualAdjust] 当前外参 [lidar_front→cam_left]:
[11:01:16.284] [info]   旋转 RPY: (1.0397, -87.7757, -92.2381) deg
[11:01:16.284] [info]   平移 XYZ: (0.0907, 0.2023, 0.0174) m
[11:01:16.312] [debug] [ManualAdjust] 平移增量 dxyz=(0.0000, 0.0050, 0.0000)m
[11:01:16.312] [info] [ManualAdjust] 当前外参 [lidar_front→cam_left]:
[11:01:16.312] [info]   旋转 RPY: (1.0397, -87.7757, -92.2381) deg
[11:01:16.312] [info]   平移 XYZ: (0.0907, 0.2073, 0.0174) m
[11:01:16.343] [debug] [ManualAdjust] 平移增量 dxyz=(0.0000, 0.0050, 0.0000)m
[11:01:16.343] [info] [ManualAdjust] 当前外参 [lidar_front→cam_left]:
[11:01:16.343] [info]   旋转 RPY: (1.0397, -87.7757, -92.2381) deg
[11:01:16.343] [info]   平移 XYZ: (0.0907, 0.2123, 0.0174) m
[11:01:16.373] [debug] [ManualAdjust] 平移增量 dxyz=(0.0000, 0.0050, 0.0000)m
[11:01:16.373] [info] [ManualAdjust] 当前外参 [lidar_front→cam_left]:
[11:01:16.373] [info]   旋转 RPY: (1.0397, -87.7757, -92.2381) deg
[11:01:16.373] [info]   平移 XYZ: (0.0907, 0.2173, 0.0174) m
[11:01:16.403] [debug] [ManualAdjust] 平移增量 dxyz=(0.0000, 0.0050, 0.0000)m
[11:01:16.403] [info] [ManualAdjust] 当前外参 [lidar_front→cam_left]:
[11:01:16.403] [info]   旋转 RPY: (1.0397, -87.7757, -92.2381) deg
[11:01:16.403] [info]   平移 XYZ: (0.0907, 0.2223, 0.0174) m
[11:01:16.434] [debug] [ManualAdjust] 平移增量 dxyz=(0.0000, 0.0050, 0.0000)m
[11:01:16.434] [info] [ManualAdjust] 当前外参 [lidar_front→cam_left]:
[11:01:16.434] [info]   旋转 RPY: (1.0397, -87.7757, -92.2381) deg
[11:01:16.434] [info]   平移 XYZ: (0.0907, 0.2273, 0.0174) m
[11:01:16.464] [debug] [ManualAdjust] 平移增量 dxyz=(0.0000, 0.0050, 0.0000)m
[11:01:16.464] [info] [ManualAdjust] 当前外参 [lidar_front→cam_left]:
[11:01:16.464] [info]   旋转 RPY: (1.0397, -87.7757, -92.2381) deg
[11:01:16.464] [info]   平移 XYZ: (0.0907, 0.2323, 0.0174) m
[11:01:16.494] [debug] [ManualAdjust] 平移增量 dxyz=(0.0000, 0.0050, 0.0000)m
[11:01:16.494] [info] [ManualAdjust] 当前外参 [lidar_front→cam_left]:
[11:01:16.494] [info]   旋转 RPY: (1.0397, -87.7757, -92.2381) deg
[11:01:16.494] [info]   平移 XYZ: (0.0907, 0.2373, 0.0174) m
[11:01:16.524] [debug] [ManualAdjust] 平移增量 dxyz=(0.0000, 0.0050, 0.0000)m
[11:01:16.524] [info] [ManualAdjust] 当前外参 [lidar_front→cam_left]:
[11:01:16.524] [info]   旋转 RPY: (1.0397, -87.7757, -92.2381) deg
[11:01:16.524] [info]   平移 XYZ: (0.0907, 0.2423, 0.0174) m
[11:01:16.554] [debug] [ManualAdjust] 平移增量 dxyz=(0.0000, 0.0050, 0.0000)m
[11:01:16.554] [info] [ManualAdjust] 当前外参 [lidar_front→cam_left]:
[11:01:16.554] [info]   旋转 RPY: (1.0397, -87.7757, -92.2381) deg
[11:01:16.554] [info]   平移 XYZ: (0.0907, 0.2473, 0.0174) m
[11:01:16.584] [debug] [ManualAdjust] 平移增量 dxyz=(0.0000, 0.0050, 0.0000)m
[11:01:16.584] [info] [ManualAdjust] 当前外参 [lidar_front→cam_left]:
[11:01:16.584] [info]   旋转 RPY: (1.0397, -87.7757, -92.2381) deg
[11:01:16.584] [info]   平移 XYZ: (0.0907, 0.2523, 0.0174) m
[11:01:16.615] [debug] [ManualAdjust] 平移增量 dxyz=(0.0000, 0.0050, 0.0000)m
[11:01:16.615] [info] [ManualAdjust] 当前外参 [lidar_front→cam_left]:
[11:01:16.615] [info]   旋转 RPY: (1.0397, -87.7757, -92.2381) deg
[11:01:16.615] [info]   平移 XYZ: (0.0907, 0.2573, 0.0174) m
[11:01:16.646] [debug] [ManualAdjust] 平移增量 dxyz=(0.0000, 0.0050, 0.0000)m
[11:01:16.646] [info] [ManualAdjust] 当前外参 [lidar_front→cam_left]:
[11:01:16.646] [info]   旋转 RPY: (1.0397, -87.7757, -92.2381) deg
[11:01:16.646] [info]   平移 XYZ: (0.0907, 0.2623, 0.0174) m
[11:01:16.677] [debug] [ManualAdjust] 平移增量 dxyz=(0.0000, 0.0050, 0.0000)m
[11:01:16.677] [info] [ManualAdjust] 当前外参 [lidar_front→cam_left]:
[11:01:16.677] [info]   旋转 RPY: (1.0397, -87.7757, -92.2381) deg
[11:01:16.677] [info]   平移 XYZ: (0.0907, 0.2673, 0.0174) m
[11:01:16.707] [debug] [ManualAdjust] 平移增量 dxyz=(0.0000, 0.0050, 0.0000)m
[11:01:16.707] [info] [ManualAdjust] 当前外参 [lidar_front→cam_left]:
[11:01:16.707] [info]   旋转 RPY: (1.0397, -87.7757, -92.2381) deg
[11:01:16.707] [info]   平移 XYZ: (0.0907, 0.2723, 0.0174) m
[11:01:16.736] [debug] [ManualAdjust] 平移增量 dxyz=(0.0000, 0.0050, 0.0000)m
[11:01:16.737] [info] [ManualAdjust] 当前外参 [lidar_front→cam_left]:
[11:01:16.737] [info]   旋转 RPY: (1.0397, -87.7757, -92.2381) deg
[11:01:16.737] [info]   平移 XYZ: (0.0907, 0.2773, 0.0174) m
[11:01:16.767] [debug] [ManualAdjust] 平移增量 dxyz=(0.0000, 0.0050, 0.0000)m
[11:01:16.767] [info] [ManualAdjust] 当前外参 [lidar_front→cam_left]:
[11:01:16.767] [info]   旋转 RPY: (1.0397, -87.7757, -92.2381) deg
[11:01:16.767] [info]   平移 XYZ: (0.0907, 0.2823, 0.0174) m
[11:01:16.797] [debug] [ManualAdjust] 平移增量 dxyz=(0.0000, 0.0050, 0.0000)m
[11:01:16.797] [info] [ManualAdjust] 当前外参 [lidar_front→cam_left]:
[11:01:16.797] [info]   旋转 RPY: (1.0397, -87.7757, -92.2381) deg
[11:01:16.797] [info]   平移 XYZ: (0.0907, 0.2873, 0.0174) m
[11:01:16.827] [debug] [ManualAdjust] 平移增量 dxyz=(0.0000, 0.0050, 0.0000)m
[11:01:16.828] [info] [ManualAdjust] 当前外参 [lidar_front→cam_left]:
[11:01:16.828] [info]   旋转 RPY: (1.0397, -87.7757, -92.2381) deg
[11:01:16.828] [info]   平移 XYZ: (0.0907, 0.2923, 0.0174) m
[11:01:16.859] [debug] [ManualAdjust] 平移增量 dxyz=(0.0000, 0.0050, 0.0000)m
[11:01:16.859] [info] [ManualAdjust] 当前外参 [lidar_front→cam_left]:
[11:01:16.859] [info]   旋转 RPY: (1.0397, -87.7757, -92.2381) deg
[11:01:16.859] [info]   平移 XYZ: (0.0907, 0.2973, 0.0174) m
[11:01:16.889] [debug] [ManualAdjust] 平移增量 dxyz=(0.0000, 0.0050, 0.0000)m
[11:01:16.889] [info] [ManualAdjust] 当前外参 [lidar_front→cam_left]:
[11:01:16.889] [info]   旋转 RPY: (1.0397, -87.7757, -92.2381) deg
[11:01:16.889] [info]   平移 XYZ: (0.0907, 0.3023, 0.0174) m
[11:01:16.919] [debug] [ManualAdjust] 平移增量 dxyz=(0.0000, 0.0050, 0.0000)m
[11:01:16.919] [info] [ManualAdjust] 当前外参 [lidar_front→cam_left]:
[11:01:16.919] [info]   旋转 RPY: (1.0397, -87.7757, -92.2381) deg
[11:01:16.919] [info]   平移 XYZ: (0.0907, 0.3073, 0.0174) m
[11:01:16.949] [debug] [ManualAdjust] 平移增量 dxyz=(0.0000, 0.0050, 0.0000)m
[11:01:16.949] [info] [ManualAdjust] 当前外参 [lidar_front→cam_left]:
[11:01:16.949] [info]   旋转 RPY: (1.0397, -87.7757, -92.2381) deg
[11:01:16.949] [info]   平移 XYZ: (0.0907, 0.3123, 0.0174) m
[11:01:16.979] [debug] [ManualAdjust] 平移增量 dxyz=(0.0000, 0.0050, 0.0000)m
[11:01:16.979] [info] [ManualAdjust] 当前外参 [lidar_front→cam_left]:
[11:01:16.979] [info]   旋转 RPY: (1.0397, -87.7757, -92.2381) deg
[11:01:16.979] [info]   平移 XYZ: (0.0907, 0.3173, 0.0174) m
[11:01:17.009] [debug] [ManualAdjust] 平移增量 dxyz=(0.0000, 0.0050, 0.0000)m
[11:01:17.009] [info] [ManualAdjust] 当前外参 [lidar_front→cam_left]:
[11:01:17.009] [info]   旋转 RPY: (1.0397, -87.7757, -92.2381) deg
[11:01:17.009] [info]   平移 XYZ: (0.0907, 0.3223, 0.0174) m
[11:01:17.039] [debug] [ManualAdjust] 平移增量 dxyz=(0.0000, 0.0050, 0.0000)m
[11:01:17.039] [info] [ManualAdjust] 当前外参 [lidar_front→cam_left]:
[11:01:17.039] [info]   旋转 RPY: (1.0397, -87.7757, -92.2381) deg
[11:01:17.039] [info]   平移 XYZ: (0.0907, 0.3273, 0.0174) m
[11:01:17.069] [debug] [ManualAdjust] 平移增量 dxyz=(0.0000, 0.0050, 0.0000)m
[11:01:17.069] [info] [ManualAdjust] 当前外参 [lidar_front→cam_left]:
[11:01:17.069] [info]   旋转 RPY: (1.0397, -87.7757, -92.2381) deg
[11:01:17.069] [info]   平移 XYZ: (0.0907, 0.3323, 0.0174) m
[11:01:17.099] [debug] [ManualAdjust] 平移增量 dxyz=(0.0000, 0.0050, 0.0000)m
[11:01:17.099] [info] [ManualAdjust] 当前外参 [lidar_front→cam_left]:
[11:01:17.099] [info]   旋转 RPY: (1.0397, -87.7757, -92.2381) deg
[11:01:17.099] [info]   平移 XYZ: (0.0907, 0.3373, 0.0174) m
[11:01:17.129] [debug] [ManualAdjust] 平移增量 dxyz=(0.0000, 0.0050, 0.0000)m
[11:01:17.129] [info] [ManualAdjust] 当前外参 [lidar_front→cam_left]:
[11:01:17.129] [info]   旋转 RPY: (1.0397, -87.7757, -92.2381) deg
[11:01:17.129] [info]   平移 XYZ: (0.0907, 0.3423, 0.0174) m
[11:01:17.159] [debug] [ManualAdjust] 平移增量 dxyz=(0.0000, 0.0050, 0.0000)m
[11:01:17.159] [info] [ManualAdjust] 当前外参 [lidar_front→cam_left]:
[11:01:17.159] [info]   旋转 RPY: (1.0397, -87.7757, -92.2381) deg
[11:01:17.159] [info]   平移 XYZ: (0.0907, 0.3473, 0.0174) m
[11:01:17.189] [debug] [ManualAdjust] 平移增量 dxyz=(0.0000, 0.0050, 0.0000)m
[11:01:17.189] [info] [ManualAdjust] 当前外参 [lidar_front→cam_left]:
[11:01:17.189] [info]   旋转 RPY: (1.0397, -87.7757, -92.2381) deg
[11:01:17.189] [info]   平移 XYZ: (0.0907, 0.3523, 0.0174) m
[11:01:17.219] [debug] [ManualAdjust] 平移增量 dxyz=(0.0000, 0.0050, 0.0000)m
[11:01:17.219] [info] [ManualAdjust] 当前外参 [lidar_front→cam_left]:
[11:01:17.219] [info]   旋转 RPY: (1.0397, -87.7757, -92.2381) deg
[11:01:17.219] [info]   平移 XYZ: (0.0907, 0.3573, 0.0174) m
[11:01:17.249] [debug] [ManualAdjust] 平移增量 dxyz=(0.0000, 0.0050, 0.0000)m
[11:01:17.249] [info] [ManualAdjust] 当前外参 [lidar_front→cam_left]:
[11:01:17.249] [info]   旋转 RPY: (1.0397, -87.7757, -92.2381) deg
[11:01:17.249] [info]   平移 XYZ: (0.0907, 0.3623, 0.0174) m
[11:01:17.279] [debug] [ManualAdjust] 平移增量 dxyz=(0.0000, 0.0050, 0.0000)m
[11:01:17.279] [info] [ManualAdjust] 当前外参 [lidar_front→cam_left]:
[11:01:17.279] [info]   旋转 RPY: (1.0397, -87.7757, -92.2381) deg
[11:01:17.279] [info]   平移 XYZ: (0.0907, 0.3673, 0.0174) m
[11:01:17.310] [debug] [ManualAdjust] 平移增量 dxyz=(0.0000, 0.0050, 0.0000)m
[11:01:17.310] [info] [ManualAdjust] 当前外参 [lidar_front→cam_left]:
[11:01:17.310] [info]   旋转 RPY: (1.0397, -87.7757, -92.2381) deg
[11:01:17.310] [info]   平移 XYZ: (0.0907, 0.3723, 0.0174) m
[11:01:17.341] [debug] [ManualAdjust] 平移增量 dxyz=(0.0000, 0.0050, 0.0000)m
[11:01:17.341] [info] [ManualAdjust] 当前外参 [lidar_front→cam_left]:
[11:01:17.341] [info]   旋转 RPY: (1.0397, -87.7757, -92.2381) deg
[11:01:17.341] [info]   平移 XYZ: (0.0907, 0.3773, 0.0174) m
[11:01:17.372] [debug] [ManualAdjust] 平移增量 dxyz=(0.0000, 0.0050, 0.0000)m
[11:01:17.372] [info] [ManualAdjust] 当前外参 [lidar_front→cam_left]:
[11:01:17.372] [info]   旋转 RPY: (1.0397, -87.7757, -92.2381) deg
[11:01:17.372] [info]   平移 XYZ: (0.0907, 0.3823, 0.0174) m
[11:01:17.402] [debug] [ManualAdjust] 平移增量 dxyz=(0.0000, 0.0050, 0.0000)m
[11:01:17.402] [info] [ManualAdjust] 当前外参 [lidar_front→cam_left]:
[11:01:17.402] [info]   旋转 RPY: (1.0397, -87.7757, -92.2381) deg
[11:01:17.402] [info]   平移 XYZ: (0.0907, 0.3873, 0.0174) m
[11:01:17.433] [debug] [ManualAdjust] 平移增量 dxyz=(0.0000, 0.0050, 0.0000)m
[11:01:17.433] [info] [ManualAdjust] 当前外参 [lidar_front→cam_left]:
[11:01:17.433] [info]   旋转 RPY: (1.0397, -87.7757, -92.2381) deg
[11:01:17.433] [info]   平移 XYZ: (0.0907, 0.3923, 0.0174) m
[11:01:17.463] [debug] [ManualAdjust] 平移增量 dxyz=(0.0000, 0.0050, 0.0000)m
[11:01:17.464] [info] [ManualAdjust] 当前外参 [lidar_front→cam_left]:
[11:01:17.464] [info]   旋转 RPY: (1.0397, -87.7757, -92.2381) deg
[11:01:17.464] [info]   平移 XYZ: (0.0907, 0.3973, 0.0174) m
[11:01:17.493] [debug] [ManualAdjust] 平移增量 dxyz=(0.0000, 0.0050, 0.0000)m
[11:01:17.493] [info] [ManualAdjust] 当前外参 [lidar_front→cam_left]:
[11:01:17.493] [info]   旋转 RPY: (1.0397, -87.7757, -92.2381) deg
[11:01:17.493] [info]   平移 XYZ: (0.0907, 0.4023, 0.0174) m
[11:01:17.524] [debug] [ManualAdjust] 平移增量 dxyz=(0.0000, 0.0050, 0.0000)m
[11:01:17.524] [info] [ManualAdjust] 当前外参 [lidar_front→cam_left]:
[11:01:17.524] [info]   旋转 RPY: (1.0397, -87.7757, -92.2381) deg
[11:01:17.524] [info]   平移 XYZ: (0.0907, 0.4073, 0.0174) m
[11:01:17.554] [debug] [ManualAdjust] 平移增量 dxyz=(0.0000, 0.0050, 0.0000)m
[11:01:17.554] [info] [ManualAdjust] 当前外参 [lidar_front→cam_left]:
[11:01:17.554] [info]   旋转 RPY: (1.0397, -87.7757, -92.2381) deg
[11:01:17.554] [info]   平移 XYZ: (0.0907, 0.4123, 0.0174) m
[11:01:17.584] [debug] [ManualAdjust] 平移增量 dxyz=(0.0000, 0.0050, 0.0000)m
[11:01:17.584] [info] [ManualAdjust] 当前外参 [lidar_front→cam_left]:
[11:01:17.584] [info]   旋转 RPY: (1.0397, -87.7757, -92.2381) deg
[11:01:17.584] [info]   平移 XYZ: (0.0907, 0.4173, 0.0174) m
[11:01:19.448] [debug] [ManualAdjust] 平移增量 dxyz=(0.0000, 0.0000, 0.0050)m
[11:01:19.448] [info] [ManualAdjust] 当前外参 [lidar_front→cam_left]:
[11:01:19.448] [info]   旋转 RPY: (1.0397, -87.7757, -92.2381) deg
[11:01:19.448] [info]   平移 XYZ: (0.0907, 0.4173, 0.0224) m
[11:01:19.664] [debug] [ManualAdjust] 平移增量 dxyz=(0.0000, 0.0000, 0.0050)m
[11:01:19.664] [info] [ManualAdjust] 当前外参 [lidar_front→cam_left]:
[11:01:19.664] [info]   旋转 RPY: (1.0397, -87.7757, -92.2381) deg
[11:01:19.664] [info]   平移 XYZ: (0.0907, 0.4173, 0.0274) m
[11:01:19.872] [debug] [ManualAdjust] 平移增量 dxyz=(0.0000, 0.0000, 0.0050)m
[11:01:19.872] [info] [ManualAdjust] 当前外参 [lidar_front→cam_left]:
[11:01:19.872] [info]   旋转 RPY: (1.0397, -87.7757, -92.2381) deg
[11:01:19.872] [info]   平移 XYZ: (0.0907, 0.4173, 0.0324) m
[11:01:20.048] [debug] [ManualAdjust] 平移增量 dxyz=(0.0000, 0.0000, 0.0050)m
[11:01:20.048] [info] [ManualAdjust] 当前外参 [lidar_front→cam_left]:
[11:01:20.048] [info]   旋转 RPY: (1.0397, -87.7757, -92.2381) deg
[11:01:20.048] [info]   平移 XYZ: (0.0907, 0.4173, 0.0374) m
[11:01:20.218] [debug] [ManualAdjust] 平移增量 dxyz=(0.0000, 0.0000, 0.0050)m
[11:01:20.218] [info] [ManualAdjust] 当前外参 [lidar_front→cam_left]:
[11:01:20.218] [info]   旋转 RPY: (1.0397, -87.7757, -92.2381) deg
[11:01:20.218] [info]   平移 XYZ: (0.0907, 0.4173, 0.0424) m
[11:01:20.392] [debug] [ManualAdjust] 平移增量 dxyz=(0.0000, 0.0000, 0.0050)m
[11:01:20.392] [info] [ManualAdjust] 当前外参 [lidar_front→cam_left]:
[11:01:20.392] [info]   旋转 RPY: (1.0397, -87.7757, -92.2381) deg
[11:01:20.392] [info]   平移 XYZ: (0.0907, 0.4173, 0.0474) m
[11:01:22.048] [debug] [ManualAdjust] 旋转增量 RPY=(0.000, 0.000, 0.100)deg
[11:01:22.048] [info] [ManualAdjust] 当前外参 [lidar_front→cam_left]:
[11:01:22.048] [info]   旋转 RPY: (-1.5349, -87.7753, -89.6616) deg
[11:01:22.048] [info]   平移 XYZ: (0.0907, 0.4173, 0.0474) m
[11:01:22.464] [debug] [ManualAdjust] 旋转增量 RPY=(0.000, 0.000, 0.100)deg
[11:01:22.464] [info] [ManualAdjust] 当前外参 [lidar_front→cam_left]:
[11:01:22.465] [info]   旋转 RPY: (-4.1033, -87.7704, -87.0912) deg
[11:01:22.465] [info]   平移 XYZ: (0.0907, 0.4173, 0.0474) m
[11:01:22.640] [debug] [ManualAdjust] 旋转增量 RPY=(0.000, 0.000, 0.100)deg
[11:01:22.640] [info] [ManualAdjust] 当前外参 [lidar_front→cam_left]:
[11:01:22.640] [info]   旋转 RPY: (-6.6553, -87.7610, -84.5373) deg
[11:01:22.640] [info]   平移 XYZ: (0.0907, 0.4173, 0.0474) m
[11:01:22.816] [debug] [ManualAdjust] 旋转增量 RPY=(0.000, 0.000, 0.100)deg
[11:01:22.816] [info] [ManualAdjust] 当前外参 [lidar_front→cam_left]:
[11:01:22.816] [info]   旋转 RPY: (-9.1810, -87.7472, -82.0096) deg
[11:01:22.816] [info]   平移 XYZ: (0.0907, 0.4173, 0.0474) m
[11:01:49.648] [debug] [ManualAdjust] 平移增量 dxyz=(0.0000, 0.0050, 0.0000)m
[11:01:49.648] [info] [ManualAdjust] 当前外参 [lidar_front→cam_left]:
[11:01:49.648] [info]   旋转 RPY: (-9.1810, -87.7472, -82.0096) deg
[11:01:49.648] [info]   平移 XYZ: (0.0907, 0.4223, 0.0474) m
[11:01:50.672] [debug] [ManualAdjust] 平移增量 dxyz=(0.0000, 0.0000, 0.0050)m
[11:01:50.672] [info] [ManualAdjust] 当前外参 [lidar_front→cam_left]:
[11:01:50.672] [info]   旋转 RPY: (-9.1810, -87.7472, -82.0096) deg
[11:01:50.672] [info]   平移 XYZ: (0.0907, 0.4223, 0.0524) m
[11:01:51.200] [debug] [ManualAdjust] 平移增量 dxyz=(0.0000, 0.0000, 0.0050)m
[11:01:51.200] [info] [ManualAdjust] 当前外参 [lidar_front→cam_left]:
[11:01:51.200] [info]   旋转 RPY: (-9.1810, -87.7472, -82.0096) deg
[11:01:51.200] [info]   平移 XYZ: (0.0907, 0.4223, 0.0574) m
[11:01:51.576] [debug] [ManualAdjust] 平移增量 dxyz=(0.0050, 0.0000, 0.0000)m
[11:01:51.576] [info] [ManualAdjust] 当前外参 [lidar_front→cam_left]:
[11:01:51.576] [info]   旋转 RPY: (-9.1810, -87.7472, -82.0096) deg
[11:01:51.576] [info]   平移 XYZ: (0.0957, 0.4223, 0.0574) m
[11:01:52.078] [debug] [ManualAdjust] 平移增量 dxyz=(0.0050, 0.0000, 0.0000)m
[11:01:52.078] [info] [ManualAdjust] 当前外参 [lidar_front→cam_left]:
[11:01:52.078] [info]   旋转 RPY: (-9.1810, -87.7472, -82.0096) deg
[11:01:52.078] [info]   平移 XYZ: (0.1007, 0.4223, 0.0574) m
[11:01:52.106] [debug] [ManualAdjust] 平移增量 dxyz=(0.0050, 0.0000, 0.0000)m
[11:01:52.106] [info] [ManualAdjust] 当前外参 [lidar_front→cam_left]:
[11:01:52.106] [info]   旋转 RPY: (-9.1810, -87.7472, -82.0096) deg
[11:01:52.106] [info]   平移 XYZ: (0.1057, 0.4223, 0.0574) m
[11:01:52.136] [debug] [ManualAdjust] 平移增量 dxyz=(0.0050, 0.0000, 0.0000)m
[11:01:52.136] [info] [ManualAdjust] 当前外参 [lidar_front→cam_left]:
[11:01:52.136] [info]   旋转 RPY: (-9.1810, -87.7472, -82.0096) deg
[11:01:52.136] [info]   平移 XYZ: (0.1107, 0.4223, 0.0574) m
[11:01:52.166] [debug] [ManualAdjust] 平移增量 dxyz=(0.0050, 0.0000, 0.0000)m
[11:01:52.166] [info] [ManualAdjust] 当前外参 [lidar_front→cam_left]:
[11:01:52.166] [info]   旋转 RPY: (-9.1810, -87.7472, -82.0096) deg
[11:01:52.166] [info]   平移 XYZ: (0.1157, 0.4223, 0.0574) m
[11:01:52.196] [debug] [ManualAdjust] 平移增量 dxyz=(0.0050, 0.0000, 0.0000)m
[11:01:52.196] [info] [ManualAdjust] 当前外参 [lidar_front→cam_left]:
[11:01:52.196] [info]   旋转 RPY: (-9.1810, -87.7472, -82.0096) deg
[11:01:52.196] [info]   平移 XYZ: (0.1207, 0.4223, 0.0574) m
[11:01:52.227] [debug] [ManualAdjust] 平移增量 dxyz=(0.0050, 0.0000, 0.0000)m
[11:01:52.227] [info] [ManualAdjust] 当前外参 [lidar_front→cam_left]:
[11:01:52.227] [info]   旋转 RPY: (-9.1810, -87.7472, -82.0096) deg
[11:01:52.227] [info]   平移 XYZ: (0.1257, 0.4223, 0.0574) m
[11:01:52.258] [debug] [ManualAdjust] 平移增量 dxyz=(0.0050, 0.0000, 0.0000)m
[11:01:52.258] [info] [ManualAdjust] 当前外参 [lidar_front→cam_left]:
[11:01:52.258] [info]   旋转 RPY: (-9.1810, -87.7472, -82.0096) deg
[11:01:52.258] [info]   平移 XYZ: (0.1307, 0.4223, 0.0574) m
[11:01:53.288] [debug] [ManualAdjust] 平移增量 dxyz=(-0.0050, 0.0000, 0.0000)m
[11:01:53.288] [info] [ManualAdjust] 当前外参 [lidar_front→cam_left]:
[11:01:53.288] [info]   旋转 RPY: (-9.1810, -87.7472, -82.0096) deg
[11:01:53.288] [info]   平移 XYZ: (0.1257, 0.4223, 0.0574) m
[11:01:53.788] [debug] [ManualAdjust] 平移增量 dxyz=(-0.0050, 0.0000, 0.0000)m
[11:01:53.788] [info] [ManualAdjust] 当前外参 [lidar_front→cam_left]:
[11:01:53.788] [info]   旋转 RPY: (-9.1810, -87.7472, -82.0096) deg
[11:01:53.788] [info]   平移 XYZ: (0.1207, 0.4223, 0.0574) m
[11:01:53.818] [debug] [ManualAdjust] 平移增量 dxyz=(-0.0050, 0.0000, 0.0000)m
[11:01:53.818] [info] [ManualAdjust] 当前外参 [lidar_front→cam_left]:
[11:01:53.818] [info]   旋转 RPY: (-9.1810, -87.7472, -82.0096) deg
[11:01:53.818] [info]   平移 XYZ: (0.1157, 0.4223, 0.0574) m
[11:01:54.304] [debug] [ManualAdjust] 平移增量 dxyz=(0.0000, 0.0050, 0.0000)m
[11:01:54.304] [info] [ManualAdjust] 当前外参 [lidar_front→cam_left]:
[11:01:54.304] [info]   旋转 RPY: (-9.1810, -87.7472, -82.0096) deg
[11:01:54.304] [info]   平移 XYZ: (0.1157, 0.4273, 0.0574) m
[11:01:55.080] [debug] [ManualAdjust] 平移增量 dxyz=(0.0000, -0.0050, 0.0000)m
[11:01:55.080] [info] [ManualAdjust] 当前外参 [lidar_front→cam_left]:
[11:01:55.080] [info]   旋转 RPY: (-9.1810, -87.7472, -82.0096) deg
[11:01:55.080] [info]   平移 XYZ: (0.1157, 0.4223, 0.0574) m
[11:01:55.288] [debug] [ManualAdjust] 平移增量 dxyz=(0.0000, -0.0050, 0.0000)m
[11:01:55.288] [info] [ManualAdjust] 当前外参 [lidar_front→cam_left]:
[11:01:55.288] [info]   旋转 RPY: (-9.1810, -87.7472, -82.0096) deg
[11:01:55.288] [info]   平移 XYZ: (0.1157, 0.4173, 0.0574) m
[11:01:55.464] [debug] [ManualAdjust] 平移增量 dxyz=(0.0000, -0.0050, 0.0000)m
[11:01:55.464] [info] [ManualAdjust] 当前外参 [lidar_front→cam_left]:
[11:01:55.464] [info]   旋转 RPY: (-9.1810, -87.7472, -82.0096) deg
[11:01:55.464] [info]   平移 XYZ: (0.1157, 0.4123, 0.0574) m
[11:01:55.633] [debug] [ManualAdjust] 平移增量 dxyz=(0.0000, -0.0050, 0.0000)m
[11:01:55.633] [info] [ManualAdjust] 当前外参 [lidar_front→cam_left]:
[11:01:55.633] [info]   旋转 RPY: (-9.1810, -87.7472, -82.0096) deg
[11:01:55.633] [info]   平移 XYZ: (0.1157, 0.4073, 0.0574) m
[11:01:55.808] [debug] [ManualAdjust] 平移增量 dxyz=(0.0000, -0.0050, 0.0000)m
[11:01:55.808] [info] [ManualAdjust] 当前外参 [lidar_front→cam_left]:
[11:01:55.808] [info]   旋转 RPY: (-9.1810, -87.7472, -82.0096) deg
[11:01:55.808] [info]   平移 XYZ: (0.1157, 0.4023, 0.0574) m
[11:01:56.464] [debug] [ManualAdjust] 平移增量 dxyz=(0.0000, 0.0000, 0.0050)m
[11:01:56.464] [info] [ManualAdjust] 当前外参 [lidar_front→cam_left]:
[11:01:56.464] [info]   旋转 RPY: (-9.1810, -87.7472, -82.0096) deg
[11:01:56.464] [info]   平移 XYZ: (0.1157, 0.4023, 0.0624) m
[11:01:56.976] [debug] [ManualAdjust] 平移增量 dxyz=(0.0000, 0.0000, -0.0050)m
[11:01:56.976] [info] [ManualAdjust] 当前外参 [lidar_front→cam_left]:
[11:01:56.976] [info]   旋转 RPY: (-9.1810, -87.7472, -82.0096) deg
[11:01:56.976] [info]   平移 XYZ: (0.1157, 0.4023, 0.0574) m
[11:01:57.200] [debug] [ManualAdjust] 平移增量 dxyz=(0.0000, 0.0000, -0.0050)m
[11:01:57.200] [info] [ManualAdjust] 当前外参 [lidar_front→cam_left]:
[11:01:57.200] [info]   旋转 RPY: (-9.1810, -87.7472, -82.0096) deg
[11:01:57.200] [info]   平移 XYZ: (0.1157, 0.4023, 0.0524) m
[11:01:58.000] [debug] [ManualAdjust] 平移增量 dxyz=(0.0000, 0.0000, 0.0050)m
[11:01:58.000] [info] [ManualAdjust] 当前外参 [lidar_front→cam_left]:
[11:01:58.000] [info]   旋转 RPY: (-9.1810, -87.7472, -82.0096) deg
[11:01:58.000] [info]   平移 XYZ: (0.1157, 0.4023, 0.0574) m
[11:01:58.920] [debug] [ManualAdjust] 旋转增量 RPY=(0.100, 0.000, 0.000)deg
[11:01:58.920] [info] [ManualAdjust] 当前外参 [lidar_front→cam_left]:
[11:01:58.920] [info]   旋转 RPY: (-9.0810, -87.7472, -82.0096) deg
[11:01:58.920] [info]   平移 XYZ: (0.1157, 0.4023, 0.0574) m
[11:01:59.552] [debug] [ManualAdjust] 旋转增量 RPY=(-0.100, 0.000, 0.000)deg
[11:01:59.552] [info] [ManualAdjust] 当前外参 [lidar_front→cam_left]:
[11:01:59.552] [info]   旋转 RPY: (-9.1810, -87.7472, -82.0096) deg
[11:01:59.552] [info]   平移 XYZ: (0.1157, 0.4023, 0.0574) m
[11:01:59.952] [debug] [ManualAdjust] 旋转增量 RPY=(0.000, 0.100, 0.000)deg
[11:01:59.952] [info] [ManualAdjust] 当前外参 [lidar_front→cam_left]:
[11:01:59.952] [info]   旋转 RPY: (-8.7924, -87.6485, -82.3985) deg
[11:01:59.952] [info]   平移 XYZ: (0.1157, 0.4023, 0.0574) m
[11:02:00.840] [debug] [ManualAdjust] 旋转增量 RPY=(0.000, -0.100, 0.000)deg
[11:02:00.840] [info] [ManualAdjust] 当前外参 [lidar_front→cam_left]:
[11:02:00.840] [info]   旋转 RPY: (-9.1810, -87.7472, -82.0096) deg
[11:02:00.840] [info]   平移 XYZ: (0.1157, 0.4023, 0.0574) m
[11:02:00.868] [info] [ManualAdjust] 结果已保存: ./results/lidar_camera_extrinsic/manual_extrinsic_20260507_110200.yaml
[11:02:00.868] [info] [ManualCalib] 手动微调快照已保存:
[11:02:00.868] [info]   - 投影图: ./results/lidar_camera_extrinsic/manual_projection_20260507_110200.png
[11:02:00.868] [info]   - 点云:   ./results/lidar_camera_extrinsic/manual_cloud_20260507_110200.pcd
[11:02:00.868] [info]   - 外参:   ./results/lidar_camera_extrinsic/manual_extrinsic_20260507_110200.yaml
[11:02:01.688] [debug] [ManualAdjust] 旋转增量 RPY=(0.000, 0.000, 0.100)deg
[11:02:01.688] [info] [ManualAdjust] 当前外参 [lidar_front→cam_left]:
[11:02:01.688] [info]   旋转 RPY: (-11.6712, -87.7291, -79.5174) deg
[11:02:01.688] [info]   平移 XYZ: (0.1157, 0.4023, 0.0574) m
[11:02:02.304] [debug] [ManualAdjust] 旋转增量 RPY=(0.000, 0.000, -0.100)deg
[11:02:02.304] [info] [ManualAdjust] 当前外参 [lidar_front→cam_left]:
[11:02:02.304] [info]   旋转 RPY: (-9.1810, -87.7472, -82.0096) deg
[11:02:02.304] [info]   平移 XYZ: (0.1157, 0.4023, 0.0574) m
[11:02:02.816] [debug] [ManualAdjust] 旋转增量 RPY=(0.000, 0.100, 0.000)deg
[11:02:02.816] [info] [ManualAdjust] 当前外参 [lidar_front→cam_left]:
[11:02:02.816] [info]   旋转 RPY: (-8.7924, -87.6485, -82.3985) deg
[11:02:02.816] [info]   平移 XYZ: (0.1157, 0.4023, 0.0574) m
[11:02:03.272] [debug] [ManualAdjust] 旋转增量 RPY=(0.000, -0.100, 0.000)deg
[11:02:03.272] [info] [ManualAdjust] 当前外参 [lidar_front→cam_left]:
[11:02:03.272] [info]   旋转 RPY: (-9.1810, -87.7472, -82.0096) deg
[11:02:03.272] [info]   平移 XYZ: (0.1157, 0.4023, 0.0574) m
[11:02:03.295] [info] [ManualAdjust] 结果已保存: ./results/lidar_camera_extrinsic/manual_extrinsic_20260507_110203.yaml
[11:02:03.295] [info] [ManualCalib] 手动微调快照已保存:
[11:02:03.295] [info]   - 投影图: ./results/lidar_camera_extrinsic/manual_projection_20260507_110203.png
[11:02:03.295] [info]   - 点云:   ./results/lidar_camera_extrinsic/manual_cloud_20260507_110203.pcd
[11:02:03.295] [info]   - 外参:   ./results/lidar_camera_extrinsic/manual_extrinsic_20260507_110203.yaml
[11:02:03.832] [debug] [ManualAdjust] 旋转增量 RPY=(0.000, 0.100, 0.000)deg
[11:02:03.832] [info] [ManualAdjust] 当前外参 [lidar_front→cam_left]:
[11:02:03.832] [info]   旋转 RPY: (-8.7924, -87.6485, -82.3985) deg
[11:02:03.832] [info]   平移 XYZ: (0.1157, 0.4023, 0.0574) m
[11:02:04.048] [debug] [ManualAdjust] 旋转增量 RPY=(0.000, 0.100, 0.000)deg
[11:02:04.048] [info] [ManualAdjust] 当前外参 [lidar_front→cam_left]:
[11:02:04.048] [info]   旋转 RPY: (-8.4352, -87.5496, -82.7560) deg
[11:02:04.048] [info]   平移 XYZ: (0.1157, 0.4023, 0.0574) m
[11:02:04.549] [debug] [ManualAdjust] 旋转增量 RPY=(0.000, 0.100, 0.000)deg
[11:02:04.549] [info] [ManualAdjust] 当前外参 [lidar_front→cam_left]:
[11:02:04.549] [info]   旋转 RPY: (-8.1058, -87.4506, -83.0858) deg
[11:02:04.549] [info]   平移 XYZ: (0.1157, 0.4023, 0.0574) m
[11:02:04.578] [debug] [ManualAdjust] 旋转增量 RPY=(0.000, 0.100, 0.000)deg
[11:02:04.578] [info] [ManualAdjust] 当前外参 [lidar_front→cam_left]:
[11:02:04.578] [info]   旋转 RPY: (-7.8009, -87.3516, -83.3910) deg
[11:02:04.578] [info]   平移 XYZ: (0.1157, 0.4023, 0.0574) m
[11:02:04.608] [debug] [ManualAdjust] 旋转增量 RPY=(0.000, 0.100, 0.000)deg
[11:02:04.608] [info] [ManualAdjust] 当前外参 [lidar_front→cam_left]:
[11:02:04.608] [info]   旋转 RPY: (-7.5181, -87.2525, -83.6741) deg
[11:02:04.608] [info]   平移 XYZ: (0.1157, 0.4023, 0.0574) m
[11:02:04.638] [debug] [ManualAdjust] 旋转增量 RPY=(0.000, 0.100, 0.000)deg
[11:02:04.638] [info] [ManualAdjust] 当前外参 [lidar_front→cam_left]:
[11:02:04.638] [info]   旋转 RPY: (-7.2549, -87.1533, -83.9376) deg
[11:02:04.638] [info]   平移 XYZ: (0.1157, 0.4023, 0.0574) m
[11:02:04.668] [debug] [ManualAdjust] 旋转增量 RPY=(0.000, 0.100, 0.000)deg
[11:02:04.668] [info] [ManualAdjust] 当前外参 [lidar_front→cam_left]:
[11:02:04.668] [info]   旋转 RPY: (-7.0095, -87.0541, -84.1833) deg
[11:02:04.668] [info]   平移 XYZ: (0.1157, 0.4023, 0.0574) m
[11:02:04.699] [debug] [ManualAdjust] 旋转增量 RPY=(0.000, 0.100, 0.000)deg
[11:02:04.699] [info] [ManualAdjust] 当前外参 [lidar_front→cam_left]:
[11:02:04.699] [info]   旋转 RPY: (-6.7801, -86.9548, -84.4130) deg
[11:02:04.699] [info]   平移 XYZ: (0.1157, 0.4023, 0.0574) m
[11:02:04.730] [debug] [ManualAdjust] 旋转增量 RPY=(0.000, 0.100, 0.000)deg
[11:02:04.730] [info] [ManualAdjust] 当前外参 [lidar_front→cam_left]:
[11:02:04.730] [info]   旋转 RPY: (-6.5652, -86.8555, -84.6282) deg
[11:02:04.730] [info]   平移 XYZ: (0.1157, 0.4023, 0.0574) m
[11:02:04.760] [debug] [ManualAdjust] 旋转增量 RPY=(0.000, 0.100, 0.000)deg
[11:02:04.760] [info] [ManualAdjust] 当前外参 [lidar_front→cam_left]:
[11:02:04.760] [info]   旋转 RPY: (-6.3635, -86.7561, -84.8303) deg
[11:02:04.760] [info]   平移 XYZ: (0.1157, 0.4023, 0.0574) m
[11:02:04.790] [debug] [ManualAdjust] 旋转增量 RPY=(0.000, 0.100, 0.000)deg
[11:02:04.790] [info] [ManualAdjust] 当前外参 [lidar_front→cam_left]:
[11:02:04.790] [info]   旋转 RPY: (-6.1737, -86.6567, -85.0203) deg
[11:02:04.790] [info]   平移 XYZ: (0.1157, 0.4023, 0.0574) m
[11:02:04.820] [debug] [ManualAdjust] 旋转增量 RPY=(0.000, 0.100, 0.000)deg
[11:02:04.820] [info] [ManualAdjust] 当前外参 [lidar_front→cam_left]:
[11:02:04.820] [info]   旋转 RPY: (-5.9950, -86.5573, -85.1994) deg
[11:02:04.820] [info]   平移 XYZ: (0.1157, 0.4023, 0.0574) m
[11:02:04.850] [debug] [ManualAdjust] 旋转增量 RPY=(0.000, 0.100, 0.000)deg
[11:02:04.851] [info] [ManualAdjust] 当前外参 [lidar_front→cam_left]:
[11:02:04.851] [info]   旋转 RPY: (-5.8262, -86.4578, -85.3685) deg
[11:02:04.851] [info]   平移 XYZ: (0.1157, 0.4023, 0.0574) m
[11:02:05.296] [debug] [ManualAdjust] 旋转增量 RPY=(0.000, -0.100, 0.000)deg
[11:02:05.296] [info] [ManualAdjust] 当前外参 [lidar_front→cam_left]:
[11:02:05.296] [info]   旋转 RPY: (-5.9950, -86.5573, -85.1994) deg
[11:02:05.296] [info]   平移 XYZ: (0.1157, 0.4023, 0.0574) m
[11:02:05.321] [info] [ManualAdjust] 结果已保存: ./results/lidar_camera_extrinsic/manual_extrinsic_20260507_110205.yaml
[11:02:05.321] [info] [ManualCalib] 手动微调快照已保存:
[11:02:05.321] [info]   - 投影图: ./results/lidar_camera_extrinsic/manual_projection_20260507_110205.png
[11:02:05.321] [info]   - 点云:   ./results/lidar_camera_extrinsic/manual_cloud_20260507_110205.pcd
[11:02:05.321] [info]   - 外参:   ./results/lidar_camera_extrinsic/manual_extrinsic_20260507_110205.yaml
[11:02:05.796] [debug] [ManualAdjust] 旋转增量 RPY=(0.000, -0.100, 0.000)deg
[11:02:05.796] [info] [ManualAdjust] 当前外参 [lidar_front→cam_left]:
[11:02:05.796] [info]   旋转 RPY: (-6.1737, -86.6567, -85.0203) deg
[11:02:05.796] [info]   平移 XYZ: (0.1157, 0.4023, 0.0574) m
[11:02:05.815] [info] [ManualAdjust] 结果已保存: ./results/lidar_camera_extrinsic/manual_extrinsic_20260507_110205.yaml
[11:02:05.815] [info] [ManualCalib] 手动微调快照已保存:
[11:02:05.815] [info]   - 投影图: ./results/lidar_camera_extrinsic/manual_projection_20260507_110205.png
[11:02:05.815] [info]   - 点云:   ./results/lidar_camera_extrinsic/manual_cloud_20260507_110205.pcd
[11:02:05.815] [info]   - 外参:   ./results/lidar_camera_extrinsic/manual_extrinsic_20260507_110205.yaml
[11:02:05.826] [debug] [ManualAdjust] 旋转增量 RPY=(0.000, -0.100, 0.000)deg
[11:02:05.826] [info] [ManualAdjust] 当前外参 [lidar_front→cam_left]:
[11:02:05.826] [info]   旋转 RPY: (-6.3635, -86.7561, -84.8303) deg
[11:02:05.826] [info]   平移 XYZ: (0.1157, 0.4023, 0.0574) m
[11:02:05.837] [info] [ManualAdjust] 结果已保存: ./results/lidar_camera_extrinsic/manual_extrinsic_20260507_110205.yaml
[11:02:05.837] [info] [ManualCalib] 手动微调快照已保存:
[11:02:05.837] [info]   - 投影图: ./results/lidar_camera_extrinsic/manual_projection_20260507_110205.png
[11:02:05.837] [info]   - 点云:   ./results/lidar_camera_extrinsic/manual_cloud_20260507_110205.pcd
[11:02:05.837] [info]   - 外参:   ./results/lidar_camera_extrinsic/manual_extrinsic_20260507_110205.yaml
[11:02:05.856] [debug] [ManualAdjust] 旋转增量 RPY=(0.000, -0.100, 0.000)deg
[11:02:05.856] [info] [ManualAdjust] 当前外参 [lidar_front→cam_left]:
[11:02:05.856] [info]   旋转 RPY: (-6.5652, -86.8555, -84.6282) deg
[11:02:05.856] [info]   平移 XYZ: (0.1157, 0.4023, 0.0574) m
[11:02:05.874] [info] [ManualAdjust] 结果已保存: ./results/lidar_camera_extrinsic/manual_extrinsic_20260507_110205.yaml
[11:02:05.874] [info] [ManualCalib] 手动微调快照已保存:
[11:02:05.874] [info]   - 投影图: ./results/lidar_camera_extrinsic/manual_projection_20260507_110205.png
[11:02:05.874] [info]   - 点云:   ./results/lidar_camera_extrinsic/manual_cloud_20260507_110205.pcd
[11:02:05.874] [info]   - 外参:   ./results/lidar_camera_extrinsic/manual_extrinsic_20260507_110205.yaml
[11:02:05.887] [debug] [ManualAdjust] 旋转增量 RPY=(0.000, -0.100, 0.000)deg
[11:02:05.887] [info] [ManualAdjust] 当前外参 [lidar_front→cam_left]:
[11:02:05.887] [info]   旋转 RPY: (-6.7801, -86.9548, -84.4130) deg
[11:02:05.887] [info]   平移 XYZ: (0.1157, 0.4023, 0.0574) m
[11:02:05.907] [info] [ManualAdjust] 结果已保存: ./results/lidar_camera_extrinsic/manual_extrinsic_20260507_110205.yaml
[11:02:05.907] [info] [ManualCalib] 手动微调快照已保存:
[11:02:05.907] [info]   - 投影图: ./results/lidar_camera_extrinsic/manual_projection_20260507_110205.png
[11:02:05.907] [info]   - 点云:   ./results/lidar_camera_extrinsic/manual_cloud_20260507_110205.pcd
[11:02:05.907] [info]   - 外参:   ./results/lidar_camera_extrinsic/manual_extrinsic_20260507_110205.yaml
[11:02:05.917] [debug] [ManualAdjust] 旋转增量 RPY=(0.000, -0.100, 0.000)deg
[11:02:05.917] [info] [ManualAdjust] 当前外参 [lidar_front→cam_left]:
[11:02:05.918] [info]   旋转 RPY: (-7.0095, -87.0541, -84.1833) deg
[11:02:05.918] [info]   平移 XYZ: (0.1157, 0.4023, 0.0574) m
[11:02:05.944] [info] [ManualAdjust] 结果已保存: ./results/lidar_camera_extrinsic/manual_extrinsic_20260507_110205.yaml
[11:02:05.944] [info] [ManualCalib] 手动微调快照已保存:
[11:02:05.944] [info]   - 投影图: ./results/lidar_camera_extrinsic/manual_projection_20260507_110205.png
[11:02:05.944] [info]   - 点云:   ./results/lidar_camera_extrinsic/manual_cloud_20260507_110205.pcd
[11:02:05.944] [info]   - 外参:   ./results/lidar_camera_extrinsic/manual_extrinsic_20260507_110205.yaml
[11:02:05.947] [debug] [ManualAdjust] 旋转增量 RPY=(0.000, -0.100, 0.000)deg
[11:02:05.947] [info] [ManualAdjust] 当前外参 [lidar_front→cam_left]:
[11:02:05.947] [info]   旋转 RPY: (-7.2549, -87.1533, -83.9376) deg
[11:02:05.947] [info]   平移 XYZ: (0.1157, 0.4023, 0.0574) m
[11:02:05.961] [info] [ManualAdjust] 结果已保存: ./results/lidar_camera_extrinsic/manual_extrinsic_20260507_110205.yaml
[11:02:05.961] [info] [ManualCalib] 手动微调快照已保存:
[11:02:05.961] [info]   - 投影图: ./results/lidar_camera_extrinsic/manual_projection_20260507_110205.png
[11:02:05.961] [info]   - 点云:   ./results/lidar_camera_extrinsic/manual_cloud_20260507_110205.pcd
[11:02:05.961] [info]   - 外参:   ./results/lidar_camera_extrinsic/manual_extrinsic_20260507_110205.yaml
[11:02:05.978] [debug] [ManualAdjust] 旋转增量 RPY=(0.000, -0.100, 0.000)deg
[11:02:05.978] [info] [ManualAdjust] 当前外参 [lidar_front→cam_left]:
[11:02:05.978] [info]   旋转 RPY: (-7.5181, -87.2525, -83.6741) deg
[11:02:05.978] [info]   平移 XYZ: (0.1157, 0.4023, 0.0574) m
[11:02:06.014] [info] [ManualAdjust] 结果已保存: ./results/lidar_camera_extrinsic/manual_extrinsic_20260507_110205.yaml
[11:02:06.014] [info] [ManualCalib] 手动微调快照已保存:
[11:02:06.014] [info]   - 投影图: ./results/lidar_camera_extrinsic/manual_projection_20260507_110205.png
[11:02:06.014] [info]   - 点云:   ./results/lidar_camera_extrinsic/manual_cloud_20260507_110205.pcd
[11:02:06.014] [info]   - 外参:   ./results/lidar_camera_extrinsic/manual_extrinsic_20260507_110205.yaml
[11:02:06.015] [debug] [ManualAdjust] 旋转增量 RPY=(0.000, -0.100, 0.000)deg
[11:02:06.015] [info] [ManualAdjust] 当前外参 [lidar_front→cam_left]:
[11:02:06.015] [info]   旋转 RPY: (-7.8009, -87.3516, -83.3910) deg
[11:02:06.015] [info]   平移 XYZ: (0.1157, 0.4023, 0.0574) m
[11:02:06.028] [info] [ManualAdjust] 结果已保存: ./results/lidar_camera_extrinsic/manual_extrinsic_20260507_110206.yaml
[11:02:06.028] [info] [ManualCalib] 手动微调快照已保存:
[11:02:06.028] [info]   - 投影图: ./results/lidar_camera_extrinsic/manual_projection_20260507_110206.png
[11:02:06.028] [info]   - 点云:   ./results/lidar_camera_extrinsic/manual_cloud_20260507_110206.pcd
[11:02:06.028] [info]   - 外参:   ./results/lidar_camera_extrinsic/manual_extrinsic_20260507_110206.yaml
[11:02:06.038] [debug] [ManualAdjust] 旋转增量 RPY=(0.000, -0.100, 0.000)deg
[11:02:06.038] [info] [ManualAdjust] 当前外参 [lidar_front→cam_left]:
[11:02:06.038] [info]   旋转 RPY: (-8.1058, -87.4506, -83.0858) deg
[11:02:06.038] [info]   平移 XYZ: (0.1157, 0.4023, 0.0574) m
[11:02:06.057] [info] [ManualAdjust] 结果已保存: ./results/lidar_camera_extrinsic/manual_extrinsic_20260507_110206.yaml
[11:02:06.057] [info] [ManualCalib] 手动微调快照已保存:
[11:02:06.057] [info]   - 投影图: ./results/lidar_camera_extrinsic/manual_projection_20260507_110206.png
[11:02:06.057] [info]   - 点云:   ./results/lidar_camera_extrinsic/manual_cloud_20260507_110206.pcd
[11:02:06.057] [info]   - 外参:   ./results/lidar_camera_extrinsic/manual_extrinsic_20260507_110206.yaml
[11:02:06.068] [debug] [ManualAdjust] 旋转增量 RPY=(0.000, -0.100, 0.000)deg
[11:02:06.068] [info] [ManualAdjust] 当前外参 [lidar_front→cam_left]:
[11:02:06.068] [info]   旋转 RPY: (-8.4352, -87.5496, -82.7560) deg
[11:02:06.068] [info]   平移 XYZ: (0.1157, 0.4023, 0.0574) m
[11:02:06.081] [info] [ManualAdjust] 结果已保存: ./results/lidar_camera_extrinsic/manual_extrinsic_20260507_110206.yaml
[11:02:06.081] [info] [ManualCalib] 手动微调快照已保存:
[11:02:06.081] [info]   - 投影图: ./results/lidar_camera_extrinsic/manual_projection_20260507_110206.png
[11:02:06.081] [info]   - 点云:   ./results/lidar_camera_extrinsic/manual_cloud_20260507_110206.pcd
[11:02:06.081] [info]   - 外参:   ./results/lidar_camera_extrinsic/manual_extrinsic_20260507_110206.yaml
[11:02:06.098] [debug] [ManualAdjust] 旋转增量 RPY=(0.000, -0.100, 0.000)deg
[11:02:06.098] [info] [ManualAdjust] 当前外参 [lidar_front→cam_left]:
[11:02:06.098] [info]   旋转 RPY: (-8.7924, -87.6485, -82.3985) deg
[11:02:06.098] [info]   平移 XYZ: (0.1157, 0.4023, 0.0574) m
[11:02:06.124] [info] [ManualAdjust] 结果已保存: ./results/lidar_camera_extrinsic/manual_extrinsic_20260507_110206.yaml
[11:02:06.124] [info] [ManualCalib] 手动微调快照已保存:
[11:02:06.124] [info]   - 投影图: ./results/lidar_camera_extrinsic/manual_projection_20260507_110206.png
[11:02:06.124] [info]   - 点云:   ./results/lidar_camera_extrinsic/manual_cloud_20260507_110206.pcd
[11:02:06.124] [info]   - 外参:   ./results/lidar_camera_extrinsic/manual_extrinsic_20260507_110206.yaml
[11:02:06.128] [debug] [ManualAdjust] 旋转增量 RPY=(0.000, -0.100, 0.000)deg
[11:02:06.128] [info] [ManualAdjust] 当前外参 [lidar_front→cam_left]:
[11:02:06.128] [info]   旋转 RPY: (-9.1810, -87.7472, -82.0096) deg
[11:02:06.128] [info]   平移 XYZ: (0.1157, 0.4023, 0.0574) m
[11:02:06.137] [info] [ManualAdjust] 结果已保存: ./results/lidar_camera_extrinsic/manual_extrinsic_20260507_110206.yaml
[11:02:06.137] [info] [ManualCalib] 手动微调快照已保存:
[11:02:06.137] [info]   - 投影图: ./results/lidar_camera_extrinsic/manual_projection_20260507_110206.png
[11:02:06.137] [info]   - 点云:   ./results/lidar_camera_extrinsic/manual_cloud_20260507_110206.pcd
[11:02:06.137] [info]   - 外参:   ./results/lidar_camera_extrinsic/manual_extrinsic_20260507_110206.yaml
[11:02:06.952] [debug] [ManualAdjust] 平移增量 dxyz=(0.0000, 0.0000, 0.0050)m
[11:02:06.952] [info] [ManualAdjust] 当前外参 [lidar_front→cam_left]:
[11:02:06.952] [info]   旋转 RPY: (-9.1810, -87.7472, -82.0096) deg
[11:02:06.952] [info]   平移 XYZ: (0.1157, 0.4023, 0.0624) m
[11:02:07.184] [debug] [ManualAdjust] 平移增量 dxyz=(0.0000, 0.0000, 0.0050)m
[11:02:07.184] [info] [ManualAdjust] 当前外参 [lidar_front→cam_left]:
[11:02:07.184] [info]   旋转 RPY: (-9.1810, -87.7472, -82.0096) deg
[11:02:07.184] [info]   平移 XYZ: (0.1157, 0.4023, 0.0674) m
[11:02:07.384] [debug] [ManualAdjust] 平移增量 dxyz=(0.0000, 0.0000, 0.0050)m
[11:02:07.384] [info] [ManualAdjust] 当前外参 [lidar_front→cam_left]:
[11:02:07.384] [info]   旋转 RPY: (-9.1810, -87.7472, -82.0096) deg
[11:02:07.384] [info]   平移 XYZ: (0.1157, 0.4023, 0.0724) m
[11:02:07.568] [debug] [ManualAdjust] 平移增量 dxyz=(0.0000, 0.0000, 0.0050)m
[11:02:07.568] [info] [ManualAdjust] 当前外参 [lidar_front→cam_left]:
[11:02:07.568] [info]   旋转 RPY: (-9.1810, -87.7472, -82.0096) deg
[11:02:07.568] [info]   平移 XYZ: (0.1157, 0.4023, 0.0774) m
[11:02:08.240] [debug] [ManualAdjust] 平移增量 dxyz=(0.0000, 0.0000, -0.0050)m
[11:02:08.240] [info] [ManualAdjust] 当前外参 [lidar_front→cam_left]:
[11:02:08.240] [info]   旋转 RPY: (-9.1810, -87.7472, -82.0096) deg
[11:02:08.240] [info]   平移 XYZ: (0.1157, 0.4023, 0.0724) m
[11:02:08.456] [debug] [ManualAdjust] 平移增量 dxyz=(0.0000, 0.0000, -0.0050)m
[11:02:08.456] [info] [ManualAdjust] 当前外参 [lidar_front→cam_left]:
[11:02:08.456] [info]   旋转 RPY: (-9.1810, -87.7472, -82.0096) deg
[11:02:08.456] [info]   平移 XYZ: (0.1157, 0.4023, 0.0674) m
[11:02:10.800] [debug] [ManualAdjust] 平移增量 dxyz=(0.0000, 0.0050, 0.0000)m
[11:02:10.800] [info] [ManualAdjust] 当前外参 [lidar_front→cam_left]:
[11:02:10.800] [info]   旋转 RPY: (-9.1810, -87.7472, -82.0096) deg
[11:02:10.800] [info]   平移 XYZ: (0.1157, 0.4073, 0.0674) m
[11:02:11.088] [debug] [ManualAdjust] 平移增量 dxyz=(0.0000, 0.0050, 0.0000)m
[11:02:11.088] [info] [ManualAdjust] 当前外参 [lidar_front→cam_left]:
[11:02:11.088] [info]   旋转 RPY: (-9.1810, -87.7472, -82.0096) deg
[11:02:11.088] [info]   平移 XYZ: (0.1157, 0.4123, 0.0674) m
[11:02:11.488] [debug] [ManualAdjust] 平移增量 dxyz=(0.0000, -0.0050, 0.0000)m
[11:02:11.488] [info] [ManualAdjust] 当前外参 [lidar_front→cam_left]:
[11:02:11.488] [info]   旋转 RPY: (-9.1810, -87.7472, -82.0096) deg
[11:02:11.488] [info]   平移 XYZ: (0.1157, 0.4073, 0.0674) m
[11:02:11.680] [debug] [ManualAdjust] 平移增量 dxyz=(0.0000, -0.0050, 0.0000)m
[11:02:11.680] [info] [ManualAdjust] 当前外参 [lidar_front→cam_left]:
[11:02:11.680] [info]   旋转 RPY: (-9.1810, -87.7472, -82.0096) deg
[11:02:11.680] [info]   平移 XYZ: (0.1157, 0.4023, 0.0674) m
[11:02:12.064] [debug] [ManualAdjust] 平移增量 dxyz=(0.0050, 0.0000, 0.0000)m
[11:02:12.064] [info] [ManualAdjust] 当前外参 [lidar_front→cam_left]:
[11:02:12.064] [info]   旋转 RPY: (-9.1810, -87.7472, -82.0096) deg
[11:02:12.064] [info]   平移 XYZ: (0.1207, 0.4023, 0.0674) m
[11:02:12.320] [debug] [ManualAdjust] 平移增量 dxyz=(0.0050, 0.0000, 0.0000)m
[11:02:12.320] [info] [ManualAdjust] 当前外参 [lidar_front→cam_left]:
[11:02:12.320] [info]   旋转 RPY: (-9.1810, -87.7472, -82.0096) deg
[11:02:12.320] [info]   平移 XYZ: (0.1257, 0.4023, 0.0674) m
[11:02:12.864] [debug] [ManualAdjust] 平移增量 dxyz=(-0.0050, 0.0000, 0.0000)m
[11:02:12.864] [info] [ManualAdjust] 当前外参 [lidar_front→cam_left]:
[11:02:12.864] [info]   旋转 RPY: (-9.1810, -87.7472, -82.0096) deg
[11:02:12.864] [info]   平移 XYZ: (0.1207, 0.4023, 0.0674) m
[11:02:13.056] [debug] [ManualAdjust] 平移增量 dxyz=(-0.0050, 0.0000, 0.0000)m
[11:02:13.056] [info] [ManualAdjust] 当前外参 [lidar_front→cam_left]:
[11:02:13.056] [info]   旋转 RPY: (-9.1810, -87.7472, -82.0096) deg
[11:02:13.056] [info]   平移 XYZ: (0.1157, 0.4023, 0.0674) m
[11:02:13.384] [debug] [ManualAdjust] 平移增量 dxyz=(0.0000, 0.0050, 0.0000)m
[11:02:13.384] [info] [ManualAdjust] 当前外参 [lidar_front→cam_left]:
[11:02:13.384] [info]   旋转 RPY: (-9.1810, -87.7472, -82.0096) deg
[11:02:13.384] [info]   平移 XYZ: (0.1157, 0.4073, 0.0674) m
[11:02:13.976] [debug] [ManualAdjust] 平移增量 dxyz=(0.0000, -0.0050, 0.0000)m
[11:02:13.976] [info] [ManualAdjust] 当前外参 [lidar_front→cam_left]:
[11:02:13.976] [info]   旋转 RPY: (-9.1810, -87.7472, -82.0096) deg
[11:02:13.976] [info]   平移 XYZ: (0.1157, 0.4023, 0.0674) m
[11:02:14.376] [debug] [ManualAdjust] 平移增量 dxyz=(0.0000, -0.0050, 0.0000)m
[11:02:14.376] [info] [ManualAdjust] 当前外参 [lidar_front→cam_left]:
[11:02:14.376] [info]   旋转 RPY: (-9.1810, -87.7472, -82.0096) deg
[11:02:14.376] [info]   平移 XYZ: (0.1157, 0.3973, 0.0674) m
[11:02:14.877] [debug] [ManualAdjust] 平移增量 dxyz=(0.0000, -0.0050, 0.0000)m
[11:02:14.878] [info] [ManualAdjust] 当前外参 [lidar_front→cam_left]:
[11:02:14.878] [info]   旋转 RPY: (-9.1810, -87.7472, -82.0096) deg
[11:02:14.878] [info]   平移 XYZ: (0.1157, 0.3923, 0.0674) m
[11:02:14.906] [debug] [ManualAdjust] 平移增量 dxyz=(0.0000, -0.0050, 0.0000)m
[11:02:14.906] [info] [ManualAdjust] 当前外参 [lidar_front→cam_left]:
[11:02:14.906] [info]   旋转 RPY: (-9.1810, -87.7472, -82.0096) deg
[11:02:14.906] [info]   平移 XYZ: (0.1157, 0.3873, 0.0674) m
[11:02:14.936] [debug] [ManualAdjust] 平移增量 dxyz=(0.0000, -0.0050, 0.0000)m
[11:02:14.936] [info] [ManualAdjust] 当前外参 [lidar_front→cam_left]:
[11:02:14.936] [info]   旋转 RPY: (-9.1810, -87.7472, -82.0096) deg
[11:02:14.936] [info]   平移 XYZ: (0.1157, 0.3823, 0.0674) m
[11:02:14.966] [debug] [ManualAdjust] 平移增量 dxyz=(0.0000, -0.0050, 0.0000)m
[11:02:14.966] [info] [ManualAdjust] 当前外参 [lidar_front→cam_left]:
[11:02:14.966] [info]   旋转 RPY: (-9.1810, -87.7472, -82.0096) deg
[11:02:14.966] [info]   平移 XYZ: (0.1157, 0.3773, 0.0674) m
[11:02:14.996] [debug] [ManualAdjust] 平移增量 dxyz=(0.0000, -0.0050, 0.0000)m
[11:02:14.996] [info] [ManualAdjust] 当前外参 [lidar_front→cam_left]:
[11:02:14.996] [info]   旋转 RPY: (-9.1810, -87.7472, -82.0096) deg
[11:02:14.996] [info]   平移 XYZ: (0.1157, 0.3723, 0.0674) m
[11:02:15.027] [debug] [ManualAdjust] 平移增量 dxyz=(0.0000, -0.0050, 0.0000)m
[11:02:15.027] [info] [ManualAdjust] 当前外参 [lidar_front→cam_left]:
[11:02:15.027] [info]   旋转 RPY: (-9.1810, -87.7472, -82.0096) deg
[11:02:15.027] [info]   平移 XYZ: (0.1157, 0.3673, 0.0674) m
[11:02:15.056] [debug] [ManualAdjust] 平移增量 dxyz=(0.0000, -0.0050, 0.0000)m
[11:02:15.056] [info] [ManualAdjust] 当前外参 [lidar_front→cam_left]:
[11:02:15.056] [info]   旋转 RPY: (-9.1810, -87.7472, -82.0096) deg
[11:02:15.056] [info]   平移 XYZ: (0.1157, 0.3623, 0.0674) m
[11:02:15.087] [debug] [ManualAdjust] 平移增量 dxyz=(0.0000, -0.0050, 0.0000)m
[11:02:15.087] [info] [ManualAdjust] 当前外参 [lidar_front→cam_left]:
[11:02:15.087] [info]   旋转 RPY: (-9.1810, -87.7472, -82.0096) deg
[11:02:15.087] [info]   平移 XYZ: (0.1157, 0.3573, 0.0674) m
[11:02:15.117] [debug] [ManualAdjust] 平移增量 dxyz=(0.0000, -0.0050, 0.0000)m
[11:02:15.117] [info] [ManualAdjust] 当前外参 [lidar_front→cam_left]:
[11:02:15.117] [info]   旋转 RPY: (-9.1810, -87.7472, -82.0096) deg
[11:02:15.117] [info]   平移 XYZ: (0.1157, 0.3523, 0.0674) m
[11:02:15.408] [debug] [ManualAdjust] 平移增量 dxyz=(0.0000, -0.0050, 0.0000)m
[11:02:15.408] [info] [ManualAdjust] 当前外参 [lidar_front→cam_left]:
[11:02:15.408] [info]   旋转 RPY: (-9.1810, -87.7472, -82.0096) deg
[11:02:15.408] [info]   平移 XYZ: (0.1157, 0.3473, 0.0674) m
[11:02:15.909] [debug] [ManualAdjust] 平移增量 dxyz=(0.0000, -0.0050, 0.0000)m
[11:02:15.909] [info] [ManualAdjust] 当前外参 [lidar_front→cam_left]:
[11:02:15.909] [info]   旋转 RPY: (-9.1810, -87.7472, -82.0096) deg
[11:02:15.909] [info]   平移 XYZ: (0.1157, 0.3423, 0.0674) m
[11:02:15.938] [debug] [ManualAdjust] 平移增量 dxyz=(0.0000, -0.0050, 0.0000)m
[11:02:15.938] [info] [ManualAdjust] 当前外参 [lidar_front→cam_left]:
[11:02:15.938] [info]   旋转 RPY: (-9.1810, -87.7472, -82.0096) deg
[11:02:15.938] [info]   平移 XYZ: (0.1157, 0.3373, 0.0674) m
[11:02:15.968] [debug] [ManualAdjust] 平移增量 dxyz=(0.0000, -0.0050, 0.0000)m
[11:02:15.968] [info] [ManualAdjust] 当前外参 [lidar_front→cam_left]:
[11:02:15.968] [info]   旋转 RPY: (-9.1810, -87.7472, -82.0096) deg
[11:02:15.968] [info]   平移 XYZ: (0.1157, 0.3323, 0.0674) m
[11:02:15.998] [debug] [ManualAdjust] 平移增量 dxyz=(0.0000, -0.0050, 0.0000)m
[11:02:15.999] [info] [ManualAdjust] 当前外参 [lidar_front→cam_left]:
[11:02:15.999] [info]   旋转 RPY: (-9.1810, -87.7472, -82.0096) deg
[11:02:15.999] [info]   平移 XYZ: (0.1157, 0.3273, 0.0674) m
[11:02:16.028] [debug] [ManualAdjust] 平移增量 dxyz=(0.0000, -0.0050, 0.0000)m
[11:02:16.028] [info] [ManualAdjust] 当前外参 [lidar_front→cam_left]:
[11:02:16.028] [info]   旋转 RPY: (-9.1810, -87.7472, -82.0096) deg
[11:02:16.028] [info]   平移 XYZ: (0.1157, 0.3223, 0.0674) m
[11:02:16.059] [debug] [ManualAdjust] 平移增量 dxyz=(0.0000, -0.0050, 0.0000)m
[11:02:16.059] [info] [ManualAdjust] 当前外参 [lidar_front→cam_left]:
[11:02:16.059] [info]   旋转 RPY: (-9.1810, -87.7472, -82.0096) deg
[11:02:16.059] [info]   平移 XYZ: (0.1157, 0.3173, 0.0674) m
[11:02:16.089] [debug] [ManualAdjust] 平移增量 dxyz=(0.0000, -0.0050, 0.0000)m
[11:02:16.089] [info] [ManualAdjust] 当前外参 [lidar_front→cam_left]:
[11:02:16.089] [info]   旋转 RPY: (-9.1810, -87.7472, -82.0096) deg
[11:02:16.090] [info]   平移 XYZ: (0.1157, 0.3123, 0.0674) m
[11:02:16.120] [debug] [ManualAdjust] 平移增量 dxyz=(0.0000, -0.0050, 0.0000)m
[11:02:16.120] [info] [ManualAdjust] 当前外参 [lidar_front→cam_left]:
[11:02:16.120] [info]   旋转 RPY: (-9.1810, -87.7472, -82.0096) deg
[11:02:16.120] [info]   平移 XYZ: (0.1157, 0.3073, 0.0674) m
[11:02:16.150] [debug] [ManualAdjust] 平移增量 dxyz=(0.0000, -0.0050, 0.0000)m
[11:02:16.150] [info] [ManualAdjust] 当前外参 [lidar_front→cam_left]:
[11:02:16.150] [info]   旋转 RPY: (-9.1810, -87.7472, -82.0096) deg
[11:02:16.150] [info]   平移 XYZ: (0.1157, 0.3023, 0.0674) m
[11:02:16.180] [debug] [ManualAdjust] 平移增量 dxyz=(0.0000, -0.0050, 0.0000)m
[11:02:16.180] [info] [ManualAdjust] 当前外参 [lidar_front→cam_left]:
[11:02:16.180] [info]   旋转 RPY: (-9.1810, -87.7472, -82.0096) deg
[11:02:16.180] [info]   平移 XYZ: (0.1157, 0.2973, 0.0674) m
[11:02:16.210] [debug] [ManualAdjust] 平移增量 dxyz=(0.0000, -0.0050, 0.0000)m
[11:02:16.210] [info] [ManualAdjust] 当前外参 [lidar_front→cam_left]:
[11:02:16.210] [info]   旋转 RPY: (-9.1810, -87.7472, -82.0096) deg
[11:02:16.210] [info]   平移 XYZ: (0.1157, 0.2923, 0.0674) m
[11:02:16.241] [debug] [ManualAdjust] 平移增量 dxyz=(0.0000, -0.0050, 0.0000)m
[11:02:16.241] [info] [ManualAdjust] 当前外参 [lidar_front→cam_left]:
[11:02:16.241] [info]   旋转 RPY: (-9.1810, -87.7472, -82.0096) deg
[11:02:16.241] [info]   平移 XYZ: (0.1157, 0.2873, 0.0674) m
[11:02:16.271] [debug] [ManualAdjust] 平移增量 dxyz=(0.0000, -0.0050, 0.0000)m
[11:02:16.271] [info] [ManualAdjust] 当前外参 [lidar_front→cam_left]:
[11:02:16.271] [info]   旋转 RPY: (-9.1810, -87.7472, -82.0096) deg
[11:02:16.271] [info]   平移 XYZ: (0.1157, 0.2823, 0.0674) m
[11:02:16.301] [debug] [ManualAdjust] 平移增量 dxyz=(0.0000, -0.0050, 0.0000)m
[11:02:16.301] [info] [ManualAdjust] 当前外参 [lidar_front→cam_left]:
[11:02:16.301] [info]   旋转 RPY: (-9.1810, -87.7472, -82.0096) deg
[11:02:16.301] [info]   平移 XYZ: (0.1157, 0.2773, 0.0674) m
[11:02:16.333] [debug] [ManualAdjust] 平移增量 dxyz=(0.0000, -0.0050, 0.0000)m
[11:02:16.333] [info] [ManualAdjust] 当前外参 [lidar_front→cam_left]:
[11:02:16.333] [info]   旋转 RPY: (-9.1810, -87.7472, -82.0096) deg
[11:02:16.333] [info]   平移 XYZ: (0.1157, 0.2723, 0.0674) m
[11:02:16.361] [debug] [ManualAdjust] 平移增量 dxyz=(0.0000, -0.0050, 0.0000)m
[11:02:16.361] [info] [ManualAdjust] 当前外参 [lidar_front→cam_left]:
[11:02:16.361] [info]   旋转 RPY: (-9.1810, -87.7472, -82.0096) deg
[11:02:16.361] [info]   平移 XYZ: (0.1157, 0.2673, 0.0674) m
[11:02:16.391] [debug] [ManualAdjust] 平移增量 dxyz=(0.0000, -0.0050, 0.0000)m
[11:02:16.391] [info] [ManualAdjust] 当前外参 [lidar_front→cam_left]:
[11:02:16.391] [info]   旋转 RPY: (-9.1810, -87.7472, -82.0096) deg
[11:02:16.391] [info]   平移 XYZ: (0.1157, 0.2623, 0.0674) m
[11:02:16.421] [debug] [ManualAdjust] 平移增量 dxyz=(0.0000, -0.0050, 0.0000)m
[11:02:16.421] [info] [ManualAdjust] 当前外参 [lidar_front→cam_left]:
[11:02:16.421] [info]   旋转 RPY: (-9.1810, -87.7472, -82.0096) deg
[11:02:16.421] [info]   平移 XYZ: (0.1157, 0.2573, 0.0674) m
[11:02:16.451] [debug] [ManualAdjust] 平移增量 dxyz=(0.0000, -0.0050, 0.0000)m
[11:02:16.451] [info] [ManualAdjust] 当前外参 [lidar_front→cam_left]:
[11:02:16.451] [info]   旋转 RPY: (-9.1810, -87.7472, -82.0096) deg
[11:02:16.451] [info]   平移 XYZ: (0.1157, 0.2523, 0.0674) m
[11:02:16.480] [debug] [ManualAdjust] 平移增量 dxyz=(0.0000, -0.0050, 0.0000)m
[11:02:16.480] [info] [ManualAdjust] 当前外参 [lidar_front→cam_left]:
[11:02:16.480] [info]   旋转 RPY: (-9.1810, -87.7472, -82.0096) deg
[11:02:16.480] [info]   平移 XYZ: (0.1157, 0.2473, 0.0674) m
[11:02:16.511] [debug] [ManualAdjust] 平移增量 dxyz=(0.0000, -0.0050, 0.0000)m
[11:02:16.511] [info] [ManualAdjust] 当前外参 [lidar_front→cam_left]:
[11:02:16.511] [info]   旋转 RPY: (-9.1810, -87.7472, -82.0096) deg
[11:02:16.511] [info]   平移 XYZ: (0.1157, 0.2423, 0.0674) m
[11:02:16.542] [debug] [ManualAdjust] 平移增量 dxyz=(0.0000, -0.0050, 0.0000)m
[11:02:16.542] [info] [ManualAdjust] 当前外参 [lidar_front→cam_left]:
[11:02:16.542] [info]   旋转 RPY: (-9.1810, -87.7472, -82.0096) deg
[11:02:16.542] [info]   平移 XYZ: (0.1157, 0.2373, 0.0674) m
[11:02:16.572] [debug] [ManualAdjust] 平移增量 dxyz=(0.0000, -0.0050, 0.0000)m
[11:02:16.572] [info] [ManualAdjust] 当前外参 [lidar_front→cam_left]:
[11:02:16.572] [info]   旋转 RPY: (-9.1810, -87.7472, -82.0096) deg
[11:02:16.572] [info]   平移 XYZ: (0.1157, 0.2323, 0.0674) m
[11:02:16.603] [debug] [ManualAdjust] 平移增量 dxyz=(0.0000, -0.0050, 0.0000)m
[11:02:16.603] [info] [ManualAdjust] 当前外参 [lidar_front→cam_left]:
[11:02:16.603] [info]   旋转 RPY: (-9.1810, -87.7472, -82.0096) deg
[11:02:16.603] [info]   平移 XYZ: (0.1157, 0.2273, 0.0674) m
[11:02:16.634] [debug] [ManualAdjust] 平移增量 dxyz=(0.0000, -0.0050, 0.0000)m
[11:02:16.634] [info] [ManualAdjust] 当前外参 [lidar_front→cam_left]:
[11:02:16.634] [info]   旋转 RPY: (-9.1810, -87.7472, -82.0096) deg
[11:02:16.634] [info]   平移 XYZ: (0.1157, 0.2223, 0.0674) m
[11:02:16.665] [debug] [ManualAdjust] 平移增量 dxyz=(0.0000, -0.0050, 0.0000)m
[11:02:16.665] [info] [ManualAdjust] 当前外参 [lidar_front→cam_left]:
[11:02:16.665] [info]   旋转 RPY: (-9.1810, -87.7472, -82.0096) deg
[11:02:16.665] [info]   平移 XYZ: (0.1157, 0.2173, 0.0674) m
[11:02:16.694] [debug] [ManualAdjust] 平移增量 dxyz=(0.0000, -0.0050, 0.0000)m
[11:02:16.694] [info] [ManualAdjust] 当前外参 [lidar_front→cam_left]:
[11:02:16.694] [info]   旋转 RPY: (-9.1810, -87.7472, -82.0096) deg
[11:02:16.694] [info]   平移 XYZ: (0.1157, 0.2123, 0.0674) m
[11:02:16.725] [debug] [ManualAdjust] 平移增量 dxyz=(0.0000, -0.0050, 0.0000)m
[11:02:16.725] [info] [ManualAdjust] 当前外参 [lidar_front→cam_left]:
[11:02:16.725] [info]   旋转 RPY: (-9.1810, -87.7472, -82.0096) deg
[11:02:16.725] [info]   平移 XYZ: (0.1157, 0.2073, 0.0674) m
[11:02:16.756] [debug] [ManualAdjust] 平移增量 dxyz=(0.0000, -0.0050, 0.0000)m
[11:02:16.756] [info] [ManualAdjust] 当前外参 [lidar_front→cam_left]:
[11:02:16.756] [info]   旋转 RPY: (-9.1810, -87.7472, -82.0096) deg
[11:02:16.756] [info]   平移 XYZ: (0.1157, 0.2023, 0.0674) m
[11:02:16.787] [debug] [ManualAdjust] 平移增量 dxyz=(0.0000, -0.0050, 0.0000)m
[11:02:16.787] [info] [ManualAdjust] 当前外参 [lidar_front→cam_left]:
[11:02:16.787] [info]   旋转 RPY: (-9.1810, -87.7472, -82.0096) deg
[11:02:16.787] [info]   平移 XYZ: (0.1157, 0.1973, 0.0674) m
[11:02:16.817] [debug] [ManualAdjust] 平移增量 dxyz=(0.0000, -0.0050, 0.0000)m
[11:02:16.817] [info] [ManualAdjust] 当前外参 [lidar_front→cam_left]:
[11:02:16.817] [info]   旋转 RPY: (-9.1810, -87.7472, -82.0096) deg
[11:02:16.817] [info]   平移 XYZ: (0.1157, 0.1923, 0.0674) m
[11:02:16.847] [debug] [ManualAdjust] 平移增量 dxyz=(0.0000, -0.0050, 0.0000)m
[11:02:16.847] [info] [ManualAdjust] 当前外参 [lidar_front→cam_left]:
[11:02:16.847] [info]   旋转 RPY: (-9.1810, -87.7472, -82.0096) deg
[11:02:16.847] [info]   平移 XYZ: (0.1157, 0.1873, 0.0674) m
[11:02:16.878] [debug] [ManualAdjust] 平移增量 dxyz=(0.0000, -0.0050, 0.0000)m
[11:02:16.878] [info] [ManualAdjust] 当前外参 [lidar_front→cam_left]:
[11:02:16.878] [info]   旋转 RPY: (-9.1810, -87.7472, -82.0096) deg
[11:02:16.878] [info]   平移 XYZ: (0.1157, 0.1823, 0.0674) m
[11:02:16.908] [debug] [ManualAdjust] 平移增量 dxyz=(0.0000, -0.0050, 0.0000)m
[11:02:16.908] [info] [ManualAdjust] 当前外参 [lidar_front→cam_left]:
[11:02:16.908] [info]   旋转 RPY: (-9.1810, -87.7472, -82.0096) deg
[11:02:16.908] [info]   平移 XYZ: (0.1157, 0.1773, 0.0674) m
[11:02:16.939] [debug] [ManualAdjust] 平移增量 dxyz=(0.0000, -0.0050, 0.0000)m
[11:02:16.939] [info] [ManualAdjust] 当前外参 [lidar_front→cam_left]:
[11:02:16.939] [info]   旋转 RPY: (-9.1810, -87.7472, -82.0096) deg
[11:02:16.939] [info]   平移 XYZ: (0.1157, 0.1723, 0.0674) m
[11:02:16.969] [debug] [ManualAdjust] 平移增量 dxyz=(0.0000, -0.0050, 0.0000)m
[11:02:16.969] [info] [ManualAdjust] 当前外参 [lidar_front→cam_left]:
[11:02:16.969] [info]   旋转 RPY: (-9.1810, -87.7472, -82.0096) deg
[11:02:16.969] [info]   平移 XYZ: (0.1157, 0.1673, 0.0674) m
[11:02:17.000] [debug] [ManualAdjust] 平移增量 dxyz=(0.0000, -0.0050, 0.0000)m
[11:02:17.000] [info] [ManualAdjust] 当前外参 [lidar_front→cam_left]:
[11:02:17.000] [info]   旋转 RPY: (-9.1810, -87.7472, -82.0096) deg
[11:02:17.000] [info]   平移 XYZ: (0.1157, 0.1623, 0.0674) m
[11:02:17.031] [debug] [ManualAdjust] 平移增量 dxyz=(0.0000, -0.0050, 0.0000)m
[11:02:17.031] [info] [ManualAdjust] 当前外参 [lidar_front→cam_left]:
[11:02:17.031] [info]   旋转 RPY: (-9.1810, -87.7472, -82.0096) deg
[11:02:17.031] [info]   平移 XYZ: (0.1157, 0.1573, 0.0674) m
[11:02:17.060] [debug] [ManualAdjust] 平移增量 dxyz=(0.0000, -0.0050, 0.0000)m
[11:02:17.060] [info] [ManualAdjust] 当前外参 [lidar_front→cam_left]:
[11:02:17.060] [info]   旋转 RPY: (-9.1810, -87.7472, -82.0096) deg
[11:02:17.060] [info]   平移 XYZ: (0.1157, 0.1523, 0.0674) m
[11:02:17.090] [debug] [ManualAdjust] 平移增量 dxyz=(0.0000, -0.0050, 0.0000)m
[11:02:17.090] [info] [ManualAdjust] 当前外参 [lidar_front→cam_left]:
[11:02:17.090] [info]   旋转 RPY: (-9.1810, -87.7472, -82.0096) deg
[11:02:17.090] [info]   平移 XYZ: (0.1157, 0.1473, 0.0674) m
[11:02:17.120] [debug] [ManualAdjust] 平移增量 dxyz=(0.0000, -0.0050, 0.0000)m
[11:02:17.120] [info] [ManualAdjust] 当前外参 [lidar_front→cam_left]:
[11:02:17.120] [info]   旋转 RPY: (-9.1810, -87.7472, -82.0096) deg
[11:02:17.120] [info]   平移 XYZ: (0.1157, 0.1423, 0.0674) m
[11:02:17.151] [debug] [ManualAdjust] 平移增量 dxyz=(0.0000, -0.0050, 0.0000)m
[11:02:17.151] [info] [ManualAdjust] 当前外参 [lidar_front→cam_left]:
[11:02:17.151] [info]   旋转 RPY: (-9.1810, -87.7472, -82.0096) deg
[11:02:17.151] [info]   平移 XYZ: (0.1157, 0.1373, 0.0674) m
[11:02:17.181] [debug] [ManualAdjust] 平移增量 dxyz=(0.0000, -0.0050, 0.0000)m
[11:02:17.181] [info] [ManualAdjust] 当前外参 [lidar_front→cam_left]:
[11:02:17.181] [info]   旋转 RPY: (-9.1810, -87.7472, -82.0096) deg
[11:02:17.181] [info]   平移 XYZ: (0.1157, 0.1323, 0.0674) m
[11:02:17.211] [debug] [ManualAdjust] 平移增量 dxyz=(0.0000, -0.0050, 0.0000)m
[11:02:17.211] [info] [ManualAdjust] 当前外参 [lidar_front→cam_left]:
[11:02:17.211] [info]   旋转 RPY: (-9.1810, -87.7472, -82.0096) deg
[11:02:17.211] [info]   平移 XYZ: (0.1157, 0.1273, 0.0674) m
[11:02:17.241] [debug] [ManualAdjust] 平移增量 dxyz=(0.0000, -0.0050, 0.0000)m
[11:02:17.241] [info] [ManualAdjust] 当前外参 [lidar_front→cam_left]:
[11:02:17.241] [info]   旋转 RPY: (-9.1810, -87.7472, -82.0096) deg
[11:02:17.241] [info]   平移 XYZ: (0.1157, 0.1223, 0.0674) m
[11:02:17.271] [debug] [ManualAdjust] 平移增量 dxyz=(0.0000, -0.0050, 0.0000)m
[11:02:17.271] [info] [ManualAdjust] 当前外参 [lidar_front→cam_left]:
[11:02:17.271] [info]   旋转 RPY: (-9.1810, -87.7472, -82.0096) deg
[11:02:17.271] [info]   平移 XYZ: (0.1157, 0.1173, 0.0674) m
[11:02:17.301] [debug] [ManualAdjust] 平移增量 dxyz=(0.0000, -0.0050, 0.0000)m
[11:02:17.301] [info] [ManualAdjust] 当前外参 [lidar_front→cam_left]:
[11:02:17.301] [info]   旋转 RPY: (-9.1810, -87.7472, -82.0096) deg
[11:02:17.301] [info]   平移 XYZ: (0.1157, 0.1123, 0.0674) m
[11:02:17.332] [debug] [ManualAdjust] 平移增量 dxyz=(0.0000, -0.0050, 0.0000)m
[11:02:17.332] [info] [ManualAdjust] 当前外参 [lidar_front→cam_left]:
[11:02:17.332] [info]   旋转 RPY: (-9.1810, -87.7472, -82.0096) deg
[11:02:17.332] [info]   平移 XYZ: (0.1157, 0.1073, 0.0674) m
[11:02:17.361] [debug] [ManualAdjust] 平移增量 dxyz=(0.0000, -0.0050, 0.0000)m
[11:02:17.361] [info] [ManualAdjust] 当前外参 [lidar_front→cam_left]:
[11:02:17.361] [info]   旋转 RPY: (-9.1810, -87.7472, -82.0096) deg
[11:02:17.361] [info]   平移 XYZ: (0.1157, 0.1023, 0.0674) m
[11:02:17.391] [debug] [ManualAdjust] 平移增量 dxyz=(0.0000, -0.0050, 0.0000)m
[11:02:17.391] [info] [ManualAdjust] 当前外参 [lidar_front→cam_left]:
[11:02:17.391] [info]   旋转 RPY: (-9.1810, -87.7472, -82.0096) deg
[11:02:17.391] [info]   平移 XYZ: (0.1157, 0.0973, 0.0674) m
[11:02:17.422] [debug] [ManualAdjust] 平移增量 dxyz=(0.0000, -0.0050, 0.0000)m
[11:02:17.422] [info] [ManualAdjust] 当前外参 [lidar_front→cam_left]:
[11:02:17.422] [info]   旋转 RPY: (-9.1810, -87.7472, -82.0096) deg
[11:02:17.422] [info]   平移 XYZ: (0.1157, 0.0923, 0.0674) m
[11:02:17.452] [debug] [ManualAdjust] 平移增量 dxyz=(0.0000, -0.0050, 0.0000)m
[11:02:17.452] [info] [ManualAdjust] 当前外参 [lidar_front→cam_left]:
[11:02:17.452] [info]   旋转 RPY: (-9.1810, -87.7472, -82.0096) deg
[11:02:17.452] [info]   平移 XYZ: (0.1157, 0.0873, 0.0674) m
[11:02:17.482] [debug] [ManualAdjust] 平移增量 dxyz=(0.0000, -0.0050, 0.0000)m
[11:02:17.482] [info] [ManualAdjust] 当前外参 [lidar_front→cam_left]:
[11:02:17.482] [info]   旋转 RPY: (-9.1810, -87.7472, -82.0096) deg
[11:02:17.482] [info]   平移 XYZ: (0.1157, 0.0823, 0.0674) m
[11:02:17.512] [debug] [ManualAdjust] 平移增量 dxyz=(0.0000, -0.0050, 0.0000)m
[11:02:17.512] [info] [ManualAdjust] 当前外参 [lidar_front→cam_left]:
[11:02:17.512] [info]   旋转 RPY: (-9.1810, -87.7472, -82.0096) deg
[11:02:17.512] [info]   平移 XYZ: (0.1157, 0.0773, 0.0674) m
[11:02:17.543] [debug] [ManualAdjust] 平移增量 dxyz=(0.0000, -0.0050, 0.0000)m
[11:02:17.543] [info] [ManualAdjust] 当前外参 [lidar_front→cam_left]:
[11:02:17.543] [info]   旋转 RPY: (-9.1810, -87.7472, -82.0096) deg
[11:02:17.543] [info]   平移 XYZ: (0.1157, 0.0723, 0.0674) m
[11:02:17.572] [debug] [ManualAdjust] 平移增量 dxyz=(0.0000, -0.0050, 0.0000)m
[11:02:17.572] [info] [ManualAdjust] 当前外参 [lidar_front→cam_left]:
[11:02:17.572] [info]   旋转 RPY: (-9.1810, -87.7472, -82.0096) deg
[11:02:17.572] [info]   平移 XYZ: (0.1157, 0.0673, 0.0674) m
[11:02:17.603] [debug] [ManualAdjust] 平移增量 dxyz=(0.0000, -0.0050, 0.0000)m
[11:02:17.603] [info] [ManualAdjust] 当前外参 [lidar_front→cam_left]:
[11:02:17.603] [info]   旋转 RPY: (-9.1810, -87.7472, -82.0096) deg
[11:02:17.603] [info]   平移 XYZ: (0.1157, 0.0623, 0.0674) m
[11:02:17.634] [debug] [ManualAdjust] 平移增量 dxyz=(0.0000, -0.0050, 0.0000)m
[11:02:17.634] [info] [ManualAdjust] 当前外参 [lidar_front→cam_left]:
[11:02:17.634] [info]   旋转 RPY: (-9.1810, -87.7472, -82.0096) deg
[11:02:17.634] [info]   平移 XYZ: (0.1157, 0.0573, 0.0674) m
[11:02:17.666] [debug] [ManualAdjust] 平移增量 dxyz=(0.0000, -0.0050, 0.0000)m
[11:02:17.666] [info] [ManualAdjust] 当前外参 [lidar_front→cam_left]:
[11:02:17.666] [info]   旋转 RPY: (-9.1810, -87.7472, -82.0096) deg
[11:02:17.666] [info]   平移 XYZ: (0.1157, 0.0523, 0.0674) m
[11:02:17.694] [debug] [ManualAdjust] 平移增量 dxyz=(0.0000, -0.0050, 0.0000)m
[11:02:17.694] [info] [ManualAdjust] 当前外参 [lidar_front→cam_left]:
[11:02:17.694] [info]   旋转 RPY: (-9.1810, -87.7472, -82.0096) deg
[11:02:17.694] [info]   平移 XYZ: (0.1157, 0.0473, 0.0674) m
[11:02:17.725] [debug] [ManualAdjust] 平移增量 dxyz=(0.0000, -0.0050, 0.0000)m
[11:02:17.725] [info] [ManualAdjust] 当前外参 [lidar_front→cam_left]:
[11:02:17.725] [info]   旋转 RPY: (-9.1810, -87.7472, -82.0096) deg
[11:02:17.725] [info]   平移 XYZ: (0.1157, 0.0423, 0.0674) m
[11:02:17.755] [debug] [ManualAdjust] 平移增量 dxyz=(0.0000, -0.0050, 0.0000)m
[11:02:17.755] [info] [ManualAdjust] 当前外参 [lidar_front→cam_left]:
[11:02:17.755] [info]   旋转 RPY: (-9.1810, -87.7472, -82.0096) deg
[11:02:17.755] [info]   平移 XYZ: (0.1157, 0.0373, 0.0674) m
[11:02:17.785] [debug] [ManualAdjust] 平移增量 dxyz=(0.0000, -0.0050, 0.0000)m
[11:02:17.785] [info] [ManualAdjust] 当前外参 [lidar_front→cam_left]:
[11:02:17.785] [info]   旋转 RPY: (-9.1810, -87.7472, -82.0096) deg
[11:02:17.785] [info]   平移 XYZ: (0.1157, 0.0323, 0.0674) m
[11:02:17.815] [debug] [ManualAdjust] 平移增量 dxyz=(0.0000, -0.0050, 0.0000)m
[11:02:17.815] [info] [ManualAdjust] 当前外参 [lidar_front→cam_left]:
[11:02:17.815] [info]   旋转 RPY: (-9.1810, -87.7472, -82.0096) deg
[11:02:17.815] [info]   平移 XYZ: (0.1157, 0.0273, 0.0674) m
[11:02:17.845] [debug] [ManualAdjust] 平移增量 dxyz=(0.0000, -0.0050, 0.0000)m
[11:02:17.845] [info] [ManualAdjust] 当前外参 [lidar_front→cam_left]:
[11:02:17.845] [info]   旋转 RPY: (-9.1810, -87.7472, -82.0096) deg
[11:02:17.845] [info]   平移 XYZ: (0.1157, 0.0223, 0.0674) m
[11:02:17.876] [debug] [ManualAdjust] 平移增量 dxyz=(0.0000, -0.0050, 0.0000)m
[11:02:17.876] [info] [ManualAdjust] 当前外参 [lidar_front→cam_left]:
[11:02:17.876] [info]   旋转 RPY: (-9.1810, -87.7472, -82.0096) deg
[11:02:17.876] [info]   平移 XYZ: (0.1157, 0.0173, 0.0674) m
[11:02:17.906] [debug] [ManualAdjust] 平移增量 dxyz=(0.0000, -0.0050, 0.0000)m
[11:02:17.906] [info] [ManualAdjust] 当前外参 [lidar_front→cam_left]:
[11:02:17.906] [info]   旋转 RPY: (-9.1810, -87.7472, -82.0096) deg
[11:02:17.906] [info]   平移 XYZ: (0.1157, 0.0123, 0.0674) m
[11:02:17.938] [debug] [ManualAdjust] 平移增量 dxyz=(0.0000, -0.0050, 0.0000)m
[11:02:17.938] [info] [ManualAdjust] 当前外参 [lidar_front→cam_left]:
[11:02:17.938] [info]   旋转 RPY: (-9.1810, -87.7472, -82.0096) deg
[11:02:17.938] [info]   平移 XYZ: (0.1157, 0.0073, 0.0674) m
[11:02:18.975] [debug] [ManualAdjust] 平移增量 dxyz=(0.0000, -0.0050, 0.0000)m
[11:02:18.975] [info] [ManualAdjust] 当前外参 [lidar_front→cam_left]:
[11:02:18.975] [info]   旋转 RPY: (-9.1810, -87.7472, -82.0096) deg
[11:02:18.975] [info]   平移 XYZ: (0.1157, 0.0023, 0.0674) m
[11:02:19.192] [debug] [ManualAdjust] 平移增量 dxyz=(0.0000, -0.0050, 0.0000)m
[11:02:19.192] [info] [ManualAdjust] 当前外参 [lidar_front→cam_left]:
[11:02:19.192] [info]   旋转 RPY: (-9.1810, -87.7472, -82.0096) deg
[11:02:19.192] [info]   平移 XYZ: (0.1157, -0.0027, 0.0674) m
[11:02:19.400] [debug] [ManualAdjust] 平移增量 dxyz=(0.0000, -0.0050, 0.0000)m
[11:02:19.400] [info] [ManualAdjust] 当前外参 [lidar_front→cam_left]:
[11:02:19.400] [info]   旋转 RPY: (-9.1810, -87.7472, -82.0096) deg
[11:02:19.400] [info]   平移 XYZ: (0.1157, -0.0077, 0.0674) m
[11:02:19.616] [debug] [ManualAdjust] 平移增量 dxyz=(0.0000, -0.0050, 0.0000)m
[11:02:19.616] [info] [ManualAdjust] 当前外参 [lidar_front→cam_left]:
[11:02:19.616] [info]   旋转 RPY: (-9.1810, -87.7472, -82.0096) deg
[11:02:19.616] [info]   平移 XYZ: (0.1157, -0.0127, 0.0674) m
[11:02:19.864] [debug] [ManualAdjust] 平移增量 dxyz=(0.0000, -0.0050, 0.0000)m
[11:02:19.864] [info] [ManualAdjust] 当前外参 [lidar_front→cam_left]:
[11:02:19.864] [info]   旋转 RPY: (-9.1810, -87.7472, -82.0096) deg
[11:02:19.864] [info]   平移 XYZ: (0.1157, -0.0177, 0.0674) m
[11:02:39.432] [debug] [ManualAdjust] 旋转增量 RPY=(0.000, 0.000, -0.100)deg
[11:02:39.432] [info] [ManualAdjust] 当前外参 [lidar_front→cam_left]:
[11:02:39.432] [info]   旋转 RPY: (-6.6553, -87.7610, -84.5373) deg
[11:02:39.432] [info]   平移 XYZ: (0.1157, -0.0177, 0.0674) m
[11:02:39.800] [debug] [ManualAdjust] 旋转增量 RPY=(0.000, 0.000, -0.100)deg
[11:02:39.800] [info] [ManualAdjust] 当前外参 [lidar_front→cam_left]:
[11:02:39.800] [info]   旋转 RPY: (-4.1033, -87.7704, -87.0912) deg
[11:02:39.800] [info]   平移 XYZ: (0.1157, -0.0177, 0.0674) m
[11:02:40.087] [debug] [ManualAdjust] 旋转增量 RPY=(0.000, 0.000, -0.100)deg
[11:02:40.088] [info] [ManualAdjust] 当前外参 [lidar_front→cam_left]:
[11:02:40.088] [info]   旋转 RPY: (-1.5349, -87.7753, -89.6616) deg
[11:02:40.088] [info]   平移 XYZ: (0.1157, -0.0177, 0.0674) m
[11:02:42.631] [debug] [ManualAdjust] 平移增量 dxyz=(0.0000, 0.0000, 0.0050)m
[11:02:42.631] [info] [ManualAdjust] 当前外参 [lidar_front→cam_left]:
[11:02:42.631] [info]   旋转 RPY: (-1.5349, -87.7753, -89.6616) deg
[11:02:42.631] [info]   平移 XYZ: (0.1157, -0.0177, 0.0724) m
[11:02:42.887] [debug] [ManualAdjust] 平移增量 dxyz=(0.0000, 0.0000, 0.0050)m
[11:02:42.887] [info] [ManualAdjust] 当前外参 [lidar_front→cam_left]:
[11:02:42.887] [info]   旋转 RPY: (-1.5349, -87.7753, -89.6616) deg
[11:02:42.887] [info]   平移 XYZ: (0.1157, -0.0177, 0.0774) m
[11:02:43.215] [debug] [ManualAdjust] 平移增量 dxyz=(0.0000, 0.0000, 0.0050)m
[11:02:43.215] [info] [ManualAdjust] 当前外参 [lidar_front→cam_left]:
[11:02:43.215] [info]   旋转 RPY: (-1.5349, -87.7753, -89.6616) deg
[11:02:43.215] [info]   平移 XYZ: (0.1157, -0.0177, 0.0824) m
[11:02:43.432] [debug] [ManualAdjust] 平移增量 dxyz=(0.0000, 0.0000, 0.0050)m
[11:02:43.432] [info] [ManualAdjust] 当前外参 [lidar_front→cam_left]:
[11:02:43.432] [info]   旋转 RPY: (-1.5349, -87.7753, -89.6616) deg
[11:02:43.432] [info]   平移 XYZ: (0.1157, -0.0177, 0.0874) m
[11:02:43.639] [debug] [ManualAdjust] 平移增量 dxyz=(0.0000, 0.0000, 0.0050)m
[11:02:43.639] [info] [ManualAdjust] 当前外参 [lidar_front→cam_left]:
[11:02:43.639] [info]   旋转 RPY: (-1.5349, -87.7753, -89.6616) deg
[11:02:43.639] [info]   平移 XYZ: (0.1157, -0.0177, 0.0924) m
[11:02:43.927] [debug] [ManualAdjust] 平移增量 dxyz=(0.0000, 0.0000, 0.0050)m
[11:02:43.927] [info] [ManualAdjust] 当前外参 [lidar_front→cam_left]:
[11:02:43.927] [info]   旋转 RPY: (-1.5349, -87.7753, -89.6616) deg
[11:02:43.927] [info]   平移 XYZ: (0.1157, -0.0177, 0.0974) m
[11:02:44.359] [debug] [ManualAdjust] 旋转增量 RPY=(0.000, 0.000, -0.100)deg
[11:02:44.359] [info] [ManualAdjust] 当前外参 [lidar_front→cam_left]:
[11:02:44.359] [info]   旋转 RPY: (1.0397, -87.7757, -92.2381) deg
[11:02:44.359] [info]   平移 XYZ: (0.1157, -0.0177, 0.0974) m
[11:02:44.945] [debug] [ManualAdjust] 旋转增量 RPY=(0.000, 0.000, -0.100)deg
[11:02:44.945] [info] [ManualAdjust] 当前外参 [lidar_front→cam_left]:
[11:02:44.945] [info]   旋转 RPY: (3.6101, -87.7717, -94.8105) deg
[11:02:44.945] [info]   平移 XYZ: (0.1157, -0.0177, 0.0974) m
[11:02:45.487] [debug] [ManualAdjust] 旋转增量 RPY=(0.000, 0.000, 0.100)deg
[11:02:45.487] [info] [ManualAdjust] 当前外参 [lidar_front→cam_left]:
[11:02:45.487] [info]   旋转 RPY: (1.0397, -87.7757, -92.2381) deg
[11:02:45.487] [info]   平移 XYZ: (0.1157, -0.0177, 0.0974) m
[11:02:45.751] [debug] [ManualAdjust] 旋转增量 RPY=(0.000, 0.000, 0.100)deg
[11:02:45.751] [info] [ManualAdjust] 当前外参 [lidar_front→cam_left]:
[11:02:45.751] [info]   旋转 RPY: (-1.5349, -87.7753, -89.6616) deg
[11:02:45.751] [info]   平移 XYZ: (0.1157, -0.0177, 0.0974) m
[11:02:45.991] [debug] [ManualAdjust] 旋转增量 RPY=(0.000, 0.000, 0.100)deg
[11:02:45.991] [info] [ManualAdjust] 当前外参 [lidar_front→cam_left]:
[11:02:45.991] [info]   旋转 RPY: (-4.1033, -87.7704, -87.0912) deg
[11:02:45.991] [info]   平移 XYZ: (0.1157, -0.0177, 0.0974) m
[11:02:46.575] [debug] [ManualAdjust] 旋转增量 RPY=(0.000, 0.000, 0.100)deg
[11:02:46.575] [info] [ManualAdjust] 当前外参 [lidar_front→cam_left]:
[11:02:46.575] [info]   旋转 RPY: (-6.6553, -87.7610, -84.5373) deg
[11:02:46.575] [info]   平移 XYZ: (0.1157, -0.0177, 0.0974) m
[11:02:49.151] [info] [ManualAdjust] 结果已保存: ./results/lidar_camera_extrinsic/manual_extrinsic_20260507_110249_final.yaml
[11:02:49.151] [info] [ManualCalib] 最终微调结果已自动保存:
[11:02:49.151] [info]   - 投影图: ./results/lidar_camera_extrinsic/manual_projection_20260507_110249_final.png
[11:02:49.151] [info]   - 点云:   ./results/lidar_camera_extrinsic/manual_cloud_20260507_110249_final.pcd
[11:02:49.151] [info]   - 外参:   ./results/lidar_camera_extrinsic/manual_extrinsic_20260507_110249_final.yaml
[11:02:49.151] [info] [ManualSession] 用户接受手动调整结果
[11:02:49.151] [info] [ManualSession] Cam-Cam 最终采用外参 RMS=0.953416 (manual if available, else auto=0.953416)
[11:02:49.151] [debug] [ManualSession] 事件: lidar_cam_end | final_rms=0.953416
[11:02:49.152] [info] [ManualSession] 会话已保存: ./results/manual_sessions/session_2026-05-07_11-00-57.yaml
[11:02:49.152] [info] ━━━━━━━━━━━━━━━━━━━━━━━━━━━━━━━━━━━━━━━━━
[11:02:49.152] [info] ■ 结束阶段: [Manual-Refine] 任务: [lidar_cam_extrin]
[11:02:49.152] [info]   结果: ✓ 成功 | 残差RMS: 0.9534 | 耗时: 111988 ms
[11:02:49.152] [info]   消息: LiDAR-Camera 手动调整完成
[11:02:49.152] [info] [CALC] 阶段结束 stage=Manual-Refine task=lidar_cam_extrin success=true residual_rms=0.953416 elapsed_ms=111988.5 threshold=-1.0000
[11:02:49.152] [info] ━━━━━━━━━━━━━━━━━━━━━━━━━━━━━━━━━━━━━━━━━
[11:02:49.152] [info] ====== Pipeline Report: pipeline_20260507_105708 ======
[11:02:49.152] [info]   Total time: 314076.8 ms
[11:02:49.152] [info]   All stages succeeded: YES
[11:02:49.152] [info]   标定质量: 各阶段 RMS 均在阈值内
[11:02:49.152] [info]   [Coarse-AI-lidar_cam_extrin] success=true rms=0.0000 time=0.0ms: 使用主程序 Stage1 粗标定结果，作为精标定初值
[11:02:49.152] [info]   [Fine-Auto-lidar_cam_extrin] success=true rms=0.9534 time=202088.4ms: LiDAR-Camera 精标定完成: 1 个相机, 最大 RMS=0.953416 px
[11:02:49.152] [info]   [Manual-Refine-lidar_cam_extrin] success=true rms=0.9534 time=111988.5ms: LiDAR-Camera 手动调整完成

╔══════════════════════════════════════════════════════╗
║              标定参数汇总                            ║
╠══════════════════════════════════════════════════════╣
║ 外参:
║   lidar_front->cam_left:
║     R(RPY°): [-6.66, -87.76, -84.54]
║     T(m):    [0.12, -0.02, 0.10]
║     时偏(s): 0.00
║     RMS:     0.95 ✗
╚══════════════════════════════════════════════════════╝

[11:02:49.152] [info] ================================
[11:02:49.152] [info] Pipeline report saved: ./results/pipeline_report_20260507_105708.yaml
[11:02:49.154] [info] ====== Pipeline Report: pipeline_20260507_105708 ======
[11:02:49.154] [info]   Total time: 314076.8 ms
[11:02:49.154] [info]   All stages succeeded: YES
[11:02:49.154] [info]   标定质量: 各阶段 RMS 均在阈值内
[11:02:49.154] [info]   [Coarse-AI-lidar_cam_extrin] success=true rms=0.0000 time=0.0ms: 使用主程序 Stage1 粗标定结果，作为精标定初值
[11:02:49.154] [info]   [Fine-Auto-lidar_cam_extrin] success=true rms=0.9534 time=202088.4ms: LiDAR-Camera 精标定完成: 1 个相机, 最大 RMS=0.953416 px
[11:02:49.154] [info]   [Manual-Refine-lidar_cam_extrin] success=true rms=0.9534 time=111988.5ms: LiDAR-Camera 手动调整完成

╔══════════════════════════════════════════════════════╗
║              标定参数汇总                            ║
╠══════════════════════════════════════════════════════╣
║ 外参:
║   lidar_front->cam_left:
║     R(RPY°): [-6.66, -87.76, -84.54]
║     T(m):    [0.12, -0.02, 0.10]
║     时偏(s): 0.00
║     RMS:     0.95 ✗
╚══════════════════════════════════════════════════════╝

[11:02:49.154] [info] ================================
[11:02:49.154] [info] ━━━━━━━━━━━━━━━━━━━━━━━━━━━━━━━━━━━━
[11:02:49.154] [info] LiDAR-Camera 标定流程完成
[11:02:49.154] [info] 结果目录: ./results
[11:02:49.154] [info] 标定流程正常退出 exit_code=0
[11:02:49.154] [info] ━━━━━━━━━━━━━━━━━━━━━━━━━━━━━━━━━━━━
