
 ╔═══════════════════════════════════════════════════════╗
 ║   UniCalib — LiDAR-Camera 外参标定                    ║
 ║   两阶段: AI粗标定(MIAS-LCEC) → 无目标边缘精标定      ║
 ║   手动校准: --manual 触发 6-DOF 交互式调整             ║
 ╚═══════════════════════════════════════════════════════╝

[2026-04-27 13:56:15.495] [info] [LiDAR-Camera] [:] ━━━━━━━━━━━━━━━━━━━━━━━━━━━━━━━━━━━━
[2026-04-27 13:56:15.495] [info] [LiDAR-Camera] [:] 配置文件: /root/calib_ws/calib_unified/config/unicalib_example.yaml
[2026-04-27 13:56:15.495] [info] [LiDAR-Camera] [:] 输出目录: /root/calib_ws/results
[2026-04-27 13:56:15.495] [info] [LiDAR-Camera] [:] 数据根目录: /root/calib_ws/data (--data-dir 或 CALIB_DATA_DIR)
[2026-04-27 13:56:15.495] [info] [LiDAR-Camera] [:] 精标定方法: edge (无目标优先=true)
[2026-04-27 13:56:15.495] [info] [LiDAR-Camera] [:] AI粗标定: true | 手动校准: true
[2026-04-27 13:56:15.495] [info] [LiDAR-Camera] [:] ━━━━━━━━━━━━━━━━━━━━━━━━━━━━━━━━━━━━
[2026-04-27 13:56:15.496] [info] [LiDAR-Camera] [:] 读取系统配置: /root/calib_ws/calib_unified/config/unicalib_example.yaml
[2026-04-27 13:56:15.498] [info] [LiDAR-Camera] [:]   IMU: 1, LiDAR: 1, Camera: 4
[2026-04-27 13:56:15.498] [info] [LiDAR-Camera] [:] ━━━━━━━━━━━━━━━━━━━━━━━━━━━━━━━━━━━━ [数据路径] ━━━━━━━━━━━━━━━━━━━━━━━━━━━━━
[2026-04-27 13:56:15.498] [info] [LiDAR-Camera] [:]   数据路径来源: 统一格式 (data.lidar.<id> / data.camera.<id>.images_dir)
[2026-04-27 13:56:15.498] [info] [LiDAR-Camera] [:]   配置原始值 — lidar:  nya_02_slam_imu_to_lidar/lidar_horz.yaml
[2026-04-27 13:56:15.498] [info] [LiDAR-Camera] [:]   配置原始值 — camera: lidar_camera_calibration-master/calibration_data/camera_calibration
[2026-04-27 13:56:15.498] [info] [LiDAR-Camera] [:]   base_data_dir:  /root/calib_ws/data
[2026-04-27 13:56:15.498] [info] [LiDAR-Camera] [:]   base 来源: 命令行 --data-dir
[2026-04-27 13:56:15.498] [info] [LiDAR-Camera] [:]   lidar_dir:      /root/calib_ws/data/nya_02_slam_imu_to_lidar/lidar_horz.yaml
[2026-04-27 13:56:15.498] [info] [LiDAR-Camera] [:]     → 相对路径，已与 base 拼接
[2026-04-27 13:56:15.498] [info] [LiDAR-Camera] [:]     → 存在: 是
[2026-04-27 13:56:15.498] [info] [LiDAR-Camera] [:]   camera_dir:     /root/calib_ws/data/lidar_camera_calibration-master/calibration_data/camera_calibration
[2026-04-27 13:56:15.498] [info] [LiDAR-Camera] [:]     → 相对路径，已与 base 拼接
[2026-04-27 13:56:15.498] [info] [LiDAR-Camera] [:]     → 存在: 是
[2026-04-27 13:56:15.498] [info] [LiDAR-Camera] [:]   【数据就绪】是 — 点云与图像目录均存在，将执行精标定
[2026-04-27 13:56:15.498] [info] [LiDAR-Camera] [:]   说明: 使用 --dataset 时请将 data.lidar/data.camera 设为相对 base 的路径（如 pcd、images），不要使用 /path/to/... 占位符
[2026-04-27 13:56:15.498] [info] [LiDAR-Camera] [:] ━━━━━━━━━━━━━━━━━━━━━━━━━━━━━━━━━━━━━━━━━━━━━━━━━━━━━━━━━━━━━━━━━━━━━━━━━━━━
[2026-04-27 13:56:15.498] [info] [LiDAR-Camera] [:] [LiDAR-Cam] use_config_extrinsic_only=true：跳过 AI 粗标定，将使用配置 initial_extrinsic 直接进入精标定/手动微调
[2026-04-27 13:56:15.498] [info] [LiDAR-Camera] [:] 读取系统配置: /root/calib_ws/calib_unified/config/unicalib_example.yaml
[2026-04-27 13:56:15.500] [info] [LiDAR-Camera] [:]   IMU: 1, LiDAR: 1, Camera: 4
[2026-04-27 13:56:15.500] [info] [LiDAR-Camera] [:] 读取系统配置: /root/calib_ws/calib_unified/config/unicalib_example.yaml
[2026-04-27 13:56:15.501] [info] [LiDAR-Camera] [:]   IMU: 1, LiDAR: 1, Camera: 4
[2026-04-27 13:56:15.501] [info] [LiDAR-Camera] [:] 配置: 使用 ROS2 bag 模式（离线标定）
[2026-04-27 13:56:15.501] [info] [LiDAR-Camera] [:]   Bag 路径: /root/calib_ws/data/park
[2026-04-27 13:56:15.501] [info] [LiDAR-Camera] [:]   LiDAR 话题: /os_cloud_node/points
[2026-04-27 13:56:15.501] [info] [LiDAR-Camera] [:]   相机话题: /alphasense_driver_ros/cam0/compressed
[2026-04-27 13:56:15.501] [info] [LiDAR-Camera] [:]   IMU 话题: /os_cloud_node/imu
[2026-04-27 13:56:15.501] [info] [LiDAR-Camera] [:] [数据源] 类型=ROS2_BAG  path=/root/calib_ws/data/park  lidar_topic=/os_cloud_node/points  camera_topic=/alphasense_driver_ros/cam0/compressed
[2026-04-27 13:56:15.502] [info] [LiDAR-Camera] [:] [CalibPipeline] 初始化 ID=pipeline_20260427_135615
[2026-04-27 13:56:15.502] [info] [LiDAR-Camera] [:] [CalibPipeline] 输出目录: ./results
[2026-04-27 13:56:15.502] [info] [LiDAR-Camera] [:] [CalibPipeline] 无目标优先: true
[2026-04-27 13:56:15.502] [info] [LiDAR-Camera] [:] [CalibPipeline] 任务掩码: 0x10
[2026-04-27 13:56:15.502] [info] [LiDAR-Camera] [:] ▶ Stage 2: 精标定 (方法=edge)
[2026-04-27 13:56:15.502] [info] [LiDAR-Camera] [:] ▶ Stage 3: 手动校准 (manual_threshold=2.00px)
[2026-04-27 13:56:15.502] [info] [LiDAR-Camera] [:]   使用 ManualCalibSession 进行 6-DOF 交互式调整
[2026-04-27 13:56:15.502] [info] [LiDAR-Camera] [:]   调用示例:
[2026-04-27 13:56:15.502] [info] [LiDAR-Camera] [:]     ManualCalibSession::SessionConfig sess_cfg;
[2026-04-27 13:56:15.502] [info] [LiDAR-Camera] [:]     sess_cfg.save_dir = "./results/manual_sessions";
[2026-04-27 13:56:15.502] [info] [LiDAR-Camera] [:]     ManualCalibSession session(sess_cfg);
[2026-04-27 13:56:15.502] [info] [LiDAR-Camera] [:]     auto result = session.run_lidar_cam(scan, image, intrin, auto_result, auto_rms);
[2026-04-27 13:56:15.502] [info] [LiDAR-Camera] [:] 
[2026-04-27 13:56:15.502] [info] [LiDAR-Camera] [:] ╔═══════════════════════════════════════════════╗
[2026-04-27 13:56:15.502] [info] [LiDAR-Camera] [:] ║   UniCalib 两阶段标定流水线 — 开始            ║
[2026-04-27 13:56:15.502] [info] [LiDAR-Camera] [:] ║   Pipeline ID: pipeline_20260427_135615       ║
[2026-04-27 13:56:15.502] [info] [LiDAR-Camera] [:] ╚═══════════════════════════════════════════════╝
[2026-04-27 13:56:15.502] [info] [LiDAR-Camera] [:] [Coarse-AI/LiDAR-Cam] enable_coarse_lidar_cam=true → do_coarse=true
[13:56:15.502] [info] 
[13:56:15.502] [info] ━━━━━━━━━━━━━━━━━━━━━━━━━━━━━━━━━━━━━━━━━
[13:56:15.502] [info] ▶ 开始阶段: [Coarse-AI] 任务: [lidar_cam_extrin]
[13:56:15.502] [info]   描述: AI模型提供初始估计值
[13:56:15.502] [info] ━━━━━━━━━━━━━━━━━━━━━━━━━━━━━━━━━━━━━━━━━
[13:56:15.502] [info] [CALC] 粗标定阶段开始 task=lidar_cam_extrin
[13:56:15.502] [info] [Coarse-AI/LiDAR-Cam] 使用配置粗标定初值作为粗标定结果 t=[0.123,0.040,-0.058]m，精标定将以此起步
[13:56:15.502] [info] ━━━━━━━━━━━━━━━━━━━━━━━━━━━━━━━━━━━━━━━━━
[13:56:15.502] [info] ■ 结束阶段: [Coarse-AI] 任务: [lidar_cam_extrin]
[13:56:15.502] [info]   结果: ✓ 成功 | 残差RMS: 0.0000 | 耗时: 0 ms
[13:56:15.502] [info]   消息: 使用配置 initial_extrinsic 作为粗标定结果，精标定将以此起步
[13:56:15.502] [info] [CALC] 阶段结束 stage=Coarse-AI task=lidar_cam_extrin success=true residual_rms=0.000000 elapsed_ms=0.0 threshold=-1.0000
[13:56:15.502] [info] ━━━━━━━━━━━━━━━━━━━━━━━━━━━━━━━━━━━━━━━━━
[13:56:15.502] [info] 
[13:56:15.502] [info] ━━━━━━━━━━━━━━━━━━━━━━━━━━━━━━━━━━━━━━━━━
[13:56:15.502] [info] ▶ 开始阶段: [Fine-Auto] 任务: [lidar_cam_extrin]
[13:56:15.502] [info]   描述: 无目标优化
[13:56:15.502] [info] ━━━━━━━━━━━━━━━━━━━━━━━━━━━━━━━━━━━━━━━━━
[13:56:15.502] [info] [CALC] 精标定阶段开始 task=lidar_cam_extrin
[13:56:15.502] [info] [Fine-Auto] 任务: lidar_cam_extrin | 无目标优先: true
[13:56:15.502] [info] [Fine-Auto] 方法: 边缘对齐互信息 (EDGE_ALIGNMENT, 无目标)
[13:56:15.502] [info] [STAGE=lidar_cam_fine_auto] LiDAR-Camera 精标定 开始
[13:56:15.502] [info] [Fine-Auto/LiDAR-Cam] 开始执行精标定...
[13:56:15.502] [info]   [精标定数据源] 类型=ROS2_BAG  lidar_id=lidar_0
[13:56:15.502] [info]   ROS2 Bag: /root/calib_ws/data/park  LiDAR 话题: /os_cloud_node/points  相机话题: /alphasense_driver_ros/cam0/compressed
[13:56:15.502] [info] [Fine-Auto/LiDAR-Cam] 从 ROS2 加载数据...
[13:56:15.502] [info] [UnifiedDataLoader] 从 ROS2 加载数据...
[13:56:15.502] [info]   Bag 文件: /root/calib_ws/data/park
[13:56:15.502] [info]   实时模式: false
[13:56:15.502] [info] [Ros2BagDataSource] 打开 bag 文件: /root/calib_ws/data/park
[13:56:15.502] [info] [Ros2BagDataSource] 正在读取 metadata.yaml: /root/calib_ws/data/park/metadata.yaml
[13:56:15.503] [debug] [Ros2BagDataSource] 找到话题: /alphasense_driver_ros/cam3/compressed (类型: sensor_msgs/msg/CompressedImage, 消息数: 4733)
[13:56:15.503] [debug] [Ros2BagDataSource] 找到话题: /os_node/lidar_packets (类型: ouster_ros/msg/PacketMsg, 消息数: 100958)
[13:56:15.503] [debug] [Ros2BagDataSource] 找到话题: /alphasense_driver_ros/cam4/compressed (类型: sensor_msgs/msg/CompressedImage, 消息数: 4733)
[13:56:15.503] [debug] [Ros2BagDataSource] 找到话题: /os_node/imu_packets (类型: ouster_ros/msg/PacketMsg, 消息数: 15772)
[13:56:15.503] [debug] [Ros2BagDataSource] 找到话题: /os_cloud_node/imu (类型: sensor_msgs/msg/Imu, 消息数: 15772)
[13:56:15.503] [debug] [Ros2BagDataSource] 找到话题: /alphasense_driver_ros/imu (类型: sensor_msgs/msg/Imu, 消息数: 31515)
[13:56:15.503] [debug] [Ros2BagDataSource] 找到话题: /alphasense_driver_ros/cam0/compressed (类型: sensor_msgs/msg/CompressedImage, 消息数: 4732)
[13:56:15.503] [debug] [Ros2BagDataSource] 找到话题: /alphasense_driver_ros/cam1/compressed (类型: sensor_msgs/msg/CompressedImage, 消息数: 4732)
[13:56:15.503] [debug] [Ros2BagDataSource] 找到话题: /os_cloud_node/points (类型: sensor_msgs/msg/PointCloud2, 消息数: 1577)
[13:56:15.503] [info] [Ros2BagDataSource] 使用配置的 LiDAR 话题: /os_cloud_node/points
[13:56:15.503] [info] [Ros2BagDataSource] 使用配置的相机话题: /alphasense_driver_ros/cam0/compressed
[13:56:15.503] [info] [Ros2BagDataSource] 使用配置的 IMU 话题: /os_cloud_node/imu
[INFO] [1777269375.510246302] [rosbag2_storage]: Opened database '/root/calib_ws/data/park/park.db3' for READ_ONLY.
[13:56:15.510] [info] [Ros2BagDataSource] Bag 已打开，开始读取消息...
[13:56:15.510] [info] [Ros2BagDataSource] 找到 9 个话题
[13:56:15.510] [info] [Ros2BagDataSource]  话题: /alphasense_driver_ros/cam3/compressed  类型: sensor_msgs/msg/CompressedImage  消息数: 4733
[13:56:15.510] [info] [Ros2BagDataSource]  话题: /os_node/lidar_packets  类型: ouster_ros/msg/PacketMsg  消息数: 100958
[13:56:15.510] [info] [Ros2BagDataSource]  话题: /alphasense_driver_ros/cam4/compressed  类型: sensor_msgs/msg/CompressedImage  消息数: 4733
[13:56:15.510] [info] [Ros2BagDataSource]  话题: /os_node/imu_packets  类型: ouster_ros/msg/PacketMsg  消息数: 15772
[13:56:15.510] [info] [Ros2BagDataSource]  话题: /os_cloud_node/imu  类型: sensor_msgs/msg/Imu  消息数: 15772
[13:56:15.510] [info] [Ros2BagDataSource]  话题: /alphasense_driver_ros/imu  类型: sensor_msgs/msg/Imu  消息数: 31515
[13:56:15.510] [info] [Ros2BagDataSource]  话题: /alphasense_driver_ros/cam0/compressed  类型: sensor_msgs/msg/CompressedImage  消息数: 4732
[13:56:15.510] [info] [Ros2BagDataSource]  话题: /alphasense_driver_ros/cam1/compressed  类型: sensor_msgs/msg/CompressedImage  消息数: 4732
[13:56:15.510] [info] [Ros2BagDataSource]  话题: /os_cloud_node/points  类型: sensor_msgs/msg/PointCloud2  消息数: 1577
[13:56:15.510] [info] [Ros2BagDataSource] 将加载 bag 内所有 IMU / LiDAR / 相机话题，加载后可通过 sensor_id 或话题名选择使用
[13:56:19.191] [debug]   收集相机 [/alphasense_driver_ros/cam3/compressed] 帧数: 500
[13:56:19.192] [debug]   收集相机 [/alphasense_driver_ros/cam4/compressed] 帧数: 500
[13:56:19.193] [debug]   收集相机 [/alphasense_driver_ros/cam0/compressed] 帧数: 500
[13:56:19.194] [debug]   收集相机 [/alphasense_driver_ros/cam1/compressed] 帧数: 500
[13:56:21.023] [debug]   收集 IMU [/alphasense_driver_ros/imu] 帧数: 5000
[13:56:22.759] [debug]   收集相机 [/alphasense_driver_ros/cam3/compressed] 帧数: 1000
[13:56:22.759] [debug]   收集相机 [/alphasense_driver_ros/cam4/compressed] 帧数: 1000
[13:56:22.761] [debug]   收集相机 [/alphasense_driver_ros/cam0/compressed] 帧数: 1000
[13:56:22.762] [debug]   收集相机 [/alphasense_driver_ros/cam1/compressed] 帧数: 1000
[13:56:26.321] [debug]   收集相机 [/alphasense_driver_ros/cam3/compressed] 帧数: 1500
[13:56:26.322] [debug]   收集相机 [/alphasense_driver_ros/cam4/compressed] 帧数: 1500
[13:56:26.323] [debug]   收集相机 [/alphasense_driver_ros/cam0/compressed] 帧数: 1500
[13:56:26.334] [debug]   收集 LiDAR [/os_cloud_node/points] 帧数: 500
[13:56:26.335] [debug]   收集相机 [/alphasense_driver_ros/cam1/compressed] 帧数: 1500
[13:56:26.335] [debug]   收集 IMU [/os_cloud_node/imu] 帧数: 5000
[13:56:26.340] [debug]   收集 IMU [/alphasense_driver_ros/imu] 帧数: 10000
[13:56:45.631] [debug]   收集相机 [/alphasense_driver_ros/cam3/compressed] 帧数: 2000
[13:56:45.765] [debug]   收集相机 [/alphasense_driver_ros/cam4/compressed] 帧数: 2000
[13:56:45.768] [debug]   收集相机 [/alphasense_driver_ros/cam0/compressed] 帧数: 2000
[13:56:45.769] [debug]   收集相机 [/alphasense_driver_ros/cam1/compressed] 帧数: 2000
[13:57:05.232] [debug]   收集 IMU [/alphasense_driver_ros/imu] 帧数: 15000
[13:57:07.107] [debug]   收集相机 [/alphasense_driver_ros/cam3/compressed] 帧数: 2500
[13:57:07.108] [debug]   收集相机 [/alphasense_driver_ros/cam4/compressed] 帧数: 2500
[13:57:07.109] [debug]   收集相机 [/alphasense_driver_ros/cam0/compressed] 帧数: 2500
[13:57:07.109] [debug]   收集相机 [/alphasense_driver_ros/cam1/compressed] 帧数: 2500
[13:57:31.895] [debug]   收集相机 [/alphasense_driver_ros/cam3/compressed] 帧数: 3000
[13:57:31.896] [debug]   收集相机 [/alphasense_driver_ros/cam4/compressed] 帧数: 3000
[13:57:31.956] [debug]   收集 LiDAR [/os_cloud_node/points] 帧数: 1000
[13:57:31.987] [debug]   收集相机 [/alphasense_driver_ros/cam0/compressed] 帧数: 3000
[13:57:31.992] [debug]   收集相机 [/alphasense_driver_ros/cam1/compressed] 帧数: 3000
[13:57:32.003] [debug]   收集 IMU [/os_cloud_node/imu] 帧数: 10000
[13:57:32.477] [debug]   收集 IMU [/alphasense_driver_ros/imu] 帧数: 20000
[13:58:07.778] [debug]   收集相机 [/alphasense_driver_ros/cam3/compressed] 帧数: 3500
[13:58:07.782] [debug]   收集相机 [/alphasense_driver_ros/cam4/compressed] 帧数: 3500
[13:58:07.823] [debug]   收集相机 [/alphasense_driver_ros/cam0/compressed] 帧数: 3500
[13:58:07.827] [debug]   收集相机 [/alphasense_driver_ros/cam1/compressed] 帧数: 3500
[13:58:11.950] [debug]   收集 IMU [/alphasense_driver_ros/imu] 帧数: 25000
[13:58:13.631] [debug]   收集相机 [/alphasense_driver_ros/cam3/compressed] 帧数: 4000
[13:58:13.632] [debug]   收集相机 [/alphasense_driver_ros/cam4/compressed] 帧数: 4000
[13:58:13.633] [debug]   收集相机 [/alphasense_driver_ros/cam0/compressed] 帧数: 4000
[13:58:13.634] [debug]   收集相机 [/alphasense_driver_ros/cam1/compressed] 帧数: 4000
[13:58:32.451] [debug]   收集相机 [/alphasense_driver_ros/cam3/compressed] 帧数: 4500
[13:58:32.812] [debug]   收集 LiDAR [/os_cloud_node/points] 帧数: 1500
[13:58:32.813] [debug]   收集相机 [/alphasense_driver_ros/cam4/compressed] 帧数: 4500
[13:58:32.830] [debug]   收集相机 [/alphasense_driver_ros/cam0/compressed] 帧数: 4500
[13:58:32.834] [debug]   收集相机 [/alphasense_driver_ros/cam1/compressed] 帧数: 4500
[13:58:32.848] [debug]   收集 IMU [/os_cloud_node/imu] 帧数: 15000
[13:58:33.021] [debug]   收集 IMU [/alphasense_driver_ros/imu] 帧数: 30000
[13:58:47.386] [info] [Ros2BagDataSource] 加载完成 (所有话题按话题名存储，可通过 sensor_id 或话题名选择):
[13:58:47.386] [info]   LiDAR [/os_cloud_node/points]: 1577 帧
[13:58:47.386] [info]   相机 [/alphasense_driver_ros/cam0/compressed]: 4732 帧
[13:58:47.386] [info]   相机 [/alphasense_driver_ros/cam1/compressed]: 4732 帧
[13:58:47.386] [info]   相机 [/alphasense_driver_ros/cam3/compressed]: 4733 帧
[13:58:47.386] [info]   相机 [/alphasense_driver_ros/cam4/compressed]: 4733 帧
[13:58:47.386] [info]   IMU [/alphasense_driver_ros/imu]: 31515 帧
[13:58:47.386] [info]   IMU [/os_cloud_node/imu]: 15772 帧
[13:58:47.387] [info]   选用 LiDAR  lidar_0 -> /os_cloud_node/points
[13:58:47.387] [info]   选用 相机  cam_0 -> /alphasense_driver_ros/cam0/compressed
[13:58:47.387] [info]   选用 IMU    imu_0 -> /os_cloud_node/imu
[13:58:47.477] [info]   时间范围: 1638292235.952 - 1638292393.732 秒
[13:58:47.495] [info] [Ros2BagDataSource] 应用采样/帧数限制...
[13:58:47.590] [info]   LiDAR /os_cloud_node/points 采样后: 800 帧
[13:58:48.014] [info]   相机 /alphasense_driver_ros/cam0/compressed 采样后: 800 帧
[13:58:48.193] [info]   相机 /alphasense_driver_ros/cam1/compressed 采样后: 800 帧
[13:58:48.318] [info]   相机 /alphasense_driver_ros/cam3/compressed 采样后: 800 帧
[13:58:48.412] [info]   相机 /alphasense_driver_ros/cam4/compressed 采样后: 800 帧
[13:58:48.414] [info] [Fine-Auto/LiDAR-Cam] LiDAR 加载完成: 800 帧 (将按相机逐路取帧)
[13:58:48.417] [info] [Fine-Auto] 推断内参: 720x540 fx=648.0 fy=648.0
[13:58:48.417] [info] [Fine-Auto/LiDAR-Cam] 步骤: LiDAR-Camera 标定 相机=cam_0 (方法: 边缘对齐)
[13:58:48.422] [info] [CalibVisualizer] 初始化完成
[13:58:48.422] [info] [Fine-Auto/LiDAR-Cam] 可视化已启用：仅标定结束后显示一帧「图像+点云投影」叠加，不创建 3D 窗口、不泵送其他帧
[13:58:48.422] [info] [Fine-Auto/LiDAR-Cam] 使用粗标定初值 t=[0.123,0.040,-0.058]m
[13:58:48.430] [info] [Fine-Auto] 结果已保存: ./results/lidar_camera_extrinsic/lidar_cam_cam_0_extrinsic.yaml
[13:58:48.430] [info] [Viz] 即将生成投影图并保存到 ./results/lidar_camera_extrinsic/lidar_cam_cam_0_projection.png
[13:58:48.466] [info] 投影可视化保存: ./results/lidar_camera_extrinsic/lidar_cam_cam_0_projection.png
[13:58:48.466] [info] [Viz] 投影图已保存（仅使用配置初值，未做精标定）
[13:58:48.466] [info] [Fine-Auto/LiDAR-Cam] 相机 cam_0 已使用配置初值跳过精标定，直接供手动微调
[13:58:48.466] [info] [Viz/Display] 即将关闭可视化窗口 原因=用户关闭或流程结束 pangolin_running=false
[13:58:48.466] [warning] [Fine-Auto/LiDAR-Cam] 相机 cam_1 无帧，跳过
[13:58:48.466] [warning] [Fine-Auto/LiDAR-Cam] 相机 cam_3 无帧，跳过
[13:58:48.466] [warning] [Fine-Auto/LiDAR-Cam] 相机 cam_4 无帧，跳过
[13:58:48.467] [info] [Fine-Auto/LiDAR-Cam] 精标定完成: 1 个相机  最大 RMS=0.0000 px
[13:58:48.467] [info] [STAGE=lidar_cam_fine_auto] LiDAR-Camera 精标定 完成
[13:58:48.467] [info] [Fine-Auto/LiDAR-Cam] RMS 阈值=2.00 px  最大 RMS=0.0000 px  在阈值内
[13:58:48.778] [info] ━━━━━━━━━━━━━━━━━━━━━━━━━━━━━━━━━━━━━━━━━
[13:58:48.778] [info] ■ 结束阶段: [Fine-Auto] 任务: [lidar_cam_extrin]
[13:58:48.778] [info]   结果: ✓ 成功 | 残差RMS: 0.0000 | 耗时: 153275 ms
[13:58:48.778] [info]   消息: LiDAR-Camera 精标定完成: 1 个相机, 最大 RMS=0.000000 px
[13:58:48.778] [info] [CALC] 阶段结束 stage=Fine-Auto task=lidar_cam_extrin success=true residual_rms=0.000000 elapsed_ms=152964.3 threshold=2.0000
[13:58:48.778] [info] ━━━━━━━━━━━━━━━━━━━━━━━━━━━━━━━━━━━━━━━━━
[13:58:48.778] [info] [Pipeline] 用户已启用手动校准 (--manual), 进入 6-DOF 调整
[13:58:48.778] [info] 
[13:58:48.778] [info] ━━━━━━━━━━━━━━━━━━━━━━━━━━━━━━━━━━━━━━━━━
[13:58:48.778] [info] ▶ 开始阶段: [Manual-Refine] 任务: [lidar_cam_extrin]
[13:58:48.778] [info]   描述: 手动校准: 6-DOF 交互式调整
[13:58:48.778] [info] ━━━━━━━━━━━━━━━━━━━━━━━━━━━━━━━━━━━━━━━━━
[13:58:48.778] [info] [Manual-Refine] 任务: lidar_cam_extrin
[13:58:48.778] [info] [Manual-Refine] 操作说明: Q/A Roll  W/S Pitch  E/D Yaw  R/F Tx  T/G Ty  Y/H Tz  U Undo  Enter 接受  Esc 取消
[13:58:48.778] [info] [ManualSession] 会话ID: session_2026-04-27_13-58-48
[13:58:48.778] [info] [ManualSession] 保存目录: ./results/manual_sessions
[13:58:48.778] [info] [Manual-Refine] 已打开 6-DOF 可视化调整窗口，请在本窗口内按键微调后 Enter 接受或 Esc 取消
[13:58:48.778] [info] [Manual-Refine] LiDAR-Camera 手动调整仅使用首帧匹配数据（第 0 帧点云 + 第 0 帧图像）
[13:58:48.778] [info] [ManualSession] 启动 LiDAR-Camera 手动校准
[13:58:48.778] [info] [ManualSession] 自动标定 RMS: 0.0000 px (阈值建议 < 2.0px)
[13:58:48.778] [debug] [ManualSession] 事件: lidar_cam_start | auto_rms=0.000000
[13:58:48.779] [info] [ManualAdjust] 初始外参:
[13:58:48.779] [info] [ManualAdjust] 当前外参 [lidar_0→cam_0]:
[13:58:48.779] [info]   旋转 RPY: (-58.8701, -88.5405, -31.0062) deg
[13:58:48.779] [info]   平移 XYZ: (0.1230, 0.0399, -0.0577) m
[13:58:48.779] [info] [ManualSession] ===== 手动校准操作说明 =====
[13:58:48.779] [info]   Q/A: Roll ±0.1deg   W/S: Pitch ±0.1deg   E/D: Yaw ±0.1deg
[13:58:48.779] [info]   R/F: Tx ±0.5cm   T/G: Ty ±0.5cm   Y/H: Tz ±0.5cm
[13:58:48.779] [info]   Shift+键: 10倍步长
[13:58:48.779] [info]   P: 进入点击精化模式  U: 撤销  Z: 重做
[13:58:48.779] [info]   S: 保存  ESC: 接受并退出
[13:58:48.779] [info]   点云投影质量越高 (边缘对齐越好) 表示标定越准确
[13:58:48.799] [info] [ManualAdjust] 结果已保存: ./results/lidar_camera_extrinsic/manual_extrinsic_20260427_135848_initial.yaml
[13:58:48.799] [info] [ManualCalib] 交互窗口启动前已自动保存初始状态快照（备用）:
[13:58:48.799] [info]   - 投影图: ./results/lidar_camera_extrinsic/manual_projection_20260427_135848_initial.png
[13:58:48.799] [info]   - 点云:   ./results/lidar_camera_extrinsic/manual_cloud_20260427_135848_initial.pcd
[13:58:48.799] [info]   - 外参:   ./results/lidar_camera_extrinsic/manual_extrinsic_20260427_135848_initial.yaml

(unicalib_lidar_camera:144): dbind-WARNING **: 13:58:48.886: Couldn't connect to accessibility bus: Failed to connect to socket /run/user/1000/at-spi/bus_1: No such file or directory
[13:58:48.956] [info] [ManualCalib] 3D 点云窗口已禁用（避免 VTK 闪退），请在 2D 投影窗口进行微调。按下 'S' 键可手动保存当前微调结果图片和点云。
[13:58:48.956] [info] [ManualCalib] 初始位姿 T_lidar_to_cam:
[13:58:48.956] [info]   - Translation: 0.1230, 0.0399, -0.0577
[13:58:48.956] [info]   - RPY (deg):   90.7545, -179.8846, 91.2509
[13:59:26.827] [debug] [ManualAdjust] 旋转增量 RPY=(0.000, 0.000, -0.100)deg
[13:59:26.827] [info] [ManualAdjust] 当前外参 [lidar_0→cam_0]:
[13:59:26.827] [info]   旋转 RPY: (-56.7156, -88.6251, -33.1614) deg
[13:59:26.827] [info]   平移 XYZ: (0.1230, 0.0399, -0.0577) m
[13:59:27.568] [debug] [ManualAdjust] 旋转增量 RPY=(0.000, 0.000, 0.100)deg
[13:59:27.568] [info] [ManualAdjust] 当前外参 [lidar_0→cam_0]:
[13:59:27.568] [info]   旋转 RPY: (-58.8701, -88.5405, -31.0062) deg
[13:59:27.568] [info]   平移 XYZ: (0.1230, 0.0399, -0.0577) m
[13:59:28.068] [debug] [ManualAdjust] 旋转增量 RPY=(0.000, 0.000, 0.100)deg
[13:59:28.068] [info] [ManualAdjust] 当前外参 [lidar_0→cam_0]:
[13:59:28.068] [info]   旋转 RPY: (-60.7861, -88.4540, -29.0896) deg
[13:59:28.068] [info]   平移 XYZ: (0.1230, 0.0399, -0.0577) m
[13:59:28.098] [debug] [ManualAdjust] 旋转增量 RPY=(0.000, 0.000, 0.100)deg
[13:59:28.098] [info] [ManualAdjust] 当前外参 [lidar_0→cam_0]:
[13:59:28.098] [info]   旋转 RPY: (-62.4973, -88.3660, -27.3777) deg
[13:59:28.098] [info]   平移 XYZ: (0.1230, 0.0399, -0.0577) m
[13:59:28.128] [debug] [ManualAdjust] 旋转增量 RPY=(0.000, 0.000, 0.100)deg
[13:59:28.128] [info] [ManualAdjust] 当前外参 [lidar_0→cam_0]:
[13:59:28.128] [info]   旋转 RPY: (-64.0324, -88.2767, -25.8419) deg
[13:59:28.128] [info]   平移 XYZ: (0.1230, 0.0399, -0.0577) m
[13:59:28.158] [debug] [ManualAdjust] 旋转增量 RPY=(0.000, 0.000, 0.100)deg
[13:59:28.158] [info] [ManualAdjust] 当前外参 [lidar_0→cam_0]:
[13:59:28.158] [info]   旋转 RPY: (-65.4154, -88.1863, -24.4584) deg
[13:59:28.158] [info]   平移 XYZ: (0.1230, 0.0399, -0.0577) m
[13:59:28.188] [debug] [ManualAdjust] 旋转增量 RPY=(0.000, 0.000, 0.100)deg
[13:59:28.188] [info] [ManualAdjust] 当前外参 [lidar_0→cam_0]:
[13:59:28.188] [info]   旋转 RPY: (-66.6663, -88.0949, -23.2068) deg
[13:59:28.188] [info]   平移 XYZ: (0.1230, 0.0399, -0.0577) m
[13:59:28.218] [debug] [ManualAdjust] 旋转增量 RPY=(0.000, 0.000, 0.100)deg
[13:59:28.218] [info] [ManualAdjust] 当前外参 [lidar_0→cam_0]:
[13:59:28.218] [info]   旋转 RPY: (-67.8021, -88.0027, -22.0703) deg
[13:59:28.218] [info]   平移 XYZ: (0.1230, 0.0399, -0.0577) m
[13:59:28.249] [debug] [ManualAdjust] 旋转增量 RPY=(0.000, 0.000, 0.100)deg
[13:59:28.249] [info] [ManualAdjust] 当前外参 [lidar_0→cam_0]:
[13:59:28.249] [info]   旋转 RPY: (-68.8374, -87.9097, -21.0344) deg
[13:59:28.249] [info]   平移 XYZ: (0.1230, 0.0399, -0.0577) m
[13:59:28.279] [debug] [ManualAdjust] 旋转增量 RPY=(0.000, 0.000, 0.100)deg
[13:59:28.279] [info] [ManualAdjust] 当前外参 [lidar_0→cam_0]:
[13:59:28.279] [info]   旋转 RPY: (-69.7842, -87.8162, -20.0869) deg
[13:59:28.279] [info]   平移 XYZ: (0.1230, 0.0399, -0.0577) m
[13:59:28.309] [debug] [ManualAdjust] 旋转增量 RPY=(0.000, 0.000, 0.100)deg
[13:59:28.309] [info] [ManualAdjust] 当前外参 [lidar_0→cam_0]:
[13:59:28.309] [info]   旋转 RPY: (-70.6529, -87.7221, -19.2175) deg
[13:59:28.309] [info]   平移 XYZ: (0.1230, 0.0399, -0.0577) m
[13:59:28.340] [debug] [ManualAdjust] 旋转增量 RPY=(0.000, 0.000, 0.100)deg
[13:59:28.340] [info] [ManualAdjust] 当前外参 [lidar_0→cam_0]:
[13:59:28.340] [info]   旋转 RPY: (-71.4526, -87.6275, -18.4172) deg
[13:59:28.340] [info]   平移 XYZ: (0.1230, 0.0399, -0.0577) m
[13:59:28.370] [debug] [ManualAdjust] 旋转增量 RPY=(0.000, 0.000, 0.100)deg
[13:59:28.370] [info] [ManualAdjust] 当前外参 [lidar_0→cam_0]:
[13:59:28.370] [info]   旋转 RPY: (-72.1908, -87.5325, -17.6783) deg
[13:59:28.370] [info]   平移 XYZ: (0.1230, 0.0399, -0.0577) m
[13:59:28.400] [debug] [ManualAdjust] 旋转增量 RPY=(0.000, 0.000, 0.100)deg
[13:59:28.400] [info] [ManualAdjust] 当前外参 [lidar_0→cam_0]:
[13:59:28.400] [info]   旋转 RPY: (-72.8741, -87.4371, -16.9943) deg
[13:59:28.400] [info]   平移 XYZ: (0.1230, 0.0399, -0.0577) m
[13:59:28.430] [debug] [ManualAdjust] 旋转增量 RPY=(0.000, 0.000, 0.100)deg
[13:59:28.430] [info] [ManualAdjust] 当前外参 [lidar_0→cam_0]:
[13:59:28.430] [info]   旋转 RPY: (-73.5083, -87.3414, -16.3595) deg
[13:59:28.430] [info]   平移 XYZ: (0.1230, 0.0399, -0.0577) m
[13:59:28.460] [debug] [ManualAdjust] 旋转增量 RPY=(0.000, 0.000, 0.100)deg
[13:59:28.460] [info] [ManualAdjust] 当前外参 [lidar_0→cam_0]:
[13:59:28.460] [info]   旋转 RPY: (-74.0984, -87.2453, -15.7688) deg
[13:59:28.460] [info]   平移 XYZ: (0.1230, 0.0399, -0.0577) m
[13:59:28.490] [debug] [ManualAdjust] 旋转增量 RPY=(0.000, 0.000, 0.100)deg
[13:59:28.490] [info] [ManualAdjust] 当前外参 [lidar_0→cam_0]:
[13:59:28.490] [info]   旋转 RPY: (-74.6486, -87.1490, -15.2179) deg
[13:59:28.490] [info]   平移 XYZ: (0.1230, 0.0399, -0.0577) m
[13:59:28.521] [debug] [ManualAdjust] 旋转增量 RPY=(0.000, 0.000, 0.100)deg
[13:59:28.521] [info] [ManualAdjust] 当前外参 [lidar_0→cam_0]:
[13:59:28.521] [info]   旋转 RPY: (-75.1628, -87.0525, -14.7031) deg
[13:59:28.521] [info]   平移 XYZ: (0.1230, 0.0399, -0.0577) m
[13:59:28.552] [debug] [ManualAdjust] 旋转增量 RPY=(0.000, 0.000, 0.100)deg
[13:59:28.552] [info] [ManualAdjust] 当前外参 [lidar_0→cam_0]:
[13:59:28.552] [info]   旋转 RPY: (-75.6443, -86.9557, -14.2209) deg
[13:59:28.552] [info]   平移 XYZ: (0.1230, 0.0399, -0.0577) m
[13:59:28.582] [debug] [ManualAdjust] 旋转增量 RPY=(0.000, 0.000, 0.100)deg
[13:59:28.582] [info] [ManualAdjust] 当前外参 [lidar_0→cam_0]:
[13:59:28.582] [info]   旋转 RPY: (-76.0961, -86.8587, -13.7684) deg
[13:59:28.582] [info]   平移 XYZ: (0.1230, 0.0399, -0.0577) m
[13:59:28.612] [debug] [ManualAdjust] 旋转增量 RPY=(0.000, 0.000, 0.100)deg
[13:59:28.612] [info] [ManualAdjust] 当前外参 [lidar_0→cam_0]:
[13:59:28.612] [info]   旋转 RPY: (-76.5208, -86.7616, -13.3430) deg
[13:59:28.612] [info]   平移 XYZ: (0.1230, 0.0399, -0.0577) m
[13:59:28.642] [debug] [ManualAdjust] 旋转增量 RPY=(0.000, 0.000, 0.100)deg
[13:59:28.642] [info] [ManualAdjust] 当前外参 [lidar_0→cam_0]:
[13:59:28.642] [info]   旋转 RPY: (-76.9207, -86.6643, -12.9424) deg
[13:59:28.642] [info]   平移 XYZ: (0.1230, 0.0399, -0.0577) m
[13:59:28.672] [debug] [ManualAdjust] 旋转增量 RPY=(0.000, 0.000, 0.100)deg
[13:59:28.672] [info] [ManualAdjust] 当前外参 [lidar_0→cam_0]:
[13:59:28.672] [info]   旋转 RPY: (-77.2980, -86.5668, -12.5646) deg
[13:59:28.672] [info]   平移 XYZ: (0.1230, 0.0399, -0.0577) m
[13:59:28.703] [debug] [ManualAdjust] 旋转增量 RPY=(0.000, 0.000, 0.100)deg
[13:59:28.703] [info] [ManualAdjust] 当前外参 [lidar_0→cam_0]:
[13:59:28.703] [info]   旋转 RPY: (-77.6543, -86.4692, -12.2075) deg
[13:59:28.703] [info]   平移 XYZ: (0.1230, 0.0399, -0.0577) m
[13:59:28.733] [debug] [ManualAdjust] 旋转增量 RPY=(0.000, 0.000, 0.100)deg
[13:59:28.733] [info] [ManualAdjust] 当前外参 [lidar_0→cam_0]:
[13:59:28.733] [info]   旋转 RPY: (-77.9915, -86.3714, -11.8697) deg
[13:59:28.733] [info]   平移 XYZ: (0.1230, 0.0399, -0.0577) m
[13:59:28.763] [debug] [ManualAdjust] 旋转增量 RPY=(0.000, 0.000, 0.100)deg
[13:59:28.764] [info] [ManualAdjust] 当前外参 [lidar_0→cam_0]:
[13:59:28.764] [info]   旋转 RPY: (-78.3110, -86.2735, -11.5496) deg
[13:59:28.764] [info]   平移 XYZ: (0.1230, 0.0399, -0.0577) m
[13:59:28.793] [debug] [ManualAdjust] 旋转增量 RPY=(0.000, 0.000, 0.100)deg
[13:59:28.793] [info] [ManualAdjust] 当前外参 [lidar_0→cam_0]:
[13:59:28.793] [info]   旋转 RPY: (-78.6141, -86.1756, -11.2458) deg
[13:59:28.793] [info]   平移 XYZ: (0.1230, 0.0399, -0.0577) m
[13:59:28.824] [debug] [ManualAdjust] 旋转增量 RPY=(0.000, 0.000, 0.100)deg
[13:59:28.824] [info] [ManualAdjust] 当前外参 [lidar_0→cam_0]:
[13:59:28.824] [info]   旋转 RPY: (-78.9020, -86.0775, -10.9572) deg
[13:59:28.824] [info]   平移 XYZ: (0.1230, 0.0399, -0.0577) m
[13:59:28.854] [debug] [ManualAdjust] 旋转增量 RPY=(0.000, 0.000, 0.100)deg
[13:59:28.854] [info] [ManualAdjust] 当前外参 [lidar_0→cam_0]:
[13:59:28.854] [info]   旋转 RPY: (-79.1759, -85.9793, -10.6827) deg
[13:59:28.854] [info]   平移 XYZ: (0.1230, 0.0399, -0.0577) m
[13:59:28.884] [debug] [ManualAdjust] 旋转增量 RPY=(0.000, 0.000, 0.100)deg
[13:59:28.884] [info] [ManualAdjust] 当前外参 [lidar_0→cam_0]:
[13:59:28.884] [info]   旋转 RPY: (-79.4367, -85.8810, -10.4213) deg
[13:59:28.884] [info]   平移 XYZ: (0.1230, 0.0399, -0.0577) m
[13:59:28.914] [debug] [ManualAdjust] 旋转增量 RPY=(0.000, 0.000, 0.100)deg
[13:59:28.914] [info] [ManualAdjust] 当前外参 [lidar_0→cam_0]:
[13:59:28.914] [info]   旋转 RPY: (-79.6853, -85.7827, -10.1720) deg
[13:59:28.914] [info]   平移 XYZ: (0.1230, 0.0399, -0.0577) m
[13:59:28.945] [debug] [ManualAdjust] 旋转增量 RPY=(0.000, 0.000, 0.100)deg
[13:59:28.945] [info] [ManualAdjust] 当前外参 [lidar_0→cam_0]:
[13:59:28.945] [info]   旋转 RPY: (-79.9226, -85.6843, -9.9340) deg
[13:59:28.945] [info]   平移 XYZ: (0.1230, 0.0399, -0.0577) m
[13:59:28.974] [debug] [ManualAdjust] 旋转增量 RPY=(0.000, 0.000, 0.100)deg
[13:59:28.974] [info] [ManualAdjust] 当前外参 [lidar_0→cam_0]:
[13:59:28.974] [info]   旋转 RPY: (-80.1493, -85.5858, -9.7067) deg
[13:59:28.974] [info]   平移 XYZ: (0.1230, 0.0399, -0.0577) m
[13:59:29.004] [debug] [ManualAdjust] 旋转增量 RPY=(0.000, 0.000, 0.100)deg
[13:59:29.004] [info] [ManualAdjust] 当前外参 [lidar_0→cam_0]:
[13:59:29.004] [info]   旋转 RPY: (-80.3660, -85.4872, -9.4892) deg
[13:59:29.004] [info]   平移 XYZ: (0.1230, 0.0399, -0.0577) m
[13:59:29.034] [debug] [ManualAdjust] 旋转增量 RPY=(0.000, 0.000, 0.100)deg
[13:59:29.034] [info] [ManualAdjust] 当前外参 [lidar_0→cam_0]:
[13:59:29.034] [info]   旋转 RPY: (-80.5735, -85.3886, -9.2811) deg
[13:59:29.034] [info]   平移 XYZ: (0.1230, 0.0399, -0.0577) m
[13:59:29.064] [debug] [ManualAdjust] 旋转增量 RPY=(0.000, 0.000, 0.100)deg
[13:59:29.064] [info] [ManualAdjust] 当前外参 [lidar_0→cam_0]:
[13:59:29.064] [info]   旋转 RPY: (-80.7723, -85.2899, -9.0816) deg
[13:59:29.064] [info]   平移 XYZ: (0.1230, 0.0399, -0.0577) m
[13:59:29.094] [debug] [ManualAdjust] 旋转增量 RPY=(0.000, 0.000, 0.100)deg
[13:59:29.094] [info] [ManualAdjust] 当前外参 [lidar_0→cam_0]:
[13:59:29.094] [info]   旋转 RPY: (-80.9630, -85.1912, -8.8903) deg
[13:59:29.094] [info]   平移 XYZ: (0.1230, 0.0399, -0.0577) m
[13:59:29.124] [debug] [ManualAdjust] 旋转增量 RPY=(0.000, 0.000, 0.100)deg
[13:59:29.124] [info] [ManualAdjust] 当前外参 [lidar_0→cam_0]:
[13:59:29.124] [info]   旋转 RPY: (-81.1459, -85.0924, -8.7067) deg
[13:59:29.124] [info]   平移 XYZ: (0.1230, 0.0399, -0.0577) m
[13:59:29.155] [debug] [ManualAdjust] 旋转增量 RPY=(0.000, 0.000, 0.100)deg
[13:59:29.155] [info] [ManualAdjust] 当前外参 [lidar_0→cam_0]:
[13:59:29.155] [info]   旋转 RPY: (-81.3216, -84.9936, -8.5304) deg
[13:59:29.155] [info]   平移 XYZ: (0.1230, 0.0399, -0.0577) m
[13:59:29.185] [debug] [ManualAdjust] 旋转增量 RPY=(0.000, 0.000, 0.100)deg
[13:59:29.185] [info] [ManualAdjust] 当前外参 [lidar_0→cam_0]:
[13:59:29.185] [info]   旋转 RPY: (-81.4905, -84.8947, -8.3608) deg
[13:59:29.185] [info]   平移 XYZ: (0.1230, 0.0399, -0.0577) m
[13:59:29.216] [debug] [ManualAdjust] 旋转增量 RPY=(0.000, 0.000, 0.100)deg
[13:59:29.216] [info] [ManualAdjust] 当前外参 [lidar_0→cam_0]:
[13:59:29.216] [info]   旋转 RPY: (-81.6530, -84.7958, -8.1977) deg
[13:59:29.216] [info]   平移 XYZ: (0.1230, 0.0399, -0.0577) m
[13:59:29.246] [debug] [ManualAdjust] 旋转增量 RPY=(0.000, 0.000, 0.100)deg
[13:59:29.246] [info] [ManualAdjust] 当前外参 [lidar_0→cam_0]:
[13:59:29.246] [info]   旋转 RPY: (-81.8094, -84.6968, -8.0406) deg
[13:59:29.246] [info]   平移 XYZ: (0.1230, 0.0399, -0.0577) m
[13:59:29.276] [debug] [ManualAdjust] 旋转增量 RPY=(0.000, 0.000, 0.100)deg
[13:59:29.276] [info] [ManualAdjust] 当前外参 [lidar_0→cam_0]:
[13:59:29.276] [info]   旋转 RPY: (-81.9601, -84.5978, -7.8893) deg
[13:59:29.276] [info]   平移 XYZ: (0.1230, 0.0399, -0.0577) m
[13:59:29.306] [debug] [ManualAdjust] 旋转增量 RPY=(0.000, 0.000, 0.100)deg
[13:59:29.306] [info] [ManualAdjust] 当前外参 [lidar_0→cam_0]:
[13:59:29.306] [info]   旋转 RPY: (-82.1053, -84.4988, -7.7434) deg
[13:59:29.306] [info]   平移 XYZ: (0.1230, 0.0399, -0.0577) m
[13:59:29.336] [debug] [ManualAdjust] 旋转增量 RPY=(0.000, 0.000, 0.100)deg
[13:59:29.336] [info] [ManualAdjust] 当前外参 [lidar_0→cam_0]:
[13:59:29.336] [info]   旋转 RPY: (-82.2454, -84.3997, -7.6026) deg
[13:59:29.336] [info]   平移 XYZ: (0.1230, 0.0399, -0.0577) m
[13:59:29.366] [debug] [ManualAdjust] 旋转增量 RPY=(0.000, 0.000, 0.100)deg
[13:59:29.366] [info] [ManualAdjust] 当前外参 [lidar_0→cam_0]:
[13:59:29.366] [info]   旋转 RPY: (-82.3806, -84.3006, -7.4668) deg
[13:59:29.366] [info]   平移 XYZ: (0.1230, 0.0399, -0.0577) m
[13:59:29.396] [debug] [ManualAdjust] 旋转增量 RPY=(0.000, 0.000, 0.100)deg
[13:59:29.396] [info] [ManualAdjust] 当前外参 [lidar_0→cam_0]:
[13:59:29.396] [info]   旋转 RPY: (-82.5112, -84.2015, -7.3355) deg
[13:59:29.396] [info]   平移 XYZ: (0.1230, 0.0399, -0.0577) m
[13:59:29.426] [debug] [ManualAdjust] 旋转增量 RPY=(0.000, 0.000, 0.100)deg
[13:59:29.426] [info] [ManualAdjust] 当前外参 [lidar_0→cam_0]:
[13:59:29.426] [info]   旋转 RPY: (-82.6374, -84.1023, -7.2087) deg
[13:59:29.426] [info]   平移 XYZ: (0.1230, 0.0399, -0.0577) m
[13:59:29.456] [debug] [ManualAdjust] 旋转增量 RPY=(0.000, 0.000, 0.100)deg
[13:59:29.456] [info] [ManualAdjust] 当前外参 [lidar_0→cam_0]:
[13:59:29.456] [info]   旋转 RPY: (-82.7594, -84.0031, -7.0860) deg
[13:59:29.456] [info]   平移 XYZ: (0.1230, 0.0399, -0.0577) m
[13:59:29.486] [debug] [ManualAdjust] 旋转增量 RPY=(0.000, 0.000, 0.100)deg
[13:59:29.486] [info] [ManualAdjust] 当前外参 [lidar_0→cam_0]:
[13:59:29.486] [info]   旋转 RPY: (-82.8774, -83.9039, -6.9673) deg
[13:59:29.486] [info]   平移 XYZ: (0.1230, 0.0399, -0.0577) m
[13:59:29.517] [debug] [ManualAdjust] 旋转增量 RPY=(0.000, 0.000, 0.100)deg
[13:59:29.517] [info] [ManualAdjust] 当前外参 [lidar_0→cam_0]:
[13:59:29.517] [info]   旋转 RPY: (-82.9916, -83.8047, -6.8524) deg
[13:59:29.517] [info]   平移 XYZ: (0.1230, 0.0399, -0.0577) m
[13:59:29.547] [debug] [ManualAdjust] 旋转增量 RPY=(0.000, 0.000, 0.100)deg
[13:59:29.547] [info] [ManualAdjust] 当前外参 [lidar_0→cam_0]:
[13:59:29.547] [info]   旋转 RPY: (-83.1022, -83.7054, -6.7412) deg
[13:59:29.547] [info]   平移 XYZ: (0.1230, 0.0399, -0.0577) m
[13:59:29.577] [debug] [ManualAdjust] 旋转增量 RPY=(0.000, 0.000, 0.100)deg
[13:59:29.577] [info] [ManualAdjust] 当前外参 [lidar_0→cam_0]:
[13:59:29.577] [info]   旋转 RPY: (-83.2094, -83.6061, -6.6333) deg
[13:59:29.577] [info]   平移 XYZ: (0.1230, 0.0399, -0.0577) m
[13:59:29.607] [debug] [ManualAdjust] 旋转增量 RPY=(0.000, 0.000, 0.100)deg
[13:59:29.607] [info] [ManualAdjust] 当前外参 [lidar_0→cam_0]:
[13:59:29.607] [info]   旋转 RPY: (-83.3133, -83.5068, -6.5288) deg
[13:59:29.607] [info]   平移 XYZ: (0.1230, 0.0399, -0.0577) m
[13:59:29.637] [debug] [ManualAdjust] 旋转增量 RPY=(0.000, 0.000, 0.100)deg
[13:59:29.637] [info] [ManualAdjust] 当前外参 [lidar_0→cam_0]:
[13:59:29.637] [info]   旋转 RPY: (-83.4141, -83.4075, -6.4273) deg
[13:59:29.637] [info]   平移 XYZ: (0.1230, 0.0399, -0.0577) m
[13:59:29.667] [debug] [ManualAdjust] 旋转增量 RPY=(0.000, 0.000, 0.100)deg
[13:59:29.667] [info] [ManualAdjust] 当前外参 [lidar_0→cam_0]:
[13:59:29.667] [info]   旋转 RPY: (-83.5118, -83.3081, -6.3289) deg
[13:59:29.667] [info]   平移 XYZ: (0.1230, 0.0399, -0.0577) m
[13:59:29.697] [debug] [ManualAdjust] 旋转增量 RPY=(0.000, 0.000, 0.100)deg
[13:59:29.697] [info] [ManualAdjust] 当前外参 [lidar_0→cam_0]:
[13:59:29.697] [info]   旋转 RPY: (-83.6067, -83.2088, -6.2334) deg
[13:59:29.697] [info]   平移 XYZ: (0.1230, 0.0399, -0.0577) m
[13:59:29.727] [debug] [ManualAdjust] 旋转增量 RPY=(0.000, 0.000, 0.100)deg
[13:59:29.727] [info] [ManualAdjust] 当前外参 [lidar_0→cam_0]:
[13:59:29.727] [info]   旋转 RPY: (-83.6989, -83.1094, -6.1405) deg
[13:59:29.727] [info]   平移 XYZ: (0.1230, 0.0399, -0.0577) m
[13:59:29.757] [debug] [ManualAdjust] 旋转增量 RPY=(0.000, 0.000, 0.100)deg
[13:59:29.757] [info] [ManualAdjust] 当前外参 [lidar_0→cam_0]:
[13:59:29.757] [info]   旋转 RPY: (-83.7884, -83.0100, -6.0504) deg
[13:59:29.757] [info]   平移 XYZ: (0.1230, 0.0399, -0.0577) m
[13:59:29.787] [debug] [ManualAdjust] 旋转增量 RPY=(0.000, 0.000, 0.100)deg
[13:59:29.787] [info] [ManualAdjust] 当前外参 [lidar_0→cam_0]:
[13:59:29.787] [info]   旋转 RPY: (-83.8754, -82.9105, -5.9627) deg
[13:59:29.787] [info]   平移 XYZ: (0.1230, 0.0399, -0.0577) m
[13:59:29.817] [debug] [ManualAdjust] 旋转增量 RPY=(0.000, 0.000, 0.100)deg
[13:59:29.817] [info] [ManualAdjust] 当前外参 [lidar_0→cam_0]:
[13:59:29.817] [info]   旋转 RPY: (-83.9600, -82.8111, -5.8774) deg
[13:59:29.817] [info]   平移 XYZ: (0.1230, 0.0399, -0.0577) m
[13:59:29.847] [debug] [ManualAdjust] 旋转增量 RPY=(0.000, 0.000, 0.100)deg
[13:59:29.847] [info] [ManualAdjust] 当前外参 [lidar_0→cam_0]:
[13:59:29.847] [info]   旋转 RPY: (-84.0423, -82.7117, -5.7945) deg
[13:59:29.847] [info]   平移 XYZ: (0.1230, 0.0399, -0.0577) m
[13:59:29.877] [debug] [ManualAdjust] 旋转增量 RPY=(0.000, 0.000, 0.100)deg
[13:59:29.877] [info] [ManualAdjust] 当前外参 [lidar_0→cam_0]:
[13:59:29.877] [info]   旋转 RPY: (-84.1224, -82.6122, -5.7138) deg
[13:59:29.877] [info]   平移 XYZ: (0.1230, 0.0399, -0.0577) m
[13:59:29.907] [debug] [ManualAdjust] 旋转增量 RPY=(0.000, 0.000, 0.100)deg
[13:59:29.907] [info] [ManualAdjust] 当前外参 [lidar_0→cam_0]:
[13:59:29.907] [info]   旋转 RPY: (-84.2003, -82.5127, -5.6352) deg
[13:59:29.907] [info]   平移 XYZ: (0.1230, 0.0399, -0.0577) m
[13:59:29.937] [debug] [ManualAdjust] 旋转增量 RPY=(0.000, 0.000, 0.100)deg
[13:59:29.937] [info] [ManualAdjust] 当前外参 [lidar_0→cam_0]:
[13:59:29.937] [info]   旋转 RPY: (-84.2762, -82.4132, -5.5586) deg
[13:59:29.937] [info]   平移 XYZ: (0.1230, 0.0399, -0.0577) m
[13:59:29.967] [debug] [ManualAdjust] 旋转增量 RPY=(0.000, 0.000, 0.100)deg
[13:59:29.967] [info] [ManualAdjust] 当前外参 [lidar_0→cam_0]:
[13:59:29.967] [info]   旋转 RPY: (-84.3501, -82.3137, -5.4841) deg
[13:59:29.967] [info]   平移 XYZ: (0.1230, 0.0399, -0.0577) m
[13:59:29.997] [debug] [ManualAdjust] 旋转增量 RPY=(0.000, 0.000, 0.100)deg
[13:59:29.997] [info] [ManualAdjust] 当前外参 [lidar_0→cam_0]:
[13:59:29.997] [info]   旋转 RPY: (-84.4221, -82.2142, -5.4114) deg
[13:59:29.997] [info]   平移 XYZ: (0.1230, 0.0399, -0.0577) m
[13:59:30.028] [debug] [ManualAdjust] 旋转增量 RPY=(0.000, 0.000, 0.100)deg
[13:59:30.028] [info] [ManualAdjust] 当前外参 [lidar_0→cam_0]:
[13:59:30.028] [info]   旋转 RPY: (-84.4923, -82.1147, -5.3406) deg
[13:59:30.028] [info]   平移 XYZ: (0.1230, 0.0399, -0.0577) m
[13:59:30.059] [debug] [ManualAdjust] 旋转增量 RPY=(0.000, 0.000, 0.100)deg
[13:59:30.059] [info] [ManualAdjust] 当前外参 [lidar_0→cam_0]:
[13:59:30.059] [info]   旋转 RPY: (-84.5607, -82.0151, -5.2715) deg
[13:59:30.059] [info]   平移 XYZ: (0.1230, 0.0399, -0.0577) m
[13:59:30.089] [debug] [ManualAdjust] 旋转增量 RPY=(0.000, 0.000, 0.100)deg
[13:59:30.089] [info] [ManualAdjust] 当前外参 [lidar_0→cam_0]:
[13:59:30.089] [info]   旋转 RPY: (-84.6274, -81.9156, -5.2041) deg
[13:59:30.089] [info]   平移 XYZ: (0.1230, 0.0399, -0.0577) m
[13:59:30.119] [debug] [ManualAdjust] 旋转增量 RPY=(0.000, 0.000, 0.100)deg
[13:59:30.119] [info] [ManualAdjust] 当前外参 [lidar_0→cam_0]:
[13:59:30.119] [info]   旋转 RPY: (-84.6926, -81.8160, -5.1383) deg
[13:59:30.119] [info]   平移 XYZ: (0.1230, 0.0399, -0.0577) m
[13:59:30.150] [debug] [ManualAdjust] 旋转增量 RPY=(0.000, 0.000, 0.100)deg
[13:59:30.150] [info] [ManualAdjust] 当前外参 [lidar_0→cam_0]:
[13:59:30.150] [info]   旋转 RPY: (-84.7561, -81.7164, -5.0741) deg
[13:59:30.150] [info]   平移 XYZ: (0.1230, 0.0399, -0.0577) m
[13:59:30.180] [debug] [ManualAdjust] 旋转增量 RPY=(0.000, 0.000, 0.100)deg
[13:59:30.180] [info] [ManualAdjust] 当前外参 [lidar_0→cam_0]:
[13:59:30.180] [info]   旋转 RPY: (-84.8181, -81.6168, -5.0114) deg
[13:59:30.180] [info]   平移 XYZ: (0.1230, 0.0399, -0.0577) m
[13:59:30.210] [debug] [ManualAdjust] 旋转增量 RPY=(0.000, 0.000, 0.100)deg
[13:59:30.210] [info] [ManualAdjust] 当前外参 [lidar_0→cam_0]:
[13:59:30.210] [info]   旋转 RPY: (-84.8787, -81.5172, -4.9502) deg
[13:59:30.210] [info]   平移 XYZ: (0.1230, 0.0399, -0.0577) m
[13:59:30.240] [debug] [ManualAdjust] 旋转增量 RPY=(0.000, 0.000, 0.100)deg
[13:59:30.240] [info] [ManualAdjust] 当前外参 [lidar_0→cam_0]:
[13:59:30.240] [info]   旋转 RPY: (-84.9378, -81.4176, -4.8903) deg
[13:59:30.240] [info]   平移 XYZ: (0.1230, 0.0399, -0.0577) m
[13:59:30.270] [debug] [ManualAdjust] 旋转增量 RPY=(0.000, 0.000, 0.100)deg
[13:59:30.270] [info] [ManualAdjust] 当前外参 [lidar_0→cam_0]:
[13:59:30.270] [info]   旋转 RPY: (-84.9956, -81.3180, -4.8319) deg
[13:59:30.270] [info]   平移 XYZ: (0.1230, 0.0399, -0.0577) m
[13:59:30.300] [debug] [ManualAdjust] 旋转增量 RPY=(0.000, 0.000, 0.100)deg
[13:59:30.300] [info] [ManualAdjust] 当前外参 [lidar_0→cam_0]:
[13:59:30.300] [info]   旋转 RPY: (-85.0521, -81.2184, -4.7748) deg
[13:59:30.300] [info]   平移 XYZ: (0.1230, 0.0399, -0.0577) m
[13:59:30.330] [debug] [ManualAdjust] 旋转增量 RPY=(0.000, 0.000, 0.100)deg
[13:59:30.330] [info] [ManualAdjust] 当前外参 [lidar_0→cam_0]:
[13:59:30.330] [info]   旋转 RPY: (-85.1073, -81.1188, -4.7189) deg
[13:59:30.330] [info]   平移 XYZ: (0.1230, 0.0399, -0.0577) m
[13:59:30.360] [debug] [ManualAdjust] 旋转增量 RPY=(0.000, 0.000, 0.100)deg
[13:59:30.360] [info] [ManualAdjust] 当前外参 [lidar_0→cam_0]:
[13:59:30.360] [info]   旋转 RPY: (-85.1613, -81.0191, -4.6643) deg
[13:59:30.360] [info]   平移 XYZ: (0.1230, 0.0399, -0.0577) m
[13:59:30.390] [debug] [ManualAdjust] 旋转增量 RPY=(0.000, 0.000, 0.100)deg
[13:59:30.390] [info] [ManualAdjust] 当前外参 [lidar_0→cam_0]:
[13:59:30.390] [info]   旋转 RPY: (-85.2141, -80.9195, -4.6108) deg
[13:59:30.390] [info]   平移 XYZ: (0.1230, 0.0399, -0.0577) m
[13:59:30.421] [debug] [ManualAdjust] 旋转增量 RPY=(0.000, 0.000, 0.100)deg
[13:59:30.421] [info] [ManualAdjust] 当前外参 [lidar_0→cam_0]:
[13:59:30.421] [info]   旋转 RPY: (-85.2657, -80.8198, -4.5585) deg
[13:59:30.421] [info]   平移 XYZ: (0.1230, 0.0399, -0.0577) m
[13:59:30.450] [debug] [ManualAdjust] 旋转增量 RPY=(0.000, 0.000, 0.100)deg
[13:59:30.450] [info] [ManualAdjust] 当前外参 [lidar_0→cam_0]:
[13:59:30.450] [info]   旋转 RPY: (-85.3162, -80.7201, -4.5073) deg
[13:59:30.450] [info]   平移 XYZ: (0.1230, 0.0399, -0.0577) m
[13:59:30.480] [debug] [ManualAdjust] 旋转增量 RPY=(0.000, 0.000, 0.100)deg
[13:59:30.480] [info] [ManualAdjust] 当前外参 [lidar_0→cam_0]:
[13:59:30.480] [info]   旋转 RPY: (-85.3657, -80.6205, -4.4572) deg
[13:59:30.480] [info]   平移 XYZ: (0.1230, 0.0399, -0.0577) m
[13:59:30.510] [debug] [ManualAdjust] 旋转增量 RPY=(0.000, 0.000, 0.100)deg
[13:59:30.510] [info] [ManualAdjust] 当前外参 [lidar_0→cam_0]:
[13:59:30.510] [info]   旋转 RPY: (-85.4141, -80.5208, -4.4082) deg
[13:59:30.510] [info]   平移 XYZ: (0.1230, 0.0399, -0.0577) m
[13:59:30.540] [debug] [ManualAdjust] 旋转增量 RPY=(0.000, 0.000, 0.100)deg
[13:59:30.540] [info] [ManualAdjust] 当前外参 [lidar_0→cam_0]:
[13:59:30.540] [info]   旋转 RPY: (-85.4615, -80.4211, -4.3601) deg
[13:59:30.540] [info]   平移 XYZ: (0.1230, 0.0399, -0.0577) m
[13:59:30.570] [debug] [ManualAdjust] 旋转增量 RPY=(0.000, 0.000, 0.100)deg
[13:59:30.571] [info] [ManualAdjust] 当前外参 [lidar_0→cam_0]:
[13:59:30.571] [info]   旋转 RPY: (-85.5079, -80.3214, -4.3131) deg
[13:59:30.571] [info]   平移 XYZ: (0.1230, 0.0399, -0.0577) m
[13:59:30.600] [debug] [ManualAdjust] 旋转增量 RPY=(0.000, 0.000, 0.100)deg
[13:59:30.600] [info] [ManualAdjust] 当前外参 [lidar_0→cam_0]:
[13:59:30.600] [info]   旋转 RPY: (-85.5533, -80.2217, -4.2669) deg
[13:59:30.600] [info]   平移 XYZ: (0.1230, 0.0399, -0.0577) m
[13:59:30.630] [debug] [ManualAdjust] 旋转增量 RPY=(0.000, 0.000, 0.100)deg
[13:59:30.630] [info] [ManualAdjust] 当前外参 [lidar_0→cam_0]:
[13:59:30.630] [info]   旋转 RPY: (-85.5978, -80.1220, -4.2217) deg
[13:59:30.630] [info]   平移 XYZ: (0.1230, 0.0399, -0.0577) m
[13:59:30.660] [debug] [ManualAdjust] 旋转增量 RPY=(0.000, 0.000, 0.100)deg
[13:59:30.660] [info] [ManualAdjust] 当前外参 [lidar_0→cam_0]:
[13:59:30.660] [info]   旋转 RPY: (-85.6415, -80.0223, -4.1774) deg
[13:59:30.660] [info]   平移 XYZ: (0.1230, 0.0399, -0.0577) m
[13:59:30.690] [debug] [ManualAdjust] 旋转增量 RPY=(0.000, 0.000, 0.100)deg
[13:59:30.690] [info] [ManualAdjust] 当前外参 [lidar_0→cam_0]:
[13:59:30.690] [info]   旋转 RPY: (-85.6842, -79.9226, -4.1340) deg
[13:59:30.690] [info]   平移 XYZ: (0.1230, 0.0399, -0.0577) m
[13:59:30.721] [debug] [ManualAdjust] 旋转增量 RPY=(0.000, 0.000, 0.100)deg
[13:59:30.721] [info] [ManualAdjust] 当前外参 [lidar_0→cam_0]:
[13:59:30.721] [info]   旋转 RPY: (-85.7262, -79.8229, -4.0914) deg
[13:59:30.721] [info]   平移 XYZ: (0.1230, 0.0399, -0.0577) m
[13:59:30.750] [debug] [ManualAdjust] 旋转增量 RPY=(0.000, 0.000, 0.100)deg
[13:59:30.750] [info] [ManualAdjust] 当前外参 [lidar_0→cam_0]:
[13:59:30.750] [info]   旋转 RPY: (-85.7673, -79.7232, -4.0496) deg
[13:59:30.750] [info]   平移 XYZ: (0.1230, 0.0399, -0.0577) m
[13:59:30.780] [debug] [ManualAdjust] 旋转增量 RPY=(0.000, 0.000, 0.100)deg
[13:59:30.780] [info] [ManualAdjust] 当前外参 [lidar_0→cam_0]:
[13:59:30.780] [info]   旋转 RPY: (-85.8076, -79.6234, -4.0087) deg
[13:59:30.780] [info]   平移 XYZ: (0.1230, 0.0399, -0.0577) m
[13:59:30.810] [debug] [ManualAdjust] 旋转增量 RPY=(0.000, 0.000, 0.100)deg
[13:59:30.810] [info] [ManualAdjust] 当前外参 [lidar_0→cam_0]:
[13:59:30.810] [info]   旋转 RPY: (-85.8471, -79.5237, -3.9685) deg
[13:59:30.810] [info]   平移 XYZ: (0.1230, 0.0399, -0.0577) m
[13:59:30.840] [debug] [ManualAdjust] 旋转增量 RPY=(0.000, 0.000, 0.100)deg
[13:59:30.840] [info] [ManualAdjust] 当前外参 [lidar_0→cam_0]:
[13:59:30.840] [info]   旋转 RPY: (-85.8859, -79.4240, -3.9290) deg
[13:59:30.840] [info]   平移 XYZ: (0.1230, 0.0399, -0.0577) m
[13:59:30.871] [debug] [ManualAdjust] 旋转增量 RPY=(0.000, 0.000, 0.100)deg
[13:59:30.871] [info] [ManualAdjust] 当前外参 [lidar_0→cam_0]:
[13:59:30.871] [info]   旋转 RPY: (-85.9240, -79.3242, -3.8903) deg
[13:59:30.871] [info]   平移 XYZ: (0.1230, 0.0399, -0.0577) m
[13:59:30.901] [debug] [ManualAdjust] 旋转增量 RPY=(0.000, 0.000, 0.100)deg
[13:59:30.901] [info] [ManualAdjust] 当前外参 [lidar_0→cam_0]:
[13:59:30.901] [info]   旋转 RPY: (-85.9613, -79.2245, -3.8523) deg
[13:59:30.901] [info]   平移 XYZ: (0.1230, 0.0399, -0.0577) m
[13:59:30.931] [debug] [ManualAdjust] 旋转增量 RPY=(0.000, 0.000, 0.100)deg
[13:59:30.931] [info] [ManualAdjust] 当前外参 [lidar_0→cam_0]:
[13:59:30.931] [info]   旋转 RPY: (-85.9980, -79.1247, -3.8149) deg
[13:59:30.931] [info]   平移 XYZ: (0.1230, 0.0399, -0.0577) m
[13:59:30.961] [debug] [ManualAdjust] 旋转增量 RPY=(0.000, 0.000, 0.100)deg
[13:59:30.961] [info] [ManualAdjust] 当前外参 [lidar_0→cam_0]:
[13:59:30.961] [info]   旋转 RPY: (-86.0340, -79.0250, -3.7783) deg
[13:59:30.961] [info]   平移 XYZ: (0.1230, 0.0399, -0.0577) m
[13:59:30.991] [debug] [ManualAdjust] 旋转增量 RPY=(0.000, 0.000, 0.100)deg
[13:59:30.991] [info] [ManualAdjust] 当前外参 [lidar_0→cam_0]:
[13:59:30.991] [info]   旋转 RPY: (-86.0693, -78.9252, -3.7423) deg
[13:59:30.991] [info]   平移 XYZ: (0.1230, 0.0399, -0.0577) m
[13:59:31.021] [debug] [ManualAdjust] 旋转增量 RPY=(0.000, 0.000, 0.100)deg
[13:59:31.021] [info] [ManualAdjust] 当前外参 [lidar_0→cam_0]:
[13:59:31.021] [info]   旋转 RPY: (-86.1041, -78.8254, -3.7069) deg
[13:59:31.021] [info]   平移 XYZ: (0.1230, 0.0399, -0.0577) m
[13:59:31.051] [debug] [ManualAdjust] 旋转增量 RPY=(0.000, 0.000, 0.100)deg
[13:59:31.051] [info] [ManualAdjust] 当前外参 [lidar_0→cam_0]:
[13:59:31.051] [info]   旋转 RPY: (-86.1381, -78.7257, -3.6721) deg
[13:59:31.051] [info]   平移 XYZ: (0.1230, 0.0399, -0.0577) m
[13:59:31.081] [debug] [ManualAdjust] 旋转增量 RPY=(0.000, 0.000, 0.100)deg
[13:59:31.081] [info] [ManualAdjust] 当前外参 [lidar_0→cam_0]:
[13:59:31.081] [info]   旋转 RPY: (-86.1716, -78.6259, -3.6380) deg
[13:59:31.081] [info]   平移 XYZ: (0.1230, 0.0399, -0.0577) m
[13:59:31.111] [debug] [ManualAdjust] 旋转增量 RPY=(0.000, 0.000, 0.100)deg
[13:59:31.111] [info] [ManualAdjust] 当前外参 [lidar_0→cam_0]:
[13:59:31.111] [info]   旋转 RPY: (-86.2045, -78.5261, -3.6044) deg
[13:59:31.111] [info]   平移 XYZ: (0.1230, 0.0399, -0.0577) m
[13:59:31.142] [debug] [ManualAdjust] 旋转增量 RPY=(0.000, 0.000, 0.100)deg
[13:59:31.142] [info] [ManualAdjust] 当前外参 [lidar_0→cam_0]:
[13:59:31.142] [info]   旋转 RPY: (-86.2369, -78.4263, -3.5714) deg
[13:59:31.142] [info]   平移 XYZ: (0.1230, 0.0399, -0.0577) m
[13:59:31.173] [debug] [ManualAdjust] 旋转增量 RPY=(0.000, 0.000, 0.100)deg
[13:59:31.173] [info] [ManualAdjust] 当前外参 [lidar_0→cam_0]:
[13:59:31.173] [info]   旋转 RPY: (-86.2686, -78.3265, -3.5390) deg
[13:59:31.173] [info]   平移 XYZ: (0.1230, 0.0399, -0.0577) m
[13:59:31.203] [debug] [ManualAdjust] 旋转增量 RPY=(0.000, 0.000, 0.100)deg
[13:59:31.203] [info] [ManualAdjust] 当前外参 [lidar_0→cam_0]:
[13:59:31.203] [info]   旋转 RPY: (-86.2999, -78.2267, -3.5071) deg
[13:59:31.203] [info]   平移 XYZ: (0.1230, 0.0399, -0.0577) m
[13:59:31.233] [debug] [ManualAdjust] 旋转增量 RPY=(0.000, 0.000, 0.100)deg
[13:59:31.233] [info] [ManualAdjust] 当前外参 [lidar_0→cam_0]:
[13:59:31.233] [info]   旋转 RPY: (-86.3306, -78.1270, -3.4757) deg
[13:59:31.233] [info]   平移 XYZ: (0.1230, 0.0399, -0.0577) m
[13:59:31.263] [debug] [ManualAdjust] 旋转增量 RPY=(0.000, 0.000, 0.100)deg
[13:59:31.263] [info] [ManualAdjust] 当前外参 [lidar_0→cam_0]:
[13:59:31.263] [info]   旋转 RPY: (-86.3607, -78.0272, -3.4449) deg
[13:59:31.263] [info]   平移 XYZ: (0.1230, 0.0399, -0.0577) m
[13:59:31.293] [debug] [ManualAdjust] 旋转增量 RPY=(0.000, 0.000, 0.100)deg
[13:59:31.293] [info] [ManualAdjust] 当前外参 [lidar_0→cam_0]:
[13:59:31.293] [info]   旋转 RPY: (-86.3904, -77.9274, -3.4145) deg
[13:59:31.293] [info]   平移 XYZ: (0.1230, 0.0399, -0.0577) m
[13:59:31.323] [debug] [ManualAdjust] 旋转增量 RPY=(0.000, 0.000, 0.100)deg
[13:59:31.324] [info] [ManualAdjust] 当前外参 [lidar_0→cam_0]:
[13:59:31.324] [info]   旋转 RPY: (-86.4196, -77.8276, -3.3847) deg
[13:59:31.324] [info]   平移 XYZ: (0.1230, 0.0399, -0.0577) m
[13:59:31.353] [debug] [ManualAdjust] 旋转增量 RPY=(0.000, 0.000, 0.100)deg
[13:59:31.353] [info] [ManualAdjust] 当前外参 [lidar_0→cam_0]:
[13:59:31.353] [info]   旋转 RPY: (-86.4483, -77.7277, -3.3553) deg
[13:59:31.353] [info]   平移 XYZ: (0.1230, 0.0399, -0.0577) m
[13:59:31.383] [debug] [ManualAdjust] 旋转增量 RPY=(0.000, 0.000, 0.100)deg
[13:59:31.383] [info] [ManualAdjust] 当前外参 [lidar_0→cam_0]:
[13:59:31.383] [info]   旋转 RPY: (-86.4766, -77.6279, -3.3264) deg
[13:59:31.383] [info]   平移 XYZ: (0.1230, 0.0399, -0.0577) m
[13:59:31.413] [debug] [ManualAdjust] 旋转增量 RPY=(0.000, 0.000, 0.100)deg
[13:59:31.413] [info] [ManualAdjust] 当前外参 [lidar_0→cam_0]:
[13:59:31.413] [info]   旋转 RPY: (-86.5044, -77.5281, -3.2979) deg
[13:59:31.413] [info]   平移 XYZ: (0.1230, 0.0399, -0.0577) m
[13:59:31.443] [debug] [ManualAdjust] 旋转增量 RPY=(0.000, 0.000, 0.100)deg
[13:59:31.443] [info] [ManualAdjust] 当前外参 [lidar_0→cam_0]:
[13:59:31.443] [info]   旋转 RPY: (-86.5317, -77.4283, -3.2699) deg
[13:59:31.443] [info]   平移 XYZ: (0.1230, 0.0399, -0.0577) m
[13:59:31.473] [debug] [ManualAdjust] 旋转增量 RPY=(0.000, 0.000, 0.100)deg
[13:59:31.473] [info] [ManualAdjust] 当前外参 [lidar_0→cam_0]:
[13:59:31.473] [info]   旋转 RPY: (-86.5586, -77.3285, -3.2423) deg
[13:59:31.473] [info]   平移 XYZ: (0.1230, 0.0399, -0.0577) m
[13:59:31.503] [debug] [ManualAdjust] 旋转增量 RPY=(0.000, 0.000, 0.100)deg
[13:59:31.503] [info] [ManualAdjust] 当前外参 [lidar_0→cam_0]:
[13:59:31.503] [info]   旋转 RPY: (-86.5851, -77.2287, -3.2152) deg
[13:59:31.503] [info]   平移 XYZ: (0.1230, 0.0399, -0.0577) m
[13:59:31.533] [debug] [ManualAdjust] 旋转增量 RPY=(0.000, 0.000, 0.100)deg
[13:59:31.533] [info] [ManualAdjust] 当前外参 [lidar_0→cam_0]:
[13:59:31.533] [info]   旋转 RPY: (-86.6112, -77.1288, -3.1884) deg
[13:59:31.533] [info]   平移 XYZ: (0.1230, 0.0399, -0.0577) m
[13:59:31.564] [debug] [ManualAdjust] 旋转增量 RPY=(0.000, 0.000, 0.100)deg
[13:59:31.564] [info] [ManualAdjust] 当前外参 [lidar_0→cam_0]:
[13:59:31.564] [info]   旋转 RPY: (-86.6369, -77.0290, -3.1621) deg
[13:59:31.564] [info]   平移 XYZ: (0.1230, 0.0399, -0.0577) m
[13:59:31.595] [debug] [ManualAdjust] 旋转增量 RPY=(0.000, 0.000, 0.100)deg
[13:59:31.595] [info] [ManualAdjust] 当前外参 [lidar_0→cam_0]:
[13:59:31.595] [info]   旋转 RPY: (-86.6621, -76.9292, -3.1362) deg
[13:59:31.595] [info]   平移 XYZ: (0.1230, 0.0399, -0.0577) m
[13:59:31.625] [debug] [ManualAdjust] 旋转增量 RPY=(0.000, 0.000, 0.100)deg
[13:59:31.625] [info] [ManualAdjust] 当前外参 [lidar_0→cam_0]:
[13:59:31.625] [info]   旋转 RPY: (-86.6870, -76.8294, -3.1106) deg
[13:59:31.625] [info]   平移 XYZ: (0.1230, 0.0399, -0.0577) m
[13:59:31.655] [debug] [ManualAdjust] 旋转增量 RPY=(0.000, 0.000, 0.100)deg
[13:59:31.655] [info] [ManualAdjust] 当前外参 [lidar_0→cam_0]:
[13:59:31.655] [info]   旋转 RPY: (-86.7115, -76.7295, -3.0854) deg
[13:59:31.655] [info]   平移 XYZ: (0.1230, 0.0399, -0.0577) m
[13:59:31.685] [debug] [ManualAdjust] 旋转增量 RPY=(0.000, 0.000, 0.100)deg
[13:59:31.685] [info] [ManualAdjust] 当前外参 [lidar_0→cam_0]:
[13:59:31.685] [info]   旋转 RPY: (-86.7357, -76.6297, -3.0606) deg
[13:59:31.685] [info]   平移 XYZ: (0.1230, 0.0399, -0.0577) m
[13:59:31.715] [debug] [ManualAdjust] 旋转增量 RPY=(0.000, 0.000, 0.100)deg
[13:59:31.715] [info] [ManualAdjust] 当前外参 [lidar_0→cam_0]:
[13:59:31.715] [info]   旋转 RPY: (-86.7594, -76.5298, -3.0362) deg
[13:59:31.715] [info]   平移 XYZ: (0.1230, 0.0399, -0.0577) m
[13:59:31.745] [debug] [ManualAdjust] 旋转增量 RPY=(0.000, 0.000, 0.100)deg
[13:59:31.745] [info] [ManualAdjust] 当前外参 [lidar_0→cam_0]:
[13:59:31.745] [info]   旋转 RPY: (-86.7829, -76.4300, -3.0121) deg
[13:59:31.745] [info]   平移 XYZ: (0.1230, 0.0399, -0.0577) m
[13:59:31.775] [debug] [ManualAdjust] 旋转增量 RPY=(0.000, 0.000, 0.100)deg
[13:59:31.775] [info] [ManualAdjust] 当前外参 [lidar_0→cam_0]:
[13:59:31.775] [info]   旋转 RPY: (-86.8059, -76.3302, -2.9883) deg
[13:59:31.775] [info]   平移 XYZ: (0.1230, 0.0399, -0.0577) m
[13:59:31.805] [debug] [ManualAdjust] 旋转增量 RPY=(0.000, 0.000, 0.100)deg
[13:59:31.805] [info] [ManualAdjust] 当前外参 [lidar_0→cam_0]:
[13:59:31.805] [info]   旋转 RPY: (-86.8287, -76.2303, -2.9649) deg
[13:59:31.805] [info]   平移 XYZ: (0.1230, 0.0399, -0.0577) m
[13:59:31.835] [debug] [ManualAdjust] 旋转增量 RPY=(0.000, 0.000, 0.100)deg
[13:59:31.835] [info] [ManualAdjust] 当前外参 [lidar_0→cam_0]:
[13:59:31.835] [info]   旋转 RPY: (-86.8511, -76.1305, -2.9419) deg
[13:59:31.835] [info]   平移 XYZ: (0.1230, 0.0399, -0.0577) m
[13:59:31.865] [debug] [ManualAdjust] 旋转增量 RPY=(0.000, 0.000, 0.100)deg
[13:59:31.865] [info] [ManualAdjust] 当前外参 [lidar_0→cam_0]:
[13:59:31.865] [info]   旋转 RPY: (-86.8732, -76.0306, -2.9191) deg
[13:59:31.865] [info]   平移 XYZ: (0.1230, 0.0399, -0.0577) m
[13:59:31.896] [debug] [ManualAdjust] 旋转增量 RPY=(0.000, 0.000, 0.100)deg
[13:59:31.896] [info] [ManualAdjust] 当前外参 [lidar_0→cam_0]:
[13:59:31.896] [info]   旋转 RPY: (-86.8950, -75.9308, -2.8967) deg
[13:59:31.896] [info]   平移 XYZ: (0.1230, 0.0399, -0.0577) m
[13:59:31.926] [debug] [ManualAdjust] 旋转增量 RPY=(0.000, 0.000, 0.100)deg
[13:59:31.926] [info] [ManualAdjust] 当前外参 [lidar_0→cam_0]:
[13:59:31.926] [info]   旋转 RPY: (-86.9164, -75.8309, -2.8745) deg
[13:59:31.926] [info]   平移 XYZ: (0.1230, 0.0399, -0.0577) m
[13:59:31.956] [debug] [ManualAdjust] 旋转增量 RPY=(0.000, 0.000, 0.100)deg
[13:59:31.956] [info] [ManualAdjust] 当前外参 [lidar_0→cam_0]:
[13:59:31.956] [info]   旋转 RPY: (-86.9376, -75.7311, -2.8527) deg
[13:59:31.956] [info]   平移 XYZ: (0.1230, 0.0399, -0.0577) m
[13:59:31.986] [debug] [ManualAdjust] 旋转增量 RPY=(0.000, 0.000, 0.100)deg
[13:59:31.986] [info] [ManualAdjust] 当前外参 [lidar_0→cam_0]:
[13:59:31.986] [info]   旋转 RPY: (-86.9584, -75.6312, -2.8312) deg
[13:59:31.986] [info]   平移 XYZ: (0.1230, 0.0399, -0.0577) m
[13:59:32.016] [debug] [ManualAdjust] 旋转增量 RPY=(0.000, 0.000, 0.100)deg
[13:59:32.016] [info] [ManualAdjust] 当前外参 [lidar_0→cam_0]:
[13:59:32.016] [info]   旋转 RPY: (-86.9790, -75.5313, -2.8099) deg
[13:59:32.016] [info]   平移 XYZ: (0.1230, 0.0399, -0.0577) m
[13:59:32.046] [debug] [ManualAdjust] 旋转增量 RPY=(0.000, 0.000, 0.100)deg
[13:59:32.046] [info] [ManualAdjust] 当前外参 [lidar_0→cam_0]:
[13:59:32.046] [info]   旋转 RPY: (-86.9993, -75.4315, -2.7890) deg
[13:59:32.046] [info]   平移 XYZ: (0.1230, 0.0399, -0.0577) m
[13:59:32.076] [debug] [ManualAdjust] 旋转增量 RPY=(0.000, 0.000, 0.100)deg
[13:59:32.076] [info] [ManualAdjust] 当前外参 [lidar_0→cam_0]:
[13:59:32.076] [info]   旋转 RPY: (-87.0193, -75.3316, -2.7683) deg
[13:59:32.076] [info]   平移 XYZ: (0.1230, 0.0399, -0.0577) m
[13:59:32.106] [debug] [ManualAdjust] 旋转增量 RPY=(0.000, 0.000, 0.100)deg
[13:59:32.106] [info] [ManualAdjust] 当前外参 [lidar_0→cam_0]:
[13:59:32.106] [info]   旋转 RPY: (-87.0390, -75.2317, -2.7479) deg
[13:59:32.106] [info]   平移 XYZ: (0.1230, 0.0399, -0.0577) m
[13:59:32.136] [debug] [ManualAdjust] 旋转增量 RPY=(0.000, 0.000, 0.100)deg
[13:59:32.136] [info] [ManualAdjust] 当前外参 [lidar_0→cam_0]:
[13:59:32.136] [info]   旋转 RPY: (-87.0585, -75.1319, -2.7278) deg
[13:59:32.136] [info]   平移 XYZ: (0.1230, 0.0399, -0.0577) m
[13:59:32.166] [debug] [ManualAdjust] 旋转增量 RPY=(0.000, 0.000, 0.100)deg
[13:59:32.166] [info] [ManualAdjust] 当前外参 [lidar_0→cam_0]:
[13:59:32.166] [info]   旋转 RPY: (-87.0777, -75.0320, -2.7079) deg
[13:59:32.166] [info]   平移 XYZ: (0.1230, 0.0399, -0.0577) m
[13:59:32.197] [debug] [ManualAdjust] 旋转增量 RPY=(0.000, 0.000, 0.100)deg
[13:59:32.197] [info] [ManualAdjust] 当前外参 [lidar_0→cam_0]:
[13:59:32.197] [info]   旋转 RPY: (-87.0966, -74.9321, -2.6883) deg
[13:59:32.197] [info]   平移 XYZ: (0.1230, 0.0399, -0.0577) m
[13:59:32.227] [debug] [ManualAdjust] 旋转增量 RPY=(0.000, 0.000, 0.100)deg
[13:59:32.227] [info] [ManualAdjust] 当前外参 [lidar_0→cam_0]:
[13:59:32.227] [info]   旋转 RPY: (-87.1153, -74.8323, -2.6690) deg
[13:59:32.227] [info]   平移 XYZ: (0.1230, 0.0399, -0.0577) m
[13:59:32.257] [debug] [ManualAdjust] 旋转增量 RPY=(0.000, 0.000, 0.100)deg
[13:59:32.257] [info] [ManualAdjust] 当前外参 [lidar_0→cam_0]:
[13:59:32.257] [info]   旋转 RPY: (-87.1337, -74.7324, -2.6498) deg
[13:59:32.257] [info]   平移 XYZ: (0.1230, 0.0399, -0.0577) m
[13:59:32.287] [debug] [ManualAdjust] 旋转增量 RPY=(0.000, 0.000, 0.100)deg
[13:59:32.287] [info] [ManualAdjust] 当前外参 [lidar_0→cam_0]:
[13:59:32.287] [info]   旋转 RPY: (-87.1519, -74.6325, -2.6310) deg
[13:59:32.287] [info]   平移 XYZ: (0.1230, 0.0399, -0.0577) m
[13:59:32.318] [debug] [ManualAdjust] 旋转增量 RPY=(0.000, 0.000, 0.100)deg
[13:59:32.318] [info] [ManualAdjust] 当前外参 [lidar_0→cam_0]:
[13:59:32.318] [info]   旋转 RPY: (-87.1699, -74.5326, -2.6123) deg
[13:59:32.318] [info]   平移 XYZ: (0.1230, 0.0399, -0.0577) m
[13:59:32.347] [debug] [ManualAdjust] 旋转增量 RPY=(0.000, 0.000, 0.100)deg
[13:59:32.347] [info] [ManualAdjust] 当前外参 [lidar_0→cam_0]:
[13:59:32.347] [info]   旋转 RPY: (-87.1876, -74.4328, -2.5939) deg
[13:59:32.347] [info]   平移 XYZ: (0.1230, 0.0399, -0.0577) m
[13:59:32.377] [debug] [ManualAdjust] 旋转增量 RPY=(0.000, 0.000, 0.100)deg
[13:59:32.377] [info] [ManualAdjust] 当前外参 [lidar_0→cam_0]:
[13:59:32.377] [info]   旋转 RPY: (-87.2051, -74.3329, -2.5758) deg
[13:59:32.377] [info]   平移 XYZ: (0.1230, 0.0399, -0.0577) m
[13:59:32.407] [debug] [ManualAdjust] 旋转增量 RPY=(0.000, 0.000, 0.100)deg
[13:59:32.407] [info] [ManualAdjust] 当前外参 [lidar_0→cam_0]:
[13:59:32.407] [info]   旋转 RPY: (-87.2224, -74.2330, -2.5578) deg
[13:59:32.407] [info]   平移 XYZ: (0.1230, 0.0399, -0.0577) m
[13:59:32.437] [debug] [ManualAdjust] 旋转增量 RPY=(0.000, 0.000, 0.100)deg
[13:59:32.437] [info] [ManualAdjust] 当前外参 [lidar_0→cam_0]:
[13:59:32.437] [info]   旋转 RPY: (-87.2395, -74.1331, -2.5401) deg
[13:59:32.437] [info]   平移 XYZ: (0.1230, 0.0399, -0.0577) m
[13:59:32.467] [debug] [ManualAdjust] 旋转增量 RPY=(0.000, 0.000, 0.100)deg
[13:59:32.467] [info] [ManualAdjust] 当前外参 [lidar_0→cam_0]:
[13:59:32.467] [info]   旋转 RPY: (-87.2563, -74.0332, -2.5226) deg
[13:59:32.467] [info]   平移 XYZ: (0.1230, 0.0399, -0.0577) m
[13:59:32.497] [debug] [ManualAdjust] 旋转增量 RPY=(0.000, 0.000, 0.100)deg
[13:59:32.497] [info] [ManualAdjust] 当前外参 [lidar_0→cam_0]:
[13:59:32.497] [info]   旋转 RPY: (-87.2729, -73.9333, -2.5053) deg
[13:59:32.497] [info]   平移 XYZ: (0.1230, 0.0399, -0.0577) m
[13:59:32.527] [debug] [ManualAdjust] 旋转增量 RPY=(0.000, 0.000, 0.100)deg
[13:59:32.527] [info] [ManualAdjust] 当前外参 [lidar_0→cam_0]:
[13:59:32.527] [info]   旋转 RPY: (-87.2893, -73.8335, -2.4882) deg
[13:59:32.527] [info]   平移 XYZ: (0.1230, 0.0399, -0.0577) m
[13:59:32.557] [debug] [ManualAdjust] 旋转增量 RPY=(0.000, 0.000, 0.100)deg
[13:59:32.557] [info] [ManualAdjust] 当前外参 [lidar_0→cam_0]:
[13:59:32.557] [info]   旋转 RPY: (-87.3056, -73.7336, -2.4713) deg
[13:59:32.557] [info]   平移 XYZ: (0.1230, 0.0399, -0.0577) m
[13:59:32.587] [debug] [ManualAdjust] 旋转增量 RPY=(0.000, 0.000, 0.100)deg
[13:59:32.587] [info] [ManualAdjust] 当前外参 [lidar_0→cam_0]:
[13:59:32.587] [info]   旋转 RPY: (-87.3216, -73.6337, -2.4546) deg
[13:59:32.587] [info]   平移 XYZ: (0.1230, 0.0399, -0.0577) m
[13:59:32.617] [debug] [ManualAdjust] 旋转增量 RPY=(0.000, 0.000, 0.100)deg
[13:59:32.617] [info] [ManualAdjust] 当前外参 [lidar_0→cam_0]:
[13:59:32.617] [info]   旋转 RPY: (-87.3374, -73.5338, -2.4382) deg
[13:59:32.617] [info]   平移 XYZ: (0.1230, 0.0399, -0.0577) m
[13:59:32.647] [debug] [ManualAdjust] 旋转增量 RPY=(0.000, 0.000, 0.100)deg
[13:59:32.647] [info] [ManualAdjust] 当前外参 [lidar_0→cam_0]:
[13:59:32.647] [info]   旋转 RPY: (-87.3530, -73.4339, -2.4219) deg
[13:59:32.647] [info]   平移 XYZ: (0.1230, 0.0399, -0.0577) m
[13:59:32.677] [debug] [ManualAdjust] 旋转增量 RPY=(0.000, 0.000, 0.100)deg
[13:59:32.677] [info] [ManualAdjust] 当前外参 [lidar_0→cam_0]:
[13:59:32.677] [info]   旋转 RPY: (-87.3684, -73.3340, -2.4058) deg
[13:59:32.677] [info]   平移 XYZ: (0.1230, 0.0399, -0.0577) m
[13:59:32.708] [debug] [ManualAdjust] 旋转增量 RPY=(0.000, 0.000, 0.100)deg
[13:59:32.708] [info] [ManualAdjust] 当前外参 [lidar_0→cam_0]:
[13:59:32.708] [info]   旋转 RPY: (-87.3837, -73.2341, -2.3898) deg
[13:59:32.708] [info]   平移 XYZ: (0.1230, 0.0399, -0.0577) m
[13:59:32.737] [debug] [ManualAdjust] 旋转增量 RPY=(0.000, 0.000, 0.100)deg
[13:59:32.737] [info] [ManualAdjust] 当前外参 [lidar_0→cam_0]:
[13:59:32.737] [info]   旋转 RPY: (-87.3987, -73.1342, -2.3741) deg
[13:59:32.737] [info]   平移 XYZ: (0.1230, 0.0399, -0.0577) m
[13:59:32.767] [debug] [ManualAdjust] 旋转增量 RPY=(0.000, 0.000, 0.100)deg
[13:59:32.768] [info] [ManualAdjust] 当前外参 [lidar_0→cam_0]:
[13:59:32.768] [info]   旋转 RPY: (-87.4136, -73.0343, -2.3586) deg
[13:59:32.768] [info]   平移 XYZ: (0.1230, 0.0399, -0.0577) m
[13:59:32.797] [debug] [ManualAdjust] 旋转增量 RPY=(0.000, 0.000, 0.100)deg
[13:59:32.797] [info] [ManualAdjust] 当前外参 [lidar_0→cam_0]:
[13:59:32.797] [info]   旋转 RPY: (-87.4283, -72.9344, -2.3432) deg
[13:59:32.797] [info]   平移 XYZ: (0.1230, 0.0399, -0.0577) m
[13:59:32.827] [debug] [ManualAdjust] 旋转增量 RPY=(0.000, 0.000, 0.100)deg
[13:59:32.827] [info] [ManualAdjust] 当前外参 [lidar_0→cam_0]:
[13:59:32.827] [info]   旋转 RPY: (-87.4428, -72.8345, -2.3280) deg
[13:59:32.827] [info]   平移 XYZ: (0.1230, 0.0399, -0.0577) m
[13:59:32.857] [debug] [ManualAdjust] 旋转增量 RPY=(0.000, 0.000, 0.100)deg
[13:59:32.857] [info] [ManualAdjust] 当前外参 [lidar_0→cam_0]:
[13:59:32.857] [info]   旋转 RPY: (-87.4572, -72.7346, -2.3129) deg
[13:59:32.857] [info]   平移 XYZ: (0.1230, 0.0399, -0.0577) m
[13:59:32.888] [debug] [ManualAdjust] 旋转增量 RPY=(0.000, 0.000, 0.100)deg
[13:59:32.888] [info] [ManualAdjust] 当前外参 [lidar_0→cam_0]:
[13:59:32.888] [info]   旋转 RPY: (-87.4714, -72.6347, -2.2981) deg
[13:59:32.888] [info]   平移 XYZ: (0.1230, 0.0399, -0.0577) m
[13:59:32.917] [debug] [ManualAdjust] 旋转增量 RPY=(0.000, 0.000, 0.100)deg
[13:59:32.917] [info] [ManualAdjust] 当前外参 [lidar_0→cam_0]:
[13:59:32.917] [info]   旋转 RPY: (-87.4854, -72.5348, -2.2834) deg
[13:59:32.917] [info]   平移 XYZ: (0.1230, 0.0399, -0.0577) m
[13:59:32.947] [debug] [ManualAdjust] 旋转增量 RPY=(0.000, 0.000, 0.100)deg
[13:59:32.947] [info] [ManualAdjust] 当前外参 [lidar_0→cam_0]:
[13:59:32.947] [info]   旋转 RPY: (-87.4993, -72.4349, -2.2688) deg
[13:59:32.947] [info]   平移 XYZ: (0.1230, 0.0399, -0.0577) m
[13:59:32.977] [debug] [ManualAdjust] 旋转增量 RPY=(0.000, 0.000, 0.100)deg
[13:59:32.977] [info] [ManualAdjust] 当前外参 [lidar_0→cam_0]:
[13:59:32.977] [info]   旋转 RPY: (-87.5130, -72.3350, -2.2545) deg
[13:59:32.977] [info]   平移 XYZ: (0.1230, 0.0399, -0.0577) m
[13:59:33.007] [debug] [ManualAdjust] 旋转增量 RPY=(0.000, 0.000, 0.100)deg
[13:59:33.007] [info] [ManualAdjust] 当前外参 [lidar_0→cam_0]:
[13:59:33.007] [info]   旋转 RPY: (-87.5265, -72.2351, -2.2402) deg
[13:59:33.007] [info]   平移 XYZ: (0.1230, 0.0399, -0.0577) m
[13:59:33.037] [debug] [ManualAdjust] 旋转增量 RPY=(0.000, 0.000, 0.100)deg
[13:59:33.037] [info] [ManualAdjust] 当前外参 [lidar_0→cam_0]:
[13:59:33.037] [info]   旋转 RPY: (-87.5399, -72.1352, -2.2262) deg
[13:59:33.037] [info]   平移 XYZ: (0.1230, 0.0399, -0.0577) m
[13:59:33.067] [debug] [ManualAdjust] 旋转增量 RPY=(0.000, 0.000, 0.100)deg
[13:59:33.067] [info] [ManualAdjust] 当前外参 [lidar_0→cam_0]:
[13:59:33.067] [info]   旋转 RPY: (-87.5532, -72.0353, -2.2123) deg
[13:59:33.067] [info]   平移 XYZ: (0.1230, 0.0399, -0.0577) m
[13:59:33.097] [debug] [ManualAdjust] 旋转增量 RPY=(0.000, 0.000, 0.100)deg
[13:59:33.097] [info] [ManualAdjust] 当前外参 [lidar_0→cam_0]:
[13:59:33.097] [info]   旋转 RPY: (-87.5663, -71.9354, -2.1985) deg
[13:59:33.097] [info]   平移 XYZ: (0.1230, 0.0399, -0.0577) m
[13:59:33.127] [debug] [ManualAdjust] 旋转增量 RPY=(0.000, 0.000, 0.100)deg
[13:59:33.127] [info] [ManualAdjust] 当前外参 [lidar_0→cam_0]:
[13:59:33.127] [info]   旋转 RPY: (-87.5792, -71.8355, -2.1849) deg
[13:59:33.127] [info]   平移 XYZ: (0.1230, 0.0399, -0.0577) m
[13:59:33.157] [debug] [ManualAdjust] 旋转增量 RPY=(0.000, 0.000, 0.100)deg
[13:59:33.157] [info] [ManualAdjust] 当前外参 [lidar_0→cam_0]:
[13:59:33.157] [info]   旋转 RPY: (-87.5920, -71.7355, -2.1714) deg
[13:59:33.157] [info]   平移 XYZ: (0.1230, 0.0399, -0.0577) m
[13:59:33.187] [debug] [ManualAdjust] 旋转增量 RPY=(0.000, 0.000, 0.100)deg
[13:59:33.187] [info] [ManualAdjust] 当前外参 [lidar_0→cam_0]:
[13:59:33.187] [info]   旋转 RPY: (-87.6047, -71.6356, -2.1581) deg
[13:59:33.187] [info]   平移 XYZ: (0.1230, 0.0399, -0.0577) m
[13:59:33.217] [debug] [ManualAdjust] 旋转增量 RPY=(0.000, 0.000, 0.100)deg
[13:59:33.217] [info] [ManualAdjust] 当前外参 [lidar_0→cam_0]:
[13:59:33.217] [info]   旋转 RPY: (-87.6172, -71.5357, -2.1449) deg
[13:59:33.217] [info]   平移 XYZ: (0.1230, 0.0399, -0.0577) m
[13:59:33.247] [debug] [ManualAdjust] 旋转增量 RPY=(0.000, 0.000, 0.100)deg
[13:59:33.247] [info] [ManualAdjust] 当前外参 [lidar_0→cam_0]:
[13:59:33.247] [info]   旋转 RPY: (-87.6296, -71.4358, -2.1318) deg
[13:59:33.247] [info]   平移 XYZ: (0.1230, 0.0399, -0.0577) m
[13:59:33.277] [debug] [ManualAdjust] 旋转增量 RPY=(0.000, 0.000, 0.100)deg
[13:59:33.277] [info] [ManualAdjust] 当前外参 [lidar_0→cam_0]:
[13:59:33.277] [info]   旋转 RPY: (-87.6418, -71.3359, -2.1189) deg
[13:59:33.277] [info]   平移 XYZ: (0.1230, 0.0399, -0.0577) m
[13:59:33.307] [debug] [ManualAdjust] 旋转增量 RPY=(0.000, 0.000, 0.100)deg
[13:59:33.307] [info] [ManualAdjust] 当前外参 [lidar_0→cam_0]:
[13:59:33.307] [info]   旋转 RPY: (-87.6539, -71.2360, -2.1061) deg
[13:59:33.307] [info]   平移 XYZ: (0.1230, 0.0399, -0.0577) m
[13:59:33.337] [debug] [ManualAdjust] 旋转增量 RPY=(0.000, 0.000, 0.100)deg
[13:59:33.337] [info] [ManualAdjust] 当前外参 [lidar_0→cam_0]:
[13:59:33.337] [info]   旋转 RPY: (-87.6659, -71.1361, -2.0934) deg
[13:59:33.337] [info]   平移 XYZ: (0.1230, 0.0399, -0.0577) m
[13:59:33.367] [debug] [ManualAdjust] 旋转增量 RPY=(0.000, 0.000, 0.100)deg
[13:59:33.367] [info] [ManualAdjust] 当前外参 [lidar_0→cam_0]:
[13:59:33.367] [info]   旋转 RPY: (-87.6778, -71.0361, -2.0809) deg
[13:59:33.367] [info]   平移 XYZ: (0.1230, 0.0399, -0.0577) m
[13:59:33.397] [debug] [ManualAdjust] 旋转增量 RPY=(0.000, 0.000, 0.100)deg
[13:59:33.397] [info] [ManualAdjust] 当前外参 [lidar_0→cam_0]:
[13:59:33.397] [info]   旋转 RPY: (-87.6895, -70.9362, -2.0685) deg
[13:59:33.397] [info]   平移 XYZ: (0.1230, 0.0399, -0.0577) m
[13:59:33.427] [debug] [ManualAdjust] 旋转增量 RPY=(0.000, 0.000, 0.100)deg
[13:59:33.427] [info] [ManualAdjust] 当前外参 [lidar_0→cam_0]:
[13:59:33.427] [info]   旋转 RPY: (-87.7011, -70.8363, -2.0562) deg
[13:59:33.427] [info]   平移 XYZ: (0.1230, 0.0399, -0.0577) m
[13:59:33.457] [debug] [ManualAdjust] 旋转增量 RPY=(0.000, 0.000, 0.100)deg
[13:59:33.457] [info] [ManualAdjust] 当前外参 [lidar_0→cam_0]:
[13:59:33.457] [info]   旋转 RPY: (-87.7126, -70.7364, -2.0441) deg
[13:59:33.457] [info]   平移 XYZ: (0.1230, 0.0399, -0.0577) m
[13:59:33.487] [debug] [ManualAdjust] 旋转增量 RPY=(0.000, 0.000, 0.100)deg
[13:59:33.487] [info] [ManualAdjust] 当前外参 [lidar_0→cam_0]:
[13:59:33.487] [info]   旋转 RPY: (-87.7240, -70.6365, -2.0320) deg
[13:59:33.487] [info]   平移 XYZ: (0.1230, 0.0399, -0.0577) m
[13:59:33.518] [debug] [ManualAdjust] 旋转增量 RPY=(0.000, 0.000, 0.100)deg
[13:59:33.518] [info] [ManualAdjust] 当前外参 [lidar_0→cam_0]:
[13:59:33.518] [info]   旋转 RPY: (-87.7352, -70.5365, -2.0201) deg
[13:59:33.518] [info]   平移 XYZ: (0.1230, 0.0399, -0.0577) m
[13:59:33.548] [debug] [ManualAdjust] 旋转增量 RPY=(0.000, 0.000, 0.100)deg
[13:59:33.548] [info] [ManualAdjust] 当前外参 [lidar_0→cam_0]:
[13:59:33.548] [info]   旋转 RPY: (-87.7463, -70.4366, -2.0083) deg
[13:59:33.548] [info]   平移 XYZ: (0.1230, 0.0399, -0.0577) m
[13:59:33.578] [debug] [ManualAdjust] 旋转增量 RPY=(0.000, 0.000, 0.100)deg
[13:59:33.578] [info] [ManualAdjust] 当前外参 [lidar_0→cam_0]:
[13:59:33.578] [info]   旋转 RPY: (-87.7573, -70.3367, -1.9966) deg
[13:59:33.578] [info]   平移 XYZ: (0.1230, 0.0399, -0.0577) m
[13:59:33.609] [debug] [ManualAdjust] 旋转增量 RPY=(0.000, 0.000, 0.100)deg
[13:59:33.609] [info] [ManualAdjust] 当前外参 [lidar_0→cam_0]:
[13:59:33.609] [info]   旋转 RPY: (-87.7682, -70.2368, -1.9850) deg
[13:59:33.609] [info]   平移 XYZ: (0.1230, 0.0399, -0.0577) m
[13:59:33.638] [debug] [ManualAdjust] 旋转增量 RPY=(0.000, 0.000, 0.100)deg
[13:59:33.638] [info] [ManualAdjust] 当前外参 [lidar_0→cam_0]:
[13:59:33.638] [info]   旋转 RPY: (-87.7790, -70.1368, -1.9736) deg
[13:59:33.638] [info]   平移 XYZ: (0.1230, 0.0399, -0.0577) m
[13:59:33.669] [debug] [ManualAdjust] 旋转增量 RPY=(0.000, 0.000, 0.100)deg
[13:59:33.669] [info] [ManualAdjust] 当前外参 [lidar_0→cam_0]:
[13:59:33.669] [info]   旋转 RPY: (-87.7897, -70.0369, -1.9622) deg
[13:59:33.669] [info]   平移 XYZ: (0.1230, 0.0399, -0.0577) m
[13:59:33.700] [debug] [ManualAdjust] 旋转增量 RPY=(0.000, 0.000, 0.100)deg
[13:59:33.700] [info] [ManualAdjust] 当前外参 [lidar_0→cam_0]:
[13:59:33.700] [info]   旋转 RPY: (-87.8002, -69.9370, -1.9510) deg
[13:59:33.700] [info]   平移 XYZ: (0.1230, 0.0399, -0.0577) m
[13:59:33.730] [debug] [ManualAdjust] 旋转增量 RPY=(0.000, 0.000, 0.100)deg
[13:59:33.730] [info] [ManualAdjust] 当前外参 [lidar_0→cam_0]:
[13:59:33.730] [info]   旋转 RPY: (-87.8107, -69.8371, -1.9398) deg
[13:59:33.730] [info]   平移 XYZ: (0.1230, 0.0399, -0.0577) m
[13:59:33.760] [debug] [ManualAdjust] 旋转增量 RPY=(0.000, 0.000, 0.100)deg
[13:59:33.760] [info] [ManualAdjust] 当前外参 [lidar_0→cam_0]:
[13:59:33.760] [info]   旋转 RPY: (-87.8211, -69.7371, -1.9288) deg
[13:59:33.760] [info]   平移 XYZ: (0.1230, 0.0399, -0.0577) m
[13:59:33.790] [debug] [ManualAdjust] 旋转增量 RPY=(0.000, 0.000, 0.100)deg
[13:59:33.790] [info] [ManualAdjust] 当前外参 [lidar_0→cam_0]:
[13:59:33.790] [info]   旋转 RPY: (-87.8313, -69.6372, -1.9179) deg
[13:59:33.790] [info]   平移 XYZ: (0.1230, 0.0399, -0.0577) m
[13:59:33.820] [debug] [ManualAdjust] 旋转增量 RPY=(0.000, 0.000, 0.100)deg
[13:59:33.820] [info] [ManualAdjust] 当前外参 [lidar_0→cam_0]:
[13:59:33.820] [info]   旋转 RPY: (-87.8414, -69.5373, -1.9071) deg
[13:59:33.820] [info]   平移 XYZ: (0.1230, 0.0399, -0.0577) m
[13:59:33.850] [debug] [ManualAdjust] 旋转增量 RPY=(0.000, 0.000, 0.100)deg
[13:59:33.850] [info] [ManualAdjust] 当前外参 [lidar_0→cam_0]:
[13:59:33.850] [info]   旋转 RPY: (-87.8515, -69.4374, -1.8963) deg
[13:59:33.850] [info]   平移 XYZ: (0.1230, 0.0399, -0.0577) m
[13:59:33.880] [debug] [ManualAdjust] 旋转增量 RPY=(0.000, 0.000, 0.100)deg
[13:59:33.880] [info] [ManualAdjust] 当前外参 [lidar_0→cam_0]:
[13:59:33.880] [info]   旋转 RPY: (-87.8614, -69.3374, -1.8857) deg
[13:59:33.880] [info]   平移 XYZ: (0.1230, 0.0399, -0.0577) m
[13:59:33.910] [debug] [ManualAdjust] 旋转增量 RPY=(0.000, 0.000, 0.100)deg
[13:59:33.910] [info] [ManualAdjust] 当前外参 [lidar_0→cam_0]:
[13:59:33.910] [info]   旋转 RPY: (-87.8713, -69.2375, -1.8752) deg
[13:59:33.910] [info]   平移 XYZ: (0.1230, 0.0399, -0.0577) m
[13:59:33.940] [debug] [ManualAdjust] 旋转增量 RPY=(0.000, 0.000, 0.100)deg
[13:59:33.940] [info] [ManualAdjust] 当前外参 [lidar_0→cam_0]:
[13:59:33.940] [info]   旋转 RPY: (-87.8810, -69.1376, -1.8648) deg
[13:59:33.940] [info]   平移 XYZ: (0.1230, 0.0399, -0.0577) m
[13:59:33.970] [debug] [ManualAdjust] 旋转增量 RPY=(0.000, 0.000, 0.100)deg
[13:59:33.970] [info] [ManualAdjust] 当前外参 [lidar_0→cam_0]:
[13:59:33.970] [info]   旋转 RPY: (-87.8907, -69.0376, -1.8544) deg
[13:59:33.970] [info]   平移 XYZ: (0.1230, 0.0399, -0.0577) m
[13:59:34.000] [debug] [ManualAdjust] 旋转增量 RPY=(0.000, 0.000, 0.100)deg
[13:59:34.000] [info] [ManualAdjust] 当前外参 [lidar_0→cam_0]:
[13:59:34.000] [info]   旋转 RPY: (-87.9002, -68.9377, -1.8442) deg
[13:59:34.000] [info]   平移 XYZ: (0.1230, 0.0399, -0.0577) m
[13:59:34.030] [debug] [ManualAdjust] 旋转增量 RPY=(0.000, 0.000, 0.100)deg
[13:59:34.030] [info] [ManualAdjust] 当前外参 [lidar_0→cam_0]:
[13:59:34.030] [info]   旋转 RPY: (-87.9097, -68.8378, -1.8340) deg
[13:59:34.030] [info]   平移 XYZ: (0.1230, 0.0399, -0.0577) m
[13:59:34.060] [debug] [ManualAdjust] 旋转增量 RPY=(0.000, 0.000, 0.100)deg
[13:59:34.060] [info] [ManualAdjust] 当前外参 [lidar_0→cam_0]:
[13:59:34.060] [info]   旋转 RPY: (-87.9191, -68.7378, -1.8240) deg
[13:59:34.060] [info]   平移 XYZ: (0.1230, 0.0399, -0.0577) m
[13:59:34.090] [debug] [ManualAdjust] 旋转增量 RPY=(0.000, 0.000, 0.100)deg
[13:59:34.090] [info] [ManualAdjust] 当前外参 [lidar_0→cam_0]:
[13:59:34.090] [info]   旋转 RPY: (-87.9284, -68.6379, -1.8140) deg
[13:59:34.090] [info]   平移 XYZ: (0.1230, 0.0399, -0.0577) m
[13:59:34.120] [debug] [ManualAdjust] 旋转增量 RPY=(0.000, 0.000, 0.100)deg
[13:59:34.120] [info] [ManualAdjust] 当前外参 [lidar_0→cam_0]:
[13:59:34.120] [info]   旋转 RPY: (-87.9376, -68.5380, -1.8041) deg
[13:59:34.120] [info]   平移 XYZ: (0.1230, 0.0399, -0.0577) m
[13:59:34.150] [debug] [ManualAdjust] 旋转增量 RPY=(0.000, 0.000, 0.100)deg
[13:59:34.150] [info] [ManualAdjust] 当前外参 [lidar_0→cam_0]:
[13:59:34.150] [info]   旋转 RPY: (-87.9467, -68.4380, -1.7943) deg
[13:59:34.150] [info]   平移 XYZ: (0.1230, 0.0399, -0.0577) m
[13:59:34.180] [debug] [ManualAdjust] 旋转增量 RPY=(0.000, 0.000, 0.100)deg
[13:59:34.180] [info] [ManualAdjust] 当前外参 [lidar_0→cam_0]:
[13:59:34.180] [info]   旋转 RPY: (-87.9557, -68.3381, -1.7846) deg
[13:59:34.180] [info]   平移 XYZ: (0.1230, 0.0399, -0.0577) m
[13:59:34.210] [debug] [ManualAdjust] 旋转增量 RPY=(0.000, 0.000, 0.100)deg
[13:59:34.210] [info] [ManualAdjust] 当前外参 [lidar_0→cam_0]:
[13:59:34.210] [info]   旋转 RPY: (-87.9646, -68.2382, -1.7750) deg
[13:59:34.210] [info]   平移 XYZ: (0.1230, 0.0399, -0.0577) m
[13:59:34.241] [debug] [ManualAdjust] 旋转增量 RPY=(0.000, 0.000, 0.100)deg
[13:59:34.241] [info] [ManualAdjust] 当前外参 [lidar_0→cam_0]:
[13:59:34.241] [info]   旋转 RPY: (-87.9735, -68.1382, -1.7655) deg
[13:59:34.241] [info]   平移 XYZ: (0.1230, 0.0399, -0.0577) m
[13:59:34.271] [debug] [ManualAdjust] 旋转增量 RPY=(0.000, 0.000, 0.100)deg
[13:59:34.271] [info] [ManualAdjust] 当前外参 [lidar_0→cam_0]:
[13:59:34.271] [info]   旋转 RPY: (-87.9823, -68.0383, -1.7560) deg
[13:59:34.271] [info]   平移 XYZ: (0.1230, 0.0399, -0.0577) m
[13:59:34.301] [debug] [ManualAdjust] 旋转增量 RPY=(0.000, 0.000, 0.100)deg
[13:59:34.301] [info] [ManualAdjust] 当前外参 [lidar_0→cam_0]:
[13:59:34.301] [info]   旋转 RPY: (-87.9910, -67.9383, -1.7466) deg
[13:59:34.301] [info]   平移 XYZ: (0.1230, 0.0399, -0.0577) m
[13:59:34.331] [debug] [ManualAdjust] 旋转增量 RPY=(0.000, 0.000, 0.100)deg
[13:59:34.331] [info] [ManualAdjust] 当前外参 [lidar_0→cam_0]:
[13:59:34.331] [info]   旋转 RPY: (-87.9996, -67.8384, -1.7373) deg
[13:59:34.331] [info]   平移 XYZ: (0.1230, 0.0399, -0.0577) m
[13:59:34.361] [debug] [ManualAdjust] 旋转增量 RPY=(0.000, 0.000, 0.100)deg
[13:59:34.361] [info] [ManualAdjust] 当前外参 [lidar_0→cam_0]:
[13:59:34.361] [info]   旋转 RPY: (-88.0081, -67.7385, -1.7281) deg
[13:59:34.361] [info]   平移 XYZ: (0.1230, 0.0399, -0.0577) m
[13:59:34.392] [debug] [ManualAdjust] 旋转增量 RPY=(0.000, 0.000, 0.100)deg
[13:59:34.392] [info] [ManualAdjust] 当前外参 [lidar_0→cam_0]:
[13:59:34.392] [info]   旋转 RPY: (-88.0166, -67.6385, -1.7190) deg
[13:59:34.392] [info]   平移 XYZ: (0.1230, 0.0399, -0.0577) m
[13:59:34.422] [debug] [ManualAdjust] 旋转增量 RPY=(0.000, 0.000, 0.100)deg
[13:59:34.422] [info] [ManualAdjust] 当前外参 [lidar_0→cam_0]:
[13:59:34.422] [info]   旋转 RPY: (-88.0249, -67.5386, -1.7099) deg
[13:59:34.422] [info]   平移 XYZ: (0.1230, 0.0399, -0.0577) m
[13:59:34.453] [debug] [ManualAdjust] 旋转增量 RPY=(0.000, 0.000, 0.100)deg
[13:59:34.453] [info] [ManualAdjust] 当前外参 [lidar_0→cam_0]:
[13:59:34.453] [info]   旋转 RPY: (-88.0332, -67.4386, -1.7010) deg
[13:59:34.453] [info]   平移 XYZ: (0.1230, 0.0399, -0.0577) m
[13:59:34.483] [debug] [ManualAdjust] 旋转增量 RPY=(0.000, 0.000, 0.100)deg
[13:59:34.483] [info] [ManualAdjust] 当前外参 [lidar_0→cam_0]:
[13:59:34.483] [info]   旋转 RPY: (-88.0415, -67.3387, -1.6920) deg
[13:59:34.483] [info]   平移 XYZ: (0.1230, 0.0399, -0.0577) m
[13:59:34.513] [debug] [ManualAdjust] 旋转增量 RPY=(0.000, 0.000, 0.100)deg
[13:59:34.514] [info] [ManualAdjust] 当前外参 [lidar_0→cam_0]:
[13:59:34.514] [info]   旋转 RPY: (-88.0496, -67.2388, -1.6832) deg
[13:59:34.514] [info]   平移 XYZ: (0.1230, 0.0399, -0.0577) m
[13:59:34.543] [debug] [ManualAdjust] 旋转增量 RPY=(0.000, 0.000, 0.100)deg
[13:59:34.543] [info] [ManualAdjust] 当前外参 [lidar_0→cam_0]:
[13:59:34.543] [info]   旋转 RPY: (-88.0577, -67.1388, -1.6744) deg
[13:59:34.543] [info]   平移 XYZ: (0.1230, 0.0399, -0.0577) m
[13:59:34.574] [debug] [ManualAdjust] 旋转增量 RPY=(0.000, 0.000, 0.100)deg
[13:59:34.574] [info] [ManualAdjust] 当前外参 [lidar_0→cam_0]:
[13:59:34.574] [info]   旋转 RPY: (-88.0657, -67.0389, -1.6658) deg
[13:59:34.574] [info]   平移 XYZ: (0.1230, 0.0399, -0.0577) m
[13:59:34.604] [debug] [ManualAdjust] 旋转增量 RPY=(0.000, 0.000, 0.100)deg
[13:59:34.604] [info] [ManualAdjust] 当前外参 [lidar_0→cam_0]:
[13:59:34.604] [info]   旋转 RPY: (-88.0736, -66.9389, -1.6571) deg
[13:59:34.604] [info]   平移 XYZ: (0.1230, 0.0399, -0.0577) m
[13:59:34.634] [debug] [ManualAdjust] 旋转增量 RPY=(0.000, 0.000, 0.100)deg
[13:59:34.634] [info] [ManualAdjust] 当前外参 [lidar_0→cam_0]:
[13:59:34.634] [info]   旋转 RPY: (-88.0815, -66.8390, -1.6486) deg
[13:59:34.634] [info]   平移 XYZ: (0.1230, 0.0399, -0.0577) m
[13:59:34.664] [debug] [ManualAdjust] 旋转增量 RPY=(0.000, 0.000, 0.100)deg
[13:59:34.664] [info] [ManualAdjust] 当前外参 [lidar_0→cam_0]:
[13:59:34.664] [info]   旋转 RPY: (-88.0893, -66.7390, -1.6401) deg
[13:59:34.664] [info]   平移 XYZ: (0.1230, 0.0399, -0.0577) m
[13:59:34.695] [debug] [ManualAdjust] 旋转增量 RPY=(0.000, 0.000, 0.100)deg
[13:59:34.695] [info] [ManualAdjust] 当前外参 [lidar_0→cam_0]:
[13:59:34.695] [info]   旋转 RPY: (-88.0970, -66.6391, -1.6317) deg
[13:59:34.695] [info]   平移 XYZ: (0.1230, 0.0399, -0.0577) m
[13:59:34.725] [debug] [ManualAdjust] 旋转增量 RPY=(0.000, 0.000, 0.100)deg
[13:59:34.725] [info] [ManualAdjust] 当前外参 [lidar_0→cam_0]:
[13:59:34.725] [info]   旋转 RPY: (-88.1046, -66.5392, -1.6234) deg
[13:59:34.725] [info]   平移 XYZ: (0.1230, 0.0399, -0.0577) m
[13:59:34.755] [debug] [ManualAdjust] 旋转增量 RPY=(0.000, 0.000, 0.100)deg
[13:59:34.755] [info] [ManualAdjust] 当前外参 [lidar_0→cam_0]:
[13:59:34.755] [info]   旋转 RPY: (-88.1122, -66.4392, -1.6151) deg
[13:59:34.755] [info]   平移 XYZ: (0.1230, 0.0399, -0.0577) m
[13:59:34.785] [debug] [ManualAdjust] 旋转增量 RPY=(0.000, 0.000, 0.100)deg
[13:59:34.785] [info] [ManualAdjust] 当前外参 [lidar_0→cam_0]:
[13:59:34.785] [info]   旋转 RPY: (-88.1197, -66.3393, -1.6069) deg
[13:59:34.785] [info]   平移 XYZ: (0.1230, 0.0399, -0.0577) m
[13:59:34.815] [debug] [ManualAdjust] 旋转增量 RPY=(0.000, 0.000, 0.100)deg
[13:59:34.815] [info] [ManualAdjust] 当前外参 [lidar_0→cam_0]:
[13:59:34.815] [info]   旋转 RPY: (-88.1272, -66.2393, -1.5987) deg
[13:59:34.815] [info]   平移 XYZ: (0.1230, 0.0399, -0.0577) m
[13:59:34.845] [debug] [ManualAdjust] 旋转增量 RPY=(0.000, 0.000, 0.100)deg
[13:59:34.845] [info] [ManualAdjust] 当前外参 [lidar_0→cam_0]:
[13:59:34.845] [info]   旋转 RPY: (-88.1346, -66.1394, -1.5907) deg
[13:59:34.845] [info]   平移 XYZ: (0.1230, 0.0399, -0.0577) m
[13:59:34.876] [debug] [ManualAdjust] 旋转增量 RPY=(0.000, 0.000, 0.100)deg
[13:59:34.876] [info] [ManualAdjust] 当前外参 [lidar_0→cam_0]:
[13:59:34.876] [info]   旋转 RPY: (-88.1419, -66.0394, -1.5826) deg
[13:59:34.876] [info]   平移 XYZ: (0.1230, 0.0399, -0.0577) m
[13:59:34.906] [debug] [ManualAdjust] 旋转增量 RPY=(0.000, 0.000, 0.100)deg
[13:59:34.906] [info] [ManualAdjust] 当前外参 [lidar_0→cam_0]:
[13:59:34.906] [info]   旋转 RPY: (-88.1492, -65.9395, -1.5747) deg
[13:59:34.906] [info]   平移 XYZ: (0.1230, 0.0399, -0.0577) m
[13:59:34.936] [debug] [ManualAdjust] 旋转增量 RPY=(0.000, 0.000, 0.100)deg
[13:59:34.936] [info] [ManualAdjust] 当前外参 [lidar_0→cam_0]:
[13:59:34.936] [info]   旋转 RPY: (-88.1564, -65.8395, -1.5668) deg
[13:59:34.936] [info]   平移 XYZ: (0.1230, 0.0399, -0.0577) m
[13:59:34.966] [debug] [ManualAdjust] 旋转增量 RPY=(0.000, 0.000, 0.100)deg
[13:59:34.966] [info] [ManualAdjust] 当前外参 [lidar_0→cam_0]:
[13:59:34.966] [info]   旋转 RPY: (-88.1635, -65.7396, -1.5590) deg
[13:59:34.966] [info]   平移 XYZ: (0.1230, 0.0399, -0.0577) m
[13:59:34.996] [debug] [ManualAdjust] 旋转增量 RPY=(0.000, 0.000, 0.100)deg
[13:59:34.996] [info] [ManualAdjust] 当前外参 [lidar_0→cam_0]:
[13:59:34.996] [info]   旋转 RPY: (-88.1706, -65.6396, -1.5512) deg
[13:59:34.996] [info]   平移 XYZ: (0.1230, 0.0399, -0.0577) m
[13:59:35.026] [debug] [ManualAdjust] 旋转增量 RPY=(0.000, 0.000, 0.100)deg
[13:59:35.026] [info] [ManualAdjust] 当前外参 [lidar_0→cam_0]:
[13:59:35.026] [info]   旋转 RPY: (-88.1776, -65.5397, -1.5435) deg
[13:59:35.026] [info]   平移 XYZ: (0.1230, 0.0399, -0.0577) m
[13:59:35.056] [debug] [ManualAdjust] 旋转增量 RPY=(0.000, 0.000, 0.100)deg
[13:59:35.056] [info] [ManualAdjust] 当前外参 [lidar_0→cam_0]:
[13:59:35.056] [info]   旋转 RPY: (-88.1846, -65.4397, -1.5358) deg
[13:59:35.056] [info]   平移 XYZ: (0.1230, 0.0399, -0.0577) m
[13:59:35.086] [debug] [ManualAdjust] 旋转增量 RPY=(0.000, 0.000, 0.100)deg
[13:59:35.086] [info] [ManualAdjust] 当前外参 [lidar_0→cam_0]:
[13:59:35.086] [info]   旋转 RPY: (-88.1915, -65.3398, -1.5283) deg
[13:59:35.086] [info]   平移 XYZ: (0.1230, 0.0399, -0.0577) m
[13:59:35.116] [debug] [ManualAdjust] 旋转增量 RPY=(0.000, 0.000, 0.100)deg
[13:59:35.116] [info] [ManualAdjust] 当前外参 [lidar_0→cam_0]:
[13:59:35.116] [info]   旋转 RPY: (-88.1983, -65.2398, -1.5207) deg
[13:59:35.116] [info]   平移 XYZ: (0.1230, 0.0399, -0.0577) m
[13:59:35.147] [debug] [ManualAdjust] 旋转增量 RPY=(0.000, 0.000, 0.100)deg
[13:59:35.147] [info] [ManualAdjust] 当前外参 [lidar_0→cam_0]:
[13:59:35.147] [info]   旋转 RPY: (-88.2051, -65.1399, -1.5132) deg
[13:59:35.147] [info]   平移 XYZ: (0.1230, 0.0399, -0.0577) m
[13:59:35.177] [debug] [ManualAdjust] 旋转增量 RPY=(0.000, 0.000, 0.100)deg
[13:59:35.177] [info] [ManualAdjust] 当前外参 [lidar_0→cam_0]:
[13:59:35.177] [info]   旋转 RPY: (-88.2119, -65.0399, -1.5058) deg
[13:59:35.177] [info]   平移 XYZ: (0.1230, 0.0399, -0.0577) m
[13:59:35.208] [debug] [ManualAdjust] 旋转增量 RPY=(0.000, 0.000, 0.100)deg
[13:59:35.208] [info] [ManualAdjust] 当前外参 [lidar_0→cam_0]:
[13:59:35.208] [info]   旋转 RPY: (-88.2185, -64.9400, -1.4984) deg
[13:59:35.208] [info]   平移 XYZ: (0.1230, 0.0399, -0.0577) m
[13:59:35.238] [debug] [ManualAdjust] 旋转增量 RPY=(0.000, 0.000, 0.100)deg
[13:59:35.238] [info] [ManualAdjust] 当前外参 [lidar_0→cam_0]:
[13:59:35.238] [info]   旋转 RPY: (-88.2252, -64.8400, -1.4911) deg
[13:59:35.238] [info]   平移 XYZ: (0.1230, 0.0399, -0.0577) m
[13:59:35.269] [debug] [ManualAdjust] 旋转增量 RPY=(0.000, 0.000, 0.100)deg
[13:59:35.269] [info] [ManualAdjust] 当前外参 [lidar_0→cam_0]:
[13:59:35.269] [info]   旋转 RPY: (-88.2317, -64.7401, -1.4839) deg
[13:59:35.269] [info]   平移 XYZ: (0.1230, 0.0399, -0.0577) m
[13:59:35.299] [debug] [ManualAdjust] 旋转增量 RPY=(0.000, 0.000, 0.100)deg
[13:59:35.299] [info] [ManualAdjust] 当前外参 [lidar_0→cam_0]:
[13:59:35.299] [info]   旋转 RPY: (-88.2382, -64.6401, -1.4767) deg
[13:59:35.299] [info]   平移 XYZ: (0.1230, 0.0399, -0.0577) m
[13:59:35.329] [debug] [ManualAdjust] 旋转增量 RPY=(0.000, 0.000, 0.100)deg
[13:59:35.329] [info] [ManualAdjust] 当前外参 [lidar_0→cam_0]:
[13:59:35.329] [info]   旋转 RPY: (-88.2447, -64.5402, -1.4695) deg
[13:59:35.329] [info]   平移 XYZ: (0.1230, 0.0399, -0.0577) m
[13:59:35.359] [debug] [ManualAdjust] 旋转增量 RPY=(0.000, 0.000, 0.100)deg
[13:59:35.359] [info] [ManualAdjust] 当前外参 [lidar_0→cam_0]:
[13:59:35.359] [info]   旋转 RPY: (-88.2511, -64.4402, -1.4624) deg
[13:59:35.359] [info]   平移 XYZ: (0.1230, 0.0399, -0.0577) m
[13:59:35.389] [debug] [ManualAdjust] 旋转增量 RPY=(0.000, 0.000, 0.100)deg
[13:59:35.389] [info] [ManualAdjust] 当前外参 [lidar_0→cam_0]:
[13:59:35.389] [info]   旋转 RPY: (-88.2575, -64.3403, -1.4554) deg
[13:59:35.389] [info]   平移 XYZ: (0.1230, 0.0399, -0.0577) m
[13:59:35.420] [debug] [ManualAdjust] 旋转增量 RPY=(0.000, 0.000, 0.100)deg
[13:59:35.420] [info] [ManualAdjust] 当前外参 [lidar_0→cam_0]:
[13:59:35.420] [info]   旋转 RPY: (-88.2638, -64.2403, -1.4484) deg
[13:59:35.420] [info]   平移 XYZ: (0.1230, 0.0399, -0.0577) m
[13:59:35.450] [debug] [ManualAdjust] 旋转增量 RPY=(0.000, 0.000, 0.100)deg
[13:59:35.450] [info] [ManualAdjust] 当前外参 [lidar_0→cam_0]:
[13:59:35.450] [info]   旋转 RPY: (-88.2700, -64.1404, -1.4414) deg
[13:59:35.450] [info]   平移 XYZ: (0.1230, 0.0399, -0.0577) m
[13:59:35.480] [debug] [ManualAdjust] 旋转增量 RPY=(0.000, 0.000, 0.100)deg
[13:59:35.480] [info] [ManualAdjust] 当前外参 [lidar_0→cam_0]:
[13:59:35.480] [info]   旋转 RPY: (-88.2762, -64.0404, -1.4345) deg
[13:59:35.480] [info]   平移 XYZ: (0.1230, 0.0399, -0.0577) m
[13:59:35.510] [debug] [ManualAdjust] 旋转增量 RPY=(0.000, 0.000, 0.100)deg
[13:59:35.510] [info] [ManualAdjust] 当前外参 [lidar_0→cam_0]:
[13:59:35.510] [info]   旋转 RPY: (-88.2824, -63.9404, -1.4277) deg
[13:59:35.510] [info]   平移 XYZ: (0.1230, 0.0399, -0.0577) m
[13:59:35.540] [debug] [ManualAdjust] 旋转增量 RPY=(0.000, 0.000, 0.100)deg
[13:59:35.540] [info] [ManualAdjust] 当前外参 [lidar_0→cam_0]:
[13:59:35.540] [info]   旋转 RPY: (-88.2885, -63.8405, -1.4209) deg
[13:59:35.540] [info]   平移 XYZ: (0.1230, 0.0399, -0.0577) m
[13:59:35.570] [debug] [ManualAdjust] 旋转增量 RPY=(0.000, 0.000, 0.100)deg
[13:59:35.570] [info] [ManualAdjust] 当前外参 [lidar_0→cam_0]:
[13:59:35.570] [info]   旋转 RPY: (-88.2945, -63.7405, -1.4141) deg
[13:59:35.570] [info]   平移 XYZ: (0.1230, 0.0399, -0.0577) m
[13:59:35.601] [debug] [ManualAdjust] 旋转增量 RPY=(0.000, 0.000, 0.100)deg
[13:59:35.601] [info] [ManualAdjust] 当前外参 [lidar_0→cam_0]:
[13:59:35.601] [info]   旋转 RPY: (-88.3005, -63.6406, -1.4074) deg
[13:59:35.601] [info]   平移 XYZ: (0.1230, 0.0399, -0.0577) m
[13:59:35.631] [debug] [ManualAdjust] 旋转增量 RPY=(0.000, 0.000, 0.100)deg
[13:59:35.631] [info] [ManualAdjust] 当前外参 [lidar_0→cam_0]:
[13:59:35.631] [info]   旋转 RPY: (-88.3065, -63.5406, -1.4008) deg
[13:59:35.631] [info]   平移 XYZ: (0.1230, 0.0399, -0.0577) m
[13:59:35.662] [debug] [ManualAdjust] 旋转增量 RPY=(0.000, 0.000, 0.100)deg
[13:59:35.662] [info] [ManualAdjust] 当前外参 [lidar_0→cam_0]:
[13:59:35.662] [info]   旋转 RPY: (-88.3124, -63.4407, -1.3942) deg
[13:59:35.662] [info]   平移 XYZ: (0.1230, 0.0399, -0.0577) m
[13:59:35.691] [debug] [ManualAdjust] 旋转增量 RPY=(0.000, 0.000, 0.100)deg
[13:59:35.691] [info] [ManualAdjust] 当前外参 [lidar_0→cam_0]:
[13:59:35.691] [info]   旋转 RPY: (-88.3183, -63.3407, -1.3876) deg
[13:59:35.691] [info]   平移 XYZ: (0.1230, 0.0399, -0.0577) m
[13:59:35.722] [debug] [ManualAdjust] 旋转增量 RPY=(0.000, 0.000, 0.100)deg
[13:59:35.722] [info] [ManualAdjust] 当前外参 [lidar_0→cam_0]:
[13:59:35.722] [info]   旋转 RPY: (-88.3241, -63.2407, -1.3811) deg
[13:59:35.722] [info]   平移 XYZ: (0.1230, 0.0399, -0.0577) m
[13:59:35.753] [debug] [ManualAdjust] 旋转增量 RPY=(0.000, 0.000, 0.100)deg
[13:59:35.753] [info] [ManualAdjust] 当前外参 [lidar_0→cam_0]:
[13:59:35.753] [info]   旋转 RPY: (-88.3299, -63.1408, -1.3746) deg
[13:59:35.753] [info]   平移 XYZ: (0.1230, 0.0399, -0.0577) m
[13:59:35.783] [debug] [ManualAdjust] 旋转增量 RPY=(0.000, 0.000, 0.100)deg
[13:59:35.784] [info] [ManualAdjust] 当前外参 [lidar_0→cam_0]:
[13:59:35.784] [info]   旋转 RPY: (-88.3356, -63.0408, -1.3682) deg
[13:59:35.784] [info]   平移 XYZ: (0.1230, 0.0399, -0.0577) m
[13:59:35.813] [debug] [ManualAdjust] 旋转增量 RPY=(0.000, 0.000, 0.100)deg
[13:59:35.813] [info] [ManualAdjust] 当前外参 [lidar_0→cam_0]:
[13:59:35.813] [info]   旋转 RPY: (-88.3413, -62.9409, -1.3618) deg
[13:59:35.813] [info]   平移 XYZ: (0.1230, 0.0399, -0.0577) m
[13:59:35.843] [debug] [ManualAdjust] 旋转增量 RPY=(0.000, 0.000, 0.100)deg
[13:59:35.843] [info] [ManualAdjust] 当前外参 [lidar_0→cam_0]:
[13:59:35.843] [info]   旋转 RPY: (-88.3470, -62.8409, -1.3555) deg
[13:59:35.843] [info]   平移 XYZ: (0.1230, 0.0399, -0.0577) m
[13:59:35.873] [debug] [ManualAdjust] 旋转增量 RPY=(0.000, 0.000, 0.100)deg
[13:59:35.873] [info] [ManualAdjust] 当前外参 [lidar_0→cam_0]:
[13:59:35.873] [info]   旋转 RPY: (-88.3526, -62.7410, -1.3492) deg
[13:59:35.873] [info]   平移 XYZ: (0.1230, 0.0399, -0.0577) m
[13:59:35.903] [debug] [ManualAdjust] 旋转增量 RPY=(0.000, 0.000, 0.100)deg
[13:59:35.903] [info] [ManualAdjust] 当前外参 [lidar_0→cam_0]:
[13:59:35.903] [info]   旋转 RPY: (-88.3581, -62.6410, -1.3429) deg
[13:59:35.903] [info]   平移 XYZ: (0.1230, 0.0399, -0.0577) m
[13:59:35.933] [debug] [ManualAdjust] 旋转增量 RPY=(0.000, 0.000, 0.100)deg
[13:59:35.933] [info] [ManualAdjust] 当前外参 [lidar_0→cam_0]:
[13:59:35.934] [info]   旋转 RPY: (-88.3636, -62.5410, -1.3367) deg
[13:59:35.934] [info]   平移 XYZ: (0.1230, 0.0399, -0.0577) m
[13:59:35.963] [debug] [ManualAdjust] 旋转增量 RPY=(0.000, 0.000, 0.100)deg
[13:59:35.963] [info] [ManualAdjust] 当前外参 [lidar_0→cam_0]:
[13:59:35.963] [info]   旋转 RPY: (-88.3691, -62.4411, -1.3305) deg
[13:59:35.963] [info]   平移 XYZ: (0.1230, 0.0399, -0.0577) m
[13:59:35.993] [debug] [ManualAdjust] 旋转增量 RPY=(0.000, 0.000, 0.100)deg
[13:59:35.993] [info] [ManualAdjust] 当前外参 [lidar_0→cam_0]:
[13:59:35.993] [info]   旋转 RPY: (-88.3745, -62.3411, -1.3244) deg
[13:59:35.993] [info]   平移 XYZ: (0.1230, 0.0399, -0.0577) m
[13:59:36.023] [debug] [ManualAdjust] 旋转增量 RPY=(0.000, 0.000, 0.100)deg
[13:59:36.023] [info] [ManualAdjust] 当前外参 [lidar_0→cam_0]:
[13:59:36.023] [info]   旋转 RPY: (-88.3799, -62.2412, -1.3183) deg
[13:59:36.023] [info]   平移 XYZ: (0.1230, 0.0399, -0.0577) m
[13:59:36.053] [debug] [ManualAdjust] 旋转增量 RPY=(0.000, 0.000, 0.100)deg
[13:59:36.053] [info] [ManualAdjust] 当前外参 [lidar_0→cam_0]:
[13:59:36.053] [info]   旋转 RPY: (-88.3853, -62.1412, -1.3122) deg
[13:59:36.053] [info]   平移 XYZ: (0.1230, 0.0399, -0.0577) m
[13:59:36.083] [debug] [ManualAdjust] 旋转增量 RPY=(0.000, 0.000, 0.100)deg
[13:59:36.083] [info] [ManualAdjust] 当前外参 [lidar_0→cam_0]:
[13:59:36.083] [info]   旋转 RPY: (-88.3906, -62.0412, -1.3062) deg
[13:59:36.083] [info]   平移 XYZ: (0.1230, 0.0399, -0.0577) m
[13:59:36.113] [debug] [ManualAdjust] 旋转增量 RPY=(0.000, 0.000, 0.100)deg
[13:59:36.113] [info] [ManualAdjust] 当前外参 [lidar_0→cam_0]:
[13:59:36.113] [info]   旋转 RPY: (-88.3959, -61.9413, -1.3003) deg
[13:59:36.113] [info]   平移 XYZ: (0.1230, 0.0399, -0.0577) m
[13:59:36.143] [debug] [ManualAdjust] 旋转增量 RPY=(0.000, 0.000, 0.100)deg
[13:59:36.143] [info] [ManualAdjust] 当前外参 [lidar_0→cam_0]:
[13:59:36.143] [info]   旋转 RPY: (-88.4011, -61.8413, -1.2943) deg
[13:59:36.143] [info]   平移 XYZ: (0.1230, 0.0399, -0.0577) m
[13:59:36.173] [debug] [ManualAdjust] 旋转增量 RPY=(0.000, 0.000, 0.100)deg
[13:59:36.173] [info] [ManualAdjust] 当前外参 [lidar_0→cam_0]:
[13:59:36.173] [info]   旋转 RPY: (-88.4063, -61.7414, -1.2884) deg
[13:59:36.173] [info]   平移 XYZ: (0.1230, 0.0399, -0.0577) m
[13:59:36.204] [debug] [ManualAdjust] 旋转增量 RPY=(0.000, 0.000, 0.100)deg
[13:59:36.204] [info] [ManualAdjust] 当前外参 [lidar_0→cam_0]:
[13:59:36.204] [info]   旋转 RPY: (-88.4114, -61.6414, -1.2826) deg
[13:59:36.204] [info]   平移 XYZ: (0.1230, 0.0399, -0.0577) m
[13:59:36.234] [debug] [ManualAdjust] 旋转增量 RPY=(0.000, 0.000, 0.100)deg
[13:59:36.234] [info] [ManualAdjust] 当前外参 [lidar_0→cam_0]:
[13:59:36.234] [info]   旋转 RPY: (-88.4166, -61.5414, -1.2768) deg
[13:59:36.234] [info]   平移 XYZ: (0.1230, 0.0399, -0.0577) m
[13:59:36.263] [debug] [ManualAdjust] 旋转增量 RPY=(0.000, 0.000, 0.100)deg
[13:59:36.263] [info] [ManualAdjust] 当前外参 [lidar_0→cam_0]:
[13:59:36.263] [info]   旋转 RPY: (-88.4216, -61.4415, -1.2710) deg
[13:59:36.263] [info]   平移 XYZ: (0.1230, 0.0399, -0.0577) m
[13:59:36.293] [debug] [ManualAdjust] 旋转增量 RPY=(0.000, 0.000, 0.100)deg
[13:59:36.293] [info] [ManualAdjust] 当前外参 [lidar_0→cam_0]:
[13:59:36.293] [info]   旋转 RPY: (-88.4267, -61.3415, -1.2652) deg
[13:59:36.293] [info]   平移 XYZ: (0.1230, 0.0399, -0.0577) m
[13:59:36.324] [debug] [ManualAdjust] 旋转增量 RPY=(0.000, 0.000, 0.100)deg
[13:59:36.324] [info] [ManualAdjust] 当前外参 [lidar_0→cam_0]:
[13:59:36.324] [info]   旋转 RPY: (-88.4317, -61.2415, -1.2595) deg
[13:59:36.324] [info]   平移 XYZ: (0.1230, 0.0399, -0.0577) m
[13:59:36.354] [debug] [ManualAdjust] 旋转增量 RPY=(0.000, 0.000, 0.100)deg
[13:59:36.354] [info] [ManualAdjust] 当前外参 [lidar_0→cam_0]:
[13:59:36.354] [info]   旋转 RPY: (-88.4367, -61.1416, -1.2539) deg
[13:59:36.354] [info]   平移 XYZ: (0.1230, 0.0399, -0.0577) m
[13:59:36.384] [debug] [ManualAdjust] 旋转增量 RPY=(0.000, 0.000, 0.100)deg
[13:59:36.385] [info] [ManualAdjust] 当前外参 [lidar_0→cam_0]:
[13:59:36.385] [info]   旋转 RPY: (-88.4416, -61.0416, -1.2482) deg
[13:59:36.385] [info]   平移 XYZ: (0.1230, 0.0399, -0.0577) m
[13:59:36.415] [debug] [ManualAdjust] 旋转增量 RPY=(0.000, 0.000, 0.100)deg
[13:59:36.415] [info] [ManualAdjust] 当前外参 [lidar_0→cam_0]:
[13:59:36.415] [info]   旋转 RPY: (-88.4465, -60.9417, -1.2426) deg
[13:59:36.415] [info]   平移 XYZ: (0.1230, 0.0399, -0.0577) m
[13:59:36.445] [debug] [ManualAdjust] 旋转增量 RPY=(0.000, 0.000, 0.100)deg
[13:59:36.445] [info] [ManualAdjust] 当前外参 [lidar_0→cam_0]:
[13:59:36.445] [info]   旋转 RPY: (-88.4513, -60.8417, -1.2371) deg
[13:59:36.445] [info]   平移 XYZ: (0.1230, 0.0399, -0.0577) m
[13:59:36.475] [debug] [ManualAdjust] 旋转增量 RPY=(0.000, 0.000, 0.100)deg
[13:59:36.475] [info] [ManualAdjust] 当前外参 [lidar_0→cam_0]:
[13:59:36.475] [info]   旋转 RPY: (-88.4562, -60.7417, -1.2315) deg
[13:59:36.475] [info]   平移 XYZ: (0.1230, 0.0399, -0.0577) m
[13:59:36.506] [debug] [ManualAdjust] 旋转增量 RPY=(0.000, 0.000, 0.100)deg
[13:59:36.506] [info] [ManualAdjust] 当前外参 [lidar_0→cam_0]:
[13:59:36.506] [info]   旋转 RPY: (-88.4610, -60.6418, -1.2260) deg
[13:59:36.506] [info]   平移 XYZ: (0.1230, 0.0399, -0.0577) m
[13:59:36.536] [debug] [ManualAdjust] 旋转增量 RPY=(0.000, 0.000, 0.100)deg
[13:59:36.536] [info] [ManualAdjust] 当前外参 [lidar_0→cam_0]:
[13:59:36.536] [info]   旋转 RPY: (-88.4657, -60.5418, -1.2206) deg
[13:59:36.536] [info]   平移 XYZ: (0.1230, 0.0399, -0.0577) m
[13:59:36.566] [debug] [ManualAdjust] 旋转增量 RPY=(0.000, 0.000, 0.100)deg
[13:59:36.566] [info] [ManualAdjust] 当前外参 [lidar_0→cam_0]:
[13:59:36.566] [info]   旋转 RPY: (-88.4704, -60.4418, -1.2152) deg
[13:59:36.566] [info]   平移 XYZ: (0.1230, 0.0399, -0.0577) m
[13:59:36.596] [debug] [ManualAdjust] 旋转增量 RPY=(0.000, 0.000, 0.100)deg
[13:59:36.596] [info] [ManualAdjust] 当前外参 [lidar_0→cam_0]:
[13:59:36.596] [info]   旋转 RPY: (-88.4751, -60.3419, -1.2098) deg
[13:59:36.596] [info]   平移 XYZ: (0.1230, 0.0399, -0.0577) m
[13:59:36.626] [debug] [ManualAdjust] 旋转增量 RPY=(0.000, 0.000, 0.100)deg
[13:59:36.626] [info] [ManualAdjust] 当前外参 [lidar_0→cam_0]:
[13:59:36.626] [info]   旋转 RPY: (-88.4798, -60.2419, -1.2044) deg
[13:59:36.626] [info]   平移 XYZ: (0.1230, 0.0399, -0.0577) m
[13:59:36.656] [debug] [ManualAdjust] 旋转增量 RPY=(0.000, 0.000, 0.100)deg
[13:59:36.656] [info] [ManualAdjust] 当前外参 [lidar_0→cam_0]:
[13:59:36.656] [info]   旋转 RPY: (-88.4844, -60.1419, -1.1991) deg
[13:59:36.656] [info]   平移 XYZ: (0.1230, 0.0399, -0.0577) m
[13:59:36.686] [debug] [ManualAdjust] 旋转增量 RPY=(0.000, 0.000, 0.100)deg
[13:59:36.686] [info] [ManualAdjust] 当前外参 [lidar_0→cam_0]:
[13:59:36.686] [info]   旋转 RPY: (-88.4890, -60.0420, -1.1938) deg
[13:59:36.686] [info]   平移 XYZ: (0.1230, 0.0399, -0.0577) m
[13:59:36.716] [debug] [ManualAdjust] 旋转增量 RPY=(0.000, 0.000, 0.100)deg
[13:59:36.717] [info] [ManualAdjust] 当前外参 [lidar_0→cam_0]:
[13:59:36.717] [info]   旋转 RPY: (-88.4936, -59.9420, -1.1885) deg
[13:59:36.717] [info]   平移 XYZ: (0.1230, 0.0399, -0.0577) m
[13:59:36.747] [debug] [ManualAdjust] 旋转增量 RPY=(0.000, 0.000, 0.100)deg
[13:59:36.747] [info] [ManualAdjust] 当前外参 [lidar_0→cam_0]:
[13:59:36.747] [info]   旋转 RPY: (-88.4981, -59.8421, -1.1833) deg
[13:59:36.747] [info]   平移 XYZ: (0.1230, 0.0399, -0.0577) m
[13:59:36.777] [debug] [ManualAdjust] 旋转增量 RPY=(0.000, 0.000, 0.100)deg
[13:59:36.777] [info] [ManualAdjust] 当前外参 [lidar_0→cam_0]:
[13:59:36.777] [info]   旋转 RPY: (-88.5026, -59.7421, -1.1781) deg
[13:59:36.777] [info]   平移 XYZ: (0.1230, 0.0399, -0.0577) m
[13:59:36.807] [debug] [ManualAdjust] 旋转增量 RPY=(0.000, 0.000, 0.100)deg
[13:59:36.807] [info] [ManualAdjust] 当前外参 [lidar_0→cam_0]:
[13:59:36.807] [info]   旋转 RPY: (-88.5071, -59.6421, -1.1729) deg
[13:59:36.807] [info]   平移 XYZ: (0.1230, 0.0399, -0.0577) m
[13:59:36.837] [debug] [ManualAdjust] 旋转增量 RPY=(0.000, 0.000, 0.100)deg
[13:59:36.837] [info] [ManualAdjust] 当前外参 [lidar_0→cam_0]:
[13:59:36.837] [info]   旋转 RPY: (-88.5115, -59.5422, -1.1678) deg
[13:59:36.837] [info]   平移 XYZ: (0.1230, 0.0399, -0.0577) m
[13:59:36.868] [debug] [ManualAdjust] 旋转增量 RPY=(0.000, 0.000, 0.100)deg
[13:59:36.868] [info] [ManualAdjust] 当前外参 [lidar_0→cam_0]:
[13:59:36.868] [info]   旋转 RPY: (-88.5159, -59.4422, -1.1627) deg
[13:59:36.868] [info]   平移 XYZ: (0.1230, 0.0399, -0.0577) m
[13:59:36.898] [debug] [ManualAdjust] 旋转增量 RPY=(0.000, 0.000, 0.100)deg
[13:59:36.898] [info] [ManualAdjust] 当前外参 [lidar_0→cam_0]:
[13:59:36.898] [info]   旋转 RPY: (-88.5203, -59.3422, -1.1576) deg
[13:59:36.898] [info]   平移 XYZ: (0.1230, 0.0399, -0.0577) m
[13:59:36.928] [debug] [ManualAdjust] 旋转增量 RPY=(0.000, 0.000, 0.100)deg
[13:59:36.928] [info] [ManualAdjust] 当前外参 [lidar_0→cam_0]:
[13:59:36.928] [info]   旋转 RPY: (-88.5246, -59.2423, -1.1525) deg
[13:59:36.928] [info]   平移 XYZ: (0.1230, 0.0399, -0.0577) m
[13:59:36.958] [debug] [ManualAdjust] 旋转增量 RPY=(0.000, 0.000, 0.100)deg
[13:59:36.958] [info] [ManualAdjust] 当前外参 [lidar_0→cam_0]:
[13:59:36.958] [info]   旋转 RPY: (-88.5289, -59.1423, -1.1475) deg
[13:59:36.958] [info]   平移 XYZ: (0.1230, 0.0399, -0.0577) m
[13:59:36.988] [debug] [ManualAdjust] 旋转增量 RPY=(0.000, 0.000, 0.100)deg
[13:59:36.988] [info] [ManualAdjust] 当前外参 [lidar_0→cam_0]:
[13:59:36.988] [info]   旋转 RPY: (-88.5332, -59.0423, -1.1425) deg
[13:59:36.988] [info]   平移 XYZ: (0.1230, 0.0399, -0.0577) m
[13:59:37.018] [debug] [ManualAdjust] 旋转增量 RPY=(0.000, 0.000, 0.100)deg
[13:59:37.018] [info] [ManualAdjust] 当前外参 [lidar_0→cam_0]:
[13:59:37.018] [info]   旋转 RPY: (-88.5374, -58.9424, -1.1376) deg
[13:59:37.018] [info]   平移 XYZ: (0.1230, 0.0399, -0.0577) m
[13:59:37.048] [debug] [ManualAdjust] 旋转增量 RPY=(0.000, 0.000, 0.100)deg
[13:59:37.048] [info] [ManualAdjust] 当前外参 [lidar_0→cam_0]:
[13:59:37.048] [info]   旋转 RPY: (-88.5417, -58.8424, -1.1326) deg
[13:59:37.048] [info]   平移 XYZ: (0.1230, 0.0399, -0.0577) m
[13:59:37.078] [debug] [ManualAdjust] 旋转增量 RPY=(0.000, 0.000, 0.100)deg
[13:59:37.078] [info] [ManualAdjust] 当前外参 [lidar_0→cam_0]:
[13:59:37.078] [info]   旋转 RPY: (-88.5459, -58.7424, -1.1277) deg
[13:59:37.078] [info]   平移 XYZ: (0.1230, 0.0399, -0.0577) m
[13:59:37.108] [debug] [ManualAdjust] 旋转增量 RPY=(0.000, 0.000, 0.100)deg
[13:59:37.108] [info] [ManualAdjust] 当前外参 [lidar_0→cam_0]:
[13:59:37.108] [info]   旋转 RPY: (-88.5500, -58.6424, -1.1228) deg
[13:59:37.109] [info]   平移 XYZ: (0.1230, 0.0399, -0.0577) m
[13:59:37.138] [debug] [ManualAdjust] 旋转增量 RPY=(0.000, 0.000, 0.100)deg
[13:59:37.138] [info] [ManualAdjust] 当前外参 [lidar_0→cam_0]:
[13:59:37.138] [info]   旋转 RPY: (-88.5542, -58.5425, -1.1180) deg
[13:59:37.138] [info]   平移 XYZ: (0.1230, 0.0399, -0.0577) m
[13:59:37.169] [debug] [ManualAdjust] 旋转增量 RPY=(0.000, 0.000, 0.100)deg
[13:59:37.169] [info] [ManualAdjust] 当前外参 [lidar_0→cam_0]:
[13:59:37.169] [info]   旋转 RPY: (-88.5583, -58.4425, -1.1132) deg
[13:59:37.169] [info]   平移 XYZ: (0.1230, 0.0399, -0.0577) m
[13:59:37.200] [debug] [ManualAdjust] 旋转增量 RPY=(0.000, 0.000, 0.100)deg
[13:59:37.200] [info] [ManualAdjust] 当前外参 [lidar_0→cam_0]:
[13:59:37.200] [info]   旋转 RPY: (-88.5624, -58.3425, -1.1084) deg
[13:59:37.200] [info]   平移 XYZ: (0.1230, 0.0399, -0.0577) m
[13:59:37.230] [debug] [ManualAdjust] 旋转增量 RPY=(0.000, 0.000, 0.100)deg
[13:59:37.230] [info] [ManualAdjust] 当前外参 [lidar_0→cam_0]:
[13:59:37.230] [info]   旋转 RPY: (-88.5664, -58.2426, -1.1036) deg
[13:59:37.230] [info]   平移 XYZ: (0.1230, 0.0399, -0.0577) m
[13:59:37.260] [debug] [ManualAdjust] 旋转增量 RPY=(0.000, 0.000, 0.100)deg
[13:59:37.260] [info] [ManualAdjust] 当前外参 [lidar_0→cam_0]:
[13:59:37.260] [info]   旋转 RPY: (-88.5704, -58.1426, -1.0989) deg
[13:59:37.260] [info]   平移 XYZ: (0.1230, 0.0399, -0.0577) m
[13:59:37.290] [debug] [ManualAdjust] 旋转增量 RPY=(0.000, 0.000, 0.100)deg
[13:59:37.290] [info] [ManualAdjust] 当前外参 [lidar_0→cam_0]:
[13:59:37.290] [info]   旋转 RPY: (-88.5745, -58.0426, -1.0942) deg
[13:59:37.290] [info]   平移 XYZ: (0.1230, 0.0399, -0.0577) m
[13:59:37.320] [debug] [ManualAdjust] 旋转增量 RPY=(0.000, 0.000, 0.100)deg
[13:59:37.320] [info] [ManualAdjust] 当前外参 [lidar_0→cam_0]:
[13:59:37.320] [info]   旋转 RPY: (-88.5784, -57.9427, -1.0895) deg
[13:59:37.320] [info]   平移 XYZ: (0.1230, 0.0399, -0.0577) m
[13:59:37.351] [debug] [ManualAdjust] 旋转增量 RPY=(0.000, 0.000, 0.100)deg
[13:59:37.351] [info] [ManualAdjust] 当前外参 [lidar_0→cam_0]:
[13:59:37.351] [info]   旋转 RPY: (-88.5824, -57.8427, -1.0848) deg
[13:59:37.351] [info]   平移 XYZ: (0.1230, 0.0399, -0.0577) m
[13:59:37.381] [debug] [ManualAdjust] 旋转增量 RPY=(0.000, 0.000, 0.100)deg
[13:59:37.381] [info] [ManualAdjust] 当前外参 [lidar_0→cam_0]:
[13:59:37.381] [info]   旋转 RPY: (-88.5863, -57.7427, -1.0802) deg
[13:59:37.381] [info]   平移 XYZ: (0.1230, 0.0399, -0.0577) m
[13:59:37.411] [debug] [ManualAdjust] 旋转增量 RPY=(0.000, 0.000, 0.100)deg
[13:59:37.412] [info] [ManualAdjust] 当前外参 [lidar_0→cam_0]:
[13:59:37.412] [info]   旋转 RPY: (-88.5902, -57.6428, -1.0756) deg
[13:59:37.412] [info]   平移 XYZ: (0.1230, 0.0399, -0.0577) m
[13:59:37.441] [debug] [ManualAdjust] 旋转增量 RPY=(0.000, 0.000, 0.100)deg
[13:59:37.441] [info] [ManualAdjust] 当前外参 [lidar_0→cam_0]:
[13:59:37.441] [info]   旋转 RPY: (-88.5941, -57.5428, -1.0710) deg
[13:59:37.441] [info]   平移 XYZ: (0.1230, 0.0399, -0.0577) m
[13:59:37.471] [debug] [ManualAdjust] 旋转增量 RPY=(0.000, 0.000, 0.100)deg
[13:59:37.471] [info] [ManualAdjust] 当前外参 [lidar_0→cam_0]:
[13:59:37.471] [info]   旋转 RPY: (-88.5979, -57.4428, -1.0664) deg
[13:59:37.471] [info]   平移 XYZ: (0.1230, 0.0399, -0.0577) m
[13:59:37.502] [debug] [ManualAdjust] 旋转增量 RPY=(0.000, 0.000, 0.100)deg
[13:59:37.502] [info] [ManualAdjust] 当前外参 [lidar_0→cam_0]:
[13:59:37.502] [info]   旋转 RPY: (-88.6017, -57.3429, -1.0619) deg
[13:59:37.502] [info]   平移 XYZ: (0.1230, 0.0399, -0.0577) m
[13:59:37.531] [debug] [ManualAdjust] 旋转增量 RPY=(0.000, 0.000, 0.100)deg
[13:59:37.531] [info] [ManualAdjust] 当前外参 [lidar_0→cam_0]:
[13:59:37.531] [info]   旋转 RPY: (-88.6055, -57.2429, -1.0574) deg
[13:59:37.531] [info]   平移 XYZ: (0.1230, 0.0399, -0.0577) m
[13:59:37.561] [debug] [ManualAdjust] 旋转增量 RPY=(0.000, 0.000, 0.100)deg
[13:59:37.561] [info] [ManualAdjust] 当前外参 [lidar_0→cam_0]:
[13:59:37.561] [info]   旋转 RPY: (-88.6093, -57.1429, -1.0529) deg
[13:59:37.561] [info]   平移 XYZ: (0.1230, 0.0399, -0.0577) m
[13:59:37.591] [debug] [ManualAdjust] 旋转增量 RPY=(0.000, 0.000, 0.100)deg
[13:59:37.591] [info] [ManualAdjust] 当前外参 [lidar_0→cam_0]:
[13:59:37.591] [info]   旋转 RPY: (-88.6130, -57.0429, -1.0484) deg
[13:59:37.591] [info]   平移 XYZ: (0.1230, 0.0399, -0.0577) m
[13:59:37.622] [debug] [ManualAdjust] 旋转增量 RPY=(0.000, 0.000, 0.100)deg
[13:59:37.622] [info] [ManualAdjust] 当前外参 [lidar_0→cam_0]:
[13:59:37.622] [info]   旋转 RPY: (-88.6168, -56.9430, -1.0440) deg
[13:59:37.622] [info]   平移 XYZ: (0.1230, 0.0399, -0.0577) m
[13:59:37.652] [debug] [ManualAdjust] 旋转增量 RPY=(0.000, 0.000, 0.100)deg
[13:59:37.652] [info] [ManualAdjust] 当前外参 [lidar_0→cam_0]:
[13:59:37.652] [info]   旋转 RPY: (-88.6205, -56.8430, -1.0396) deg
[13:59:37.652] [info]   平移 XYZ: (0.1230, 0.0399, -0.0577) m
[13:59:37.682] [debug] [ManualAdjust] 旋转增量 RPY=(0.000, 0.000, 0.100)deg
[13:59:37.682] [info] [ManualAdjust] 当前外参 [lidar_0→cam_0]:
[13:59:37.682] [info]   旋转 RPY: (-88.6241, -56.7430, -1.0352) deg
[13:59:37.682] [info]   平移 XYZ: (0.1230, 0.0399, -0.0577) m
[13:59:37.712] [debug] [ManualAdjust] 旋转增量 RPY=(0.000, 0.000, 0.100)deg
[13:59:37.712] [info] [ManualAdjust] 当前外参 [lidar_0→cam_0]:
[13:59:37.712] [info]   旋转 RPY: (-88.6278, -56.6431, -1.0308) deg
[13:59:37.712] [info]   平移 XYZ: (0.1230, 0.0399, -0.0577) m
[13:59:37.742] [debug] [ManualAdjust] 旋转增量 RPY=(0.000, 0.000, 0.100)deg
[13:59:37.742] [info] [ManualAdjust] 当前外参 [lidar_0→cam_0]:
[13:59:37.742] [info]   旋转 RPY: (-88.6314, -56.5431, -1.0265) deg
[13:59:37.742] [info]   平移 XYZ: (0.1230, 0.0399, -0.0577) m
[13:59:37.772] [debug] [ManualAdjust] 旋转增量 RPY=(0.000, 0.000, 0.100)deg
[13:59:37.772] [info] [ManualAdjust] 当前外参 [lidar_0→cam_0]:
[13:59:37.772] [info]   旋转 RPY: (-88.6350, -56.4431, -1.0222) deg
[13:59:37.772] [info]   平移 XYZ: (0.1230, 0.0399, -0.0577) m
[13:59:37.802] [debug] [ManualAdjust] 旋转增量 RPY=(0.000, 0.000, 0.100)deg
[13:59:37.802] [info] [ManualAdjust] 当前外参 [lidar_0→cam_0]:
[13:59:37.802] [info]   旋转 RPY: (-88.6386, -56.3431, -1.0179) deg
[13:59:37.802] [info]   平移 XYZ: (0.1230, 0.0399, -0.0577) m
[13:59:37.832] [debug] [ManualAdjust] 旋转增量 RPY=(0.000, 0.000, 0.100)deg
[13:59:37.832] [info] [ManualAdjust] 当前外参 [lidar_0→cam_0]:
[13:59:37.832] [info]   旋转 RPY: (-88.6421, -56.2432, -1.0136) deg
[13:59:37.832] [info]   平移 XYZ: (0.1230, 0.0399, -0.0577) m
[13:59:37.862] [debug] [ManualAdjust] 旋转增量 RPY=(0.000, 0.000, 0.100)deg
[13:59:37.862] [info] [ManualAdjust] 当前外参 [lidar_0→cam_0]:
[13:59:37.862] [info]   旋转 RPY: (-88.6457, -56.1432, -1.0093) deg
[13:59:37.862] [info]   平移 XYZ: (0.1230, 0.0399, -0.0577) m
[13:59:37.892] [debug] [ManualAdjust] 旋转增量 RPY=(0.000, 0.000, 0.100)deg
[13:59:37.892] [info] [ManualAdjust] 当前外参 [lidar_0→cam_0]:
[13:59:37.892] [info]   旋转 RPY: (-88.6492, -56.0432, -1.0051) deg
[13:59:37.892] [info]   平移 XYZ: (0.1230, 0.0399, -0.0577) m
[13:59:37.922] [debug] [ManualAdjust] 旋转增量 RPY=(0.000, 0.000, 0.100)deg
[13:59:37.922] [info] [ManualAdjust] 当前外参 [lidar_0→cam_0]:
[13:59:37.922] [info]   旋转 RPY: (-88.6527, -55.9433, -1.0009) deg
[13:59:37.922] [info]   平移 XYZ: (0.1230, 0.0399, -0.0577) m
[13:59:37.952] [debug] [ManualAdjust] 旋转增量 RPY=(0.000, 0.000, 0.100)deg
[13:59:37.952] [info] [ManualAdjust] 当前外参 [lidar_0→cam_0]:
[13:59:37.952] [info]   旋转 RPY: (-88.6561, -55.8433, -0.9967) deg
[13:59:37.952] [info]   平移 XYZ: (0.1230, 0.0399, -0.0577) m
[13:59:37.982] [debug] [ManualAdjust] 旋转增量 RPY=(0.000, 0.000, 0.100)deg
[13:59:37.982] [info] [ManualAdjust] 当前外参 [lidar_0→cam_0]:
[13:59:37.982] [info]   旋转 RPY: (-88.6596, -55.7433, -0.9925) deg
[13:59:37.982] [info]   平移 XYZ: (0.1230, 0.0399, -0.0577) m
[13:59:38.012] [debug] [ManualAdjust] 旋转增量 RPY=(0.000, 0.000, 0.100)deg
[13:59:38.012] [info] [ManualAdjust] 当前外参 [lidar_0→cam_0]:
[13:59:38.012] [info]   旋转 RPY: (-88.6630, -55.6433, -0.9884) deg
[13:59:38.012] [info]   平移 XYZ: (0.1230, 0.0399, -0.0577) m
[13:59:38.042] [debug] [ManualAdjust] 旋转增量 RPY=(0.000, 0.000, 0.100)deg
[13:59:38.042] [info] [ManualAdjust] 当前外参 [lidar_0→cam_0]:
[13:59:38.042] [info]   旋转 RPY: (-88.6664, -55.5434, -0.9843) deg
[13:59:38.042] [info]   平移 XYZ: (0.1230, 0.0399, -0.0577) m
[13:59:38.072] [debug] [ManualAdjust] 旋转增量 RPY=(0.000, 0.000, 0.100)deg
[13:59:38.072] [info] [ManualAdjust] 当前外参 [lidar_0→cam_0]:
[13:59:38.072] [info]   旋转 RPY: (-88.6698, -55.4434, -0.9802) deg
[13:59:38.072] [info]   平移 XYZ: (0.1230, 0.0399, -0.0577) m
[13:59:38.102] [debug] [ManualAdjust] 旋转增量 RPY=(0.000, 0.000, 0.100)deg
[13:59:38.102] [info] [ManualAdjust] 当前外参 [lidar_0→cam_0]:
[13:59:38.102] [info]   旋转 RPY: (-88.6732, -55.3434, -0.9761) deg
[13:59:38.102] [info]   平移 XYZ: (0.1230, 0.0399, -0.0577) m
[13:59:38.132] [debug] [ManualAdjust] 旋转增量 RPY=(0.000, 0.000, 0.100)deg
[13:59:38.132] [info] [ManualAdjust] 当前外参 [lidar_0→cam_0]:
[13:59:38.132] [info]   旋转 RPY: (-88.6765, -55.2434, -0.9720) deg
[13:59:38.132] [info]   平移 XYZ: (0.1230, 0.0399, -0.0577) m
[13:59:38.162] [debug] [ManualAdjust] 旋转增量 RPY=(0.000, 0.000, 0.100)deg
[13:59:38.162] [info] [ManualAdjust] 当前外参 [lidar_0→cam_0]:
[13:59:38.162] [info]   旋转 RPY: (-88.6798, -55.1435, -0.9680) deg
[13:59:38.162] [info]   平移 XYZ: (0.1230, 0.0399, -0.0577) m
[13:59:38.193] [debug] [ManualAdjust] 旋转增量 RPY=(0.000, 0.000, 0.100)deg
[13:59:38.193] [info] [ManualAdjust] 当前外参 [lidar_0→cam_0]:
[13:59:38.193] [info]   旋转 RPY: (-88.6831, -55.0435, -0.9640) deg
[13:59:38.193] [info]   平移 XYZ: (0.1230, 0.0399, -0.0577) m
[13:59:38.223] [debug] [ManualAdjust] 旋转增量 RPY=(0.000, 0.000, 0.100)deg
[13:59:38.223] [info] [ManualAdjust] 当前外参 [lidar_0→cam_0]:
[13:59:38.223] [info]   旋转 RPY: (-88.6864, -54.9435, -0.9600) deg
[13:59:38.223] [info]   平移 XYZ: (0.1230, 0.0399, -0.0577) m
[13:59:38.253] [debug] [ManualAdjust] 旋转增量 RPY=(0.000, 0.000, 0.100)deg
[13:59:38.253] [info] [ManualAdjust] 当前外参 [lidar_0→cam_0]:
[13:59:38.253] [info]   旋转 RPY: (-88.6896, -54.8435, -0.9560) deg
[13:59:38.253] [info]   平移 XYZ: (0.1230, 0.0399, -0.0577) m
[13:59:38.284] [debug] [ManualAdjust] 旋转增量 RPY=(0.000, 0.000, 0.100)deg
[13:59:38.284] [info] [ManualAdjust] 当前外参 [lidar_0→cam_0]:
[13:59:38.284] [info]   旋转 RPY: (-88.6929, -54.7436, -0.9520) deg
[13:59:38.284] [info]   平移 XYZ: (0.1230, 0.0399, -0.0577) m
[13:59:38.314] [debug] [ManualAdjust] 旋转增量 RPY=(0.000, 0.000, 0.100)deg
[13:59:38.314] [info] [ManualAdjust] 当前外参 [lidar_0→cam_0]:
[13:59:38.314] [info]   旋转 RPY: (-88.6961, -54.6436, -0.9481) deg
[13:59:38.314] [info]   平移 XYZ: (0.1230, 0.0399, -0.0577) m
[13:59:38.345] [debug] [ManualAdjust] 旋转增量 RPY=(0.000, 0.000, 0.100)deg
[13:59:38.345] [info] [ManualAdjust] 当前外参 [lidar_0→cam_0]:
[13:59:38.345] [info]   旋转 RPY: (-88.6993, -54.5436, -0.9441) deg
[13:59:38.345] [info]   平移 XYZ: (0.1230, 0.0399, -0.0577) m
[13:59:38.375] [debug] [ManualAdjust] 旋转增量 RPY=(0.000, 0.000, 0.100)deg
[13:59:38.375] [info] [ManualAdjust] 当前外参 [lidar_0→cam_0]:
[13:59:38.375] [info]   旋转 RPY: (-88.7025, -54.4437, -0.9402) deg
[13:59:38.375] [info]   平移 XYZ: (0.1230, 0.0399, -0.0577) m
[13:59:38.406] [debug] [ManualAdjust] 旋转增量 RPY=(0.000, 0.000, 0.100)deg
[13:59:38.406] [info] [ManualAdjust] 当前外参 [lidar_0→cam_0]:
[13:59:38.406] [info]   旋转 RPY: (-88.7056, -54.3437, -0.9364) deg
[13:59:38.406] [info]   平移 XYZ: (0.1230, 0.0399, -0.0577) m
[13:59:38.436] [debug] [ManualAdjust] 旋转增量 RPY=(0.000, 0.000, 0.100)deg
[13:59:38.436] [info] [ManualAdjust] 当前外参 [lidar_0→cam_0]:
[13:59:38.436] [info]   旋转 RPY: (-88.7088, -54.2437, -0.9325) deg
[13:59:38.436] [info]   平移 XYZ: (0.1230, 0.0399, -0.0577) m
[13:59:38.466] [debug] [ManualAdjust] 旋转增量 RPY=(0.000, 0.000, 0.100)deg
[13:59:38.466] [info] [ManualAdjust] 当前外参 [lidar_0→cam_0]:
[13:59:38.466] [info]   旋转 RPY: (-88.7119, -54.1437, -0.9286) deg
[13:59:38.466] [info]   平移 XYZ: (0.1230, 0.0399, -0.0577) m
[13:59:38.496] [debug] [ManualAdjust] 旋转增量 RPY=(0.000, 0.000, 0.100)deg
[13:59:38.496] [info] [ManualAdjust] 当前外参 [lidar_0→cam_0]:
[13:59:38.496] [info]   旋转 RPY: (-88.7150, -54.0438, -0.9248) deg
[13:59:38.496] [info]   平移 XYZ: (0.1230, 0.0399, -0.0577) m
[13:59:38.526] [debug] [ManualAdjust] 旋转增量 RPY=(0.000, 0.000, 0.100)deg
[13:59:38.526] [info] [ManualAdjust] 当前外参 [lidar_0→cam_0]:
[13:59:38.526] [info]   旋转 RPY: (-88.7181, -53.9438, -0.9210) deg
[13:59:38.526] [info]   平移 XYZ: (0.1230, 0.0399, -0.0577) m
[13:59:38.556] [debug] [ManualAdjust] 旋转增量 RPY=(0.000, 0.000, 0.100)deg
[13:59:38.556] [info] [ManualAdjust] 当前外参 [lidar_0→cam_0]:
[13:59:38.556] [info]   旋转 RPY: (-88.7211, -53.8438, -0.9172) deg
[13:59:38.556] [info]   平移 XYZ: (0.1230, 0.0399, -0.0577) m
[13:59:38.586] [debug] [ManualAdjust] 旋转增量 RPY=(0.000, 0.000, 0.100)deg
[13:59:38.586] [info] [ManualAdjust] 当前外参 [lidar_0→cam_0]:
[13:59:38.586] [info]   旋转 RPY: (-88.7242, -53.7438, -0.9134) deg
[13:59:38.586] [info]   平移 XYZ: (0.1230, 0.0399, -0.0577) m
[13:59:38.617] [debug] [ManualAdjust] 旋转增量 RPY=(0.000, 0.000, 0.100)deg
[13:59:38.617] [info] [ManualAdjust] 当前外参 [lidar_0→cam_0]:
[13:59:38.617] [info]   旋转 RPY: (-88.7272, -53.6439, -0.9097) deg
[13:59:38.617] [info]   平移 XYZ: (0.1230, 0.0399, -0.0577) m
[13:59:38.648] [debug] [ManualAdjust] 旋转增量 RPY=(0.000, 0.000, 0.100)deg
[13:59:38.648] [info] [ManualAdjust] 当前外参 [lidar_0→cam_0]:
[13:59:38.648] [info]   旋转 RPY: (-88.7302, -53.5439, -0.9059) deg
[13:59:38.648] [info]   平移 XYZ: (0.1230, 0.0399, -0.0577) m
[13:59:38.677] [debug] [ManualAdjust] 旋转增量 RPY=(0.000, 0.000, 0.100)deg
[13:59:38.677] [info] [ManualAdjust] 当前外参 [lidar_0→cam_0]:
[13:59:38.677] [info]   旋转 RPY: (-88.7332, -53.4439, -0.9022) deg
[13:59:38.677] [info]   平移 XYZ: (0.1230, 0.0399, -0.0577) m
[13:59:38.707] [debug] [ManualAdjust] 旋转增量 RPY=(0.000, 0.000, 0.100)deg
[13:59:38.707] [info] [ManualAdjust] 当前外参 [lidar_0→cam_0]:
[13:59:38.707] [info]   旋转 RPY: (-88.7362, -53.3439, -0.8985) deg
[13:59:38.707] [info]   平移 XYZ: (0.1230, 0.0399, -0.0577) m
[13:59:38.737] [debug] [ManualAdjust] 旋转增量 RPY=(0.000, 0.000, 0.100)deg
[13:59:38.737] [info] [ManualAdjust] 当前外参 [lidar_0→cam_0]:
[13:59:38.737] [info]   旋转 RPY: (-88.7391, -53.2440, -0.8948) deg
[13:59:38.737] [info]   平移 XYZ: (0.1230, 0.0399, -0.0577) m
[13:59:38.767] [debug] [ManualAdjust] 旋转增量 RPY=(0.000, 0.000, 0.100)deg
[13:59:38.767] [info] [ManualAdjust] 当前外参 [lidar_0→cam_0]:
[13:59:38.767] [info]   旋转 RPY: (-88.7421, -53.1440, -0.8912) deg
[13:59:38.767] [info]   平移 XYZ: (0.1230, 0.0399, -0.0577) m
[13:59:38.797] [debug] [ManualAdjust] 旋转增量 RPY=(0.000, 0.000, 0.100)deg
[13:59:38.797] [info] [ManualAdjust] 当前外参 [lidar_0→cam_0]:
[13:59:38.797] [info]   旋转 RPY: (-88.7450, -53.0440, -0.8875) deg
[13:59:38.797] [info]   平移 XYZ: (0.1230, 0.0399, -0.0577) m
[13:59:38.827] [debug] [ManualAdjust] 旋转增量 RPY=(0.000, 0.000, 0.100)deg
[13:59:38.827] [info] [ManualAdjust] 当前外参 [lidar_0→cam_0]:
[13:59:38.827] [info]   旋转 RPY: (-88.7479, -52.9440, -0.8839) deg
[13:59:38.827] [info]   平移 XYZ: (0.1230, 0.0399, -0.0577) m
[13:59:38.857] [debug] [ManualAdjust] 旋转增量 RPY=(0.000, 0.000, 0.100)deg
[13:59:38.857] [info] [ManualAdjust] 当前外参 [lidar_0→cam_0]:
[13:59:38.857] [info]   旋转 RPY: (-88.7508, -52.8440, -0.8803) deg
[13:59:38.857] [info]   平移 XYZ: (0.1230, 0.0399, -0.0577) m
[13:59:38.887] [debug] [ManualAdjust] 旋转增量 RPY=(0.000, 0.000, 0.100)deg
[13:59:38.887] [info] [ManualAdjust] 当前外参 [lidar_0→cam_0]:
[13:59:38.887] [info]   旋转 RPY: (-88.7537, -52.7441, -0.8767) deg
[13:59:38.887] [info]   平移 XYZ: (0.1230, 0.0399, -0.0577) m
[13:59:38.917] [debug] [ManualAdjust] 旋转增量 RPY=(0.000, 0.000, 0.100)deg
[13:59:38.917] [info] [ManualAdjust] 当前外参 [lidar_0→cam_0]:
[13:59:38.917] [info]   旋转 RPY: (-88.7565, -52.6441, -0.8731) deg
[13:59:38.917] [info]   平移 XYZ: (0.1230, 0.0399, -0.0577) m
[13:59:38.948] [debug] [ManualAdjust] 旋转增量 RPY=(0.000, 0.000, 0.100)deg
[13:59:38.948] [info] [ManualAdjust] 当前外参 [lidar_0→cam_0]:
[13:59:38.948] [info]   旋转 RPY: (-88.7593, -52.5441, -0.8695) deg
[13:59:38.948] [info]   平移 XYZ: (0.1230, 0.0399, -0.0577) m
[13:59:38.978] [debug] [ManualAdjust] 旋转增量 RPY=(0.000, 0.000, 0.100)deg
[13:59:38.978] [info] [ManualAdjust] 当前外参 [lidar_0→cam_0]:
[13:59:38.978] [info]   旋转 RPY: (-88.7622, -52.4441, -0.8660) deg
[13:59:38.978] [info]   平移 XYZ: (0.1230, 0.0399, -0.0577) m
[13:59:39.008] [debug] [ManualAdjust] 旋转增量 RPY=(0.000, 0.000, 0.100)deg
[13:59:39.008] [info] [ManualAdjust] 当前外参 [lidar_0→cam_0]:
[13:59:39.008] [info]   旋转 RPY: (-88.7650, -52.3442, -0.8624) deg
[13:59:39.008] [info]   平移 XYZ: (0.1230, 0.0399, -0.0577) m
[13:59:39.038] [debug] [ManualAdjust] 旋转增量 RPY=(0.000, 0.000, 0.100)deg
[13:59:39.038] [info] [ManualAdjust] 当前外参 [lidar_0→cam_0]:
[13:59:39.038] [info]   旋转 RPY: (-88.7677, -52.2442, -0.8589) deg
[13:59:39.038] [info]   平移 XYZ: (0.1230, 0.0399, -0.0577) m
[13:59:39.068] [debug] [ManualAdjust] 旋转增量 RPY=(0.000, 0.000, 0.100)deg
[13:59:39.068] [info] [ManualAdjust] 当前外参 [lidar_0→cam_0]:
[13:59:39.068] [info]   旋转 RPY: (-88.7705, -52.1442, -0.8554) deg
[13:59:39.068] [info]   平移 XYZ: (0.1230, 0.0399, -0.0577) m
[13:59:39.098] [debug] [ManualAdjust] 旋转增量 RPY=(0.000, 0.000, 0.100)deg
[13:59:39.098] [info] [ManualAdjust] 当前外参 [lidar_0→cam_0]:
[13:59:39.098] [info]   旋转 RPY: (-88.7733, -52.0442, -0.8519) deg
[13:59:39.098] [info]   平移 XYZ: (0.1230, 0.0399, -0.0577) m
[13:59:39.128] [debug] [ManualAdjust] 旋转增量 RPY=(0.000, 0.000, 0.100)deg
[13:59:39.128] [info] [ManualAdjust] 当前外参 [lidar_0→cam_0]:
[13:59:39.128] [info]   旋转 RPY: (-88.7760, -51.9443, -0.8484) deg
[13:59:39.128] [info]   平移 XYZ: (0.1230, 0.0399, -0.0577) m
[13:59:39.158] [debug] [ManualAdjust] 旋转增量 RPY=(0.000, 0.000, 0.100)deg
[13:59:39.158] [info] [ManualAdjust] 当前外参 [lidar_0→cam_0]:
[13:59:39.158] [info]   旋转 RPY: (-88.7787, -51.8443, -0.8450) deg
[13:59:39.158] [info]   平移 XYZ: (0.1230, 0.0399, -0.0577) m
[13:59:39.189] [debug] [ManualAdjust] 旋转增量 RPY=(0.000, 0.000, 0.100)deg
[13:59:39.189] [info] [ManualAdjust] 当前外参 [lidar_0→cam_0]:
[13:59:39.189] [info]   旋转 RPY: (-88.7814, -51.7443, -0.8415) deg
[13:59:39.189] [info]   平移 XYZ: (0.1230, 0.0399, -0.0577) m
[13:59:39.218] [debug] [ManualAdjust] 旋转增量 RPY=(0.000, 0.000, 0.100)deg
[13:59:39.218] [info] [ManualAdjust] 当前外参 [lidar_0→cam_0]:
[13:59:39.218] [info]   旋转 RPY: (-88.7841, -51.6443, -0.8381) deg
[13:59:39.218] [info]   平移 XYZ: (0.1230, 0.0399, -0.0577) m
[13:59:39.249] [debug] [ManualAdjust] 旋转增量 RPY=(0.000, 0.000, 0.100)deg
[13:59:39.249] [info] [ManualAdjust] 当前外参 [lidar_0→cam_0]:
[13:59:39.249] [info]   旋转 RPY: (-88.7868, -51.5443, -0.8347) deg
[13:59:39.249] [info]   平移 XYZ: (0.1230, 0.0399, -0.0577) m
[13:59:39.280] [debug] [ManualAdjust] 旋转增量 RPY=(0.000, 0.000, 0.100)deg
[13:59:39.280] [info] [ManualAdjust] 当前外参 [lidar_0→cam_0]:
[13:59:39.280] [info]   旋转 RPY: (-88.7895, -51.4444, -0.8313) deg
[13:59:39.280] [info]   平移 XYZ: (0.1230, 0.0399, -0.0577) m
[13:59:39.310] [debug] [ManualAdjust] 旋转增量 RPY=(0.000, 0.000, 0.100)deg
[13:59:39.310] [info] [ManualAdjust] 当前外参 [lidar_0→cam_0]:
[13:59:39.310] [info]   旋转 RPY: (-88.7921, -51.3444, -0.8279) deg
[13:59:39.310] [info]   平移 XYZ: (0.1230, 0.0399, -0.0577) m
[13:59:39.340] [debug] [ManualAdjust] 旋转增量 RPY=(0.000, 0.000, 0.100)deg
[13:59:39.340] [info] [ManualAdjust] 当前外参 [lidar_0→cam_0]:
[13:59:39.340] [info]   旋转 RPY: (-88.7947, -51.2444, -0.8246) deg
[13:59:39.340] [info]   平移 XYZ: (0.1230, 0.0399, -0.0577) m
[13:59:39.370] [debug] [ManualAdjust] 旋转增量 RPY=(0.000, 0.000, 0.100)deg
[13:59:39.370] [info] [ManualAdjust] 当前外参 [lidar_0→cam_0]:
[13:59:39.370] [info]   旋转 RPY: (-88.7973, -51.1444, -0.8212) deg
[13:59:39.370] [info]   平移 XYZ: (0.1230, 0.0399, -0.0577) m
[13:59:39.400] [debug] [ManualAdjust] 旋转增量 RPY=(0.000, 0.000, 0.100)deg
[13:59:39.400] [info] [ManualAdjust] 当前外参 [lidar_0→cam_0]:
[13:59:39.400] [info]   旋转 RPY: (-88.7999, -51.0445, -0.8179) deg
[13:59:39.400] [info]   平移 XYZ: (0.1230, 0.0399, -0.0577) m
[13:59:39.430] [debug] [ManualAdjust] 旋转增量 RPY=(0.000, 0.000, 0.100)deg
[13:59:39.430] [info] [ManualAdjust] 当前外参 [lidar_0→cam_0]:
[13:59:39.430] [info]   旋转 RPY: (-88.8025, -50.9445, -0.8145) deg
[13:59:39.430] [info]   平移 XYZ: (0.1230, 0.0399, -0.0577) m
[13:59:39.460] [debug] [ManualAdjust] 旋转增量 RPY=(0.000, 0.000, 0.100)deg
[13:59:39.460] [info] [ManualAdjust] 当前外参 [lidar_0→cam_0]:
[13:59:39.460] [info]   旋转 RPY: (-88.8051, -50.8445, -0.8112) deg
[13:59:39.460] [info]   平移 XYZ: (0.1230, 0.0399, -0.0577) m
[13:59:39.490] [debug] [ManualAdjust] 旋转增量 RPY=(0.000, 0.000, 0.100)deg
[13:59:39.490] [info] [ManualAdjust] 当前外参 [lidar_0→cam_0]:
[13:59:39.490] [info]   旋转 RPY: (-88.8076, -50.7445, -0.8079) deg
[13:59:39.490] [info]   平移 XYZ: (0.1230, 0.0399, -0.0577) m
[13:59:39.520] [debug] [ManualAdjust] 旋转增量 RPY=(0.000, 0.000, 0.100)deg
[13:59:39.520] [info] [ManualAdjust] 当前外参 [lidar_0→cam_0]:
[13:59:39.520] [info]   旋转 RPY: (-88.8102, -50.6445, -0.8046) deg
[13:59:39.520] [info]   平移 XYZ: (0.1230, 0.0399, -0.0577) m
[13:59:39.550] [debug] [ManualAdjust] 旋转增量 RPY=(0.000, 0.000, 0.100)deg
[13:59:39.550] [info] [ManualAdjust] 当前外参 [lidar_0→cam_0]:
[13:59:39.550] [info]   旋转 RPY: (-88.8127, -50.5446, -0.8014) deg
[13:59:39.550] [info]   平移 XYZ: (0.1230, 0.0399, -0.0577) m
[13:59:39.580] [debug] [ManualAdjust] 旋转增量 RPY=(0.000, 0.000, 0.100)deg
[13:59:39.580] [info] [ManualAdjust] 当前外参 [lidar_0→cam_0]:
[13:59:39.580] [info]   旋转 RPY: (-88.8152, -50.4446, -0.7981) deg
[13:59:39.580] [info]   平移 XYZ: (0.1230, 0.0399, -0.0577) m
[13:59:39.610] [debug] [ManualAdjust] 旋转增量 RPY=(0.000, 0.000, 0.100)deg
[13:59:39.610] [info] [ManualAdjust] 当前外参 [lidar_0→cam_0]:
[13:59:39.610] [info]   旋转 RPY: (-88.8177, -50.3446, -0.7949) deg
[13:59:39.610] [info]   平移 XYZ: (0.1230, 0.0399, -0.0577) m
[13:59:39.640] [debug] [ManualAdjust] 旋转增量 RPY=(0.000, 0.000, 0.100)deg
[13:59:39.640] [info] [ManualAdjust] 当前外参 [lidar_0→cam_0]:
[13:59:39.640] [info]   旋转 RPY: (-88.8202, -50.2446, -0.7917) deg
[13:59:39.640] [info]   平移 XYZ: (0.1230, 0.0399, -0.0577) m
[13:59:39.671] [debug] [ManualAdjust] 旋转增量 RPY=(0.000, 0.000, 0.100)deg
[13:59:39.671] [info] [ManualAdjust] 当前外参 [lidar_0→cam_0]:
[13:59:39.671] [info]   旋转 RPY: (-88.8227, -50.1447, -0.7884) deg
[13:59:39.671] [info]   平移 XYZ: (0.1230, 0.0399, -0.0577) m
[13:59:39.701] [debug] [ManualAdjust] 旋转增量 RPY=(0.000, 0.000, 0.100)deg
[13:59:39.701] [info] [ManualAdjust] 当前外参 [lidar_0→cam_0]:
[13:59:39.701] [info]   旋转 RPY: (-88.8251, -50.0447, -0.7852) deg
[13:59:39.701] [info]   平移 XYZ: (0.1230, 0.0399, -0.0577) m
[13:59:39.731] [debug] [ManualAdjust] 旋转增量 RPY=(0.000, 0.000, 0.100)deg
[13:59:39.731] [info] [ManualAdjust] 当前外参 [lidar_0→cam_0]:
[13:59:39.731] [info]   旋转 RPY: (-88.8276, -49.9447, -0.7821) deg
[13:59:39.731] [info]   平移 XYZ: (0.1230, 0.0399, -0.0577) m
[13:59:39.761] [debug] [ManualAdjust] 旋转增量 RPY=(0.000, 0.000, 0.100)deg
[13:59:39.762] [info] [ManualAdjust] 当前外参 [lidar_0→cam_0]:
[13:59:39.762] [info]   旋转 RPY: (-88.8300, -49.8447, -0.7789) deg
[13:59:39.762] [info]   平移 XYZ: (0.1230, 0.0399, -0.0577) m
[13:59:39.792] [debug] [ManualAdjust] 旋转增量 RPY=(0.000, 0.000, 0.100)deg
[13:59:39.792] [info] [ManualAdjust] 当前外参 [lidar_0→cam_0]:
[13:59:39.792] [info]   旋转 RPY: (-88.8324, -49.7447, -0.7757) deg
[13:59:39.792] [info]   平移 XYZ: (0.1230, 0.0399, -0.0577) m
[13:59:39.822] [debug] [ManualAdjust] 旋转增量 RPY=(0.000, 0.000, 0.100)deg
[13:59:39.822] [info] [ManualAdjust] 当前外参 [lidar_0→cam_0]:
[13:59:39.822] [info]   旋转 RPY: (-88.8348, -49.6448, -0.7726) deg
[13:59:39.822] [info]   平移 XYZ: (0.1230, 0.0399, -0.0577) m
[13:59:39.852] [debug] [ManualAdjust] 旋转增量 RPY=(0.000, 0.000, 0.100)deg
[13:59:39.852] [info] [ManualAdjust] 当前外参 [lidar_0→cam_0]:
[13:59:39.852] [info]   旋转 RPY: (-88.8372, -49.5448, -0.7694) deg
[13:59:39.852] [info]   平移 XYZ: (0.1230, 0.0399, -0.0577) m
[13:59:39.882] [debug] [ManualAdjust] 旋转增量 RPY=(0.000, 0.000, 0.100)deg
[13:59:39.883] [info] [ManualAdjust] 当前外参 [lidar_0→cam_0]:
[13:59:39.883] [info]   旋转 RPY: (-88.8396, -49.4448, -0.7663) deg
[13:59:39.883] [info]   平移 XYZ: (0.1230, 0.0399, -0.0577) m
[13:59:39.913] [debug] [ManualAdjust] 旋转增量 RPY=(0.000, 0.000, 0.100)deg
[13:59:39.913] [info] [ManualAdjust] 当前外参 [lidar_0→cam_0]:
[13:59:39.913] [info]   旋转 RPY: (-88.8419, -49.3448, -0.7632) deg
[13:59:39.913] [info]   平移 XYZ: (0.1230, 0.0399, -0.0577) m
[13:59:39.943] [debug] [ManualAdjust] 旋转增量 RPY=(0.000, 0.000, 0.100)deg
[13:59:39.943] [info] [ManualAdjust] 当前外参 [lidar_0→cam_0]:
[13:59:39.943] [info]   旋转 RPY: (-88.8443, -49.2448, -0.7601) deg
[13:59:39.943] [info]   平移 XYZ: (0.1230, 0.0399, -0.0577) m
[13:59:39.974] [debug] [ManualAdjust] 旋转增量 RPY=(0.000, 0.000, 0.100)deg
[13:59:39.974] [info] [ManualAdjust] 当前外参 [lidar_0→cam_0]:
[13:59:39.974] [info]   旋转 RPY: (-88.8466, -49.1449, -0.7570) deg
[13:59:39.974] [info]   平移 XYZ: (0.1230, 0.0399, -0.0577) m
[13:59:40.003] [debug] [ManualAdjust] 旋转增量 RPY=(0.000, 0.000, 0.100)deg
[13:59:40.003] [info] [ManualAdjust] 当前外参 [lidar_0→cam_0]:
[13:59:40.003] [info]   旋转 RPY: (-88.8489, -49.0449, -0.7540) deg
[13:59:40.003] [info]   平移 XYZ: (0.1230, 0.0399, -0.0577) m
[13:59:40.033] [debug] [ManualAdjust] 旋转增量 RPY=(0.000, 0.000, 0.100)deg
[13:59:40.033] [info] [ManualAdjust] 当前外参 [lidar_0→cam_0]:
[13:59:40.033] [info]   旋转 RPY: (-88.8512, -48.9449, -0.7509) deg
[13:59:40.033] [info]   平移 XYZ: (0.1230, 0.0399, -0.0577) m
[13:59:40.063] [debug] [ManualAdjust] 旋转增量 RPY=(0.000, 0.000, 0.100)deg
[13:59:40.063] [info] [ManualAdjust] 当前外参 [lidar_0→cam_0]:
[13:59:40.063] [info]   旋转 RPY: (-88.8535, -48.8449, -0.7479) deg
[13:59:40.063] [info]   平移 XYZ: (0.1230, 0.0399, -0.0577) m
[13:59:40.093] [debug] [ManualAdjust] 旋转增量 RPY=(0.000, 0.000, 0.100)deg
[13:59:40.093] [info] [ManualAdjust] 当前外参 [lidar_0→cam_0]:
[13:59:40.093] [info]   旋转 RPY: (-88.8558, -48.7449, -0.7448) deg
[13:59:40.093] [info]   平移 XYZ: (0.1230, 0.0399, -0.0577) m
[13:59:40.123] [debug] [ManualAdjust] 旋转增量 RPY=(0.000, 0.000, 0.100)deg
[13:59:40.123] [info] [ManualAdjust] 当前外参 [lidar_0→cam_0]:
[13:59:40.123] [info]   旋转 RPY: (-88.8581, -48.6450, -0.7418) deg
[13:59:40.123] [info]   平移 XYZ: (0.1230, 0.0399, -0.0577) m
[13:59:40.153] [debug] [ManualAdjust] 旋转增量 RPY=(0.000, 0.000, 0.100)deg
[13:59:40.153] [info] [ManualAdjust] 当前外参 [lidar_0→cam_0]:
[13:59:40.153] [info]   旋转 RPY: (-88.8603, -48.5450, -0.7388) deg
[13:59:40.153] [info]   平移 XYZ: (0.1230, 0.0399, -0.0577) m
[13:59:40.184] [debug] [ManualAdjust] 旋转增量 RPY=(0.000, 0.000, 0.100)deg
[13:59:40.184] [info] [ManualAdjust] 当前外参 [lidar_0→cam_0]:
[13:59:40.184] [info]   旋转 RPY: (-88.8626, -48.4450, -0.7358) deg
[13:59:40.184] [info]   平移 XYZ: (0.1230, 0.0399, -0.0577) m
[13:59:40.214] [debug] [ManualAdjust] 旋转增量 RPY=(0.000, 0.000, 0.100)deg
[13:59:40.214] [info] [ManualAdjust] 当前外参 [lidar_0→cam_0]:
[13:59:40.214] [info]   旋转 RPY: (-88.8648, -48.3450, -0.7328) deg
[13:59:40.214] [info]   平移 XYZ: (0.1230, 0.0399, -0.0577) m
[13:59:40.244] [debug] [ManualAdjust] 旋转增量 RPY=(0.000, 0.000, 0.100)deg
[13:59:40.244] [info] [ManualAdjust] 当前外参 [lidar_0→cam_0]:
[13:59:40.244] [info]   旋转 RPY: (-88.8670, -48.2450, -0.7298) deg
[13:59:40.244] [info]   平移 XYZ: (0.1230, 0.0399, -0.0577) m
[13:59:40.274] [debug] [ManualAdjust] 旋转增量 RPY=(0.000, 0.000, 0.100)deg
[13:59:40.274] [info] [ManualAdjust] 当前外参 [lidar_0→cam_0]:
[13:59:40.274] [info]   旋转 RPY: (-88.8692, -48.1451, -0.7269) deg
[13:59:40.274] [info]   平移 XYZ: (0.1230, 0.0399, -0.0577) m
[13:59:40.304] [debug] [ManualAdjust] 旋转增量 RPY=(0.000, 0.000, 0.100)deg
[13:59:40.304] [info] [ManualAdjust] 当前外参 [lidar_0→cam_0]:
[13:59:40.304] [info]   旋转 RPY: (-88.8714, -48.0451, -0.7239) deg
[13:59:40.304] [info]   平移 XYZ: (0.1230, 0.0399, -0.0577) m
[13:59:40.334] [debug] [ManualAdjust] 旋转增量 RPY=(0.000, 0.000, 0.100)deg
[13:59:40.334] [info] [ManualAdjust] 当前外参 [lidar_0→cam_0]:
[13:59:40.334] [info]   旋转 RPY: (-88.8736, -47.9451, -0.7210) deg
[13:59:40.334] [info]   平移 XYZ: (0.1230, 0.0399, -0.0577) m
[13:59:40.364] [debug] [ManualAdjust] 旋转增量 RPY=(0.000, 0.000, 0.100)deg
[13:59:40.364] [info] [ManualAdjust] 当前外参 [lidar_0→cam_0]:
[13:59:40.364] [info]   旋转 RPY: (-88.8758, -47.8451, -0.7181) deg
[13:59:40.364] [info]   平移 XYZ: (0.1230, 0.0399, -0.0577) m
[13:59:40.395] [debug] [ManualAdjust] 旋转增量 RPY=(0.000, 0.000, 0.100)deg
[13:59:40.395] [info] [ManualAdjust] 当前外参 [lidar_0→cam_0]:
[13:59:40.395] [info]   旋转 RPY: (-88.8780, -47.7451, -0.7151) deg
[13:59:40.395] [info]   平移 XYZ: (0.1230, 0.0399, -0.0577) m
[13:59:40.425] [debug] [ManualAdjust] 旋转增量 RPY=(0.000, 0.000, 0.100)deg
[13:59:40.426] [info] [ManualAdjust] 当前外参 [lidar_0→cam_0]:
[13:59:40.426] [info]   旋转 RPY: (-88.8801, -47.6452, -0.7122) deg
[13:59:40.426] [info]   平移 XYZ: (0.1230, 0.0399, -0.0577) m
[13:59:40.455] [debug] [ManualAdjust] 旋转增量 RPY=(0.000, 0.000, 0.100)deg
[13:59:40.455] [info] [ManualAdjust] 当前外参 [lidar_0→cam_0]:
[13:59:40.455] [info]   旋转 RPY: (-88.8822, -47.5452, -0.7093) deg
[13:59:40.455] [info]   平移 XYZ: (0.1230, 0.0399, -0.0577) m
[13:59:40.485] [debug] [ManualAdjust] 旋转增量 RPY=(0.000, 0.000, 0.100)deg
[13:59:40.485] [info] [ManualAdjust] 当前外参 [lidar_0→cam_0]:
[13:59:40.485] [info]   旋转 RPY: (-88.8844, -47.4452, -0.7064) deg
[13:59:40.485] [info]   平移 XYZ: (0.1230, 0.0399, -0.0577) m
[13:59:40.515] [debug] [ManualAdjust] 旋转增量 RPY=(0.000, 0.000, 0.100)deg
[13:59:40.515] [info] [ManualAdjust] 当前外参 [lidar_0→cam_0]:
[13:59:40.515] [info]   旋转 RPY: (-88.8865, -47.3452, -0.7036) deg
[13:59:40.515] [info]   平移 XYZ: (0.1230, 0.0399, -0.0577) m
[13:59:40.545] [debug] [ManualAdjust] 旋转增量 RPY=(0.000, 0.000, 0.100)deg
[13:59:40.545] [info] [ManualAdjust] 当前外参 [lidar_0→cam_0]:
[13:59:40.545] [info]   旋转 RPY: (-88.8886, -47.2452, -0.7007) deg
[13:59:40.545] [info]   平移 XYZ: (0.1230, 0.0399, -0.0577) m
[13:59:40.575] [debug] [ManualAdjust] 旋转增量 RPY=(0.000, 0.000, 0.100)deg
[13:59:40.575] [info] [ManualAdjust] 当前外参 [lidar_0→cam_0]:
[13:59:40.575] [info]   旋转 RPY: (-88.8907, -47.1452, -0.6979) deg
[13:59:40.575] [info]   平移 XYZ: (0.1230, 0.0399, -0.0577) m
[13:59:40.605] [debug] [ManualAdjust] 旋转增量 RPY=(0.000, 0.000, 0.100)deg
[13:59:40.605] [info] [ManualAdjust] 当前外参 [lidar_0→cam_0]:
[13:59:40.605] [info]   旋转 RPY: (-88.8928, -47.0453, -0.6950) deg
[13:59:40.605] [info]   平移 XYZ: (0.1230, 0.0399, -0.0577) m
[13:59:40.635] [debug] [ManualAdjust] 旋转增量 RPY=(0.000, 0.000, 0.100)deg
[13:59:40.635] [info] [ManualAdjust] 当前外参 [lidar_0→cam_0]:
[13:59:40.635] [info]   旋转 RPY: (-88.8948, -46.9453, -0.6922) deg
[13:59:40.635] [info]   平移 XYZ: (0.1230, 0.0399, -0.0577) m
[13:59:40.665] [debug] [ManualAdjust] 旋转增量 RPY=(0.000, 0.000, 0.100)deg
[13:59:40.665] [info] [ManualAdjust] 当前外参 [lidar_0→cam_0]:
[13:59:40.665] [info]   旋转 RPY: (-88.8969, -46.8453, -0.6894) deg
[13:59:40.665] [info]   平移 XYZ: (0.1230, 0.0399, -0.0577) m
[13:59:40.695] [debug] [ManualAdjust] 旋转增量 RPY=(0.000, 0.000, 0.100)deg
[13:59:40.695] [info] [ManualAdjust] 当前外参 [lidar_0→cam_0]:
[13:59:40.695] [info]   旋转 RPY: (-88.8989, -46.7453, -0.6866) deg
[13:59:40.695] [info]   平移 XYZ: (0.1230, 0.0399, -0.0577) m
[13:59:40.725] [debug] [ManualAdjust] 旋转增量 RPY=(0.000, 0.000, 0.100)deg
[13:59:40.725] [info] [ManualAdjust] 当前外参 [lidar_0→cam_0]:
[13:59:40.725] [info]   旋转 RPY: (-88.9010, -46.6453, -0.6838) deg
[13:59:40.725] [info]   平移 XYZ: (0.1230, 0.0399, -0.0577) m
[13:59:40.755] [debug] [ManualAdjust] 旋转增量 RPY=(0.000, 0.000, 0.100)deg
[13:59:40.755] [info] [ManualAdjust] 当前外参 [lidar_0→cam_0]:
[13:59:40.755] [info]   旋转 RPY: (-88.9030, -46.5454, -0.6810) deg
[13:59:40.755] [info]   平移 XYZ: (0.1230, 0.0399, -0.0577) m
[13:59:40.785] [debug] [ManualAdjust] 旋转增量 RPY=(0.000, 0.000, 0.100)deg
[13:59:40.785] [info] [ManualAdjust] 当前外参 [lidar_0→cam_0]:
[13:59:40.785] [info]   旋转 RPY: (-88.9050, -46.4454, -0.6782) deg
[13:59:40.785] [info]   平移 XYZ: (0.1230, 0.0399, -0.0577) m
[13:59:40.815] [debug] [ManualAdjust] 旋转增量 RPY=(0.000, 0.000, 0.100)deg
[13:59:40.815] [info] [ManualAdjust] 当前外参 [lidar_0→cam_0]:
[13:59:40.815] [info]   旋转 RPY: (-88.9070, -46.3454, -0.6754) deg
[13:59:40.815] [info]   平移 XYZ: (0.1230, 0.0399, -0.0577) m
[13:59:40.846] [debug] [ManualAdjust] 旋转增量 RPY=(0.000, 0.000, 0.100)deg
[13:59:40.846] [info] [ManualAdjust] 当前外参 [lidar_0→cam_0]:
[13:59:40.846] [info]   旋转 RPY: (-88.9090, -46.2454, -0.6727) deg
[13:59:40.846] [info]   平移 XYZ: (0.1230, 0.0399, -0.0577) m
[13:59:40.876] [debug] [ManualAdjust] 旋转增量 RPY=(0.000, 0.000, 0.100)deg
[13:59:40.876] [info] [ManualAdjust] 当前外参 [lidar_0→cam_0]:
[13:59:40.876] [info]   旋转 RPY: (-88.9110, -46.1454, -0.6699) deg
[13:59:40.876] [info]   平移 XYZ: (0.1230, 0.0399, -0.0577) m
[13:59:40.906] [debug] [ManualAdjust] 旋转增量 RPY=(0.000, 0.000, 0.100)deg
[13:59:40.906] [info] [ManualAdjust] 当前外参 [lidar_0→cam_0]:
[13:59:40.906] [info]   旋转 RPY: (-88.9130, -46.0454, -0.6672) deg
[13:59:40.906] [info]   平移 XYZ: (0.1230, 0.0399, -0.0577) m
[13:59:40.937] [debug] [ManualAdjust] 旋转增量 RPY=(0.000, 0.000, 0.100)deg
[13:59:40.937] [info] [ManualAdjust] 当前外参 [lidar_0→cam_0]:
[13:59:40.937] [info]   旋转 RPY: (-88.9149, -45.9455, -0.6645) deg
[13:59:40.937] [info]   平移 XYZ: (0.1230, 0.0399, -0.0577) m
[13:59:40.967] [debug] [ManualAdjust] 旋转增量 RPY=(0.000, 0.000, 0.100)deg
[13:59:40.967] [info] [ManualAdjust] 当前外参 [lidar_0→cam_0]:
[13:59:40.967] [info]   旋转 RPY: (-88.9169, -45.8455, -0.6617) deg
[13:59:40.967] [info]   平移 XYZ: (0.1230, 0.0399, -0.0577) m
[13:59:40.997] [debug] [ManualAdjust] 旋转增量 RPY=(0.000, 0.000, 0.100)deg
[13:59:40.997] [info] [ManualAdjust] 当前外参 [lidar_0→cam_0]:
[13:59:40.997] [info]   旋转 RPY: (-88.9188, -45.7455, -0.6590) deg
[13:59:40.997] [info]   平移 XYZ: (0.1230, 0.0399, -0.0577) m
[13:59:41.027] [debug] [ManualAdjust] 旋转增量 RPY=(0.000, 0.000, 0.100)deg
[13:59:41.027] [info] [ManualAdjust] 当前外参 [lidar_0→cam_0]:
[13:59:41.027] [info]   旋转 RPY: (-88.9208, -45.6455, -0.6563) deg
[13:59:41.027] [info]   平移 XYZ: (0.1230, 0.0399, -0.0577) m
[13:59:41.058] [debug] [ManualAdjust] 旋转增量 RPY=(0.000, 0.000, 0.100)deg
[13:59:41.058] [info] [ManualAdjust] 当前外参 [lidar_0→cam_0]:
[13:59:41.058] [info]   旋转 RPY: (-88.9227, -45.5455, -0.6536) deg
[13:59:41.058] [info]   平移 XYZ: (0.1230, 0.0399, -0.0577) m
[13:59:41.089] [debug] [ManualAdjust] 旋转增量 RPY=(0.000, 0.000, 0.100)deg
[13:59:41.089] [info] [ManualAdjust] 当前外参 [lidar_0→cam_0]:
[13:59:41.089] [info]   旋转 RPY: (-88.9246, -45.4456, -0.6510) deg
[13:59:41.089] [info]   平移 XYZ: (0.1230, 0.0399, -0.0577) m
[13:59:41.118] [debug] [ManualAdjust] 旋转增量 RPY=(0.000, 0.000, 0.100)deg
[13:59:41.118] [info] [ManualAdjust] 当前外参 [lidar_0→cam_0]:
[13:59:41.118] [info]   旋转 RPY: (-88.9265, -45.3456, -0.6483) deg
[13:59:41.118] [info]   平移 XYZ: (0.1230, 0.0399, -0.0577) m
[13:59:41.149] [debug] [ManualAdjust] 旋转增量 RPY=(0.000, 0.000, 0.100)deg
[13:59:41.149] [info] [ManualAdjust] 当前外参 [lidar_0→cam_0]:
[13:59:41.149] [info]   旋转 RPY: (-88.9284, -45.2456, -0.6456) deg
[13:59:41.149] [info]   平移 XYZ: (0.1230, 0.0399, -0.0577) m
[13:59:41.179] [debug] [ManualAdjust] 旋转增量 RPY=(0.000, 0.000, 0.100)deg
[13:59:41.179] [info] [ManualAdjust] 当前外参 [lidar_0→cam_0]:
[13:59:41.179] [info]   旋转 RPY: (-88.9303, -45.1456, -0.6430) deg
[13:59:41.179] [info]   平移 XYZ: (0.1230, 0.0399, -0.0577) m
[13:59:41.209] [debug] [ManualAdjust] 旋转增量 RPY=(0.000, 0.000, 0.100)deg
[13:59:41.209] [info] [ManualAdjust] 当前外参 [lidar_0→cam_0]:
[13:59:41.209] [info]   旋转 RPY: (-88.9321, -45.0456, -0.6403) deg
[13:59:41.209] [info]   平移 XYZ: (0.1230, 0.0399, -0.0577) m
[13:59:41.239] [debug] [ManualAdjust] 旋转增量 RPY=(0.000, 0.000, 0.100)deg
[13:59:41.239] [info] [ManualAdjust] 当前外参 [lidar_0→cam_0]:
[13:59:41.239] [info]   旋转 RPY: (-88.9340, -44.9456, -0.6377) deg
[13:59:41.239] [info]   平移 XYZ: (0.1230, 0.0399, -0.0577) m
[13:59:41.269] [debug] [ManualAdjust] 旋转增量 RPY=(0.000, 0.000, 0.100)deg
[13:59:41.269] [info] [ManualAdjust] 当前外参 [lidar_0→cam_0]:
[13:59:41.269] [info]   旋转 RPY: (-88.9359, -44.8457, -0.6351) deg
[13:59:41.269] [info]   平移 XYZ: (0.1230, 0.0399, -0.0577) m
[13:59:41.300] [debug] [ManualAdjust] 旋转增量 RPY=(0.000, 0.000, 0.100)deg
[13:59:41.300] [info] [ManualAdjust] 当前外参 [lidar_0→cam_0]:
[13:59:41.300] [info]   旋转 RPY: (-88.9377, -44.7457, -0.6325) deg
[13:59:41.300] [info]   平移 XYZ: (0.1230, 0.0399, -0.0577) m
[13:59:41.330] [debug] [ManualAdjust] 旋转增量 RPY=(0.000, 0.000, 0.100)deg
[13:59:41.330] [info] [ManualAdjust] 当前外参 [lidar_0→cam_0]:
[13:59:41.330] [info]   旋转 RPY: (-88.9395, -44.6457, -0.6299) deg
[13:59:41.330] [info]   平移 XYZ: (0.1230, 0.0399, -0.0577) m
[13:59:41.360] [debug] [ManualAdjust] 旋转增量 RPY=(0.000, 0.000, 0.100)deg
[13:59:41.360] [info] [ManualAdjust] 当前外参 [lidar_0→cam_0]:
[13:59:41.360] [info]   旋转 RPY: (-88.9413, -44.5457, -0.6273) deg
[13:59:41.360] [info]   平移 XYZ: (0.1230, 0.0399, -0.0577) m
[13:59:41.390] [debug] [ManualAdjust] 旋转增量 RPY=(0.000, 0.000, 0.100)deg
[13:59:41.390] [info] [ManualAdjust] 当前外参 [lidar_0→cam_0]:
[13:59:41.390] [info]   旋转 RPY: (-88.9432, -44.4457, -0.6247) deg
[13:59:41.390] [info]   平移 XYZ: (0.1230, 0.0399, -0.0577) m
[13:59:41.421] [debug] [ManualAdjust] 旋转增量 RPY=(0.000, 0.000, 0.100)deg
[13:59:41.421] [info] [ManualAdjust] 当前外参 [lidar_0→cam_0]:
[13:59:41.421] [info]   旋转 RPY: (-88.9450, -44.3457, -0.6221) deg
[13:59:41.421] [info]   平移 XYZ: (0.1230, 0.0399, -0.0577) m
[13:59:41.450] [debug] [ManualAdjust] 旋转增量 RPY=(0.000, 0.000, 0.100)deg
[13:59:41.450] [info] [ManualAdjust] 当前外参 [lidar_0→cam_0]:
[13:59:41.450] [info]   旋转 RPY: (-88.9468, -44.2458, -0.6195) deg
[13:59:41.450] [info]   平移 XYZ: (0.1230, 0.0399, -0.0577) m
[13:59:41.480] [debug] [ManualAdjust] 旋转增量 RPY=(0.000, 0.000, 0.100)deg
[13:59:41.480] [info] [ManualAdjust] 当前外参 [lidar_0→cam_0]:
[13:59:41.480] [info]   旋转 RPY: (-88.9485, -44.1458, -0.6170) deg
[13:59:41.480] [info]   平移 XYZ: (0.1230, 0.0399, -0.0577) m
[13:59:41.510] [debug] [ManualAdjust] 旋转增量 RPY=(0.000, 0.000, 0.100)deg
[13:59:41.510] [info] [ManualAdjust] 当前外参 [lidar_0→cam_0]:
[13:59:41.510] [info]   旋转 RPY: (-88.9503, -44.0458, -0.6144) deg
[13:59:41.510] [info]   平移 XYZ: (0.1230, 0.0399, -0.0577) m
[13:59:41.540] [debug] [ManualAdjust] 旋转增量 RPY=(0.000, 0.000, 0.100)deg
[13:59:41.540] [info] [ManualAdjust] 当前外参 [lidar_0→cam_0]:
[13:59:41.540] [info]   旋转 RPY: (-88.9521, -43.9458, -0.6119) deg
[13:59:41.540] [info]   平移 XYZ: (0.1230, 0.0399, -0.0577) m
[13:59:41.571] [debug] [ManualAdjust] 旋转增量 RPY=(0.000, 0.000, 0.100)deg
[13:59:41.571] [info] [ManualAdjust] 当前外参 [lidar_0→cam_0]:
[13:59:41.571] [info]   旋转 RPY: (-88.9538, -43.8458, -0.6093) deg
[13:59:41.571] [info]   平移 XYZ: (0.1230, 0.0399, -0.0577) m
[13:59:41.602] [debug] [ManualAdjust] 旋转增量 RPY=(0.000, 0.000, 0.100)deg
[13:59:41.602] [info] [ManualAdjust] 当前外参 [lidar_0→cam_0]:
[13:59:41.602] [info]   旋转 RPY: (-88.9556, -43.7458, -0.6068) deg
[13:59:41.602] [info]   平移 XYZ: (0.1230, 0.0399, -0.0577) m
[13:59:41.632] [debug] [ManualAdjust] 旋转增量 RPY=(0.000, 0.000, 0.100)deg
[13:59:41.632] [info] [ManualAdjust] 当前外参 [lidar_0→cam_0]:
[13:59:41.632] [info]   旋转 RPY: (-88.9573, -43.6459, -0.6043) deg
[13:59:41.632] [info]   平移 XYZ: (0.1230, 0.0399, -0.0577) m
[13:59:41.662] [debug] [ManualAdjust] 旋转增量 RPY=(0.000, 0.000, 0.100)deg
[13:59:41.662] [info] [ManualAdjust] 当前外参 [lidar_0→cam_0]:
[13:59:41.662] [info]   旋转 RPY: (-88.9591, -43.5459, -0.6018) deg
[13:59:41.662] [info]   平移 XYZ: (0.1230, 0.0399, -0.0577) m
[13:59:41.692] [debug] [ManualAdjust] 旋转增量 RPY=(0.000, 0.000, 0.100)deg
[13:59:41.692] [info] [ManualAdjust] 当前外参 [lidar_0→cam_0]:
[13:59:41.692] [info]   旋转 RPY: (-88.9608, -43.4459, -0.5993) deg
[13:59:41.692] [info]   平移 XYZ: (0.1230, 0.0399, -0.0577) m
[13:59:41.722] [debug] [ManualAdjust] 旋转增量 RPY=(0.000, 0.000, 0.100)deg
[13:59:41.722] [info] [ManualAdjust] 当前外参 [lidar_0→cam_0]:
[13:59:41.722] [info]   旋转 RPY: (-88.9625, -43.3459, -0.5968) deg
[13:59:41.722] [info]   平移 XYZ: (0.1230, 0.0399, -0.0577) m
[13:59:41.752] [debug] [ManualAdjust] 旋转增量 RPY=(0.000, 0.000, 0.100)deg
[13:59:41.752] [info] [ManualAdjust] 当前外参 [lidar_0→cam_0]:
[13:59:41.752] [info]   旋转 RPY: (-88.9642, -43.2459, -0.5943) deg
[13:59:41.752] [info]   平移 XYZ: (0.1230, 0.0399, -0.0577) m
[13:59:41.782] [debug] [ManualAdjust] 旋转增量 RPY=(0.000, 0.000, 0.100)deg
[13:59:41.782] [info] [ManualAdjust] 当前外参 [lidar_0→cam_0]:
[13:59:41.782] [info]   旋转 RPY: (-88.9659, -43.1459, -0.5918) deg
[13:59:41.782] [info]   平移 XYZ: (0.1230, 0.0399, -0.0577) m
[13:59:41.812] [debug] [ManualAdjust] 旋转增量 RPY=(0.000, 0.000, 0.100)deg
[13:59:41.812] [info] [ManualAdjust] 当前外参 [lidar_0→cam_0]:
[13:59:41.812] [info]   旋转 RPY: (-88.9676, -43.0460, -0.5893) deg
[13:59:41.812] [info]   平移 XYZ: (0.1230, 0.0399, -0.0577) m
[13:59:41.842] [debug] [ManualAdjust] 旋转增量 RPY=(0.000, 0.000, 0.100)deg
[13:59:41.842] [info] [ManualAdjust] 当前外参 [lidar_0→cam_0]:
[13:59:41.842] [info]   旋转 RPY: (-88.9693, -42.9460, -0.5869) deg
[13:59:41.842] [info]   平移 XYZ: (0.1230, 0.0399, -0.0577) m
[13:59:41.872] [debug] [ManualAdjust] 旋转增量 RPY=(0.000, 0.000, 0.100)deg
[13:59:41.872] [info] [ManualAdjust] 当前外参 [lidar_0→cam_0]:
[13:59:41.872] [info]   旋转 RPY: (-88.9709, -42.8460, -0.5844) deg
[13:59:41.872] [info]   平移 XYZ: (0.1230, 0.0399, -0.0577) m
[13:59:41.902] [debug] [ManualAdjust] 旋转增量 RPY=(0.000, 0.000, 0.100)deg
[13:59:41.902] [info] [ManualAdjust] 当前外参 [lidar_0→cam_0]:
[13:59:41.902] [info]   旋转 RPY: (-88.9726, -42.7460, -0.5820) deg
[13:59:41.902] [info]   平移 XYZ: (0.1230, 0.0399, -0.0577) m
[13:59:41.932] [debug] [ManualAdjust] 旋转增量 RPY=(0.000, 0.000, 0.100)deg
[13:59:41.932] [info] [ManualAdjust] 当前外参 [lidar_0→cam_0]:
[13:59:41.932] [info]   旋转 RPY: (-88.9743, -42.6460, -0.5795) deg
[13:59:41.932] [info]   平移 XYZ: (0.1230, 0.0399, -0.0577) m
[13:59:41.962] [debug] [ManualAdjust] 旋转增量 RPY=(0.000, 0.000, 0.100)deg
[13:59:41.962] [info] [ManualAdjust] 当前外参 [lidar_0→cam_0]:
[13:59:41.962] [info]   旋转 RPY: (-88.9759, -42.5460, -0.5771) deg
[13:59:41.962] [info]   平移 XYZ: (0.1230, 0.0399, -0.0577) m
[13:59:41.992] [debug] [ManualAdjust] 旋转增量 RPY=(0.000, 0.000, 0.100)deg
[13:59:41.992] [info] [ManualAdjust] 当前外参 [lidar_0→cam_0]:
[13:59:41.992] [info]   旋转 RPY: (-88.9775, -42.4461, -0.5747) deg
[13:59:41.992] [info]   平移 XYZ: (0.1230, 0.0399, -0.0577) m
[13:59:42.023] [debug] [ManualAdjust] 旋转增量 RPY=(0.000, 0.000, 0.100)deg
[13:59:42.023] [info] [ManualAdjust] 当前外参 [lidar_0→cam_0]:
[13:59:42.023] [info]   旋转 RPY: (-88.9792, -42.3461, -0.5723) deg
[13:59:42.023] [info]   平移 XYZ: (0.1230, 0.0399, -0.0577) m
[13:59:42.053] [debug] [ManualAdjust] 旋转增量 RPY=(0.000, 0.000, 0.100)deg
[13:59:42.053] [info] [ManualAdjust] 当前外参 [lidar_0→cam_0]:
[13:59:42.053] [info]   旋转 RPY: (-88.9808, -42.2461, -0.5699) deg
[13:59:42.053] [info]   平移 XYZ: (0.1230, 0.0399, -0.0577) m
[13:59:42.084] [debug] [ManualAdjust] 旋转增量 RPY=(0.000, 0.000, 0.100)deg
[13:59:42.084] [info] [ManualAdjust] 当前外参 [lidar_0→cam_0]:
[13:59:42.084] [info]   旋转 RPY: (-88.9824, -42.1461, -0.5675) deg
[13:59:42.084] [info]   平移 XYZ: (0.1230, 0.0399, -0.0577) m
[13:59:42.114] [debug] [ManualAdjust] 旋转增量 RPY=(0.000, 0.000, 0.100)deg
[13:59:42.114] [info] [ManualAdjust] 当前外参 [lidar_0→cam_0]:
[13:59:42.114] [info]   旋转 RPY: (-88.9840, -42.0461, -0.5651) deg
[13:59:42.114] [info]   平移 XYZ: (0.1230, 0.0399, -0.0577) m
[13:59:42.145] [debug] [ManualAdjust] 旋转增量 RPY=(0.000, 0.000, 0.100)deg
[13:59:42.145] [info] [ManualAdjust] 当前外参 [lidar_0→cam_0]:
[13:59:42.145] [info]   旋转 RPY: (-88.9856, -41.9461, -0.5627) deg
[13:59:42.145] [info]   平移 XYZ: (0.1230, 0.0399, -0.0577) m
[13:59:42.176] [debug] [ManualAdjust] 旋转增量 RPY=(0.000, 0.000, 0.100)deg
[13:59:42.176] [info] [ManualAdjust] 当前外参 [lidar_0→cam_0]:
[13:59:42.176] [info]   旋转 RPY: (-88.9872, -41.8462, -0.5603) deg
[13:59:42.176] [info]   平移 XYZ: (0.1230, 0.0399, -0.0577) m
[13:59:42.206] [debug] [ManualAdjust] 旋转增量 RPY=(0.000, 0.000, 0.100)deg
[13:59:42.206] [info] [ManualAdjust] 当前外参 [lidar_0→cam_0]:
[13:59:42.206] [info]   旋转 RPY: (-88.9888, -41.7462, -0.5579) deg
[13:59:42.206] [info]   平移 XYZ: (0.1230, 0.0399, -0.0577) m
[13:59:42.236] [debug] [ManualAdjust] 旋转增量 RPY=(0.000, 0.000, 0.100)deg
[13:59:42.236] [info] [ManualAdjust] 当前外参 [lidar_0→cam_0]:
[13:59:42.236] [info]   旋转 RPY: (-88.9903, -41.6462, -0.5556) deg
[13:59:42.236] [info]   平移 XYZ: (0.1230, 0.0399, -0.0577) m
[13:59:42.267] [debug] [ManualAdjust] 旋转增量 RPY=(0.000, 0.000, 0.100)deg
[13:59:42.267] [info] [ManualAdjust] 当前外参 [lidar_0→cam_0]:
[13:59:42.267] [info]   旋转 RPY: (-88.9919, -41.5462, -0.5532) deg
[13:59:42.267] [info]   平移 XYZ: (0.1230, 0.0399, -0.0577) m
[13:59:42.297] [debug] [ManualAdjust] 旋转增量 RPY=(0.000, 0.000, 0.100)deg
[13:59:42.298] [info] [ManualAdjust] 当前外参 [lidar_0→cam_0]:
[13:59:42.298] [info]   旋转 RPY: (-88.9934, -41.4462, -0.5509) deg
[13:59:42.298] [info]   平移 XYZ: (0.1230, 0.0399, -0.0577) m
[13:59:42.327] [debug] [ManualAdjust] 旋转增量 RPY=(0.000, 0.000, 0.100)deg
[13:59:42.327] [info] [ManualAdjust] 当前外参 [lidar_0→cam_0]:
[13:59:42.327] [info]   旋转 RPY: (-88.9950, -41.3462, -0.5485) deg
[13:59:42.327] [info]   平移 XYZ: (0.1230, 0.0399, -0.0577) m
[13:59:42.358] [debug] [ManualAdjust] 旋转增量 RPY=(0.000, 0.000, 0.100)deg
[13:59:42.358] [info] [ManualAdjust] 当前外参 [lidar_0→cam_0]:
[13:59:42.358] [info]   旋转 RPY: (-88.9965, -41.2462, -0.5462) deg
[13:59:42.358] [info]   平移 XYZ: (0.1230, 0.0399, -0.0577) m
[13:59:42.388] [debug] [ManualAdjust] 旋转增量 RPY=(0.000, 0.000, 0.100)deg
[13:59:42.388] [info] [ManualAdjust] 当前外参 [lidar_0→cam_0]:
[13:59:42.388] [info]   旋转 RPY: (-88.9981, -41.1463, -0.5439) deg
[13:59:42.388] [info]   平移 XYZ: (0.1230, 0.0399, -0.0577) m
[13:59:42.419] [debug] [ManualAdjust] 旋转增量 RPY=(0.000, 0.000, 0.100)deg
[13:59:42.419] [info] [ManualAdjust] 当前外参 [lidar_0→cam_0]:
[13:59:42.419] [info]   旋转 RPY: (-88.9996, -41.0463, -0.5416) deg
[13:59:42.419] [info]   平移 XYZ: (0.1230, 0.0399, -0.0577) m
[13:59:42.449] [debug] [ManualAdjust] 旋转增量 RPY=(0.000, 0.000, 0.100)deg
[13:59:42.449] [info] [ManualAdjust] 当前外参 [lidar_0→cam_0]:
[13:59:42.449] [info]   旋转 RPY: (-89.0011, -40.9463, -0.5393) deg
[13:59:42.449] [info]   平移 XYZ: (0.1230, 0.0399, -0.0577) m
[13:59:42.479] [debug] [ManualAdjust] 旋转增量 RPY=(0.000, 0.000, 0.100)deg
[13:59:42.479] [info] [ManualAdjust] 当前外参 [lidar_0→cam_0]:
[13:59:42.479] [info]   旋转 RPY: (-89.0026, -40.8463, -0.5369) deg
[13:59:42.479] [info]   平移 XYZ: (0.1230, 0.0399, -0.0577) m
[13:59:42.509] [debug] [ManualAdjust] 旋转增量 RPY=(0.000, 0.000, 0.100)deg
[13:59:42.509] [info] [ManualAdjust] 当前外参 [lidar_0→cam_0]:
[13:59:42.509] [info]   旋转 RPY: (-89.0041, -40.7463, -0.5347) deg
[13:59:42.509] [info]   平移 XYZ: (0.1230, 0.0399, -0.0577) m
[13:59:42.539] [debug] [ManualAdjust] 旋转增量 RPY=(0.000, 0.000, 0.100)deg
[13:59:42.539] [info] [ManualAdjust] 当前外参 [lidar_0→cam_0]:
[13:59:42.539] [info]   旋转 RPY: (-89.0056, -40.6463, -0.5324) deg
[13:59:42.539] [info]   平移 XYZ: (0.1230, 0.0399, -0.0577) m
[13:59:42.569] [debug] [ManualAdjust] 旋转增量 RPY=(0.000, 0.000, 0.100)deg
[13:59:42.569] [info] [ManualAdjust] 当前外参 [lidar_0→cam_0]:
[13:59:42.569] [info]   旋转 RPY: (-89.0071, -40.5464, -0.5301) deg
[13:59:42.569] [info]   平移 XYZ: (0.1230, 0.0399, -0.0577) m
[13:59:42.599] [debug] [ManualAdjust] 旋转增量 RPY=(0.000, 0.000, 0.100)deg
[13:59:42.599] [info] [ManualAdjust] 当前外参 [lidar_0→cam_0]:
[13:59:42.599] [info]   旋转 RPY: (-89.0086, -40.4464, -0.5278) deg
[13:59:42.599] [info]   平移 XYZ: (0.1230, 0.0399, -0.0577) m
[13:59:42.629] [debug] [ManualAdjust] 旋转增量 RPY=(0.000, 0.000, 0.100)deg
[13:59:42.629] [info] [ManualAdjust] 当前外参 [lidar_0→cam_0]:
[13:59:42.629] [info]   旋转 RPY: (-89.0100, -40.3464, -0.5255) deg
[13:59:42.629] [info]   平移 XYZ: (0.1230, 0.0399, -0.0577) m
[13:59:42.659] [debug] [ManualAdjust] 旋转增量 RPY=(0.000, 0.000, 0.100)deg
[13:59:42.659] [info] [ManualAdjust] 当前外参 [lidar_0→cam_0]:
[13:59:42.659] [info]   旋转 RPY: (-89.0115, -40.2464, -0.5233) deg
[13:59:42.659] [info]   平移 XYZ: (0.1230, 0.0399, -0.0577) m
[13:59:42.689] [debug] [ManualAdjust] 旋转增量 RPY=(0.000, 0.000, 0.100)deg
[13:59:42.689] [info] [ManualAdjust] 当前外参 [lidar_0→cam_0]:
[13:59:42.689] [info]   旋转 RPY: (-89.0130, -40.1464, -0.5210) deg
[13:59:42.689] [info]   平移 XYZ: (0.1230, 0.0399, -0.0577) m
[13:59:42.720] [debug] [ManualAdjust] 旋转增量 RPY=(0.000, 0.000, 0.100)deg
[13:59:42.720] [info] [ManualAdjust] 当前外参 [lidar_0→cam_0]:
[13:59:42.720] [info]   旋转 RPY: (-89.0144, -40.0464, -0.5188) deg
[13:59:42.720] [info]   平移 XYZ: (0.1230, 0.0399, -0.0577) m
[13:59:42.750] [debug] [ManualAdjust] 旋转增量 RPY=(0.000, 0.000, 0.100)deg
[13:59:42.750] [info] [ManualAdjust] 当前外参 [lidar_0→cam_0]:
[13:59:42.750] [info]   旋转 RPY: (-89.0159, -39.9464, -0.5165) deg
[13:59:42.750] [info]   平移 XYZ: (0.1230, 0.0399, -0.0577) m
[13:59:42.780] [debug] [ManualAdjust] 旋转增量 RPY=(0.000, 0.000, 0.100)deg
[13:59:42.780] [info] [ManualAdjust] 当前外参 [lidar_0→cam_0]:
[13:59:42.780] [info]   旋转 RPY: (-89.0173, -39.8465, -0.5143) deg
[13:59:42.780] [info]   平移 XYZ: (0.1230, 0.0399, -0.0577) m
[13:59:42.810] [debug] [ManualAdjust] 旋转增量 RPY=(0.000, 0.000, 0.100)deg
[13:59:42.810] [info] [ManualAdjust] 当前外参 [lidar_0→cam_0]:
[13:59:42.810] [info]   旋转 RPY: (-89.0187, -39.7465, -0.5120) deg
[13:59:42.810] [info]   平移 XYZ: (0.1230, 0.0399, -0.0577) m
[13:59:42.840] [debug] [ManualAdjust] 旋转增量 RPY=(0.000, 0.000, 0.100)deg
[13:59:42.840] [info] [ManualAdjust] 当前外参 [lidar_0→cam_0]:
[13:59:42.840] [info]   旋转 RPY: (-89.0201, -39.6465, -0.5098) deg
[13:59:42.840] [info]   平移 XYZ: (0.1230, 0.0399, -0.0577) m
[13:59:42.871] [debug] [ManualAdjust] 旋转增量 RPY=(0.000, 0.000, 0.100)deg
[13:59:42.871] [info] [ManualAdjust] 当前外参 [lidar_0→cam_0]:
[13:59:42.871] [info]   旋转 RPY: (-89.0216, -39.5465, -0.5076) deg
[13:59:42.871] [info]   平移 XYZ: (0.1230, 0.0399, -0.0577) m
[13:59:42.902] [debug] [ManualAdjust] 旋转增量 RPY=(0.000, 0.000, 0.100)deg
[13:59:42.902] [info] [ManualAdjust] 当前外参 [lidar_0→cam_0]:
[13:59:42.902] [info]   旋转 RPY: (-89.0230, -39.4465, -0.5054) deg
[13:59:42.902] [info]   平移 XYZ: (0.1230, 0.0399, -0.0577) m
[13:59:42.932] [debug] [ManualAdjust] 旋转增量 RPY=(0.000, 0.000, 0.100)deg
[13:59:42.932] [info] [ManualAdjust] 当前外参 [lidar_0→cam_0]:
[13:59:42.932] [info]   旋转 RPY: (-89.0244, -39.3465, -0.5032) deg
[13:59:42.932] [info]   平移 XYZ: (0.1230, 0.0399, -0.0577) m
[13:59:42.962] [debug] [ManualAdjust] 旋转增量 RPY=(0.000, 0.000, 0.100)deg
[13:59:42.962] [info] [ManualAdjust] 当前外参 [lidar_0→cam_0]:
[13:59:42.962] [info]   旋转 RPY: (-89.0258, -39.2465, -0.5010) deg
[13:59:42.962] [info]   平移 XYZ: (0.1230, 0.0399, -0.0577) m
[13:59:42.992] [debug] [ManualAdjust] 旋转增量 RPY=(0.000, 0.000, 0.100)deg
[13:59:42.992] [info] [ManualAdjust] 当前外参 [lidar_0→cam_0]:
[13:59:42.992] [info]   旋转 RPY: (-89.0271, -39.1466, -0.4988) deg
[13:59:42.992] [info]   平移 XYZ: (0.1230, 0.0399, -0.0577) m
[13:59:43.022] [debug] [ManualAdjust] 旋转增量 RPY=(0.000, 0.000, 0.100)deg
[13:59:43.022] [info] [ManualAdjust] 当前外参 [lidar_0→cam_0]:
[13:59:43.022] [info]   旋转 RPY: (-89.0285, -39.0466, -0.4966) deg
[13:59:43.022] [info]   平移 XYZ: (0.1230, 0.0399, -0.0577) m
[13:59:43.053] [debug] [ManualAdjust] 旋转增量 RPY=(0.000, 0.000, 0.100)deg
[13:59:43.053] [info] [ManualAdjust] 当前外参 [lidar_0→cam_0]:
[13:59:43.053] [info]   旋转 RPY: (-89.0299, -38.9466, -0.4944) deg
[13:59:43.053] [info]   平移 XYZ: (0.1230, 0.0399, -0.0577) m
[13:59:43.082] [debug] [ManualAdjust] 旋转增量 RPY=(0.000, 0.000, 0.100)deg
[13:59:43.082] [info] [ManualAdjust] 当前外参 [lidar_0→cam_0]:
[13:59:43.082] [info]   旋转 RPY: (-89.0313, -38.8466, -0.4923) deg
[13:59:43.082] [info]   平移 XYZ: (0.1230, 0.0399, -0.0577) m
[13:59:43.112] [debug] [ManualAdjust] 旋转增量 RPY=(0.000, 0.000, 0.100)deg
[13:59:43.112] [info] [ManualAdjust] 当前外参 [lidar_0→cam_0]:
[13:59:43.112] [info]   旋转 RPY: (-89.0326, -38.7466, -0.4901) deg
[13:59:43.112] [info]   平移 XYZ: (0.1230, 0.0399, -0.0577) m
[13:59:43.143] [debug] [ManualAdjust] 旋转增量 RPY=(0.000, 0.000, 0.100)deg
[13:59:43.143] [info] [ManualAdjust] 当前外参 [lidar_0→cam_0]:
[13:59:43.143] [info]   旋转 RPY: (-89.0340, -38.6466, -0.4879) deg
[13:59:43.143] [info]   平移 XYZ: (0.1230, 0.0399, -0.0577) m
[13:59:43.172] [debug] [ManualAdjust] 旋转增量 RPY=(0.000, 0.000, 0.100)deg
[13:59:43.172] [info] [ManualAdjust] 当前外参 [lidar_0→cam_0]:
[13:59:43.172] [info]   旋转 RPY: (-89.0353, -38.5466, -0.4858) deg
[13:59:43.172] [info]   平移 XYZ: (0.1230, 0.0399, -0.0577) m
[13:59:43.203] [debug] [ManualAdjust] 旋转增量 RPY=(0.000, 0.000, 0.100)deg
[13:59:43.203] [info] [ManualAdjust] 当前外参 [lidar_0→cam_0]:
[13:59:43.203] [info]   旋转 RPY: (-89.0366, -38.4467, -0.4836) deg
[13:59:43.203] [info]   平移 XYZ: (0.1230, 0.0399, -0.0577) m
[13:59:43.233] [debug] [ManualAdjust] 旋转增量 RPY=(0.000, 0.000, 0.100)deg
[13:59:43.233] [info] [ManualAdjust] 当前外参 [lidar_0→cam_0]:
[13:59:43.233] [info]   旋转 RPY: (-89.0380, -38.3467, -0.4815) deg
[13:59:43.233] [info]   平移 XYZ: (0.1230, 0.0399, -0.0577) m
[13:59:43.264] [debug] [ManualAdjust] 旋转增量 RPY=(0.000, 0.000, 0.100)deg
[13:59:43.264] [info] [ManualAdjust] 当前外参 [lidar_0→cam_0]:
[13:59:43.264] [info]   旋转 RPY: (-89.0393, -38.2467, -0.4793) deg
[13:59:43.264] [info]   平移 XYZ: (0.1230, 0.0399, -0.0577) m
[13:59:43.293] [debug] [ManualAdjust] 旋转增量 RPY=(0.000, 0.000, 0.100)deg
[13:59:43.293] [info] [ManualAdjust] 当前外参 [lidar_0→cam_0]:
[13:59:43.293] [info]   旋转 RPY: (-89.0406, -38.1467, -0.4772) deg
[13:59:43.293] [info]   平移 XYZ: (0.1230, 0.0399, -0.0577) m
[13:59:43.323] [debug] [ManualAdjust] 旋转增量 RPY=(0.000, 0.000, 0.100)deg
[13:59:43.323] [info] [ManualAdjust] 当前外参 [lidar_0→cam_0]:
[13:59:43.323] [info]   旋转 RPY: (-89.0419, -38.0467, -0.4751) deg
[13:59:43.323] [info]   平移 XYZ: (0.1230, 0.0399, -0.0577) m
[13:59:43.353] [debug] [ManualAdjust] 旋转增量 RPY=(0.000, 0.000, 0.100)deg
[13:59:43.353] [info] [ManualAdjust] 当前外参 [lidar_0→cam_0]:
[13:59:43.353] [info]   旋转 RPY: (-89.0432, -37.9467, -0.4730) deg
[13:59:43.353] [info]   平移 XYZ: (0.1230, 0.0399, -0.0577) m
[13:59:43.383] [debug] [ManualAdjust] 旋转增量 RPY=(0.000, 0.000, 0.100)deg
[13:59:43.383] [info] [ManualAdjust] 当前外参 [lidar_0→cam_0]:
[13:59:43.383] [info]   旋转 RPY: (-89.0445, -37.8467, -0.4708) deg
[13:59:43.383] [info]   平移 XYZ: (0.1230, 0.0399, -0.0577) m
[13:59:43.414] [debug] [ManualAdjust] 旋转增量 RPY=(0.000, 0.000, 0.100)deg
[13:59:43.414] [info] [ManualAdjust] 当前外参 [lidar_0→cam_0]:
[13:59:43.414] [info]   旋转 RPY: (-89.0458, -37.7468, -0.4687) deg
[13:59:43.414] [info]   平移 XYZ: (0.1230, 0.0399, -0.0577) m
[13:59:43.445] [debug] [ManualAdjust] 旋转增量 RPY=(0.000, 0.000, 0.100)deg
[13:59:43.445] [info] [ManualAdjust] 当前外参 [lidar_0→cam_0]:
[13:59:43.445] [info]   旋转 RPY: (-89.0471, -37.6468, -0.4666) deg
[13:59:43.445] [info]   平移 XYZ: (0.1230, 0.0399, -0.0577) m
[13:59:43.475] [debug] [ManualAdjust] 旋转增量 RPY=(0.000, 0.000, 0.100)deg
[13:59:43.475] [info] [ManualAdjust] 当前外参 [lidar_0→cam_0]:
[13:59:43.475] [info]   旋转 RPY: (-89.0484, -37.5468, -0.4645) deg
[13:59:43.475] [info]   平移 XYZ: (0.1230, 0.0399, -0.0577) m
[13:59:43.505] [debug] [ManualAdjust] 旋转增量 RPY=(0.000, 0.000, 0.100)deg
[13:59:43.506] [info] [ManualAdjust] 当前外参 [lidar_0→cam_0]:
[13:59:43.506] [info]   旋转 RPY: (-89.0497, -37.4468, -0.4624) deg
[13:59:43.506] [info]   平移 XYZ: (0.1230, 0.0399, -0.0577) m
[13:59:43.535] [debug] [ManualAdjust] 旋转增量 RPY=(0.000, 0.000, 0.100)deg
[13:59:43.535] [info] [ManualAdjust] 当前外参 [lidar_0→cam_0]:
[13:59:43.535] [info]   旋转 RPY: (-89.0509, -37.3468, -0.4604) deg
[13:59:43.535] [info]   平移 XYZ: (0.1230, 0.0399, -0.0577) m
[13:59:43.565] [debug] [ManualAdjust] 旋转增量 RPY=(0.000, 0.000, 0.100)deg
[13:59:43.565] [info] [ManualAdjust] 当前外参 [lidar_0→cam_0]:
[13:59:43.565] [info]   旋转 RPY: (-89.0522, -37.2468, -0.4583) deg
[13:59:43.565] [info]   平移 XYZ: (0.1230, 0.0399, -0.0577) m
[13:59:43.596] [debug] [ManualAdjust] 旋转增量 RPY=(0.000, 0.000, 0.100)deg
[13:59:43.596] [info] [ManualAdjust] 当前外参 [lidar_0→cam_0]:
[13:59:43.596] [info]   旋转 RPY: (-89.0535, -37.1468, -0.4562) deg
[13:59:43.596] [info]   平移 XYZ: (0.1230, 0.0399, -0.0577) m
[13:59:43.626] [debug] [ManualAdjust] 旋转增量 RPY=(0.000, 0.000, 0.100)deg
[13:59:43.626] [info] [ManualAdjust] 当前外参 [lidar_0→cam_0]:
[13:59:43.626] [info]   旋转 RPY: (-89.0547, -37.0469, -0.4541) deg
[13:59:43.626] [info]   平移 XYZ: (0.1230, 0.0399, -0.0577) m
[13:59:43.656] [debug] [ManualAdjust] 旋转增量 RPY=(0.000, 0.000, 0.100)deg
[13:59:43.656] [info] [ManualAdjust] 当前外参 [lidar_0→cam_0]:
[13:59:43.656] [info]   旋转 RPY: (-89.0559, -36.9469, -0.4521) deg
[13:59:43.656] [info]   平移 XYZ: (0.1230, 0.0399, -0.0577) m
[13:59:43.686] [debug] [ManualAdjust] 旋转增量 RPY=(0.000, 0.000, 0.100)deg
[13:59:43.686] [info] [ManualAdjust] 当前外参 [lidar_0→cam_0]:
[13:59:43.686] [info]   旋转 RPY: (-89.0572, -36.8469, -0.4500) deg
[13:59:43.686] [info]   平移 XYZ: (0.1230, 0.0399, -0.0577) m
[13:59:43.716] [debug] [ManualAdjust] 旋转增量 RPY=(0.000, 0.000, 0.100)deg
[13:59:43.716] [info] [ManualAdjust] 当前外参 [lidar_0→cam_0]:
[13:59:43.716] [info]   旋转 RPY: (-89.0584, -36.7469, -0.4480) deg
[13:59:43.716] [info]   平移 XYZ: (0.1230, 0.0399, -0.0577) m
[13:59:43.746] [debug] [ManualAdjust] 旋转增量 RPY=(0.000, 0.000, 0.100)deg
[13:59:43.746] [info] [ManualAdjust] 当前外参 [lidar_0→cam_0]:
[13:59:43.746] [info]   旋转 RPY: (-89.0596, -36.6469, -0.4459) deg
[13:59:43.746] [info]   平移 XYZ: (0.1230, 0.0399, -0.0577) m
[13:59:43.776] [debug] [ManualAdjust] 旋转增量 RPY=(0.000, 0.000, 0.100)deg
[13:59:43.776] [info] [ManualAdjust] 当前外参 [lidar_0→cam_0]:
[13:59:43.776] [info]   旋转 RPY: (-89.0609, -36.5469, -0.4439) deg
[13:59:43.776] [info]   平移 XYZ: (0.1230, 0.0399, -0.0577) m
[13:59:43.806] [debug] [ManualAdjust] 旋转增量 RPY=(0.000, 0.000, 0.100)deg
[13:59:43.806] [info] [ManualAdjust] 当前外参 [lidar_0→cam_0]:
[13:59:43.806] [info]   旋转 RPY: (-89.0621, -36.4469, -0.4418) deg
[13:59:43.806] [info]   平移 XYZ: (0.1230, 0.0399, -0.0577) m
[13:59:43.836] [debug] [ManualAdjust] 旋转增量 RPY=(0.000, 0.000, 0.100)deg
[13:59:43.836] [info] [ManualAdjust] 当前外参 [lidar_0→cam_0]:
[13:59:43.836] [info]   旋转 RPY: (-89.0633, -36.3469, -0.4398) deg
[13:59:43.836] [info]   平移 XYZ: (0.1230, 0.0399, -0.0577) m
[13:59:43.866] [debug] [ManualAdjust] 旋转增量 RPY=(0.000, 0.000, 0.100)deg
[13:59:43.866] [info] [ManualAdjust] 当前外参 [lidar_0→cam_0]:
[13:59:43.866] [info]   旋转 RPY: (-89.0645, -36.2470, -0.4378) deg
[13:59:43.866] [info]   平移 XYZ: (0.1230, 0.0399, -0.0577) m
[13:59:43.897] [debug] [ManualAdjust] 旋转增量 RPY=(0.000, 0.000, 0.100)deg
[13:59:43.897] [info] [ManualAdjust] 当前外参 [lidar_0→cam_0]:
[13:59:43.897] [info]   旋转 RPY: (-89.0657, -36.1470, -0.4357) deg
[13:59:43.897] [info]   平移 XYZ: (0.1230, 0.0399, -0.0577) m
[13:59:43.927] [debug] [ManualAdjust] 旋转增量 RPY=(0.000, 0.000, 0.100)deg
[13:59:43.927] [info] [ManualAdjust] 当前外参 [lidar_0→cam_0]:
[13:59:43.927] [info]   旋转 RPY: (-89.0669, -36.0470, -0.4337) deg
[13:59:43.927] [info]   平移 XYZ: (0.1230, 0.0399, -0.0577) m
[13:59:43.957] [debug] [ManualAdjust] 旋转增量 RPY=(0.000, 0.000, 0.100)deg
[13:59:43.957] [info] [ManualAdjust] 当前外参 [lidar_0→cam_0]:
[13:59:43.957] [info]   旋转 RPY: (-89.0680, -35.9470, -0.4317) deg
[13:59:43.957] [info]   平移 XYZ: (0.1230, 0.0399, -0.0577) m
[13:59:43.987] [debug] [ManualAdjust] 旋转增量 RPY=(0.000, 0.000, 0.100)deg
[13:59:43.987] [info] [ManualAdjust] 当前外参 [lidar_0→cam_0]:
[13:59:43.987] [info]   旋转 RPY: (-89.0692, -35.8470, -0.4297) deg
[13:59:43.987] [info]   平移 XYZ: (0.1230, 0.0399, -0.0577) m
[13:59:44.017] [debug] [ManualAdjust] 旋转增量 RPY=(0.000, 0.000, 0.100)deg
[13:59:44.017] [info] [ManualAdjust] 当前外参 [lidar_0→cam_0]:
[13:59:44.017] [info]   旋转 RPY: (-89.0704, -35.7470, -0.4277) deg
[13:59:44.017] [info]   平移 XYZ: (0.1230, 0.0399, -0.0577) m
[13:59:44.047] [debug] [ManualAdjust] 旋转增量 RPY=(0.000, 0.000, 0.100)deg
[13:59:44.047] [info] [ManualAdjust] 当前外参 [lidar_0→cam_0]:
[13:59:44.047] [info]   旋转 RPY: (-89.0715, -35.6470, -0.4257) deg
[13:59:44.047] [info]   平移 XYZ: (0.1230, 0.0399, -0.0577) m
[13:59:44.077] [debug] [ManualAdjust] 旋转增量 RPY=(0.000, 0.000, 0.100)deg
[13:59:44.077] [info] [ManualAdjust] 当前外参 [lidar_0→cam_0]:
[13:59:44.077] [info]   旋转 RPY: (-89.0727, -35.5471, -0.4237) deg
[13:59:44.077] [info]   平移 XYZ: (0.1230, 0.0399, -0.0577) m
[13:59:44.107] [debug] [ManualAdjust] 旋转增量 RPY=(0.000, 0.000, 0.100)deg
[13:59:44.107] [info] [ManualAdjust] 当前外参 [lidar_0→cam_0]:
[13:59:44.107] [info]   旋转 RPY: (-89.0739, -35.4471, -0.4217) deg
[13:59:44.107] [info]   平移 XYZ: (0.1230, 0.0399, -0.0577) m
[13:59:44.137] [debug] [ManualAdjust] 旋转增量 RPY=(0.000, 0.000, 0.100)deg
[13:59:44.137] [info] [ManualAdjust] 当前外参 [lidar_0→cam_0]:
[13:59:44.137] [info]   旋转 RPY: (-89.0750, -35.3471, -0.4198) deg
[13:59:44.137] [info]   平移 XYZ: (0.1230, 0.0399, -0.0577) m
[13:59:44.167] [debug] [ManualAdjust] 旋转增量 RPY=(0.000, 0.000, 0.100)deg
[13:59:44.167] [info] [ManualAdjust] 当前外参 [lidar_0→cam_0]:
[13:59:44.167] [info]   旋转 RPY: (-89.0762, -35.2471, -0.4178) deg
[13:59:44.167] [info]   平移 XYZ: (0.1230, 0.0399, -0.0577) m
[13:59:44.197] [debug] [ManualAdjust] 旋转增量 RPY=(0.000, 0.000, 0.100)deg
[13:59:44.197] [info] [ManualAdjust] 当前外参 [lidar_0→cam_0]:
[13:59:44.197] [info]   旋转 RPY: (-89.0773, -35.1471, -0.4158) deg
[13:59:44.197] [info]   平移 XYZ: (0.1230, 0.0399, -0.0577) m
[13:59:44.227] [debug] [ManualAdjust] 旋转增量 RPY=(0.000, 0.000, 0.100)deg
[13:59:44.227] [info] [ManualAdjust] 当前外参 [lidar_0→cam_0]:
[13:59:44.227] [info]   旋转 RPY: (-89.0784, -35.0471, -0.4138) deg
[13:59:44.227] [info]   平移 XYZ: (0.1230, 0.0399, -0.0577) m
[13:59:44.257] [debug] [ManualAdjust] 旋转增量 RPY=(0.000, 0.000, 0.100)deg
[13:59:44.257] [info] [ManualAdjust] 当前外参 [lidar_0→cam_0]:
[13:59:44.257] [info]   旋转 RPY: (-89.0795, -34.9471, -0.4119) deg
[13:59:44.257] [info]   平移 XYZ: (0.1230, 0.0399, -0.0577) m
[13:59:44.287] [debug] [ManualAdjust] 旋转增量 RPY=(0.000, 0.000, 0.100)deg
[13:59:44.287] [info] [ManualAdjust] 当前外参 [lidar_0→cam_0]:
[13:59:44.287] [info]   旋转 RPY: (-89.0807, -34.8471, -0.4099) deg
[13:59:44.287] [info]   平移 XYZ: (0.1230, 0.0399, -0.0577) m
[13:59:44.318] [debug] [ManualAdjust] 旋转增量 RPY=(0.000, 0.000, 0.100)deg
[13:59:44.318] [info] [ManualAdjust] 当前外参 [lidar_0→cam_0]:
[13:59:44.318] [info]   旋转 RPY: (-89.0818, -34.7472, -0.4080) deg
[13:59:44.318] [info]   平移 XYZ: (0.1230, 0.0399, -0.0577) m
[13:59:44.348] [debug] [ManualAdjust] 旋转增量 RPY=(0.000, 0.000, 0.100)deg
[13:59:44.348] [info] [ManualAdjust] 当前外参 [lidar_0→cam_0]:
[13:59:44.348] [info]   旋转 RPY: (-89.0829, -34.6472, -0.4060) deg
[13:59:44.348] [info]   平移 XYZ: (0.1230, 0.0399, -0.0577) m
[13:59:44.378] [debug] [ManualAdjust] 旋转增量 RPY=(0.000, 0.000, 0.100)deg
[13:59:44.378] [info] [ManualAdjust] 当前外参 [lidar_0→cam_0]:
[13:59:44.378] [info]   旋转 RPY: (-89.0840, -34.5472, -0.4041) deg
[13:59:44.378] [info]   平移 XYZ: (0.1230, 0.0399, -0.0577) m
[13:59:44.408] [debug] [ManualAdjust] 旋转增量 RPY=(0.000, 0.000, 0.100)deg
[13:59:44.408] [info] [ManualAdjust] 当前外参 [lidar_0→cam_0]:
[13:59:44.408] [info]   旋转 RPY: (-89.0851, -34.4472, -0.4021) deg
[13:59:44.408] [info]   平移 XYZ: (0.1230, 0.0399, -0.0577) m
[13:59:44.438] [debug] [ManualAdjust] 旋转增量 RPY=(0.000, 0.000, 0.100)deg
[13:59:44.438] [info] [ManualAdjust] 当前外参 [lidar_0→cam_0]:
[13:59:44.438] [info]   旋转 RPY: (-89.0862, -34.3472, -0.4002) deg
[13:59:44.438] [info]   平移 XYZ: (0.1230, 0.0399, -0.0577) m
[13:59:44.469] [debug] [ManualAdjust] 旋转增量 RPY=(0.000, 0.000, 0.100)deg
[13:59:44.469] [info] [ManualAdjust] 当前外参 [lidar_0→cam_0]:
[13:59:44.469] [info]   旋转 RPY: (-89.0873, -34.2472, -0.3983) deg
[13:59:44.469] [info]   平移 XYZ: (0.1230, 0.0399, -0.0577) m
[13:59:44.499] [debug] [ManualAdjust] 旋转增量 RPY=(0.000, 0.000, 0.100)deg
[13:59:44.499] [info] [ManualAdjust] 当前外参 [lidar_0→cam_0]:
[13:59:44.499] [info]   旋转 RPY: (-89.0883, -34.1472, -0.3964) deg
[13:59:44.499] [info]   平移 XYZ: (0.1230, 0.0399, -0.0577) m
[13:59:44.529] [debug] [ManualAdjust] 旋转增量 RPY=(0.000, 0.000, 0.100)deg
[13:59:44.529] [info] [ManualAdjust] 当前外参 [lidar_0→cam_0]:
[13:59:44.529] [info]   旋转 RPY: (-89.0894, -34.0472, -0.3944) deg
[13:59:44.529] [info]   平移 XYZ: (0.1230, 0.0399, -0.0577) m
[13:59:44.559] [debug] [ManualAdjust] 旋转增量 RPY=(0.000, 0.000, 0.100)deg
[13:59:44.559] [info] [ManualAdjust] 当前外参 [lidar_0→cam_0]:
[13:59:44.559] [info]   旋转 RPY: (-89.0905, -33.9473, -0.3925) deg
[13:59:44.559] [info]   平移 XYZ: (0.1230, 0.0399, -0.0577) m
[13:59:44.589] [debug] [ManualAdjust] 旋转增量 RPY=(0.000, 0.000, 0.100)deg
[13:59:44.589] [info] [ManualAdjust] 当前外参 [lidar_0→cam_0]:
[13:59:44.589] [info]   旋转 RPY: (-89.0916, -33.8473, -0.3906) deg
[13:59:44.589] [info]   平移 XYZ: (0.1230, 0.0399, -0.0577) m
[13:59:44.620] [debug] [ManualAdjust] 旋转增量 RPY=(0.000, 0.000, 0.100)deg
[13:59:44.620] [info] [ManualAdjust] 当前外参 [lidar_0→cam_0]:
[13:59:44.620] [info]   旋转 RPY: (-89.0926, -33.7473, -0.3887) deg
[13:59:44.620] [info]   平移 XYZ: (0.1230, 0.0399, -0.0577) m
[13:59:44.651] [debug] [ManualAdjust] 旋转增量 RPY=(0.000, 0.000, 0.100)deg
[13:59:44.651] [info] [ManualAdjust] 当前外参 [lidar_0→cam_0]:
[13:59:44.651] [info]   旋转 RPY: (-89.0937, -33.6473, -0.3868) deg
[13:59:44.651] [info]   平移 XYZ: (0.1230, 0.0399, -0.0577) m
[13:59:44.681] [debug] [ManualAdjust] 旋转增量 RPY=(0.000, 0.000, 0.100)deg
[13:59:44.681] [info] [ManualAdjust] 当前外参 [lidar_0→cam_0]:
[13:59:44.681] [info]   旋转 RPY: (-89.0947, -33.5473, -0.3849) deg
[13:59:44.681] [info]   平移 XYZ: (0.1230, 0.0399, -0.0577) m
[13:59:44.711] [debug] [ManualAdjust] 旋转增量 RPY=(0.000, 0.000, 0.100)deg
[13:59:44.712] [info] [ManualAdjust] 当前外参 [lidar_0→cam_0]:
[13:59:44.712] [info]   旋转 RPY: (-89.0958, -33.4473, -0.3830) deg
[13:59:44.712] [info]   平移 XYZ: (0.1230, 0.0399, -0.0577) m
[13:59:44.741] [debug] [ManualAdjust] 旋转增量 RPY=(0.000, 0.000, 0.100)deg
[13:59:44.741] [info] [ManualAdjust] 当前外参 [lidar_0→cam_0]:
[13:59:44.741] [info]   旋转 RPY: (-89.0968, -33.3473, -0.3811) deg
[13:59:44.741] [info]   平移 XYZ: (0.1230, 0.0399, -0.0577) m
[13:59:44.771] [debug] [ManualAdjust] 旋转增量 RPY=(0.000, 0.000, 0.100)deg
[13:59:44.771] [info] [ManualAdjust] 当前外参 [lidar_0→cam_0]:
[13:59:44.771] [info]   旋转 RPY: (-89.0978, -33.2473, -0.3792) deg
[13:59:44.771] [info]   平移 XYZ: (0.1230, 0.0399, -0.0577) m
[13:59:44.801] [debug] [ManualAdjust] 旋转增量 RPY=(0.000, 0.000, 0.100)deg
[13:59:44.801] [info] [ManualAdjust] 当前外参 [lidar_0→cam_0]:
[13:59:44.801] [info]   旋转 RPY: (-89.0989, -33.1474, -0.3773) deg
[13:59:44.801] [info]   平移 XYZ: (0.1230, 0.0399, -0.0577) m
[13:59:44.831] [debug] [ManualAdjust] 旋转增量 RPY=(0.000, 0.000, 0.100)deg
[13:59:44.831] [info] [ManualAdjust] 当前外参 [lidar_0→cam_0]:
[13:59:44.831] [info]   旋转 RPY: (-89.0999, -33.0474, -0.3755) deg
[13:59:44.831] [info]   平移 XYZ: (0.1230, 0.0399, -0.0577) m
[13:59:44.862] [debug] [ManualAdjust] 旋转增量 RPY=(0.000, 0.000, 0.100)deg
[13:59:44.862] [info] [ManualAdjust] 当前外参 [lidar_0→cam_0]:
[13:59:44.862] [info]   旋转 RPY: (-89.1009, -32.9474, -0.3736) deg
[13:59:44.862] [info]   平移 XYZ: (0.1230, 0.0399, -0.0577) m
[13:59:44.891] [debug] [ManualAdjust] 旋转增量 RPY=(0.000, 0.000, 0.100)deg
[13:59:44.891] [info] [ManualAdjust] 当前外参 [lidar_0→cam_0]:
[13:59:44.891] [info]   旋转 RPY: (-89.1019, -32.8474, -0.3717) deg
[13:59:44.891] [info]   平移 XYZ: (0.1230, 0.0399, -0.0577) m
[13:59:44.921] [debug] [ManualAdjust] 旋转增量 RPY=(0.000, 0.000, 0.100)deg
[13:59:44.921] [info] [ManualAdjust] 当前外参 [lidar_0→cam_0]:
[13:59:44.921] [info]   旋转 RPY: (-89.1029, -32.7474, -0.3699) deg
[13:59:44.921] [info]   平移 XYZ: (0.1230, 0.0399, -0.0577) m
[13:59:44.951] [debug] [ManualAdjust] 旋转增量 RPY=(0.000, 0.000, 0.100)deg
[13:59:44.951] [info] [ManualAdjust] 当前外参 [lidar_0→cam_0]:
[13:59:44.951] [info]   旋转 RPY: (-89.1040, -32.6474, -0.3680) deg
[13:59:44.951] [info]   平移 XYZ: (0.1230, 0.0399, -0.0577) m
[13:59:44.981] [debug] [ManualAdjust] 旋转增量 RPY=(0.000, 0.000, 0.100)deg
[13:59:44.981] [info] [ManualAdjust] 当前外参 [lidar_0→cam_0]:
[13:59:44.981] [info]   旋转 RPY: (-89.1050, -32.5474, -0.3662) deg
[13:59:44.981] [info]   平移 XYZ: (0.1230, 0.0399, -0.0577) m
[13:59:45.011] [debug] [ManualAdjust] 旋转增量 RPY=(0.000, 0.000, 0.100)deg
[13:59:45.011] [info] [ManualAdjust] 当前外参 [lidar_0→cam_0]:
[13:59:45.011] [info]   旋转 RPY: (-89.1059, -32.4474, -0.3643) deg
[13:59:45.011] [info]   平移 XYZ: (0.1230, 0.0399, -0.0577) m
[13:59:45.041] [debug] [ManualAdjust] 旋转增量 RPY=(0.000, 0.000, 0.100)deg
[13:59:45.041] [info] [ManualAdjust] 当前外参 [lidar_0→cam_0]:
[13:59:45.041] [info]   旋转 RPY: (-89.1069, -32.3475, -0.3625) deg
[13:59:45.041] [info]   平移 XYZ: (0.1230, 0.0399, -0.0577) m
[13:59:45.072] [debug] [ManualAdjust] 旋转增量 RPY=(0.000, 0.000, 0.100)deg
[13:59:45.072] [info] [ManualAdjust] 当前外参 [lidar_0→cam_0]:
[13:59:45.072] [info]   旋转 RPY: (-89.1079, -32.2475, -0.3606) deg
[13:59:45.072] [info]   平移 XYZ: (0.1230, 0.0399, -0.0577) m
[13:59:45.102] [debug] [ManualAdjust] 旋转增量 RPY=(0.000, 0.000, 0.100)deg
[13:59:45.102] [info] [ManualAdjust] 当前外参 [lidar_0→cam_0]:
[13:59:45.102] [info]   旋转 RPY: (-89.1089, -32.1475, -0.3588) deg
[13:59:45.102] [info]   平移 XYZ: (0.1230, 0.0399, -0.0577) m
[13:59:45.133] [debug] [ManualAdjust] 旋转增量 RPY=(0.000, 0.000, 0.100)deg
[13:59:45.133] [info] [ManualAdjust] 当前外参 [lidar_0→cam_0]:
[13:59:45.133] [info]   旋转 RPY: (-89.1099, -32.0475, -0.3569) deg
[13:59:45.133] [info]   平移 XYZ: (0.1230, 0.0399, -0.0577) m
[13:59:45.164] [debug] [ManualAdjust] 旋转增量 RPY=(0.000, 0.000, 0.100)deg
[13:59:45.164] [info] [ManualAdjust] 当前外参 [lidar_0→cam_0]:
[13:59:45.164] [info]   旋转 RPY: (-89.1108, -31.9475, -0.3551) deg
[13:59:45.164] [info]   平移 XYZ: (0.1230, 0.0399, -0.0577) m
[13:59:45.194] [debug] [ManualAdjust] 旋转增量 RPY=(0.000, 0.000, 0.100)deg
[13:59:45.194] [info] [ManualAdjust] 当前外参 [lidar_0→cam_0]:
[13:59:45.194] [info]   旋转 RPY: (-89.1118, -31.8475, -0.3533) deg
[13:59:45.194] [info]   平移 XYZ: (0.1230, 0.0399, -0.0577) m
[13:59:45.224] [debug] [ManualAdjust] 旋转增量 RPY=(0.000, 0.000, 0.100)deg
[13:59:45.224] [info] [ManualAdjust] 当前外参 [lidar_0→cam_0]:
[13:59:45.224] [info]   旋转 RPY: (-89.1128, -31.7475, -0.3515) deg
[13:59:45.224] [info]   平移 XYZ: (0.1230, 0.0399, -0.0577) m
[13:59:45.254] [debug] [ManualAdjust] 旋转增量 RPY=(0.000, 0.000, 0.100)deg
[13:59:45.254] [info] [ManualAdjust] 当前外参 [lidar_0→cam_0]:
[13:59:45.254] [info]   旋转 RPY: (-89.1137, -31.6475, -0.3496) deg
[13:59:45.254] [info]   平移 XYZ: (0.1230, 0.0399, -0.0577) m
[13:59:45.284] [debug] [ManualAdjust] 旋转增量 RPY=(0.000, 0.000, 0.100)deg
[13:59:45.284] [info] [ManualAdjust] 当前外参 [lidar_0→cam_0]:
[13:59:45.284] [info]   旋转 RPY: (-89.1147, -31.5476, -0.3478) deg
[13:59:45.284] [info]   平移 XYZ: (0.1230, 0.0399, -0.0577) m
[13:59:45.314] [debug] [ManualAdjust] 旋转增量 RPY=(0.000, 0.000, 0.100)deg
[13:59:45.314] [info] [ManualAdjust] 当前外参 [lidar_0→cam_0]:
[13:59:45.314] [info]   旋转 RPY: (-89.1156, -31.4476, -0.3460) deg
[13:59:45.314] [info]   平移 XYZ: (0.1230, 0.0399, -0.0577) m
[13:59:45.344] [debug] [ManualAdjust] 旋转增量 RPY=(0.000, 0.000, 0.100)deg
[13:59:45.344] [info] [ManualAdjust] 当前外参 [lidar_0→cam_0]:
[13:59:45.344] [info]   旋转 RPY: (-89.1166, -31.3476, -0.3442) deg
[13:59:45.344] [info]   平移 XYZ: (0.1230, 0.0399, -0.0577) m
[13:59:45.374] [debug] [ManualAdjust] 旋转增量 RPY=(0.000, 0.000, 0.100)deg
[13:59:45.374] [info] [ManualAdjust] 当前外参 [lidar_0→cam_0]:
[13:59:45.374] [info]   旋转 RPY: (-89.1175, -31.2476, -0.3424) deg
[13:59:45.374] [info]   平移 XYZ: (0.1230, 0.0399, -0.0577) m
[13:59:45.405] [debug] [ManualAdjust] 旋转增量 RPY=(0.000, 0.000, 0.100)deg
[13:59:45.405] [info] [ManualAdjust] 当前外参 [lidar_0→cam_0]:
[13:59:45.405] [info]   旋转 RPY: (-89.1184, -31.1476, -0.3406) deg
[13:59:45.405] [info]   平移 XYZ: (0.1230, 0.0399, -0.0577) m
[13:59:45.435] [debug] [ManualAdjust] 旋转增量 RPY=(0.000, 0.000, 0.100)deg
[13:59:45.436] [info] [ManualAdjust] 当前外参 [lidar_0→cam_0]:
[13:59:45.436] [info]   旋转 RPY: (-89.1194, -31.0476, -0.3388) deg
[13:59:45.436] [info]   平移 XYZ: (0.1230, 0.0399, -0.0577) m
[13:59:45.465] [debug] [ManualAdjust] 旋转增量 RPY=(0.000, 0.000, 0.100)deg
[13:59:45.465] [info] [ManualAdjust] 当前外参 [lidar_0→cam_0]:
[13:59:45.465] [info]   旋转 RPY: (-89.1203, -30.9476, -0.3370) deg
[13:59:45.465] [info]   平移 XYZ: (0.1230, 0.0399, -0.0577) m
[13:59:45.495] [debug] [ManualAdjust] 旋转增量 RPY=(0.000, 0.000, 0.100)deg
[13:59:45.495] [info] [ManualAdjust] 当前外参 [lidar_0→cam_0]:
[13:59:45.495] [info]   旋转 RPY: (-89.1212, -30.8476, -0.3352) deg
[13:59:45.495] [info]   平移 XYZ: (0.1230, 0.0399, -0.0577) m
[13:59:45.525] [debug] [ManualAdjust] 旋转增量 RPY=(0.000, 0.000, 0.100)deg
[13:59:45.525] [info] [ManualAdjust] 当前外参 [lidar_0→cam_0]:
[13:59:45.525] [info]   旋转 RPY: (-89.1221, -30.7476, -0.3334) deg
[13:59:45.525] [info]   平移 XYZ: (0.1230, 0.0399, -0.0577) m
[13:59:45.555] [debug] [ManualAdjust] 旋转增量 RPY=(0.000, 0.000, 0.100)deg
[13:59:45.555] [info] [ManualAdjust] 当前外参 [lidar_0→cam_0]:
[13:59:45.555] [info]   旋转 RPY: (-89.1230, -30.6477, -0.3317) deg
[13:59:45.555] [info]   平移 XYZ: (0.1230, 0.0399, -0.0577) m
[13:59:45.585] [debug] [ManualAdjust] 旋转增量 RPY=(0.000, 0.000, 0.100)deg
[13:59:45.585] [info] [ManualAdjust] 当前外参 [lidar_0→cam_0]:
[13:59:45.585] [info]   旋转 RPY: (-89.1239, -30.5477, -0.3299) deg
[13:59:45.585] [info]   平移 XYZ: (0.1230, 0.0399, -0.0577) m
[13:59:45.615] [debug] [ManualAdjust] 旋转增量 RPY=(0.000, 0.000, 0.100)deg
[13:59:45.615] [info] [ManualAdjust] 当前外参 [lidar_0→cam_0]:
[13:59:45.615] [info]   旋转 RPY: (-89.1248, -30.4477, -0.3281) deg
[13:59:45.615] [info]   平移 XYZ: (0.1230, 0.0399, -0.0577) m
[13:59:45.646] [debug] [ManualAdjust] 旋转增量 RPY=(0.000, 0.000, 0.100)deg
[13:59:45.646] [info] [ManualAdjust] 当前外参 [lidar_0→cam_0]:
[13:59:45.646] [info]   旋转 RPY: (-89.1257, -30.3477, -0.3263) deg
[13:59:45.646] [info]   平移 XYZ: (0.1230, 0.0399, -0.0577) m
[13:59:45.676] [debug] [ManualAdjust] 旋转增量 RPY=(0.000, 0.000, 0.100)deg
[13:59:45.676] [info] [ManualAdjust] 当前外参 [lidar_0→cam_0]:
[13:59:45.676] [info]   旋转 RPY: (-89.1266, -30.2477, -0.3246) deg
[13:59:45.676] [info]   平移 XYZ: (0.1230, 0.0399, -0.0577) m
[13:59:45.706] [debug] [ManualAdjust] 旋转增量 RPY=(0.000, 0.000, 0.100)deg
[13:59:45.706] [info] [ManualAdjust] 当前外参 [lidar_0→cam_0]:
[13:59:45.706] [info]   旋转 RPY: (-89.1275, -30.1477, -0.3228) deg
[13:59:45.706] [info]   平移 XYZ: (0.1230, 0.0399, -0.0577) m
[13:59:45.736] [debug] [ManualAdjust] 旋转增量 RPY=(0.000, 0.000, 0.100)deg
[13:59:45.736] [info] [ManualAdjust] 当前外参 [lidar_0→cam_0]:
[13:59:45.736] [info]   旋转 RPY: (-89.1284, -30.0477, -0.3211) deg
[13:59:45.736] [info]   平移 XYZ: (0.1230, 0.0399, -0.0577) m
[13:59:45.766] [debug] [ManualAdjust] 旋转增量 RPY=(0.000, 0.000, 0.100)deg
[13:59:45.766] [info] [ManualAdjust] 当前外参 [lidar_0→cam_0]:
[13:59:45.766] [info]   旋转 RPY: (-89.1293, -29.9477, -0.3193) deg
[13:59:45.766] [info]   平移 XYZ: (0.1230, 0.0399, -0.0577) m
[13:59:45.797] [debug] [ManualAdjust] 旋转增量 RPY=(0.000, 0.000, 0.100)deg
[13:59:45.797] [info] [ManualAdjust] 当前外参 [lidar_0→cam_0]:
[13:59:45.797] [info]   旋转 RPY: (-89.1301, -29.8478, -0.3175) deg
[13:59:45.797] [info]   平移 XYZ: (0.1230, 0.0399, -0.0577) m
[13:59:45.827] [debug] [ManualAdjust] 旋转增量 RPY=(0.000, 0.000, 0.100)deg
[13:59:45.827] [info] [ManualAdjust] 当前外参 [lidar_0→cam_0]:
[13:59:45.827] [info]   旋转 RPY: (-89.1310, -29.7478, -0.3158) deg
[13:59:45.827] [info]   平移 XYZ: (0.1230, 0.0399, -0.0577) m
[13:59:45.857] [debug] [ManualAdjust] 旋转增量 RPY=(0.000, 0.000, 0.100)deg
[13:59:45.857] [info] [ManualAdjust] 当前外参 [lidar_0→cam_0]:
[13:59:45.857] [info]   旋转 RPY: (-89.1319, -29.6478, -0.3141) deg
[13:59:45.857] [info]   平移 XYZ: (0.1230, 0.0399, -0.0577) m
[13:59:45.887] [debug] [ManualAdjust] 旋转增量 RPY=(0.000, 0.000, 0.100)deg
[13:59:45.887] [info] [ManualAdjust] 当前外参 [lidar_0→cam_0]:
[13:59:45.887] [info]   旋转 RPY: (-89.1327, -29.5478, -0.3123) deg
[13:59:45.887] [info]   平移 XYZ: (0.1230, 0.0399, -0.0577) m
[13:59:45.917] [debug] [ManualAdjust] 旋转增量 RPY=(0.000, 0.000, 0.100)deg
[13:59:45.917] [info] [ManualAdjust] 当前外参 [lidar_0→cam_0]:
[13:59:45.917] [info]   旋转 RPY: (-89.1336, -29.4478, -0.3106) deg
[13:59:45.917] [info]   平移 XYZ: (0.1230, 0.0399, -0.0577) m
[13:59:45.948] [debug] [ManualAdjust] 旋转增量 RPY=(0.000, 0.000, 0.100)deg
[13:59:45.948] [info] [ManualAdjust] 当前外参 [lidar_0→cam_0]:
[13:59:45.948] [info]   旋转 RPY: (-89.1344, -29.3478, -0.3088) deg
[13:59:45.948] [info]   平移 XYZ: (0.1230, 0.0399, -0.0577) m
[13:59:45.978] [debug] [ManualAdjust] 旋转增量 RPY=(0.000, 0.000, 0.100)deg
[13:59:45.978] [info] [ManualAdjust] 当前外参 [lidar_0→cam_0]:
[13:59:45.978] [info]   旋转 RPY: (-89.1353, -29.2478, -0.3071) deg
[13:59:45.978] [info]   平移 XYZ: (0.1230, 0.0399, -0.0577) m
[13:59:46.008] [debug] [ManualAdjust] 旋转增量 RPY=(0.000, 0.000, 0.100)deg
[13:59:46.008] [info] [ManualAdjust] 当前外参 [lidar_0→cam_0]:
[13:59:46.008] [info]   旋转 RPY: (-89.1361, -29.1478, -0.3054) deg
[13:59:46.008] [info]   平移 XYZ: (0.1230, 0.0399, -0.0577) m
[13:59:46.038] [debug] [ManualAdjust] 旋转增量 RPY=(0.000, 0.000, 0.100)deg
[13:59:46.038] [info] [ManualAdjust] 当前外参 [lidar_0→cam_0]:
[13:59:46.038] [info]   旋转 RPY: (-89.1370, -29.0478, -0.3037) deg
[13:59:46.038] [info]   平移 XYZ: (0.1230, 0.0399, -0.0577) m
[13:59:46.068] [debug] [ManualAdjust] 旋转增量 RPY=(0.000, 0.000, 0.100)deg
[13:59:46.068] [info] [ManualAdjust] 当前外参 [lidar_0→cam_0]:
[13:59:46.068] [info]   旋转 RPY: (-89.1378, -28.9479, -0.3019) deg
[13:59:46.068] [info]   平移 XYZ: (0.1230, 0.0399, -0.0577) m
[13:59:46.098] [debug] [ManualAdjust] 旋转增量 RPY=(0.000, 0.000, 0.100)deg
[13:59:46.098] [info] [ManualAdjust] 当前外参 [lidar_0→cam_0]:
[13:59:46.098] [info]   旋转 RPY: (-89.1386, -28.8479, -0.3002) deg
[13:59:46.098] [info]   平移 XYZ: (0.1230, 0.0399, -0.0577) m
[13:59:46.128] [debug] [ManualAdjust] 旋转增量 RPY=(0.000, 0.000, 0.100)deg
[13:59:46.128] [info] [ManualAdjust] 当前外参 [lidar_0→cam_0]:
[13:59:46.128] [info]   旋转 RPY: (-89.1395, -28.7479, -0.2985) deg
[13:59:46.128] [info]   平移 XYZ: (0.1230, 0.0399, -0.0577) m
[13:59:46.158] [debug] [ManualAdjust] 旋转增量 RPY=(0.000, 0.000, 0.100)deg
[13:59:46.158] [info] [ManualAdjust] 当前外参 [lidar_0→cam_0]:
[13:59:46.158] [info]   旋转 RPY: (-89.1403, -28.6479, -0.2968) deg
[13:59:46.158] [info]   平移 XYZ: (0.1230, 0.0399, -0.0577) m
[13:59:46.188] [debug] [ManualAdjust] 旋转增量 RPY=(0.000, 0.000, 0.100)deg
[13:59:46.188] [info] [ManualAdjust] 当前外参 [lidar_0→cam_0]:
[13:59:46.188] [info]   旋转 RPY: (-89.1411, -28.5479, -0.2951) deg
[13:59:46.188] [info]   平移 XYZ: (0.1230, 0.0399, -0.0577) m
[13:59:46.218] [debug] [ManualAdjust] 旋转增量 RPY=(0.000, 0.000, 0.100)deg
[13:59:46.218] [info] [ManualAdjust] 当前外参 [lidar_0→cam_0]:
[13:59:46.218] [info]   旋转 RPY: (-89.1419, -28.4479, -0.2934) deg
[13:59:46.218] [info]   平移 XYZ: (0.1230, 0.0399, -0.0577) m
[13:59:46.248] [debug] [ManualAdjust] 旋转增量 RPY=(0.000, 0.000, 0.100)deg
[13:59:46.248] [info] [ManualAdjust] 当前外参 [lidar_0→cam_0]:
[13:59:46.248] [info]   旋转 RPY: (-89.1427, -28.3479, -0.2917) deg
[13:59:46.248] [info]   平移 XYZ: (0.1230, 0.0399, -0.0577) m
[13:59:46.278] [debug] [ManualAdjust] 旋转增量 RPY=(0.000, 0.000, 0.100)deg
[13:59:46.278] [info] [ManualAdjust] 当前外参 [lidar_0→cam_0]:
[13:59:46.278] [info]   旋转 RPY: (-89.1435, -28.2479, -0.2900) deg
[13:59:46.278] [info]   平移 XYZ: (0.1230, 0.0399, -0.0577) m
[13:59:46.308] [debug] [ManualAdjust] 旋转增量 RPY=(0.000, 0.000, 0.100)deg
[13:59:46.308] [info] [ManualAdjust] 当前外参 [lidar_0→cam_0]:
[13:59:46.308] [info]   旋转 RPY: (-89.1443, -28.1479, -0.2883) deg
[13:59:46.308] [info]   平移 XYZ: (0.1230, 0.0399, -0.0577) m
[13:59:46.339] [debug] [ManualAdjust] 旋转增量 RPY=(0.000, 0.000, 0.100)deg
[13:59:46.339] [info] [ManualAdjust] 当前外参 [lidar_0→cam_0]:
[13:59:46.339] [info]   旋转 RPY: (-89.1451, -28.0480, -0.2866) deg
[13:59:46.339] [info]   平移 XYZ: (0.1230, 0.0399, -0.0577) m
[13:59:46.370] [debug] [ManualAdjust] 旋转增量 RPY=(0.000, 0.000, 0.100)deg
[13:59:46.370] [info] [ManualAdjust] 当前外参 [lidar_0→cam_0]:
[13:59:46.370] [info]   旋转 RPY: (-89.1459, -27.9480, -0.2849) deg
[13:59:46.370] [info]   平移 XYZ: (0.1230, 0.0399, -0.0577) m
[13:59:46.400] [debug] [ManualAdjust] 旋转增量 RPY=(0.000, 0.000, 0.100)deg
[13:59:46.400] [info] [ManualAdjust] 当前外参 [lidar_0→cam_0]:
[13:59:46.400] [info]   旋转 RPY: (-89.1467, -27.8480, -0.2832) deg
[13:59:46.400] [info]   平移 XYZ: (0.1230, 0.0399, -0.0577) m
[13:59:46.430] [debug] [ManualAdjust] 旋转增量 RPY=(0.000, 0.000, 0.100)deg
[13:59:46.430] [info] [ManualAdjust] 当前外参 [lidar_0→cam_0]:
[13:59:46.430] [info]   旋转 RPY: (-89.1475, -27.7480, -0.2815) deg
[13:59:46.430] [info]   平移 XYZ: (0.1230, 0.0399, -0.0577) m
[13:59:46.461] [debug] [ManualAdjust] 旋转增量 RPY=(0.000, 0.000, 0.100)deg
[13:59:46.461] [info] [ManualAdjust] 当前外参 [lidar_0→cam_0]:
[13:59:46.461] [info]   旋转 RPY: (-89.1483, -27.6480, -0.2799) deg
[13:59:46.461] [info]   平移 XYZ: (0.1230, 0.0399, -0.0577) m
[13:59:46.491] [debug] [ManualAdjust] 旋转增量 RPY=(0.000, 0.000, 0.100)deg
[13:59:46.491] [info] [ManualAdjust] 当前外参 [lidar_0→cam_0]:
[13:59:46.491] [info]   旋转 RPY: (-89.1490, -27.5480, -0.2782) deg
[13:59:46.491] [info]   平移 XYZ: (0.1230, 0.0399, -0.0577) m
[13:59:46.521] [debug] [ManualAdjust] 旋转增量 RPY=(0.000, 0.000, 0.100)deg
[13:59:46.521] [info] [ManualAdjust] 当前外参 [lidar_0→cam_0]:
[13:59:46.521] [info]   旋转 RPY: (-89.1498, -27.4480, -0.2765) deg
[13:59:46.521] [info]   平移 XYZ: (0.1230, 0.0399, -0.0577) m
[13:59:46.551] [debug] [ManualAdjust] 旋转增量 RPY=(0.000, 0.000, 0.100)deg
[13:59:46.551] [info] [ManualAdjust] 当前外参 [lidar_0→cam_0]:
[13:59:46.551] [info]   旋转 RPY: (-89.1506, -27.3480, -0.2748) deg
[13:59:46.551] [info]   平移 XYZ: (0.1230, 0.0399, -0.0577) m
[13:59:46.581] [debug] [ManualAdjust] 旋转增量 RPY=(0.000, 0.000, 0.100)deg
[13:59:46.581] [info] [ManualAdjust] 当前外参 [lidar_0→cam_0]:
[13:59:46.581] [info]   旋转 RPY: (-89.1514, -27.2480, -0.2732) deg
[13:59:46.581] [info]   平移 XYZ: (0.1230, 0.0399, -0.0577) m
[13:59:46.612] [debug] [ManualAdjust] 旋转增量 RPY=(0.000, 0.000, 0.100)deg
[13:59:46.612] [info] [ManualAdjust] 当前外参 [lidar_0→cam_0]:
[13:59:46.612] [info]   旋转 RPY: (-89.1521, -27.1481, -0.2715) deg
[13:59:46.612] [info]   平移 XYZ: (0.1230, 0.0399, -0.0577) m
[13:59:46.642] [debug] [ManualAdjust] 旋转增量 RPY=(0.000, 0.000, 0.100)deg
[13:59:46.642] [info] [ManualAdjust] 当前外参 [lidar_0→cam_0]:
[13:59:46.642] [info]   旋转 RPY: (-89.1529, -27.0481, -0.2698) deg
[13:59:46.642] [info]   平移 XYZ: (0.1230, 0.0399, -0.0577) m
[13:59:46.672] [debug] [ManualAdjust] 旋转增量 RPY=(0.000, 0.000, 0.100)deg
[13:59:46.672] [info] [ManualAdjust] 当前外参 [lidar_0→cam_0]:
[13:59:46.672] [info]   旋转 RPY: (-89.1536, -26.9481, -0.2682) deg
[13:59:46.672] [info]   平移 XYZ: (0.1230, 0.0399, -0.0577) m
[13:59:46.703] [debug] [ManualAdjust] 旋转增量 RPY=(0.000, 0.000, 0.100)deg
[13:59:46.703] [info] [ManualAdjust] 当前外参 [lidar_0→cam_0]:
[13:59:46.703] [info]   旋转 RPY: (-89.1544, -26.8481, -0.2665) deg
[13:59:46.703] [info]   平移 XYZ: (0.1230, 0.0399, -0.0577) m
[13:59:46.734] [debug] [ManualAdjust] 旋转增量 RPY=(0.000, 0.000, 0.100)deg
[13:59:46.734] [info] [ManualAdjust] 当前外参 [lidar_0→cam_0]:
[13:59:46.734] [info]   旋转 RPY: (-89.1551, -26.7481, -0.2649) deg
[13:59:46.734] [info]   平移 XYZ: (0.1230, 0.0399, -0.0577) m
[13:59:46.764] [debug] [ManualAdjust] 旋转增量 RPY=(0.000, 0.000, 0.100)deg
[13:59:46.764] [info] [ManualAdjust] 当前外参 [lidar_0→cam_0]:
[13:59:46.764] [info]   旋转 RPY: (-89.1559, -26.6481, -0.2632) deg
[13:59:46.764] [info]   平移 XYZ: (0.1230, 0.0399, -0.0577) m
[13:59:46.794] [debug] [ManualAdjust] 旋转增量 RPY=(0.000, 0.000, 0.100)deg
[13:59:46.794] [info] [ManualAdjust] 当前外参 [lidar_0→cam_0]:
[13:59:46.794] [info]   旋转 RPY: (-89.1566, -26.5481, -0.2616) deg
[13:59:46.794] [info]   平移 XYZ: (0.1230, 0.0399, -0.0577) m
[13:59:46.824] [debug] [ManualAdjust] 旋转增量 RPY=(0.000, 0.000, 0.100)deg
[13:59:46.824] [info] [ManualAdjust] 当前外参 [lidar_0→cam_0]:
[13:59:46.824] [info]   旋转 RPY: (-89.1573, -26.4481, -0.2599) deg
[13:59:46.824] [info]   平移 XYZ: (0.1230, 0.0399, -0.0577) m
[13:59:46.854] [debug] [ManualAdjust] 旋转增量 RPY=(0.000, 0.000, 0.100)deg
[13:59:46.854] [info] [ManualAdjust] 当前外参 [lidar_0→cam_0]:
[13:59:46.854] [info]   旋转 RPY: (-89.1581, -26.3481, -0.2583) deg
[13:59:46.854] [info]   平移 XYZ: (0.1230, 0.0399, -0.0577) m
[13:59:46.884] [debug] [ManualAdjust] 旋转增量 RPY=(0.000, 0.000, 0.100)deg
[13:59:46.884] [info] [ManualAdjust] 当前外参 [lidar_0→cam_0]:
[13:59:46.884] [info]   旋转 RPY: (-89.1588, -26.2482, -0.2566) deg
[13:59:46.884] [info]   平移 XYZ: (0.1230, 0.0399, -0.0577) m
[13:59:46.914] [debug] [ManualAdjust] 旋转增量 RPY=(0.000, 0.000, 0.100)deg
[13:59:46.914] [info] [ManualAdjust] 当前外参 [lidar_0→cam_0]:
[13:59:46.914] [info]   旋转 RPY: (-89.1595, -26.1482, -0.2550) deg
[13:59:46.914] [info]   平移 XYZ: (0.1230, 0.0399, -0.0577) m
[13:59:46.945] [debug] [ManualAdjust] 旋转增量 RPY=(0.000, 0.000, 0.100)deg
[13:59:46.945] [info] [ManualAdjust] 当前外参 [lidar_0→cam_0]:
[13:59:46.945] [info]   旋转 RPY: (-89.1602, -26.0482, -0.2534) deg
[13:59:46.945] [info]   平移 XYZ: (0.1230, 0.0399, -0.0577) m
[13:59:46.975] [debug] [ManualAdjust] 旋转增量 RPY=(0.000, 0.000, 0.100)deg
[13:59:46.975] [info] [ManualAdjust] 当前外参 [lidar_0→cam_0]:
[13:59:46.975] [info]   旋转 RPY: (-89.1609, -25.9482, -0.2518) deg
[13:59:46.975] [info]   平移 XYZ: (0.1230, 0.0399, -0.0577) m
[13:59:47.005] [debug] [ManualAdjust] 旋转增量 RPY=(0.000, 0.000, 0.100)deg
[13:59:47.005] [info] [ManualAdjust] 当前外参 [lidar_0→cam_0]:
[13:59:47.005] [info]   旋转 RPY: (-89.1616, -25.8482, -0.2501) deg
[13:59:47.005] [info]   平移 XYZ: (0.1230, 0.0399, -0.0577) m
[13:59:47.035] [debug] [ManualAdjust] 旋转增量 RPY=(0.000, 0.000, 0.100)deg
[13:59:47.035] [info] [ManualAdjust] 当前外参 [lidar_0→cam_0]:
[13:59:47.035] [info]   旋转 RPY: (-89.1624, -25.7482, -0.2485) deg
[13:59:47.035] [info]   平移 XYZ: (0.1230, 0.0399, -0.0577) m
[13:59:47.065] [debug] [ManualAdjust] 旋转增量 RPY=(0.000, 0.000, 0.100)deg
[13:59:47.065] [info] [ManualAdjust] 当前外参 [lidar_0→cam_0]:
[13:59:47.065] [info]   旋转 RPY: (-89.1631, -25.6482, -0.2469) deg
[13:59:47.065] [info]   平移 XYZ: (0.1230, 0.0399, -0.0577) m
[13:59:47.095] [debug] [ManualAdjust] 旋转增量 RPY=(0.000, 0.000, 0.100)deg
[13:59:47.095] [info] [ManualAdjust] 当前外参 [lidar_0→cam_0]:
[13:59:47.095] [info]   旋转 RPY: (-89.1638, -25.5482, -0.2453) deg
[13:59:47.095] [info]   平移 XYZ: (0.1230, 0.0399, -0.0577) m
[13:59:47.126] [debug] [ManualAdjust] 旋转增量 RPY=(0.000, 0.000, 0.100)deg
[13:59:47.126] [info] [ManualAdjust] 当前外参 [lidar_0→cam_0]:
[13:59:47.126] [info]   旋转 RPY: (-89.1645, -25.4482, -0.2436) deg
[13:59:47.126] [info]   平移 XYZ: (0.1230, 0.0399, -0.0577) m
[13:59:47.156] [debug] [ManualAdjust] 旋转增量 RPY=(0.000, 0.000, 0.100)deg
[13:59:47.156] [info] [ManualAdjust] 当前外参 [lidar_0→cam_0]:
[13:59:47.156] [info]   旋转 RPY: (-89.1651, -25.3482, -0.2420) deg
[13:59:47.156] [info]   平移 XYZ: (0.1230, 0.0399, -0.0577) m
[13:59:47.186] [debug] [ManualAdjust] 旋转增量 RPY=(0.000, 0.000, 0.100)deg
[13:59:47.186] [info] [ManualAdjust] 当前外参 [lidar_0→cam_0]:
[13:59:47.186] [info]   旋转 RPY: (-89.1658, -25.2483, -0.2404) deg
[13:59:47.186] [info]   平移 XYZ: (0.1230, 0.0399, -0.0577) m
[13:59:47.216] [debug] [ManualAdjust] 旋转增量 RPY=(0.000, 0.000, 0.100)deg
[13:59:47.216] [info] [ManualAdjust] 当前外参 [lidar_0→cam_0]:
[13:59:47.216] [info]   旋转 RPY: (-89.1665, -25.1483, -0.2388) deg
[13:59:47.216] [info]   平移 XYZ: (0.1230, 0.0399, -0.0577) m
[13:59:47.246] [debug] [ManualAdjust] 旋转增量 RPY=(0.000, 0.000, 0.100)deg
[13:59:47.246] [info] [ManualAdjust] 当前外参 [lidar_0→cam_0]:
[13:59:47.246] [info]   旋转 RPY: (-89.1672, -25.0483, -0.2372) deg
[13:59:47.246] [info]   平移 XYZ: (0.1230, 0.0399, -0.0577) m
[13:59:47.276] [debug] [ManualAdjust] 旋转增量 RPY=(0.000, 0.000, 0.100)deg
[13:59:47.276] [info] [ManualAdjust] 当前外参 [lidar_0→cam_0]:
[13:59:47.276] [info]   旋转 RPY: (-89.1679, -24.9483, -0.2356) deg
[13:59:47.276] [info]   平移 XYZ: (0.1230, 0.0399, -0.0577) m
[13:59:47.307] [debug] [ManualAdjust] 旋转增量 RPY=(0.000, 0.000, 0.100)deg
[13:59:47.307] [info] [ManualAdjust] 当前外参 [lidar_0→cam_0]:
[13:59:47.307] [info]   旋转 RPY: (-89.1686, -24.8483, -0.2340) deg
[13:59:47.307] [info]   平移 XYZ: (0.1230, 0.0399, -0.0577) m
[13:59:47.337] [debug] [ManualAdjust] 旋转增量 RPY=(0.000, 0.000, 0.100)deg
[13:59:47.337] [info] [ManualAdjust] 当前外参 [lidar_0→cam_0]:
[13:59:47.337] [info]   旋转 RPY: (-89.1692, -24.7483, -0.2324) deg
[13:59:47.337] [info]   平移 XYZ: (0.1230, 0.0399, -0.0577) m
[13:59:47.367] [debug] [ManualAdjust] 旋转增量 RPY=(0.000, 0.000, 0.100)deg
[13:59:47.367] [info] [ManualAdjust] 当前外参 [lidar_0→cam_0]:
[13:59:47.367] [info]   旋转 RPY: (-89.1699, -24.6483, -0.2308) deg
[13:59:47.367] [info]   平移 XYZ: (0.1230, 0.0399, -0.0577) m
[13:59:47.398] [debug] [ManualAdjust] 旋转增量 RPY=(0.000, 0.000, 0.100)deg
[13:59:47.398] [info] [ManualAdjust] 当前外参 [lidar_0→cam_0]:
[13:59:47.398] [info]   旋转 RPY: (-89.1706, -24.5483, -0.2292) deg
[13:59:47.398] [info]   平移 XYZ: (0.1230, 0.0399, -0.0577) m
[13:59:47.427] [debug] [ManualAdjust] 旋转增量 RPY=(0.000, 0.000, 0.100)deg
[13:59:47.427] [info] [ManualAdjust] 当前外参 [lidar_0→cam_0]:
[13:59:47.427] [info]   旋转 RPY: (-89.1712, -24.4483, -0.2276) deg
[13:59:47.427] [info]   平移 XYZ: (0.1230, 0.0399, -0.0577) m
[13:59:47.457] [debug] [ManualAdjust] 旋转增量 RPY=(0.000, 0.000, 0.100)deg
[13:59:47.457] [info] [ManualAdjust] 当前外参 [lidar_0→cam_0]:
[13:59:47.457] [info]   旋转 RPY: (-89.1719, -24.3484, -0.2260) deg
[13:59:47.457] [info]   平移 XYZ: (0.1230, 0.0399, -0.0577) m
[13:59:47.487] [debug] [ManualAdjust] 旋转增量 RPY=(0.000, 0.000, 0.100)deg
[13:59:47.487] [info] [ManualAdjust] 当前外参 [lidar_0→cam_0]:
[13:59:47.487] [info]   旋转 RPY: (-89.1725, -24.2484, -0.2245) deg
[13:59:47.487] [info]   平移 XYZ: (0.1230, 0.0399, -0.0577) m
[13:59:47.518] [debug] [ManualAdjust] 旋转增量 RPY=(0.000, 0.000, 0.100)deg
[13:59:47.518] [info] [ManualAdjust] 当前外参 [lidar_0→cam_0]:
[13:59:47.518] [info]   旋转 RPY: (-89.1732, -24.1484, -0.2229) deg
[13:59:47.518] [info]   平移 XYZ: (0.1230, 0.0399, -0.0577) m
[13:59:47.548] [debug] [ManualAdjust] 旋转增量 RPY=(0.000, 0.000, 0.100)deg
[13:59:47.548] [info] [ManualAdjust] 当前外参 [lidar_0→cam_0]:
[13:59:47.548] [info]   旋转 RPY: (-89.1738, -24.0484, -0.2213) deg
[13:59:47.548] [info]   平移 XYZ: (0.1230, 0.0399, -0.0577) m
[13:59:47.578] [debug] [ManualAdjust] 旋转增量 RPY=(0.000, 0.000, 0.100)deg
[13:59:47.578] [info] [ManualAdjust] 当前外参 [lidar_0→cam_0]:
[13:59:47.578] [info]   旋转 RPY: (-89.1745, -23.9484, -0.2197) deg
[13:59:47.578] [info]   平移 XYZ: (0.1230, 0.0399, -0.0577) m
[13:59:47.608] [debug] [ManualAdjust] 旋转增量 RPY=(0.000, 0.000, 0.100)deg
[13:59:47.608] [info] [ManualAdjust] 当前外参 [lidar_0→cam_0]:
[13:59:47.608] [info]   旋转 RPY: (-89.1751, -23.8484, -0.2181) deg
[13:59:47.608] [info]   平移 XYZ: (0.1230, 0.0399, -0.0577) m
[13:59:47.638] [debug] [ManualAdjust] 旋转增量 RPY=(0.000, 0.000, 0.100)deg
[13:59:47.638] [info] [ManualAdjust] 当前外参 [lidar_0→cam_0]:
[13:59:47.638] [info]   旋转 RPY: (-89.1757, -23.7484, -0.2166) deg
[13:59:47.638] [info]   平移 XYZ: (0.1230, 0.0399, -0.0577) m
[13:59:47.668] [debug] [ManualAdjust] 旋转增量 RPY=(0.000, 0.000, 0.100)deg
[13:59:47.668] [info] [ManualAdjust] 当前外参 [lidar_0→cam_0]:
[13:59:47.668] [info]   旋转 RPY: (-89.1764, -23.6484, -0.2150) deg
[13:59:47.668] [info]   平移 XYZ: (0.1230, 0.0399, -0.0577) m
[13:59:47.698] [debug] [ManualAdjust] 旋转增量 RPY=(0.000, 0.000, 0.100)deg
[13:59:47.698] [info] [ManualAdjust] 当前外参 [lidar_0→cam_0]:
[13:59:47.698] [info]   旋转 RPY: (-89.1770, -23.5484, -0.2134) deg
[13:59:47.698] [info]   平移 XYZ: (0.1230, 0.0399, -0.0577) m
[13:59:47.728] [debug] [ManualAdjust] 旋转增量 RPY=(0.000, 0.000, 0.100)deg
[13:59:47.728] [info] [ManualAdjust] 当前外参 [lidar_0→cam_0]:
[13:59:47.728] [info]   旋转 RPY: (-89.1776, -23.4484, -0.2119) deg
[13:59:47.728] [info]   平移 XYZ: (0.1230, 0.0399, -0.0577) m
[13:59:47.758] [debug] [ManualAdjust] 旋转增量 RPY=(0.000, 0.000, 0.100)deg
[13:59:47.758] [info] [ManualAdjust] 当前外参 [lidar_0→cam_0]:
[13:59:47.758] [info]   旋转 RPY: (-89.1782, -23.3485, -0.2103) deg
[13:59:47.758] [info]   平移 XYZ: (0.1230, 0.0399, -0.0577) m
[13:59:47.788] [debug] [ManualAdjust] 旋转增量 RPY=(0.000, 0.000, 0.100)deg
[13:59:47.788] [info] [ManualAdjust] 当前外参 [lidar_0→cam_0]:
[13:59:47.788] [info]   旋转 RPY: (-89.1788, -23.2485, -0.2087) deg
[13:59:47.788] [info]   平移 XYZ: (0.1230, 0.0399, -0.0577) m
[13:59:47.818] [debug] [ManualAdjust] 旋转增量 RPY=(0.000, 0.000, 0.100)deg
[13:59:47.818] [info] [ManualAdjust] 当前外参 [lidar_0→cam_0]:
[13:59:47.818] [info]   旋转 RPY: (-89.1795, -23.1485, -0.2072) deg
[13:59:47.818] [info]   平移 XYZ: (0.1230, 0.0399, -0.0577) m
[13:59:47.848] [debug] [ManualAdjust] 旋转增量 RPY=(0.000, 0.000, 0.100)deg
[13:59:47.848] [info] [ManualAdjust] 当前外参 [lidar_0→cam_0]:
[13:59:47.848] [info]   旋转 RPY: (-89.1801, -23.0485, -0.2056) deg
[13:59:47.848] [info]   平移 XYZ: (0.1230, 0.0399, -0.0577) m
[13:59:47.878] [debug] [ManualAdjust] 旋转增量 RPY=(0.000, 0.000, 0.100)deg
[13:59:47.878] [info] [ManualAdjust] 当前外参 [lidar_0→cam_0]:
[13:59:47.878] [info]   旋转 RPY: (-89.1807, -22.9485, -0.2041) deg
[13:59:47.878] [info]   平移 XYZ: (0.1230, 0.0399, -0.0577) m
[13:59:47.908] [debug] [ManualAdjust] 旋转增量 RPY=(0.000, 0.000, 0.100)deg
[13:59:47.908] [info] [ManualAdjust] 当前外参 [lidar_0→cam_0]:
[13:59:47.908] [info]   旋转 RPY: (-89.1813, -22.8485, -0.2025) deg
[13:59:47.908] [info]   平移 XYZ: (0.1230, 0.0399, -0.0577) m
[13:59:47.938] [debug] [ManualAdjust] 旋转增量 RPY=(0.000, 0.000, 0.100)deg
[13:59:47.938] [info] [ManualAdjust] 当前外参 [lidar_0→cam_0]:
[13:59:47.938] [info]   旋转 RPY: (-89.1819, -22.7485, -0.2010) deg
[13:59:47.938] [info]   平移 XYZ: (0.1230, 0.0399, -0.0577) m
[13:59:47.968] [debug] [ManualAdjust] 旋转增量 RPY=(0.000, 0.000, 0.100)deg
[13:59:47.968] [info] [ManualAdjust] 当前外参 [lidar_0→cam_0]:
[13:59:47.968] [info]   旋转 RPY: (-89.1825, -22.6485, -0.1994) deg
[13:59:47.968] [info]   平移 XYZ: (0.1230, 0.0399, -0.0577) m
[13:59:47.998] [debug] [ManualAdjust] 旋转增量 RPY=(0.000, 0.000, 0.100)deg
[13:59:47.998] [info] [ManualAdjust] 当前外参 [lidar_0→cam_0]:
[13:59:47.998] [info]   旋转 RPY: (-89.1831, -22.5485, -0.1979) deg
[13:59:47.998] [info]   平移 XYZ: (0.1230, 0.0399, -0.0577) m
[13:59:48.028] [debug] [ManualAdjust] 旋转增量 RPY=(0.000, 0.000, 0.100)deg
[13:59:48.028] [info] [ManualAdjust] 当前外参 [lidar_0→cam_0]:
[13:59:48.028] [info]   旋转 RPY: (-89.1837, -22.4486, -0.1963) deg
[13:59:48.028] [info]   平移 XYZ: (0.1230, 0.0399, -0.0577) m
[13:59:48.059] [debug] [ManualAdjust] 旋转增量 RPY=(0.000, 0.000, 0.100)deg
[13:59:48.059] [info] [ManualAdjust] 当前外参 [lidar_0→cam_0]:
[13:59:48.059] [info]   旋转 RPY: (-89.1843, -22.3486, -0.1948) deg
[13:59:48.059] [info]   平移 XYZ: (0.1230, 0.0399, -0.0577) m
[13:59:48.090] [debug] [ManualAdjust] 旋转增量 RPY=(0.000, 0.000, 0.100)deg
[13:59:48.090] [info] [ManualAdjust] 当前外参 [lidar_0→cam_0]:
[13:59:48.090] [info]   旋转 RPY: (-89.1848, -22.2486, -0.1933) deg
[13:59:48.090] [info]   平移 XYZ: (0.1230, 0.0399, -0.0577) m
[13:59:48.119] [debug] [ManualAdjust] 旋转增量 RPY=(0.000, 0.000, 0.100)deg
[13:59:48.119] [info] [ManualAdjust] 当前外参 [lidar_0→cam_0]:
[13:59:48.119] [info]   旋转 RPY: (-89.1854, -22.1486, -0.1917) deg
[13:59:48.119] [info]   平移 XYZ: (0.1230, 0.0399, -0.0577) m
[13:59:48.150] [debug] [ManualAdjust] 旋转增量 RPY=(0.000, 0.000, 0.100)deg
[13:59:48.150] [info] [ManualAdjust] 当前外参 [lidar_0→cam_0]:
[13:59:48.150] [info]   旋转 RPY: (-89.1860, -22.0486, -0.1902) deg
[13:59:48.150] [info]   平移 XYZ: (0.1230, 0.0399, -0.0577) m
[13:59:48.179] [debug] [ManualAdjust] 旋转增量 RPY=(0.000, 0.000, 0.100)deg
[13:59:48.179] [info] [ManualAdjust] 当前外参 [lidar_0→cam_0]:
[13:59:48.179] [info]   旋转 RPY: (-89.1866, -21.9486, -0.1886) deg
[13:59:48.179] [info]   平移 XYZ: (0.1230, 0.0399, -0.0577) m
[13:59:48.209] [debug] [ManualAdjust] 旋转增量 RPY=(0.000, 0.000, 0.100)deg
[13:59:48.209] [info] [ManualAdjust] 当前外参 [lidar_0→cam_0]:
[13:59:48.209] [info]   旋转 RPY: (-89.1871, -21.8486, -0.1871) deg
[13:59:48.209] [info]   平移 XYZ: (0.1230, 0.0399, -0.0577) m
[13:59:48.239] [debug] [ManualAdjust] 旋转增量 RPY=(0.000, 0.000, 0.100)deg
[13:59:48.239] [info] [ManualAdjust] 当前外参 [lidar_0→cam_0]:
[13:59:48.239] [info]   旋转 RPY: (-89.1877, -21.7486, -0.1856) deg
[13:59:48.239] [info]   平移 XYZ: (0.1230, 0.0399, -0.0577) m
[13:59:48.269] [debug] [ManualAdjust] 旋转增量 RPY=(0.000, 0.000, 0.100)deg
[13:59:48.269] [info] [ManualAdjust] 当前外参 [lidar_0→cam_0]:
[13:59:48.269] [info]   旋转 RPY: (-89.1883, -21.6486, -0.1841) deg
[13:59:48.269] [info]   平移 XYZ: (0.1230, 0.0399, -0.0577) m
[13:59:48.299] [debug] [ManualAdjust] 旋转增量 RPY=(0.000, 0.000, 0.100)deg
[13:59:48.300] [info] [ManualAdjust] 当前外参 [lidar_0→cam_0]:
[13:59:48.300] [info]   旋转 RPY: (-89.1888, -21.5486, -0.1825) deg
[13:59:48.300] [info]   平移 XYZ: (0.1230, 0.0399, -0.0577) m
[13:59:48.329] [debug] [ManualAdjust] 旋转增量 RPY=(0.000, 0.000, 0.100)deg
[13:59:48.329] [info] [ManualAdjust] 当前外参 [lidar_0→cam_0]:
[13:59:48.329] [info]   旋转 RPY: (-89.1894, -21.4487, -0.1810) deg
[13:59:48.329] [info]   平移 XYZ: (0.1230, 0.0399, -0.0577) m
[13:59:48.359] [debug] [ManualAdjust] 旋转增量 RPY=(0.000, 0.000, 0.100)deg
[13:59:48.359] [info] [ManualAdjust] 当前外参 [lidar_0→cam_0]:
[13:59:48.359] [info]   旋转 RPY: (-89.1899, -21.3487, -0.1795) deg
[13:59:48.359] [info]   平移 XYZ: (0.1230, 0.0399, -0.0577) m
[13:59:48.390] [debug] [ManualAdjust] 旋转增量 RPY=(0.000, 0.000, 0.100)deg
[13:59:48.390] [info] [ManualAdjust] 当前外参 [lidar_0→cam_0]:
[13:59:48.390] [info]   旋转 RPY: (-89.1905, -21.2487, -0.1780) deg
[13:59:48.390] [info]   平移 XYZ: (0.1230, 0.0399, -0.0577) m
[13:59:48.420] [debug] [ManualAdjust] 旋转增量 RPY=(0.000, 0.000, 0.100)deg
[13:59:48.420] [info] [ManualAdjust] 当前外参 [lidar_0→cam_0]:
[13:59:48.420] [info]   旋转 RPY: (-89.1910, -21.1487, -0.1765) deg
[13:59:48.420] [info]   平移 XYZ: (0.1230, 0.0399, -0.0577) m
[13:59:48.450] [debug] [ManualAdjust] 旋转增量 RPY=(0.000, 0.000, 0.100)deg
[13:59:48.450] [info] [ManualAdjust] 当前外参 [lidar_0→cam_0]:
[13:59:48.450] [info]   旋转 RPY: (-89.1916, -21.0487, -0.1750) deg
[13:59:48.450] [info]   平移 XYZ: (0.1230, 0.0399, -0.0577) m
[13:59:48.480] [debug] [ManualAdjust] 旋转增量 RPY=(0.000, 0.000, 0.100)deg
[13:59:48.480] [info] [ManualAdjust] 当前外参 [lidar_0→cam_0]:
[13:59:48.480] [info]   旋转 RPY: (-89.1921, -20.9487, -0.1734) deg
[13:59:48.480] [info]   平移 XYZ: (0.1230, 0.0399, -0.0577) m
[13:59:48.510] [debug] [ManualAdjust] 旋转增量 RPY=(0.000, 0.000, 0.100)deg
[13:59:48.510] [info] [ManualAdjust] 当前外参 [lidar_0→cam_0]:
[13:59:48.510] [info]   旋转 RPY: (-89.1927, -20.8487, -0.1719) deg
[13:59:48.510] [info]   平移 XYZ: (0.1230, 0.0399, -0.0577) m
[13:59:48.540] [debug] [ManualAdjust] 旋转增量 RPY=(0.000, 0.000, 0.100)deg
[13:59:48.540] [info] [ManualAdjust] 当前外参 [lidar_0→cam_0]:
[13:59:48.540] [info]   旋转 RPY: (-89.1932, -20.7487, -0.1704) deg
[13:59:48.540] [info]   平移 XYZ: (0.1230, 0.0399, -0.0577) m
[13:59:48.570] [debug] [ManualAdjust] 旋转增量 RPY=(0.000, 0.000, 0.100)deg
[13:59:48.570] [info] [ManualAdjust] 当前外参 [lidar_0→cam_0]:
[13:59:48.570] [info]   旋转 RPY: (-89.1937, -20.6487, -0.1689) deg
[13:59:48.570] [info]   平移 XYZ: (0.1230, 0.0399, -0.0577) m
[13:59:48.600] [debug] [ManualAdjust] 旋转增量 RPY=(0.000, 0.000, 0.100)deg
[13:59:48.600] [info] [ManualAdjust] 当前外参 [lidar_0→cam_0]:
[13:59:48.600] [info]   旋转 RPY: (-89.1943, -20.5487, -0.1674) deg
[13:59:48.600] [info]   平移 XYZ: (0.1230, 0.0399, -0.0577) m
[13:59:48.630] [debug] [ManualAdjust] 旋转增量 RPY=(0.000, 0.000, 0.100)deg
[13:59:48.630] [info] [ManualAdjust] 当前外参 [lidar_0→cam_0]:
[13:59:48.630] [info]   旋转 RPY: (-89.1948, -20.4488, -0.1659) deg
[13:59:48.630] [info]   平移 XYZ: (0.1230, 0.0399, -0.0577) m
[13:59:48.660] [debug] [ManualAdjust] 旋转增量 RPY=(0.000, 0.000, 0.100)deg
[13:59:48.660] [info] [ManualAdjust] 当前外参 [lidar_0→cam_0]:
[13:59:48.660] [info]   旋转 RPY: (-89.1953, -20.3488, -0.1644) deg
[13:59:48.660] [info]   平移 XYZ: (0.1230, 0.0399, -0.0577) m
[13:59:48.691] [debug] [ManualAdjust] 旋转增量 RPY=(0.000, 0.000, 0.100)deg
[13:59:48.691] [info] [ManualAdjust] 当前外参 [lidar_0→cam_0]:
[13:59:48.691] [info]   旋转 RPY: (-89.1958, -20.2488, -0.1629) deg
[13:59:48.691] [info]   平移 XYZ: (0.1230, 0.0399, -0.0577) m
[13:59:48.721] [debug] [ManualAdjust] 旋转增量 RPY=(0.000, 0.000, 0.100)deg
[13:59:48.721] [info] [ManualAdjust] 当前外参 [lidar_0→cam_0]:
[13:59:48.721] [info]   旋转 RPY: (-89.1963, -20.1488, -0.1614) deg
[13:59:48.721] [info]   平移 XYZ: (0.1230, 0.0399, -0.0577) m
[13:59:48.751] [debug] [ManualAdjust] 旋转增量 RPY=(0.000, 0.000, 0.100)deg
[13:59:48.751] [info] [ManualAdjust] 当前外参 [lidar_0→cam_0]:
[13:59:48.751] [info]   旋转 RPY: (-89.1969, -20.0488, -0.1599) deg
[13:59:48.751] [info]   平移 XYZ: (0.1230, 0.0399, -0.0577) m
[13:59:48.781] [debug] [ManualAdjust] 旋转增量 RPY=(0.000, 0.000, 0.100)deg
[13:59:48.781] [info] [ManualAdjust] 当前外参 [lidar_0→cam_0]:
[13:59:48.781] [info]   旋转 RPY: (-89.1974, -19.9488, -0.1585) deg
[13:59:48.781] [info]   平移 XYZ: (0.1230, 0.0399, -0.0577) m
[13:59:48.811] [debug] [ManualAdjust] 旋转增量 RPY=(0.000, 0.000, 0.100)deg
[13:59:48.811] [info] [ManualAdjust] 当前外参 [lidar_0→cam_0]:
[13:59:48.811] [info]   旋转 RPY: (-89.1979, -19.8488, -0.1570) deg
[13:59:48.811] [info]   平移 XYZ: (0.1230, 0.0399, -0.0577) m
[13:59:48.841] [debug] [ManualAdjust] 旋转增量 RPY=(0.000, 0.000, 0.100)deg
[13:59:48.841] [info] [ManualAdjust] 当前外参 [lidar_0→cam_0]:
[13:59:48.841] [info]   旋转 RPY: (-89.1984, -19.7488, -0.1555) deg
[13:59:48.841] [info]   平移 XYZ: (0.1230, 0.0399, -0.0577) m
[13:59:48.871] [debug] [ManualAdjust] 旋转增量 RPY=(0.000, 0.000, 0.100)deg
[13:59:48.871] [info] [ManualAdjust] 当前外参 [lidar_0→cam_0]:
[13:59:48.871] [info]   旋转 RPY: (-89.1989, -19.6488, -0.1540) deg
[13:59:48.871] [info]   平移 XYZ: (0.1230, 0.0399, -0.0577) m
[13:59:48.901] [debug] [ManualAdjust] 旋转增量 RPY=(0.000, 0.000, 0.100)deg
[13:59:48.901] [info] [ManualAdjust] 当前外参 [lidar_0→cam_0]:
[13:59:48.901] [info]   旋转 RPY: (-89.1994, -19.5488, -0.1525) deg
[13:59:48.901] [info]   平移 XYZ: (0.1230, 0.0399, -0.0577) m
[13:59:48.931] [debug] [ManualAdjust] 旋转增量 RPY=(0.000, 0.000, 0.100)deg
[13:59:48.931] [info] [ManualAdjust] 当前外参 [lidar_0→cam_0]:
[13:59:48.931] [info]   旋转 RPY: (-89.1999, -19.4488, -0.1510) deg
[13:59:48.931] [info]   平移 XYZ: (0.1230, 0.0399, -0.0577) m
[13:59:48.961] [debug] [ManualAdjust] 旋转增量 RPY=(0.000, 0.000, 0.100)deg
[13:59:48.961] [info] [ManualAdjust] 当前外参 [lidar_0→cam_0]:
[13:59:48.961] [info]   旋转 RPY: (-89.2004, -19.3489, -0.1495) deg
[13:59:48.961] [info]   平移 XYZ: (0.1230, 0.0399, -0.0577) m
[13:59:48.991] [debug] [ManualAdjust] 旋转增量 RPY=(0.000, 0.000, 0.100)deg
[13:59:48.991] [info] [ManualAdjust] 当前外参 [lidar_0→cam_0]:
[13:59:48.991] [info]   旋转 RPY: (-89.2009, -19.2489, -0.1481) deg
[13:59:48.991] [info]   平移 XYZ: (0.1230, 0.0399, -0.0577) m
[13:59:49.021] [debug] [ManualAdjust] 旋转增量 RPY=(0.000, 0.000, 0.100)deg
[13:59:49.021] [info] [ManualAdjust] 当前外参 [lidar_0→cam_0]:
[13:59:49.021] [info]   旋转 RPY: (-89.2013, -19.1489, -0.1466) deg
[13:59:49.021] [info]   平移 XYZ: (0.1230, 0.0399, -0.0577) m
[13:59:49.051] [debug] [ManualAdjust] 旋转增量 RPY=(0.000, 0.000, 0.100)deg
[13:59:49.051] [info] [ManualAdjust] 当前外参 [lidar_0→cam_0]:
[13:59:49.051] [info]   旋转 RPY: (-89.2018, -19.0489, -0.1451) deg
[13:59:49.051] [info]   平移 XYZ: (0.1230, 0.0399, -0.0577) m
[13:59:49.081] [debug] [ManualAdjust] 旋转增量 RPY=(0.000, 0.000, 0.100)deg
[13:59:49.081] [info] [ManualAdjust] 当前外参 [lidar_0→cam_0]:
[13:59:49.081] [info]   旋转 RPY: (-89.2023, -18.9489, -0.1436) deg
[13:59:49.081] [info]   平移 XYZ: (0.1230, 0.0399, -0.0577) m
[13:59:49.111] [debug] [ManualAdjust] 旋转增量 RPY=(0.000, 0.000, 0.100)deg
[13:59:49.111] [info] [ManualAdjust] 当前外参 [lidar_0→cam_0]:
[13:59:49.111] [info]   旋转 RPY: (-89.2028, -18.8489, -0.1422) deg
[13:59:49.111] [info]   平移 XYZ: (0.1230, 0.0399, -0.0577) m
[13:59:49.141] [debug] [ManualAdjust] 旋转增量 RPY=(0.000, 0.000, 0.100)deg
[13:59:49.141] [info] [ManualAdjust] 当前外参 [lidar_0→cam_0]:
[13:59:49.141] [info]   旋转 RPY: (-89.2032, -18.7489, -0.1407) deg
[13:59:49.141] [info]   平移 XYZ: (0.1230, 0.0399, -0.0577) m
[13:59:49.172] [debug] [ManualAdjust] 旋转增量 RPY=(0.000, 0.000, 0.100)deg
[13:59:49.172] [info] [ManualAdjust] 当前外参 [lidar_0→cam_0]:
[13:59:49.172] [info]   旋转 RPY: (-89.2037, -18.6489, -0.1392) deg
[13:59:49.172] [info]   平移 XYZ: (0.1230, 0.0399, -0.0577) m
[13:59:49.202] [debug] [ManualAdjust] 旋转增量 RPY=(0.000, 0.000, 0.100)deg
[13:59:49.202] [info] [ManualAdjust] 当前外参 [lidar_0→cam_0]:
[13:59:49.202] [info]   旋转 RPY: (-89.2042, -18.5489, -0.1378) deg
[13:59:49.202] [info]   平移 XYZ: (0.1230, 0.0399, -0.0577) m
[13:59:49.233] [debug] [ManualAdjust] 旋转增量 RPY=(0.000, 0.000, 0.100)deg
[13:59:49.233] [info] [ManualAdjust] 当前外参 [lidar_0→cam_0]:
[13:59:49.233] [info]   旋转 RPY: (-89.2047, -18.4489, -0.1363) deg
[13:59:49.233] [info]   平移 XYZ: (0.1230, 0.0399, -0.0577) m
[13:59:49.263] [debug] [ManualAdjust] 旋转增量 RPY=(0.000, 0.000, 0.100)deg
[13:59:49.263] [info] [ManualAdjust] 当前外参 [lidar_0→cam_0]:
[13:59:49.263] [info]   旋转 RPY: (-89.2051, -18.3490, -0.1348) deg
[13:59:49.263] [info]   平移 XYZ: (0.1230, 0.0399, -0.0577) m
[13:59:49.293] [debug] [ManualAdjust] 旋转增量 RPY=(0.000, 0.000, 0.100)deg
[13:59:49.293] [info] [ManualAdjust] 当前外参 [lidar_0→cam_0]:
[13:59:49.293] [info]   旋转 RPY: (-89.2056, -18.2490, -0.1334) deg
[13:59:49.293] [info]   平移 XYZ: (0.1230, 0.0399, -0.0577) m
[13:59:49.323] [debug] [ManualAdjust] 旋转增量 RPY=(0.000, 0.000, 0.100)deg
[13:59:49.323] [info] [ManualAdjust] 当前外参 [lidar_0→cam_0]:
[13:59:49.323] [info]   旋转 RPY: (-89.2060, -18.1490, -0.1319) deg
[13:59:49.323] [info]   平移 XYZ: (0.1230, 0.0399, -0.0577) m
[13:59:49.353] [debug] [ManualAdjust] 旋转增量 RPY=(0.000, 0.000, 0.100)deg
[13:59:49.354] [info] [ManualAdjust] 当前外参 [lidar_0→cam_0]:
[13:59:49.354] [info]   旋转 RPY: (-89.2065, -18.0490, -0.1305) deg
[13:59:49.354] [info]   平移 XYZ: (0.1230, 0.0399, -0.0577) m
[13:59:49.384] [debug] [ManualAdjust] 旋转增量 RPY=(0.000, 0.000, 0.100)deg
[13:59:49.384] [info] [ManualAdjust] 当前外参 [lidar_0→cam_0]:
[13:59:49.384] [info]   旋转 RPY: (-89.2069, -17.9490, -0.1290) deg
[13:59:49.384] [info]   平移 XYZ: (0.1230, 0.0399, -0.0577) m
[13:59:49.414] [debug] [ManualAdjust] 旋转增量 RPY=(0.000, 0.000, 0.100)deg
[13:59:49.414] [info] [ManualAdjust] 当前外参 [lidar_0→cam_0]:
[13:59:49.414] [info]   旋转 RPY: (-89.2074, -17.8490, -0.1276) deg
[13:59:49.414] [info]   平移 XYZ: (0.1230, 0.0399, -0.0577) m
[13:59:49.445] [debug] [ManualAdjust] 旋转增量 RPY=(0.000, 0.000, 0.100)deg
[13:59:49.445] [info] [ManualAdjust] 当前外参 [lidar_0→cam_0]:
[13:59:49.445] [info]   旋转 RPY: (-89.2078, -17.7490, -0.1261) deg
[13:59:49.445] [info]   平移 XYZ: (0.1230, 0.0399, -0.0577) m
[13:59:49.475] [debug] [ManualAdjust] 旋转增量 RPY=(0.000, 0.000, 0.100)deg
[13:59:49.475] [info] [ManualAdjust] 当前外参 [lidar_0→cam_0]:
[13:59:49.475] [info]   旋转 RPY: (-89.2083, -17.6490, -0.1246) deg
[13:59:49.475] [info]   平移 XYZ: (0.1230, 0.0399, -0.0577) m
[13:59:49.505] [debug] [ManualAdjust] 旋转增量 RPY=(0.000, 0.000, 0.100)deg
[13:59:49.505] [info] [ManualAdjust] 当前外参 [lidar_0→cam_0]:
[13:59:49.505] [info]   旋转 RPY: (-89.2087, -17.5490, -0.1232) deg
[13:59:49.505] [info]   平移 XYZ: (0.1230, 0.0399, -0.0577) m
[13:59:49.535] [debug] [ManualAdjust] 旋转增量 RPY=(0.000, 0.000, 0.100)deg
[13:59:49.535] [info] [ManualAdjust] 当前外参 [lidar_0→cam_0]:
[13:59:49.535] [info]   旋转 RPY: (-89.2091, -17.4490, -0.1218) deg
[13:59:49.535] [info]   平移 XYZ: (0.1230, 0.0399, -0.0577) m
[13:59:49.566] [debug] [ManualAdjust] 旋转增量 RPY=(0.000, 0.000, 0.100)deg
[13:59:49.566] [info] [ManualAdjust] 当前外参 [lidar_0→cam_0]:
[13:59:49.566] [info]   旋转 RPY: (-89.2096, -17.3491, -0.1203) deg
[13:59:49.566] [info]   平移 XYZ: (0.1230, 0.0399, -0.0577) m
[13:59:49.597] [debug] [ManualAdjust] 旋转增量 RPY=(0.000, 0.000, 0.100)deg
[13:59:49.597] [info] [ManualAdjust] 当前外参 [lidar_0→cam_0]:
[13:59:49.597] [info]   旋转 RPY: (-89.2100, -17.2491, -0.1189) deg
[13:59:49.597] [info]   平移 XYZ: (0.1230, 0.0399, -0.0577) m
[13:59:49.627] [debug] [ManualAdjust] 旋转增量 RPY=(0.000, 0.000, 0.100)deg
[13:59:49.627] [info] [ManualAdjust] 当前外参 [lidar_0→cam_0]:
[13:59:49.627] [info]   旋转 RPY: (-89.2104, -17.1491, -0.1174) deg
[13:59:49.627] [info]   平移 XYZ: (0.1230, 0.0399, -0.0577) m
[13:59:49.658] [debug] [ManualAdjust] 旋转增量 RPY=(0.000, 0.000, 0.100)deg
[13:59:49.658] [info] [ManualAdjust] 当前外参 [lidar_0→cam_0]:
[13:59:49.658] [info]   旋转 RPY: (-89.2108, -17.0491, -0.1160) deg
[13:59:49.658] [info]   平移 XYZ: (0.1230, 0.0399, -0.0577) m
[13:59:49.689] [debug] [ManualAdjust] 旋转增量 RPY=(0.000, 0.000, 0.100)deg
[13:59:49.689] [info] [ManualAdjust] 当前外参 [lidar_0→cam_0]:
[13:59:49.689] [info]   旋转 RPY: (-89.2113, -16.9491, -0.1145) deg
[13:59:49.689] [info]   平移 XYZ: (0.1230, 0.0399, -0.0577) m
[13:59:49.719] [debug] [ManualAdjust] 旋转增量 RPY=(0.000, 0.000, 0.100)deg
[13:59:49.719] [info] [ManualAdjust] 当前外参 [lidar_0→cam_0]:
[13:59:49.719] [info]   旋转 RPY: (-89.2117, -16.8491, -0.1131) deg
[13:59:49.719] [info]   平移 XYZ: (0.1230, 0.0399, -0.0577) m
[13:59:49.749] [debug] [ManualAdjust] 旋转增量 RPY=(0.000, 0.000, 0.100)deg
[13:59:49.749] [info] [ManualAdjust] 当前外参 [lidar_0→cam_0]:
[13:59:49.749] [info]   旋转 RPY: (-89.2121, -16.7491, -0.1117) deg
[13:59:49.749] [info]   平移 XYZ: (0.1230, 0.0399, -0.0577) m
[13:59:49.779] [debug] [ManualAdjust] 旋转增量 RPY=(0.000, 0.000, 0.100)deg
[13:59:49.779] [info] [ManualAdjust] 当前外参 [lidar_0→cam_0]:
[13:59:49.779] [info]   旋转 RPY: (-89.2125, -16.6491, -0.1102) deg
[13:59:49.779] [info]   平移 XYZ: (0.1230, 0.0399, -0.0577) m
[13:59:49.809] [debug] [ManualAdjust] 旋转增量 RPY=(0.000, 0.000, 0.100)deg
[13:59:49.809] [info] [ManualAdjust] 当前外参 [lidar_0→cam_0]:
[13:59:49.809] [info]   旋转 RPY: (-89.2129, -16.5491, -0.1088) deg
[13:59:49.809] [info]   平移 XYZ: (0.1230, 0.0399, -0.0577) m
[13:59:49.839] [debug] [ManualAdjust] 旋转增量 RPY=(0.000, 0.000, 0.100)deg
[13:59:49.839] [info] [ManualAdjust] 当前外参 [lidar_0→cam_0]:
[13:59:49.839] [info]   旋转 RPY: (-89.2133, -16.4491, -0.1074) deg
[13:59:49.839] [info]   平移 XYZ: (0.1230, 0.0399, -0.0577) m
[13:59:49.869] [debug] [ManualAdjust] 旋转增量 RPY=(0.000, 0.000, 0.100)deg
[13:59:49.869] [info] [ManualAdjust] 当前外参 [lidar_0→cam_0]:
[13:59:49.869] [info]   旋转 RPY: (-89.2137, -16.3491, -0.1059) deg
[13:59:49.869] [info]   平移 XYZ: (0.1230, 0.0399, -0.0577) m
[13:59:49.899] [debug] [ManualAdjust] 旋转增量 RPY=(0.000, 0.000, 0.100)deg
[13:59:49.899] [info] [ManualAdjust] 当前外参 [lidar_0→cam_0]:
[13:59:49.899] [info]   旋转 RPY: (-89.2141, -16.2492, -0.1045) deg
[13:59:49.899] [info]   平移 XYZ: (0.1230, 0.0399, -0.0577) m
[13:59:49.929] [debug] [ManualAdjust] 旋转增量 RPY=(0.000, 0.000, 0.100)deg
[13:59:49.929] [info] [ManualAdjust] 当前外参 [lidar_0→cam_0]:
[13:59:49.929] [info]   旋转 RPY: (-89.2145, -16.1492, -0.1031) deg
[13:59:49.929] [info]   平移 XYZ: (0.1230, 0.0399, -0.0577) m
[13:59:49.959] [debug] [ManualAdjust] 旋转增量 RPY=(0.000, 0.000, 0.100)deg
[13:59:49.959] [info] [ManualAdjust] 当前外参 [lidar_0→cam_0]:
[13:59:49.959] [info]   旋转 RPY: (-89.2149, -16.0492, -0.1016) deg
[13:59:49.959] [info]   平移 XYZ: (0.1230, 0.0399, -0.0577) m
[13:59:49.990] [debug] [ManualAdjust] 旋转增量 RPY=(0.000, 0.000, 0.100)deg
[13:59:49.990] [info] [ManualAdjust] 当前外参 [lidar_0→cam_0]:
[13:59:49.990] [info]   旋转 RPY: (-89.2153, -15.9492, -0.1002) deg
[13:59:49.990] [info]   平移 XYZ: (0.1230, 0.0399, -0.0577) m
[13:59:50.020] [debug] [ManualAdjust] 旋转增量 RPY=(0.000, 0.000, 0.100)deg
[13:59:50.020] [info] [ManualAdjust] 当前外参 [lidar_0→cam_0]:
[13:59:50.020] [info]   旋转 RPY: (-89.2157, -15.8492, -0.0988) deg
[13:59:50.020] [info]   平移 XYZ: (0.1230, 0.0399, -0.0577) m
[13:59:50.050] [debug] [ManualAdjust] 旋转增量 RPY=(0.000, 0.000, 0.100)deg
[13:59:50.050] [info] [ManualAdjust] 当前外参 [lidar_0→cam_0]:
[13:59:50.050] [info]   旋转 RPY: (-89.2161, -15.7492, -0.0974) deg
[13:59:50.050] [info]   平移 XYZ: (0.1230, 0.0399, -0.0577) m
[13:59:50.080] [debug] [ManualAdjust] 旋转增量 RPY=(0.000, 0.000, 0.100)deg
[13:59:50.080] [info] [ManualAdjust] 当前外参 [lidar_0→cam_0]:
[13:59:50.080] [info]   旋转 RPY: (-89.2165, -15.6492, -0.0960) deg
[13:59:50.080] [info]   平移 XYZ: (0.1230, 0.0399, -0.0577) m
[13:59:50.111] [debug] [ManualAdjust] 旋转增量 RPY=(0.000, 0.000, 0.100)deg
[13:59:50.111] [info] [ManualAdjust] 当前外参 [lidar_0→cam_0]:
[13:59:50.111] [info]   旋转 RPY: (-89.2169, -15.5492, -0.0945) deg
[13:59:50.111] [info]   平移 XYZ: (0.1230, 0.0399, -0.0577) m
[13:59:50.141] [debug] [ManualAdjust] 旋转增量 RPY=(0.000, 0.000, 0.100)deg
[13:59:50.141] [info] [ManualAdjust] 当前外参 [lidar_0→cam_0]:
[13:59:50.141] [info]   旋转 RPY: (-89.2172, -15.4492, -0.0931) deg
[13:59:50.141] [info]   平移 XYZ: (0.1230, 0.0399, -0.0577) m
[13:59:50.170] [debug] [ManualAdjust] 旋转增量 RPY=(0.000, 0.000, 0.100)deg
[13:59:50.170] [info] [ManualAdjust] 当前外参 [lidar_0→cam_0]:
[13:59:50.170] [info]   旋转 RPY: (-89.2176, -15.3492, -0.0917) deg
[13:59:50.170] [info]   平移 XYZ: (0.1230, 0.0399, -0.0577) m
[13:59:50.200] [debug] [ManualAdjust] 旋转增量 RPY=(0.000, 0.000, 0.100)deg
[13:59:50.200] [info] [ManualAdjust] 当前外参 [lidar_0→cam_0]:
[13:59:50.200] [info]   旋转 RPY: (-89.2180, -15.2492, -0.0903) deg
[13:59:50.200] [info]   平移 XYZ: (0.1230, 0.0399, -0.0577) m
[13:59:50.230] [debug] [ManualAdjust] 旋转增量 RPY=(0.000, 0.000, 0.100)deg
[13:59:50.230] [info] [ManualAdjust] 当前外参 [lidar_0→cam_0]:
[13:59:50.230] [info]   旋转 RPY: (-89.2184, -15.1493, -0.0889) deg
[13:59:50.230] [info]   平移 XYZ: (0.1230, 0.0399, -0.0577) m
[13:59:50.260] [debug] [ManualAdjust] 旋转增量 RPY=(0.000, 0.000, 0.100)deg
[13:59:50.260] [info] [ManualAdjust] 当前外参 [lidar_0→cam_0]:
[13:59:50.260] [info]   旋转 RPY: (-89.2187, -15.0493, -0.0875) deg
[13:59:50.260] [info]   平移 XYZ: (0.1230, 0.0399, -0.0577) m
[13:59:50.290] [debug] [ManualAdjust] 旋转增量 RPY=(0.000, 0.000, 0.100)deg
[13:59:50.290] [info] [ManualAdjust] 当前外参 [lidar_0→cam_0]:
[13:59:50.290] [info]   旋转 RPY: (-89.2191, -14.9493, -0.0860) deg
[13:59:50.290] [info]   平移 XYZ: (0.1230, 0.0399, -0.0577) m
[13:59:50.320] [debug] [ManualAdjust] 旋转增量 RPY=(0.000, 0.000, 0.100)deg
[13:59:50.320] [info] [ManualAdjust] 当前外参 [lidar_0→cam_0]:
[13:59:50.320] [info]   旋转 RPY: (-89.2195, -14.8493, -0.0846) deg
[13:59:50.320] [info]   平移 XYZ: (0.1230, 0.0399, -0.0577) m
[13:59:50.350] [debug] [ManualAdjust] 旋转增量 RPY=(0.000, 0.000, 0.100)deg
[13:59:50.350] [info] [ManualAdjust] 当前外参 [lidar_0→cam_0]:
[13:59:50.350] [info]   旋转 RPY: (-89.2198, -14.7493, -0.0832) deg
[13:59:50.350] [info]   平移 XYZ: (0.1230, 0.0399, -0.0577) m
[13:59:50.380] [debug] [ManualAdjust] 旋转增量 RPY=(0.000, 0.000, 0.100)deg
[13:59:50.380] [info] [ManualAdjust] 当前外参 [lidar_0→cam_0]:
[13:59:50.380] [info]   旋转 RPY: (-89.2202, -14.6493, -0.0818) deg
[13:59:50.380] [info]   平移 XYZ: (0.1230, 0.0399, -0.0577) m
[13:59:50.410] [debug] [ManualAdjust] 旋转增量 RPY=(0.000, 0.000, 0.100)deg
[13:59:50.411] [info] [ManualAdjust] 当前外参 [lidar_0→cam_0]:
[13:59:50.411] [info]   旋转 RPY: (-89.2205, -14.5493, -0.0804) deg
[13:59:50.411] [info]   平移 XYZ: (0.1230, 0.0399, -0.0577) m
[13:59:50.440] [debug] [ManualAdjust] 旋转增量 RPY=(0.000, 0.000, 0.100)deg
[13:59:50.441] [info] [ManualAdjust] 当前外参 [lidar_0→cam_0]:
[13:59:50.441] [info]   旋转 RPY: (-89.2209, -14.4493, -0.0790) deg
[13:59:50.441] [info]   平移 XYZ: (0.1230, 0.0399, -0.0577) m
[13:59:50.470] [debug] [ManualAdjust] 旋转增量 RPY=(0.000, 0.000, 0.100)deg
[13:59:50.470] [info] [ManualAdjust] 当前外参 [lidar_0→cam_0]:
[13:59:50.470] [info]   旋转 RPY: (-89.2212, -14.3493, -0.0776) deg
[13:59:50.470] [info]   平移 XYZ: (0.1230, 0.0399, -0.0577) m
[13:59:50.500] [debug] [ManualAdjust] 旋转增量 RPY=(0.000, 0.000, 0.100)deg
[13:59:50.500] [info] [ManualAdjust] 当前外参 [lidar_0→cam_0]:
[13:59:50.500] [info]   旋转 RPY: (-89.2216, -14.2493, -0.0762) deg
[13:59:50.500] [info]   平移 XYZ: (0.1230, 0.0399, -0.0577) m
[13:59:50.530] [debug] [ManualAdjust] 旋转增量 RPY=(0.000, 0.000, 0.100)deg
[13:59:50.530] [info] [ManualAdjust] 当前外参 [lidar_0→cam_0]:
[13:59:50.530] [info]   旋转 RPY: (-89.2219, -14.1494, -0.0748) deg
[13:59:50.530] [info]   平移 XYZ: (0.1230, 0.0399, -0.0577) m
[13:59:50.560] [debug] [ManualAdjust] 旋转增量 RPY=(0.000, 0.000, 0.100)deg
[13:59:50.560] [info] [ManualAdjust] 当前外参 [lidar_0→cam_0]:
[13:59:50.560] [info]   旋转 RPY: (-89.2223, -14.0494, -0.0734) deg
[13:59:50.560] [info]   平移 XYZ: (0.1230, 0.0399, -0.0577) m
[13:59:50.591] [debug] [ManualAdjust] 旋转增量 RPY=(0.000, 0.000, 0.100)deg
[13:59:50.591] [info] [ManualAdjust] 当前外参 [lidar_0→cam_0]:
[13:59:50.591] [info]   旋转 RPY: (-89.2226, -13.9494, -0.0720) deg
[13:59:50.591] [info]   平移 XYZ: (0.1230, 0.0399, -0.0577) m
[13:59:50.621] [debug] [ManualAdjust] 旋转增量 RPY=(0.000, 0.000, 0.100)deg
[13:59:50.621] [info] [ManualAdjust] 当前外参 [lidar_0→cam_0]:
[13:59:50.621] [info]   旋转 RPY: (-89.2229, -13.8494, -0.0706) deg
[13:59:50.621] [info]   平移 XYZ: (0.1230, 0.0399, -0.0577) m
[13:59:50.651] [debug] [ManualAdjust] 旋转增量 RPY=(0.000, 0.000, 0.100)deg
[13:59:50.651] [info] [ManualAdjust] 当前外参 [lidar_0→cam_0]:
[13:59:50.651] [info]   旋转 RPY: (-89.2233, -13.7494, -0.0692) deg
[13:59:50.651] [info]   平移 XYZ: (0.1230, 0.0399, -0.0577) m
[13:59:50.681] [debug] [ManualAdjust] 旋转增量 RPY=(0.000, 0.000, 0.100)deg
[13:59:50.681] [info] [ManualAdjust] 当前外参 [lidar_0→cam_0]:
[13:59:50.681] [info]   旋转 RPY: (-89.2236, -13.6494, -0.0678) deg
[13:59:50.681] [info]   平移 XYZ: (0.1230, 0.0399, -0.0577) m
[13:59:50.712] [debug] [ManualAdjust] 旋转增量 RPY=(0.000, 0.000, 0.100)deg
[13:59:50.712] [info] [ManualAdjust] 当前外参 [lidar_0→cam_0]:
[13:59:50.712] [info]   旋转 RPY: (-89.2239, -13.5494, -0.0664) deg
[13:59:50.712] [info]   平移 XYZ: (0.1230, 0.0399, -0.0577) m
[13:59:50.741] [debug] [ManualAdjust] 旋转增量 RPY=(0.000, 0.000, 0.100)deg
[13:59:50.741] [info] [ManualAdjust] 当前外参 [lidar_0→cam_0]:
[13:59:50.741] [info]   旋转 RPY: (-89.2243, -13.4494, -0.0650) deg
[13:59:50.741] [info]   平移 XYZ: (0.1230, 0.0399, -0.0577) m
[13:59:50.771] [debug] [ManualAdjust] 旋转增量 RPY=(0.000, 0.000, 0.100)deg
[13:59:50.771] [info] [ManualAdjust] 当前外参 [lidar_0→cam_0]:
[13:59:50.771] [info]   旋转 RPY: (-89.2246, -13.3494, -0.0636) deg
[13:59:50.771] [info]   平移 XYZ: (0.1230, 0.0399, -0.0577) m
[13:59:50.801] [debug] [ManualAdjust] 旋转增量 RPY=(0.000, 0.000, 0.100)deg
[13:59:50.801] [info] [ManualAdjust] 当前外参 [lidar_0→cam_0]:
[13:59:50.801] [info]   旋转 RPY: (-89.2249, -13.2494, -0.0622) deg
[13:59:50.801] [info]   平移 XYZ: (0.1230, 0.0399, -0.0577) m
[13:59:50.831] [debug] [ManualAdjust] 旋转增量 RPY=(0.000, 0.000, 0.100)deg
[13:59:50.831] [info] [ManualAdjust] 当前外参 [lidar_0→cam_0]:
[13:59:50.831] [info]   旋转 RPY: (-89.2252, -13.1494, -0.0609) deg
[13:59:50.831] [info]   平移 XYZ: (0.1230, 0.0399, -0.0577) m
[13:59:50.861] [debug] [ManualAdjust] 旋转增量 RPY=(0.000, 0.000, 0.100)deg
[13:59:50.861] [info] [ManualAdjust] 当前外参 [lidar_0→cam_0]:
[13:59:50.861] [info]   旋转 RPY: (-89.2255, -13.0495, -0.0595) deg
[13:59:50.861] [info]   平移 XYZ: (0.1230, 0.0399, -0.0577) m
[13:59:50.892] [debug] [ManualAdjust] 旋转增量 RPY=(0.000, 0.000, 0.100)deg
[13:59:50.892] [info] [ManualAdjust] 当前外参 [lidar_0→cam_0]:
[13:59:50.892] [info]   旋转 RPY: (-89.2258, -12.9495, -0.0581) deg
[13:59:50.892] [info]   平移 XYZ: (0.1230, 0.0399, -0.0577) m
[13:59:50.922] [debug] [ManualAdjust] 旋转增量 RPY=(0.000, 0.000, 0.100)deg
[13:59:50.922] [info] [ManualAdjust] 当前外参 [lidar_0→cam_0]:
[13:59:50.922] [info]   旋转 RPY: (-89.2261, -12.8495, -0.0567) deg
[13:59:50.922] [info]   平移 XYZ: (0.1230, 0.0399, -0.0577) m
[13:59:50.952] [debug] [ManualAdjust] 旋转增量 RPY=(0.000, 0.000, 0.100)deg
[13:59:50.952] [info] [ManualAdjust] 当前外参 [lidar_0→cam_0]:
[13:59:50.952] [info]   旋转 RPY: (-89.2265, -12.7495, -0.0553) deg
[13:59:50.952] [info]   平移 XYZ: (0.1230, 0.0399, -0.0577) m
[13:59:50.982] [debug] [ManualAdjust] 旋转增量 RPY=(0.000, 0.000, 0.100)deg
[13:59:50.982] [info] [ManualAdjust] 当前外参 [lidar_0→cam_0]:
[13:59:50.982] [info]   旋转 RPY: (-89.2268, -12.6495, -0.0539) deg
[13:59:50.982] [info]   平移 XYZ: (0.1230, 0.0399, -0.0577) m
[13:59:51.012] [debug] [ManualAdjust] 旋转增量 RPY=(0.000, 0.000, 0.100)deg
[13:59:51.012] [info] [ManualAdjust] 当前外参 [lidar_0→cam_0]:
[13:59:51.012] [info]   旋转 RPY: (-89.2271, -12.5495, -0.0525) deg
[13:59:51.012] [info]   平移 XYZ: (0.1230, 0.0399, -0.0577) m
[13:59:51.043] [debug] [ManualAdjust] 旋转增量 RPY=(0.000, 0.000, 0.100)deg
[13:59:51.043] [info] [ManualAdjust] 当前外参 [lidar_0→cam_0]:
[13:59:51.043] [info]   旋转 RPY: (-89.2274, -12.4495, -0.0512) deg
[13:59:51.043] [info]   平移 XYZ: (0.1230, 0.0399, -0.0577) m
[13:59:51.073] [debug] [ManualAdjust] 旋转增量 RPY=(0.000, 0.000, 0.100)deg
[13:59:51.073] [info] [ManualAdjust] 当前外参 [lidar_0→cam_0]:
[13:59:51.073] [info]   旋转 RPY: (-89.2277, -12.3495, -0.0498) deg
[13:59:51.073] [info]   平移 XYZ: (0.1230, 0.0399, -0.0577) m
[13:59:51.103] [debug] [ManualAdjust] 旋转增量 RPY=(0.000, 0.000, 0.100)deg
[13:59:51.103] [info] [ManualAdjust] 当前外参 [lidar_0→cam_0]:
[13:59:51.103] [info]   旋转 RPY: (-89.2280, -12.2495, -0.0484) deg
[13:59:51.103] [info]   平移 XYZ: (0.1230, 0.0399, -0.0577) m
[13:59:51.133] [debug] [ManualAdjust] 旋转增量 RPY=(0.000, 0.000, 0.100)deg
[13:59:51.133] [info] [ManualAdjust] 当前外参 [lidar_0→cam_0]:
[13:59:51.133] [info]   旋转 RPY: (-89.2282, -12.1495, -0.0470) deg
[13:59:51.133] [info]   平移 XYZ: (0.1230, 0.0399, -0.0577) m
[13:59:51.164] [debug] [ManualAdjust] 旋转增量 RPY=(0.000, 0.000, 0.100)deg
[13:59:51.164] [info] [ManualAdjust] 当前外参 [lidar_0→cam_0]:
[13:59:51.164] [info]   旋转 RPY: (-89.2285, -12.0495, -0.0457) deg
[13:59:51.164] [info]   平移 XYZ: (0.1230, 0.0399, -0.0577) m
[13:59:51.195] [debug] [ManualAdjust] 旋转增量 RPY=(0.000, 0.000, 0.100)deg
[13:59:51.195] [info] [ManualAdjust] 当前外参 [lidar_0→cam_0]:
[13:59:51.195] [info]   旋转 RPY: (-89.2288, -11.9496, -0.0443) deg
[13:59:51.195] [info]   平移 XYZ: (0.1230, 0.0399, -0.0577) m
[13:59:51.225] [debug] [ManualAdjust] 旋转增量 RPY=(0.000, 0.000, 0.100)deg
[13:59:51.225] [info] [ManualAdjust] 当前外参 [lidar_0→cam_0]:
[13:59:51.225] [info]   旋转 RPY: (-89.2291, -11.8496, -0.0429) deg
[13:59:51.225] [info]   平移 XYZ: (0.1230, 0.0399, -0.0577) m
[13:59:51.255] [debug] [ManualAdjust] 旋转增量 RPY=(0.000, 0.000, 0.100)deg
[13:59:51.255] [info] [ManualAdjust] 当前外参 [lidar_0→cam_0]:
[13:59:51.255] [info]   旋转 RPY: (-89.2294, -11.7496, -0.0415) deg
[13:59:51.255] [info]   平移 XYZ: (0.1230, 0.0399, -0.0577) m
[13:59:51.285] [debug] [ManualAdjust] 旋转增量 RPY=(0.000, 0.000, 0.100)deg
[13:59:51.285] [info] [ManualAdjust] 当前外参 [lidar_0→cam_0]:
[13:59:51.285] [info]   旋转 RPY: (-89.2297, -11.6496, -0.0402) deg
[13:59:51.285] [info]   平移 XYZ: (0.1230, 0.0399, -0.0577) m
[13:59:51.315] [debug] [ManualAdjust] 旋转增量 RPY=(0.000, 0.000, 0.100)deg
[13:59:51.315] [info] [ManualAdjust] 当前外参 [lidar_0→cam_0]:
[13:59:51.315] [info]   旋转 RPY: (-89.2299, -11.5496, -0.0388) deg
[13:59:51.315] [info]   平移 XYZ: (0.1230, 0.0399, -0.0577) m
[13:59:51.345] [debug] [ManualAdjust] 旋转增量 RPY=(0.000, 0.000, 0.100)deg
[13:59:51.345] [info] [ManualAdjust] 当前外参 [lidar_0→cam_0]:
[13:59:51.345] [info]   旋转 RPY: (-89.2302, -11.4496, -0.0374) deg
[13:59:51.345] [info]   平移 XYZ: (0.1230, 0.0399, -0.0577) m
[13:59:51.375] [debug] [ManualAdjust] 旋转增量 RPY=(0.000, 0.000, 0.100)deg
[13:59:51.375] [info] [ManualAdjust] 当前外参 [lidar_0→cam_0]:
[13:59:51.375] [info]   旋转 RPY: (-89.2305, -11.3496, -0.0360) deg
[13:59:51.375] [info]   平移 XYZ: (0.1230, 0.0399, -0.0577) m
[13:59:51.406] [debug] [ManualAdjust] 旋转增量 RPY=(0.000, 0.000, 0.100)deg
[13:59:51.406] [info] [ManualAdjust] 当前外参 [lidar_0→cam_0]:
[13:59:51.406] [info]   旋转 RPY: (-89.2307, -11.2496, -0.0347) deg
[13:59:51.406] [info]   平移 XYZ: (0.1230, 0.0399, -0.0577) m
[13:59:51.436] [debug] [ManualAdjust] 旋转增量 RPY=(0.000, 0.000, 0.100)deg
[13:59:51.436] [info] [ManualAdjust] 当前外参 [lidar_0→cam_0]:
[13:59:51.436] [info]   旋转 RPY: (-89.2310, -11.1496, -0.0333) deg
[13:59:51.436] [info]   平移 XYZ: (0.1230, 0.0399, -0.0577) m
[13:59:51.466] [debug] [ManualAdjust] 旋转增量 RPY=(0.000, 0.000, 0.100)deg
[13:59:51.466] [info] [ManualAdjust] 当前外参 [lidar_0→cam_0]:
[13:59:51.466] [info]   旋转 RPY: (-89.2313, -11.0496, -0.0319) deg
[13:59:51.466] [info]   平移 XYZ: (0.1230, 0.0399, -0.0577) m
[13:59:51.497] [debug] [ManualAdjust] 旋转增量 RPY=(0.000, 0.000, 0.100)deg
[13:59:51.497] [info] [ManualAdjust] 当前外参 [lidar_0→cam_0]:
[13:59:51.497] [info]   旋转 RPY: (-89.2315, -10.9496, -0.0306) deg
[13:59:51.497] [info]   平移 XYZ: (0.1230, 0.0399, -0.0577) m
[13:59:51.527] [debug] [ManualAdjust] 旋转增量 RPY=(0.000, 0.000, 0.100)deg
[13:59:51.527] [info] [ManualAdjust] 当前外参 [lidar_0→cam_0]:
[13:59:51.527] [info]   旋转 RPY: (-89.2318, -10.8497, -0.0292) deg
[13:59:51.527] [info]   平移 XYZ: (0.1230, 0.0399, -0.0577) m
[13:59:51.557] [debug] [ManualAdjust] 旋转增量 RPY=(0.000, 0.000, 0.100)deg
[13:59:51.557] [info] [ManualAdjust] 当前外参 [lidar_0→cam_0]:
[13:59:51.557] [info]   旋转 RPY: (-89.2321, -10.7497, -0.0278) deg
[13:59:51.557] [info]   平移 XYZ: (0.1230, 0.0399, -0.0577) m
[13:59:51.587] [debug] [ManualAdjust] 旋转增量 RPY=(0.000, 0.000, 0.100)deg
[13:59:51.587] [info] [ManualAdjust] 当前外参 [lidar_0→cam_0]:
[13:59:51.587] [info]   旋转 RPY: (-89.2323, -10.6497, -0.0265) deg
[13:59:51.587] [info]   平移 XYZ: (0.1230, 0.0399, -0.0577) m
[13:59:51.617] [debug] [ManualAdjust] 旋转增量 RPY=(0.000, 0.000, 0.100)deg
[13:59:51.617] [info] [ManualAdjust] 当前外参 [lidar_0→cam_0]:
[13:59:51.617] [info]   旋转 RPY: (-89.2326, -10.5497, -0.0251) deg
[13:59:51.617] [info]   平移 XYZ: (0.1230, 0.0399, -0.0577) m
[13:59:51.647] [debug] [ManualAdjust] 旋转增量 RPY=(0.000, 0.000, 0.100)deg
[13:59:51.647] [info] [ManualAdjust] 当前外参 [lidar_0→cam_0]:
[13:59:51.647] [info]   旋转 RPY: (-89.2328, -10.4497, -0.0237) deg
[13:59:51.647] [info]   平移 XYZ: (0.1230, 0.0399, -0.0577) m
[13:59:51.677] [debug] [ManualAdjust] 旋转增量 RPY=(0.000, 0.000, 0.100)deg
[13:59:51.677] [info] [ManualAdjust] 当前外参 [lidar_0→cam_0]:
[13:59:51.677] [info]   旋转 RPY: (-89.2331, -10.3497, -0.0224) deg
[13:59:51.677] [info]   平移 XYZ: (0.1230, 0.0399, -0.0577) m
[13:59:51.708] [debug] [ManualAdjust] 旋转增量 RPY=(0.000, 0.000, 0.100)deg
[13:59:51.708] [info] [ManualAdjust] 当前外参 [lidar_0→cam_0]:
[13:59:51.708] [info]   旋转 RPY: (-89.2333, -10.2497, -0.0210) deg
[13:59:51.708] [info]   平移 XYZ: (0.1230, 0.0399, -0.0577) m
[13:59:51.737] [debug] [ManualAdjust] 旋转增量 RPY=(0.000, 0.000, 0.100)deg
[13:59:51.737] [info] [ManualAdjust] 当前外参 [lidar_0→cam_0]:
[13:59:51.737] [info]   旋转 RPY: (-89.2335, -10.1497, -0.0197) deg
[13:59:51.737] [info]   平移 XYZ: (0.1230, 0.0399, -0.0577) m
[13:59:51.767] [debug] [ManualAdjust] 旋转增量 RPY=(0.000, 0.000, 0.100)deg
[13:59:51.767] [info] [ManualAdjust] 当前外参 [lidar_0→cam_0]:
[13:59:51.767] [info]   旋转 RPY: (-89.2338, -10.0497, -0.0183) deg
[13:59:51.767] [info]   平移 XYZ: (0.1230, 0.0399, -0.0577) m
[13:59:51.797] [debug] [ManualAdjust] 旋转增量 RPY=(0.000, 0.000, 0.100)deg
[13:59:51.797] [info] [ManualAdjust] 当前外参 [lidar_0→cam_0]:
[13:59:51.797] [info]   旋转 RPY: (-89.2340, -9.9497, -0.0170) deg
[13:59:51.797] [info]   平移 XYZ: (0.1230, 0.0399, -0.0577) m
[13:59:51.827] [debug] [ManualAdjust] 旋转增量 RPY=(0.000, 0.000, 0.100)deg
[13:59:51.827] [info] [ManualAdjust] 当前外参 [lidar_0→cam_0]:
[13:59:51.827] [info]   旋转 RPY: (-89.2342, -9.8497, -0.0156) deg
[13:59:51.827] [info]   平移 XYZ: (0.1230, 0.0399, -0.0577) m
[13:59:51.858] [debug] [ManualAdjust] 旋转增量 RPY=(0.000, 0.000, 0.100)deg
[13:59:51.858] [info] [ManualAdjust] 当前外参 [lidar_0→cam_0]:
[13:59:51.858] [info]   旋转 RPY: (-89.2345, -9.7497, -0.0142) deg
[13:59:51.858] [info]   平移 XYZ: (0.1230, 0.0399, -0.0577) m
[13:59:51.888] [debug] [ManualAdjust] 旋转增量 RPY=(0.000, 0.000, 0.100)deg
[13:59:51.888] [info] [ManualAdjust] 当前外参 [lidar_0→cam_0]:
[13:59:51.888] [info]   旋转 RPY: (-89.2347, -9.6498, -0.0129) deg
[13:59:51.888] [info]   平移 XYZ: (0.1230, 0.0399, -0.0577) m
[13:59:51.918] [debug] [ManualAdjust] 旋转增量 RPY=(0.000, 0.000, 0.100)deg
[13:59:51.918] [info] [ManualAdjust] 当前外参 [lidar_0→cam_0]:
[13:59:51.918] [info]   旋转 RPY: (-89.2349, -9.5498, -0.0115) deg
[13:59:51.918] [info]   平移 XYZ: (0.1230, 0.0399, -0.0577) m
[13:59:51.948] [debug] [ManualAdjust] 旋转增量 RPY=(0.000, 0.000, 0.100)deg
[13:59:51.948] [info] [ManualAdjust] 当前外参 [lidar_0→cam_0]:
[13:59:51.948] [info]   旋转 RPY: (-89.2352, -9.4498, -0.0102) deg
[13:59:51.948] [info]   平移 XYZ: (0.1230, 0.0399, -0.0577) m
[13:59:51.978] [debug] [ManualAdjust] 旋转增量 RPY=(0.000, 0.000, 0.100)deg
[13:59:51.978] [info] [ManualAdjust] 当前外参 [lidar_0→cam_0]:
[13:59:51.978] [info]   旋转 RPY: (-89.2354, -9.3498, -0.0088) deg
[13:59:51.978] [info]   平移 XYZ: (0.1230, 0.0399, -0.0577) m
[13:59:52.008] [debug] [ManualAdjust] 旋转增量 RPY=(0.000, 0.000, 0.100)deg
[13:59:52.008] [info] [ManualAdjust] 当前外参 [lidar_0→cam_0]:
[13:59:52.008] [info]   旋转 RPY: (-89.2356, -9.2498, -0.0075) deg
[13:59:52.008] [info]   平移 XYZ: (0.1230, 0.0399, -0.0577) m
[13:59:52.038] [debug] [ManualAdjust] 旋转增量 RPY=(0.000, 0.000, 0.100)deg
[13:59:52.038] [info] [ManualAdjust] 当前外参 [lidar_0→cam_0]:
[13:59:52.038] [info]   旋转 RPY: (-89.2358, -9.1498, -0.0061) deg
[13:59:52.038] [info]   平移 XYZ: (0.1230, 0.0399, -0.0577) m
[13:59:52.068] [debug] [ManualAdjust] 旋转增量 RPY=(0.000, 0.000, 0.100)deg
[13:59:52.068] [info] [ManualAdjust] 当前外参 [lidar_0→cam_0]:
[13:59:52.068] [info]   旋转 RPY: (-89.2360, -9.0498, -0.0048) deg
[13:59:52.068] [info]   平移 XYZ: (0.1230, 0.0399, -0.0577) m
[13:59:52.098] [debug] [ManualAdjust] 旋转增量 RPY=(0.000, 0.000, 0.100)deg
[13:59:52.098] [info] [ManualAdjust] 当前外参 [lidar_0→cam_0]:
[13:59:52.098] [info]   旋转 RPY: (-89.2362, -8.9498, -0.0034) deg
[13:59:52.098] [info]   平移 XYZ: (0.1230, 0.0399, -0.0577) m
[13:59:52.128] [debug] [ManualAdjust] 旋转增量 RPY=(0.000, 0.000, 0.100)deg
[13:59:52.128] [info] [ManualAdjust] 当前外参 [lidar_0→cam_0]:
[13:59:52.128] [info]   旋转 RPY: (-89.2364, -8.8498, -0.0021) deg
[13:59:52.128] [info]   平移 XYZ: (0.1230, 0.0399, -0.0577) m
[13:59:52.158] [debug] [ManualAdjust] 旋转增量 RPY=(0.000, 0.000, 0.100)deg
[13:59:52.158] [info] [ManualAdjust] 当前外参 [lidar_0→cam_0]:
[13:59:52.158] [info]   旋转 RPY: (-89.2366, -8.7498, -0.0007) deg
[13:59:52.158] [info]   平移 XYZ: (0.1230, 0.0399, -0.0577) m
[13:59:52.188] [debug] [ManualAdjust] 旋转增量 RPY=(0.000, 0.000, 0.100)deg
[13:59:52.188] [info] [ManualAdjust] 当前外参 [lidar_0→cam_0]:
[13:59:52.188] [info]   旋转 RPY: (-89.2368, -8.6498, 0.0006) deg
[13:59:52.188] [info]   平移 XYZ: (0.1230, 0.0399, -0.0577) m
[13:59:52.218] [debug] [ManualAdjust] 旋转增量 RPY=(0.000, 0.000, 0.100)deg
[13:59:52.218] [info] [ManualAdjust] 当前外参 [lidar_0→cam_0]:
[13:59:52.218] [info]   旋转 RPY: (-89.2371, -8.5499, 0.0020) deg
[13:59:52.218] [info]   平移 XYZ: (0.1230, 0.0399, -0.0577) m
[13:59:52.248] [debug] [ManualAdjust] 旋转增量 RPY=(0.000, 0.000, 0.100)deg
[13:59:52.248] [info] [ManualAdjust] 当前外参 [lidar_0→cam_0]:
[13:59:52.248] [info]   旋转 RPY: (-89.2372, -8.4499, 0.0033) deg
[13:59:52.248] [info]   平移 XYZ: (0.1230, 0.0399, -0.0577) m
[13:59:52.278] [debug] [ManualAdjust] 旋转增量 RPY=(0.000, 0.000, 0.100)deg
[13:59:52.278] [info] [ManualAdjust] 当前外参 [lidar_0→cam_0]:
[13:59:52.278] [info]   旋转 RPY: (-89.2374, -8.3499, 0.0047) deg
[13:59:52.278] [info]   平移 XYZ: (0.1230, 0.0399, -0.0577) m
[13:59:52.308] [debug] [ManualAdjust] 旋转增量 RPY=(0.000, 0.000, 0.100)deg
[13:59:52.308] [info] [ManualAdjust] 当前外参 [lidar_0→cam_0]:
[13:59:52.308] [info]   旋转 RPY: (-89.2376, -8.2499, 0.0060) deg
[13:59:52.308] [info]   平移 XYZ: (0.1230, 0.0399, -0.0577) m
[13:59:52.338] [debug] [ManualAdjust] 旋转增量 RPY=(0.000, 0.000, 0.100)deg
[13:59:52.338] [info] [ManualAdjust] 当前外参 [lidar_0→cam_0]:
[13:59:52.338] [info]   旋转 RPY: (-89.2378, -8.1499, 0.0074) deg
[13:59:52.338] [info]   平移 XYZ: (0.1230, 0.0399, -0.0577) m
[13:59:52.368] [debug] [ManualAdjust] 旋转增量 RPY=(0.000, 0.000, 0.100)deg
[13:59:52.368] [info] [ManualAdjust] 当前外参 [lidar_0→cam_0]:
[13:59:52.368] [info]   旋转 RPY: (-89.2380, -8.0499, 0.0087) deg
[13:59:52.368] [info]   平移 XYZ: (0.1230, 0.0399, -0.0577) m
[13:59:52.398] [debug] [ManualAdjust] 旋转增量 RPY=(0.000, 0.000, 0.100)deg
[13:59:52.398] [info] [ManualAdjust] 当前外参 [lidar_0→cam_0]:
[13:59:52.398] [info]   旋转 RPY: (-89.2382, -7.9499, 0.0100) deg
[13:59:52.398] [info]   平移 XYZ: (0.1230, 0.0399, -0.0577) m
[13:59:52.428] [debug] [ManualAdjust] 旋转增量 RPY=(0.000, 0.000, 0.100)deg
[13:59:52.428] [info] [ManualAdjust] 当前外参 [lidar_0→cam_0]:
[13:59:52.428] [info]   旋转 RPY: (-89.2384, -7.8499, 0.0114) deg
[13:59:52.428] [info]   平移 XYZ: (0.1230, 0.0399, -0.0577) m
[13:59:52.458] [debug] [ManualAdjust] 旋转增量 RPY=(0.000, 0.000, 0.100)deg
[13:59:52.458] [info] [ManualAdjust] 当前外参 [lidar_0→cam_0]:
[13:59:52.458] [info]   旋转 RPY: (-89.2386, -7.7499, 0.0127) deg
[13:59:52.458] [info]   平移 XYZ: (0.1230, 0.0399, -0.0577) m
[13:59:52.488] [debug] [ManualAdjust] 旋转增量 RPY=(0.000, 0.000, 0.100)deg
[13:59:52.488] [info] [ManualAdjust] 当前外参 [lidar_0→cam_0]:
[13:59:52.488] [info]   旋转 RPY: (-89.2388, -7.6499, 0.0141) deg
[13:59:52.488] [info]   平移 XYZ: (0.1230, 0.0399, -0.0577) m
[13:59:52.518] [debug] [ManualAdjust] 旋转增量 RPY=(0.000, 0.000, 0.100)deg
[13:59:52.518] [info] [ManualAdjust] 当前外参 [lidar_0→cam_0]:
[13:59:52.518] [info]   旋转 RPY: (-89.2389, -7.5499, 0.0154) deg
[13:59:52.518] [info]   平移 XYZ: (0.1230, 0.0399, -0.0577) m
[13:59:52.548] [debug] [ManualAdjust] 旋转增量 RPY=(0.000, 0.000, 0.100)deg
[13:59:52.548] [info] [ManualAdjust] 当前外参 [lidar_0→cam_0]:
[13:59:52.548] [info]   旋转 RPY: (-89.2391, -7.4500, 0.0167) deg
[13:59:52.548] [info]   平移 XYZ: (0.1230, 0.0399, -0.0577) m
[13:59:52.578] [debug] [ManualAdjust] 旋转增量 RPY=(0.000, 0.000, 0.100)deg
[13:59:52.578] [info] [ManualAdjust] 当前外参 [lidar_0→cam_0]:
[13:59:52.578] [info]   旋转 RPY: (-89.2393, -7.3500, 0.0181) deg
[13:59:52.578] [info]   平移 XYZ: (0.1230, 0.0399, -0.0577) m
[13:59:52.608] [debug] [ManualAdjust] 旋转增量 RPY=(0.000, 0.000, 0.100)deg
[13:59:52.608] [info] [ManualAdjust] 当前外参 [lidar_0→cam_0]:
[13:59:52.608] [info]   旋转 RPY: (-89.2394, -7.2500, 0.0194) deg
[13:59:52.608] [info]   平移 XYZ: (0.1230, 0.0399, -0.0577) m
[13:59:52.638] [debug] [ManualAdjust] 旋转增量 RPY=(0.000, 0.000, 0.100)deg
[13:59:52.638] [info] [ManualAdjust] 当前外参 [lidar_0→cam_0]:
[13:59:52.638] [info]   旋转 RPY: (-89.2396, -7.1500, 0.0208) deg
[13:59:52.638] [info]   平移 XYZ: (0.1230, 0.0399, -0.0577) m
[13:59:52.668] [debug] [ManualAdjust] 旋转增量 RPY=(0.000, 0.000, 0.100)deg
[13:59:52.668] [info] [ManualAdjust] 当前外参 [lidar_0→cam_0]:
[13:59:52.668] [info]   旋转 RPY: (-89.2398, -7.0500, 0.0221) deg
[13:59:52.668] [info]   平移 XYZ: (0.1230, 0.0399, -0.0577) m
[13:59:52.698] [debug] [ManualAdjust] 旋转增量 RPY=(0.000, 0.000, 0.100)deg
[13:59:52.698] [info] [ManualAdjust] 当前外参 [lidar_0→cam_0]:
[13:59:52.698] [info]   旋转 RPY: (-89.2399, -6.9500, 0.0234) deg
[13:59:52.698] [info]   平移 XYZ: (0.1230, 0.0399, -0.0577) m
[13:59:52.728] [debug] [ManualAdjust] 旋转增量 RPY=(0.000, 0.000, 0.100)deg
[13:59:52.728] [info] [ManualAdjust] 当前外参 [lidar_0→cam_0]:
[13:59:52.728] [info]   旋转 RPY: (-89.2401, -6.8500, 0.0248) deg
[13:59:52.728] [info]   平移 XYZ: (0.1230, 0.0399, -0.0577) m
[13:59:52.758] [debug] [ManualAdjust] 旋转增量 RPY=(0.000, 0.000, 0.100)deg
[13:59:52.758] [info] [ManualAdjust] 当前外参 [lidar_0→cam_0]:
[13:59:52.758] [info]   旋转 RPY: (-89.2403, -6.7500, 0.0261) deg
[13:59:52.758] [info]   平移 XYZ: (0.1230, 0.0399, -0.0577) m
[13:59:52.788] [debug] [ManualAdjust] 旋转增量 RPY=(0.000, 0.000, 0.100)deg
[13:59:52.788] [info] [ManualAdjust] 当前外参 [lidar_0→cam_0]:
[13:59:52.788] [info]   旋转 RPY: (-89.2404, -6.6500, 0.0274) deg
[13:59:52.788] [info]   平移 XYZ: (0.1230, 0.0399, -0.0577) m
[13:59:52.818] [debug] [ManualAdjust] 旋转增量 RPY=(0.000, 0.000, 0.100)deg
[13:59:52.818] [info] [ManualAdjust] 当前外参 [lidar_0→cam_0]:
[13:59:52.818] [info]   旋转 RPY: (-89.2406, -6.5500, 0.0288) deg
[13:59:52.818] [info]   平移 XYZ: (0.1230, 0.0399, -0.0577) m
[13:59:52.848] [debug] [ManualAdjust] 旋转增量 RPY=(0.000, 0.000, 0.100)deg
[13:59:52.848] [info] [ManualAdjust] 当前外参 [lidar_0→cam_0]:
[13:59:52.848] [info]   旋转 RPY: (-89.2407, -6.4500, 0.0301) deg
[13:59:52.848] [info]   平移 XYZ: (0.1230, 0.0399, -0.0577) m
[13:59:52.878] [debug] [ManualAdjust] 旋转增量 RPY=(0.000, 0.000, 0.100)deg
[13:59:52.878] [info] [ManualAdjust] 当前外参 [lidar_0→cam_0]:
[13:59:52.878] [info]   旋转 RPY: (-89.2409, -6.3500, 0.0314) deg
[13:59:52.878] [info]   平移 XYZ: (0.1230, 0.0399, -0.0577) m
[13:59:52.909] [debug] [ManualAdjust] 旋转增量 RPY=(0.000, 0.000, 0.100)deg
[13:59:52.909] [info] [ManualAdjust] 当前外参 [lidar_0→cam_0]:
[13:59:52.909] [info]   旋转 RPY: (-89.2410, -6.2501, 0.0328) deg
[13:59:52.909] [info]   平移 XYZ: (0.1230, 0.0399, -0.0577) m
[13:59:52.939] [debug] [ManualAdjust] 旋转增量 RPY=(0.000, 0.000, 0.100)deg
[13:59:52.939] [info] [ManualAdjust] 当前外参 [lidar_0→cam_0]:
[13:59:52.939] [info]   旋转 RPY: (-89.2412, -6.1501, 0.0341) deg
[13:59:52.939] [info]   平移 XYZ: (0.1230, 0.0399, -0.0577) m
[13:59:52.969] [debug] [ManualAdjust] 旋转增量 RPY=(0.000, 0.000, 0.100)deg
[13:59:52.969] [info] [ManualAdjust] 当前外参 [lidar_0→cam_0]:
[13:59:52.969] [info]   旋转 RPY: (-89.2413, -6.0501, 0.0354) deg
[13:59:52.969] [info]   平移 XYZ: (0.1230, 0.0399, -0.0577) m
[13:59:52.999] [debug] [ManualAdjust] 旋转增量 RPY=(0.000, 0.000, 0.100)deg
[13:59:52.999] [info] [ManualAdjust] 当前外参 [lidar_0→cam_0]:
[13:59:52.999] [info]   旋转 RPY: (-89.2414, -5.9501, 0.0368) deg
[13:59:52.999] [info]   平移 XYZ: (0.1230, 0.0399, -0.0577) m
[13:59:53.029] [debug] [ManualAdjust] 旋转增量 RPY=(0.000, 0.000, 0.100)deg
[13:59:53.029] [info] [ManualAdjust] 当前外参 [lidar_0→cam_0]:
[13:59:53.029] [info]   旋转 RPY: (-89.2416, -5.8501, 0.0381) deg
[13:59:53.029] [info]   平移 XYZ: (0.1230, 0.0399, -0.0577) m
[13:59:53.060] [debug] [ManualAdjust] 旋转增量 RPY=(0.000, 0.000, 0.100)deg
[13:59:53.060] [info] [ManualAdjust] 当前外参 [lidar_0→cam_0]:
[13:59:53.060] [info]   旋转 RPY: (-89.2417, -5.7501, 0.0394) deg
[13:59:53.060] [info]   平移 XYZ: (0.1230, 0.0399, -0.0577) m
[13:59:53.089] [debug] [ManualAdjust] 旋转增量 RPY=(0.000, 0.000, 0.100)deg
[13:59:53.089] [info] [ManualAdjust] 当前外参 [lidar_0→cam_0]:
[13:59:53.089] [info]   旋转 RPY: (-89.2418, -5.6501, 0.0408) deg
[13:59:53.089] [info]   平移 XYZ: (0.1230, 0.0399, -0.0577) m
[13:59:53.119] [debug] [ManualAdjust] 旋转增量 RPY=(0.000, 0.000, 0.100)deg
[13:59:53.119] [info] [ManualAdjust] 当前外参 [lidar_0→cam_0]:
[13:59:53.119] [info]   旋转 RPY: (-89.2420, -5.5501, 0.0421) deg
[13:59:53.119] [info]   平移 XYZ: (0.1230, 0.0399, -0.0577) m
[13:59:53.149] [debug] [ManualAdjust] 旋转增量 RPY=(0.000, 0.000, 0.100)deg
[13:59:53.149] [info] [ManualAdjust] 当前外参 [lidar_0→cam_0]:
[13:59:53.149] [info]   旋转 RPY: (-89.2421, -5.4501, 0.0434) deg
[13:59:53.149] [info]   平移 XYZ: (0.1230, 0.0399, -0.0577) m
[13:59:53.179] [debug] [ManualAdjust] 旋转增量 RPY=(0.000, 0.000, 0.100)deg
[13:59:53.179] [info] [ManualAdjust] 当前外参 [lidar_0→cam_0]:
[13:59:53.179] [info]   旋转 RPY: (-89.2422, -5.3501, 0.0447) deg
[13:59:53.179] [info]   平移 XYZ: (0.1230, 0.0399, -0.0577) m
[13:59:53.209] [debug] [ManualAdjust] 旋转增量 RPY=(0.000, 0.000, 0.100)deg
[13:59:53.209] [info] [ManualAdjust] 当前外参 [lidar_0→cam_0]:
[13:59:53.209] [info]   旋转 RPY: (-89.2424, -5.2501, 0.0461) deg
[13:59:53.209] [info]   平移 XYZ: (0.1230, 0.0399, -0.0577) m
[13:59:53.239] [debug] [ManualAdjust] 旋转增量 RPY=(0.000, 0.000, 0.100)deg
[13:59:53.239] [info] [ManualAdjust] 当前外参 [lidar_0→cam_0]:
[13:59:53.239] [info]   旋转 RPY: (-89.2425, -5.1502, 0.0474) deg
[13:59:53.239] [info]   平移 XYZ: (0.1230, 0.0399, -0.0577) m
[13:59:53.269] [debug] [ManualAdjust] 旋转增量 RPY=(0.000, 0.000, 0.100)deg
[13:59:53.269] [info] [ManualAdjust] 当前外参 [lidar_0→cam_0]:
[13:59:53.269] [info]   旋转 RPY: (-89.2426, -5.0502, 0.0487) deg
[13:59:53.269] [info]   平移 XYZ: (0.1230, 0.0399, -0.0577) m
[13:59:53.300] [debug] [ManualAdjust] 旋转增量 RPY=(0.000, 0.000, 0.100)deg
[13:59:53.300] [info] [ManualAdjust] 当前外参 [lidar_0→cam_0]:
[13:59:53.300] [info]   旋转 RPY: (-89.2427, -4.9502, 0.0501) deg
[13:59:53.300] [info]   平移 XYZ: (0.1230, 0.0399, -0.0577) m
[13:59:53.330] [debug] [ManualAdjust] 旋转增量 RPY=(0.000, 0.000, 0.100)deg
[13:59:53.330] [info] [ManualAdjust] 当前外参 [lidar_0→cam_0]:
[13:59:53.330] [info]   旋转 RPY: (-89.2428, -4.8502, 0.0514) deg
[13:59:53.330] [info]   平移 XYZ: (0.1230, 0.0399, -0.0577) m
[13:59:53.360] [debug] [ManualAdjust] 旋转增量 RPY=(0.000, 0.000, 0.100)deg
[13:59:53.360] [info] [ManualAdjust] 当前外参 [lidar_0→cam_0]:
[13:59:53.360] [info]   旋转 RPY: (-89.2429, -4.7502, 0.0527) deg
[13:59:53.360] [info]   平移 XYZ: (0.1230, 0.0399, -0.0577) m
[13:59:53.390] [debug] [ManualAdjust] 旋转增量 RPY=(0.000, 0.000, 0.100)deg
[13:59:53.390] [info] [ManualAdjust] 当前外参 [lidar_0→cam_0]:
[13:59:53.390] [info]   旋转 RPY: (-89.2430, -4.6502, 0.0540) deg
[13:59:53.390] [info]   平移 XYZ: (0.1230, 0.0399, -0.0577) m
[13:59:53.420] [debug] [ManualAdjust] 旋转增量 RPY=(0.000, 0.000, 0.100)deg
[13:59:53.420] [info] [ManualAdjust] 当前外参 [lidar_0→cam_0]:
[13:59:53.420] [info]   旋转 RPY: (-89.2431, -4.5502, 0.0554) deg
[13:59:53.420] [info]   平移 XYZ: (0.1230, 0.0399, -0.0577) m
[13:59:53.450] [debug] [ManualAdjust] 旋转增量 RPY=(0.000, 0.000, 0.100)deg
[13:59:53.450] [info] [ManualAdjust] 当前外参 [lidar_0→cam_0]:
[13:59:53.450] [info]   旋转 RPY: (-89.2432, -4.4502, 0.0567) deg
[13:59:53.450] [info]   平移 XYZ: (0.1230, 0.0399, -0.0577) m
[13:59:53.480] [debug] [ManualAdjust] 旋转增量 RPY=(0.000, 0.000, 0.100)deg
[13:59:53.480] [info] [ManualAdjust] 当前外参 [lidar_0→cam_0]:
[13:59:53.480] [info]   旋转 RPY: (-89.2433, -4.3502, 0.0580) deg
[13:59:53.480] [info]   平移 XYZ: (0.1230, 0.0399, -0.0577) m
[13:59:53.510] [debug] [ManualAdjust] 旋转增量 RPY=(0.000, 0.000, 0.100)deg
[13:59:53.510] [info] [ManualAdjust] 当前外参 [lidar_0→cam_0]:
[13:59:53.510] [info]   旋转 RPY: (-89.2434, -4.2502, 0.0593) deg
[13:59:53.510] [info]   平移 XYZ: (0.1230, 0.0399, -0.0577) m
[13:59:53.541] [debug] [ManualAdjust] 旋转增量 RPY=(0.000, 0.000, 0.100)deg
[13:59:53.541] [info] [ManualAdjust] 当前外参 [lidar_0→cam_0]:
[13:59:53.541] [info]   旋转 RPY: (-89.2435, -4.1502, 0.0607) deg
[13:59:53.541] [info]   平移 XYZ: (0.1230, 0.0399, -0.0577) m
[13:59:53.571] [debug] [ManualAdjust] 旋转增量 RPY=(0.000, 0.000, 0.100)deg
[13:59:53.571] [info] [ManualAdjust] 当前外参 [lidar_0→cam_0]:
[13:59:53.571] [info]   旋转 RPY: (-89.2436, -4.0503, 0.0620) deg
[13:59:53.571] [info]   平移 XYZ: (0.1230, 0.0399, -0.0577) m
[13:59:53.601] [debug] [ManualAdjust] 旋转增量 RPY=(0.000, 0.000, 0.100)deg
[13:59:53.601] [info] [ManualAdjust] 当前外参 [lidar_0→cam_0]:
[13:59:53.601] [info]   旋转 RPY: (-89.2437, -3.9503, 0.0633) deg
[13:59:53.601] [info]   平移 XYZ: (0.1230, 0.0399, -0.0577) m
[13:59:53.631] [debug] [ManualAdjust] 旋转增量 RPY=(0.000, 0.000, 0.100)deg
[13:59:53.631] [info] [ManualAdjust] 当前外参 [lidar_0→cam_0]:
[13:59:53.631] [info]   旋转 RPY: (-89.2438, -3.8503, 0.0646) deg
[13:59:53.631] [info]   平移 XYZ: (0.1230, 0.0399, -0.0577) m
[13:59:53.661] [debug] [ManualAdjust] 旋转增量 RPY=(0.000, 0.000, 0.100)deg
[13:59:53.662] [info] [ManualAdjust] 当前外参 [lidar_0→cam_0]:
[13:59:53.662] [info]   旋转 RPY: (-89.2439, -3.7503, 0.0660) deg
[13:59:53.662] [info]   平移 XYZ: (0.1230, 0.0399, -0.0577) m
[13:59:53.691] [debug] [ManualAdjust] 旋转增量 RPY=(0.000, 0.000, 0.100)deg
[13:59:53.691] [info] [ManualAdjust] 当前外参 [lidar_0→cam_0]:
[13:59:53.691] [info]   旋转 RPY: (-89.2440, -3.6503, 0.0673) deg
[13:59:53.691] [info]   平移 XYZ: (0.1230, 0.0399, -0.0577) m
[13:59:53.721] [debug] [ManualAdjust] 旋转增量 RPY=(0.000, 0.000, 0.100)deg
[13:59:53.721] [info] [ManualAdjust] 当前外参 [lidar_0→cam_0]:
[13:59:53.721] [info]   旋转 RPY: (-89.2441, -3.5503, 0.0686) deg
[13:59:53.721] [info]   平移 XYZ: (0.1230, 0.0399, -0.0577) m
[13:59:53.751] [debug] [ManualAdjust] 旋转增量 RPY=(0.000, 0.000, 0.100)deg
[13:59:53.751] [info] [ManualAdjust] 当前外参 [lidar_0→cam_0]:
[13:59:53.751] [info]   旋转 RPY: (-89.2442, -3.4503, 0.0699) deg
[13:59:53.751] [info]   平移 XYZ: (0.1230, 0.0399, -0.0577) m
[13:59:53.781] [debug] [ManualAdjust] 旋转增量 RPY=(0.000, 0.000, 0.100)deg
[13:59:53.781] [info] [ManualAdjust] 当前外参 [lidar_0→cam_0]:
[13:59:53.781] [info]   旋转 RPY: (-89.2442, -3.3503, 0.0712) deg
[13:59:53.781] [info]   平移 XYZ: (0.1230, 0.0399, -0.0577) m
[13:59:53.811] [debug] [ManualAdjust] 旋转增量 RPY=(0.000, 0.000, 0.100)deg
[13:59:53.811] [info] [ManualAdjust] 当前外参 [lidar_0→cam_0]:
[13:59:53.811] [info]   旋转 RPY: (-89.2443, -3.2503, 0.0726) deg
[13:59:53.812] [info]   平移 XYZ: (0.1230, 0.0399, -0.0577) m
[13:59:53.841] [debug] [ManualAdjust] 旋转增量 RPY=(0.000, 0.000, 0.100)deg
[13:59:53.841] [info] [ManualAdjust] 当前外参 [lidar_0→cam_0]:
[13:59:53.841] [info]   旋转 RPY: (-89.2444, -3.1503, 0.0739) deg
[13:59:53.841] [info]   平移 XYZ: (0.1230, 0.0399, -0.0577) m
[13:59:53.871] [debug] [ManualAdjust] 旋转增量 RPY=(0.000, 0.000, 0.100)deg
[13:59:53.871] [info] [ManualAdjust] 当前外参 [lidar_0→cam_0]:
[13:59:53.871] [info]   旋转 RPY: (-89.2445, -3.0503, 0.0752) deg
[13:59:53.871] [info]   平移 XYZ: (0.1230, 0.0399, -0.0577) m
[13:59:53.901] [debug] [ManualAdjust] 旋转增量 RPY=(0.000, 0.000, 0.100)deg
[13:59:53.901] [info] [ManualAdjust] 当前外参 [lidar_0→cam_0]:
[13:59:53.901] [info]   旋转 RPY: (-89.2445, -2.9503, 0.0765) deg
[13:59:53.901] [info]   平移 XYZ: (0.1230, 0.0399, -0.0577) m
[13:59:53.931] [debug] [ManualAdjust] 旋转增量 RPY=(0.000, 0.000, 0.100)deg
[13:59:53.931] [info] [ManualAdjust] 当前外参 [lidar_0→cam_0]:
[13:59:53.931] [info]   旋转 RPY: (-89.2446, -2.8504, 0.0778) deg
[13:59:53.931] [info]   平移 XYZ: (0.1230, 0.0399, -0.0577) m
[13:59:53.961] [debug] [ManualAdjust] 旋转增量 RPY=(0.000, 0.000, 0.100)deg
[13:59:53.961] [info] [ManualAdjust] 当前外参 [lidar_0→cam_0]:
[13:59:53.961] [info]   旋转 RPY: (-89.2447, -2.7504, 0.0792) deg
[13:59:53.961] [info]   平移 XYZ: (0.1230, 0.0399, -0.0577) m
[13:59:53.991] [debug] [ManualAdjust] 旋转增量 RPY=(0.000, 0.000, 0.100)deg
[13:59:53.991] [info] [ManualAdjust] 当前外参 [lidar_0→cam_0]:
[13:59:53.991] [info]   旋转 RPY: (-89.2447, -2.6504, 0.0805) deg
[13:59:53.991] [info]   平移 XYZ: (0.1230, 0.0399, -0.0577) m
[13:59:54.021] [debug] [ManualAdjust] 旋转增量 RPY=(0.000, 0.000, 0.100)deg
[13:59:54.021] [info] [ManualAdjust] 当前外参 [lidar_0→cam_0]:
[13:59:54.021] [info]   旋转 RPY: (-89.2448, -2.5504, 0.0818) deg
[13:59:54.021] [info]   平移 XYZ: (0.1230, 0.0399, -0.0577) m
[13:59:54.051] [debug] [ManualAdjust] 旋转增量 RPY=(0.000, 0.000, 0.100)deg
[13:59:54.051] [info] [ManualAdjust] 当前外参 [lidar_0→cam_0]:
[13:59:54.051] [info]   旋转 RPY: (-89.2448, -2.4504, 0.0831) deg
[13:59:54.051] [info]   平移 XYZ: (0.1230, 0.0399, -0.0577) m
[13:59:54.081] [debug] [ManualAdjust] 旋转增量 RPY=(0.000, 0.000, 0.100)deg
[13:59:54.081] [info] [ManualAdjust] 当前外参 [lidar_0→cam_0]:
[13:59:54.081] [info]   旋转 RPY: (-89.2449, -2.3504, 0.0844) deg
[13:59:54.081] [info]   平移 XYZ: (0.1230, 0.0399, -0.0577) m
[13:59:54.112] [debug] [ManualAdjust] 旋转增量 RPY=(0.000, 0.000, 0.100)deg
[13:59:54.112] [info] [ManualAdjust] 当前外参 [lidar_0→cam_0]:
[13:59:54.112] [info]   旋转 RPY: (-89.2449, -2.2504, 0.0858) deg
[13:59:54.112] [info]   平移 XYZ: (0.1230, 0.0399, -0.0577) m
[13:59:54.142] [debug] [ManualAdjust] 旋转增量 RPY=(0.000, 0.000, 0.100)deg
[13:59:54.142] [info] [ManualAdjust] 当前外参 [lidar_0→cam_0]:
[13:59:54.142] [info]   旋转 RPY: (-89.2450, -2.1504, 0.0871) deg
[13:59:54.142] [info]   平移 XYZ: (0.1230, 0.0399, -0.0577) m
[13:59:54.172] [debug] [ManualAdjust] 旋转增量 RPY=(0.000, 0.000, 0.100)deg
[13:59:54.172] [info] [ManualAdjust] 当前外参 [lidar_0→cam_0]:
[13:59:54.172] [info]   旋转 RPY: (-89.2450, -2.0504, 0.0884) deg
[13:59:54.172] [info]   平移 XYZ: (0.1230, 0.0399, -0.0577) m
[13:59:54.202] [debug] [ManualAdjust] 旋转增量 RPY=(0.000, 0.000, 0.100)deg
[13:59:54.202] [info] [ManualAdjust] 当前外参 [lidar_0→cam_0]:
[13:59:54.202] [info]   旋转 RPY: (-89.2451, -1.9504, 0.0897) deg
[13:59:54.202] [info]   平移 XYZ: (0.1230, 0.0399, -0.0577) m
[13:59:54.232] [debug] [ManualAdjust] 旋转增量 RPY=(0.000, 0.000, 0.100)deg
[13:59:54.232] [info] [ManualAdjust] 当前外参 [lidar_0→cam_0]:
[13:59:54.232] [info]   旋转 RPY: (-89.2451, -1.8504, 0.0910) deg
[13:59:54.232] [info]   平移 XYZ: (0.1230, 0.0399, -0.0577) m
[13:59:54.262] [debug] [ManualAdjust] 旋转增量 RPY=(0.000, 0.000, 0.100)deg
[13:59:54.262] [info] [ManualAdjust] 当前外参 [lidar_0→cam_0]:
[13:59:54.262] [info]   旋转 RPY: (-89.2452, -1.7505, 0.0923) deg
[13:59:54.262] [info]   平移 XYZ: (0.1230, 0.0399, -0.0577) m
[13:59:54.292] [debug] [ManualAdjust] 旋转增量 RPY=(0.000, 0.000, 0.100)deg
[13:59:54.292] [info] [ManualAdjust] 当前外参 [lidar_0→cam_0]:
[13:59:54.292] [info]   旋转 RPY: (-89.2452, -1.6505, 0.0937) deg
[13:59:54.292] [info]   平移 XYZ: (0.1230, 0.0399, -0.0577) m
[13:59:54.322] [debug] [ManualAdjust] 旋转增量 RPY=(0.000, 0.000, 0.100)deg
[13:59:54.322] [info] [ManualAdjust] 当前外参 [lidar_0→cam_0]:
[13:59:54.322] [info]   旋转 RPY: (-89.2453, -1.5505, 0.0950) deg
[13:59:54.322] [info]   平移 XYZ: (0.1230, 0.0399, -0.0577) m
[13:59:54.352] [debug] [ManualAdjust] 旋转增量 RPY=(0.000, 0.000, 0.100)deg
[13:59:54.352] [info] [ManualAdjust] 当前外参 [lidar_0→cam_0]:
[13:59:54.352] [info]   旋转 RPY: (-89.2453, -1.4505, 0.0963) deg
[13:59:54.352] [info]   平移 XYZ: (0.1230, 0.0399, -0.0577) m
[13:59:54.382] [debug] [ManualAdjust] 旋转增量 RPY=(0.000, 0.000, 0.100)deg
[13:59:54.382] [info] [ManualAdjust] 当前外参 [lidar_0→cam_0]:
[13:59:54.382] [info]   旋转 RPY: (-89.2453, -1.3505, 0.0976) deg
[13:59:54.382] [info]   平移 XYZ: (0.1230, 0.0399, -0.0577) m
[13:59:54.413] [debug] [ManualAdjust] 旋转增量 RPY=(0.000, 0.000, 0.100)deg
[13:59:54.413] [info] [ManualAdjust] 当前外参 [lidar_0→cam_0]:
[13:59:54.413] [info]   旋转 RPY: (-89.2454, -1.2505, 0.0989) deg
[13:59:54.413] [info]   平移 XYZ: (0.1230, 0.0399, -0.0577) m
[13:59:54.443] [debug] [ManualAdjust] 旋转增量 RPY=(0.000, 0.000, 0.100)deg
[13:59:54.443] [info] [ManualAdjust] 当前外参 [lidar_0→cam_0]:
[13:59:54.443] [info]   旋转 RPY: (-89.2454, -1.1505, 0.1003) deg
[13:59:54.443] [info]   平移 XYZ: (0.1230, 0.0399, -0.0577) m
[13:59:54.473] [debug] [ManualAdjust] 旋转增量 RPY=(0.000, 0.000, 0.100)deg
[13:59:54.473] [info] [ManualAdjust] 当前外参 [lidar_0→cam_0]:
[13:59:54.473] [info]   旋转 RPY: (-89.2454, -1.0505, 0.1016) deg
[13:59:54.473] [info]   平移 XYZ: (0.1230, 0.0399, -0.0577) m
[13:59:54.503] [debug] [ManualAdjust] 旋转增量 RPY=(0.000, 0.000, 0.100)deg
[13:59:54.503] [info] [ManualAdjust] 当前外参 [lidar_0→cam_0]:
[13:59:54.503] [info]   旋转 RPY: (-89.2454, -0.9505, 0.1029) deg
[13:59:54.503] [info]   平移 XYZ: (0.1230, 0.0399, -0.0577) m
[13:59:54.533] [debug] [ManualAdjust] 旋转增量 RPY=(0.000, 0.000, 0.100)deg
[13:59:54.533] [info] [ManualAdjust] 当前外参 [lidar_0→cam_0]:
[13:59:54.533] [info]   旋转 RPY: (-89.2454, -0.8505, 0.1042) deg
[13:59:54.533] [info]   平移 XYZ: (0.1230, 0.0399, -0.0577) m
[13:59:54.563] [debug] [ManualAdjust] 旋转增量 RPY=(0.000, 0.000, 0.100)deg
[13:59:54.563] [info] [ManualAdjust] 当前外参 [lidar_0→cam_0]:
[13:59:54.563] [info]   旋转 RPY: (-89.2455, -0.7505, 0.1055) deg
[13:59:54.563] [info]   平移 XYZ: (0.1230, 0.0399, -0.0577) m
[13:59:54.594] [debug] [ManualAdjust] 旋转增量 RPY=(0.000, 0.000, 0.100)deg
[13:59:54.594] [info] [ManualAdjust] 当前外参 [lidar_0→cam_0]:
[13:59:54.594] [info]   旋转 RPY: (-89.2455, -0.6505, 0.1068) deg
[13:59:54.594] [info]   平移 XYZ: (0.1230, 0.0399, -0.0577) m
[13:59:54.623] [debug] [ManualAdjust] 旋转增量 RPY=(0.000, 0.000, 0.100)deg
[13:59:54.623] [info] [ManualAdjust] 当前外参 [lidar_0→cam_0]:
[13:59:54.623] [info]   旋转 RPY: (-89.2455, -0.5506, 0.1082) deg
[13:59:54.623] [info]   平移 XYZ: (0.1230, 0.0399, -0.0577) m
[13:59:54.653] [debug] [ManualAdjust] 旋转增量 RPY=(0.000, 0.000, 0.100)deg
[13:59:54.653] [info] [ManualAdjust] 当前外参 [lidar_0→cam_0]:
[13:59:54.653] [info]   旋转 RPY: (-89.2455, -0.4506, 0.1095) deg
[13:59:54.653] [info]   平移 XYZ: (0.1230, 0.0399, -0.0577) m
[13:59:54.683] [debug] [ManualAdjust] 旋转增量 RPY=(0.000, 0.000, 0.100)deg
[13:59:54.683] [info] [ManualAdjust] 当前外参 [lidar_0→cam_0]:
[13:59:54.683] [info]   旋转 RPY: (-89.2455, -0.3506, 0.1108) deg
[13:59:54.683] [info]   平移 XYZ: (0.1230, 0.0399, -0.0577) m
[13:59:54.713] [debug] [ManualAdjust] 旋转增量 RPY=(0.000, 0.000, 0.100)deg
[13:59:54.713] [info] [ManualAdjust] 当前外参 [lidar_0→cam_0]:
[13:59:54.713] [info]   旋转 RPY: (-89.2455, -0.2506, 0.1121) deg
[13:59:54.713] [info]   平移 XYZ: (0.1230, 0.0399, -0.0577) m
[13:59:54.743] [debug] [ManualAdjust] 旋转增量 RPY=(0.000, 0.000, 0.100)deg
[13:59:54.743] [info] [ManualAdjust] 当前外参 [lidar_0→cam_0]:
[13:59:54.743] [info]   旋转 RPY: (-89.2455, -0.1506, 0.1134) deg
[13:59:54.743] [info]   平移 XYZ: (0.1230, 0.0399, -0.0577) m
[13:59:54.773] [debug] [ManualAdjust] 旋转增量 RPY=(0.000, 0.000, 0.100)deg
[13:59:54.773] [info] [ManualAdjust] 当前外参 [lidar_0→cam_0]:
[13:59:54.773] [info]   旋转 RPY: (-89.2455, -0.0506, 0.1147) deg
[13:59:54.773] [info]   平移 XYZ: (0.1230, 0.0399, -0.0577) m
[13:59:54.804] [debug] [ManualAdjust] 旋转增量 RPY=(0.000, 0.000, 0.100)deg
[13:59:54.804] [info] [ManualAdjust] 当前外参 [lidar_0→cam_0]:
[13:59:54.804] [info]   旋转 RPY: (-89.2455, 0.0494, 0.1161) deg
[13:59:54.804] [info]   平移 XYZ: (0.1230, 0.0399, -0.0577) m
[13:59:54.834] [debug] [ManualAdjust] 旋转增量 RPY=(0.000, 0.000, 0.100)deg
[13:59:54.834] [info] [ManualAdjust] 当前外参 [lidar_0→cam_0]:
[13:59:54.834] [info]   旋转 RPY: (-89.2455, 0.1494, 0.1174) deg
[13:59:54.834] [info]   平移 XYZ: (0.1230, 0.0399, -0.0577) m
[13:59:54.864] [debug] [ManualAdjust] 旋转增量 RPY=(0.000, 0.000, 0.100)deg
[13:59:54.864] [info] [ManualAdjust] 当前外参 [lidar_0→cam_0]:
[13:59:54.864] [info]   旋转 RPY: (-89.2455, 0.2494, 0.1187) deg
[13:59:54.864] [info]   平移 XYZ: (0.1230, 0.0399, -0.0577) m
[13:59:54.894] [debug] [ManualAdjust] 旋转增量 RPY=(0.000, 0.000, 0.100)deg
[13:59:54.894] [info] [ManualAdjust] 当前外参 [lidar_0→cam_0]:
[13:59:54.894] [info]   旋转 RPY: (-89.2455, 0.3494, 0.1200) deg
[13:59:54.894] [info]   平移 XYZ: (0.1230, 0.0399, -0.0577) m
[13:59:54.924] [debug] [ManualAdjust] 旋转增量 RPY=(0.000, 0.000, 0.100)deg
[13:59:54.924] [info] [ManualAdjust] 当前外参 [lidar_0→cam_0]:
[13:59:54.924] [info]   旋转 RPY: (-89.2455, 0.4494, 0.1213) deg
[13:59:54.924] [info]   平移 XYZ: (0.1230, 0.0399, -0.0577) m
[13:59:54.955] [debug] [ManualAdjust] 旋转增量 RPY=(0.000, 0.000, 0.100)deg
[13:59:54.955] [info] [ManualAdjust] 当前外参 [lidar_0→cam_0]:
[13:59:54.955] [info]   旋转 RPY: (-89.2455, 0.5493, 0.1226) deg
[13:59:54.955] [info]   平移 XYZ: (0.1230, 0.0399, -0.0577) m
[13:59:54.985] [debug] [ManualAdjust] 旋转增量 RPY=(0.000, 0.000, 0.100)deg
[13:59:54.985] [info] [ManualAdjust] 当前外参 [lidar_0→cam_0]:
[13:59:54.985] [info]   旋转 RPY: (-89.2455, 0.6493, 0.1240) deg
[13:59:54.985] [info]   平移 XYZ: (0.1230, 0.0399, -0.0577) m
[13:59:55.015] [debug] [ManualAdjust] 旋转增量 RPY=(0.000, 0.000, 0.100)deg
[13:59:55.015] [info] [ManualAdjust] 当前外参 [lidar_0→cam_0]:
[13:59:55.015] [info]   旋转 RPY: (-89.2455, 0.7493, 0.1253) deg
[13:59:55.015] [info]   平移 XYZ: (0.1230, 0.0399, -0.0577) m
[13:59:55.046] [debug] [ManualAdjust] 旋转增量 RPY=(0.000, 0.000, 0.100)deg
[13:59:55.046] [info] [ManualAdjust] 当前外参 [lidar_0→cam_0]:
[13:59:55.046] [info]   旋转 RPY: (-89.2454, 0.8493, 0.1266) deg
[13:59:55.046] [info]   平移 XYZ: (0.1230, 0.0399, -0.0577) m
[13:59:55.077] [debug] [ManualAdjust] 旋转增量 RPY=(0.000, 0.000, 0.100)deg
[13:59:55.077] [info] [ManualAdjust] 当前外参 [lidar_0→cam_0]:
[13:59:55.077] [info]   旋转 RPY: (-89.2454, 0.9493, 0.1279) deg
[13:59:55.077] [info]   平移 XYZ: (0.1230, 0.0399, -0.0577) m
[13:59:55.106] [debug] [ManualAdjust] 旋转增量 RPY=(0.000, 0.000, 0.100)deg
[13:59:55.106] [info] [ManualAdjust] 当前外参 [lidar_0→cam_0]:
[13:59:55.106] [info]   旋转 RPY: (-89.2454, 1.0493, 0.1292) deg
[13:59:55.106] [info]   平移 XYZ: (0.1230, 0.0399, -0.0577) m
[13:59:55.136] [debug] [ManualAdjust] 旋转增量 RPY=(0.000, 0.000, 0.100)deg
[13:59:55.136] [info] [ManualAdjust] 当前外参 [lidar_0→cam_0]:
[13:59:55.136] [info]   旋转 RPY: (-89.2454, 1.1493, 0.1305) deg
[13:59:55.136] [info]   平移 XYZ: (0.1230, 0.0399, -0.0577) m
[13:59:55.166] [debug] [ManualAdjust] 旋转增量 RPY=(0.000, 0.000, 0.100)deg
[13:59:55.166] [info] [ManualAdjust] 当前外参 [lidar_0→cam_0]:
[13:59:55.166] [info]   旋转 RPY: (-89.2454, 1.2493, 0.1319) deg
[13:59:55.166] [info]   平移 XYZ: (0.1230, 0.0399, -0.0577) m
[13:59:55.197] [debug] [ManualAdjust] 旋转增量 RPY=(0.000, 0.000, 0.100)deg
[13:59:55.197] [info] [ManualAdjust] 当前外参 [lidar_0→cam_0]:
[13:59:55.197] [info]   旋转 RPY: (-89.2453, 1.3493, 0.1332) deg
[13:59:55.197] [info]   平移 XYZ: (0.1230, 0.0399, -0.0577) m
[13:59:55.227] [debug] [ManualAdjust] 旋转增量 RPY=(0.000, 0.000, 0.100)deg
[13:59:55.227] [info] [ManualAdjust] 当前外参 [lidar_0→cam_0]:
[13:59:55.227] [info]   旋转 RPY: (-89.2453, 1.4493, 0.1345) deg
[13:59:55.227] [info]   平移 XYZ: (0.1230, 0.0399, -0.0577) m
[13:59:55.257] [debug] [ManualAdjust] 旋转增量 RPY=(0.000, 0.000, 0.100)deg
[13:59:55.257] [info] [ManualAdjust] 当前外参 [lidar_0→cam_0]:
[13:59:55.257] [info]   旋转 RPY: (-89.2453, 1.5493, 0.1358) deg
[13:59:55.257] [info]   平移 XYZ: (0.1230, 0.0399, -0.0577) m
[13:59:55.287] [debug] [ManualAdjust] 旋转增量 RPY=(0.000, 0.000, 0.100)deg
[13:59:55.287] [info] [ManualAdjust] 当前外参 [lidar_0→cam_0]:
[13:59:55.287] [info]   旋转 RPY: (-89.2452, 1.6493, 0.1371) deg
[13:59:55.287] [info]   平移 XYZ: (0.1230, 0.0399, -0.0577) m
[13:59:55.317] [debug] [ManualAdjust] 旋转增量 RPY=(0.000, 0.000, 0.100)deg
[13:59:55.317] [info] [ManualAdjust] 当前外参 [lidar_0→cam_0]:
[13:59:55.317] [info]   旋转 RPY: (-89.2452, 1.7492, 0.1385) deg
[13:59:55.317] [info]   平移 XYZ: (0.1230, 0.0399, -0.0577) m
[13:59:55.347] [debug] [ManualAdjust] 旋转增量 RPY=(0.000, 0.000, 0.100)deg
[13:59:55.347] [info] [ManualAdjust] 当前外参 [lidar_0→cam_0]:
[13:59:55.347] [info]   旋转 RPY: (-89.2451, 1.8492, 0.1398) deg
[13:59:55.347] [info]   平移 XYZ: (0.1230, 0.0399, -0.0577) m
[13:59:55.377] [debug] [ManualAdjust] 旋转增量 RPY=(0.000, 0.000, 0.100)deg
[13:59:55.377] [info] [ManualAdjust] 当前外参 [lidar_0→cam_0]:
[13:59:55.377] [info]   旋转 RPY: (-89.2451, 1.9492, 0.1411) deg
[13:59:55.377] [info]   平移 XYZ: (0.1230, 0.0399, -0.0577) m
[13:59:55.407] [debug] [ManualAdjust] 旋转增量 RPY=(0.000, 0.000, 0.100)deg
[13:59:55.407] [info] [ManualAdjust] 当前外参 [lidar_0→cam_0]:
[13:59:55.407] [info]   旋转 RPY: (-89.2450, 2.0492, 0.1424) deg
[13:59:55.407] [info]   平移 XYZ: (0.1230, 0.0399, -0.0577) m
[13:59:55.438] [debug] [ManualAdjust] 旋转增量 RPY=(0.000, 0.000, 0.100)deg
[13:59:55.438] [info] [ManualAdjust] 当前外参 [lidar_0→cam_0]:
[13:59:55.438] [info]   旋转 RPY: (-89.2450, 2.1492, 0.1437) deg
[13:59:55.438] [info]   平移 XYZ: (0.1230, 0.0399, -0.0577) m
[13:59:55.468] [debug] [ManualAdjust] 旋转增量 RPY=(0.000, 0.000, 0.100)deg
[13:59:55.468] [info] [ManualAdjust] 当前外参 [lidar_0→cam_0]:
[13:59:55.468] [info]   旋转 RPY: (-89.2449, 2.2492, 0.1450) deg
[13:59:55.468] [info]   平移 XYZ: (0.1230, 0.0399, -0.0577) m
[13:59:55.498] [debug] [ManualAdjust] 旋转增量 RPY=(0.000, 0.000, 0.100)deg
[13:59:55.498] [info] [ManualAdjust] 当前外参 [lidar_0→cam_0]:
[13:59:55.498] [info]   旋转 RPY: (-89.2449, 2.3492, 0.1464) deg
[13:59:55.498] [info]   平移 XYZ: (0.1230, 0.0399, -0.0577) m
[13:59:55.528] [debug] [ManualAdjust] 旋转增量 RPY=(0.000, 0.000, 0.100)deg
[13:59:55.528] [info] [ManualAdjust] 当前外参 [lidar_0→cam_0]:
[13:59:55.528] [info]   旋转 RPY: (-89.2448, 2.4492, 0.1477) deg
[13:59:55.528] [info]   平移 XYZ: (0.1230, 0.0399, -0.0577) m
[13:59:55.558] [debug] [ManualAdjust] 旋转增量 RPY=(0.000, 0.000, 0.100)deg
[13:59:55.558] [info] [ManualAdjust] 当前外参 [lidar_0→cam_0]:
[13:59:55.558] [info]   旋转 RPY: (-89.2448, 2.5492, 0.1490) deg
[13:59:55.558] [info]   平移 XYZ: (0.1230, 0.0399, -0.0577) m
[13:59:55.588] [debug] [ManualAdjust] 旋转增量 RPY=(0.000, 0.000, 0.100)deg
[13:59:55.588] [info] [ManualAdjust] 当前外参 [lidar_0→cam_0]:
[13:59:55.588] [info]   旋转 RPY: (-89.2447, 2.6492, 0.1503) deg
[13:59:55.588] [info]   平移 XYZ: (0.1230, 0.0399, -0.0577) m
[13:59:55.617] [debug] [ManualAdjust] 旋转增量 RPY=(0.000, 0.000, 0.100)deg
[13:59:55.618] [info] [ManualAdjust] 当前外参 [lidar_0→cam_0]:
[13:59:55.618] [info]   旋转 RPY: (-89.2447, 2.7492, 0.1516) deg
[13:59:55.618] [info]   平移 XYZ: (0.1230, 0.0399, -0.0577) m
[13:59:55.648] [debug] [ManualAdjust] 旋转增量 RPY=(0.000, 0.000, 0.100)deg
[13:59:55.648] [info] [ManualAdjust] 当前外参 [lidar_0→cam_0]:
[13:59:55.648] [info]   旋转 RPY: (-89.2446, 2.8492, 0.1530) deg
[13:59:55.648] [info]   平移 XYZ: (0.1230, 0.0399, -0.0577) m
[13:59:55.678] [debug] [ManualAdjust] 旋转增量 RPY=(0.000, 0.000, 0.100)deg
[13:59:55.678] [info] [ManualAdjust] 当前外参 [lidar_0→cam_0]:
[13:59:55.678] [info]   旋转 RPY: (-89.2445, 2.9491, 0.1543) deg
[13:59:55.678] [info]   平移 XYZ: (0.1230, 0.0399, -0.0577) m
[13:59:55.708] [debug] [ManualAdjust] 旋转增量 RPY=(0.000, 0.000, 0.100)deg
[13:59:55.708] [info] [ManualAdjust] 当前外参 [lidar_0→cam_0]:
[13:59:55.708] [info]   旋转 RPY: (-89.2445, 3.0491, 0.1556) deg
[13:59:55.708] [info]   平移 XYZ: (0.1230, 0.0399, -0.0577) m
[13:59:55.738] [debug] [ManualAdjust] 旋转增量 RPY=(0.000, 0.000, 0.100)deg
[13:59:55.738] [info] [ManualAdjust] 当前外参 [lidar_0→cam_0]:
[13:59:55.738] [info]   旋转 RPY: (-89.2444, 3.1491, 0.1569) deg
[13:59:55.738] [info]   平移 XYZ: (0.1230, 0.0399, -0.0577) m
[13:59:55.768] [debug] [ManualAdjust] 旋转增量 RPY=(0.000, 0.000, 0.100)deg
[13:59:55.768] [info] [ManualAdjust] 当前外参 [lidar_0→cam_0]:
[13:59:55.768] [info]   旋转 RPY: (-89.2443, 3.2491, 0.1582) deg
[13:59:55.768] [info]   平移 XYZ: (0.1230, 0.0399, -0.0577) m
[13:59:55.798] [debug] [ManualAdjust] 旋转增量 RPY=(0.000, 0.000, 0.100)deg
[13:59:55.798] [info] [ManualAdjust] 当前外参 [lidar_0→cam_0]:
[13:59:55.798] [info]   旋转 RPY: (-89.2442, 3.3491, 0.1596) deg
[13:59:55.798] [info]   平移 XYZ: (0.1230, 0.0399, -0.0577) m
[13:59:55.828] [debug] [ManualAdjust] 旋转增量 RPY=(0.000, 0.000, 0.100)deg
[13:59:55.828] [info] [ManualAdjust] 当前外参 [lidar_0→cam_0]:
[13:59:55.828] [info]   旋转 RPY: (-89.2442, 3.4491, 0.1609) deg
[13:59:55.828] [info]   平移 XYZ: (0.1230, 0.0399, -0.0577) m
[13:59:55.858] [debug] [ManualAdjust] 旋转增量 RPY=(0.000, 0.000, 0.100)deg
[13:59:55.858] [info] [ManualAdjust] 当前外参 [lidar_0→cam_0]:
[13:59:55.858] [info]   旋转 RPY: (-89.2441, 3.5491, 0.1622) deg
[13:59:55.858] [info]   平移 XYZ: (0.1230, 0.0399, -0.0577) m
[13:59:55.888] [debug] [ManualAdjust] 旋转增量 RPY=(0.000, 0.000, 0.100)deg
[13:59:55.888] [info] [ManualAdjust] 当前外参 [lidar_0→cam_0]:
[13:59:55.888] [info]   旋转 RPY: (-89.2440, 3.6491, 0.1635) deg
[13:59:55.888] [info]   平移 XYZ: (0.1230, 0.0399, -0.0577) m
[13:59:55.918] [debug] [ManualAdjust] 旋转增量 RPY=(0.000, 0.000, 0.100)deg
[13:59:55.918] [info] [ManualAdjust] 当前外参 [lidar_0→cam_0]:
[13:59:55.918] [info]   旋转 RPY: (-89.2439, 3.7491, 0.1648) deg
[13:59:55.918] [info]   平移 XYZ: (0.1230, 0.0399, -0.0577) m
[13:59:55.948] [debug] [ManualAdjust] 旋转增量 RPY=(0.000, 0.000, 0.100)deg
[13:59:55.948] [info] [ManualAdjust] 当前外参 [lidar_0→cam_0]:
[13:59:55.948] [info]   旋转 RPY: (-89.2438, 3.8491, 0.1662) deg
[13:59:55.948] [info]   平移 XYZ: (0.1230, 0.0399, -0.0577) m
[13:59:55.978] [debug] [ManualAdjust] 旋转增量 RPY=(0.000, 0.000, 0.100)deg
[13:59:55.978] [info] [ManualAdjust] 当前外参 [lidar_0→cam_0]:
[13:59:55.978] [info]   旋转 RPY: (-89.2437, 3.9491, 0.1675) deg
[13:59:55.978] [info]   平移 XYZ: (0.1230, 0.0399, -0.0577) m
[13:59:56.008] [debug] [ManualAdjust] 旋转增量 RPY=(0.000, 0.000, 0.100)deg
[13:59:56.008] [info] [ManualAdjust] 当前外参 [lidar_0→cam_0]:
[13:59:56.008] [info]   旋转 RPY: (-89.2436, 4.0490, 0.1688) deg
[13:59:56.008] [info]   平移 XYZ: (0.1230, 0.0399, -0.0577) m
[13:59:56.038] [debug] [ManualAdjust] 旋转增量 RPY=(0.000, 0.000, 0.100)deg
[13:59:56.038] [info] [ManualAdjust] 当前外参 [lidar_0→cam_0]:
[13:59:56.038] [info]   旋转 RPY: (-89.2435, 4.1490, 0.1701) deg
[13:59:56.038] [info]   平移 XYZ: (0.1230, 0.0399, -0.0577) m
[13:59:56.068] [debug] [ManualAdjust] 旋转增量 RPY=(0.000, 0.000, 0.100)deg
[13:59:56.068] [info] [ManualAdjust] 当前外参 [lidar_0→cam_0]:
[13:59:56.068] [info]   旋转 RPY: (-89.2435, 4.2490, 0.1715) deg
[13:59:56.068] [info]   平移 XYZ: (0.1230, 0.0399, -0.0577) m
[13:59:56.098] [debug] [ManualAdjust] 旋转增量 RPY=(0.000, 0.000, 0.100)deg
[13:59:56.098] [info] [ManualAdjust] 当前外参 [lidar_0→cam_0]:
[13:59:56.098] [info]   旋转 RPY: (-89.2434, 4.3490, 0.1728) deg
[13:59:56.098] [info]   平移 XYZ: (0.1230, 0.0399, -0.0577) m
[13:59:56.128] [debug] [ManualAdjust] 旋转增量 RPY=(0.000, 0.000, 0.100)deg
[13:59:56.128] [info] [ManualAdjust] 当前外参 [lidar_0→cam_0]:
[13:59:56.128] [info]   旋转 RPY: (-89.2432, 4.4490, 0.1741) deg
[13:59:56.128] [info]   平移 XYZ: (0.1230, 0.0399, -0.0577) m
[13:59:56.159] [debug] [ManualAdjust] 旋转增量 RPY=(0.000, 0.000, 0.100)deg
[13:59:56.159] [info] [ManualAdjust] 当前外参 [lidar_0→cam_0]:
[13:59:56.159] [info]   旋转 RPY: (-89.2431, 4.5490, 0.1754) deg
[13:59:56.159] [info]   平移 XYZ: (0.1230, 0.0399, -0.0577) m
[13:59:56.190] [debug] [ManualAdjust] 旋转增量 RPY=(0.000, 0.000, 0.100)deg
[13:59:56.190] [info] [ManualAdjust] 当前外参 [lidar_0→cam_0]:
[13:59:56.190] [info]   旋转 RPY: (-89.2430, 4.6490, 0.1768) deg
[13:59:56.190] [info]   平移 XYZ: (0.1230, 0.0399, -0.0577) m
[13:59:56.220] [debug] [ManualAdjust] 旋转增量 RPY=(0.000, 0.000, 0.100)deg
[13:59:56.220] [info] [ManualAdjust] 当前外参 [lidar_0→cam_0]:
[13:59:56.220] [info]   旋转 RPY: (-89.2429, 4.7490, 0.1781) deg
[13:59:56.220] [info]   平移 XYZ: (0.1230, 0.0399, -0.0577) m
[13:59:56.250] [debug] [ManualAdjust] 旋转增量 RPY=(0.000, 0.000, 0.100)deg
[13:59:56.250] [info] [ManualAdjust] 当前外参 [lidar_0→cam_0]:
[13:59:56.250] [info]   旋转 RPY: (-89.2428, 4.8490, 0.1794) deg
[13:59:56.250] [info]   平移 XYZ: (0.1230, 0.0399, -0.0577) m
[13:59:56.280] [debug] [ManualAdjust] 旋转增量 RPY=(0.000, 0.000, 0.100)deg
[13:59:56.280] [info] [ManualAdjust] 当前外参 [lidar_0→cam_0]:
[13:59:56.280] [info]   旋转 RPY: (-89.2427, 4.9490, 0.1807) deg
[13:59:56.280] [info]   平移 XYZ: (0.1230, 0.0399, -0.0577) m
[13:59:56.310] [debug] [ManualAdjust] 旋转增量 RPY=(0.000, 0.000, 0.100)deg
[13:59:56.310] [info] [ManualAdjust] 当前外参 [lidar_0→cam_0]:
[13:59:56.310] [info]   旋转 RPY: (-89.2426, 5.0490, 0.1821) deg
[13:59:56.310] [info]   平移 XYZ: (0.1230, 0.0399, -0.0577) m
[13:59:56.340] [debug] [ManualAdjust] 旋转增量 RPY=(0.000, 0.000, 0.100)deg
[13:59:56.340] [info] [ManualAdjust] 当前外参 [lidar_0→cam_0]:
[13:59:56.340] [info]   旋转 RPY: (-89.2425, 5.1489, 0.1834) deg
[13:59:56.340] [info]   平移 XYZ: (0.1230, 0.0399, -0.0577) m
[13:59:56.370] [debug] [ManualAdjust] 旋转增量 RPY=(0.000, 0.000, 0.100)deg
[13:59:56.370] [info] [ManualAdjust] 当前外参 [lidar_0→cam_0]:
[13:59:56.370] [info]   旋转 RPY: (-89.2424, 5.2489, 0.1847) deg
[13:59:56.370] [info]   平移 XYZ: (0.1230, 0.0399, -0.0577) m
[13:59:56.401] [debug] [ManualAdjust] 旋转增量 RPY=(0.000, 0.000, 0.100)deg
[13:59:56.401] [info] [ManualAdjust] 当前外参 [lidar_0→cam_0]:
[13:59:56.401] [info]   旋转 RPY: (-89.2422, 5.3489, 0.1861) deg
[13:59:56.401] [info]   平移 XYZ: (0.1230, 0.0399, -0.0577) m
[13:59:56.431] [debug] [ManualAdjust] 旋转增量 RPY=(0.000, 0.000, 0.100)deg
[13:59:56.431] [info] [ManualAdjust] 当前外参 [lidar_0→cam_0]:
[13:59:56.431] [info]   旋转 RPY: (-89.2421, 5.4489, 0.1874) deg
[13:59:56.431] [info]   平移 XYZ: (0.1230, 0.0399, -0.0577) m
[13:59:56.461] [debug] [ManualAdjust] 旋转增量 RPY=(0.000, 0.000, 0.100)deg
[13:59:56.461] [info] [ManualAdjust] 当前外参 [lidar_0→cam_0]:
[13:59:56.461] [info]   旋转 RPY: (-89.2420, 5.5489, 0.1887) deg
[13:59:56.461] [info]   平移 XYZ: (0.1230, 0.0399, -0.0577) m
[13:59:56.492] [debug] [ManualAdjust] 旋转增量 RPY=(0.000, 0.000, 0.100)deg
[13:59:56.492] [info] [ManualAdjust] 当前外参 [lidar_0→cam_0]:
[13:59:56.492] [info]   旋转 RPY: (-89.2418, 5.6489, 0.1900) deg
[13:59:56.492] [info]   平移 XYZ: (0.1230, 0.0399, -0.0577) m
[13:59:56.522] [debug] [ManualAdjust] 旋转增量 RPY=(0.000, 0.000, 0.100)deg
[13:59:56.522] [info] [ManualAdjust] 当前外参 [lidar_0→cam_0]:
[13:59:56.522] [info]   旋转 RPY: (-89.2417, 5.7489, 0.1914) deg
[13:59:56.522] [info]   平移 XYZ: (0.1230, 0.0399, -0.0577) m
[13:59:56.552] [debug] [ManualAdjust] 旋转增量 RPY=(0.000, 0.000, 0.100)deg
[13:59:56.552] [info] [ManualAdjust] 当前外参 [lidar_0→cam_0]:
[13:59:56.552] [info]   旋转 RPY: (-89.2416, 5.8489, 0.1927) deg
[13:59:56.552] [info]   平移 XYZ: (0.1230, 0.0399, -0.0577) m
[13:59:56.582] [debug] [ManualAdjust] 旋转增量 RPY=(0.000, 0.000, 0.100)deg
[13:59:56.582] [info] [ManualAdjust] 当前外参 [lidar_0→cam_0]:
[13:59:56.582] [info]   旋转 RPY: (-89.2414, 5.9489, 0.1940) deg
[13:59:56.582] [info]   平移 XYZ: (0.1230, 0.0399, -0.0577) m
[13:59:56.612] [debug] [ManualAdjust] 旋转增量 RPY=(0.000, 0.000, 0.100)deg
[13:59:56.612] [info] [ManualAdjust] 当前外参 [lidar_0→cam_0]:
[13:59:56.612] [info]   旋转 RPY: (-89.2413, 6.0489, 0.1954) deg
[13:59:56.612] [info]   平移 XYZ: (0.1230, 0.0399, -0.0577) m
[13:59:56.643] [debug] [ManualAdjust] 旋转增量 RPY=(0.000, 0.000, 0.100)deg
[13:59:56.643] [info] [ManualAdjust] 当前外参 [lidar_0→cam_0]:
[13:59:56.643] [info]   旋转 RPY: (-89.2412, 6.1489, 0.1967) deg
[13:59:56.643] [info]   平移 XYZ: (0.1230, 0.0399, -0.0577) m
[13:59:56.673] [debug] [ManualAdjust] 旋转增量 RPY=(0.000, 0.000, 0.100)deg
[13:59:56.673] [info] [ManualAdjust] 当前外参 [lidar_0→cam_0]:
[13:59:56.673] [info]   旋转 RPY: (-89.2410, 6.2489, 0.1980) deg
[13:59:56.673] [info]   平移 XYZ: (0.1230, 0.0399, -0.0577) m
[13:59:56.703] [debug] [ManualAdjust] 旋转增量 RPY=(0.000, 0.000, 0.100)deg
[13:59:56.703] [info] [ManualAdjust] 当前外参 [lidar_0→cam_0]:
[13:59:56.703] [info]   旋转 RPY: (-89.2409, 6.3488, 0.1994) deg
[13:59:56.703] [info]   平移 XYZ: (0.1230, 0.0399, -0.0577) m
[13:59:56.733] [debug] [ManualAdjust] 旋转增量 RPY=(0.000, 0.000, 0.100)deg
[13:59:56.733] [info] [ManualAdjust] 当前外参 [lidar_0→cam_0]:
[13:59:56.733] [info]   旋转 RPY: (-89.2407, 6.4488, 0.2007) deg
[13:59:56.733] [info]   平移 XYZ: (0.1230, 0.0399, -0.0577) m
[13:59:56.764] [debug] [ManualAdjust] 旋转增量 RPY=(0.000, 0.000, 0.100)deg
[13:59:56.764] [info] [ManualAdjust] 当前外参 [lidar_0→cam_0]:
[13:59:56.764] [info]   旋转 RPY: (-89.2406, 6.5488, 0.2020) deg
[13:59:56.764] [info]   平移 XYZ: (0.1230, 0.0399, -0.0577) m
[13:59:56.793] [debug] [ManualAdjust] 旋转增量 RPY=(0.000, 0.000, 0.100)deg
[13:59:56.793] [info] [ManualAdjust] 当前外参 [lidar_0→cam_0]:
[13:59:56.793] [info]   旋转 RPY: (-89.2404, 6.6488, 0.2034) deg
[13:59:56.793] [info]   平移 XYZ: (0.1230, 0.0399, -0.0577) m
[13:59:56.823] [debug] [ManualAdjust] 旋转增量 RPY=(0.000, 0.000, 0.100)deg
[13:59:56.823] [info] [ManualAdjust] 当前外参 [lidar_0→cam_0]:
[13:59:56.823] [info]   旋转 RPY: (-89.2403, 6.7488, 0.2047) deg
[13:59:56.823] [info]   平移 XYZ: (0.1230, 0.0399, -0.0577) m
[13:59:56.854] [debug] [ManualAdjust] 旋转增量 RPY=(0.000, 0.000, 0.100)deg
[13:59:56.854] [info] [ManualAdjust] 当前外参 [lidar_0→cam_0]:
[13:59:56.854] [info]   旋转 RPY: (-89.2401, 6.8488, 0.2060) deg
[13:59:56.854] [info]   平移 XYZ: (0.1230, 0.0399, -0.0577) m
[13:59:56.884] [debug] [ManualAdjust] 旋转增量 RPY=(0.000, 0.000, 0.100)deg
[13:59:56.884] [info] [ManualAdjust] 当前外参 [lidar_0→cam_0]:
[13:59:56.884] [info]   旋转 RPY: (-89.2399, 6.9488, 0.2074) deg
[13:59:56.884] [info]   平移 XYZ: (0.1230, 0.0399, -0.0577) m
[13:59:56.914] [debug] [ManualAdjust] 旋转增量 RPY=(0.000, 0.000, 0.100)deg
[13:59:56.914] [info] [ManualAdjust] 当前外参 [lidar_0→cam_0]:
[13:59:56.914] [info]   旋转 RPY: (-89.2398, 7.0488, 0.2087) deg
[13:59:56.914] [info]   平移 XYZ: (0.1230, 0.0399, -0.0577) m
[13:59:56.944] [debug] [ManualAdjust] 旋转增量 RPY=(0.000, 0.000, 0.100)deg
[13:59:56.944] [info] [ManualAdjust] 当前外参 [lidar_0→cam_0]:
[13:59:56.944] [info]   旋转 RPY: (-89.2396, 7.1488, 0.2100) deg
[13:59:56.944] [info]   平移 XYZ: (0.1230, 0.0399, -0.0577) m
[13:59:56.975] [debug] [ManualAdjust] 旋转增量 RPY=(0.000, 0.000, 0.100)deg
[13:59:56.975] [info] [ManualAdjust] 当前外参 [lidar_0→cam_0]:
[13:59:56.975] [info]   旋转 RPY: (-89.2395, 7.2488, 0.2114) deg
[13:59:56.975] [info]   平移 XYZ: (0.1230, 0.0399, -0.0577) m
[13:59:57.005] [debug] [ManualAdjust] 旋转增量 RPY=(0.000, 0.000, 0.100)deg
[13:59:57.005] [info] [ManualAdjust] 当前外参 [lidar_0→cam_0]:
[13:59:57.005] [info]   旋转 RPY: (-89.2393, 7.3488, 0.2127) deg
[13:59:57.005] [info]   平移 XYZ: (0.1230, 0.0399, -0.0577) m
[13:59:57.035] [debug] [ManualAdjust] 旋转增量 RPY=(0.000, 0.000, 0.100)deg
[13:59:57.035] [info] [ManualAdjust] 当前外参 [lidar_0→cam_0]:
[13:59:57.035] [info]   旋转 RPY: (-89.2391, 7.4487, 0.2141) deg
[13:59:57.035] [info]   平移 XYZ: (0.1230, 0.0399, -0.0577) m
[13:59:57.065] [debug] [ManualAdjust] 旋转增量 RPY=(0.000, 0.000, 0.100)deg
[13:59:57.065] [info] [ManualAdjust] 当前外参 [lidar_0→cam_0]:
[13:59:57.065] [info]   旋转 RPY: (-89.2389, 7.5487, 0.2154) deg
[13:59:57.065] [info]   平移 XYZ: (0.1230, 0.0399, -0.0577) m
[13:59:57.096] [debug] [ManualAdjust] 旋转增量 RPY=(0.000, 0.000, 0.100)deg
[13:59:57.096] [info] [ManualAdjust] 当前外参 [lidar_0→cam_0]:
[13:59:57.096] [info]   旋转 RPY: (-89.2388, 7.6487, 0.2167) deg
[13:59:57.096] [info]   平移 XYZ: (0.1230, 0.0399, -0.0577) m
[13:59:57.126] [debug] [ManualAdjust] 旋转增量 RPY=(0.000, 0.000, 0.100)deg
[13:59:57.126] [info] [ManualAdjust] 当前外参 [lidar_0→cam_0]:
[13:59:57.126] [info]   旋转 RPY: (-89.2386, 7.7487, 0.2181) deg
[13:59:57.126] [info]   平移 XYZ: (0.1230, 0.0399, -0.0577) m
[13:59:57.157] [debug] [ManualAdjust] 旋转增量 RPY=(0.000, 0.000, 0.100)deg
[13:59:57.157] [info] [ManualAdjust] 当前外参 [lidar_0→cam_0]:
[13:59:57.157] [info]   旋转 RPY: (-89.2384, 7.8487, 0.2194) deg
[13:59:57.157] [info]   平移 XYZ: (0.1230, 0.0399, -0.0577) m
[13:59:57.188] [debug] [ManualAdjust] 旋转增量 RPY=(0.000, 0.000, 0.100)deg
[13:59:57.188] [info] [ManualAdjust] 当前外参 [lidar_0→cam_0]:
[13:59:57.188] [info]   旋转 RPY: (-89.2382, 7.9487, 0.2208) deg
[13:59:57.188] [info]   平移 XYZ: (0.1230, 0.0399, -0.0577) m
[13:59:57.217] [debug] [ManualAdjust] 旋转增量 RPY=(0.000, 0.000, 0.100)deg
[13:59:57.217] [info] [ManualAdjust] 当前外参 [lidar_0→cam_0]:
[13:59:57.217] [info]   旋转 RPY: (-89.2380, 8.0487, 0.2221) deg
[13:59:57.217] [info]   平移 XYZ: (0.1230, 0.0399, -0.0577) m
[13:59:57.248] [debug] [ManualAdjust] 旋转增量 RPY=(0.000, 0.000, 0.100)deg
[13:59:57.248] [info] [ManualAdjust] 当前外参 [lidar_0→cam_0]:
[13:59:57.248] [info]   旋转 RPY: (-89.2378, 8.1487, 0.2234) deg
[13:59:57.248] [info]   平移 XYZ: (0.1230, 0.0399, -0.0577) m
[13:59:57.278] [debug] [ManualAdjust] 旋转增量 RPY=(0.000, 0.000, 0.100)deg
[13:59:57.278] [info] [ManualAdjust] 当前外参 [lidar_0→cam_0]:
[13:59:57.278] [info]   旋转 RPY: (-89.2376, 8.2487, 0.2248) deg
[13:59:57.279] [info]   平移 XYZ: (0.1230, 0.0399, -0.0577) m
[13:59:57.309] [debug] [ManualAdjust] 旋转增量 RPY=(0.000, 0.000, 0.100)deg
[13:59:57.309] [info] [ManualAdjust] 当前外参 [lidar_0→cam_0]:
[13:59:57.309] [info]   旋转 RPY: (-89.2374, 8.3487, 0.2261) deg
[13:59:57.309] [info]   平移 XYZ: (0.1230, 0.0399, -0.0577) m
[13:59:57.339] [debug] [ManualAdjust] 旋转增量 RPY=(0.000, 0.000, 0.100)deg
[13:59:57.339] [info] [ManualAdjust] 当前外参 [lidar_0→cam_0]:
[13:59:57.339] [info]   旋转 RPY: (-89.2373, 8.4487, 0.2275) deg
[13:59:57.339] [info]   平移 XYZ: (0.1230, 0.0399, -0.0577) m
[13:59:57.369] [debug] [ManualAdjust] 旋转增量 RPY=(0.000, 0.000, 0.100)deg
[13:59:57.369] [info] [ManualAdjust] 当前外参 [lidar_0→cam_0]:
[13:59:57.369] [info]   旋转 RPY: (-89.2371, 8.5487, 0.2288) deg
[13:59:57.369] [info]   平移 XYZ: (0.1230, 0.0399, -0.0577) m
[13:59:57.399] [debug] [ManualAdjust] 旋转增量 RPY=(0.000, 0.000, 0.100)deg
[13:59:57.399] [info] [ManualAdjust] 当前外参 [lidar_0→cam_0]:
[13:59:57.399] [info]   旋转 RPY: (-89.2369, 8.6486, 0.2302) deg
[13:59:57.399] [info]   平移 XYZ: (0.1230, 0.0399, -0.0577) m
[13:59:57.429] [debug] [ManualAdjust] 旋转增量 RPY=(0.000, 0.000, 0.100)deg
[13:59:57.429] [info] [ManualAdjust] 当前外参 [lidar_0→cam_0]:
[13:59:57.429] [info]   旋转 RPY: (-89.2366, 8.7486, 0.2315) deg
[13:59:57.429] [info]   平移 XYZ: (0.1230, 0.0399, -0.0577) m
[13:59:57.459] [debug] [ManualAdjust] 旋转增量 RPY=(0.000, 0.000, 0.100)deg
[13:59:57.459] [info] [ManualAdjust] 当前外参 [lidar_0→cam_0]:
[13:59:57.459] [info]   旋转 RPY: (-89.2364, 8.8486, 0.2329) deg
[13:59:57.459] [info]   平移 XYZ: (0.1230, 0.0399, -0.0577) m
[13:59:57.489] [debug] [ManualAdjust] 旋转增量 RPY=(0.000, 0.000, 0.100)deg
[13:59:57.489] [info] [ManualAdjust] 当前外参 [lidar_0→cam_0]:
[13:59:57.489] [info]   旋转 RPY: (-89.2362, 8.9486, 0.2342) deg
[13:59:57.489] [info]   平移 XYZ: (0.1230, 0.0399, -0.0577) m
[13:59:57.519] [debug] [ManualAdjust] 旋转增量 RPY=(0.000, 0.000, 0.100)deg
[13:59:57.519] [info] [ManualAdjust] 当前外参 [lidar_0→cam_0]:
[13:59:57.519] [info]   旋转 RPY: (-89.2360, 9.0486, 0.2356) deg
[13:59:57.519] [info]   平移 XYZ: (0.1230, 0.0399, -0.0577) m
[13:59:57.549] [debug] [ManualAdjust] 旋转增量 RPY=(0.000, 0.000, 0.100)deg
[13:59:57.549] [info] [ManualAdjust] 当前外参 [lidar_0→cam_0]:
[13:59:57.549] [info]   旋转 RPY: (-89.2358, 9.1486, 0.2369) deg
[13:59:57.549] [info]   平移 XYZ: (0.1230, 0.0399, -0.0577) m
[13:59:57.579] [debug] [ManualAdjust] 旋转增量 RPY=(0.000, 0.000, 0.100)deg
[13:59:57.579] [info] [ManualAdjust] 当前外参 [lidar_0→cam_0]:
[13:59:57.579] [info]   旋转 RPY: (-89.2356, 9.2486, 0.2383) deg
[13:59:57.579] [info]   平移 XYZ: (0.1230, 0.0399, -0.0577) m
[13:59:57.610] [debug] [ManualAdjust] 旋转增量 RPY=(0.000, 0.000, 0.100)deg
[13:59:57.610] [info] [ManualAdjust] 当前外参 [lidar_0→cam_0]:
[13:59:57.610] [info]   旋转 RPY: (-89.2354, 9.3486, 0.2396) deg
[13:59:57.610] [info]   平移 XYZ: (0.1230, 0.0399, -0.0577) m
[13:59:57.640] [debug] [ManualAdjust] 旋转增量 RPY=(0.000, 0.000, 0.100)deg
[13:59:57.640] [info] [ManualAdjust] 当前外参 [lidar_0→cam_0]:
[13:59:57.640] [info]   旋转 RPY: (-89.2352, 9.4486, 0.2410) deg
[13:59:57.640] [info]   平移 XYZ: (0.1230, 0.0399, -0.0577) m
[13:59:57.671] [debug] [ManualAdjust] 旋转增量 RPY=(0.000, 0.000, 0.100)deg
[13:59:57.671] [info] [ManualAdjust] 当前外参 [lidar_0→cam_0]:
[13:59:57.671] [info]   旋转 RPY: (-89.2349, 9.5486, 0.2423) deg
[13:59:57.671] [info]   平移 XYZ: (0.1230, 0.0399, -0.0577) m
[13:59:57.701] [debug] [ManualAdjust] 旋转增量 RPY=(0.000, 0.000, 0.100)deg
[13:59:57.701] [info] [ManualAdjust] 当前外参 [lidar_0→cam_0]:
[13:59:57.701] [info]   旋转 RPY: (-89.2347, 9.6486, 0.2437) deg
[13:59:57.701] [info]   平移 XYZ: (0.1230, 0.0399, -0.0577) m
[13:59:57.731] [debug] [ManualAdjust] 旋转增量 RPY=(0.000, 0.000, 0.100)deg
[13:59:57.731] [info] [ManualAdjust] 当前外参 [lidar_0→cam_0]:
[13:59:57.731] [info]   旋转 RPY: (-89.2345, 9.7485, 0.2450) deg
[13:59:57.731] [info]   平移 XYZ: (0.1230, 0.0399, -0.0577) m
[13:59:57.761] [debug] [ManualAdjust] 旋转增量 RPY=(0.000, 0.000, 0.100)deg
[13:59:57.761] [info] [ManualAdjust] 当前外参 [lidar_0→cam_0]:
[13:59:57.761] [info]   旋转 RPY: (-89.2342, 9.8485, 0.2464) deg
[13:59:57.761] [info]   平移 XYZ: (0.1230, 0.0399, -0.0577) m
[13:59:57.791] [debug] [ManualAdjust] 旋转增量 RPY=(0.000, 0.000, 0.100)deg
[13:59:57.791] [info] [ManualAdjust] 当前外参 [lidar_0→cam_0]:
[13:59:57.791] [info]   旋转 RPY: (-89.2340, 9.9485, 0.2478) deg
[13:59:57.791] [info]   平移 XYZ: (0.1230, 0.0399, -0.0577) m
[13:59:57.821] [debug] [ManualAdjust] 旋转增量 RPY=(0.000, 0.000, 0.100)deg
[13:59:57.821] [info] [ManualAdjust] 当前外参 [lidar_0→cam_0]:
[13:59:57.821] [info]   旋转 RPY: (-89.2338, 10.0485, 0.2491) deg
[13:59:57.821] [info]   平移 XYZ: (0.1230, 0.0399, -0.0577) m
[13:59:57.851] [debug] [ManualAdjust] 旋转增量 RPY=(0.000, 0.000, 0.100)deg
[13:59:57.851] [info] [ManualAdjust] 当前外参 [lidar_0→cam_0]:
[13:59:57.851] [info]   旋转 RPY: (-89.2335, 10.1485, 0.2505) deg
[13:59:57.851] [info]   平移 XYZ: (0.1230, 0.0399, -0.0577) m
[13:59:57.881] [debug] [ManualAdjust] 旋转增量 RPY=(0.000, 0.000, 0.100)deg
[13:59:57.881] [info] [ManualAdjust] 当前外参 [lidar_0→cam_0]:
[13:59:57.881] [info]   旋转 RPY: (-89.2333, 10.2485, 0.2518) deg
[13:59:57.881] [info]   平移 XYZ: (0.1230, 0.0399, -0.0577) m
[13:59:57.911] [debug] [ManualAdjust] 旋转增量 RPY=(0.000, 0.000, 0.100)deg
[13:59:57.911] [info] [ManualAdjust] 当前外参 [lidar_0→cam_0]:
[13:59:57.911] [info]   旋转 RPY: (-89.2331, 10.3485, 0.2532) deg
[13:59:57.911] [info]   平移 XYZ: (0.1230, 0.0399, -0.0577) m
[13:59:57.941] [debug] [ManualAdjust] 旋转增量 RPY=(0.000, 0.000, 0.100)deg
[13:59:57.941] [info] [ManualAdjust] 当前外参 [lidar_0→cam_0]:
[13:59:57.941] [info]   旋转 RPY: (-89.2328, 10.4485, 0.2545) deg
[13:59:57.941] [info]   平移 XYZ: (0.1230, 0.0399, -0.0577) m
[13:59:57.972] [debug] [ManualAdjust] 旋转增量 RPY=(0.000, 0.000, 0.100)deg
[13:59:57.972] [info] [ManualAdjust] 当前外参 [lidar_0→cam_0]:
[13:59:57.972] [info]   旋转 RPY: (-89.2326, 10.5485, 0.2559) deg
[13:59:57.972] [info]   平移 XYZ: (0.1230, 0.0399, -0.0577) m
[13:59:58.001] [debug] [ManualAdjust] 旋转增量 RPY=(0.000, 0.000, 0.100)deg
[13:59:58.001] [info] [ManualAdjust] 当前外参 [lidar_0→cam_0]:
[13:59:58.001] [info]   旋转 RPY: (-89.2323, 10.6485, 0.2573) deg
[13:59:58.001] [info]   平移 XYZ: (0.1230, 0.0399, -0.0577) m
[13:59:58.031] [debug] [ManualAdjust] 旋转增量 RPY=(0.000, 0.000, 0.100)deg
[13:59:58.031] [info] [ManualAdjust] 当前外参 [lidar_0→cam_0]:
[13:59:58.031] [info]   旋转 RPY: (-89.2321, 10.7485, 0.2586) deg
[13:59:58.031] [info]   平移 XYZ: (0.1230, 0.0399, -0.0577) m
[13:59:58.061] [debug] [ManualAdjust] 旋转增量 RPY=(0.000, 0.000, 0.100)deg
[13:59:58.061] [info] [ManualAdjust] 当前外参 [lidar_0→cam_0]:
[13:59:58.061] [info]   旋转 RPY: (-89.2318, 10.8484, 0.2600) deg
[13:59:58.061] [info]   平移 XYZ: (0.1230, 0.0399, -0.0577) m
[13:59:58.091] [debug] [ManualAdjust] 旋转增量 RPY=(0.000, 0.000, 0.100)deg
[13:59:58.091] [info] [ManualAdjust] 当前外参 [lidar_0→cam_0]:
[13:59:58.091] [info]   旋转 RPY: (-89.2315, 10.9484, 0.2614) deg
[13:59:58.092] [info]   平移 XYZ: (0.1230, 0.0399, -0.0577) m
[13:59:58.121] [debug] [ManualAdjust] 旋转增量 RPY=(0.000, 0.000, 0.100)deg
[13:59:58.121] [info] [ManualAdjust] 当前外参 [lidar_0→cam_0]:
[13:59:58.121] [info]   旋转 RPY: (-89.2313, 11.0484, 0.2627) deg
[13:59:58.121] [info]   平移 XYZ: (0.1230, 0.0399, -0.0577) m
[13:59:58.151] [debug] [ManualAdjust] 旋转增量 RPY=(0.000, 0.000, 0.100)deg
[13:59:58.151] [info] [ManualAdjust] 当前外参 [lidar_0→cam_0]:
[13:59:58.151] [info]   旋转 RPY: (-89.2310, 11.1484, 0.2641) deg
[13:59:58.151] [info]   平移 XYZ: (0.1230, 0.0399, -0.0577) m
[13:59:58.181] [debug] [ManualAdjust] 旋转增量 RPY=(0.000, 0.000, 0.100)deg
[13:59:58.181] [info] [ManualAdjust] 当前外参 [lidar_0→cam_0]:
[13:59:58.181] [info]   旋转 RPY: (-89.2308, 11.2484, 0.2655) deg
[13:59:58.181] [info]   平移 XYZ: (0.1230, 0.0399, -0.0577) m
[13:59:58.211] [debug] [ManualAdjust] 旋转增量 RPY=(0.000, 0.000, 0.100)deg
[13:59:58.211] [info] [ManualAdjust] 当前外参 [lidar_0→cam_0]:
[13:59:58.212] [info]   旋转 RPY: (-89.2305, 11.3484, 0.2668) deg
[13:59:58.212] [info]   平移 XYZ: (0.1230, 0.0399, -0.0577) m
[13:59:58.242] [debug] [ManualAdjust] 旋转增量 RPY=(0.000, 0.000, 0.100)deg
[13:59:58.242] [info] [ManualAdjust] 当前外参 [lidar_0→cam_0]:
[13:59:58.242] [info]   旋转 RPY: (-89.2302, 11.4484, 0.2682) deg
[13:59:58.242] [info]   平移 XYZ: (0.1230, 0.0399, -0.0577) m
[13:59:58.271] [debug] [ManualAdjust] 旋转增量 RPY=(0.000, 0.000, 0.100)deg
[13:59:58.271] [info] [ManualAdjust] 当前外参 [lidar_0→cam_0]:
[13:59:58.271] [info]   旋转 RPY: (-89.2299, 11.5484, 0.2696) deg
[13:59:58.271] [info]   平移 XYZ: (0.1230, 0.0399, -0.0577) m
[13:59:58.301] [debug] [ManualAdjust] 旋转增量 RPY=(0.000, 0.000, 0.100)deg
[13:59:58.301] [info] [ManualAdjust] 当前外参 [lidar_0→cam_0]:
[13:59:58.301] [info]   旋转 RPY: (-89.2297, 11.6484, 0.2710) deg
[13:59:58.301] [info]   平移 XYZ: (0.1230, 0.0399, -0.0577) m
[13:59:58.331] [debug] [ManualAdjust] 旋转增量 RPY=(0.000, 0.000, 0.100)deg
[13:59:58.331] [info] [ManualAdjust] 当前外参 [lidar_0→cam_0]:
[13:59:58.331] [info]   旋转 RPY: (-89.2294, 11.7484, 0.2723) deg
[13:59:58.331] [info]   平移 XYZ: (0.1230, 0.0399, -0.0577) m
[13:59:58.361] [debug] [ManualAdjust] 旋转增量 RPY=(0.000, 0.000, 0.100)deg
[13:59:58.361] [info] [ManualAdjust] 当前外参 [lidar_0→cam_0]:
[13:59:58.361] [info]   旋转 RPY: (-89.2291, 11.8484, 0.2737) deg
[13:59:58.361] [info]   平移 XYZ: (0.1230, 0.0399, -0.0577) m
[13:59:58.391] [debug] [ManualAdjust] 旋转增量 RPY=(0.000, 0.000, 0.100)deg
[13:59:58.391] [info] [ManualAdjust] 当前外参 [lidar_0→cam_0]:
[13:59:58.391] [info]   旋转 RPY: (-89.2288, 11.9483, 0.2751) deg
[13:59:58.391] [info]   平移 XYZ: (0.1230, 0.0399, -0.0577) m
[13:59:58.421] [debug] [ManualAdjust] 旋转增量 RPY=(0.000, 0.000, 0.100)deg
[13:59:58.421] [info] [ManualAdjust] 当前外参 [lidar_0→cam_0]:
[13:59:58.421] [info]   旋转 RPY: (-89.2285, 12.0483, 0.2765) deg
[13:59:58.421] [info]   平移 XYZ: (0.1230, 0.0399, -0.0577) m
[13:59:58.451] [debug] [ManualAdjust] 旋转增量 RPY=(0.000, 0.000, 0.100)deg
[13:59:58.451] [info] [ManualAdjust] 当前外参 [lidar_0→cam_0]:
[13:59:58.451] [info]   旋转 RPY: (-89.2282, 12.1483, 0.2778) deg
[13:59:58.451] [info]   平移 XYZ: (0.1230, 0.0399, -0.0577) m
[13:59:58.481] [debug] [ManualAdjust] 旋转增量 RPY=(0.000, 0.000, 0.100)deg
[13:59:58.481] [info] [ManualAdjust] 当前外参 [lidar_0→cam_0]:
[13:59:58.481] [info]   旋转 RPY: (-89.2280, 12.2483, 0.2792) deg
[13:59:58.481] [info]   平移 XYZ: (0.1230, 0.0399, -0.0577) m
[13:59:58.511] [debug] [ManualAdjust] 旋转增量 RPY=(0.000, 0.000, 0.100)deg
[13:59:58.511] [info] [ManualAdjust] 当前外参 [lidar_0→cam_0]:
[13:59:58.511] [info]   旋转 RPY: (-89.2277, 12.3483, 0.2806) deg
[13:59:58.511] [info]   平移 XYZ: (0.1230, 0.0399, -0.0577) m
[13:59:58.541] [debug] [ManualAdjust] 旋转增量 RPY=(0.000, 0.000, 0.100)deg
[13:59:58.541] [info] [ManualAdjust] 当前外参 [lidar_0→cam_0]:
[13:59:58.541] [info]   旋转 RPY: (-89.2274, 12.4483, 0.2820) deg
[13:59:58.541] [info]   平移 XYZ: (0.1230, 0.0399, -0.0577) m
[13:59:58.571] [debug] [ManualAdjust] 旋转增量 RPY=(0.000, 0.000, 0.100)deg
[13:59:58.571] [info] [ManualAdjust] 当前外参 [lidar_0→cam_0]:
[13:59:58.571] [info]   旋转 RPY: (-89.2271, 12.5483, 0.2833) deg
[13:59:58.571] [info]   平移 XYZ: (0.1230, 0.0399, -0.0577) m
[13:59:58.601] [debug] [ManualAdjust] 旋转增量 RPY=(0.000, 0.000, 0.100)deg
[13:59:58.601] [info] [ManualAdjust] 当前外参 [lidar_0→cam_0]:
[13:59:58.601] [info]   旋转 RPY: (-89.2268, 12.6483, 0.2847) deg
[13:59:58.601] [info]   平移 XYZ: (0.1230, 0.0399, -0.0577) m
[13:59:58.631] [debug] [ManualAdjust] 旋转增量 RPY=(0.000, 0.000, 0.100)deg
[13:59:58.631] [info] [ManualAdjust] 当前外参 [lidar_0→cam_0]:
[13:59:58.631] [info]   旋转 RPY: (-89.2265, 12.7483, 0.2861) deg
[13:59:58.631] [info]   平移 XYZ: (0.1230, 0.0399, -0.0577) m
[13:59:58.661] [debug] [ManualAdjust] 旋转增量 RPY=(0.000, 0.000, 0.100)deg
[13:59:58.661] [info] [ManualAdjust] 当前外参 [lidar_0→cam_0]:
[13:59:58.661] [info]   旋转 RPY: (-89.2262, 12.8483, 0.2875) deg
[13:59:58.662] [info]   平移 XYZ: (0.1230, 0.0399, -0.0577) m
[13:59:58.691] [debug] [ManualAdjust] 旋转增量 RPY=(0.000, 0.000, 0.100)deg
[13:59:58.691] [info] [ManualAdjust] 当前外参 [lidar_0→cam_0]:
[13:59:58.691] [info]   旋转 RPY: (-89.2258, 12.9483, 0.2889) deg
[13:59:58.691] [info]   平移 XYZ: (0.1230, 0.0399, -0.0577) m
[13:59:58.721] [debug] [ManualAdjust] 旋转增量 RPY=(0.000, 0.000, 0.100)deg
[13:59:58.721] [info] [ManualAdjust] 当前外参 [lidar_0→cam_0]:
[13:59:58.721] [info]   旋转 RPY: (-89.2255, 13.0482, 0.2903) deg
[13:59:58.721] [info]   平移 XYZ: (0.1230, 0.0399, -0.0577) m
[13:59:58.751] [debug] [ManualAdjust] 旋转增量 RPY=(0.000, 0.000, 0.100)deg
[13:59:58.751] [info] [ManualAdjust] 当前外参 [lidar_0→cam_0]:
[13:59:58.751] [info]   旋转 RPY: (-89.2252, 13.1482, 0.2917) deg
[13:59:58.751] [info]   平移 XYZ: (0.1230, 0.0399, -0.0577) m
[13:59:58.781] [debug] [ManualAdjust] 旋转增量 RPY=(0.000, 0.000, 0.100)deg
[13:59:58.781] [info] [ManualAdjust] 当前外参 [lidar_0→cam_0]:
[13:59:58.781] [info]   旋转 RPY: (-89.2249, 13.2482, 0.2930) deg
[13:59:58.781] [info]   平移 XYZ: (0.1230, 0.0399, -0.0577) m
[13:59:58.811] [debug] [ManualAdjust] 旋转增量 RPY=(0.000, 0.000, 0.100)deg
[13:59:58.812] [info] [ManualAdjust] 当前外参 [lidar_0→cam_0]:
[13:59:58.812] [info]   旋转 RPY: (-89.2246, 13.3482, 0.2944) deg
[13:59:58.812] [info]   平移 XYZ: (0.1230, 0.0399, -0.0577) m
[13:59:58.841] [debug] [ManualAdjust] 旋转增量 RPY=(0.000, 0.000, 0.100)deg
[13:59:58.841] [info] [ManualAdjust] 当前外参 [lidar_0→cam_0]:
[13:59:58.841] [info]   旋转 RPY: (-89.2243, 13.4482, 0.2958) deg
[13:59:58.841] [info]   平移 XYZ: (0.1230, 0.0399, -0.0577) m
[13:59:58.872] [debug] [ManualAdjust] 旋转增量 RPY=(0.000, 0.000, 0.100)deg
[13:59:58.872] [info] [ManualAdjust] 当前外参 [lidar_0→cam_0]:
[13:59:58.872] [info]   旋转 RPY: (-89.2239, 13.5482, 0.2972) deg
[13:59:58.872] [info]   平移 XYZ: (0.1230, 0.0399, -0.0577) m
[13:59:58.902] [debug] [ManualAdjust] 旋转增量 RPY=(0.000, 0.000, 0.100)deg
[13:59:58.902] [info] [ManualAdjust] 当前外参 [lidar_0→cam_0]:
[13:59:58.902] [info]   旋转 RPY: (-89.2236, 13.6482, 0.2986) deg
[13:59:58.902] [info]   平移 XYZ: (0.1230, 0.0399, -0.0577) m
[13:59:58.932] [debug] [ManualAdjust] 旋转增量 RPY=(0.000, 0.000, 0.100)deg
[13:59:58.932] [info] [ManualAdjust] 当前外参 [lidar_0→cam_0]:
[13:59:58.932] [info]   旋转 RPY: (-89.2233, 13.7482, 0.3000) deg
[13:59:58.932] [info]   平移 XYZ: (0.1230, 0.0399, -0.0577) m
[13:59:58.962] [debug] [ManualAdjust] 旋转增量 RPY=(0.000, 0.000, 0.100)deg
[13:59:58.962] [info] [ManualAdjust] 当前外参 [lidar_0→cam_0]:
[13:59:58.962] [info]   旋转 RPY: (-89.2229, 13.8482, 0.3014) deg
[13:59:58.962] [info]   平移 XYZ: (0.1230, 0.0399, -0.0577) m
[13:59:58.992] [debug] [ManualAdjust] 旋转增量 RPY=(0.000, 0.000, 0.100)deg
[13:59:58.992] [info] [ManualAdjust] 当前外参 [lidar_0→cam_0]:
[13:59:58.992] [info]   旋转 RPY: (-89.2226, 13.9482, 0.3028) deg
[13:59:58.992] [info]   平移 XYZ: (0.1230, 0.0399, -0.0577) m
[13:59:59.023] [debug] [ManualAdjust] 旋转增量 RPY=(0.000, 0.000, 0.100)deg
[13:59:59.023] [info] [ManualAdjust] 当前外参 [lidar_0→cam_0]:
[13:59:59.023] [info]   旋转 RPY: (-89.2223, 14.0482, 0.3042) deg
[13:59:59.023] [info]   平移 XYZ: (0.1230, 0.0399, -0.0577) m
[13:59:59.054] [debug] [ManualAdjust] 旋转增量 RPY=(0.000, 0.000, 0.100)deg
[13:59:59.054] [info] [ManualAdjust] 当前外参 [lidar_0→cam_0]:
[13:59:59.054] [info]   旋转 RPY: (-89.2219, 14.1481, 0.3056) deg
[13:59:59.054] [info]   平移 XYZ: (0.1230, 0.0399, -0.0577) m
[13:59:59.084] [debug] [ManualAdjust] 旋转增量 RPY=(0.000, 0.000, 0.100)deg
[13:59:59.084] [info] [ManualAdjust] 当前外参 [lidar_0→cam_0]:
[13:59:59.084] [info]   旋转 RPY: (-89.2216, 14.2481, 0.3070) deg
[13:59:59.084] [info]   平移 XYZ: (0.1230, 0.0399, -0.0577) m
[13:59:59.114] [debug] [ManualAdjust] 旋转增量 RPY=(0.000, 0.000, 0.100)deg
[13:59:59.114] [info] [ManualAdjust] 当前外参 [lidar_0→cam_0]:
[13:59:59.114] [info]   旋转 RPY: (-89.2212, 14.3481, 0.3084) deg
[13:59:59.114] [info]   平移 XYZ: (0.1230, 0.0399, -0.0577) m
[13:59:59.144] [debug] [ManualAdjust] 旋转增量 RPY=(0.000, 0.000, 0.100)deg
[13:59:59.144] [info] [ManualAdjust] 当前外参 [lidar_0→cam_0]:
[13:59:59.144] [info]   旋转 RPY: (-89.2209, 14.4481, 0.3098) deg
[13:59:59.144] [info]   平移 XYZ: (0.1230, 0.0399, -0.0577) m
[13:59:59.174] [debug] [ManualAdjust] 旋转增量 RPY=(0.000, 0.000, 0.100)deg
[13:59:59.174] [info] [ManualAdjust] 当前外参 [lidar_0→cam_0]:
[13:59:59.174] [info]   旋转 RPY: (-89.2205, 14.5481, 0.3112) deg
[13:59:59.174] [info]   平移 XYZ: (0.1230, 0.0399, -0.0577) m
[13:59:59.205] [debug] [ManualAdjust] 旋转增量 RPY=(0.000, 0.000, 0.100)deg
[13:59:59.205] [info] [ManualAdjust] 当前外参 [lidar_0→cam_0]:
[13:59:59.205] [info]   旋转 RPY: (-89.2202, 14.6481, 0.3126) deg
[13:59:59.205] [info]   平移 XYZ: (0.1230, 0.0399, -0.0577) m
[13:59:59.235] [debug] [ManualAdjust] 旋转增量 RPY=(0.000, 0.000, 0.100)deg
[13:59:59.235] [info] [ManualAdjust] 当前外参 [lidar_0→cam_0]:
[13:59:59.235] [info]   旋转 RPY: (-89.2198, 14.7481, 0.3140) deg
[13:59:59.235] [info]   平移 XYZ: (0.1230, 0.0399, -0.0577) m
[13:59:59.265] [debug] [ManualAdjust] 旋转增量 RPY=(0.000, 0.000, 0.100)deg
[13:59:59.265] [info] [ManualAdjust] 当前外参 [lidar_0→cam_0]:
[13:59:59.265] [info]   旋转 RPY: (-89.2195, 14.8481, 0.3154) deg
[13:59:59.265] [info]   平移 XYZ: (0.1230, 0.0399, -0.0577) m
[13:59:59.296] [debug] [ManualAdjust] 旋转增量 RPY=(0.000, 0.000, 0.100)deg
[13:59:59.296] [info] [ManualAdjust] 当前外参 [lidar_0→cam_0]:
[13:59:59.296] [info]   旋转 RPY: (-89.2191, 14.9481, 0.3168) deg
[13:59:59.296] [info]   平移 XYZ: (0.1230, 0.0399, -0.0577) m
[13:59:59.326] [debug] [ManualAdjust] 旋转增量 RPY=(0.000, 0.000, 0.100)deg
[13:59:59.326] [info] [ManualAdjust] 当前外参 [lidar_0→cam_0]:
[13:59:59.326] [info]   旋转 RPY: (-89.2187, 15.0481, 0.3183) deg
[13:59:59.326] [info]   平移 XYZ: (0.1230, 0.0399, -0.0577) m
[13:59:59.356] [debug] [ManualAdjust] 旋转增量 RPY=(0.000, 0.000, 0.100)deg
[13:59:59.356] [info] [ManualAdjust] 当前外参 [lidar_0→cam_0]:
[13:59:59.356] [info]   旋转 RPY: (-89.2184, 15.1481, 0.3197) deg
[13:59:59.357] [info]   平移 XYZ: (0.1230, 0.0399, -0.0577) m
[13:59:59.386] [debug] [ManualAdjust] 旋转增量 RPY=(0.000, 0.000, 0.100)deg
[13:59:59.386] [info] [ManualAdjust] 当前外参 [lidar_0→cam_0]:
[13:59:59.386] [info]   旋转 RPY: (-89.2180, 15.2480, 0.3211) deg
[13:59:59.386] [info]   平移 XYZ: (0.1230, 0.0399, -0.0577) m
[13:59:59.416] [debug] [ManualAdjust] 旋转增量 RPY=(0.000, 0.000, 0.100)deg
[13:59:59.416] [info] [ManualAdjust] 当前外参 [lidar_0→cam_0]:
[13:59:59.416] [info]   旋转 RPY: (-89.2176, 15.3480, 0.3225) deg
[13:59:59.416] [info]   平移 XYZ: (0.1230, 0.0399, -0.0577) m
[13:59:59.447] [debug] [ManualAdjust] 旋转增量 RPY=(0.000, 0.000, 0.100)deg
[13:59:59.447] [info] [ManualAdjust] 当前外参 [lidar_0→cam_0]:
[13:59:59.447] [info]   旋转 RPY: (-89.2172, 15.4480, 0.3239) deg
[13:59:59.447] [info]   平移 XYZ: (0.1230, 0.0399, -0.0577) m
[13:59:59.477] [debug] [ManualAdjust] 旋转增量 RPY=(0.000, 0.000, 0.100)deg
[13:59:59.477] [info] [ManualAdjust] 当前外参 [lidar_0→cam_0]:
[13:59:59.477] [info]   旋转 RPY: (-89.2169, 15.5480, 0.3253) deg
[13:59:59.477] [info]   平移 XYZ: (0.1230, 0.0399, -0.0577) m
[13:59:59.508] [debug] [ManualAdjust] 旋转增量 RPY=(0.000, 0.000, 0.100)deg
[13:59:59.508] [info] [ManualAdjust] 当前外参 [lidar_0→cam_0]:
[13:59:59.508] [info]   旋转 RPY: (-89.2165, 15.6480, 0.3268) deg
[13:59:59.508] [info]   平移 XYZ: (0.1230, 0.0399, -0.0577) m
[13:59:59.538] [debug] [ManualAdjust] 旋转增量 RPY=(0.000, 0.000, 0.100)deg
[13:59:59.538] [info] [ManualAdjust] 当前外参 [lidar_0→cam_0]:
[13:59:59.538] [info]   旋转 RPY: (-89.2161, 15.7480, 0.3282) deg
[13:59:59.538] [info]   平移 XYZ: (0.1230, 0.0399, -0.0577) m
[13:59:59.568] [debug] [ManualAdjust] 旋转增量 RPY=(0.000, 0.000, 0.100)deg
[13:59:59.568] [info] [ManualAdjust] 当前外参 [lidar_0→cam_0]:
[13:59:59.568] [info]   旋转 RPY: (-89.2157, 15.8480, 0.3296) deg
[13:59:59.568] [info]   平移 XYZ: (0.1230, 0.0399, -0.0577) m
[13:59:59.598] [debug] [ManualAdjust] 旋转增量 RPY=(0.000, 0.000, 0.100)deg
[13:59:59.598] [info] [ManualAdjust] 当前外参 [lidar_0→cam_0]:
[13:59:59.598] [info]   旋转 RPY: (-89.2153, 15.9480, 0.3310) deg
[13:59:59.598] [info]   平移 XYZ: (0.1230, 0.0399, -0.0577) m
[13:59:59.628] [debug] [ManualAdjust] 旋转增量 RPY=(0.000, 0.000, 0.100)deg
[13:59:59.628] [info] [ManualAdjust] 当前外参 [lidar_0→cam_0]:
[13:59:59.628] [info]   旋转 RPY: (-89.2149, 16.0480, 0.3324) deg
[13:59:59.628] [info]   平移 XYZ: (0.1230, 0.0399, -0.0577) m
[13:59:59.659] [debug] [ManualAdjust] 旋转增量 RPY=(0.000, 0.000, 0.100)deg
[13:59:59.659] [info] [ManualAdjust] 当前外参 [lidar_0→cam_0]:
[13:59:59.659] [info]   旋转 RPY: (-89.2145, 16.1480, 0.3339) deg
[13:59:59.659] [info]   平移 XYZ: (0.1230, 0.0399, -0.0577) m
[13:59:59.689] [debug] [ManualAdjust] 旋转增量 RPY=(0.000, 0.000, 0.100)deg
[13:59:59.690] [info] [ManualAdjust] 当前外参 [lidar_0→cam_0]:
[13:59:59.690] [info]   旋转 RPY: (-89.2141, 16.2479, 0.3353) deg
[13:59:59.690] [info]   平移 XYZ: (0.1230, 0.0399, -0.0577) m
[13:59:59.720] [debug] [ManualAdjust] 旋转增量 RPY=(0.000, 0.000, 0.100)deg
[13:59:59.720] [info] [ManualAdjust] 当前外参 [lidar_0→cam_0]:
[13:59:59.720] [info]   旋转 RPY: (-89.2137, 16.3479, 0.3367) deg
[13:59:59.720] [info]   平移 XYZ: (0.1230, 0.0399, -0.0577) m
[13:59:59.750] [debug] [ManualAdjust] 旋转增量 RPY=(0.000, 0.000, 0.100)deg
[13:59:59.750] [info] [ManualAdjust] 当前外参 [lidar_0→cam_0]:
[13:59:59.750] [info]   旋转 RPY: (-89.2133, 16.4479, 0.3382) deg
[13:59:59.750] [info]   平移 XYZ: (0.1230, 0.0399, -0.0577) m
[13:59:59.780] [debug] [ManualAdjust] 旋转增量 RPY=(0.000, 0.000, 0.100)deg
[13:59:59.780] [info] [ManualAdjust] 当前外参 [lidar_0→cam_0]:
[13:59:59.780] [info]   旋转 RPY: (-89.2129, 16.5479, 0.3396) deg
[13:59:59.780] [info]   平移 XYZ: (0.1230, 0.0399, -0.0577) m
[13:59:59.810] [debug] [ManualAdjust] 旋转增量 RPY=(0.000, 0.000, 0.100)deg
[13:59:59.810] [info] [ManualAdjust] 当前外参 [lidar_0→cam_0]:
[13:59:59.810] [info]   旋转 RPY: (-89.2125, 16.6479, 0.3410) deg
[13:59:59.810] [info]   平移 XYZ: (0.1230, 0.0399, -0.0577) m
[13:59:59.840] [debug] [ManualAdjust] 旋转增量 RPY=(0.000, 0.000, 0.100)deg
[13:59:59.840] [info] [ManualAdjust] 当前外参 [lidar_0→cam_0]:
[13:59:59.840] [info]   旋转 RPY: (-89.2121, 16.7479, 0.3425) deg
[13:59:59.840] [info]   平移 XYZ: (0.1230, 0.0399, -0.0577) m
[13:59:59.871] [debug] [ManualAdjust] 旋转增量 RPY=(0.000, 0.000, 0.100)deg
[13:59:59.871] [info] [ManualAdjust] 当前外参 [lidar_0→cam_0]:
[13:59:59.871] [info]   旋转 RPY: (-89.2117, 16.8479, 0.3439) deg
[13:59:59.871] [info]   平移 XYZ: (0.1230, 0.0399, -0.0577) m
[13:59:59.901] [debug] [ManualAdjust] 旋转增量 RPY=(0.000, 0.000, 0.100)deg
[13:59:59.901] [info] [ManualAdjust] 当前外参 [lidar_0→cam_0]:
[13:59:59.901] [info]   旋转 RPY: (-89.2113, 16.9479, 0.3453) deg
[13:59:59.901] [info]   平移 XYZ: (0.1230, 0.0399, -0.0577) m
[13:59:59.931] [debug] [ManualAdjust] 旋转增量 RPY=(0.000, 0.000, 0.100)deg
[13:59:59.931] [info] [ManualAdjust] 当前外参 [lidar_0→cam_0]:
[13:59:59.931] [info]   旋转 RPY: (-89.2109, 17.0479, 0.3468) deg
[13:59:59.931] [info]   平移 XYZ: (0.1230, 0.0399, -0.0577) m
[13:59:59.961] [debug] [ManualAdjust] 旋转增量 RPY=(0.000, 0.000, 0.100)deg
[13:59:59.961] [info] [ManualAdjust] 当前外参 [lidar_0→cam_0]:
[13:59:59.961] [info]   旋转 RPY: (-89.2104, 17.1479, 0.3482) deg
[13:59:59.961] [info]   平移 XYZ: (0.1230, 0.0399, -0.0577) m
[13:59:59.991] [debug] [ManualAdjust] 旋转增量 RPY=(0.000, 0.000, 0.100)deg
[13:59:59.991] [info] [ManualAdjust] 当前外参 [lidar_0→cam_0]:
[13:59:59.991] [info]   旋转 RPY: (-89.2100, 17.2479, 0.3497) deg
[13:59:59.991] [info]   平移 XYZ: (0.1230, 0.0399, -0.0577) m
[14:00:00.021] [debug] [ManualAdjust] 旋转增量 RPY=(0.000, 0.000, 0.100)deg
[14:00:00.021] [info] [ManualAdjust] 当前外参 [lidar_0→cam_0]:
[14:00:00.021] [info]   旋转 RPY: (-89.2096, 17.3478, 0.3511) deg
[14:00:00.021] [info]   平移 XYZ: (0.1230, 0.0399, -0.0577) m
[14:00:00.052] [debug] [ManualAdjust] 旋转增量 RPY=(0.000, 0.000, 0.100)deg
[14:00:00.052] [info] [ManualAdjust] 当前外参 [lidar_0→cam_0]:
[14:00:00.052] [info]   旋转 RPY: (-89.2091, 17.4478, 0.3526) deg
[14:00:00.052] [info]   平移 XYZ: (0.1230, 0.0399, -0.0577) m
[14:00:00.081] [debug] [ManualAdjust] 旋转增量 RPY=(0.000, 0.000, 0.100)deg
[14:00:00.081] [info] [ManualAdjust] 当前外参 [lidar_0→cam_0]:
[14:00:00.081] [info]   旋转 RPY: (-89.2087, 17.5478, 0.3540) deg
[14:00:00.081] [info]   平移 XYZ: (0.1230, 0.0399, -0.0577) m
[14:00:00.111] [debug] [ManualAdjust] 旋转增量 RPY=(0.000, 0.000, 0.100)deg
[14:00:00.111] [info] [ManualAdjust] 当前外参 [lidar_0→cam_0]:
[14:00:00.111] [info]   旋转 RPY: (-89.2083, 17.6478, 0.3554) deg
[14:00:00.111] [info]   平移 XYZ: (0.1230, 0.0399, -0.0577) m
[14:00:00.141] [debug] [ManualAdjust] 旋转增量 RPY=(0.000, 0.000, 0.100)deg
[14:00:00.141] [info] [ManualAdjust] 当前外参 [lidar_0→cam_0]:
[14:00:00.141] [info]   旋转 RPY: (-89.2078, 17.7478, 0.3569) deg
[14:00:00.141] [info]   平移 XYZ: (0.1230, 0.0399, -0.0577) m
[14:00:00.171] [debug] [ManualAdjust] 旋转增量 RPY=(0.000, 0.000, 0.100)deg
[14:00:00.171] [info] [ManualAdjust] 当前外参 [lidar_0→cam_0]:
[14:00:00.171] [info]   旋转 RPY: (-89.2074, 17.8478, 0.3584) deg
[14:00:00.171] [info]   平移 XYZ: (0.1230, 0.0399, -0.0577) m
[14:00:00.201] [debug] [ManualAdjust] 旋转增量 RPY=(0.000, 0.000, 0.100)deg
[14:00:00.201] [info] [ManualAdjust] 当前外参 [lidar_0→cam_0]:
[14:00:00.201] [info]   旋转 RPY: (-89.2069, 17.9478, 0.3598) deg
[14:00:00.201] [info]   平移 XYZ: (0.1230, 0.0399, -0.0577) m
[14:00:00.231] [debug] [ManualAdjust] 旋转增量 RPY=(0.000, 0.000, 0.100)deg
[14:00:00.231] [info] [ManualAdjust] 当前外参 [lidar_0→cam_0]:
[14:00:00.231] [info]   旋转 RPY: (-89.2065, 18.0478, 0.3613) deg
[14:00:00.231] [info]   平移 XYZ: (0.1230, 0.0399, -0.0577) m
[14:00:00.261] [debug] [ManualAdjust] 旋转增量 RPY=(0.000, 0.000, 0.100)deg
[14:00:00.261] [info] [ManualAdjust] 当前外参 [lidar_0→cam_0]:
[14:00:00.261] [info]   旋转 RPY: (-89.2060, 18.1478, 0.3627) deg
[14:00:00.261] [info]   平移 XYZ: (0.1230, 0.0399, -0.0577) m
[14:00:00.291] [debug] [ManualAdjust] 旋转增量 RPY=(0.000, 0.000, 0.100)deg
[14:00:00.291] [info] [ManualAdjust] 当前外参 [lidar_0→cam_0]:
[14:00:00.291] [info]   旋转 RPY: (-89.2056, 18.2478, 0.3642) deg
[14:00:00.291] [info]   平移 XYZ: (0.1230, 0.0399, -0.0577) m
[14:00:00.321] [debug] [ManualAdjust] 旋转增量 RPY=(0.000, 0.000, 0.100)deg
[14:00:00.321] [info] [ManualAdjust] 当前外参 [lidar_0→cam_0]:
[14:00:00.321] [info]   旋转 RPY: (-89.2051, 18.3477, 0.3656) deg
[14:00:00.321] [info]   平移 XYZ: (0.1230, 0.0399, -0.0577) m
[14:00:00.351] [debug] [ManualAdjust] 旋转增量 RPY=(0.000, 0.000, 0.100)deg
[14:00:00.351] [info] [ManualAdjust] 当前外参 [lidar_0→cam_0]:
[14:00:00.351] [info]   旋转 RPY: (-89.2047, 18.4477, 0.3671) deg
[14:00:00.351] [info]   平移 XYZ: (0.1230, 0.0399, -0.0577) m
[14:00:00.381] [debug] [ManualAdjust] 旋转增量 RPY=(0.000, 0.000, 0.100)deg
[14:00:00.381] [info] [ManualAdjust] 当前外参 [lidar_0→cam_0]:
[14:00:00.381] [info]   旋转 RPY: (-89.2042, 18.5477, 0.3686) deg
[14:00:00.381] [info]   平移 XYZ: (0.1230, 0.0399, -0.0577) m
[14:00:00.412] [debug] [ManualAdjust] 旋转增量 RPY=(0.000, 0.000, 0.100)deg
[14:00:00.412] [info] [ManualAdjust] 当前外参 [lidar_0→cam_0]:
[14:00:00.412] [info]   旋转 RPY: (-89.2037, 18.6477, 0.3700) deg
[14:00:00.412] [info]   平移 XYZ: (0.1230, 0.0399, -0.0577) m
[14:00:00.441] [debug] [ManualAdjust] 旋转增量 RPY=(0.000, 0.000, 0.100)deg
[14:00:00.441] [info] [ManualAdjust] 当前外参 [lidar_0→cam_0]:
[14:00:00.441] [info]   旋转 RPY: (-89.2033, 18.7477, 0.3715) deg
[14:00:00.441] [info]   平移 XYZ: (0.1230, 0.0399, -0.0577) m
[14:00:00.471] [debug] [ManualAdjust] 旋转增量 RPY=(0.000, 0.000, 0.100)deg
[14:00:00.471] [info] [ManualAdjust] 当前外参 [lidar_0→cam_0]:
[14:00:00.471] [info]   旋转 RPY: (-89.2028, 18.8477, 0.3730) deg
[14:00:00.471] [info]   平移 XYZ: (0.1230, 0.0399, -0.0577) m
[14:00:00.502] [debug] [ManualAdjust] 旋转增量 RPY=(0.000, 0.000, 0.100)deg
[14:00:00.502] [info] [ManualAdjust] 当前外参 [lidar_0→cam_0]:
[14:00:00.502] [info]   旋转 RPY: (-89.2023, 18.9477, 0.3744) deg
[14:00:00.502] [info]   平移 XYZ: (0.1230, 0.0399, -0.0577) m
[14:00:00.531] [debug] [ManualAdjust] 旋转增量 RPY=(0.000, 0.000, 0.100)deg
[14:00:00.531] [info] [ManualAdjust] 当前外参 [lidar_0→cam_0]:
[14:00:00.531] [info]   旋转 RPY: (-89.2018, 19.0477, 0.3759) deg
[14:00:00.531] [info]   平移 XYZ: (0.1230, 0.0399, -0.0577) m
[14:00:00.561] [debug] [ManualAdjust] 旋转增量 RPY=(0.000, 0.000, 0.100)deg
[14:00:00.562] [info] [ManualAdjust] 当前外参 [lidar_0→cam_0]:
[14:00:00.562] [info]   旋转 RPY: (-89.2013, 19.1477, 0.3774) deg
[14:00:00.562] [info]   平移 XYZ: (0.1230, 0.0399, -0.0577) m
[14:00:00.591] [debug] [ManualAdjust] 旋转增量 RPY=(0.000, 0.000, 0.100)deg
[14:00:00.591] [info] [ManualAdjust] 当前外参 [lidar_0→cam_0]:
[14:00:00.591] [info]   旋转 RPY: (-89.2009, 19.2477, 0.3789) deg
[14:00:00.591] [info]   平移 XYZ: (0.1230, 0.0399, -0.0577) m
[14:00:00.621] [debug] [ManualAdjust] 旋转增量 RPY=(0.000, 0.000, 0.100)deg
[14:00:00.621] [info] [ManualAdjust] 当前外参 [lidar_0→cam_0]:
[14:00:00.621] [info]   旋转 RPY: (-89.2004, 19.3477, 0.3803) deg
[14:00:00.621] [info]   平移 XYZ: (0.1230, 0.0399, -0.0577) m
[14:00:00.651] [debug] [ManualAdjust] 旋转增量 RPY=(0.000, 0.000, 0.100)deg
[14:00:00.651] [info] [ManualAdjust] 当前外参 [lidar_0→cam_0]:
[14:00:00.651] [info]   旋转 RPY: (-89.1999, 19.4476, 0.3818) deg
[14:00:00.651] [info]   平移 XYZ: (0.1230, 0.0399, -0.0577) m
[14:00:00.681] [debug] [ManualAdjust] 旋转增量 RPY=(0.000, 0.000, 0.100)deg
[14:00:00.681] [info] [ManualAdjust] 当前外参 [lidar_0→cam_0]:
[14:00:00.681] [info]   旋转 RPY: (-89.1994, 19.5476, 0.3833) deg
[14:00:00.681] [info]   平移 XYZ: (0.1230, 0.0399, -0.0577) m
[14:00:00.711] [debug] [ManualAdjust] 旋转增量 RPY=(0.000, 0.000, 0.100)deg
[14:00:00.711] [info] [ManualAdjust] 当前外参 [lidar_0→cam_0]:
[14:00:00.711] [info]   旋转 RPY: (-89.1989, 19.6476, 0.3848) deg
[14:00:00.711] [info]   平移 XYZ: (0.1230, 0.0399, -0.0577) m
[14:00:00.741] [debug] [ManualAdjust] 旋转增量 RPY=(0.000, 0.000, 0.100)deg
[14:00:00.741] [info] [ManualAdjust] 当前外参 [lidar_0→cam_0]:
[14:00:00.741] [info]   旋转 RPY: (-89.1984, 19.7476, 0.3863) deg
[14:00:00.741] [info]   平移 XYZ: (0.1230, 0.0399, -0.0577) m
[14:00:00.771] [debug] [ManualAdjust] 旋转增量 RPY=(0.000, 0.000, 0.100)deg
[14:00:00.771] [info] [ManualAdjust] 当前外参 [lidar_0→cam_0]:
[14:00:00.771] [info]   旋转 RPY: (-89.1979, 19.8476, 0.3878) deg
[14:00:00.771] [info]   平移 XYZ: (0.1230, 0.0399, -0.0577) m
[14:00:00.801] [debug] [ManualAdjust] 旋转增量 RPY=(0.000, 0.000, 0.100)deg
[14:00:00.801] [info] [ManualAdjust] 当前外参 [lidar_0→cam_0]:
[14:00:00.801] [info]   旋转 RPY: (-89.1974, 19.9476, 0.3892) deg
[14:00:00.801] [info]   平移 XYZ: (0.1230, 0.0399, -0.0577) m
[14:00:00.831] [debug] [ManualAdjust] 旋转增量 RPY=(0.000, 0.000, 0.100)deg
[14:00:00.831] [info] [ManualAdjust] 当前外参 [lidar_0→cam_0]:
[14:00:00.831] [info]   旋转 RPY: (-89.1969, 20.0476, 0.3907) deg
[14:00:00.831] [info]   平移 XYZ: (0.1230, 0.0399, -0.0577) m
[14:00:00.862] [debug] [ManualAdjust] 旋转增量 RPY=(0.000, 0.000, 0.100)deg
[14:00:00.862] [info] [ManualAdjust] 当前外参 [lidar_0→cam_0]:
[14:00:00.862] [info]   旋转 RPY: (-89.1964, 20.1476, 0.3922) deg
[14:00:00.862] [info]   平移 XYZ: (0.1230, 0.0399, -0.0577) m
[14:00:00.892] [debug] [ManualAdjust] 旋转增量 RPY=(0.000, 0.000, 0.100)deg
[14:00:00.892] [info] [ManualAdjust] 当前外参 [lidar_0→cam_0]:
[14:00:00.892] [info]   旋转 RPY: (-89.1958, 20.2476, 0.3937) deg
[14:00:00.892] [info]   平移 XYZ: (0.1230, 0.0399, -0.0577) m
[14:00:00.922] [debug] [ManualAdjust] 旋转增量 RPY=(0.000, 0.000, 0.100)deg
[14:00:00.923] [info] [ManualAdjust] 当前外参 [lidar_0→cam_0]:
[14:00:00.923] [info]   旋转 RPY: (-89.1953, 20.3476, 0.3952) deg
[14:00:00.923] [info]   平移 XYZ: (0.1230, 0.0399, -0.0577) m
[14:00:00.952] [debug] [ManualAdjust] 旋转增量 RPY=(0.000, 0.000, 0.100)deg
[14:00:00.952] [info] [ManualAdjust] 当前外参 [lidar_0→cam_0]:
[14:00:00.952] [info]   旋转 RPY: (-89.1948, 20.4475, 0.3967) deg
[14:00:00.952] [info]   平移 XYZ: (0.1230, 0.0399, -0.0577) m
[14:00:00.983] [debug] [ManualAdjust] 旋转增量 RPY=(0.000, 0.000, 0.100)deg
[14:00:00.983] [info] [ManualAdjust] 当前外参 [lidar_0→cam_0]:
[14:00:00.983] [info]   旋转 RPY: (-89.1943, 20.5475, 0.3982) deg
[14:00:00.983] [info]   平移 XYZ: (0.1230, 0.0399, -0.0577) m
[14:00:01.012] [debug] [ManualAdjust] 旋转增量 RPY=(0.000, 0.000, 0.100)deg
[14:00:01.012] [info] [ManualAdjust] 当前外参 [lidar_0→cam_0]:
[14:00:01.012] [info]   旋转 RPY: (-89.1937, 20.6475, 0.3997) deg
[14:00:01.012] [info]   平移 XYZ: (0.1230, 0.0399, -0.0577) m
[14:00:01.042] [debug] [ManualAdjust] 旋转增量 RPY=(0.000, 0.000, 0.100)deg
[14:00:01.042] [info] [ManualAdjust] 当前外参 [lidar_0→cam_0]:
[14:00:01.042] [info]   旋转 RPY: (-89.1932, 20.7475, 0.4012) deg
[14:00:01.042] [info]   平移 XYZ: (0.1230, 0.0399, -0.0577) m
[14:00:01.072] [debug] [ManualAdjust] 旋转增量 RPY=(0.000, 0.000, 0.100)deg
[14:00:01.072] [info] [ManualAdjust] 当前外参 [lidar_0→cam_0]:
[14:00:01.072] [info]   旋转 RPY: (-89.1927, 20.8475, 0.4027) deg
[14:00:01.072] [info]   平移 XYZ: (0.1230, 0.0399, -0.0577) m
[14:00:01.102] [debug] [ManualAdjust] 旋转增量 RPY=(0.000, 0.000, 0.100)deg
[14:00:01.103] [info] [ManualAdjust] 当前外参 [lidar_0→cam_0]:
[14:00:01.103] [info]   旋转 RPY: (-89.1921, 20.9475, 0.4042) deg
[14:00:01.103] [info]   平移 XYZ: (0.1230, 0.0399, -0.0577) m
[14:00:01.133] [debug] [ManualAdjust] 旋转增量 RPY=(0.000, 0.000, 0.100)deg
[14:00:01.133] [info] [ManualAdjust] 当前外参 [lidar_0→cam_0]:
[14:00:01.133] [info]   旋转 RPY: (-89.1916, 21.0475, 0.4058) deg
[14:00:01.133] [info]   平移 XYZ: (0.1230, 0.0399, -0.0577) m
[14:00:01.163] [debug] [ManualAdjust] 旋转增量 RPY=(0.000, 0.000, 0.100)deg
[14:00:01.163] [info] [ManualAdjust] 当前外参 [lidar_0→cam_0]:
[14:00:01.163] [info]   旋转 RPY: (-89.1910, 21.1475, 0.4073) deg
[14:00:01.163] [info]   平移 XYZ: (0.1230, 0.0399, -0.0577) m
[14:00:01.193] [debug] [ManualAdjust] 旋转增量 RPY=(0.000, 0.000, 0.100)deg
[14:00:01.193] [info] [ManualAdjust] 当前外参 [lidar_0→cam_0]:
[14:00:01.193] [info]   旋转 RPY: (-89.1905, 21.2475, 0.4088) deg
[14:00:01.193] [info]   平移 XYZ: (0.1230, 0.0399, -0.0577) m
[14:00:01.223] [debug] [ManualAdjust] 旋转增量 RPY=(0.000, 0.000, 0.100)deg
[14:00:01.223] [info] [ManualAdjust] 当前外参 [lidar_0→cam_0]:
[14:00:01.223] [info]   旋转 RPY: (-89.1899, 21.3475, 0.4103) deg
[14:00:01.223] [info]   平移 XYZ: (0.1230, 0.0399, -0.0577) m
[14:00:01.253] [debug] [ManualAdjust] 旋转增量 RPY=(0.000, 0.000, 0.100)deg
[14:00:01.253] [info] [ManualAdjust] 当前外参 [lidar_0→cam_0]:
[14:00:01.253] [info]   旋转 RPY: (-89.1894, 21.4474, 0.4118) deg
[14:00:01.253] [info]   平移 XYZ: (0.1230, 0.0399, -0.0577) m
[14:00:01.283] [debug] [ManualAdjust] 旋转增量 RPY=(0.000, 0.000, 0.100)deg
[14:00:01.283] [info] [ManualAdjust] 当前外参 [lidar_0→cam_0]:
[14:00:01.283] [info]   旋转 RPY: (-89.1888, 21.5474, 0.4133) deg
[14:00:01.283] [info]   平移 XYZ: (0.1230, 0.0399, -0.0577) m
[14:00:01.313] [debug] [ManualAdjust] 旋转增量 RPY=(0.000, 0.000, 0.100)deg
[14:00:01.313] [info] [ManualAdjust] 当前外参 [lidar_0→cam_0]:
[14:00:01.313] [info]   旋转 RPY: (-89.1883, 21.6474, 0.4149) deg
[14:00:01.313] [info]   平移 XYZ: (0.1230, 0.0399, -0.0577) m
[14:00:01.343] [debug] [ManualAdjust] 旋转增量 RPY=(0.000, 0.000, 0.100)deg
[14:00:01.343] [info] [ManualAdjust] 当前外参 [lidar_0→cam_0]:
[14:00:01.343] [info]   旋转 RPY: (-89.1877, 21.7474, 0.4164) deg
[14:00:01.343] [info]   平移 XYZ: (0.1230, 0.0399, -0.0577) m
[14:00:01.373] [debug] [ManualAdjust] 旋转增量 RPY=(0.000, 0.000, 0.100)deg
[14:00:01.373] [info] [ManualAdjust] 当前外参 [lidar_0→cam_0]:
[14:00:01.373] [info]   旋转 RPY: (-89.1871, 21.8474, 0.4179) deg
[14:00:01.373] [info]   平移 XYZ: (0.1230, 0.0399, -0.0577) m
[14:00:01.403] [debug] [ManualAdjust] 旋转增量 RPY=(0.000, 0.000, 0.100)deg
[14:00:01.403] [info] [ManualAdjust] 当前外参 [lidar_0→cam_0]:
[14:00:01.403] [info]   旋转 RPY: (-89.1866, 21.9474, 0.4194) deg
[14:00:01.403] [info]   平移 XYZ: (0.1230, 0.0399, -0.0577) m
[14:00:01.433] [debug] [ManualAdjust] 旋转增量 RPY=(0.000, 0.000, 0.100)deg
[14:00:01.433] [info] [ManualAdjust] 当前外参 [lidar_0→cam_0]:
[14:00:01.433] [info]   旋转 RPY: (-89.1860, 22.0474, 0.4210) deg
[14:00:01.433] [info]   平移 XYZ: (0.1230, 0.0399, -0.0577) m
[14:00:01.463] [debug] [ManualAdjust] 旋转增量 RPY=(0.000, 0.000, 0.100)deg
[14:00:01.463] [info] [ManualAdjust] 当前外参 [lidar_0→cam_0]:
[14:00:01.463] [info]   旋转 RPY: (-89.1854, 22.1474, 0.4225) deg
[14:00:01.463] [info]   平移 XYZ: (0.1230, 0.0399, -0.0577) m
[14:00:01.494] [debug] [ManualAdjust] 旋转增量 RPY=(0.000, 0.000, 0.100)deg
[14:00:01.494] [info] [ManualAdjust] 当前外参 [lidar_0→cam_0]:
[14:00:01.494] [info]   旋转 RPY: (-89.1848, 22.2474, 0.4240) deg
[14:00:01.494] [info]   平移 XYZ: (0.1230, 0.0399, -0.0577) m
[14:00:01.524] [debug] [ManualAdjust] 旋转增量 RPY=(0.000, 0.000, 0.100)deg
[14:00:01.524] [info] [ManualAdjust] 当前外参 [lidar_0→cam_0]:
[14:00:01.524] [info]   旋转 RPY: (-89.1843, 22.3474, 0.4256) deg
[14:00:01.524] [info]   平移 XYZ: (0.1230, 0.0399, -0.0577) m
[14:00:01.553] [debug] [ManualAdjust] 旋转增量 RPY=(0.000, 0.000, 0.100)deg
[14:00:01.553] [info] [ManualAdjust] 当前外参 [lidar_0→cam_0]:
[14:00:01.553] [info]   旋转 RPY: (-89.1837, 22.4473, 0.4271) deg
[14:00:01.553] [info]   平移 XYZ: (0.1230, 0.0399, -0.0577) m
[14:00:01.583] [debug] [ManualAdjust] 旋转增量 RPY=(0.000, 0.000, 0.100)deg
[14:00:01.584] [info] [ManualAdjust] 当前外参 [lidar_0→cam_0]:
[14:00:01.584] [info]   旋转 RPY: (-89.1831, 22.5473, 0.4287) deg
[14:00:01.584] [info]   平移 XYZ: (0.1230, 0.0399, -0.0577) m
[14:00:01.614] [debug] [ManualAdjust] 旋转增量 RPY=(0.000, 0.000, 0.100)deg
[14:00:01.614] [info] [ManualAdjust] 当前外参 [lidar_0→cam_0]:
[14:00:01.614] [info]   旋转 RPY: (-89.1825, 22.6473, 0.4302) deg
[14:00:01.614] [info]   平移 XYZ: (0.1230, 0.0399, -0.0577) m
[14:00:01.645] [debug] [ManualAdjust] 旋转增量 RPY=(0.000, 0.000, 0.100)deg
[14:00:01.645] [info] [ManualAdjust] 当前外参 [lidar_0→cam_0]:
[14:00:01.645] [info]   旋转 RPY: (-89.1819, 22.7473, 0.4318) deg
[14:00:01.645] [info]   平移 XYZ: (0.1230, 0.0399, -0.0577) m
[14:00:01.676] [debug] [ManualAdjust] 旋转增量 RPY=(0.000, 0.000, 0.100)deg
[14:00:01.676] [info] [ManualAdjust] 当前外参 [lidar_0→cam_0]:
[14:00:01.676] [info]   旋转 RPY: (-89.1813, 22.8473, 0.4333) deg
[14:00:01.676] [info]   平移 XYZ: (0.1230, 0.0399, -0.0577) m
[14:00:01.707] [debug] [ManualAdjust] 旋转增量 RPY=(0.000, 0.000, 0.100)deg
[14:00:01.707] [info] [ManualAdjust] 当前外参 [lidar_0→cam_0]:
[14:00:01.707] [info]   旋转 RPY: (-89.1807, 22.9473, 0.4349) deg
[14:00:01.707] [info]   平移 XYZ: (0.1230, 0.0399, -0.0577) m
[14:00:01.737] [debug] [ManualAdjust] 旋转增量 RPY=(0.000, 0.000, 0.100)deg
[14:00:01.737] [info] [ManualAdjust] 当前外参 [lidar_0→cam_0]:
[14:00:01.737] [info]   旋转 RPY: (-89.1801, 23.0473, 0.4364) deg
[14:00:01.737] [info]   平移 XYZ: (0.1230, 0.0399, -0.0577) m
[14:00:01.767] [debug] [ManualAdjust] 旋转增量 RPY=(0.000, 0.000, 0.100)deg
[14:00:01.767] [info] [ManualAdjust] 当前外参 [lidar_0→cam_0]:
[14:00:01.767] [info]   旋转 RPY: (-89.1795, 23.1473, 0.4380) deg
[14:00:01.767] [info]   平移 XYZ: (0.1230, 0.0399, -0.0577) m
[14:00:01.797] [debug] [ManualAdjust] 旋转增量 RPY=(0.000, 0.000, 0.100)deg
[14:00:01.798] [info] [ManualAdjust] 当前外参 [lidar_0→cam_0]:
[14:00:01.798] [info]   旋转 RPY: (-89.1789, 23.2473, 0.4395) deg
[14:00:01.798] [info]   平移 XYZ: (0.1230, 0.0399, -0.0577) m
[14:00:01.827] [debug] [ManualAdjust] 旋转增量 RPY=(0.000, 0.000, 0.100)deg
[14:00:01.827] [info] [ManualAdjust] 当前外参 [lidar_0→cam_0]:
[14:00:01.827] [info]   旋转 RPY: (-89.1782, 23.3473, 0.4411) deg
[14:00:01.827] [info]   平移 XYZ: (0.1230, 0.0399, -0.0577) m
[14:00:01.857] [debug] [ManualAdjust] 旋转增量 RPY=(0.000, 0.000, 0.100)deg
[14:00:01.857] [info] [ManualAdjust] 当前外参 [lidar_0→cam_0]:
[14:00:01.857] [info]   旋转 RPY: (-89.1776, 23.4472, 0.4427) deg
[14:00:01.857] [info]   平移 XYZ: (0.1230, 0.0399, -0.0577) m
[14:00:01.887] [debug] [ManualAdjust] 旋转增量 RPY=(0.000, 0.000, 0.100)deg
[14:00:01.887] [info] [ManualAdjust] 当前外参 [lidar_0→cam_0]:
[14:00:01.887] [info]   旋转 RPY: (-89.1770, 23.5472, 0.4442) deg
[14:00:01.887] [info]   平移 XYZ: (0.1230, 0.0399, -0.0577) m
[14:00:01.917] [debug] [ManualAdjust] 旋转增量 RPY=(0.000, 0.000, 0.100)deg
[14:00:01.917] [info] [ManualAdjust] 当前外参 [lidar_0→cam_0]:
[14:00:01.917] [info]   旋转 RPY: (-89.1764, 23.6472, 0.4458) deg
[14:00:01.917] [info]   平移 XYZ: (0.1230, 0.0399, -0.0577) m
[14:00:01.947] [debug] [ManualAdjust] 旋转增量 RPY=(0.000, 0.000, 0.100)deg
[14:00:01.947] [info] [ManualAdjust] 当前外参 [lidar_0→cam_0]:
[14:00:01.947] [info]   旋转 RPY: (-89.1757, 23.7472, 0.4474) deg
[14:00:01.947] [info]   平移 XYZ: (0.1230, 0.0399, -0.0577) m
[14:00:01.977] [debug] [ManualAdjust] 旋转增量 RPY=(0.000, 0.000, 0.100)deg
[14:00:01.977] [info] [ManualAdjust] 当前外参 [lidar_0→cam_0]:
[14:00:01.977] [info]   旋转 RPY: (-89.1751, 23.8472, 0.4489) deg
[14:00:01.977] [info]   平移 XYZ: (0.1230, 0.0399, -0.0577) m
[14:00:02.008] [debug] [ManualAdjust] 旋转增量 RPY=(0.000, 0.000, 0.100)deg
[14:00:02.008] [info] [ManualAdjust] 当前外参 [lidar_0→cam_0]:
[14:00:02.008] [info]   旋转 RPY: (-89.1745, 23.9472, 0.4505) deg
[14:00:02.008] [info]   平移 XYZ: (0.1230, 0.0399, -0.0577) m
[14:00:02.038] [debug] [ManualAdjust] 旋转增量 RPY=(0.000, 0.000, 0.100)deg
[14:00:02.038] [info] [ManualAdjust] 当前外参 [lidar_0→cam_0]:
[14:00:02.038] [info]   旋转 RPY: (-89.1738, 24.0472, 0.4521) deg
[14:00:02.038] [info]   平移 XYZ: (0.1230, 0.0399, -0.0577) m
[14:00:02.068] [debug] [ManualAdjust] 旋转增量 RPY=(0.000, 0.000, 0.100)deg
[14:00:02.068] [info] [ManualAdjust] 当前外参 [lidar_0→cam_0]:
[14:00:02.068] [info]   旋转 RPY: (-89.1732, 24.1472, 0.4537) deg
[14:00:02.068] [info]   平移 XYZ: (0.1230, 0.0399, -0.0577) m
[14:00:02.098] [debug] [ManualAdjust] 旋转增量 RPY=(0.000, 0.000, 0.100)deg
[14:00:02.098] [info] [ManualAdjust] 当前外参 [lidar_0→cam_0]:
[14:00:02.098] [info]   旋转 RPY: (-89.1725, 24.2472, 0.4552) deg
[14:00:02.098] [info]   平移 XYZ: (0.1230, 0.0399, -0.0577) m
[14:00:02.128] [debug] [ManualAdjust] 旋转增量 RPY=(0.000, 0.000, 0.100)deg
[14:00:02.128] [info] [ManualAdjust] 当前外参 [lidar_0→cam_0]:
[14:00:02.128] [info]   旋转 RPY: (-89.1719, 24.3471, 0.4568) deg
[14:00:02.128] [info]   平移 XYZ: (0.1230, 0.0399, -0.0577) m
[14:00:02.158] [debug] [ManualAdjust] 旋转增量 RPY=(0.000, 0.000, 0.100)deg
[14:00:02.159] [info] [ManualAdjust] 当前外参 [lidar_0→cam_0]:
[14:00:02.159] [info]   旋转 RPY: (-89.1712, 24.4471, 0.4584) deg
[14:00:02.159] [info]   平移 XYZ: (0.1230, 0.0399, -0.0577) m
[14:00:02.189] [debug] [ManualAdjust] 旋转增量 RPY=(0.000, 0.000, 0.100)deg
[14:00:02.189] [info] [ManualAdjust] 当前外参 [lidar_0→cam_0]:
[14:00:02.189] [info]   旋转 RPY: (-89.1706, 24.5471, 0.4600) deg
[14:00:02.189] [info]   平移 XYZ: (0.1230, 0.0399, -0.0577) m
[14:00:02.220] [debug] [ManualAdjust] 旋转增量 RPY=(0.000, 0.000, 0.100)deg
[14:00:02.220] [info] [ManualAdjust] 当前外参 [lidar_0→cam_0]:
[14:00:02.220] [info]   旋转 RPY: (-89.1699, 24.6471, 0.4616) deg
[14:00:02.220] [info]   平移 XYZ: (0.1230, 0.0399, -0.0577) m
[14:00:02.249] [debug] [ManualAdjust] 旋转增量 RPY=(0.000, 0.000, 0.100)deg
[14:00:02.249] [info] [ManualAdjust] 当前外参 [lidar_0→cam_0]:
[14:00:02.249] [info]   旋转 RPY: (-89.1692, 24.7471, 0.4632) deg
[14:00:02.249] [info]   平移 XYZ: (0.1230, 0.0399, -0.0577) m
[14:00:02.279] [debug] [ManualAdjust] 旋转增量 RPY=(0.000, 0.000, 0.100)deg
[14:00:02.279] [info] [ManualAdjust] 当前外参 [lidar_0→cam_0]:
[14:00:02.279] [info]   旋转 RPY: (-89.1686, 24.8471, 0.4648) deg
[14:00:02.279] [info]   平移 XYZ: (0.1230, 0.0399, -0.0577) m
[14:00:02.309] [debug] [ManualAdjust] 旋转增量 RPY=(0.000, 0.000, 0.100)deg
[14:00:02.309] [info] [ManualAdjust] 当前外参 [lidar_0→cam_0]:
[14:00:02.309] [info]   旋转 RPY: (-89.1679, 24.9471, 0.4664) deg
[14:00:02.309] [info]   平移 XYZ: (0.1230, 0.0399, -0.0577) m
[14:00:02.339] [debug] [ManualAdjust] 旋转增量 RPY=(0.000, 0.000, 0.100)deg
[14:00:02.339] [info] [ManualAdjust] 当前外参 [lidar_0→cam_0]:
[14:00:02.339] [info]   旋转 RPY: (-89.1672, 25.0471, 0.4680) deg
[14:00:02.339] [info]   平移 XYZ: (0.1230, 0.0399, -0.0577) m
[14:00:02.369] [debug] [ManualAdjust] 旋转增量 RPY=(0.000, 0.000, 0.100)deg
[14:00:02.369] [info] [ManualAdjust] 当前外参 [lidar_0→cam_0]:
[14:00:02.369] [info]   旋转 RPY: (-89.1665, 25.1471, 0.4696) deg
[14:00:02.369] [info]   平移 XYZ: (0.1230, 0.0399, -0.0577) m
[14:00:02.399] [debug] [ManualAdjust] 旋转增量 RPY=(0.000, 0.000, 0.100)deg
[14:00:02.399] [info] [ManualAdjust] 当前外参 [lidar_0→cam_0]:
[14:00:02.399] [info]   旋转 RPY: (-89.1658, 25.2471, 0.4712) deg
[14:00:02.399] [info]   平移 XYZ: (0.1230, 0.0399, -0.0577) m
[14:00:02.429] [debug] [ManualAdjust] 旋转增量 RPY=(0.000, 0.000, 0.100)deg
[14:00:02.429] [info] [ManualAdjust] 当前外参 [lidar_0→cam_0]:
[14:00:02.429] [info]   旋转 RPY: (-89.1652, 25.3470, 0.4728) deg
[14:00:02.429] [info]   平移 XYZ: (0.1230, 0.0399, -0.0577) m
[14:00:02.459] [debug] [ManualAdjust] 旋转增量 RPY=(0.000, 0.000, 0.100)deg
[14:00:02.459] [info] [ManualAdjust] 当前外参 [lidar_0→cam_0]:
[14:00:02.459] [info]   旋转 RPY: (-89.1645, 25.4470, 0.4744) deg
[14:00:02.459] [info]   平移 XYZ: (0.1230, 0.0399, -0.0577) m
[14:00:02.489] [debug] [ManualAdjust] 旋转增量 RPY=(0.000, 0.000, 0.100)deg
[14:00:02.489] [info] [ManualAdjust] 当前外参 [lidar_0→cam_0]:
[14:00:02.489] [info]   旋转 RPY: (-89.1638, 25.5470, 0.4761) deg
[14:00:02.489] [info]   平移 XYZ: (0.1230, 0.0399, -0.0577) m
[14:00:02.520] [debug] [ManualAdjust] 旋转增量 RPY=(0.000, 0.000, 0.100)deg
[14:00:02.520] [info] [ManualAdjust] 当前外参 [lidar_0→cam_0]:
[14:00:02.520] [info]   旋转 RPY: (-89.1631, 25.6470, 0.4777) deg
[14:00:02.520] [info]   平移 XYZ: (0.1230, 0.0399, -0.0577) m
[14:00:02.551] [debug] [ManualAdjust] 旋转增量 RPY=(0.000, 0.000, 0.100)deg
[14:00:02.551] [info] [ManualAdjust] 当前外参 [lidar_0→cam_0]:
[14:00:02.551] [info]   旋转 RPY: (-89.1624, 25.7470, 0.4793) deg
[14:00:02.551] [info]   平移 XYZ: (0.1230, 0.0399, -0.0577) m
[14:00:02.581] [debug] [ManualAdjust] 旋转增量 RPY=(0.000, 0.000, 0.100)deg
[14:00:02.581] [info] [ManualAdjust] 当前外参 [lidar_0→cam_0]:
[14:00:02.581] [info]   旋转 RPY: (-89.1617, 25.8470, 0.4809) deg
[14:00:02.581] [info]   平移 XYZ: (0.1230, 0.0399, -0.0577) m
[14:00:02.611] [debug] [ManualAdjust] 旋转增量 RPY=(0.000, 0.000, 0.100)deg
[14:00:02.611] [info] [ManualAdjust] 当前外参 [lidar_0→cam_0]:
[14:00:02.611] [info]   旋转 RPY: (-89.1609, 25.9470, 0.4825) deg
[14:00:02.611] [info]   平移 XYZ: (0.1230, 0.0399, -0.0577) m
[14:00:02.641] [debug] [ManualAdjust] 旋转增量 RPY=(0.000, 0.000, 0.100)deg
[14:00:02.641] [info] [ManualAdjust] 当前外参 [lidar_0→cam_0]:
[14:00:02.641] [info]   旋转 RPY: (-89.1602, 26.0470, 0.4842) deg
[14:00:02.641] [info]   平移 XYZ: (0.1230, 0.0399, -0.0577) m
[14:00:02.672] [debug] [ManualAdjust] 旋转增量 RPY=(0.000, 0.000, 0.100)deg
[14:00:02.672] [info] [ManualAdjust] 当前外参 [lidar_0→cam_0]:
[14:00:02.672] [info]   旋转 RPY: (-89.1595, 26.1470, 0.4858) deg
[14:00:02.672] [info]   平移 XYZ: (0.1230, 0.0399, -0.0577) m
[14:00:02.702] [debug] [ManualAdjust] 旋转增量 RPY=(0.000, 0.000, 0.100)deg
[14:00:02.702] [info] [ManualAdjust] 当前外参 [lidar_0→cam_0]:
[14:00:02.702] [info]   旋转 RPY: (-89.1588, 26.2469, 0.4874) deg
[14:00:02.702] [info]   平移 XYZ: (0.1230, 0.0399, -0.0577) m
[14:00:02.733] [debug] [ManualAdjust] 旋转增量 RPY=(0.000, 0.000, 0.100)deg
[14:00:02.733] [info] [ManualAdjust] 当前外参 [lidar_0→cam_0]:
[14:00:02.733] [info]   旋转 RPY: (-89.1581, 26.3469, 0.4891) deg
[14:00:02.733] [info]   平移 XYZ: (0.1230, 0.0399, -0.0577) m
[14:00:02.763] [debug] [ManualAdjust] 旋转增量 RPY=(0.000, 0.000, 0.100)deg
[14:00:02.763] [info] [ManualAdjust] 当前外参 [lidar_0→cam_0]:
[14:00:02.763] [info]   旋转 RPY: (-89.1573, 26.4469, 0.4907) deg
[14:00:02.763] [info]   平移 XYZ: (0.1230, 0.0399, -0.0577) m
[14:00:02.793] [debug] [ManualAdjust] 旋转增量 RPY=(0.000, 0.000, 0.100)deg
[14:00:02.793] [info] [ManualAdjust] 当前外参 [lidar_0→cam_0]:
[14:00:02.793] [info]   旋转 RPY: (-89.1566, 26.5469, 0.4924) deg
[14:00:02.793] [info]   平移 XYZ: (0.1230, 0.0399, -0.0577) m
[14:00:02.824] [debug] [ManualAdjust] 旋转增量 RPY=(0.000, 0.000, 0.100)deg
[14:00:02.824] [info] [ManualAdjust] 当前外参 [lidar_0→cam_0]:
[14:00:02.824] [info]   旋转 RPY: (-89.1559, 26.6469, 0.4940) deg
[14:00:02.824] [info]   平移 XYZ: (0.1230, 0.0399, -0.0577) m
[14:00:02.855] [debug] [ManualAdjust] 旋转增量 RPY=(0.000, 0.000, 0.100)deg
[14:00:02.855] [info] [ManualAdjust] 当前外参 [lidar_0→cam_0]:
[14:00:02.855] [info]   旋转 RPY: (-89.1551, 26.7469, 0.4957) deg
[14:00:02.855] [info]   平移 XYZ: (0.1230, 0.0399, -0.0577) m
[14:00:02.885] [debug] [ManualAdjust] 旋转增量 RPY=(0.000, 0.000, 0.100)deg
[14:00:02.885] [info] [ManualAdjust] 当前外参 [lidar_0→cam_0]:
[14:00:02.885] [info]   旋转 RPY: (-89.1544, 26.8469, 0.4973) deg
[14:00:02.885] [info]   平移 XYZ: (0.1230, 0.0399, -0.0577) m
[14:00:02.915] [debug] [ManualAdjust] 旋转增量 RPY=(0.000, 0.000, 0.100)deg
[14:00:02.915] [info] [ManualAdjust] 当前外参 [lidar_0→cam_0]:
[14:00:02.915] [info]   旋转 RPY: (-89.1536, 26.9469, 0.4990) deg
[14:00:02.915] [info]   平移 XYZ: (0.1230, 0.0399, -0.0577) m
[14:00:02.945] [debug] [ManualAdjust] 旋转增量 RPY=(0.000, 0.000, 0.100)deg
[14:00:02.945] [info] [ManualAdjust] 当前外参 [lidar_0→cam_0]:
[14:00:02.945] [info]   旋转 RPY: (-89.1529, 27.0469, 0.5006) deg
[14:00:02.945] [info]   平移 XYZ: (0.1230, 0.0399, -0.0577) m
[14:00:02.976] [debug] [ManualAdjust] 旋转增量 RPY=(0.000, 0.000, 0.100)deg
[14:00:02.976] [info] [ManualAdjust] 当前外参 [lidar_0→cam_0]:
[14:00:02.976] [info]   旋转 RPY: (-89.1521, 27.1469, 0.5023) deg
[14:00:02.976] [info]   平移 XYZ: (0.1230, 0.0399, -0.0577) m
[14:00:03.007] [debug] [ManualAdjust] 旋转增量 RPY=(0.000, 0.000, 0.100)deg
[14:00:03.007] [info] [ManualAdjust] 当前外参 [lidar_0→cam_0]:
[14:00:03.007] [info]   旋转 RPY: (-89.1514, 27.2468, 0.5040) deg
[14:00:03.007] [info]   平移 XYZ: (0.1230, 0.0399, -0.0577) m
[14:00:03.037] [debug] [ManualAdjust] 旋转增量 RPY=(0.000, 0.000, 0.100)deg
[14:00:03.037] [info] [ManualAdjust] 当前外参 [lidar_0→cam_0]:
[14:00:03.037] [info]   旋转 RPY: (-89.1506, 27.3468, 0.5056) deg
[14:00:03.037] [info]   平移 XYZ: (0.1230, 0.0399, -0.0577) m
[14:00:03.067] [debug] [ManualAdjust] 旋转增量 RPY=(0.000, 0.000, 0.100)deg
[14:00:03.067] [info] [ManualAdjust] 当前外参 [lidar_0→cam_0]:
[14:00:03.067] [info]   旋转 RPY: (-89.1498, 27.4468, 0.5073) deg
[14:00:03.067] [info]   平移 XYZ: (0.1230, 0.0399, -0.0577) m
[14:00:03.097] [debug] [ManualAdjust] 旋转增量 RPY=(0.000, 0.000, 0.100)deg
[14:00:03.097] [info] [ManualAdjust] 当前外参 [lidar_0→cam_0]:
[14:00:03.097] [info]   旋转 RPY: (-89.1491, 27.5468, 0.5090) deg
[14:00:03.097] [info]   平移 XYZ: (0.1230, 0.0399, -0.0577) m
[14:00:03.127] [debug] [ManualAdjust] 旋转增量 RPY=(0.000, 0.000, 0.100)deg
[14:00:03.127] [info] [ManualAdjust] 当前外参 [lidar_0→cam_0]:
[14:00:03.127] [info]   旋转 RPY: (-89.1483, 27.6468, 0.5106) deg
[14:00:03.127] [info]   平移 XYZ: (0.1230, 0.0399, -0.0577) m
[14:00:03.157] [debug] [ManualAdjust] 旋转增量 RPY=(0.000, 0.000, 0.100)deg
[14:00:03.157] [info] [ManualAdjust] 当前外参 [lidar_0→cam_0]:
[14:00:03.157] [info]   旋转 RPY: (-89.1475, 27.7468, 0.5123) deg
[14:00:03.157] [info]   平移 XYZ: (0.1230, 0.0399, -0.0577) m
[14:00:03.187] [debug] [ManualAdjust] 旋转增量 RPY=(0.000, 0.000, 0.100)deg
[14:00:03.187] [info] [ManualAdjust] 当前外参 [lidar_0→cam_0]:
[14:00:03.187] [info]   旋转 RPY: (-89.1467, 27.8468, 0.5140) deg
[14:00:03.187] [info]   平移 XYZ: (0.1230, 0.0399, -0.0577) m
[14:00:03.217] [debug] [ManualAdjust] 旋转增量 RPY=(0.000, 0.000, 0.100)deg
[14:00:03.217] [info] [ManualAdjust] 当前外参 [lidar_0→cam_0]:
[14:00:03.217] [info]   旋转 RPY: (-89.1459, 27.9468, 0.5157) deg
[14:00:03.217] [info]   平移 XYZ: (0.1230, 0.0399, -0.0577) m
[14:00:03.247] [debug] [ManualAdjust] 旋转增量 RPY=(0.000, 0.000, 0.100)deg
[14:00:03.247] [info] [ManualAdjust] 当前外参 [lidar_0→cam_0]:
[14:00:03.247] [info]   旋转 RPY: (-89.1451, 28.0468, 0.5174) deg
[14:00:03.247] [info]   平移 XYZ: (0.1230, 0.0399, -0.0577) m
[14:00:03.277] [debug] [ManualAdjust] 旋转增量 RPY=(0.000, 0.000, 0.100)deg
[14:00:03.277] [info] [ManualAdjust] 当前外参 [lidar_0→cam_0]:
[14:00:03.277] [info]   旋转 RPY: (-89.1443, 28.1467, 0.5191) deg
[14:00:03.277] [info]   平移 XYZ: (0.1230, 0.0399, -0.0577) m
[14:00:03.307] [debug] [ManualAdjust] 旋转增量 RPY=(0.000, 0.000, 0.100)deg
[14:00:03.307] [info] [ManualAdjust] 当前外参 [lidar_0→cam_0]:
[14:00:03.307] [info]   旋转 RPY: (-89.1435, 28.2467, 0.5208) deg
[14:00:03.307] [info]   平移 XYZ: (0.1230, 0.0399, -0.0577) m
[14:00:03.337] [debug] [ManualAdjust] 旋转增量 RPY=(0.000, 0.000, 0.100)deg
[14:00:03.337] [info] [ManualAdjust] 当前外参 [lidar_0→cam_0]:
[14:00:03.337] [info]   旋转 RPY: (-89.1427, 28.3467, 0.5225) deg
[14:00:03.337] [info]   平移 XYZ: (0.1230, 0.0399, -0.0577) m
[14:00:03.367] [debug] [ManualAdjust] 旋转增量 RPY=(0.000, 0.000, 0.100)deg
[14:00:03.367] [info] [ManualAdjust] 当前外参 [lidar_0→cam_0]:
[14:00:03.367] [info]   旋转 RPY: (-89.1419, 28.4467, 0.5242) deg
[14:00:03.367] [info]   平移 XYZ: (0.1230, 0.0399, -0.0577) m
[14:00:03.397] [debug] [ManualAdjust] 旋转增量 RPY=(0.000, 0.000, 0.100)deg
[14:00:03.397] [info] [ManualAdjust] 当前外参 [lidar_0→cam_0]:
[14:00:03.397] [info]   旋转 RPY: (-89.1411, 28.5467, 0.5259) deg
[14:00:03.397] [info]   平移 XYZ: (0.1230, 0.0399, -0.0577) m
[14:00:03.427] [debug] [ManualAdjust] 旋转增量 RPY=(0.000, 0.000, 0.100)deg
[14:00:03.427] [info] [ManualAdjust] 当前外参 [lidar_0→cam_0]:
[14:00:03.427] [info]   旋转 RPY: (-89.1403, 28.6467, 0.5276) deg
[14:00:03.427] [info]   平移 XYZ: (0.1230, 0.0399, -0.0577) m
[14:00:03.457] [debug] [ManualAdjust] 旋转增量 RPY=(0.000, 0.000, 0.100)deg
[14:00:03.458] [info] [ManualAdjust] 当前外参 [lidar_0→cam_0]:
[14:00:03.458] [info]   旋转 RPY: (-89.1395, 28.7467, 0.5293) deg
[14:00:03.458] [info]   平移 XYZ: (0.1230, 0.0399, -0.0577) m
[14:00:03.488] [debug] [ManualAdjust] 旋转增量 RPY=(0.000, 0.000, 0.100)deg
[14:00:03.488] [info] [ManualAdjust] 当前外参 [lidar_0→cam_0]:
[14:00:03.488] [info]   旋转 RPY: (-89.1386, 28.8467, 0.5310) deg
[14:00:03.488] [info]   平移 XYZ: (0.1230, 0.0399, -0.0577) m
[14:00:03.518] [debug] [ManualAdjust] 旋转增量 RPY=(0.000, 0.000, 0.100)deg
[14:00:03.518] [info] [ManualAdjust] 当前外参 [lidar_0→cam_0]:
[14:00:03.518] [info]   旋转 RPY: (-89.1378, 28.9466, 0.5327) deg
[14:00:03.518] [info]   平移 XYZ: (0.1230, 0.0399, -0.0577) m
[14:00:03.548] [debug] [ManualAdjust] 旋转增量 RPY=(0.000, 0.000, 0.100)deg
[14:00:03.548] [info] [ManualAdjust] 当前外参 [lidar_0→cam_0]:
[14:00:03.548] [info]   旋转 RPY: (-89.1370, 29.0466, 0.5344) deg
[14:00:03.548] [info]   平移 XYZ: (0.1230, 0.0399, -0.0577) m
[14:00:03.579] [debug] [ManualAdjust] 旋转增量 RPY=(0.000, 0.000, 0.100)deg
[14:00:03.579] [info] [ManualAdjust] 当前外参 [lidar_0→cam_0]:
[14:00:03.579] [info]   旋转 RPY: (-89.1361, 29.1466, 0.5362) deg
[14:00:03.579] [info]   平移 XYZ: (0.1230, 0.0399, -0.0577) m
[14:00:03.608] [debug] [ManualAdjust] 旋转增量 RPY=(0.000, 0.000, 0.100)deg
[14:00:03.608] [info] [ManualAdjust] 当前外参 [lidar_0→cam_0]:
[14:00:03.608] [info]   旋转 RPY: (-89.1353, 29.2466, 0.5379) deg
[14:00:03.608] [info]   平移 XYZ: (0.1230, 0.0399, -0.0577) m
[14:00:03.638] [debug] [ManualAdjust] 旋转增量 RPY=(0.000, 0.000, 0.100)deg
[14:00:03.638] [info] [ManualAdjust] 当前外参 [lidar_0→cam_0]:
[14:00:03.638] [info]   旋转 RPY: (-89.1344, 29.3466, 0.5396) deg
[14:00:03.638] [info]   平移 XYZ: (0.1230, 0.0399, -0.0577) m
[14:00:03.668] [debug] [ManualAdjust] 旋转增量 RPY=(0.000, 0.000, 0.100)deg
[14:00:03.668] [info] [ManualAdjust] 当前外参 [lidar_0→cam_0]:
[14:00:03.668] [info]   旋转 RPY: (-89.1336, 29.4466, 0.5414) deg
[14:00:03.668] [info]   平移 XYZ: (0.1230, 0.0399, -0.0577) m
[14:00:03.698] [debug] [ManualAdjust] 旋转增量 RPY=(0.000, 0.000, 0.100)deg
[14:00:03.698] [info] [ManualAdjust] 当前外参 [lidar_0→cam_0]:
[14:00:03.698] [info]   旋转 RPY: (-89.1327, 29.5466, 0.5431) deg
[14:00:03.698] [info]   平移 XYZ: (0.1230, 0.0399, -0.0577) m
[14:00:03.728] [debug] [ManualAdjust] 旋转增量 RPY=(0.000, 0.000, 0.100)deg
[14:00:03.728] [info] [ManualAdjust] 当前外参 [lidar_0→cam_0]:
[14:00:03.728] [info]   旋转 RPY: (-89.1319, 29.6466, 0.5448) deg
[14:00:03.728] [info]   平移 XYZ: (0.1230, 0.0399, -0.0577) m
[14:00:03.759] [debug] [ManualAdjust] 旋转增量 RPY=(0.000, 0.000, 0.100)deg
[14:00:03.759] [info] [ManualAdjust] 当前外参 [lidar_0→cam_0]:
[14:00:03.759] [info]   旋转 RPY: (-89.1310, 29.7466, 0.5466) deg
[14:00:03.759] [info]   平移 XYZ: (0.1230, 0.0399, -0.0577) m
[14:00:03.790] [debug] [ManualAdjust] 旋转增量 RPY=(0.000, 0.000, 0.100)deg
[14:00:03.790] [info] [ManualAdjust] 当前外参 [lidar_0→cam_0]:
[14:00:03.790] [info]   旋转 RPY: (-89.1301, 29.8465, 0.5483) deg
[14:00:03.790] [info]   平移 XYZ: (0.1230, 0.0399, -0.0577) m
[14:00:03.819] [debug] [ManualAdjust] 旋转增量 RPY=(0.000, 0.000, 0.100)deg
[14:00:03.819] [info] [ManualAdjust] 当前外参 [lidar_0→cam_0]:
[14:00:03.819] [info]   旋转 RPY: (-89.1293, 29.9465, 0.5501) deg
[14:00:03.819] [info]   平移 XYZ: (0.1230, 0.0399, -0.0577) m
[14:00:03.849] [debug] [ManualAdjust] 旋转增量 RPY=(0.000, 0.000, 0.100)deg
[14:00:03.849] [info] [ManualAdjust] 当前外参 [lidar_0→cam_0]:
[14:00:03.849] [info]   旋转 RPY: (-89.1284, 30.0465, 0.5518) deg
[14:00:03.850] [info]   平移 XYZ: (0.1230, 0.0399, -0.0577) m
[14:00:03.879] [debug] [ManualAdjust] 旋转增量 RPY=(0.000, 0.000, 0.100)deg
[14:00:03.879] [info] [ManualAdjust] 当前外参 [lidar_0→cam_0]:
[14:00:03.879] [info]   旋转 RPY: (-89.1275, 30.1465, 0.5536) deg
[14:00:03.879] [info]   平移 XYZ: (0.1230, 0.0399, -0.0577) m
[14:00:03.910] [debug] [ManualAdjust] 旋转增量 RPY=(0.000, 0.000, 0.100)deg
[14:00:03.910] [info] [ManualAdjust] 当前外参 [lidar_0→cam_0]:
[14:00:03.910] [info]   旋转 RPY: (-89.1266, 30.2465, 0.5554) deg
[14:00:03.910] [info]   平移 XYZ: (0.1230, 0.0399, -0.0577) m
[14:00:03.941] [debug] [ManualAdjust] 旋转增量 RPY=(0.000, 0.000, 0.100)deg
[14:00:03.941] [info] [ManualAdjust] 当前外参 [lidar_0→cam_0]:
[14:00:03.941] [info]   旋转 RPY: (-89.1257, 30.3465, 0.5571) deg
[14:00:03.941] [info]   平移 XYZ: (0.1230, 0.0399, -0.0577) m
[14:00:03.971] [debug] [ManualAdjust] 旋转增量 RPY=(0.000, 0.000, 0.100)deg
[14:00:03.971] [info] [ManualAdjust] 当前外参 [lidar_0→cam_0]:
[14:00:03.971] [info]   旋转 RPY: (-89.1248, 30.4465, 0.5589) deg
[14:00:03.971] [info]   平移 XYZ: (0.1230, 0.0399, -0.0577) m
[14:00:04.001] [debug] [ManualAdjust] 旋转增量 RPY=(0.000, 0.000, 0.100)deg
[14:00:04.001] [info] [ManualAdjust] 当前外参 [lidar_0→cam_0]:
[14:00:04.001] [info]   旋转 RPY: (-89.1239, 30.5465, 0.5607) deg
[14:00:04.001] [info]   平移 XYZ: (0.1230, 0.0399, -0.0577) m
[14:00:04.031] [debug] [ManualAdjust] 旋转增量 RPY=(0.000, 0.000, 0.100)deg
[14:00:04.031] [info] [ManualAdjust] 当前外参 [lidar_0→cam_0]:
[14:00:04.031] [info]   旋转 RPY: (-89.1230, 30.6465, 0.5625) deg
[14:00:04.031] [info]   平移 XYZ: (0.1230, 0.0399, -0.0577) m
[14:00:04.062] [debug] [ManualAdjust] 旋转增量 RPY=(0.000, 0.000, 0.100)deg
[14:00:04.062] [info] [ManualAdjust] 当前外参 [lidar_0→cam_0]:
[14:00:04.062] [info]   旋转 RPY: (-89.1221, 30.7464, 0.5642) deg
[14:00:04.062] [info]   平移 XYZ: (0.1230, 0.0399, -0.0577) m
[14:00:04.091] [debug] [ManualAdjust] 旋转增量 RPY=(0.000, 0.000, 0.100)deg
[14:00:04.091] [info] [ManualAdjust] 当前外参 [lidar_0→cam_0]:
[14:00:04.091] [info]   旋转 RPY: (-89.1212, 30.8464, 0.5660) deg
[14:00:04.091] [info]   平移 XYZ: (0.1230, 0.0399, -0.0577) m
[14:00:04.121] [debug] [ManualAdjust] 旋转增量 RPY=(0.000, 0.000, 0.100)deg
[14:00:04.121] [info] [ManualAdjust] 当前外参 [lidar_0→cam_0]:
[14:00:04.121] [info]   旋转 RPY: (-89.1203, 30.9464, 0.5678) deg
[14:00:04.121] [info]   平移 XYZ: (0.1230, 0.0399, -0.0577) m
[14:00:04.151] [debug] [ManualAdjust] 旋转增量 RPY=(0.000, 0.000, 0.100)deg
[14:00:04.151] [info] [ManualAdjust] 当前外参 [lidar_0→cam_0]:
[14:00:04.151] [info]   旋转 RPY: (-89.1194, 31.0464, 0.5696) deg
[14:00:04.151] [info]   平移 XYZ: (0.1230, 0.0399, -0.0577) m
[14:00:04.181] [debug] [ManualAdjust] 旋转增量 RPY=(0.000, 0.000, 0.100)deg
[14:00:04.181] [info] [ManualAdjust] 当前外参 [lidar_0→cam_0]:
[14:00:04.181] [info]   旋转 RPY: (-89.1184, 31.1464, 0.5714) deg
[14:00:04.181] [info]   平移 XYZ: (0.1230, 0.0399, -0.0577) m
[14:00:04.211] [debug] [ManualAdjust] 旋转增量 RPY=(0.000, 0.000, 0.100)deg
[14:00:04.211] [info] [ManualAdjust] 当前外参 [lidar_0→cam_0]:
[14:00:04.211] [info]   旋转 RPY: (-89.1175, 31.2464, 0.5732) deg
[14:00:04.211] [info]   平移 XYZ: (0.1230, 0.0399, -0.0577) m
[14:00:04.241] [debug] [ManualAdjust] 旋转增量 RPY=(0.000, 0.000, 0.100)deg
[14:00:04.241] [info] [ManualAdjust] 当前外参 [lidar_0→cam_0]:
[14:00:04.241] [info]   旋转 RPY: (-89.1166, 31.3464, 0.5750) deg
[14:00:04.241] [info]   平移 XYZ: (0.1230, 0.0399, -0.0577) m
[14:00:04.271] [debug] [ManualAdjust] 旋转增量 RPY=(0.000, 0.000, 0.100)deg
[14:00:04.271] [info] [ManualAdjust] 当前外参 [lidar_0→cam_0]:
[14:00:04.271] [info]   旋转 RPY: (-89.1156, 31.4464, 0.5768) deg
[14:00:04.271] [info]   平移 XYZ: (0.1230, 0.0399, -0.0577) m
[14:00:04.301] [debug] [ManualAdjust] 旋转增量 RPY=(0.000, 0.000, 0.100)deg
[14:00:04.301] [info] [ManualAdjust] 当前外参 [lidar_0→cam_0]:
[14:00:04.301] [info]   旋转 RPY: (-89.1147, 31.5463, 0.5786) deg
[14:00:04.301] [info]   平移 XYZ: (0.1230, 0.0399, -0.0577) m
[14:00:04.331] [debug] [ManualAdjust] 旋转增量 RPY=(0.000, 0.000, 0.100)deg
[14:00:04.331] [info] [ManualAdjust] 当前外参 [lidar_0→cam_0]:
[14:00:04.331] [info]   旋转 RPY: (-89.1137, 31.6463, 0.5804) deg
[14:00:04.331] [info]   平移 XYZ: (0.1230, 0.0399, -0.0577) m
[14:00:04.361] [debug] [ManualAdjust] 旋转增量 RPY=(0.000, 0.000, 0.100)deg
[14:00:04.362] [info] [ManualAdjust] 当前外参 [lidar_0→cam_0]:
[14:00:04.362] [info]   旋转 RPY: (-89.1128, 31.7463, 0.5823) deg
[14:00:04.362] [info]   平移 XYZ: (0.1230, 0.0399, -0.0577) m
[14:00:04.391] [debug] [ManualAdjust] 旋转增量 RPY=(0.000, 0.000, 0.100)deg
[14:00:04.391] [info] [ManualAdjust] 当前外参 [lidar_0→cam_0]:
[14:00:04.391] [info]   旋转 RPY: (-89.1118, 31.8463, 0.5841) deg
[14:00:04.391] [info]   平移 XYZ: (0.1230, 0.0399, -0.0577) m
[14:00:04.421] [debug] [ManualAdjust] 旋转增量 RPY=(0.000, 0.000, 0.100)deg
[14:00:04.421] [info] [ManualAdjust] 当前外参 [lidar_0→cam_0]:
[14:00:04.421] [info]   旋转 RPY: (-89.1109, 31.9463, 0.5859) deg
[14:00:04.421] [info]   平移 XYZ: (0.1230, 0.0399, -0.0577) m
[14:00:04.451] [debug] [ManualAdjust] 旋转增量 RPY=(0.000, 0.000, 0.100)deg
[14:00:04.452] [info] [ManualAdjust] 当前外参 [lidar_0→cam_0]:
[14:00:04.452] [info]   旋转 RPY: (-89.1099, 32.0463, 0.5877) deg
[14:00:04.452] [info]   平移 XYZ: (0.1230, 0.0399, -0.0577) m
[14:00:04.481] [debug] [ManualAdjust] 旋转增量 RPY=(0.000, 0.000, 0.100)deg
[14:00:04.481] [info] [ManualAdjust] 当前外参 [lidar_0→cam_0]:
[14:00:04.481] [info]   旋转 RPY: (-89.1089, 32.1463, 0.5896) deg
[14:00:04.481] [info]   平移 XYZ: (0.1230, 0.0399, -0.0577) m
[14:00:04.511] [debug] [ManualAdjust] 旋转增量 RPY=(0.000, 0.000, 0.100)deg
[14:00:04.512] [info] [ManualAdjust] 当前外参 [lidar_0→cam_0]:
[14:00:04.512] [info]   旋转 RPY: (-89.1079, 32.2463, 0.5914) deg
[14:00:04.512] [info]   平移 XYZ: (0.1230, 0.0399, -0.0577) m
[14:00:04.541] [debug] [ManualAdjust] 旋转增量 RPY=(0.000, 0.000, 0.100)deg
[14:00:04.541] [info] [ManualAdjust] 当前外参 [lidar_0→cam_0]:
[14:00:04.541] [info]   旋转 RPY: (-89.1069, 32.3463, 0.5933) deg
[14:00:04.541] [info]   平移 XYZ: (0.1230, 0.0399, -0.0577) m
[14:00:04.572] [debug] [ManualAdjust] 旋转增量 RPY=(0.000, 0.000, 0.100)deg
[14:00:04.572] [info] [ManualAdjust] 当前外参 [lidar_0→cam_0]:
[14:00:04.572] [info]   旋转 RPY: (-89.1060, 32.4462, 0.5951) deg
[14:00:04.572] [info]   平移 XYZ: (0.1230, 0.0399, -0.0577) m
[14:00:04.602] [debug] [ManualAdjust] 旋转增量 RPY=(0.000, 0.000, 0.100)deg
[14:00:04.602] [info] [ManualAdjust] 当前外参 [lidar_0→cam_0]:
[14:00:04.602] [info]   旋转 RPY: (-89.1050, 32.5462, 0.5969) deg
[14:00:04.602] [info]   平移 XYZ: (0.1230, 0.0399, -0.0577) m
[14:00:04.632] [debug] [ManualAdjust] 旋转增量 RPY=(0.000, 0.000, 0.100)deg
[14:00:04.632] [info] [ManualAdjust] 当前外参 [lidar_0→cam_0]:
[14:00:04.632] [info]   旋转 RPY: (-89.1040, 32.6462, 0.5988) deg
[14:00:04.632] [info]   平移 XYZ: (0.1230, 0.0399, -0.0577) m
[14:00:04.662] [debug] [ManualAdjust] 旋转增量 RPY=(0.000, 0.000, 0.100)deg
[14:00:04.662] [info] [ManualAdjust] 当前外参 [lidar_0→cam_0]:
[14:00:04.662] [info]   旋转 RPY: (-89.1030, 32.7462, 0.6007) deg
[14:00:04.662] [info]   平移 XYZ: (0.1230, 0.0399, -0.0577) m
[14:00:04.692] [debug] [ManualAdjust] 旋转增量 RPY=(0.000, 0.000, 0.100)deg
[14:00:04.692] [info] [ManualAdjust] 当前外参 [lidar_0→cam_0]:
[14:00:04.692] [info]   旋转 RPY: (-89.1019, 32.8462, 0.6025) deg
[14:00:04.692] [info]   平移 XYZ: (0.1230, 0.0399, -0.0577) m
[14:00:04.722] [debug] [ManualAdjust] 旋转增量 RPY=(0.000, 0.000, 0.100)deg
[14:00:04.722] [info] [ManualAdjust] 当前外参 [lidar_0→cam_0]:
[14:00:04.722] [info]   旋转 RPY: (-89.1009, 32.9462, 0.6044) deg
[14:00:04.722] [info]   平移 XYZ: (0.1230, 0.0399, -0.0577) m
[14:00:04.752] [debug] [ManualAdjust] 旋转增量 RPY=(0.000, 0.000, 0.100)deg
[14:00:04.752] [info] [ManualAdjust] 当前外参 [lidar_0→cam_0]:
[14:00:04.752] [info]   旋转 RPY: (-89.0999, 33.0462, 0.6063) deg
[14:00:04.752] [info]   平移 XYZ: (0.1230, 0.0399, -0.0577) m
[14:00:04.782] [debug] [ManualAdjust] 旋转增量 RPY=(0.000, 0.000, 0.100)deg
[14:00:04.782] [info] [ManualAdjust] 当前外参 [lidar_0→cam_0]:
[14:00:04.782] [info]   旋转 RPY: (-89.0989, 33.1462, 0.6081) deg
[14:00:04.782] [info]   平移 XYZ: (0.1230, 0.0399, -0.0577) m
[14:00:04.812] [debug] [ManualAdjust] 旋转增量 RPY=(0.000, 0.000, 0.100)deg
[14:00:04.813] [info] [ManualAdjust] 当前外参 [lidar_0→cam_0]:
[14:00:04.813] [info]   旋转 RPY: (-89.0979, 33.2461, 0.6100) deg
[14:00:04.813] [info]   平移 XYZ: (0.1230, 0.0399, -0.0577) m
[14:00:04.842] [debug] [ManualAdjust] 旋转增量 RPY=(0.000, 0.000, 0.100)deg
[14:00:04.842] [info] [ManualAdjust] 当前外参 [lidar_0→cam_0]:
[14:00:04.842] [info]   旋转 RPY: (-89.0968, 33.3461, 0.6119) deg
[14:00:04.842] [info]   平移 XYZ: (0.1230, 0.0399, -0.0577) m
[14:00:04.872] [debug] [ManualAdjust] 旋转增量 RPY=(0.000, 0.000, 0.100)deg
[14:00:04.872] [info] [ManualAdjust] 当前外参 [lidar_0→cam_0]:
[14:00:04.872] [info]   旋转 RPY: (-89.0958, 33.4461, 0.6138) deg
[14:00:04.872] [info]   平移 XYZ: (0.1230, 0.0399, -0.0577) m
[14:00:04.902] [debug] [ManualAdjust] 旋转增量 RPY=(0.000, 0.000, 0.100)deg
[14:00:04.902] [info] [ManualAdjust] 当前外参 [lidar_0→cam_0]:
[14:00:04.902] [info]   旋转 RPY: (-89.0947, 33.5461, 0.6157) deg
[14:00:04.902] [info]   平移 XYZ: (0.1230, 0.0399, -0.0577) m
[14:00:04.932] [debug] [ManualAdjust] 旋转增量 RPY=(0.000, 0.000, 0.100)deg
[14:00:04.932] [info] [ManualAdjust] 当前外参 [lidar_0→cam_0]:
[14:00:04.932] [info]   旋转 RPY: (-89.0937, 33.6461, 0.6176) deg
[14:00:04.932] [info]   平移 XYZ: (0.1230, 0.0399, -0.0577) m
[14:00:04.962] [debug] [ManualAdjust] 旋转增量 RPY=(0.000, 0.000, 0.100)deg
[14:00:04.962] [info] [ManualAdjust] 当前外参 [lidar_0→cam_0]:
[14:00:04.962] [info]   旋转 RPY: (-89.0926, 33.7461, 0.6195) deg
[14:00:04.962] [info]   平移 XYZ: (0.1230, 0.0399, -0.0577) m
[14:00:04.992] [debug] [ManualAdjust] 旋转增量 RPY=(0.000, 0.000, 0.100)deg
[14:00:04.992] [info] [ManualAdjust] 当前外参 [lidar_0→cam_0]:
[14:00:04.992] [info]   旋转 RPY: (-89.0916, 33.8461, 0.6214) deg
[14:00:04.992] [info]   平移 XYZ: (0.1230, 0.0399, -0.0577) m
[14:00:05.022] [debug] [ManualAdjust] 旋转增量 RPY=(0.000, 0.000, 0.100)deg
[14:00:05.022] [info] [ManualAdjust] 当前外参 [lidar_0→cam_0]:
[14:00:05.022] [info]   旋转 RPY: (-89.0905, 33.9461, 0.6233) deg
[14:00:05.022] [info]   平移 XYZ: (0.1230, 0.0399, -0.0577) m
[14:00:05.052] [debug] [ManualAdjust] 旋转增量 RPY=(0.000, 0.000, 0.100)deg
[14:00:05.052] [info] [ManualAdjust] 当前外参 [lidar_0→cam_0]:
[14:00:05.052] [info]   旋转 RPY: (-89.0894, 34.0460, 0.6252) deg
[14:00:05.052] [info]   平移 XYZ: (0.1230, 0.0399, -0.0577) m
[14:00:05.083] [debug] [ManualAdjust] 旋转增量 RPY=(0.000, 0.000, 0.100)deg
[14:00:05.083] [info] [ManualAdjust] 当前外参 [lidar_0→cam_0]:
[14:00:05.083] [info]   旋转 RPY: (-89.0884, 34.1460, 0.6271) deg
[14:00:05.083] [info]   平移 XYZ: (0.1230, 0.0399, -0.0577) m
[14:00:05.113] [debug] [ManualAdjust] 旋转增量 RPY=(0.000, 0.000, 0.100)deg
[14:00:05.113] [info] [ManualAdjust] 当前外参 [lidar_0→cam_0]:
[14:00:05.113] [info]   旋转 RPY: (-89.0873, 34.2460, 0.6291) deg
[14:00:05.113] [info]   平移 XYZ: (0.1230, 0.0399, -0.0577) m
[14:00:05.144] [debug] [ManualAdjust] 旋转增量 RPY=(0.000, 0.000, 0.100)deg
[14:00:05.144] [info] [ManualAdjust] 当前外参 [lidar_0→cam_0]:
[14:00:05.144] [info]   旋转 RPY: (-89.0862, 34.3460, 0.6310) deg
[14:00:05.144] [info]   平移 XYZ: (0.1230, 0.0399, -0.0577) m
[14:00:05.175] [debug] [ManualAdjust] 旋转增量 RPY=(0.000, 0.000, 0.100)deg
[14:00:05.175] [info] [ManualAdjust] 当前外参 [lidar_0→cam_0]:
[14:00:05.175] [info]   旋转 RPY: (-89.0851, 34.4460, 0.6329) deg
[14:00:05.175] [info]   平移 XYZ: (0.1230, 0.0399, -0.0577) m
[14:00:05.205] [debug] [ManualAdjust] 旋转增量 RPY=(0.000, 0.000, 0.100)deg
[14:00:05.205] [info] [ManualAdjust] 当前外参 [lidar_0→cam_0]:
[14:00:05.205] [info]   旋转 RPY: (-89.0840, 34.5460, 0.6349) deg
[14:00:05.205] [info]   平移 XYZ: (0.1230, 0.0399, -0.0577) m
[14:00:05.235] [debug] [ManualAdjust] 旋转增量 RPY=(0.000, 0.000, 0.100)deg
[14:00:05.235] [info] [ManualAdjust] 当前外参 [lidar_0→cam_0]:
[14:00:05.235] [info]   旋转 RPY: (-89.0829, 34.6460, 0.6368) deg
[14:00:05.235] [info]   平移 XYZ: (0.1230, 0.0399, -0.0577) m
[14:00:05.265] [debug] [ManualAdjust] 旋转增量 RPY=(0.000, 0.000, 0.100)deg
[14:00:05.265] [info] [ManualAdjust] 当前外参 [lidar_0→cam_0]:
[14:00:05.265] [info]   旋转 RPY: (-89.0818, 34.7460, 0.6388) deg
[14:00:05.265] [info]   平移 XYZ: (0.1230, 0.0399, -0.0577) m
[14:00:05.296] [debug] [ManualAdjust] 旋转增量 RPY=(0.000, 0.000, 0.100)deg
[14:00:05.296] [info] [ManualAdjust] 当前外参 [lidar_0→cam_0]:
[14:00:05.296] [info]   旋转 RPY: (-89.0807, 34.8459, 0.6407) deg
[14:00:05.296] [info]   平移 XYZ: (0.1230, 0.0399, -0.0577) m
[14:00:05.327] [debug] [ManualAdjust] 旋转增量 RPY=(0.000, 0.000, 0.100)deg
[14:00:05.327] [info] [ManualAdjust] 当前外参 [lidar_0→cam_0]:
[14:00:05.327] [info]   旋转 RPY: (-89.0796, 34.9459, 0.6427) deg
[14:00:05.327] [info]   平移 XYZ: (0.1230, 0.0399, -0.0577) m
[14:00:05.358] [debug] [ManualAdjust] 旋转增量 RPY=(0.000, 0.000, 0.100)deg
[14:00:05.358] [info] [ManualAdjust] 当前外参 [lidar_0→cam_0]:
[14:00:05.358] [info]   旋转 RPY: (-89.0784, 35.0459, 0.6446) deg
[14:00:05.358] [info]   平移 XYZ: (0.1230, 0.0399, -0.0577) m
[14:00:05.388] [debug] [ManualAdjust] 旋转增量 RPY=(0.000, 0.000, 0.100)deg
[14:00:05.388] [info] [ManualAdjust] 当前外参 [lidar_0→cam_0]:
[14:00:05.388] [info]   旋转 RPY: (-89.0773, 35.1459, 0.6466) deg
[14:00:05.388] [info]   平移 XYZ: (0.1230, 0.0399, -0.0577) m
[14:00:05.418] [debug] [ManualAdjust] 旋转增量 RPY=(0.000, 0.000, 0.100)deg
[14:00:05.418] [info] [ManualAdjust] 当前外参 [lidar_0→cam_0]:
[14:00:05.418] [info]   旋转 RPY: (-89.0762, 35.2459, 0.6486) deg
[14:00:05.418] [info]   平移 XYZ: (0.1230, 0.0399, -0.0577) m
[14:00:05.448] [debug] [ManualAdjust] 旋转增量 RPY=(0.000, 0.000, 0.100)deg
[14:00:05.448] [info] [ManualAdjust] 当前外参 [lidar_0→cam_0]:
[14:00:05.448] [info]   旋转 RPY: (-89.0750, 35.3459, 0.6505) deg
[14:00:05.448] [info]   平移 XYZ: (0.1230, 0.0399, -0.0577) m
[14:00:05.478] [debug] [ManualAdjust] 旋转增量 RPY=(0.000, 0.000, 0.100)deg
[14:00:05.478] [info] [ManualAdjust] 当前外参 [lidar_0→cam_0]:
[14:00:05.478] [info]   旋转 RPY: (-89.0739, 35.4459, 0.6525) deg
[14:00:05.478] [info]   平移 XYZ: (0.1230, 0.0399, -0.0577) m
[14:00:05.508] [debug] [ManualAdjust] 旋转增量 RPY=(0.000, 0.000, 0.100)deg
[14:00:05.509] [info] [ManualAdjust] 当前外参 [lidar_0→cam_0]:
[14:00:05.509] [info]   旋转 RPY: (-89.0727, 35.5458, 0.6545) deg
[14:00:05.509] [info]   平移 XYZ: (0.1230, 0.0399, -0.0577) m
[14:00:05.538] [debug] [ManualAdjust] 旋转增量 RPY=(0.000, 0.000, 0.100)deg
[14:00:05.538] [info] [ManualAdjust] 当前外参 [lidar_0→cam_0]:
[14:00:05.538] [info]   旋转 RPY: (-89.0716, 35.6458, 0.6565) deg
[14:00:05.538] [info]   平移 XYZ: (0.1230, 0.0399, -0.0577) m
[14:00:05.568] [debug] [ManualAdjust] 旋转增量 RPY=(0.000, 0.000, 0.100)deg
[14:00:05.568] [info] [ManualAdjust] 当前外参 [lidar_0→cam_0]:
[14:00:05.568] [info]   旋转 RPY: (-89.0704, 35.7458, 0.6585) deg
[14:00:05.568] [info]   平移 XYZ: (0.1230, 0.0399, -0.0577) m
[14:00:05.598] [debug] [ManualAdjust] 旋转增量 RPY=(0.000, 0.000, 0.100)deg
[14:00:05.598] [info] [ManualAdjust] 当前外参 [lidar_0→cam_0]:
[14:00:05.598] [info]   旋转 RPY: (-89.0692, 35.8458, 0.6605) deg
[14:00:05.598] [info]   平移 XYZ: (0.1230, 0.0399, -0.0577) m
[14:00:05.628] [debug] [ManualAdjust] 旋转增量 RPY=(0.000, 0.000, 0.100)deg
[14:00:05.628] [info] [ManualAdjust] 当前外参 [lidar_0→cam_0]:
[14:00:05.628] [info]   旋转 RPY: (-89.0680, 35.9458, 0.6625) deg
[14:00:05.628] [info]   平移 XYZ: (0.1230, 0.0399, -0.0577) m
[14:00:05.658] [debug] [ManualAdjust] 旋转增量 RPY=(0.000, 0.000, 0.100)deg
[14:00:05.658] [info] [ManualAdjust] 当前外参 [lidar_0→cam_0]:
[14:00:05.658] [info]   旋转 RPY: (-89.0669, 36.0458, 0.6645) deg
[14:00:05.658] [info]   平移 XYZ: (0.1230, 0.0399, -0.0577) m
[14:00:05.688] [debug] [ManualAdjust] 旋转增量 RPY=(0.000, 0.000, 0.100)deg
[14:00:05.688] [info] [ManualAdjust] 当前外参 [lidar_0→cam_0]:
[14:00:05.688] [info]   旋转 RPY: (-89.0657, 36.1458, 0.6665) deg
[14:00:05.688] [info]   平移 XYZ: (0.1230, 0.0399, -0.0577) m
[14:00:05.718] [debug] [ManualAdjust] 旋转增量 RPY=(0.000, 0.000, 0.100)deg
[14:00:05.718] [info] [ManualAdjust] 当前外参 [lidar_0→cam_0]:
[14:00:05.718] [info]   旋转 RPY: (-89.0645, 36.2458, 0.6686) deg
[14:00:05.718] [info]   平移 XYZ: (0.1230, 0.0399, -0.0577) m
[14:00:05.748] [debug] [ManualAdjust] 旋转增量 RPY=(0.000, 0.000, 0.100)deg
[14:00:05.748] [info] [ManualAdjust] 当前外参 [lidar_0→cam_0]:
[14:00:05.748] [info]   旋转 RPY: (-89.0633, 36.3457, 0.6706) deg
[14:00:05.748] [info]   平移 XYZ: (0.1230, 0.0399, -0.0577) m
[14:00:05.778] [debug] [ManualAdjust] 旋转增量 RPY=(0.000, 0.000, 0.100)deg
[14:00:05.778] [info] [ManualAdjust] 当前外参 [lidar_0→cam_0]:
[14:00:05.778] [info]   旋转 RPY: (-89.0621, 36.4457, 0.6726) deg
[14:00:05.778] [info]   平移 XYZ: (0.1230, 0.0399, -0.0577) m
[14:00:05.809] [debug] [ManualAdjust] 旋转增量 RPY=(0.000, 0.000, 0.100)deg
[14:00:05.809] [info] [ManualAdjust] 当前外参 [lidar_0→cam_0]:
[14:00:05.809] [info]   旋转 RPY: (-89.0609, 36.5457, 0.6747) deg
[14:00:05.809] [info]   平移 XYZ: (0.1230, 0.0399, -0.0577) m
[14:00:05.840] [debug] [ManualAdjust] 旋转增量 RPY=(0.000, 0.000, 0.100)deg
[14:00:05.840] [info] [ManualAdjust] 当前外参 [lidar_0→cam_0]:
[14:00:05.840] [info]   旋转 RPY: (-89.0596, 36.6457, 0.6767) deg
[14:00:05.840] [info]   平移 XYZ: (0.1230, 0.0399, -0.0577) m
[14:00:05.869] [debug] [ManualAdjust] 旋转增量 RPY=(0.000, 0.000, 0.100)deg
[14:00:05.869] [info] [ManualAdjust] 当前外参 [lidar_0→cam_0]:
[14:00:05.869] [info]   旋转 RPY: (-89.0584, 36.7457, 0.6788) deg
[14:00:05.869] [info]   平移 XYZ: (0.1230, 0.0399, -0.0577) m
[14:00:05.899] [debug] [ManualAdjust] 旋转增量 RPY=(0.000, 0.000, 0.100)deg
[14:00:05.899] [info] [ManualAdjust] 当前外参 [lidar_0→cam_0]:
[14:00:05.899] [info]   旋转 RPY: (-89.0572, 36.8457, 0.6808) deg
[14:00:05.899] [info]   平移 XYZ: (0.1230, 0.0399, -0.0577) m
[14:00:05.929] [debug] [ManualAdjust] 旋转增量 RPY=(0.000, 0.000, 0.100)deg
[14:00:05.929] [info] [ManualAdjust] 当前外参 [lidar_0→cam_0]:
[14:00:05.929] [info]   旋转 RPY: (-89.0560, 36.9457, 0.6829) deg
[14:00:05.929] [info]   平移 XYZ: (0.1230, 0.0399, -0.0577) m
[14:00:05.960] [debug] [ManualAdjust] 旋转增量 RPY=(0.000, 0.000, 0.100)deg
[14:00:05.960] [info] [ManualAdjust] 当前外参 [lidar_0→cam_0]:
[14:00:05.960] [info]   旋转 RPY: (-89.0547, 37.0456, 0.6849) deg
[14:00:05.960] [info]   平移 XYZ: (0.1230, 0.0399, -0.0577) m
[14:00:05.990] [debug] [ManualAdjust] 旋转增量 RPY=(0.000, 0.000, 0.100)deg
[14:00:05.990] [info] [ManualAdjust] 当前外参 [lidar_0→cam_0]:
[14:00:05.990] [info]   旋转 RPY: (-89.0535, 37.1456, 0.6870) deg
[14:00:05.990] [info]   平移 XYZ: (0.1230, 0.0399, -0.0577) m
[14:00:06.021] [debug] [ManualAdjust] 旋转增量 RPY=(0.000, 0.000, 0.100)deg
[14:00:06.021] [info] [ManualAdjust] 当前外参 [lidar_0→cam_0]:
[14:00:06.021] [info]   旋转 RPY: (-89.0522, 37.2456, 0.6891) deg
[14:00:06.021] [info]   平移 XYZ: (0.1230, 0.0399, -0.0577) m
[14:00:06.051] [debug] [ManualAdjust] 旋转增量 RPY=(0.000, 0.000, 0.100)deg
[14:00:06.051] [info] [ManualAdjust] 当前外参 [lidar_0→cam_0]:
[14:00:06.051] [info]   旋转 RPY: (-89.0510, 37.3456, 0.6912) deg
[14:00:06.051] [info]   平移 XYZ: (0.1230, 0.0399, -0.0577) m
[14:00:06.081] [debug] [ManualAdjust] 旋转增量 RPY=(0.000, 0.000, 0.100)deg
[14:00:06.081] [info] [ManualAdjust] 当前外参 [lidar_0→cam_0]:
[14:00:06.081] [info]   旋转 RPY: (-89.0497, 37.4456, 0.6932) deg
[14:00:06.081] [info]   平移 XYZ: (0.1230, 0.0399, -0.0577) m
[14:00:06.111] [debug] [ManualAdjust] 旋转增量 RPY=(0.000, 0.000, 0.100)deg
[14:00:06.111] [info] [ManualAdjust] 当前外参 [lidar_0→cam_0]:
[14:00:06.111] [info]   旋转 RPY: (-89.0484, 37.5456, 0.6953) deg
[14:00:06.111] [info]   平移 XYZ: (0.1230, 0.0399, -0.0577) m
[14:00:06.141] [debug] [ManualAdjust] 旋转增量 RPY=(0.000, 0.000, 0.100)deg
[14:00:06.141] [info] [ManualAdjust] 当前外参 [lidar_0→cam_0]:
[14:00:06.141] [info]   旋转 RPY: (-89.0471, 37.6456, 0.6974) deg
[14:00:06.141] [info]   平移 XYZ: (0.1230, 0.0399, -0.0577) m
[14:00:06.171] [debug] [ManualAdjust] 旋转增量 RPY=(0.000, 0.000, 0.100)deg
[14:00:06.171] [info] [ManualAdjust] 当前外参 [lidar_0→cam_0]:
[14:00:06.171] [info]   旋转 RPY: (-89.0458, 37.7456, 0.6995) deg
[14:00:06.171] [info]   平移 XYZ: (0.1230, 0.0399, -0.0577) m
[14:00:06.201] [debug] [ManualAdjust] 旋转增量 RPY=(0.000, 0.000, 0.100)deg
[14:00:06.201] [info] [ManualAdjust] 当前外参 [lidar_0→cam_0]:
[14:00:06.201] [info]   旋转 RPY: (-89.0446, 37.8455, 0.7016) deg
[14:00:06.201] [info]   平移 XYZ: (0.1230, 0.0399, -0.0577) m
[14:00:06.231] [debug] [ManualAdjust] 旋转增量 RPY=(0.000, 0.000, 0.100)deg
[14:00:06.231] [info] [ManualAdjust] 当前外参 [lidar_0→cam_0]:
[14:00:06.231] [info]   旋转 RPY: (-89.0433, 37.9455, 0.7038) deg
[14:00:06.231] [info]   平移 XYZ: (0.1230, 0.0399, -0.0577) m
[14:00:06.262] [debug] [ManualAdjust] 旋转增量 RPY=(0.000, 0.000, 0.100)deg
[14:00:06.262] [info] [ManualAdjust] 当前外参 [lidar_0→cam_0]:
[14:00:06.262] [info]   旋转 RPY: (-89.0420, 38.0455, 0.7059) deg
[14:00:06.262] [info]   平移 XYZ: (0.1230, 0.0399, -0.0577) m
[14:00:06.293] [debug] [ManualAdjust] 旋转增量 RPY=(0.000, 0.000, 0.100)deg
[14:00:06.293] [info] [ManualAdjust] 当前外参 [lidar_0→cam_0]:
[14:00:06.293] [info]   旋转 RPY: (-89.0406, 38.1455, 0.7080) deg
[14:00:06.293] [info]   平移 XYZ: (0.1230, 0.0399, -0.0577) m
[14:00:06.322] [debug] [ManualAdjust] 旋转增量 RPY=(0.000, 0.000, 0.100)deg
[14:00:06.322] [info] [ManualAdjust] 当前外参 [lidar_0→cam_0]:
[14:00:06.322] [info]   旋转 RPY: (-89.0393, 38.2455, 0.7101) deg
[14:00:06.322] [info]   平移 XYZ: (0.1230, 0.0399, -0.0577) m
[14:00:06.352] [debug] [ManualAdjust] 旋转增量 RPY=(0.000, 0.000, 0.100)deg
[14:00:06.352] [info] [ManualAdjust] 当前外参 [lidar_0→cam_0]:
[14:00:06.352] [info]   旋转 RPY: (-89.0380, 38.3455, 0.7123) deg
[14:00:06.352] [info]   平移 XYZ: (0.1230, 0.0399, -0.0577) m
[14:00:06.382] [debug] [ManualAdjust] 旋转增量 RPY=(0.000, 0.000, 0.100)deg
[14:00:06.382] [info] [ManualAdjust] 当前外参 [lidar_0→cam_0]:
[14:00:06.382] [info]   旋转 RPY: (-89.0367, 38.4455, 0.7144) deg
[14:00:06.382] [info]   平移 XYZ: (0.1230, 0.0399, -0.0577) m
[14:00:06.412] [debug] [ManualAdjust] 旋转增量 RPY=(0.000, 0.000, 0.100)deg
[14:00:06.412] [info] [ManualAdjust] 当前外参 [lidar_0→cam_0]:
[14:00:06.412] [info]   旋转 RPY: (-89.0353, 38.5454, 0.7166) deg
[14:00:06.412] [info]   平移 XYZ: (0.1230, 0.0399, -0.0577) m
[14:00:06.442] [debug] [ManualAdjust] 旋转增量 RPY=(0.000, 0.000, 0.100)deg
[14:00:06.442] [info] [ManualAdjust] 当前外参 [lidar_0→cam_0]:
[14:00:06.442] [info]   旋转 RPY: (-89.0340, 38.6454, 0.7187) deg
[14:00:06.442] [info]   平移 XYZ: (0.1230, 0.0399, -0.0577) m
[14:00:06.472] [debug] [ManualAdjust] 旋转增量 RPY=(0.000, 0.000, 0.100)deg
[14:00:06.472] [info] [ManualAdjust] 当前外参 [lidar_0→cam_0]:
[14:00:06.472] [info]   旋转 RPY: (-89.0326, 38.7454, 0.7209) deg
[14:00:06.472] [info]   平移 XYZ: (0.1230, 0.0399, -0.0577) m
[14:00:06.502] [debug] [ManualAdjust] 旋转增量 RPY=(0.000, 0.000, 0.100)deg
[14:00:06.502] [info] [ManualAdjust] 当前外参 [lidar_0→cam_0]:
[14:00:06.502] [info]   旋转 RPY: (-89.0313, 38.8454, 0.7230) deg
[14:00:06.502] [info]   平移 XYZ: (0.1230, 0.0399, -0.0577) m
[14:00:06.532] [debug] [ManualAdjust] 旋转增量 RPY=(0.000, 0.000, 0.100)deg
[14:00:06.532] [info] [ManualAdjust] 当前外参 [lidar_0→cam_0]:
[14:00:06.532] [info]   旋转 RPY: (-89.0299, 38.9454, 0.7252) deg
[14:00:06.532] [info]   平移 XYZ: (0.1230, 0.0399, -0.0577) m
[14:00:06.562] [debug] [ManualAdjust] 旋转增量 RPY=(0.000, 0.000, 0.100)deg
[14:00:06.562] [info] [ManualAdjust] 当前外参 [lidar_0→cam_0]:
[14:00:06.562] [info]   旋转 RPY: (-89.0285, 39.0454, 0.7274) deg
[14:00:06.562] [info]   平移 XYZ: (0.1230, 0.0399, -0.0577) m
[14:00:06.592] [debug] [ManualAdjust] 旋转增量 RPY=(0.000, 0.000, 0.100)deg
[14:00:06.592] [info] [ManualAdjust] 当前外参 [lidar_0→cam_0]:
[14:00:06.592] [info]   旋转 RPY: (-89.0272, 39.1454, 0.7296) deg
[14:00:06.592] [info]   平移 XYZ: (0.1230, 0.0399, -0.0577) m
[14:00:06.622] [debug] [ManualAdjust] 旋转增量 RPY=(0.000, 0.000, 0.100)deg
[14:00:06.622] [info] [ManualAdjust] 当前外参 [lidar_0→cam_0]:
[14:00:06.622] [info]   旋转 RPY: (-89.0258, 39.2453, 0.7318) deg
[14:00:06.622] [info]   平移 XYZ: (0.1230, 0.0399, -0.0577) m
[14:00:06.652] [debug] [ManualAdjust] 旋转增量 RPY=(0.000, 0.000, 0.100)deg
[14:00:06.652] [info] [ManualAdjust] 当前外参 [lidar_0→cam_0]:
[14:00:06.652] [info]   旋转 RPY: (-89.0244, 39.3453, 0.7340) deg
[14:00:06.652] [info]   平移 XYZ: (0.1230, 0.0399, -0.0577) m
[14:00:06.682] [debug] [ManualAdjust] 旋转增量 RPY=(0.000, 0.000, 0.100)deg
[14:00:06.682] [info] [ManualAdjust] 当前外参 [lidar_0→cam_0]:
[14:00:06.682] [info]   旋转 RPY: (-89.0230, 39.4453, 0.7362) deg
[14:00:06.682] [info]   平移 XYZ: (0.1230, 0.0399, -0.0577) m
[14:00:06.713] [debug] [ManualAdjust] 旋转增量 RPY=(0.000, 0.000, 0.100)deg
[14:00:06.713] [info] [ManualAdjust] 当前外参 [lidar_0→cam_0]:
[14:00:06.713] [info]   旋转 RPY: (-89.0216, 39.5453, 0.7384) deg
[14:00:06.713] [info]   平移 XYZ: (0.1230, 0.0399, -0.0577) m
[14:00:06.743] [debug] [ManualAdjust] 旋转增量 RPY=(0.000, 0.000, 0.100)deg
[14:00:06.743] [info] [ManualAdjust] 当前外参 [lidar_0→cam_0]:
[14:00:06.743] [info]   旋转 RPY: (-89.0202, 39.6453, 0.7406) deg
[14:00:06.743] [info]   平移 XYZ: (0.1230, 0.0399, -0.0577) m
[14:00:06.773] [debug] [ManualAdjust] 旋转增量 RPY=(0.000, 0.000, 0.100)deg
[14:00:06.773] [info] [ManualAdjust] 当前外参 [lidar_0→cam_0]:
[14:00:06.773] [info]   旋转 RPY: (-89.0187, 39.7453, 0.7428) deg
[14:00:06.773] [info]   平移 XYZ: (0.1230, 0.0399, -0.0577) m
[14:00:06.803] [debug] [ManualAdjust] 旋转增量 RPY=(0.000, 0.000, 0.100)deg
[14:00:06.803] [info] [ManualAdjust] 当前外参 [lidar_0→cam_0]:
[14:00:06.803] [info]   旋转 RPY: (-89.0173, 39.8453, 0.7451) deg
[14:00:06.803] [info]   平移 XYZ: (0.1230, 0.0399, -0.0577) m
[14:00:06.834] [debug] [ManualAdjust] 旋转增量 RPY=(0.000, 0.000, 0.100)deg
[14:00:06.834] [info] [ManualAdjust] 当前外参 [lidar_0→cam_0]:
[14:00:06.834] [info]   旋转 RPY: (-89.0159, 39.9452, 0.7473) deg
[14:00:06.834] [info]   平移 XYZ: (0.1230, 0.0399, -0.0577) m
[14:00:06.864] [debug] [ManualAdjust] 旋转增量 RPY=(0.000, 0.000, 0.100)deg
[14:00:06.864] [info] [ManualAdjust] 当前外参 [lidar_0→cam_0]:
[14:00:06.864] [info]   旋转 RPY: (-89.0144, 40.0452, 0.7495) deg
[14:00:06.864] [info]   平移 XYZ: (0.1230, 0.0399, -0.0577) m
[14:00:06.894] [debug] [ManualAdjust] 旋转增量 RPY=(0.000, 0.000, 0.100)deg
[14:00:06.894] [info] [ManualAdjust] 当前外参 [lidar_0→cam_0]:
[14:00:06.894] [info]   旋转 RPY: (-89.0130, 40.1452, 0.7518) deg
[14:00:06.894] [info]   平移 XYZ: (0.1230, 0.0399, -0.0577) m
[14:00:06.925] [debug] [ManualAdjust] 旋转增量 RPY=(0.000, 0.000, 0.100)deg
[14:00:06.925] [info] [ManualAdjust] 当前外参 [lidar_0→cam_0]:
[14:00:06.925] [info]   旋转 RPY: (-89.0115, 40.2452, 0.7541) deg
[14:00:06.925] [info]   平移 XYZ: (0.1230, 0.0399, -0.0577) m
[14:00:06.955] [debug] [ManualAdjust] 旋转增量 RPY=(0.000, 0.000, 0.100)deg
[14:00:06.955] [info] [ManualAdjust] 当前外参 [lidar_0→cam_0]:
[14:00:06.955] [info]   旋转 RPY: (-89.0101, 40.3452, 0.7563) deg
[14:00:06.955] [info]   平移 XYZ: (0.1230, 0.0399, -0.0577) m
[14:00:06.985] [debug] [ManualAdjust] 旋转增量 RPY=(0.000, 0.000, 0.100)deg
[14:00:06.985] [info] [ManualAdjust] 当前外参 [lidar_0→cam_0]:
[14:00:06.985] [info]   旋转 RPY: (-89.0086, 40.4452, 0.7586) deg
[14:00:06.985] [info]   平移 XYZ: (0.1230, 0.0399, -0.0577) m
[14:00:07.015] [debug] [ManualAdjust] 旋转增量 RPY=(0.000, 0.000, 0.100)deg
[14:00:07.015] [info] [ManualAdjust] 当前外参 [lidar_0→cam_0]:
[14:00:07.015] [info]   旋转 RPY: (-89.0071, 40.5451, 0.7609) deg
[14:00:07.015] [info]   平移 XYZ: (0.1230, 0.0399, -0.0577) m
[14:00:07.046] [debug] [ManualAdjust] 旋转增量 RPY=(0.000, 0.000, 0.100)deg
[14:00:07.046] [info] [ManualAdjust] 当前外参 [lidar_0→cam_0]:
[14:00:07.046] [info]   旋转 RPY: (-89.0056, 40.6451, 0.7631) deg
[14:00:07.046] [info]   平移 XYZ: (0.1230, 0.0399, -0.0577) m
[14:00:07.077] [debug] [ManualAdjust] 旋转增量 RPY=(0.000, 0.000, 0.100)deg
[14:00:07.077] [info] [ManualAdjust] 当前外参 [lidar_0→cam_0]:
[14:00:07.077] [info]   旋转 RPY: (-89.0041, 40.7451, 0.7654) deg
[14:00:07.077] [info]   平移 XYZ: (0.1230, 0.0399, -0.0577) m
[14:00:07.107] [debug] [ManualAdjust] 旋转增量 RPY=(0.000, 0.000, 0.100)deg
[14:00:07.107] [info] [ManualAdjust] 当前外参 [lidar_0→cam_0]:
[14:00:07.107] [info]   旋转 RPY: (-89.0026, 40.8451, 0.7677) deg
[14:00:07.107] [info]   平移 XYZ: (0.1230, 0.0399, -0.0577) m
[14:00:07.136] [debug] [ManualAdjust] 旋转增量 RPY=(0.000, 0.000, 0.100)deg
[14:00:07.136] [info] [ManualAdjust] 当前外参 [lidar_0→cam_0]:
[14:00:07.136] [info]   旋转 RPY: (-89.0011, 40.9451, 0.7700) deg
[14:00:07.136] [info]   平移 XYZ: (0.1230, 0.0399, -0.0577) m
[14:00:07.166] [debug] [ManualAdjust] 旋转增量 RPY=(0.000, 0.000, 0.100)deg
[14:00:07.166] [info] [ManualAdjust] 当前外参 [lidar_0→cam_0]:
[14:00:07.166] [info]   旋转 RPY: (-88.9996, 41.0451, 0.7724) deg
[14:00:07.166] [info]   平移 XYZ: (0.1230, 0.0399, -0.0577) m
[14:00:07.197] [debug] [ManualAdjust] 旋转增量 RPY=(0.000, 0.000, 0.100)deg
[14:00:07.197] [info] [ManualAdjust] 当前外参 [lidar_0→cam_0]:
[14:00:07.197] [info]   旋转 RPY: (-88.9981, 41.1451, 0.7747) deg
[14:00:07.197] [info]   平移 XYZ: (0.1230, 0.0399, -0.0577) m
[14:00:07.227] [debug] [ManualAdjust] 旋转增量 RPY=(0.000, 0.000, 0.100)deg
[14:00:07.227] [info] [ManualAdjust] 当前外参 [lidar_0→cam_0]:
[14:00:07.227] [info]   旋转 RPY: (-88.9966, 41.2450, 0.7770) deg
[14:00:07.227] [info]   平移 XYZ: (0.1230, 0.0399, -0.0577) m
[14:00:07.257] [debug] [ManualAdjust] 旋转增量 RPY=(0.000, 0.000, 0.100)deg
[14:00:07.257] [info] [ManualAdjust] 当前外参 [lidar_0→cam_0]:
[14:00:07.257] [info]   旋转 RPY: (-88.9950, 41.3450, 0.7793) deg
[14:00:07.257] [info]   平移 XYZ: (0.1230, 0.0399, -0.0577) m
[14:00:07.287] [debug] [ManualAdjust] 旋转增量 RPY=(0.000, 0.000, 0.100)deg
[14:00:07.287] [info] [ManualAdjust] 当前外参 [lidar_0→cam_0]:
[14:00:07.287] [info]   旋转 RPY: (-88.9935, 41.4450, 0.7817) deg
[14:00:07.287] [info]   平移 XYZ: (0.1230, 0.0399, -0.0577) m
[14:00:07.317] [debug] [ManualAdjust] 旋转增量 RPY=(0.000, 0.000, 0.100)deg
[14:00:07.317] [info] [ManualAdjust] 当前外参 [lidar_0→cam_0]:
[14:00:07.317] [info]   旋转 RPY: (-88.9919, 41.5450, 0.7840) deg
[14:00:07.317] [info]   平移 XYZ: (0.1230, 0.0399, -0.0577) m
[14:00:07.347] [debug] [ManualAdjust] 旋转增量 RPY=(0.000, 0.000, 0.100)deg
[14:00:07.347] [info] [ManualAdjust] 当前外参 [lidar_0→cam_0]:
[14:00:07.347] [info]   旋转 RPY: (-88.9904, 41.6450, 0.7864) deg
[14:00:07.347] [info]   平移 XYZ: (0.1230, 0.0399, -0.0577) m
[14:00:07.377] [debug] [ManualAdjust] 旋转增量 RPY=(0.000, 0.000, 0.100)deg
[14:00:07.377] [info] [ManualAdjust] 当前外参 [lidar_0→cam_0]:
[14:00:07.377] [info]   旋转 RPY: (-88.9888, 41.7450, 0.7887) deg
[14:00:07.377] [info]   平移 XYZ: (0.1230, 0.0399, -0.0577) m
[14:00:07.407] [debug] [ManualAdjust] 旋转增量 RPY=(0.000, 0.000, 0.100)deg
[14:00:07.408] [info] [ManualAdjust] 当前外参 [lidar_0→cam_0]:
[14:00:07.408] [info]   旋转 RPY: (-88.9872, 41.8449, 0.7911) deg
[14:00:07.408] [info]   平移 XYZ: (0.1230, 0.0399, -0.0577) m
[14:00:07.438] [debug] [ManualAdjust] 旋转增量 RPY=(0.000, 0.000, 0.100)deg
[14:00:07.438] [info] [ManualAdjust] 当前外参 [lidar_0→cam_0]:
[14:00:07.438] [info]   旋转 RPY: (-88.9856, 41.9449, 0.7935) deg
[14:00:07.438] [info]   平移 XYZ: (0.1230, 0.0399, -0.0577) m
[14:00:07.468] [debug] [ManualAdjust] 旋转增量 RPY=(0.000, 0.000, 0.100)deg
[14:00:07.468] [info] [ManualAdjust] 当前外参 [lidar_0→cam_0]:
[14:00:07.468] [info]   旋转 RPY: (-88.9840, 42.0449, 0.7959) deg
[14:00:07.468] [info]   平移 XYZ: (0.1230, 0.0399, -0.0577) m
[14:00:07.498] [debug] [ManualAdjust] 旋转增量 RPY=(0.000, 0.000, 0.100)deg
[14:00:07.498] [info] [ManualAdjust] 当前外参 [lidar_0→cam_0]:
[14:00:07.498] [info]   旋转 RPY: (-88.9824, 42.1449, 0.7983) deg
[14:00:07.498] [info]   平移 XYZ: (0.1230, 0.0399, -0.0577) m
[14:00:07.528] [debug] [ManualAdjust] 旋转增量 RPY=(0.000, 0.000, 0.100)deg
[14:00:07.528] [info] [ManualAdjust] 当前外参 [lidar_0→cam_0]:
[14:00:07.528] [info]   旋转 RPY: (-88.9808, 42.2449, 0.8007) deg
[14:00:07.528] [info]   平移 XYZ: (0.1230, 0.0399, -0.0577) m
[14:00:07.559] [debug] [ManualAdjust] 旋转增量 RPY=(0.000, 0.000, 0.100)deg
[14:00:07.559] [info] [ManualAdjust] 当前外参 [lidar_0→cam_0]:
[14:00:07.559] [info]   旋转 RPY: (-88.9792, 42.3449, 0.8031) deg
[14:00:07.559] [info]   平移 XYZ: (0.1230, 0.0399, -0.0577) m
[14:00:07.589] [debug] [ManualAdjust] 旋转增量 RPY=(0.000, 0.000, 0.100)deg
[14:00:07.589] [info] [ManualAdjust] 当前外参 [lidar_0→cam_0]:
[14:00:07.589] [info]   旋转 RPY: (-88.9776, 42.4449, 0.8055) deg
[14:00:07.589] [info]   平移 XYZ: (0.1230, 0.0399, -0.0577) m
[14:00:07.619] [debug] [ManualAdjust] 旋转增量 RPY=(0.000, 0.000, 0.100)deg
[14:00:07.619] [info] [ManualAdjust] 当前外参 [lidar_0→cam_0]:
[14:00:07.619] [info]   旋转 RPY: (-88.9759, 42.5448, 0.8079) deg
[14:00:07.619] [info]   平移 XYZ: (0.1230, 0.0399, -0.0577) m
[14:00:07.649] [debug] [ManualAdjust] 旋转增量 RPY=(0.000, 0.000, 0.100)deg
[14:00:07.649] [info] [ManualAdjust] 当前外参 [lidar_0→cam_0]:
[14:00:07.649] [info]   旋转 RPY: (-88.9743, 42.6448, 0.8103) deg
[14:00:07.649] [info]   平移 XYZ: (0.1230, 0.0399, -0.0577) m
[14:00:07.680] [debug] [ManualAdjust] 旋转增量 RPY=(0.000, 0.000, 0.100)deg
[14:00:07.680] [info] [ManualAdjust] 当前外参 [lidar_0→cam_0]:
[14:00:07.680] [info]   旋转 RPY: (-88.9726, 42.7448, 0.8128) deg
[14:00:07.680] [info]   平移 XYZ: (0.1230, 0.0399, -0.0577) m
[14:00:07.709] [debug] [ManualAdjust] 旋转增量 RPY=(0.000, 0.000, 0.100)deg
[14:00:07.709] [info] [ManualAdjust] 当前外参 [lidar_0→cam_0]:
[14:00:07.709] [info]   旋转 RPY: (-88.9710, 42.8448, 0.8152) deg
[14:00:07.709] [info]   平移 XYZ: (0.1230, 0.0399, -0.0577) m
[14:00:07.739] [debug] [ManualAdjust] 旋转增量 RPY=(0.000, 0.000, 0.100)deg
[14:00:07.739] [info] [ManualAdjust] 当前外参 [lidar_0→cam_0]:
[14:00:07.739] [info]   旋转 RPY: (-88.9693, 42.9448, 0.8177) deg
[14:00:07.739] [info]   平移 XYZ: (0.1230, 0.0399, -0.0577) m
[14:00:07.769] [debug] [ManualAdjust] 旋转增量 RPY=(0.000, 0.000, 0.100)deg
[14:00:07.769] [info] [ManualAdjust] 当前外参 [lidar_0→cam_0]:
[14:00:07.769] [info]   旋转 RPY: (-88.9676, 43.0448, 0.8201) deg
[14:00:07.769] [info]   平移 XYZ: (0.1230, 0.0399, -0.0577) m
[14:00:07.799] [debug] [ManualAdjust] 旋转增量 RPY=(0.000, 0.000, 0.100)deg
[14:00:07.799] [info] [ManualAdjust] 当前外参 [lidar_0→cam_0]:
[14:00:07.799] [info]   旋转 RPY: (-88.9659, 43.1447, 0.8226) deg
[14:00:07.799] [info]   平移 XYZ: (0.1230, 0.0399, -0.0577) m
[14:00:07.829] [debug] [ManualAdjust] 旋转增量 RPY=(0.000, 0.000, 0.100)deg
[14:00:07.829] [info] [ManualAdjust] 当前外参 [lidar_0→cam_0]:
[14:00:07.829] [info]   旋转 RPY: (-88.9642, 43.2447, 0.8251) deg
[14:00:07.829] [info]   平移 XYZ: (0.1230, 0.0399, -0.0577) m
[14:00:07.859] [debug] [ManualAdjust] 旋转增量 RPY=(0.000, 0.000, 0.100)deg
[14:00:07.859] [info] [ManualAdjust] 当前外参 [lidar_0→cam_0]:
[14:00:07.859] [info]   旋转 RPY: (-88.9625, 43.3447, 0.8276) deg
[14:00:07.859] [info]   平移 XYZ: (0.1230, 0.0399, -0.0577) m
[14:00:07.889] [debug] [ManualAdjust] 旋转增量 RPY=(0.000, 0.000, 0.100)deg
[14:00:07.889] [info] [ManualAdjust] 当前外参 [lidar_0→cam_0]:
[14:00:07.889] [info]   旋转 RPY: (-88.9608, 43.4447, 0.8301) deg
[14:00:07.889] [info]   平移 XYZ: (0.1230, 0.0399, -0.0577) m
[14:00:07.919] [debug] [ManualAdjust] 旋转增量 RPY=(0.000, 0.000, 0.100)deg
[14:00:07.919] [info] [ManualAdjust] 当前外参 [lidar_0→cam_0]:
[14:00:07.919] [info]   旋转 RPY: (-88.9591, 43.5447, 0.8326) deg
[14:00:07.919] [info]   平移 XYZ: (0.1230, 0.0399, -0.0577) m
[14:00:07.949] [debug] [ManualAdjust] 旋转增量 RPY=(0.000, 0.000, 0.100)deg
[14:00:07.949] [info] [ManualAdjust] 当前外参 [lidar_0→cam_0]:
[14:00:07.949] [info]   旋转 RPY: (-88.9574, 43.6447, 0.8351) deg
[14:00:07.949] [info]   平移 XYZ: (0.1230, 0.0399, -0.0577) m
[14:00:07.979] [debug] [ManualAdjust] 旋转增量 RPY=(0.000, 0.000, 0.100)deg
[14:00:07.979] [info] [ManualAdjust] 当前外参 [lidar_0→cam_0]:
[14:00:07.979] [info]   旋转 RPY: (-88.9556, 43.7446, 0.8376) deg
[14:00:07.979] [info]   平移 XYZ: (0.1230, 0.0399, -0.0577) m
[14:00:08.010] [debug] [ManualAdjust] 旋转增量 RPY=(0.000, 0.000, 0.100)deg
[14:00:08.010] [info] [ManualAdjust] 当前外参 [lidar_0→cam_0]:
[14:00:08.010] [info]   旋转 RPY: (-88.9539, 43.8446, 0.8401) deg
[14:00:08.010] [info]   平移 XYZ: (0.1230, 0.0399, -0.0577) m
[14:00:08.041] [debug] [ManualAdjust] 旋转增量 RPY=(0.000, 0.000, 0.100)deg
[14:00:08.041] [info] [ManualAdjust] 当前外参 [lidar_0→cam_0]:
[14:00:08.041] [info]   旋转 RPY: (-88.9521, 43.9446, 0.8426) deg
[14:00:08.041] [info]   平移 XYZ: (0.1230, 0.0399, -0.0577) m
[14:00:08.071] [debug] [ManualAdjust] 旋转增量 RPY=(0.000, 0.000, 0.100)deg
[14:00:08.071] [info] [ManualAdjust] 当前外参 [lidar_0→cam_0]:
[14:00:08.071] [info]   旋转 RPY: (-88.9503, 44.0446, 0.8452) deg
[14:00:08.071] [info]   平移 XYZ: (0.1230, 0.0399, -0.0577) m
[14:00:08.101] [debug] [ManualAdjust] 旋转增量 RPY=(0.000, 0.000, 0.100)deg
[14:00:08.101] [info] [ManualAdjust] 当前外参 [lidar_0→cam_0]:
[14:00:08.101] [info]   旋转 RPY: (-88.9486, 44.1446, 0.8477) deg
[14:00:08.101] [info]   平移 XYZ: (0.1230, 0.0399, -0.0577) m
[14:00:08.131] [debug] [ManualAdjust] 旋转增量 RPY=(0.000, 0.000, 0.100)deg
[14:00:08.131] [info] [ManualAdjust] 当前外参 [lidar_0→cam_0]:
[14:00:08.131] [info]   旋转 RPY: (-88.9468, 44.2446, 0.8503) deg
[14:00:08.131] [info]   平移 XYZ: (0.1230, 0.0399, -0.0577) m
[14:00:08.161] [debug] [ManualAdjust] 旋转增量 RPY=(0.000, 0.000, 0.100)deg
[14:00:08.161] [info] [ManualAdjust] 当前外参 [lidar_0→cam_0]:
[14:00:08.161] [info]   旋转 RPY: (-88.9450, 44.3445, 0.8529) deg
[14:00:08.161] [info]   平移 XYZ: (0.1230, 0.0399, -0.0577) m
[14:00:08.191] [debug] [ManualAdjust] 旋转增量 RPY=(0.000, 0.000, 0.100)deg
[14:00:08.191] [info] [ManualAdjust] 当前外参 [lidar_0→cam_0]:
[14:00:08.191] [info]   旋转 RPY: (-88.9432, 44.4445, 0.8555) deg
[14:00:08.191] [info]   平移 XYZ: (0.1230, 0.0399, -0.0577) m
[14:00:08.221] [debug] [ManualAdjust] 旋转增量 RPY=(0.000, 0.000, 0.100)deg
[14:00:08.221] [info] [ManualAdjust] 当前外参 [lidar_0→cam_0]:
[14:00:08.221] [info]   旋转 RPY: (-88.9414, 44.5445, 0.8580) deg
[14:00:08.221] [info]   平移 XYZ: (0.1230, 0.0399, -0.0577) m
[14:00:08.251] [debug] [ManualAdjust] 旋转增量 RPY=(0.000, 0.000, 0.100)deg
[14:00:08.251] [info] [ManualAdjust] 当前外参 [lidar_0→cam_0]:
[14:00:08.251] [info]   旋转 RPY: (-88.9395, 44.6445, 0.8606) deg
[14:00:08.251] [info]   平移 XYZ: (0.1230, 0.0399, -0.0577) m
[14:00:08.281] [debug] [ManualAdjust] 旋转增量 RPY=(0.000, 0.000, 0.100)deg
[14:00:08.281] [info] [ManualAdjust] 当前外参 [lidar_0→cam_0]:
[14:00:08.281] [info]   旋转 RPY: (-88.9377, 44.7445, 0.8632) deg
[14:00:08.281] [info]   平移 XYZ: (0.1230, 0.0399, -0.0577) m
[14:00:08.311] [debug] [ManualAdjust] 旋转增量 RPY=(0.000, 0.000, 0.100)deg
[14:00:08.311] [info] [ManualAdjust] 当前外参 [lidar_0→cam_0]:
[14:00:08.311] [info]   旋转 RPY: (-88.9359, 44.8445, 0.8659) deg
[14:00:08.311] [info]   平移 XYZ: (0.1230, 0.0399, -0.0577) m
[14:00:08.341] [debug] [ManualAdjust] 旋转增量 RPY=(0.000, 0.000, 0.100)deg
[14:00:08.341] [info] [ManualAdjust] 当前外参 [lidar_0→cam_0]:
[14:00:08.341] [info]   旋转 RPY: (-88.9340, 44.9444, 0.8685) deg
[14:00:08.341] [info]   平移 XYZ: (0.1230, 0.0399, -0.0577) m
[14:00:08.371] [debug] [ManualAdjust] 旋转增量 RPY=(0.000, 0.000, 0.100)deg
[14:00:08.371] [info] [ManualAdjust] 当前外参 [lidar_0→cam_0]:
[14:00:08.371] [info]   旋转 RPY: (-88.9322, 45.0444, 0.8711) deg
[14:00:08.371] [info]   平移 XYZ: (0.1230, 0.0399, -0.0577) m
[14:00:08.401] [debug] [ManualAdjust] 旋转增量 RPY=(0.000, 0.000, 0.100)deg
[14:00:08.401] [info] [ManualAdjust] 当前外参 [lidar_0→cam_0]:
[14:00:08.401] [info]   旋转 RPY: (-88.9303, 45.1444, 0.8738) deg
[14:00:08.401] [info]   平移 XYZ: (0.1230, 0.0399, -0.0577) m
[14:00:08.431] [debug] [ManualAdjust] 旋转增量 RPY=(0.000, 0.000, 0.100)deg
[14:00:08.431] [info] [ManualAdjust] 当前外参 [lidar_0→cam_0]:
[14:00:08.431] [info]   旋转 RPY: (-88.9284, 45.2444, 0.8764) deg
[14:00:08.431] [info]   平移 XYZ: (0.1230, 0.0399, -0.0577) m
[14:00:08.461] [debug] [ManualAdjust] 旋转增量 RPY=(0.000, 0.000, 0.100)deg
[14:00:08.462] [info] [ManualAdjust] 当前外参 [lidar_0→cam_0]:
[14:00:08.462] [info]   旋转 RPY: (-88.9265, 45.3444, 0.8791) deg
[14:00:08.462] [info]   平移 XYZ: (0.1230, 0.0399, -0.0577) m
[14:00:08.491] [debug] [ManualAdjust] 旋转增量 RPY=(0.000, 0.000, 0.100)deg
[14:00:08.491] [info] [ManualAdjust] 当前外参 [lidar_0→cam_0]:
[14:00:08.491] [info]   旋转 RPY: (-88.9246, 45.4444, 0.8817) deg
[14:00:08.491] [info]   平移 XYZ: (0.1230, 0.0399, -0.0577) m
[14:00:08.522] [debug] [ManualAdjust] 旋转增量 RPY=(0.000, 0.000, 0.100)deg
[14:00:08.522] [info] [ManualAdjust] 当前外参 [lidar_0→cam_0]:
[14:00:08.522] [info]   旋转 RPY: (-88.9227, 45.5443, 0.8844) deg
[14:00:08.522] [info]   平移 XYZ: (0.1230, 0.0399, -0.0577) m
[14:00:08.552] [debug] [ManualAdjust] 旋转增量 RPY=(0.000, 0.000, 0.100)deg
[14:00:08.552] [info] [ManualAdjust] 当前外参 [lidar_0→cam_0]:
[14:00:08.552] [info]   旋转 RPY: (-88.9208, 45.6443, 0.8871) deg
[14:00:08.552] [info]   平移 XYZ: (0.1230, 0.0399, -0.0577) m
[14:00:08.582] [debug] [ManualAdjust] 旋转增量 RPY=(0.000, 0.000, 0.100)deg
[14:00:08.582] [info] [ManualAdjust] 当前外参 [lidar_0→cam_0]:
[14:00:08.582] [info]   旋转 RPY: (-88.9189, 45.7443, 0.8898) deg
[14:00:08.582] [info]   平移 XYZ: (0.1230, 0.0399, -0.0577) m
[14:00:08.612] [debug] [ManualAdjust] 旋转增量 RPY=(0.000, 0.000, 0.100)deg
[14:00:08.612] [info] [ManualAdjust] 当前外参 [lidar_0→cam_0]:
[14:00:08.612] [info]   旋转 RPY: (-88.9169, 45.8443, 0.8925) deg
[14:00:08.612] [info]   平移 XYZ: (0.1230, 0.0399, -0.0577) m
[14:00:08.642] [debug] [ManualAdjust] 旋转增量 RPY=(0.000, 0.000, 0.100)deg
[14:00:08.642] [info] [ManualAdjust] 当前外参 [lidar_0→cam_0]:
[14:00:08.642] [info]   旋转 RPY: (-88.9150, 45.9443, 0.8952) deg
[14:00:08.642] [info]   平移 XYZ: (0.1230, 0.0399, -0.0577) m
[14:00:08.673] [debug] [ManualAdjust] 旋转增量 RPY=(0.000, 0.000, 0.100)deg
[14:00:08.673] [info] [ManualAdjust] 当前外参 [lidar_0→cam_0]:
[14:00:08.673] [info]   旋转 RPY: (-88.9130, 46.0442, 0.8980) deg
[14:00:08.673] [info]   平移 XYZ: (0.1230, 0.0399, -0.0577) m
[14:00:08.703] [debug] [ManualAdjust] 旋转增量 RPY=(0.000, 0.000, 0.100)deg
[14:00:08.703] [info] [ManualAdjust] 当前外参 [lidar_0→cam_0]:
[14:00:08.703] [info]   旋转 RPY: (-88.9110, 46.1442, 0.9007) deg
[14:00:08.703] [info]   平移 XYZ: (0.1230, 0.0399, -0.0577) m
[14:00:08.733] [debug] [ManualAdjust] 旋转增量 RPY=(0.000, 0.000, 0.100)deg
[14:00:08.733] [info] [ManualAdjust] 当前外参 [lidar_0→cam_0]:
[14:00:08.733] [info]   旋转 RPY: (-88.9090, 46.2442, 0.9034) deg
[14:00:08.733] [info]   平移 XYZ: (0.1230, 0.0399, -0.0577) m
[14:00:08.763] [debug] [ManualAdjust] 旋转增量 RPY=(0.000, 0.000, 0.100)deg
[14:00:08.763] [info] [ManualAdjust] 当前外参 [lidar_0→cam_0]:
[14:00:08.763] [info]   旋转 RPY: (-88.9070, 46.3442, 0.9062) deg
[14:00:08.763] [info]   平移 XYZ: (0.1230, 0.0399, -0.0577) m
[14:00:08.793] [debug] [ManualAdjust] 旋转增量 RPY=(0.000, 0.000, 0.100)deg
[14:00:08.793] [info] [ManualAdjust] 当前外参 [lidar_0→cam_0]:
[14:00:08.793] [info]   旋转 RPY: (-88.9050, 46.4442, 0.9090) deg
[14:00:08.793] [info]   平移 XYZ: (0.1230, 0.0399, -0.0577) m
[14:00:08.824] [debug] [ManualAdjust] 旋转增量 RPY=(0.000, 0.000, 0.100)deg
[14:00:08.824] [info] [ManualAdjust] 当前外参 [lidar_0→cam_0]:
[14:00:08.824] [info]   旋转 RPY: (-88.9030, 46.5442, 0.9118) deg
[14:00:08.824] [info]   平移 XYZ: (0.1230, 0.0399, -0.0577) m
[14:00:08.854] [debug] [ManualAdjust] 旋转增量 RPY=(0.000, 0.000, 0.100)deg
[14:00:08.854] [info] [ManualAdjust] 当前外参 [lidar_0→cam_0]:
[14:00:08.854] [info]   旋转 RPY: (-88.9010, 46.6441, 0.9145) deg
[14:00:08.854] [info]   平移 XYZ: (0.1230, 0.0399, -0.0577) m
[14:00:08.884] [debug] [ManualAdjust] 旋转增量 RPY=(0.000, 0.000, 0.100)deg
[14:00:08.884] [info] [ManualAdjust] 当前外参 [lidar_0→cam_0]:
[14:00:08.884] [info]   旋转 RPY: (-88.8990, 46.7441, 0.9173) deg
[14:00:08.884] [info]   平移 XYZ: (0.1230, 0.0399, -0.0577) m
[14:00:08.914] [debug] [ManualAdjust] 旋转增量 RPY=(0.000, 0.000, 0.100)deg
[14:00:08.914] [info] [ManualAdjust] 当前外参 [lidar_0→cam_0]:
[14:00:08.914] [info]   旋转 RPY: (-88.8969, 46.8441, 0.9202) deg
[14:00:08.914] [info]   平移 XYZ: (0.1230, 0.0399, -0.0577) m
[14:00:08.945] [debug] [ManualAdjust] 旋转增量 RPY=(0.000, 0.000, 0.100)deg
[14:00:08.945] [info] [ManualAdjust] 当前外参 [lidar_0→cam_0]:
[14:00:08.945] [info]   旋转 RPY: (-88.8949, 46.9441, 0.9230) deg
[14:00:08.945] [info]   平移 XYZ: (0.1230, 0.0399, -0.0577) m
[14:00:08.976] [debug] [ManualAdjust] 旋转增量 RPY=(0.000, 0.000, 0.100)deg
[14:00:08.976] [info] [ManualAdjust] 当前外参 [lidar_0→cam_0]:
[14:00:08.976] [info]   旋转 RPY: (-88.8928, 47.0441, 0.9258) deg
[14:00:08.976] [info]   平移 XYZ: (0.1230, 0.0399, -0.0577) m
[14:00:09.006] [debug] [ManualAdjust] 旋转增量 RPY=(0.000, 0.000, 0.100)deg
[14:00:09.006] [info] [ManualAdjust] 当前外参 [lidar_0→cam_0]:
[14:00:09.006] [info]   旋转 RPY: (-88.8907, 47.1440, 0.9286) deg
[14:00:09.006] [info]   平移 XYZ: (0.1230, 0.0399, -0.0577) m
[14:00:09.036] [debug] [ManualAdjust] 旋转增量 RPY=(0.000, 0.000, 0.100)deg
[14:00:09.037] [info] [ManualAdjust] 当前外参 [lidar_0→cam_0]:
[14:00:09.037] [info]   旋转 RPY: (-88.8886, 47.2440, 0.9315) deg
[14:00:09.037] [info]   平移 XYZ: (0.1230, 0.0399, -0.0577) m
[14:00:09.066] [debug] [ManualAdjust] 旋转增量 RPY=(0.000, 0.000, 0.100)deg
[14:00:09.066] [info] [ManualAdjust] 当前外参 [lidar_0→cam_0]:
[14:00:09.066] [info]   旋转 RPY: (-88.8865, 47.3440, 0.9344) deg
[14:00:09.066] [info]   平移 XYZ: (0.1230, 0.0399, -0.0577) m
[14:00:09.097] [debug] [ManualAdjust] 旋转增量 RPY=(0.000, 0.000, 0.100)deg
[14:00:09.097] [info] [ManualAdjust] 当前外参 [lidar_0→cam_0]:
[14:00:09.097] [info]   旋转 RPY: (-88.8844, 47.4440, 0.9372) deg
[14:00:09.097] [info]   平移 XYZ: (0.1230, 0.0399, -0.0577) m
[14:00:09.127] [debug] [ManualAdjust] 旋转增量 RPY=(0.000, 0.000, 0.100)deg
[14:00:09.128] [info] [ManualAdjust] 当前外参 [lidar_0→cam_0]:
[14:00:09.128] [info]   旋转 RPY: (-88.8823, 47.5440, 0.9401) deg
[14:00:09.128] [info]   平移 XYZ: (0.1230, 0.0399, -0.0577) m
[14:00:09.157] [debug] [ManualAdjust] 旋转增量 RPY=(0.000, 0.000, 0.100)deg
[14:00:09.157] [info] [ManualAdjust] 当前外参 [lidar_0→cam_0]:
[14:00:09.157] [info]   旋转 RPY: (-88.8801, 47.6439, 0.9430) deg
[14:00:09.157] [info]   平移 XYZ: (0.1230, 0.0399, -0.0577) m
[14:00:09.187] [debug] [ManualAdjust] 旋转增量 RPY=(0.000, 0.000, 0.100)deg
[14:00:09.187] [info] [ManualAdjust] 当前外参 [lidar_0→cam_0]:
[14:00:09.187] [info]   旋转 RPY: (-88.8780, 47.7439, 0.9459) deg
[14:00:09.187] [info]   平移 XYZ: (0.1230, 0.0399, -0.0577) m
[14:00:09.217] [debug] [ManualAdjust] 旋转增量 RPY=(0.000, 0.000, 0.100)deg
[14:00:09.217] [info] [ManualAdjust] 当前外参 [lidar_0→cam_0]:
[14:00:09.217] [info]   旋转 RPY: (-88.8758, 47.8439, 0.9488) deg
[14:00:09.217] [info]   平移 XYZ: (0.1230, 0.0399, -0.0577) m
[14:00:09.247] [debug] [ManualAdjust] 旋转增量 RPY=(0.000, 0.000, 0.100)deg
[14:00:09.247] [info] [ManualAdjust] 当前外参 [lidar_0→cam_0]:
[14:00:09.247] [info]   旋转 RPY: (-88.8736, 47.9439, 0.9518) deg
[14:00:09.247] [info]   平移 XYZ: (0.1230, 0.0399, -0.0577) m
[14:00:09.277] [debug] [ManualAdjust] 旋转增量 RPY=(0.000, 0.000, 0.100)deg
[14:00:09.277] [info] [ManualAdjust] 当前外参 [lidar_0→cam_0]:
[14:00:09.277] [info]   旋转 RPY: (-88.8715, 48.0439, 0.9547) deg
[14:00:09.277] [info]   平移 XYZ: (0.1230, 0.0399, -0.0577) m
[14:00:09.308] [debug] [ManualAdjust] 旋转增量 RPY=(0.000, 0.000, 0.100)deg
[14:00:09.308] [info] [ManualAdjust] 当前外参 [lidar_0→cam_0]:
[14:00:09.308] [info]   旋转 RPY: (-88.8693, 48.1439, 0.9577) deg
[14:00:09.308] [info]   平移 XYZ: (0.1230, 0.0399, -0.0577) m
[14:00:09.337] [debug] [ManualAdjust] 旋转增量 RPY=(0.000, 0.000, 0.100)deg
[14:00:09.337] [info] [ManualAdjust] 当前外参 [lidar_0→cam_0]:
[14:00:09.337] [info]   旋转 RPY: (-88.8671, 48.2438, 0.9606) deg
[14:00:09.337] [info]   平移 XYZ: (0.1230, 0.0399, -0.0577) m
[14:00:09.367] [debug] [ManualAdjust] 旋转增量 RPY=(0.000, 0.000, 0.100)deg
[14:00:09.367] [info] [ManualAdjust] 当前外参 [lidar_0→cam_0]:
[14:00:09.367] [info]   旋转 RPY: (-88.8648, 48.3438, 0.9636) deg
[14:00:09.367] [info]   平移 XYZ: (0.1230, 0.0399, -0.0577) m
[14:00:09.397] [debug] [ManualAdjust] 旋转增量 RPY=(0.000, 0.000, 0.100)deg
[14:00:09.397] [info] [ManualAdjust] 当前外参 [lidar_0→cam_0]:
[14:00:09.397] [info]   旋转 RPY: (-88.8626, 48.4438, 0.9666) deg
[14:00:09.397] [info]   平移 XYZ: (0.1230, 0.0399, -0.0577) m
[14:00:09.427] [debug] [ManualAdjust] 旋转增量 RPY=(0.000, 0.000, 0.100)deg
[14:00:09.427] [info] [ManualAdjust] 当前外参 [lidar_0→cam_0]:
[14:00:09.427] [info]   旋转 RPY: (-88.8604, 48.5438, 0.9696) deg
[14:00:09.427] [info]   平移 XYZ: (0.1230, 0.0399, -0.0577) m
[14:00:09.457] [debug] [ManualAdjust] 旋转增量 RPY=(0.000, 0.000, 0.100)deg
[14:00:09.457] [info] [ManualAdjust] 当前外参 [lidar_0→cam_0]:
[14:00:09.457] [info]   旋转 RPY: (-88.8581, 48.6438, 0.9726) deg
[14:00:09.457] [info]   平移 XYZ: (0.1230, 0.0399, -0.0577) m
[14:00:09.488] [debug] [ManualAdjust] 旋转增量 RPY=(0.000, 0.000, 0.100)deg
[14:00:09.488] [info] [ManualAdjust] 当前外参 [lidar_0→cam_0]:
[14:00:09.488] [info]   旋转 RPY: (-88.8558, 48.7437, 0.9756) deg
[14:00:09.488] [info]   平移 XYZ: (0.1230, 0.0399, -0.0577) m
[14:00:09.517] [debug] [ManualAdjust] 旋转增量 RPY=(0.000, 0.000, 0.100)deg
[14:00:09.517] [info] [ManualAdjust] 当前外参 [lidar_0→cam_0]:
[14:00:09.517] [info]   旋转 RPY: (-88.8535, 48.8437, 0.9786) deg
[14:00:09.517] [info]   平移 XYZ: (0.1230, 0.0399, -0.0577) m
[14:00:09.547] [debug] [ManualAdjust] 旋转增量 RPY=(0.000, 0.000, 0.100)deg
[14:00:09.547] [info] [ManualAdjust] 当前外参 [lidar_0→cam_0]:
[14:00:09.547] [info]   旋转 RPY: (-88.8513, 48.9437, 0.9817) deg
[14:00:09.547] [info]   平移 XYZ: (0.1230, 0.0399, -0.0577) m
[14:00:09.577] [debug] [ManualAdjust] 旋转增量 RPY=(0.000, 0.000, 0.100)deg
[14:00:09.577] [info] [ManualAdjust] 当前外参 [lidar_0→cam_0]:
[14:00:09.577] [info]   旋转 RPY: (-88.8489, 49.0437, 0.9847) deg
[14:00:09.577] [info]   平移 XYZ: (0.1230, 0.0399, -0.0577) m
[14:00:09.609] [debug] [ManualAdjust] 旋转增量 RPY=(0.000, 0.000, 0.100)deg
[14:00:09.609] [info] [ManualAdjust] 当前外参 [lidar_0→cam_0]:
[14:00:09.609] [info]   旋转 RPY: (-88.8466, 49.1437, 0.9878) deg
[14:00:09.609] [info]   平移 XYZ: (0.1230, 0.0399, -0.0577) m
[14:00:09.640] [debug] [ManualAdjust] 旋转增量 RPY=(0.000, 0.000, 0.100)deg
[14:00:09.640] [info] [ManualAdjust] 当前外参 [lidar_0→cam_0]:
[14:00:09.640] [info]   旋转 RPY: (-88.8443, 49.2436, 0.9909) deg
[14:00:09.640] [info]   平移 XYZ: (0.1230, 0.0399, -0.0577) m
[14:00:09.670] [debug] [ManualAdjust] 旋转增量 RPY=(0.000, 0.000, 0.100)deg
[14:00:09.670] [info] [ManualAdjust] 当前外参 [lidar_0→cam_0]:
[14:00:09.670] [info]   旋转 RPY: (-88.8419, 49.3436, 0.9940) deg
[14:00:09.670] [info]   平移 XYZ: (0.1230, 0.0399, -0.0577) m
[14:00:09.700] [debug] [ManualAdjust] 旋转增量 RPY=(0.000, 0.000, 0.100)deg
[14:00:09.700] [info] [ManualAdjust] 当前外参 [lidar_0→cam_0]:
[14:00:09.700] [info]   旋转 RPY: (-88.8396, 49.4436, 0.9971) deg
[14:00:09.700] [info]   平移 XYZ: (0.1230, 0.0399, -0.0577) m
[14:00:09.731] [debug] [ManualAdjust] 旋转增量 RPY=(0.000, 0.000, 0.100)deg
[14:00:09.731] [info] [ManualAdjust] 当前外参 [lidar_0→cam_0]:
[14:00:09.731] [info]   旋转 RPY: (-88.8372, 49.5436, 1.0002) deg
[14:00:09.731] [info]   平移 XYZ: (0.1230, 0.0399, -0.0577) m
[14:00:09.760] [debug] [ManualAdjust] 旋转增量 RPY=(0.000, 0.000, 0.100)deg
[14:00:09.760] [info] [ManualAdjust] 当前外参 [lidar_0→cam_0]:
[14:00:09.760] [info]   旋转 RPY: (-88.8348, 49.6436, 1.0034) deg
[14:00:09.760] [info]   平移 XYZ: (0.1230, 0.0399, -0.0577) m
[14:00:09.791] [debug] [ManualAdjust] 旋转增量 RPY=(0.000, 0.000, 0.100)deg
[14:00:09.791] [info] [ManualAdjust] 当前外参 [lidar_0→cam_0]:
[14:00:09.791] [info]   旋转 RPY: (-88.8324, 49.7435, 1.0065) deg
[14:00:09.791] [info]   平移 XYZ: (0.1230, 0.0399, -0.0577) m
[14:00:09.821] [debug] [ManualAdjust] 旋转增量 RPY=(0.000, 0.000, 0.100)deg
[14:00:09.821] [info] [ManualAdjust] 当前外参 [lidar_0→cam_0]:
[14:00:09.821] [info]   旋转 RPY: (-88.8300, 49.8435, 1.0097) deg
[14:00:09.821] [info]   平移 XYZ: (0.1230, 0.0399, -0.0577) m
[14:00:09.851] [debug] [ManualAdjust] 旋转增量 RPY=(0.000, 0.000, 0.100)deg
[14:00:09.851] [info] [ManualAdjust] 当前外参 [lidar_0→cam_0]:
[14:00:09.851] [info]   旋转 RPY: (-88.8276, 49.9435, 1.0128) deg
[14:00:09.851] [info]   平移 XYZ: (0.1230, 0.0399, -0.0577) m
[14:00:09.881] [debug] [ManualAdjust] 旋转增量 RPY=(0.000, 0.000, 0.100)deg
[14:00:09.881] [info] [ManualAdjust] 当前外参 [lidar_0→cam_0]:
[14:00:09.881] [info]   旋转 RPY: (-88.8251, 50.0435, 1.0160) deg
[14:00:09.881] [info]   平移 XYZ: (0.1230, 0.0399, -0.0577) m
[14:00:09.911] [debug] [ManualAdjust] 旋转增量 RPY=(0.000, 0.000, 0.100)deg
[14:00:09.911] [info] [ManualAdjust] 当前外参 [lidar_0→cam_0]:
[14:00:09.911] [info]   旋转 RPY: (-88.8227, 50.1434, 1.0192) deg
[14:00:09.911] [info]   平移 XYZ: (0.1230, 0.0399, -0.0577) m
[14:00:09.941] [debug] [ManualAdjust] 旋转增量 RPY=(0.000, 0.000, 0.100)deg
[14:00:09.941] [info] [ManualAdjust] 当前外参 [lidar_0→cam_0]:
[14:00:09.941] [info]   旋转 RPY: (-88.8202, 50.2434, 1.0224) deg
[14:00:09.941] [info]   平移 XYZ: (0.1230, 0.0399, -0.0577) m
[14:00:09.971] [debug] [ManualAdjust] 旋转增量 RPY=(0.000, 0.000, 0.100)deg
[14:00:09.971] [info] [ManualAdjust] 当前外参 [lidar_0→cam_0]:
[14:00:09.971] [info]   旋转 RPY: (-88.8177, 50.3434, 1.0257) deg
[14:00:09.971] [info]   平移 XYZ: (0.1230, 0.0399, -0.0577) m
[14:00:10.001] [debug] [ManualAdjust] 旋转增量 RPY=(0.000, 0.000, 0.100)deg
[14:00:10.001] [info] [ManualAdjust] 当前外参 [lidar_0→cam_0]:
[14:00:10.001] [info]   旋转 RPY: (-88.8152, 50.4434, 1.0289) deg
[14:00:10.001] [info]   平移 XYZ: (0.1230, 0.0399, -0.0577) m
[14:00:10.031] [debug] [ManualAdjust] 旋转增量 RPY=(0.000, 0.000, 0.100)deg
[14:00:10.031] [info] [ManualAdjust] 当前外参 [lidar_0→cam_0]:
[14:00:10.031] [info]   旋转 RPY: (-88.8127, 50.5434, 1.0322) deg
[14:00:10.031] [info]   平移 XYZ: (0.1230, 0.0399, -0.0577) m
[14:00:10.061] [debug] [ManualAdjust] 旋转增量 RPY=(0.000, 0.000, 0.100)deg
[14:00:10.061] [info] [ManualAdjust] 当前外参 [lidar_0→cam_0]:
[14:00:10.061] [info]   旋转 RPY: (-88.8102, 50.6433, 1.0354) deg
[14:00:10.061] [info]   平移 XYZ: (0.1230, 0.0399, -0.0577) m
[14:00:10.091] [debug] [ManualAdjust] 旋转增量 RPY=(0.000, 0.000, 0.100)deg
[14:00:10.091] [info] [ManualAdjust] 当前外参 [lidar_0→cam_0]:
[14:00:10.092] [info]   旋转 RPY: (-88.8077, 50.7433, 1.0387) deg
[14:00:10.092] [info]   平移 XYZ: (0.1230, 0.0399, -0.0577) m
[14:00:10.121] [debug] [ManualAdjust] 旋转增量 RPY=(0.000, 0.000, 0.100)deg
[14:00:10.121] [info] [ManualAdjust] 当前外参 [lidar_0→cam_0]:
[14:00:10.121] [info]   旋转 RPY: (-88.8051, 50.8433, 1.0420) deg
[14:00:10.121] [info]   平移 XYZ: (0.1230, 0.0399, -0.0577) m
[14:00:10.151] [debug] [ManualAdjust] 旋转增量 RPY=(0.000, 0.000, 0.100)deg
[14:00:10.151] [info] [ManualAdjust] 当前外参 [lidar_0→cam_0]:
[14:00:10.151] [info]   旋转 RPY: (-88.8025, 50.9433, 1.0453) deg
[14:00:10.151] [info]   平移 XYZ: (0.1230, 0.0399, -0.0577) m
[14:00:10.181] [debug] [ManualAdjust] 旋转增量 RPY=(0.000, 0.000, 0.100)deg
[14:00:10.181] [info] [ManualAdjust] 当前外参 [lidar_0→cam_0]:
[14:00:10.181] [info]   旋转 RPY: (-88.8000, 51.0433, 1.0486) deg
[14:00:10.181] [info]   平移 XYZ: (0.1230, 0.0399, -0.0577) m
[14:00:10.211] [debug] [ManualAdjust] 旋转增量 RPY=(0.000, 0.000, 0.100)deg
[14:00:10.211] [info] [ManualAdjust] 当前外参 [lidar_0→cam_0]:
[14:00:10.211] [info]   旋转 RPY: (-88.7974, 51.1432, 1.0520) deg
[14:00:10.211] [info]   平移 XYZ: (0.1230, 0.0399, -0.0577) m
[14:00:10.241] [debug] [ManualAdjust] 旋转增量 RPY=(0.000, 0.000, 0.100)deg
[14:00:10.241] [info] [ManualAdjust] 当前外参 [lidar_0→cam_0]:
[14:00:10.241] [info]   旋转 RPY: (-88.7948, 51.2432, 1.0553) deg
[14:00:10.241] [info]   平移 XYZ: (0.1230, 0.0399, -0.0577) m
[14:00:10.271] [debug] [ManualAdjust] 旋转增量 RPY=(0.000, 0.000, 0.100)deg
[14:00:10.271] [info] [ManualAdjust] 当前外参 [lidar_0→cam_0]:
[14:00:10.271] [info]   旋转 RPY: (-88.7921, 51.3432, 1.0587) deg
[14:00:10.271] [info]   平移 XYZ: (0.1230, 0.0399, -0.0577) m
[14:00:10.301] [debug] [ManualAdjust] 旋转增量 RPY=(0.000, 0.000, 0.100)deg
[14:00:10.301] [info] [ManualAdjust] 当前外参 [lidar_0→cam_0]:
[14:00:10.301] [info]   旋转 RPY: (-88.7895, 51.4432, 1.0621) deg
[14:00:10.301] [info]   平移 XYZ: (0.1230, 0.0399, -0.0577) m
[14:00:10.331] [debug] [ManualAdjust] 旋转增量 RPY=(0.000, 0.000, 0.100)deg
[14:00:10.331] [info] [ManualAdjust] 当前外参 [lidar_0→cam_0]:
[14:00:10.331] [info]   旋转 RPY: (-88.7868, 51.5431, 1.0655) deg
[14:00:10.331] [info]   平移 XYZ: (0.1230, 0.0399, -0.0577) m
[14:00:10.361] [debug] [ManualAdjust] 旋转增量 RPY=(0.000, 0.000, 0.100)deg
[14:00:10.361] [info] [ManualAdjust] 当前外参 [lidar_0→cam_0]:
[14:00:10.361] [info]   旋转 RPY: (-88.7842, 51.6431, 1.0689) deg
[14:00:10.361] [info]   平移 XYZ: (0.1230, 0.0399, -0.0577) m
[14:00:10.391] [debug] [ManualAdjust] 旋转增量 RPY=(0.000, 0.000, 0.100)deg
[14:00:10.391] [info] [ManualAdjust] 当前外参 [lidar_0→cam_0]:
[14:00:10.391] [info]   旋转 RPY: (-88.7815, 51.7431, 1.0723) deg
[14:00:10.391] [info]   平移 XYZ: (0.1230, 0.0399, -0.0577) m
[14:00:10.421] [debug] [ManualAdjust] 旋转增量 RPY=(0.000, 0.000, 0.100)deg
[14:00:10.421] [info] [ManualAdjust] 当前外参 [lidar_0→cam_0]:
[14:00:10.421] [info]   旋转 RPY: (-88.7788, 51.8431, 1.0758) deg
[14:00:10.421] [info]   平移 XYZ: (0.1230, 0.0399, -0.0577) m
[14:00:10.451] [debug] [ManualAdjust] 旋转增量 RPY=(0.000, 0.000, 0.100)deg
[14:00:10.451] [info] [ManualAdjust] 当前外参 [lidar_0→cam_0]:
[14:00:10.451] [info]   旋转 RPY: (-88.7760, 51.9431, 1.0792) deg
[14:00:10.451] [info]   平移 XYZ: (0.1230, 0.0399, -0.0577) m
[14:00:10.481] [debug] [ManualAdjust] 旋转增量 RPY=(0.000, 0.000, 0.100)deg
[14:00:10.481] [info] [ManualAdjust] 当前外参 [lidar_0→cam_0]:
[14:00:10.481] [info]   旋转 RPY: (-88.7733, 52.0430, 1.0827) deg
[14:00:10.481] [info]   平移 XYZ: (0.1230, 0.0399, -0.0577) m
[14:00:10.511] [debug] [ManualAdjust] 旋转增量 RPY=(0.000, 0.000, 0.100)deg
[14:00:10.511] [info] [ManualAdjust] 当前外参 [lidar_0→cam_0]:
[14:00:10.511] [info]   旋转 RPY: (-88.7705, 52.1430, 1.0862) deg
[14:00:10.511] [info]   平移 XYZ: (0.1230, 0.0399, -0.0577) m
[14:00:10.541] [debug] [ManualAdjust] 旋转增量 RPY=(0.000, 0.000, 0.100)deg
[14:00:10.541] [info] [ManualAdjust] 当前外参 [lidar_0→cam_0]:
[14:00:10.541] [info]   旋转 RPY: (-88.7678, 52.2430, 1.0897) deg
[14:00:10.541] [info]   平移 XYZ: (0.1230, 0.0399, -0.0577) m
[14:00:10.571] [debug] [ManualAdjust] 旋转增量 RPY=(0.000, 0.000, 0.100)deg
[14:00:10.571] [info] [ManualAdjust] 当前外参 [lidar_0→cam_0]:
[14:00:10.571] [info]   旋转 RPY: (-88.7650, 52.3430, 1.0932) deg
[14:00:10.571] [info]   平移 XYZ: (0.1230, 0.0399, -0.0577) m
[14:00:10.601] [debug] [ManualAdjust] 旋转增量 RPY=(0.000, 0.000, 0.100)deg
[14:00:10.602] [info] [ManualAdjust] 当前外参 [lidar_0→cam_0]:
[14:00:10.602] [info]   旋转 RPY: (-88.7622, 52.4429, 1.0967) deg
[14:00:10.602] [info]   平移 XYZ: (0.1230, 0.0399, -0.0577) m
[14:00:10.631] [debug] [ManualAdjust] 旋转增量 RPY=(0.000, 0.000, 0.100)deg
[14:00:10.631] [info] [ManualAdjust] 当前外参 [lidar_0→cam_0]:
[14:00:10.631] [info]   旋转 RPY: (-88.7594, 52.5429, 1.1003) deg
[14:00:10.631] [info]   平移 XYZ: (0.1230, 0.0399, -0.0577) m
[14:00:10.661] [debug] [ManualAdjust] 旋转增量 RPY=(0.000, 0.000, 0.100)deg
[14:00:10.661] [info] [ManualAdjust] 当前外参 [lidar_0→cam_0]:
[14:00:10.661] [info]   旋转 RPY: (-88.7565, 52.6429, 1.1039) deg
[14:00:10.661] [info]   平移 XYZ: (0.1230, 0.0399, -0.0577) m
[14:00:10.691] [debug] [ManualAdjust] 旋转增量 RPY=(0.000, 0.000, 0.100)deg
[14:00:10.691] [info] [ManualAdjust] 当前外参 [lidar_0→cam_0]:
[14:00:10.691] [info]   旋转 RPY: (-88.7537, 52.7429, 1.1074) deg
[14:00:10.691] [info]   平移 XYZ: (0.1230, 0.0399, -0.0577) m
[14:00:10.721] [debug] [ManualAdjust] 旋转增量 RPY=(0.000, 0.000, 0.100)deg
[14:00:10.721] [info] [ManualAdjust] 当前外参 [lidar_0→cam_0]:
[14:00:10.721] [info]   旋转 RPY: (-88.7508, 52.8428, 1.1110) deg
[14:00:10.721] [info]   平移 XYZ: (0.1230, 0.0399, -0.0577) m
[14:00:10.751] [debug] [ManualAdjust] 旋转增量 RPY=(0.000, 0.000, 0.100)deg
[14:00:10.751] [info] [ManualAdjust] 当前外参 [lidar_0→cam_0]:
[14:00:10.751] [info]   旋转 RPY: (-88.7479, 52.9428, 1.1147) deg
[14:00:10.751] [info]   平移 XYZ: (0.1230, 0.0399, -0.0577) m
[14:00:10.781] [debug] [ManualAdjust] 旋转增量 RPY=(0.000, 0.000, 0.100)deg
[14:00:10.781] [info] [ManualAdjust] 当前外参 [lidar_0→cam_0]:
[14:00:10.781] [info]   旋转 RPY: (-88.7450, 53.0428, 1.1183) deg
[14:00:10.781] [info]   平移 XYZ: (0.1230, 0.0399, -0.0577) m
[14:00:10.811] [debug] [ManualAdjust] 旋转增量 RPY=(0.000, 0.000, 0.100)deg
[14:00:10.811] [info] [ManualAdjust] 当前外参 [lidar_0→cam_0]:
[14:00:10.811] [info]   旋转 RPY: (-88.7421, 53.1428, 1.1219) deg
[14:00:10.811] [info]   平移 XYZ: (0.1230, 0.0399, -0.0577) m
[14:00:10.841] [debug] [ManualAdjust] 旋转增量 RPY=(0.000, 0.000, 0.100)deg
[14:00:10.841] [info] [ManualAdjust] 当前外参 [lidar_0→cam_0]:
[14:00:10.841] [info]   旋转 RPY: (-88.7392, 53.2427, 1.1256) deg
[14:00:10.841] [info]   平移 XYZ: (0.1230, 0.0399, -0.0577) m
[14:00:10.871] [debug] [ManualAdjust] 旋转增量 RPY=(0.000, 0.000, 0.100)deg
[14:00:10.871] [info] [ManualAdjust] 当前外参 [lidar_0→cam_0]:
[14:00:10.871] [info]   旋转 RPY: (-88.7362, 53.3427, 1.1293) deg
[14:00:10.871] [info]   平移 XYZ: (0.1230, 0.0399, -0.0577) m
[14:00:10.901] [debug] [ManualAdjust] 旋转增量 RPY=(0.000, 0.000, 0.100)deg
[14:00:10.901] [info] [ManualAdjust] 当前外参 [lidar_0→cam_0]:
[14:00:10.901] [info]   旋转 RPY: (-88.7332, 53.4427, 1.1330) deg
[14:00:10.901] [info]   平移 XYZ: (0.1230, 0.0399, -0.0577) m
[14:00:10.931] [debug] [ManualAdjust] 旋转增量 RPY=(0.000, 0.000, 0.100)deg
[14:00:10.931] [info] [ManualAdjust] 当前外参 [lidar_0→cam_0]:
[14:00:10.931] [info]   旋转 RPY: (-88.7303, 53.5427, 1.1367) deg
[14:00:10.931] [info]   平移 XYZ: (0.1230, 0.0399, -0.0577) m
[14:00:10.961] [debug] [ManualAdjust] 旋转增量 RPY=(0.000, 0.000, 0.100)deg
[14:00:10.961] [info] [ManualAdjust] 当前外参 [lidar_0→cam_0]:
[14:00:10.961] [info]   旋转 RPY: (-88.7273, 53.6426, 1.1405) deg
[14:00:10.961] [info]   平移 XYZ: (0.1230, 0.0399, -0.0577) m
[14:00:10.991] [debug] [ManualAdjust] 旋转增量 RPY=(0.000, 0.000, 0.100)deg
[14:00:10.991] [info] [ManualAdjust] 当前外参 [lidar_0→cam_0]:
[14:00:10.991] [info]   旋转 RPY: (-88.7242, 53.7426, 1.1442) deg
[14:00:10.991] [info]   平移 XYZ: (0.1230, 0.0399, -0.0577) m
[14:00:11.021] [debug] [ManualAdjust] 旋转增量 RPY=(0.000, 0.000, 0.100)deg
[14:00:11.021] [info] [ManualAdjust] 当前外参 [lidar_0→cam_0]:
[14:00:11.021] [info]   旋转 RPY: (-88.7212, 53.8426, 1.1480) deg
[14:00:11.021] [info]   平移 XYZ: (0.1230, 0.0399, -0.0577) m
[14:00:11.052] [debug] [ManualAdjust] 旋转增量 RPY=(0.000, 0.000, 0.100)deg
[14:00:11.052] [info] [ManualAdjust] 当前外参 [lidar_0→cam_0]:
[14:00:11.052] [info]   旋转 RPY: (-88.7181, 53.9426, 1.1518) deg
[14:00:11.052] [info]   平移 XYZ: (0.1230, 0.0399, -0.0577) m
[14:00:11.082] [debug] [ManualAdjust] 旋转增量 RPY=(0.000, 0.000, 0.100)deg
[14:00:11.082] [info] [ManualAdjust] 当前外参 [lidar_0→cam_0]:
[14:00:11.082] [info]   旋转 RPY: (-88.7150, 54.0425, 1.1556) deg
[14:00:11.082] [info]   平移 XYZ: (0.1230, 0.0399, -0.0577) m
[14:00:11.112] [debug] [ManualAdjust] 旋转增量 RPY=(0.000, 0.000, 0.100)deg
[14:00:11.112] [info] [ManualAdjust] 当前外参 [lidar_0→cam_0]:
[14:00:11.112] [info]   旋转 RPY: (-88.7119, 54.1425, 1.1594) deg
[14:00:11.113] [info]   平移 XYZ: (0.1230, 0.0399, -0.0577) m
[14:00:11.142] [debug] [ManualAdjust] 旋转增量 RPY=(0.000, 0.000, 0.100)deg
[14:00:11.142] [info] [ManualAdjust] 当前外参 [lidar_0→cam_0]:
[14:00:11.142] [info]   旋转 RPY: (-88.7088, 54.2425, 1.1633) deg
[14:00:11.142] [info]   平移 XYZ: (0.1230, 0.0399, -0.0577) m
[14:00:11.172] [debug] [ManualAdjust] 旋转增量 RPY=(0.000, 0.000, 0.100)deg
[14:00:11.172] [info] [ManualAdjust] 当前外参 [lidar_0→cam_0]:
[14:00:11.172] [info]   旋转 RPY: (-88.7057, 54.3425, 1.1671) deg
[14:00:11.172] [info]   平移 XYZ: (0.1230, 0.0399, -0.0577) m
[14:00:11.202] [debug] [ManualAdjust] 旋转增量 RPY=(0.000, 0.000, 0.100)deg
[14:00:11.202] [info] [ManualAdjust] 当前外参 [lidar_0→cam_0]:
[14:00:11.202] [info]   旋转 RPY: (-88.7025, 54.4424, 1.1710) deg
[14:00:11.202] [info]   平移 XYZ: (0.1230, 0.0399, -0.0577) m
[14:00:11.232] [debug] [ManualAdjust] 旋转增量 RPY=(0.000, 0.000, 0.100)deg
[14:00:11.232] [info] [ManualAdjust] 当前外参 [lidar_0→cam_0]:
[14:00:11.232] [info]   旋转 RPY: (-88.6993, 54.5424, 1.1749) deg
[14:00:11.232] [info]   平移 XYZ: (0.1230, 0.0399, -0.0577) m
[14:00:11.262] [debug] [ManualAdjust] 旋转增量 RPY=(0.000, 0.000, 0.100)deg
[14:00:11.262] [info] [ManualAdjust] 当前外参 [lidar_0→cam_0]:
[14:00:11.262] [info]   旋转 RPY: (-88.6961, 54.6424, 1.1788) deg
[14:00:11.262] [info]   平移 XYZ: (0.1230, 0.0399, -0.0577) m
[14:00:11.292] [debug] [ManualAdjust] 旋转增量 RPY=(0.000, 0.000, 0.100)deg
[14:00:11.292] [info] [ManualAdjust] 当前外参 [lidar_0→cam_0]:
[14:00:11.292] [info]   旋转 RPY: (-88.6929, 54.7424, 1.1828) deg
[14:00:11.292] [info]   平移 XYZ: (0.1230, 0.0399, -0.0577) m
[14:00:11.322] [debug] [ManualAdjust] 旋转增量 RPY=(0.000, 0.000, 0.100)deg
[14:00:11.322] [info] [ManualAdjust] 当前外参 [lidar_0→cam_0]:
[14:00:11.322] [info]   旋转 RPY: (-88.6897, 54.8423, 1.1867) deg
[14:00:11.322] [info]   平移 XYZ: (0.1230, 0.0399, -0.0577) m
[14:00:11.353] [debug] [ManualAdjust] 旋转增量 RPY=(0.000, 0.000, 0.100)deg
[14:00:11.353] [info] [ManualAdjust] 当前外参 [lidar_0→cam_0]:
[14:00:11.353] [info]   旋转 RPY: (-88.6864, 54.9423, 1.1907) deg
[14:00:11.353] [info]   平移 XYZ: (0.1230, 0.0399, -0.0577) m
[14:00:11.383] [debug] [ManualAdjust] 旋转增量 RPY=(0.000, 0.000, 0.100)deg
[14:00:11.383] [info] [ManualAdjust] 当前外参 [lidar_0→cam_0]:
[14:00:11.383] [info]   旋转 RPY: (-88.6832, 55.0423, 1.1947) deg
[14:00:11.383] [info]   平移 XYZ: (0.1230, 0.0399, -0.0577) m
[14:00:11.413] [debug] [ManualAdjust] 旋转增量 RPY=(0.000, 0.000, 0.100)deg
[14:00:11.413] [info] [ManualAdjust] 当前外参 [lidar_0→cam_0]:
[14:00:11.413] [info]   旋转 RPY: (-88.6799, 55.1423, 1.1987) deg
[14:00:11.413] [info]   平移 XYZ: (0.1230, 0.0399, -0.0577) m
[14:00:11.444] [debug] [ManualAdjust] 旋转增量 RPY=(0.000, 0.000, 0.100)deg
[14:00:11.444] [info] [ManualAdjust] 当前外参 [lidar_0→cam_0]:
[14:00:11.444] [info]   旋转 RPY: (-88.6765, 55.2422, 1.2028) deg
[14:00:11.444] [info]   平移 XYZ: (0.1230, 0.0399, -0.0577) m
[14:00:11.474] [debug] [ManualAdjust] 旋转增量 RPY=(0.000, 0.000, 0.100)deg
[14:00:11.475] [info] [ManualAdjust] 当前外参 [lidar_0→cam_0]:
[14:00:11.475] [info]   旋转 RPY: (-88.6732, 55.3422, 1.2068) deg
[14:00:11.475] [info]   平移 XYZ: (0.1230, 0.0399, -0.0577) m
[14:00:11.506] [debug] [ManualAdjust] 旋转增量 RPY=(0.000, 0.000, 0.100)deg
[14:00:11.506] [info] [ManualAdjust] 当前外参 [lidar_0→cam_0]:
[14:00:11.506] [info]   旋转 RPY: (-88.6698, 55.4422, 1.2109) deg
[14:00:11.506] [info]   平移 XYZ: (0.1230, 0.0399, -0.0577) m
[14:00:11.537] [debug] [ManualAdjust] 旋转增量 RPY=(0.000, 0.000, 0.100)deg
[14:00:11.537] [info] [ManualAdjust] 当前外参 [lidar_0→cam_0]:
[14:00:11.537] [info]   旋转 RPY: (-88.6665, 55.5422, 1.2150) deg
[14:00:11.537] [info]   平移 XYZ: (0.1230, 0.0399, -0.0577) m
[14:00:11.568] [debug] [ManualAdjust] 旋转增量 RPY=(0.000, 0.000, 0.100)deg
[14:00:11.568] [info] [ManualAdjust] 当前外参 [lidar_0→cam_0]:
[14:00:11.568] [info]   旋转 RPY: (-88.6631, 55.6421, 1.2192) deg
[14:00:11.568] [info]   平移 XYZ: (0.1230, 0.0399, -0.0577) m
[14:00:11.597] [debug] [ManualAdjust] 旋转增量 RPY=(0.000, 0.000, 0.100)deg
[14:00:11.597] [info] [ManualAdjust] 当前外参 [lidar_0→cam_0]:
[14:00:11.597] [info]   旋转 RPY: (-88.6596, 55.7421, 1.2233) deg
[14:00:11.597] [info]   平移 XYZ: (0.1230, 0.0399, -0.0577) m
[14:00:11.627] [debug] [ManualAdjust] 旋转增量 RPY=(0.000, 0.000, 0.100)deg
[14:00:11.627] [info] [ManualAdjust] 当前外参 [lidar_0→cam_0]:
[14:00:11.627] [info]   旋转 RPY: (-88.6562, 55.8421, 1.2275) deg
[14:00:11.627] [info]   平移 XYZ: (0.1230, 0.0399, -0.0577) m
[14:00:11.657] [debug] [ManualAdjust] 旋转增量 RPY=(0.000, 0.000, 0.100)deg
[14:00:11.657] [info] [ManualAdjust] 当前外参 [lidar_0→cam_0]:
[14:00:11.657] [info]   旋转 RPY: (-88.6527, 55.9420, 1.2317) deg
[14:00:11.657] [info]   平移 XYZ: (0.1230, 0.0399, -0.0577) m
[14:00:11.688] [debug] [ManualAdjust] 旋转增量 RPY=(0.000, 0.000, 0.100)deg
[14:00:11.688] [info] [ManualAdjust] 当前外参 [lidar_0→cam_0]:
[14:00:11.688] [info]   旋转 RPY: (-88.6492, 56.0420, 1.2359) deg
[14:00:11.688] [info]   平移 XYZ: (0.1230, 0.0399, -0.0577) m
[14:00:11.718] [debug] [ManualAdjust] 旋转增量 RPY=(0.000, 0.000, 0.100)deg
[14:00:11.718] [info] [ManualAdjust] 当前外参 [lidar_0→cam_0]:
[14:00:11.718] [info]   旋转 RPY: (-88.6457, 56.1420, 1.2401) deg
[14:00:11.718] [info]   平移 XYZ: (0.1230, 0.0399, -0.0577) m
[14:00:11.748] [debug] [ManualAdjust] 旋转增量 RPY=(0.000, 0.000, 0.100)deg
[14:00:11.748] [info] [ManualAdjust] 当前外参 [lidar_0→cam_0]:
[14:00:11.748] [info]   旋转 RPY: (-88.6422, 56.2420, 1.2443) deg
[14:00:11.748] [info]   平移 XYZ: (0.1230, 0.0399, -0.0577) m
[14:00:11.778] [debug] [ManualAdjust] 旋转增量 RPY=(0.000, 0.000, 0.100)deg
[14:00:11.778] [info] [ManualAdjust] 当前外参 [lidar_0→cam_0]:
[14:00:11.778] [info]   旋转 RPY: (-88.6386, 56.3419, 1.2486) deg
[14:00:11.778] [info]   平移 XYZ: (0.1230, 0.0399, -0.0577) m
[14:00:11.808] [debug] [ManualAdjust] 旋转增量 RPY=(0.000, 0.000, 0.100)deg
[14:00:11.808] [info] [ManualAdjust] 当前外参 [lidar_0→cam_0]:
[14:00:11.808] [info]   旋转 RPY: (-88.6351, 56.4419, 1.2529) deg
[14:00:11.808] [info]   平移 XYZ: (0.1230, 0.0399, -0.0577) m
[14:00:11.838] [debug] [ManualAdjust] 旋转增量 RPY=(0.000, 0.000, 0.100)deg
[14:00:11.838] [info] [ManualAdjust] 当前外参 [lidar_0→cam_0]:
[14:00:11.838] [info]   旋转 RPY: (-88.6314, 56.5419, 1.2572) deg
[14:00:11.838] [info]   平移 XYZ: (0.1230, 0.0399, -0.0577) m
[14:00:11.868] [debug] [ManualAdjust] 旋转增量 RPY=(0.000, 0.000, 0.100)deg
[14:00:11.868] [info] [ManualAdjust] 当前外参 [lidar_0→cam_0]:
[14:00:11.868] [info]   旋转 RPY: (-88.6278, 56.6419, 1.2616) deg
[14:00:11.868] [info]   平移 XYZ: (0.1230, 0.0399, -0.0577) m
[14:00:11.898] [debug] [ManualAdjust] 旋转增量 RPY=(0.000, 0.000, 0.100)deg
[14:00:11.898] [info] [ManualAdjust] 当前外参 [lidar_0→cam_0]:
[14:00:11.898] [info]   旋转 RPY: (-88.6242, 56.7418, 1.2660) deg
[14:00:11.898] [info]   平移 XYZ: (0.1230, 0.0399, -0.0577) m
[14:00:11.928] [debug] [ManualAdjust] 旋转增量 RPY=(0.000, 0.000, 0.100)deg
[14:00:11.928] [info] [ManualAdjust] 当前外参 [lidar_0→cam_0]:
[14:00:11.928] [info]   旋转 RPY: (-88.6205, 56.8418, 1.2703) deg
[14:00:11.928] [info]   平移 XYZ: (0.1230, 0.0399, -0.0577) m
[14:00:11.958] [debug] [ManualAdjust] 旋转增量 RPY=(0.000, 0.000, 0.100)deg
[14:00:11.958] [info] [ManualAdjust] 当前外参 [lidar_0→cam_0]:
[14:00:11.958] [info]   旋转 RPY: (-88.6168, 56.9418, 1.2748) deg
[14:00:11.958] [info]   平移 XYZ: (0.1230, 0.0399, -0.0577) m
[14:00:11.988] [debug] [ManualAdjust] 旋转增量 RPY=(0.000, 0.000, 0.100)deg
[14:00:11.988] [info] [ManualAdjust] 当前外参 [lidar_0→cam_0]:
[14:00:11.988] [info]   旋转 RPY: (-88.6131, 57.0417, 1.2792) deg
[14:00:11.988] [info]   平移 XYZ: (0.1230, 0.0399, -0.0577) m
[14:00:12.018] [debug] [ManualAdjust] 旋转增量 RPY=(0.000, 0.000, 0.100)deg
[14:00:12.018] [info] [ManualAdjust] 当前外参 [lidar_0→cam_0]:
[14:00:12.018] [info]   旋转 RPY: (-88.6093, 57.1417, 1.2837) deg
[14:00:12.018] [info]   平移 XYZ: (0.1230, 0.0399, -0.0577) m
[14:00:12.048] [debug] [ManualAdjust] 旋转增量 RPY=(0.000, 0.000, 0.100)deg
[14:00:12.048] [info] [ManualAdjust] 当前外参 [lidar_0→cam_0]:
[14:00:12.048] [info]   旋转 RPY: (-88.6056, 57.2417, 1.2881) deg
[14:00:12.048] [info]   平移 XYZ: (0.1230, 0.0399, -0.0577) m
[14:00:12.078] [debug] [ManualAdjust] 旋转增量 RPY=(0.000, 0.000, 0.100)deg
[14:00:12.078] [info] [ManualAdjust] 当前外参 [lidar_0→cam_0]:
[14:00:12.078] [info]   旋转 RPY: (-88.6018, 57.3416, 1.2926) deg
[14:00:12.078] [info]   平移 XYZ: (0.1230, 0.0399, -0.0577) m
[14:00:12.108] [debug] [ManualAdjust] 旋转增量 RPY=(0.000, 0.000, 0.100)deg
[14:00:12.108] [info] [ManualAdjust] 当前外参 [lidar_0→cam_0]:
[14:00:12.108] [info]   旋转 RPY: (-88.5980, 57.4416, 1.2972) deg
[14:00:12.108] [info]   平移 XYZ: (0.1230, 0.0399, -0.0577) m
[14:00:12.138] [debug] [ManualAdjust] 旋转增量 RPY=(0.000, 0.000, 0.100)deg
[14:00:12.138] [info] [ManualAdjust] 当前外参 [lidar_0→cam_0]:
[14:00:12.138] [info]   旋转 RPY: (-88.5941, 57.5416, 1.3017) deg
[14:00:12.138] [info]   平移 XYZ: (0.1230, 0.0399, -0.0577) m
[14:00:12.169] [debug] [ManualAdjust] 旋转增量 RPY=(0.000, 0.000, 0.100)deg
[14:00:12.169] [info] [ManualAdjust] 当前外参 [lidar_0→cam_0]:
[14:00:12.169] [info]   旋转 RPY: (-88.5902, 57.6416, 1.3063) deg
[14:00:12.169] [info]   平移 XYZ: (0.1230, 0.0399, -0.0577) m
[14:00:12.198] [debug] [ManualAdjust] 旋转增量 RPY=(0.000, 0.000, 0.100)deg
[14:00:12.198] [info] [ManualAdjust] 当前外参 [lidar_0→cam_0]:
[14:00:12.198] [info]   旋转 RPY: (-88.5863, 57.7415, 1.3109) deg
[14:00:12.198] [info]   平移 XYZ: (0.1230, 0.0399, -0.0577) m
[14:00:12.228] [debug] [ManualAdjust] 旋转增量 RPY=(0.000, 0.000, 0.100)deg
[14:00:12.228] [info] [ManualAdjust] 当前外参 [lidar_0→cam_0]:
[14:00:12.228] [info]   旋转 RPY: (-88.5824, 57.8415, 1.3156) deg
[14:00:12.228] [info]   平移 XYZ: (0.1230, 0.0399, -0.0577) m
[14:00:12.258] [debug] [ManualAdjust] 旋转增量 RPY=(0.000, 0.000, 0.100)deg
[14:00:12.258] [info] [ManualAdjust] 当前外参 [lidar_0→cam_0]:
[14:00:12.258] [info]   旋转 RPY: (-88.5785, 57.9415, 1.3202) deg
[14:00:12.258] [info]   平移 XYZ: (0.1230, 0.0399, -0.0577) m
[14:00:12.288] [debug] [ManualAdjust] 旋转增量 RPY=(0.000, 0.000, 0.100)deg
[14:00:12.288] [info] [ManualAdjust] 当前外参 [lidar_0→cam_0]:
[14:00:12.288] [info]   旋转 RPY: (-88.5745, 58.0414, 1.3249) deg
[14:00:12.288] [info]   平移 XYZ: (0.1230, 0.0399, -0.0577) m
[14:00:12.318] [debug] [ManualAdjust] 旋转增量 RPY=(0.000, 0.000, 0.100)deg
[14:00:12.318] [info] [ManualAdjust] 当前外参 [lidar_0→cam_0]:
[14:00:12.318] [info]   旋转 RPY: (-88.5705, 58.1414, 1.3296) deg
[14:00:12.318] [info]   平移 XYZ: (0.1230, 0.0399, -0.0577) m
[14:00:12.348] [debug] [ManualAdjust] 旋转增量 RPY=(0.000, 0.000, 0.100)deg
[14:00:12.348] [info] [ManualAdjust] 当前外参 [lidar_0→cam_0]:
[14:00:12.348] [info]   旋转 RPY: (-88.5665, 58.2414, 1.3344) deg
[14:00:12.348] [info]   平移 XYZ: (0.1230, 0.0399, -0.0577) m
[14:00:12.378] [debug] [ManualAdjust] 旋转增量 RPY=(0.000, 0.000, 0.100)deg
[14:00:12.378] [info] [ManualAdjust] 当前外参 [lidar_0→cam_0]:
[14:00:12.378] [info]   旋转 RPY: (-88.5624, 58.3413, 1.3391) deg
[14:00:12.378] [info]   平移 XYZ: (0.1230, 0.0399, -0.0577) m
[14:00:12.408] [debug] [ManualAdjust] 旋转增量 RPY=(0.000, 0.000, 0.100)deg
[14:00:12.408] [info] [ManualAdjust] 当前外参 [lidar_0→cam_0]:
[14:00:12.408] [info]   旋转 RPY: (-88.5583, 58.4413, 1.3439) deg
[14:00:12.408] [info]   平移 XYZ: (0.1230, 0.0399, -0.0577) m
[14:00:12.438] [debug] [ManualAdjust] 旋转增量 RPY=(0.000, 0.000, 0.100)deg
[14:00:12.438] [info] [ManualAdjust] 当前外参 [lidar_0→cam_0]:
[14:00:12.438] [info]   旋转 RPY: (-88.5542, 58.5413, 1.3488) deg
[14:00:12.438] [info]   平移 XYZ: (0.1230, 0.0399, -0.0577) m
[14:00:12.468] [debug] [ManualAdjust] 旋转增量 RPY=(0.000, 0.000, 0.100)deg
[14:00:12.468] [info] [ManualAdjust] 当前外参 [lidar_0→cam_0]:
[14:00:12.468] [info]   旋转 RPY: (-88.5501, 58.6412, 1.3536) deg
[14:00:12.468] [info]   平移 XYZ: (0.1230, 0.0399, -0.0577) m
[14:00:12.498] [debug] [ManualAdjust] 旋转增量 RPY=(0.000, 0.000, 0.100)deg
[14:00:12.498] [info] [ManualAdjust] 当前外参 [lidar_0→cam_0]:
[14:00:12.498] [info]   旋转 RPY: (-88.5459, 58.7412, 1.3585) deg
[14:00:12.498] [info]   平移 XYZ: (0.1230, 0.0399, -0.0577) m
[14:00:12.528] [debug] [ManualAdjust] 旋转增量 RPY=(0.000, 0.000, 0.100)deg
[14:00:12.528] [info] [ManualAdjust] 当前外参 [lidar_0→cam_0]:
[14:00:12.528] [info]   旋转 RPY: (-88.5417, 58.8412, 1.3634) deg
[14:00:12.528] [info]   平移 XYZ: (0.1230, 0.0399, -0.0577) m
[14:00:12.559] [debug] [ManualAdjust] 旋转增量 RPY=(0.000, 0.000, 0.100)deg
[14:00:12.559] [info] [ManualAdjust] 当前外参 [lidar_0→cam_0]:
[14:00:12.559] [info]   旋转 RPY: (-88.5375, 58.9411, 1.3683) deg
[14:00:12.559] [info]   平移 XYZ: (0.1230, 0.0399, -0.0577) m
[14:00:12.588] [debug] [ManualAdjust] 旋转增量 RPY=(0.000, 0.000, 0.100)deg
[14:00:12.588] [info] [ManualAdjust] 当前外参 [lidar_0→cam_0]:
[14:00:12.588] [info]   旋转 RPY: (-88.5332, 59.0411, 1.3733) deg
[14:00:12.588] [info]   平移 XYZ: (0.1230, 0.0399, -0.0577) m
[14:00:12.619] [debug] [ManualAdjust] 旋转增量 RPY=(0.000, 0.000, 0.100)deg
[14:00:12.619] [info] [ManualAdjust] 当前外参 [lidar_0→cam_0]:
[14:00:12.619] [info]   旋转 RPY: (-88.5290, 59.1411, 1.3783) deg
[14:00:12.619] [info]   平移 XYZ: (0.1230, 0.0399, -0.0577) m
[14:00:12.649] [debug] [ManualAdjust] 旋转增量 RPY=(0.000, 0.000, 0.100)deg
[14:00:12.649] [info] [ManualAdjust] 当前外参 [lidar_0→cam_0]:
[14:00:12.649] [info]   旋转 RPY: (-88.5247, 59.2410, 1.3833) deg
[14:00:12.649] [info]   平移 XYZ: (0.1230, 0.0399, -0.0577) m
[14:00:12.679] [debug] [ManualAdjust] 旋转增量 RPY=(0.000, 0.000, 0.100)deg
[14:00:12.679] [info] [ManualAdjust] 当前外参 [lidar_0→cam_0]:
[14:00:12.679] [info]   旋转 RPY: (-88.5203, 59.3410, 1.3883) deg
[14:00:12.679] [info]   平移 XYZ: (0.1230, 0.0399, -0.0577) m
[14:00:12.710] [debug] [ManualAdjust] 旋转增量 RPY=(0.000, 0.000, 0.100)deg
[14:00:12.710] [info] [ManualAdjust] 当前外参 [lidar_0→cam_0]:
[14:00:12.710] [info]   旋转 RPY: (-88.5159, 59.4410, 1.3934) deg
[14:00:12.710] [info]   平移 XYZ: (0.1230, 0.0399, -0.0577) m
[14:00:12.741] [debug] [ManualAdjust] 旋转增量 RPY=(0.000, 0.000, 0.100)deg
[14:00:12.741] [info] [ManualAdjust] 当前外参 [lidar_0→cam_0]:
[14:00:12.741] [info]   旋转 RPY: (-88.5115, 59.5409, 1.3985) deg
[14:00:12.741] [info]   平移 XYZ: (0.1230, 0.0399, -0.0577) m
[14:00:12.772] [debug] [ManualAdjust] 旋转增量 RPY=(0.000, 0.000, 0.100)deg
[14:00:12.772] [info] [ManualAdjust] 当前外参 [lidar_0→cam_0]:
[14:00:12.772] [info]   旋转 RPY: (-88.5071, 59.6409, 1.4037) deg
[14:00:12.772] [info]   平移 XYZ: (0.1230, 0.0399, -0.0577) m
[14:00:12.802] [debug] [ManualAdjust] 旋转增量 RPY=(0.000, 0.000, 0.100)deg
[14:00:12.802] [info] [ManualAdjust] 当前外参 [lidar_0→cam_0]:
[14:00:12.802] [info]   旋转 RPY: (-88.5026, 59.7409, 1.4088) deg
[14:00:12.802] [info]   平移 XYZ: (0.1230, 0.0399, -0.0577) m
[14:00:12.832] [debug] [ManualAdjust] 旋转增量 RPY=(0.000, 0.000, 0.100)deg
[14:00:12.832] [info] [ManualAdjust] 当前外参 [lidar_0→cam_0]:
[14:00:12.832] [info]   旋转 RPY: (-88.4982, 59.8408, 1.4140) deg
[14:00:12.832] [info]   平移 XYZ: (0.1230, 0.0399, -0.0577) m
[14:00:12.862] [debug] [ManualAdjust] 旋转增量 RPY=(0.000, 0.000, 0.100)deg
[14:00:12.862] [info] [ManualAdjust] 当前外参 [lidar_0→cam_0]:
[14:00:12.862] [info]   旋转 RPY: (-88.4936, 59.9408, 1.4193) deg
[14:00:12.862] [info]   平移 XYZ: (0.1230, 0.0399, -0.0577) m
[14:00:12.892] [debug] [ManualAdjust] 旋转增量 RPY=(0.000, 0.000, 0.100)deg
[14:00:12.892] [info] [ManualAdjust] 当前外参 [lidar_0→cam_0]:
[14:00:12.892] [info]   旋转 RPY: (-88.4891, 60.0408, 1.4245) deg
[14:00:12.892] [info]   平移 XYZ: (0.1230, 0.0399, -0.0577) m
[14:00:12.923] [debug] [ManualAdjust] 旋转增量 RPY=(0.000, 0.000, 0.100)deg
[14:00:12.923] [info] [ManualAdjust] 当前外参 [lidar_0→cam_0]:
[14:00:12.923] [info]   旋转 RPY: (-88.4845, 60.1407, 1.4298) deg
[14:00:12.923] [info]   平移 XYZ: (0.1230, 0.0399, -0.0577) m
[14:00:12.953] [debug] [ManualAdjust] 旋转增量 RPY=(0.000, 0.000, 0.100)deg
[14:00:12.953] [info] [ManualAdjust] 当前外参 [lidar_0→cam_0]:
[14:00:12.953] [info]   旋转 RPY: (-88.4799, 60.2407, 1.4352) deg
[14:00:12.953] [info]   平移 XYZ: (0.1230, 0.0399, -0.0577) m
[14:00:12.983] [debug] [ManualAdjust] 旋转增量 RPY=(0.000, 0.000, 0.100)deg
[14:00:12.983] [info] [ManualAdjust] 当前外参 [lidar_0→cam_0]:
[14:00:12.983] [info]   旋转 RPY: (-88.4752, 60.3407, 1.4405) deg
[14:00:12.983] [info]   平移 XYZ: (0.1230, 0.0399, -0.0577) m
[14:00:13.013] [debug] [ManualAdjust] 旋转增量 RPY=(0.000, 0.000, 0.100)deg
[14:00:13.013] [info] [ManualAdjust] 当前外参 [lidar_0→cam_0]:
[14:00:13.013] [info]   旋转 RPY: (-88.4705, 60.4406, 1.4459) deg
[14:00:13.013] [info]   平移 XYZ: (0.1230, 0.0399, -0.0577) m
[14:00:13.043] [debug] [ManualAdjust] 旋转增量 RPY=(0.000, 0.000, 0.100)deg
[14:00:13.043] [info] [ManualAdjust] 当前外参 [lidar_0→cam_0]:
[14:00:13.043] [info]   旋转 RPY: (-88.4658, 60.5406, 1.4513) deg
[14:00:13.043] [info]   平移 XYZ: (0.1230, 0.0399, -0.0577) m
[14:00:13.073] [debug] [ManualAdjust] 旋转增量 RPY=(0.000, 0.000, 0.100)deg
[14:00:13.073] [info] [ManualAdjust] 当前外参 [lidar_0→cam_0]:
[14:00:13.073] [info]   旋转 RPY: (-88.4610, 60.6406, 1.4568) deg
[14:00:13.073] [info]   平移 XYZ: (0.1230, 0.0399, -0.0577) m
[14:00:13.103] [debug] [ManualAdjust] 旋转增量 RPY=(0.000, 0.000, 0.100)deg
[14:00:13.104] [info] [ManualAdjust] 当前外参 [lidar_0→cam_0]:
[14:00:13.104] [info]   旋转 RPY: (-88.4562, 60.7405, 1.4623) deg
[14:00:13.104] [info]   平移 XYZ: (0.1230, 0.0399, -0.0577) m
[14:00:13.133] [debug] [ManualAdjust] 旋转增量 RPY=(0.000, 0.000, 0.100)deg
[14:00:13.133] [info] [ManualAdjust] 当前外参 [lidar_0→cam_0]:
[14:00:13.133] [info]   旋转 RPY: (-88.4514, 60.8405, 1.4678) deg
[14:00:13.133] [info]   平移 XYZ: (0.1230, 0.0399, -0.0577) m
[14:00:13.164] [debug] [ManualAdjust] 旋转增量 RPY=(0.000, 0.000, 0.100)deg
[14:00:13.164] [info] [ManualAdjust] 当前外参 [lidar_0→cam_0]:
[14:00:13.164] [info]   旋转 RPY: (-88.4465, 60.9405, 1.4734) deg
[14:00:13.164] [info]   平移 XYZ: (0.1230, 0.0399, -0.0577) m
[14:00:13.193] [debug] [ManualAdjust] 旋转增量 RPY=(0.000, 0.000, 0.100)deg
[14:00:13.193] [info] [ManualAdjust] 当前外参 [lidar_0→cam_0]:
[14:00:13.193] [info]   旋转 RPY: (-88.4416, 61.0404, 1.4790) deg
[14:00:13.193] [info]   平移 XYZ: (0.1230, 0.0399, -0.0577) m
[14:00:13.223] [debug] [ManualAdjust] 旋转增量 RPY=(0.000, 0.000, 0.100)deg
[14:00:13.223] [info] [ManualAdjust] 当前外参 [lidar_0→cam_0]:
[14:00:13.223] [info]   旋转 RPY: (-88.4367, 61.1404, 1.4846) deg
[14:00:13.223] [info]   平移 XYZ: (0.1230, 0.0399, -0.0577) m
[14:00:13.254] [debug] [ManualAdjust] 旋转增量 RPY=(0.000, 0.000, 0.100)deg
[14:00:13.254] [info] [ManualAdjust] 当前外参 [lidar_0→cam_0]:
[14:00:13.254] [info]   旋转 RPY: (-88.4317, 61.2403, 1.4903) deg
[14:00:13.254] [info]   平移 XYZ: (0.1230, 0.0399, -0.0577) m
[14:00:13.285] [debug] [ManualAdjust] 旋转增量 RPY=(0.000, 0.000, 0.100)deg
[14:00:13.285] [info] [ManualAdjust] 当前外参 [lidar_0→cam_0]:
[14:00:13.285] [info]   旋转 RPY: (-88.4267, 61.3403, 1.4960) deg
[14:00:13.285] [info]   平移 XYZ: (0.1230, 0.0399, -0.0577) m
[14:00:13.315] [debug] [ManualAdjust] 旋转增量 RPY=(0.000, 0.000, 0.100)deg
[14:00:13.315] [info] [ManualAdjust] 当前外参 [lidar_0→cam_0]:
[14:00:13.315] [info]   旋转 RPY: (-88.4217, 61.4403, 1.5017) deg
[14:00:13.315] [info]   平移 XYZ: (0.1230, 0.0399, -0.0577) m
[14:00:13.346] [debug] [ManualAdjust] 旋转增量 RPY=(0.000, 0.000, 0.100)deg
[14:00:13.346] [info] [ManualAdjust] 当前外参 [lidar_0→cam_0]:
[14:00:13.346] [info]   旋转 RPY: (-88.4166, 61.5402, 1.5075) deg
[14:00:13.346] [info]   平移 XYZ: (0.1230, 0.0399, -0.0577) m
[14:00:13.376] [debug] [ManualAdjust] 旋转增量 RPY=(0.000, 0.000, 0.100)deg
[14:00:13.376] [info] [ManualAdjust] 当前外参 [lidar_0→cam_0]:
[14:00:13.376] [info]   旋转 RPY: (-88.4115, 61.6402, 1.5133) deg
[14:00:13.376] [info]   平移 XYZ: (0.1230, 0.0399, -0.0577) m
[14:00:13.406] [debug] [ManualAdjust] 旋转增量 RPY=(0.000, 0.000, 0.100)deg
[14:00:13.406] [info] [ManualAdjust] 当前外参 [lidar_0→cam_0]:
[14:00:13.406] [info]   旋转 RPY: (-88.4064, 61.7402, 1.5192) deg
[14:00:13.406] [info]   平移 XYZ: (0.1230, 0.0399, -0.0577) m
[14:00:13.436] [debug] [ManualAdjust] 旋转增量 RPY=(0.000, 0.000, 0.100)deg
[14:00:13.436] [info] [ManualAdjust] 当前外参 [lidar_0→cam_0]:
[14:00:13.436] [info]   旋转 RPY: (-88.4012, 61.8401, 1.5251) deg
[14:00:13.436] [info]   平移 XYZ: (0.1230, 0.0399, -0.0577) m
[14:00:13.466] [debug] [ManualAdjust] 旋转增量 RPY=(0.000, 0.000, 0.100)deg
[14:00:13.466] [info] [ManualAdjust] 当前外参 [lidar_0→cam_0]:
[14:00:13.466] [info]   旋转 RPY: (-88.3959, 61.9401, 1.5310) deg
[14:00:13.466] [info]   平移 XYZ: (0.1230, 0.0399, -0.0577) m
[14:00:13.497] [debug] [ManualAdjust] 旋转增量 RPY=(0.000, 0.000, 0.100)deg
[14:00:13.497] [info] [ManualAdjust] 当前外参 [lidar_0→cam_0]:
[14:00:13.497] [info]   旋转 RPY: (-88.3907, 62.0400, 1.5370) deg
[14:00:13.497] [info]   平移 XYZ: (0.1230, 0.0399, -0.0577) m
[14:00:13.527] [debug] [ManualAdjust] 旋转增量 RPY=(0.000, 0.000, 0.100)deg
[14:00:13.527] [info] [ManualAdjust] 当前外参 [lidar_0→cam_0]:
[14:00:13.527] [info]   旋转 RPY: (-88.3853, 62.1400, 1.5430) deg
[14:00:13.527] [info]   平移 XYZ: (0.1230, 0.0399, -0.0577) m
[14:00:13.558] [debug] [ManualAdjust] 旋转增量 RPY=(0.000, 0.000, 0.100)deg
[14:00:13.558] [info] [ManualAdjust] 当前外参 [lidar_0→cam_0]:
[14:00:13.558] [info]   旋转 RPY: (-88.3800, 62.2400, 1.5490) deg
[14:00:13.558] [info]   平移 XYZ: (0.1230, 0.0399, -0.0577) m
[14:00:13.588] [debug] [ManualAdjust] 旋转增量 RPY=(0.000, 0.000, 0.100)deg
[14:00:13.588] [info] [ManualAdjust] 当前外参 [lidar_0→cam_0]:
[14:00:13.588] [info]   旋转 RPY: (-88.3746, 62.3399, 1.5551) deg
[14:00:13.588] [info]   平移 XYZ: (0.1230, 0.0399, -0.0577) m
[14:00:13.618] [debug] [ManualAdjust] 旋转增量 RPY=(0.000, 0.000, 0.100)deg
[14:00:13.618] [info] [ManualAdjust] 当前外参 [lidar_0→cam_0]:
[14:00:13.618] [info]   旋转 RPY: (-88.3692, 62.4399, 1.5613) deg
[14:00:13.618] [info]   平移 XYZ: (0.1230, 0.0399, -0.0577) m
[14:00:13.648] [debug] [ManualAdjust] 旋转增量 RPY=(0.000, 0.000, 0.100)deg
[14:00:13.648] [info] [ManualAdjust] 当前外参 [lidar_0→cam_0]:
[14:00:13.648] [info]   旋转 RPY: (-88.3637, 62.5398, 1.5674) deg
[14:00:13.648] [info]   平移 XYZ: (0.1230, 0.0399, -0.0577) m
[14:00:13.678] [debug] [ManualAdjust] 旋转增量 RPY=(0.000, 0.000, 0.100)deg
[14:00:13.678] [info] [ManualAdjust] 当前外参 [lidar_0→cam_0]:
[14:00:13.678] [info]   旋转 RPY: (-88.3582, 62.6398, 1.5736) deg
[14:00:13.678] [info]   平移 XYZ: (0.1230, 0.0399, -0.0577) m
[14:00:13.709] [debug] [ManualAdjust] 旋转增量 RPY=(0.000, 0.000, 0.100)deg
[14:00:13.709] [info] [ManualAdjust] 当前外参 [lidar_0→cam_0]:
[14:00:13.709] [info]   旋转 RPY: (-88.3526, 62.7398, 1.5799) deg
[14:00:13.709] [info]   平移 XYZ: (0.1230, 0.0399, -0.0577) m
[14:00:13.739] [debug] [ManualAdjust] 旋转增量 RPY=(0.000, 0.000, 0.100)deg
[14:00:13.739] [info] [ManualAdjust] 当前外参 [lidar_0→cam_0]:
[14:00:13.739] [info]   旋转 RPY: (-88.3470, 62.8397, 1.5862) deg
[14:00:13.739] [info]   平移 XYZ: (0.1230, 0.0399, -0.0577) m
[14:00:13.769] [debug] [ManualAdjust] 旋转增量 RPY=(0.000, 0.000, 0.100)deg
[14:00:13.769] [info] [ManualAdjust] 当前外参 [lidar_0→cam_0]:
[14:00:13.769] [info]   旋转 RPY: (-88.3414, 62.9397, 1.5925) deg
[14:00:13.769] [info]   平移 XYZ: (0.1230, 0.0399, -0.0577) m
[14:00:13.799] [debug] [ManualAdjust] 旋转增量 RPY=(0.000, 0.000, 0.100)deg
[14:00:13.799] [info] [ManualAdjust] 当前外参 [lidar_0→cam_0]:
[14:00:13.799] [info]   旋转 RPY: (-88.3357, 63.0396, 1.5989) deg
[14:00:13.799] [info]   平移 XYZ: (0.1230, 0.0399, -0.0577) m
[14:00:13.829] [debug] [ManualAdjust] 旋转增量 RPY=(0.000, 0.000, 0.100)deg
[14:00:13.829] [info] [ManualAdjust] 当前外参 [lidar_0→cam_0]:
[14:00:13.829] [info]   旋转 RPY: (-88.3300, 63.1396, 1.6054) deg
[14:00:13.829] [info]   平移 XYZ: (0.1230, 0.0399, -0.0577) m
[14:00:13.860] [debug] [ManualAdjust] 旋转增量 RPY=(0.000, 0.000, 0.100)deg
[14:00:13.860] [info] [ManualAdjust] 当前外参 [lidar_0→cam_0]:
[14:00:13.860] [info]   旋转 RPY: (-88.3242, 63.2395, 1.6118) deg
[14:00:13.860] [info]   平移 XYZ: (0.1230, 0.0399, -0.0577) m
[14:00:13.889] [debug] [ManualAdjust] 旋转增量 RPY=(0.000, 0.000, 0.100)deg
[14:00:13.889] [info] [ManualAdjust] 当前外参 [lidar_0→cam_0]:
[14:00:13.889] [info]   旋转 RPY: (-88.3184, 63.3395, 1.6183) deg
[14:00:13.889] [info]   平移 XYZ: (0.1230, 0.0399, -0.0577) m
[14:00:13.919] [debug] [ManualAdjust] 旋转增量 RPY=(0.000, 0.000, 0.100)deg
[14:00:13.919] [info] [ManualAdjust] 当前外参 [lidar_0→cam_0]:
[14:00:13.919] [info]   旋转 RPY: (-88.3125, 63.4395, 1.6249) deg
[14:00:13.919] [info]   平移 XYZ: (0.1230, 0.0399, -0.0577) m
[14:00:13.949] [debug] [ManualAdjust] 旋转增量 RPY=(0.000, 0.000, 0.100)deg
[14:00:13.949] [info] [ManualAdjust] 当前外参 [lidar_0→cam_0]:
[14:00:13.949] [info]   旋转 RPY: (-88.3066, 63.5394, 1.6315) deg
[14:00:13.949] [info]   平移 XYZ: (0.1230, 0.0399, -0.0577) m
[14:00:13.979] [debug] [ManualAdjust] 旋转增量 RPY=(0.000, 0.000, 0.100)deg
[14:00:13.979] [info] [ManualAdjust] 当前外参 [lidar_0→cam_0]:
[14:00:13.979] [info]   旋转 RPY: (-88.3006, 63.6394, 1.6382) deg
[14:00:13.979] [info]   平移 XYZ: (0.1230, 0.0399, -0.0577) m
[14:00:14.010] [debug] [ManualAdjust] 旋转增量 RPY=(0.000, 0.000, 0.100)deg
[14:00:14.010] [info] [ManualAdjust] 当前外参 [lidar_0→cam_0]:
[14:00:14.010] [info]   旋转 RPY: (-88.2946, 63.7393, 1.6449) deg
[14:00:14.010] [info]   平移 XYZ: (0.1230, 0.0399, -0.0577) m
[14:00:14.040] [debug] [ManualAdjust] 旋转增量 RPY=(0.000, 0.000, 0.100)deg
[14:00:14.040] [info] [ManualAdjust] 当前外参 [lidar_0→cam_0]:
[14:00:14.040] [info]   旋转 RPY: (-88.2886, 63.8393, 1.6516) deg
[14:00:14.040] [info]   平移 XYZ: (0.1230, 0.0399, -0.0577) m
[14:00:14.070] [debug] [ManualAdjust] 旋转增量 RPY=(0.000, 0.000, 0.100)deg
[14:00:14.070] [info] [ManualAdjust] 当前外参 [lidar_0→cam_0]:
[14:00:14.070] [info]   旋转 RPY: (-88.2824, 63.9392, 1.6584) deg
[14:00:14.070] [info]   平移 XYZ: (0.1230, 0.0399, -0.0577) m
[14:00:14.101] [debug] [ManualAdjust] 旋转增量 RPY=(0.000, 0.000, 0.100)deg
[14:00:14.101] [info] [ManualAdjust] 当前外参 [lidar_0→cam_0]:
[14:00:14.101] [info]   旋转 RPY: (-88.2763, 64.0392, 1.6653) deg
[14:00:14.101] [info]   平移 XYZ: (0.1230, 0.0399, -0.0577) m
[14:00:14.131] [debug] [ManualAdjust] 旋转增量 RPY=(0.000, 0.000, 0.100)deg
[14:00:14.131] [info] [ManualAdjust] 当前外参 [lidar_0→cam_0]:
[14:00:14.131] [info]   旋转 RPY: (-88.2701, 64.1391, 1.6722) deg
[14:00:14.131] [info]   平移 XYZ: (0.1230, 0.0399, -0.0577) m
[14:00:14.162] [debug] [ManualAdjust] 旋转增量 RPY=(0.000, 0.000, 0.100)deg
[14:00:14.162] [info] [ManualAdjust] 当前外参 [lidar_0→cam_0]:
[14:00:14.162] [info]   旋转 RPY: (-88.2638, 64.2391, 1.6791) deg
[14:00:14.162] [info]   平移 XYZ: (0.1230, 0.0399, -0.0577) m
[14:00:14.191] [debug] [ManualAdjust] 旋转增量 RPY=(0.000, 0.000, 0.100)deg
[14:00:14.191] [info] [ManualAdjust] 当前外参 [lidar_0→cam_0]:
[14:00:14.191] [info]   旋转 RPY: (-88.2575, 64.3391, 1.6861) deg
[14:00:14.191] [info]   平移 XYZ: (0.1230, 0.0399, -0.0577) m
[14:00:14.222] [debug] [ManualAdjust] 旋转增量 RPY=(0.000, 0.000, 0.100)deg
[14:00:14.222] [info] [ManualAdjust] 当前外参 [lidar_0→cam_0]:
[14:00:14.222] [info]   旋转 RPY: (-88.2512, 64.4390, 1.6932) deg
[14:00:14.222] [info]   平移 XYZ: (0.1230, 0.0399, -0.0577) m
[14:00:14.251] [debug] [ManualAdjust] 旋转增量 RPY=(0.000, 0.000, 0.100)deg
[14:00:14.251] [info] [ManualAdjust] 当前外参 [lidar_0→cam_0]:
[14:00:14.251] [info]   旋转 RPY: (-88.2448, 64.5390, 1.7003) deg
[14:00:14.251] [info]   平移 XYZ: (0.1230, 0.0399, -0.0577) m
[14:00:14.281] [debug] [ManualAdjust] 旋转增量 RPY=(0.000, 0.000, 0.100)deg
[14:00:14.281] [info] [ManualAdjust] 当前外参 [lidar_0→cam_0]:
[14:00:14.281] [info]   旋转 RPY: (-88.2383, 64.6389, 1.7074) deg
[14:00:14.281] [info]   平移 XYZ: (0.1230, 0.0399, -0.0577) m
[14:00:14.311] [debug] [ManualAdjust] 旋转增量 RPY=(0.000, 0.000, 0.100)deg
[14:00:14.311] [info] [ManualAdjust] 当前外参 [lidar_0→cam_0]:
[14:00:14.311] [info]   旋转 RPY: (-88.2318, 64.7389, 1.7146) deg
[14:00:14.311] [info]   平移 XYZ: (0.1230, 0.0399, -0.0577) m
[14:00:14.342] [debug] [ManualAdjust] 旋转增量 RPY=(0.000, 0.000, 0.100)deg
[14:00:14.342] [info] [ManualAdjust] 当前外参 [lidar_0→cam_0]:
[14:00:14.342] [info]   旋转 RPY: (-88.2252, 64.8388, 1.7219) deg
[14:00:14.342] [info]   平移 XYZ: (0.1230, 0.0399, -0.0577) m
[14:00:14.372] [debug] [ManualAdjust] 旋转增量 RPY=(0.000, 0.000, 0.100)deg
[14:00:14.372] [info] [ManualAdjust] 当前外参 [lidar_0→cam_0]:
[14:00:14.372] [info]   旋转 RPY: (-88.2186, 64.9388, 1.7292) deg
[14:00:14.372] [info]   平移 XYZ: (0.1230, 0.0399, -0.0577) m
[14:00:14.402] [debug] [ManualAdjust] 旋转增量 RPY=(0.000, 0.000, 0.100)deg
[14:00:14.402] [info] [ManualAdjust] 当前外参 [lidar_0→cam_0]:
[14:00:14.402] [info]   旋转 RPY: (-88.2119, 65.0387, 1.7365) deg
[14:00:14.402] [info]   平移 XYZ: (0.1230, 0.0399, -0.0577) m
[14:00:14.432] [debug] [ManualAdjust] 旋转增量 RPY=(0.000, 0.000, 0.100)deg
[14:00:14.432] [info] [ManualAdjust] 当前外参 [lidar_0→cam_0]:
[14:00:14.432] [info]   旋转 RPY: (-88.2052, 65.1387, 1.7440) deg
[14:00:14.432] [info]   平移 XYZ: (0.1230, 0.0399, -0.0577) m
[14:00:14.462] [debug] [ManualAdjust] 旋转增量 RPY=(0.000, 0.000, 0.100)deg
[14:00:14.462] [info] [ManualAdjust] 当前外参 [lidar_0→cam_0]:
[14:00:14.462] [info]   旋转 RPY: (-88.1984, 65.2386, 1.7514) deg
[14:00:14.462] [info]   平移 XYZ: (0.1230, 0.0399, -0.0577) m
[14:00:14.492] [debug] [ManualAdjust] 旋转增量 RPY=(0.000, 0.000, 0.100)deg
[14:00:14.492] [info] [ManualAdjust] 当前外参 [lidar_0→cam_0]:
[14:00:14.492] [info]   旋转 RPY: (-88.1916, 65.3386, 1.7590) deg
[14:00:14.492] [info]   平移 XYZ: (0.1230, 0.0399, -0.0577) m
[14:00:14.522] [debug] [ManualAdjust] 旋转增量 RPY=(0.000, 0.000, 0.100)deg
[14:00:14.522] [info] [ManualAdjust] 当前外参 [lidar_0→cam_0]:
[14:00:14.522] [info]   旋转 RPY: (-88.1847, 65.4385, 1.7666) deg
[14:00:14.522] [info]   平移 XYZ: (0.1230, 0.0399, -0.0577) m
[14:00:14.552] [debug] [ManualAdjust] 旋转增量 RPY=(0.000, 0.000, 0.100)deg
[14:00:14.552] [info] [ManualAdjust] 当前外参 [lidar_0→cam_0]:
[14:00:14.552] [info]   旋转 RPY: (-88.1777, 65.5385, 1.7742) deg
[14:00:14.552] [info]   平移 XYZ: (0.1230, 0.0399, -0.0577) m
[14:00:14.582] [debug] [ManualAdjust] 旋转增量 RPY=(0.000, 0.000, 0.100)deg
[14:00:14.582] [info] [ManualAdjust] 当前外参 [lidar_0→cam_0]:
[14:00:14.582] [info]   旋转 RPY: (-88.1707, 65.6384, 1.7819) deg
[14:00:14.582] [info]   平移 XYZ: (0.1230, 0.0399, -0.0577) m
[14:00:14.612] [debug] [ManualAdjust] 旋转增量 RPY=(0.000, 0.000, 0.100)deg
[14:00:14.612] [info] [ManualAdjust] 当前外参 [lidar_0→cam_0]:
[14:00:14.612] [info]   旋转 RPY: (-88.1636, 65.7384, 1.7897) deg
[14:00:14.612] [info]   平移 XYZ: (0.1230, 0.0399, -0.0577) m
[14:00:14.642] [debug] [ManualAdjust] 旋转增量 RPY=(0.000, 0.000, 0.100)deg
[14:00:14.642] [info] [ManualAdjust] 当前外参 [lidar_0→cam_0]:
[14:00:14.642] [info]   旋转 RPY: (-88.1565, 65.8383, 1.7975) deg
[14:00:14.642] [info]   平移 XYZ: (0.1230, 0.0399, -0.0577) m
[14:00:14.672] [debug] [ManualAdjust] 旋转增量 RPY=(0.000, 0.000, 0.100)deg
[14:00:14.672] [info] [ManualAdjust] 当前外参 [lidar_0→cam_0]:
[14:00:14.672] [info]   旋转 RPY: (-88.1493, 65.9383, 1.8054) deg
[14:00:14.672] [info]   平移 XYZ: (0.1230, 0.0399, -0.0577) m
[14:00:14.702] [debug] [ManualAdjust] 旋转增量 RPY=(0.000, 0.000, 0.100)deg
[14:00:14.702] [info] [ManualAdjust] 当前外参 [lidar_0→cam_0]:
[14:00:14.702] [info]   旋转 RPY: (-88.1420, 66.0382, 1.8134) deg
[14:00:14.702] [info]   平移 XYZ: (0.1230, 0.0399, -0.0577) m
[14:00:14.732] [debug] [ManualAdjust] 旋转增量 RPY=(0.000, 0.000, 0.100)deg
[14:00:14.732] [info] [ManualAdjust] 当前外参 [lidar_0→cam_0]:
[14:00:14.732] [info]   旋转 RPY: (-88.1347, 66.1382, 1.8214) deg
[14:00:14.732] [info]   平移 XYZ: (0.1230, 0.0399, -0.0577) m
[14:00:14.762] [debug] [ManualAdjust] 旋转增量 RPY=(0.000, 0.000, 0.100)deg
[14:00:14.763] [info] [ManualAdjust] 当前外参 [lidar_0→cam_0]:
[14:00:14.763] [info]   旋转 RPY: (-88.1273, 66.2381, 1.8295) deg
[14:00:14.763] [info]   平移 XYZ: (0.1230, 0.0399, -0.0577) m
[14:00:14.792] [debug] [ManualAdjust] 旋转增量 RPY=(0.000, 0.000, 0.100)deg
[14:00:14.792] [info] [ManualAdjust] 当前外参 [lidar_0→cam_0]:
[14:00:14.792] [info]   旋转 RPY: (-88.1198, 66.3381, 1.8376) deg
[14:00:14.792] [info]   平移 XYZ: (0.1230, 0.0399, -0.0577) m
[14:00:14.822] [debug] [ManualAdjust] 旋转增量 RPY=(0.000, 0.000, 0.100)deg
[14:00:14.822] [info] [ManualAdjust] 当前外参 [lidar_0→cam_0]:
[14:00:14.822] [info]   旋转 RPY: (-88.1123, 66.4380, 1.8458) deg
[14:00:14.822] [info]   平移 XYZ: (0.1230, 0.0399, -0.0577) m
[14:00:14.853] [debug] [ManualAdjust] 旋转增量 RPY=(0.000, 0.000, 0.100)deg
[14:00:14.853] [info] [ManualAdjust] 当前外参 [lidar_0→cam_0]:
[14:00:14.853] [info]   旋转 RPY: (-88.1047, 66.5379, 1.8541) deg
[14:00:14.853] [info]   平移 XYZ: (0.1230, 0.0399, -0.0577) m
[14:00:14.883] [debug] [ManualAdjust] 旋转增量 RPY=(0.000, 0.000, 0.100)deg
[14:00:14.883] [info] [ManualAdjust] 当前外参 [lidar_0→cam_0]:
[14:00:14.883] [info]   旋转 RPY: (-88.0971, 66.6379, 1.8624) deg
[14:00:14.883] [info]   平移 XYZ: (0.1230, 0.0399, -0.0577) m
[14:00:14.913] [debug] [ManualAdjust] 旋转增量 RPY=(0.000, 0.000, 0.100)deg
[14:00:14.913] [info] [ManualAdjust] 当前外参 [lidar_0→cam_0]:
[14:00:14.913] [info]   旋转 RPY: (-88.0894, 66.7378, 1.8708) deg
[14:00:14.913] [info]   平移 XYZ: (0.1230, 0.0399, -0.0577) m
[14:00:14.943] [debug] [ManualAdjust] 旋转增量 RPY=(0.000, 0.000, 0.100)deg
[14:00:14.943] [info] [ManualAdjust] 当前外参 [lidar_0→cam_0]:
[14:00:14.943] [info]   旋转 RPY: (-88.0816, 66.8378, 1.8793) deg
[14:00:14.943] [info]   平移 XYZ: (0.1230, 0.0399, -0.0577) m
[14:00:14.973] [debug] [ManualAdjust] 旋转增量 RPY=(0.000, 0.000, 0.100)deg
[14:00:14.973] [info] [ManualAdjust] 当前外参 [lidar_0→cam_0]:
[14:00:14.973] [info]   旋转 RPY: (-88.0737, 66.9377, 1.8879) deg
[14:00:14.973] [info]   平移 XYZ: (0.1230, 0.0399, -0.0577) m
[14:00:15.004] [debug] [ManualAdjust] 旋转增量 RPY=(0.000, 0.000, 0.100)deg
[14:00:15.004] [info] [ManualAdjust] 当前外参 [lidar_0→cam_0]:
[14:00:15.004] [info]   旋转 RPY: (-88.0658, 67.0377, 1.8965) deg
[14:00:15.004] [info]   平移 XYZ: (0.1230, 0.0399, -0.0577) m
[14:00:15.035] [debug] [ManualAdjust] 旋转增量 RPY=(0.000, 0.000, 0.100)deg
[14:00:15.035] [info] [ManualAdjust] 当前外参 [lidar_0→cam_0]:
[14:00:15.035] [info]   旋转 RPY: (-88.0578, 67.1376, 1.9052) deg
[14:00:15.035] [info]   平移 XYZ: (0.1230, 0.0399, -0.0577) m
[14:00:15.065] [debug] [ManualAdjust] 旋转增量 RPY=(0.000, 0.000, 0.100)deg
[14:00:15.065] [info] [ManualAdjust] 当前外参 [lidar_0→cam_0]:
[14:00:15.065] [info]   旋转 RPY: (-88.0497, 67.2376, 1.9139) deg
[14:00:15.065] [info]   平移 XYZ: (0.1230, 0.0399, -0.0577) m
[14:00:15.096] [debug] [ManualAdjust] 旋转增量 RPY=(0.000, 0.000, 0.100)deg
[14:00:15.096] [info] [ManualAdjust] 当前外参 [lidar_0→cam_0]:
[14:00:15.096] [info]   旋转 RPY: (-88.0415, 67.3375, 1.9228) deg
[14:00:15.096] [info]   平移 XYZ: (0.1230, 0.0399, -0.0577) m
[14:00:15.126] [debug] [ManualAdjust] 旋转增量 RPY=(0.000, 0.000, 0.100)deg
[14:00:15.126] [info] [ManualAdjust] 当前外参 [lidar_0→cam_0]:
[14:00:15.126] [info]   旋转 RPY: (-88.0333, 67.4374, 1.9317) deg
[14:00:15.126] [info]   平移 XYZ: (0.1230, 0.0399, -0.0577) m
[14:00:15.156] [debug] [ManualAdjust] 旋转增量 RPY=(0.000, 0.000, 0.100)deg
[14:00:15.156] [info] [ManualAdjust] 当前外参 [lidar_0→cam_0]:
[14:00:15.156] [info]   旋转 RPY: (-88.0250, 67.5374, 1.9406) deg
[14:00:15.156] [info]   平移 XYZ: (0.1230, 0.0399, -0.0577) m
[14:00:15.186] [debug] [ManualAdjust] 旋转增量 RPY=(0.000, 0.000, 0.100)deg
[14:00:15.186] [info] [ManualAdjust] 当前外参 [lidar_0→cam_0]:
[14:00:15.186] [info]   旋转 RPY: (-88.0167, 67.6373, 1.9497) deg
[14:00:15.186] [info]   平移 XYZ: (0.1230, 0.0399, -0.0577) m
[14:00:15.216] [debug] [ManualAdjust] 旋转增量 RPY=(0.000, 0.000, 0.100)deg
[14:00:15.216] [info] [ManualAdjust] 当前外参 [lidar_0→cam_0]:
[14:00:15.216] [info]   旋转 RPY: (-88.0082, 67.7373, 1.9588) deg
[14:00:15.216] [info]   平移 XYZ: (0.1230, 0.0399, -0.0577) m
[14:00:15.247] [debug] [ManualAdjust] 旋转增量 RPY=(0.000, 0.000, 0.100)deg
[14:00:15.247] [info] [ManualAdjust] 当前外参 [lidar_0→cam_0]:
[14:00:15.247] [info]   旋转 RPY: (-87.9997, 67.8372, 1.9680) deg
[14:00:15.247] [info]   平移 XYZ: (0.1230, 0.0399, -0.0577) m
[14:00:15.277] [debug] [ManualAdjust] 旋转增量 RPY=(0.000, 0.000, 0.100)deg
[14:00:15.277] [info] [ManualAdjust] 当前外参 [lidar_0→cam_0]:
[14:00:15.277] [info]   旋转 RPY: (-87.9911, 67.9371, 1.9773) deg
[14:00:15.277] [info]   平移 XYZ: (0.1230, 0.0399, -0.0577) m
[14:00:15.307] [debug] [ManualAdjust] 旋转增量 RPY=(0.000, 0.000, 0.100)deg
[14:00:15.307] [info] [ManualAdjust] 当前外参 [lidar_0→cam_0]:
[14:00:15.307] [info]   旋转 RPY: (-87.9824, 68.0371, 1.9867) deg
[14:00:15.307] [info]   平移 XYZ: (0.1230, 0.0399, -0.0577) m
[14:00:15.337] [debug] [ManualAdjust] 旋转增量 RPY=(0.000, 0.000, 0.100)deg
[14:00:15.337] [info] [ManualAdjust] 当前外参 [lidar_0→cam_0]:
[14:00:15.337] [info]   旋转 RPY: (-87.9736, 68.1370, 1.9962) deg
[14:00:15.337] [info]   平移 XYZ: (0.1230, 0.0399, -0.0577) m
[14:00:15.367] [debug] [ManualAdjust] 旋转增量 RPY=(0.000, 0.000, 0.100)deg
[14:00:15.367] [info] [ManualAdjust] 当前外参 [lidar_0→cam_0]:
[14:00:15.367] [info]   旋转 RPY: (-87.9648, 68.2370, 2.0057) deg
[14:00:15.367] [info]   平移 XYZ: (0.1230, 0.0399, -0.0577) m
[14:00:15.397] [debug] [ManualAdjust] 旋转增量 RPY=(0.000, 0.000, 0.100)deg
[14:00:15.397] [info] [ManualAdjust] 当前外参 [lidar_0→cam_0]:
[14:00:15.397] [info]   旋转 RPY: (-87.9558, 68.3369, 2.0153) deg
[14:00:15.397] [info]   平移 XYZ: (0.1230, 0.0399, -0.0577) m
[14:00:15.427] [debug] [ManualAdjust] 旋转增量 RPY=(0.000, 0.000, 0.100)deg
[14:00:15.427] [info] [ManualAdjust] 当前外参 [lidar_0→cam_0]:
[14:00:15.427] [info]   旋转 RPY: (-87.9468, 68.4368, 2.0250) deg
[14:00:15.427] [info]   平移 XYZ: (0.1230, 0.0399, -0.0577) m
[14:00:15.457] [debug] [ManualAdjust] 旋转增量 RPY=(0.000, 0.000, 0.100)deg
[14:00:15.458] [info] [ManualAdjust] 当前外参 [lidar_0→cam_0]:
[14:00:15.458] [info]   旋转 RPY: (-87.9377, 68.5368, 2.0348) deg
[14:00:15.458] [info]   平移 XYZ: (0.1230, 0.0399, -0.0577) m
[14:00:15.488] [debug] [ManualAdjust] 旋转增量 RPY=(0.000, 0.000, 0.100)deg
[14:00:15.488] [info] [ManualAdjust] 当前外参 [lidar_0→cam_0]:
[14:00:15.488] [info]   旋转 RPY: (-87.9285, 68.6367, 2.0447) deg
[14:00:15.488] [info]   平移 XYZ: (0.1230, 0.0399, -0.0577) m
[14:00:15.517] [debug] [ManualAdjust] 旋转增量 RPY=(0.000, 0.000, 0.100)deg
[14:00:15.517] [info] [ManualAdjust] 当前外参 [lidar_0→cam_0]:
[14:00:15.517] [info]   旋转 RPY: (-87.9192, 68.7366, 2.0547) deg
[14:00:15.517] [info]   平移 XYZ: (0.1230, 0.0399, -0.0577) m
[14:00:15.547] [debug] [ManualAdjust] 旋转增量 RPY=(0.000, 0.000, 0.100)deg
[14:00:15.547] [info] [ManualAdjust] 当前外参 [lidar_0→cam_0]:
[14:00:15.547] [info]   旋转 RPY: (-87.9098, 68.8366, 2.0647) deg
[14:00:15.547] [info]   平移 XYZ: (0.1230, 0.0399, -0.0577) m
[14:00:15.577] [debug] [ManualAdjust] 旋转增量 RPY=(0.000, 0.000, 0.100)deg
[14:00:15.577] [info] [ManualAdjust] 当前外参 [lidar_0→cam_0]:
[14:00:15.577] [info]   旋转 RPY: (-87.9004, 68.9365, 2.0749) deg
[14:00:15.577] [info]   平移 XYZ: (0.1230, 0.0399, -0.0577) m
[14:00:15.608] [debug] [ManualAdjust] 旋转增量 RPY=(0.000, 0.000, 0.100)deg
[14:00:15.608] [info] [ManualAdjust] 当前外参 [lidar_0→cam_0]:
[14:00:15.608] [info]   旋转 RPY: (-87.8908, 69.0364, 2.0851) deg
[14:00:15.608] [info]   平移 XYZ: (0.1230, 0.0399, -0.0577) m
[14:00:15.638] [debug] [ManualAdjust] 旋转增量 RPY=(0.000, 0.000, 0.100)deg
[14:00:15.638] [info] [ManualAdjust] 当前外参 [lidar_0→cam_0]:
[14:00:15.638] [info]   旋转 RPY: (-87.8811, 69.1364, 2.0954) deg
[14:00:15.638] [info]   平移 XYZ: (0.1230, 0.0399, -0.0577) m
[14:00:15.669] [debug] [ManualAdjust] 旋转增量 RPY=(0.000, 0.000, 0.100)deg
[14:00:15.669] [info] [ManualAdjust] 当前外参 [lidar_0→cam_0]:
[14:00:15.669] [info]   旋转 RPY: (-87.8714, 69.2363, 2.1059) deg
[14:00:15.669] [info]   平移 XYZ: (0.1230, 0.0399, -0.0577) m
[14:00:15.698] [debug] [ManualAdjust] 旋转增量 RPY=(0.000, 0.000, 0.100)deg
[14:00:15.698] [info] [ManualAdjust] 当前外参 [lidar_0→cam_0]:
[14:00:15.698] [info]   旋转 RPY: (-87.8615, 69.3362, 2.1164) deg
[14:00:15.698] [info]   平移 XYZ: (0.1230, 0.0399, -0.0577) m
[14:00:15.728] [debug] [ManualAdjust] 旋转增量 RPY=(0.000, 0.000, 0.100)deg
[14:00:15.728] [info] [ManualAdjust] 当前外参 [lidar_0→cam_0]:
[14:00:15.728] [info]   旋转 RPY: (-87.8516, 69.4362, 2.1270) deg
[14:00:15.728] [info]   平移 XYZ: (0.1230, 0.0399, -0.0577) m
[14:00:15.759] [debug] [ManualAdjust] 旋转增量 RPY=(0.000, 0.000, 0.100)deg
[14:00:15.759] [info] [ManualAdjust] 当前外参 [lidar_0→cam_0]:
[14:00:15.759] [info]   旋转 RPY: (-87.8416, 69.5361, 2.1377) deg
[14:00:15.759] [info]   平移 XYZ: (0.1230, 0.0399, -0.0577) m
[14:00:15.789] [debug] [ManualAdjust] 旋转增量 RPY=(0.000, 0.000, 0.100)deg
[14:00:15.789] [info] [ManualAdjust] 当前外参 [lidar_0→cam_0]:
[14:00:15.789] [info]   旋转 RPY: (-87.8314, 69.6360, 2.1486) deg
[14:00:15.789] [info]   平移 XYZ: (0.1230, 0.0399, -0.0577) m
[14:00:15.819] [debug] [ManualAdjust] 旋转增量 RPY=(0.000, 0.000, 0.100)deg
[14:00:15.819] [info] [ManualAdjust] 当前外参 [lidar_0→cam_0]:
[14:00:15.819] [info]   旋转 RPY: (-87.8212, 69.7359, 2.1595) deg
[14:00:15.819] [info]   平移 XYZ: (0.1230, 0.0399, -0.0577) m
[14:00:15.849] [debug] [ManualAdjust] 旋转增量 RPY=(0.000, 0.000, 0.100)deg
[14:00:15.849] [info] [ManualAdjust] 当前外参 [lidar_0→cam_0]:
[14:00:15.849] [info]   旋转 RPY: (-87.8108, 69.8359, 2.1705) deg
[14:00:15.849] [info]   平移 XYZ: (0.1230, 0.0399, -0.0577) m
[14:00:15.879] [debug] [ManualAdjust] 旋转增量 RPY=(0.000, 0.000, 0.100)deg
[14:00:15.879] [info] [ManualAdjust] 当前外参 [lidar_0→cam_0]:
[14:00:15.879] [info]   旋转 RPY: (-87.8004, 69.9358, 2.1817) deg
[14:00:15.879] [info]   平移 XYZ: (0.1230, 0.0399, -0.0577) m
[14:00:15.909] [debug] [ManualAdjust] 旋转增量 RPY=(0.000, 0.000, 0.100)deg
[14:00:15.909] [info] [ManualAdjust] 当前外参 [lidar_0→cam_0]:
[14:00:15.909] [info]   旋转 RPY: (-87.7898, 70.0357, 2.1929) deg
[14:00:15.909] [info]   平移 XYZ: (0.1230, 0.0399, -0.0577) m
[14:00:15.939] [debug] [ManualAdjust] 旋转增量 RPY=(0.000, 0.000, 0.100)deg
[14:00:15.939] [info] [ManualAdjust] 当前外参 [lidar_0→cam_0]:
[14:00:15.939] [info]   旋转 RPY: (-87.7791, 70.1356, 2.2043) deg
[14:00:15.939] [info]   平移 XYZ: (0.1230, 0.0399, -0.0577) m
[14:00:15.970] [debug] [ManualAdjust] 旋转增量 RPY=(0.000, 0.000, 0.100)deg
[14:00:15.970] [info] [ManualAdjust] 当前外参 [lidar_0→cam_0]:
[14:00:15.970] [info]   旋转 RPY: (-87.7684, 70.2356, 2.2157) deg
[14:00:15.970] [info]   平移 XYZ: (0.1230, 0.0399, -0.0577) m
[14:00:16.000] [debug] [ManualAdjust] 旋转增量 RPY=(0.000, 0.000, 0.100)deg
[14:00:16.000] [info] [ManualAdjust] 当前外参 [lidar_0→cam_0]:
[14:00:16.000] [info]   旋转 RPY: (-87.7575, 70.3355, 2.2273) deg
[14:00:16.000] [info]   平移 XYZ: (0.1230, 0.0399, -0.0577) m
[14:00:16.030] [debug] [ManualAdjust] 旋转增量 RPY=(0.000, 0.000, 0.100)deg
[14:00:16.030] [info] [ManualAdjust] 当前外参 [lidar_0→cam_0]:
[14:00:16.030] [info]   旋转 RPY: (-87.7465, 70.4354, 2.2390) deg
[14:00:16.030] [info]   平移 XYZ: (0.1230, 0.0399, -0.0577) m
[14:00:16.061] [debug] [ManualAdjust] 旋转增量 RPY=(0.000, 0.000, 0.100)deg
[14:00:16.061] [info] [ManualAdjust] 当前外参 [lidar_0→cam_0]:
[14:00:16.061] [info]   旋转 RPY: (-87.7353, 70.5353, 2.2508) deg
[14:00:16.061] [info]   平移 XYZ: (0.1230, 0.0399, -0.0577) m
[14:00:16.090] [debug] [ManualAdjust] 旋转增量 RPY=(0.000, 0.000, 0.100)deg
[14:00:16.090] [info] [ManualAdjust] 当前外参 [lidar_0→cam_0]:
[14:00:16.090] [info]   旋转 RPY: (-87.7241, 70.6353, 2.2627) deg
[14:00:16.090] [info]   平移 XYZ: (0.1230, 0.0399, -0.0577) m
[14:00:16.120] [debug] [ManualAdjust] 旋转增量 RPY=(0.000, 0.000, 0.100)deg
[14:00:16.120] [info] [ManualAdjust] 当前外参 [lidar_0→cam_0]:
[14:00:16.120] [info]   旋转 RPY: (-87.7127, 70.7352, 2.2747) deg
[14:00:16.120] [info]   平移 XYZ: (0.1230, 0.0399, -0.0577) m
[14:00:16.151] [debug] [ManualAdjust] 旋转增量 RPY=(0.000, 0.000, 0.100)deg
[14:00:16.151] [info] [ManualAdjust] 当前外参 [lidar_0→cam_0]:
[14:00:16.151] [info]   旋转 RPY: (-87.7013, 70.8351, 2.2869) deg
[14:00:16.151] [info]   平移 XYZ: (0.1230, 0.0399, -0.0577) m
[14:00:16.180] [debug] [ManualAdjust] 旋转增量 RPY=(0.000, 0.000, 0.100)deg
[14:00:16.180] [info] [ManualAdjust] 当前外参 [lidar_0→cam_0]:
[14:00:16.180] [info]   旋转 RPY: (-87.6897, 70.9350, 2.2992) deg
[14:00:16.180] [info]   平移 XYZ: (0.1230, 0.0399, -0.0577) m
[14:00:16.210] [debug] [ManualAdjust] 旋转增量 RPY=(0.000, 0.000, 0.100)deg
[14:00:16.210] [info] [ManualAdjust] 当前外参 [lidar_0→cam_0]:
[14:00:16.210] [info]   旋转 RPY: (-87.6779, 71.0349, 2.3116) deg
[14:00:16.210] [info]   平移 XYZ: (0.1230, 0.0399, -0.0577) m
[14:00:16.241] [debug] [ManualAdjust] 旋转增量 RPY=(0.000, 0.000, 0.100)deg
[14:00:16.241] [info] [ManualAdjust] 当前外参 [lidar_0→cam_0]:
[14:00:16.241] [info]   旋转 RPY: (-87.6661, 71.1349, 2.3241) deg
[14:00:16.241] [info]   平移 XYZ: (0.1230, 0.0399, -0.0577) m
[14:00:16.272] [debug] [ManualAdjust] 旋转增量 RPY=(0.000, 0.000, 0.100)deg
[14:00:16.272] [info] [ManualAdjust] 当前外参 [lidar_0→cam_0]:
[14:00:16.272] [info]   旋转 RPY: (-87.6541, 71.2348, 2.3368) deg
[14:00:16.272] [info]   平移 XYZ: (0.1230, 0.0399, -0.0577) m
[14:00:16.302] [debug] [ManualAdjust] 旋转增量 RPY=(0.000, 0.000, 0.100)deg
[14:00:16.302] [info] [ManualAdjust] 当前外参 [lidar_0→cam_0]:
[14:00:16.302] [info]   旋转 RPY: (-87.6420, 71.3347, 2.3495) deg
[14:00:16.302] [info]   平移 XYZ: (0.1230, 0.0399, -0.0577) m
[14:00:16.332] [debug] [ManualAdjust] 旋转增量 RPY=(0.000, 0.000, 0.100)deg
[14:00:16.332] [info] [ManualAdjust] 当前外参 [lidar_0→cam_0]:
[14:00:16.332] [info]   旋转 RPY: (-87.6297, 71.4346, 2.3625) deg
[14:00:16.332] [info]   平移 XYZ: (0.1230, 0.0399, -0.0577) m
[14:00:16.362] [debug] [ManualAdjust] 旋转增量 RPY=(0.000, 0.000, 0.100)deg
[14:00:16.362] [info] [ManualAdjust] 当前外参 [lidar_0→cam_0]:
[14:00:16.362] [info]   旋转 RPY: (-87.6173, 71.5345, 2.3755) deg
[14:00:16.362] [info]   平移 XYZ: (0.1230, 0.0399, -0.0577) m
[14:00:16.392] [debug] [ManualAdjust] 旋转增量 RPY=(0.000, 0.000, 0.100)deg
[14:00:16.392] [info] [ManualAdjust] 当前外参 [lidar_0→cam_0]:
[14:00:16.392] [info]   旋转 RPY: (-87.6048, 71.6344, 2.3887) deg
[14:00:16.392] [info]   平移 XYZ: (0.1230, 0.0399, -0.0577) m
[14:00:16.422] [debug] [ManualAdjust] 旋转增量 RPY=(0.000, 0.000, 0.100)deg
[14:00:16.422] [info] [ManualAdjust] 当前外参 [lidar_0→cam_0]:
[14:00:16.422] [info]   旋转 RPY: (-87.5922, 71.7343, 2.4020) deg
[14:00:16.422] [info]   平移 XYZ: (0.1230, 0.0399, -0.0577) m
[14:00:16.452] [debug] [ManualAdjust] 旋转增量 RPY=(0.000, 0.000, 0.100)deg
[14:00:16.452] [info] [ManualAdjust] 当前外参 [lidar_0→cam_0]:
[14:00:16.452] [info]   旋转 RPY: (-87.5794, 71.8343, 2.4155) deg
[14:00:16.452] [info]   平移 XYZ: (0.1230, 0.0399, -0.0577) m
[14:00:16.482] [debug] [ManualAdjust] 旋转增量 RPY=(0.000, 0.000, 0.100)deg
[14:00:16.482] [info] [ManualAdjust] 当前外参 [lidar_0→cam_0]:
[14:00:16.482] [info]   旋转 RPY: (-87.5664, 71.9342, 2.4291) deg
[14:00:16.482] [info]   平移 XYZ: (0.1230, 0.0399, -0.0577) m
[14:00:16.513] [debug] [ManualAdjust] 旋转增量 RPY=(0.000, 0.000, 0.100)deg
[14:00:16.513] [info] [ManualAdjust] 当前外参 [lidar_0→cam_0]:
[14:00:16.513] [info]   旋转 RPY: (-87.5533, 72.0341, 2.4429) deg
[14:00:16.513] [info]   平移 XYZ: (0.1230, 0.0399, -0.0577) m
[14:00:16.542] [debug] [ManualAdjust] 旋转增量 RPY=(0.000, 0.000, 0.100)deg
[14:00:16.542] [info] [ManualAdjust] 当前外参 [lidar_0→cam_0]:
[14:00:16.542] [info]   旋转 RPY: (-87.5401, 72.1340, 2.4568) deg
[14:00:16.542] [info]   平移 XYZ: (0.1230, 0.0399, -0.0577) m
[14:00:16.572] [debug] [ManualAdjust] 旋转增量 RPY=(0.000, 0.000, 0.100)deg
[14:00:16.572] [info] [ManualAdjust] 当前外参 [lidar_0→cam_0]:
[14:00:16.572] [info]   旋转 RPY: (-87.5267, 72.2339, 2.4709) deg
[14:00:16.572] [info]   平移 XYZ: (0.1230, 0.0399, -0.0577) m
[14:00:16.602] [debug] [ManualAdjust] 旋转增量 RPY=(0.000, 0.000, 0.100)deg
[14:00:16.602] [info] [ManualAdjust] 当前外参 [lidar_0→cam_0]:
[14:00:16.602] [info]   旋转 RPY: (-87.5132, 72.3338, 2.4851) deg
[14:00:16.602] [info]   平移 XYZ: (0.1230, 0.0399, -0.0577) m
[14:00:16.632] [debug] [ManualAdjust] 旋转增量 RPY=(0.000, 0.000, 0.100)deg
[14:00:16.632] [info] [ManualAdjust] 当前外参 [lidar_0→cam_0]:
[14:00:16.632] [info]   旋转 RPY: (-87.4995, 72.4337, 2.4995) deg
[14:00:16.632] [info]   平移 XYZ: (0.1230, 0.0399, -0.0577) m
[14:00:16.662] [debug] [ManualAdjust] 旋转增量 RPY=(0.000, 0.000, 0.100)deg
[14:00:16.662] [info] [ManualAdjust] 当前外参 [lidar_0→cam_0]:
[14:00:16.662] [info]   旋转 RPY: (-87.4856, 72.5336, 2.5140) deg
[14:00:16.662] [info]   平移 XYZ: (0.1230, 0.0399, -0.0577) m
[14:00:16.693] [debug] [ManualAdjust] 旋转增量 RPY=(0.000, 0.000, 0.100)deg
[14:00:16.693] [info] [ManualAdjust] 当前外参 [lidar_0→cam_0]:
[14:00:16.693] [info]   旋转 RPY: (-87.4716, 72.6335, 2.5287) deg
[14:00:16.693] [info]   平移 XYZ: (0.1230, 0.0399, -0.0577) m
[14:00:16.722] [debug] [ManualAdjust] 旋转增量 RPY=(0.000, 0.000, 0.100)deg
[14:00:16.722] [info] [ManualAdjust] 当前外参 [lidar_0→cam_0]:
[14:00:16.722] [info]   旋转 RPY: (-87.4574, 72.7334, 2.5436) deg
[14:00:16.722] [info]   平移 XYZ: (0.1230, 0.0399, -0.0577) m
[14:00:16.752] [debug] [ManualAdjust] 旋转增量 RPY=(0.000, 0.000, 0.100)deg
[14:00:16.752] [info] [ManualAdjust] 当前外参 [lidar_0→cam_0]:
[14:00:16.752] [info]   旋转 RPY: (-87.4430, 72.8333, 2.5586) deg
[14:00:16.752] [info]   平移 XYZ: (0.1230, 0.0399, -0.0577) m
[14:00:16.782] [debug] [ManualAdjust] 旋转增量 RPY=(0.000, 0.000, 0.100)deg
[14:00:16.782] [info] [ManualAdjust] 当前外参 [lidar_0→cam_0]:
[14:00:16.782] [info]   旋转 RPY: (-87.4285, 72.9332, 2.5738) deg
[14:00:16.782] [info]   平移 XYZ: (0.1230, 0.0399, -0.0577) m
[14:00:16.812] [debug] [ManualAdjust] 旋转增量 RPY=(0.000, 0.000, 0.100)deg
[14:00:16.812] [info] [ManualAdjust] 当前外参 [lidar_0→cam_0]:
[14:00:16.812] [info]   旋转 RPY: (-87.4138, 73.0331, 2.5892) deg
[14:00:16.812] [info]   平移 XYZ: (0.1230, 0.0399, -0.0577) m
[14:00:16.842] [debug] [ManualAdjust] 旋转增量 RPY=(0.000, 0.000, 0.100)deg
[14:00:16.842] [info] [ManualAdjust] 当前外参 [lidar_0→cam_0]:
[14:00:16.842] [info]   旋转 RPY: (-87.3989, 73.1330, 2.6047) deg
[14:00:16.842] [info]   平移 XYZ: (0.1230, 0.0399, -0.0577) m
[14:00:16.872] [debug] [ManualAdjust] 旋转增量 RPY=(0.000, 0.000, 0.100)deg
[14:00:16.872] [info] [ManualAdjust] 当前外参 [lidar_0→cam_0]:
[14:00:16.872] [info]   旋转 RPY: (-87.3839, 73.2329, 2.6205) deg
[14:00:16.872] [info]   平移 XYZ: (0.1230, 0.0399, -0.0577) m
[14:00:16.902] [debug] [ManualAdjust] 旋转增量 RPY=(0.000, 0.000, 0.100)deg
[14:00:16.902] [info] [ManualAdjust] 当前外参 [lidar_0→cam_0]:
[14:00:16.902] [info]   旋转 RPY: (-87.3686, 73.3328, 2.6364) deg
[14:00:16.902] [info]   平移 XYZ: (0.1230, 0.0399, -0.0577) m
[14:00:16.932] [debug] [ManualAdjust] 旋转增量 RPY=(0.000, 0.000, 0.100)deg
[14:00:16.932] [info] [ManualAdjust] 当前外参 [lidar_0→cam_0]:
[14:00:16.932] [info]   旋转 RPY: (-87.3532, 73.4327, 2.6525) deg
[14:00:16.932] [info]   平移 XYZ: (0.1230, 0.0399, -0.0577) m
[14:00:16.962] [debug] [ManualAdjust] 旋转增量 RPY=(0.000, 0.000, 0.100)deg
[14:00:16.963] [info] [ManualAdjust] 当前外参 [lidar_0→cam_0]:
[14:00:16.963] [info]   旋转 RPY: (-87.3376, 73.5326, 2.6688) deg
[14:00:16.963] [info]   平移 XYZ: (0.1230, 0.0399, -0.0577) m
[14:00:16.992] [debug] [ManualAdjust] 旋转增量 RPY=(0.000, 0.000, 0.100)deg
[14:00:16.992] [info] [ManualAdjust] 当前外参 [lidar_0→cam_0]:
[14:00:16.992] [info]   旋转 RPY: (-87.3218, 73.6325, 2.6853) deg
[14:00:16.992] [info]   平移 XYZ: (0.1230, 0.0399, -0.0577) m
[14:00:17.022] [debug] [ManualAdjust] 旋转增量 RPY=(0.000, 0.000, 0.100)deg
[14:00:17.022] [info] [ManualAdjust] 当前外参 [lidar_0→cam_0]:
[14:00:17.022] [info]   旋转 RPY: (-87.3057, 73.7324, 2.7019) deg
[14:00:17.022] [info]   平移 XYZ: (0.1230, 0.0399, -0.0577) m
[14:00:17.052] [debug] [ManualAdjust] 旋转增量 RPY=(0.000, 0.000, 0.100)deg
[14:00:17.052] [info] [ManualAdjust] 当前外参 [lidar_0→cam_0]:
[14:00:17.052] [info]   旋转 RPY: (-87.2895, 73.8323, 2.7188) deg
[14:00:17.052] [info]   平移 XYZ: (0.1230, 0.0399, -0.0577) m
[14:00:17.082] [debug] [ManualAdjust] 旋转增量 RPY=(0.000, 0.000, 0.100)deg
[14:00:17.082] [info] [ManualAdjust] 当前外参 [lidar_0→cam_0]:
[14:00:17.082] [info]   旋转 RPY: (-87.2731, 73.9321, 2.7359) deg
[14:00:17.082] [info]   平移 XYZ: (0.1230, 0.0399, -0.0577) m
[14:00:17.112] [debug] [ManualAdjust] 旋转增量 RPY=(0.000, 0.000, 0.100)deg
[14:00:17.112] [info] [ManualAdjust] 当前外参 [lidar_0→cam_0]:
[14:00:17.112] [info]   旋转 RPY: (-87.2565, 74.0320, 2.7532) deg
[14:00:17.112] [info]   平移 XYZ: (0.1230, 0.0399, -0.0577) m
[14:00:17.142] [debug] [ManualAdjust] 旋转增量 RPY=(0.000, 0.000, 0.100)deg
[14:00:17.142] [info] [ManualAdjust] 当前外参 [lidar_0→cam_0]:
[14:00:17.142] [info]   旋转 RPY: (-87.2397, 74.1319, 2.7707) deg
[14:00:17.142] [info]   平移 XYZ: (0.1230, 0.0399, -0.0577) m
[14:00:17.172] [debug] [ManualAdjust] 旋转增量 RPY=(0.000, 0.000, 0.100)deg
[14:00:17.172] [info] [ManualAdjust] 当前外参 [lidar_0→cam_0]:
[14:00:17.172] [info]   旋转 RPY: (-87.2226, 74.2318, 2.7884) deg
[14:00:17.172] [info]   平移 XYZ: (0.1230, 0.0399, -0.0577) m
[14:00:17.202] [debug] [ManualAdjust] 旋转增量 RPY=(0.000, 0.000, 0.100)deg
[14:00:17.202] [info] [ManualAdjust] 当前外参 [lidar_0→cam_0]:
[14:00:17.202] [info]   旋转 RPY: (-87.2053, 74.3317, 2.8064) deg
[14:00:17.202] [info]   平移 XYZ: (0.1230, 0.0399, -0.0577) m
[14:00:17.232] [debug] [ManualAdjust] 旋转增量 RPY=(0.000, 0.000, 0.100)deg
[14:00:17.232] [info] [ManualAdjust] 当前外参 [lidar_0→cam_0]:
[14:00:17.232] [info]   旋转 RPY: (-87.1878, 74.4316, 2.8245) deg
[14:00:17.232] [info]   平移 XYZ: (0.1230, 0.0399, -0.0577) m
[14:00:17.262] [debug] [ManualAdjust] 旋转增量 RPY=(0.000, 0.000, 0.100)deg
[14:00:17.262] [info] [ManualAdjust] 当前外参 [lidar_0→cam_0]:
[14:00:17.262] [info]   旋转 RPY: (-87.1701, 74.5314, 2.8429) deg
[14:00:17.262] [info]   平移 XYZ: (0.1230, 0.0399, -0.0577) m
[14:00:17.292] [debug] [ManualAdjust] 旋转增量 RPY=(0.000, 0.000, 0.100)deg
[14:00:17.292] [info] [ManualAdjust] 当前外参 [lidar_0→cam_0]:
[14:00:17.292] [info]   旋转 RPY: (-87.1522, 74.6313, 2.8616) deg
[14:00:17.292] [info]   平移 XYZ: (0.1230, 0.0399, -0.0577) m
[14:00:17.322] [debug] [ManualAdjust] 旋转增量 RPY=(0.000, 0.000, 0.100)deg
[14:00:17.322] [info] [ManualAdjust] 当前外参 [lidar_0→cam_0]:
[14:00:17.322] [info]   旋转 RPY: (-87.1340, 74.7312, 2.8804) deg
[14:00:17.322] [info]   平移 XYZ: (0.1230, 0.0399, -0.0577) m
[14:00:17.352] [debug] [ManualAdjust] 旋转增量 RPY=(0.000, 0.000, 0.100)deg
[14:00:17.352] [info] [ManualAdjust] 当前外参 [lidar_0→cam_0]:
[14:00:17.352] [info]   旋转 RPY: (-87.1155, 74.8311, 2.8995) deg
[14:00:17.352] [info]   平移 XYZ: (0.1230, 0.0399, -0.0577) m
[14:00:17.382] [debug] [ManualAdjust] 旋转增量 RPY=(0.000, 0.000, 0.100)deg
[14:00:17.382] [info] [ManualAdjust] 当前外参 [lidar_0→cam_0]:
[14:00:17.382] [info]   旋转 RPY: (-87.0968, 74.9309, 2.9189) deg
[14:00:17.382] [info]   平移 XYZ: (0.1230, 0.0399, -0.0577) m
[14:00:17.412] [debug] [ManualAdjust] 旋转增量 RPY=(0.000, 0.000, 0.100)deg
[14:00:17.412] [info] [ManualAdjust] 当前外参 [lidar_0→cam_0]:
[14:00:17.412] [info]   旋转 RPY: (-87.0779, 75.0308, 2.9385) deg
[14:00:17.412] [info]   平移 XYZ: (0.1230, 0.0399, -0.0577) m
[14:00:17.442] [debug] [ManualAdjust] 旋转增量 RPY=(0.000, 0.000, 0.100)deg
[14:00:17.442] [info] [ManualAdjust] 当前外参 [lidar_0→cam_0]:
[14:00:17.442] [info]   旋转 RPY: (-87.0587, 75.1307, 2.9584) deg
[14:00:17.442] [info]   平移 XYZ: (0.1230, 0.0399, -0.0577) m
[14:00:17.472] [debug] [ManualAdjust] 旋转增量 RPY=(0.000, 0.000, 0.100)deg
[14:00:17.472] [info] [ManualAdjust] 当前外参 [lidar_0→cam_0]:
[14:00:17.472] [info]   旋转 RPY: (-87.0393, 75.2305, 2.9785) deg
[14:00:17.472] [info]   平移 XYZ: (0.1230, 0.0399, -0.0577) m
[14:00:17.502] [debug] [ManualAdjust] 旋转增量 RPY=(0.000, 0.000, 0.100)deg
[14:00:17.503] [info] [ManualAdjust] 当前外参 [lidar_0→cam_0]:
[14:00:17.503] [info]   旋转 RPY: (-87.0195, 75.3304, 2.9989) deg
[14:00:17.503] [info]   平移 XYZ: (0.1230, 0.0399, -0.0577) m
[14:00:17.532] [debug] [ManualAdjust] 旋转增量 RPY=(0.000, 0.000, 0.100)deg
[14:00:17.532] [info] [ManualAdjust] 当前外参 [lidar_0→cam_0]:
[14:00:17.532] [info]   旋转 RPY: (-86.9995, 75.4303, 3.0196) deg
[14:00:17.532] [info]   平移 XYZ: (0.1230, 0.0399, -0.0577) m
[14:00:17.562] [debug] [ManualAdjust] 旋转增量 RPY=(0.000, 0.000, 0.100)deg
[14:00:17.562] [info] [ManualAdjust] 当前外参 [lidar_0→cam_0]:
[14:00:17.562] [info]   旋转 RPY: (-86.9792, 75.5301, 3.0405) deg
[14:00:17.562] [info]   平移 XYZ: (0.1230, 0.0399, -0.0577) m
[14:00:17.592] [debug] [ManualAdjust] 旋转增量 RPY=(0.000, 0.000, 0.100)deg
[14:00:17.592] [info] [ManualAdjust] 当前外参 [lidar_0→cam_0]:
[14:00:17.592] [info]   旋转 RPY: (-86.9587, 75.6300, 3.0617) deg
[14:00:17.592] [info]   平移 XYZ: (0.1230, 0.0399, -0.0577) m
[14:00:17.622] [debug] [ManualAdjust] 旋转增量 RPY=(0.000, 0.000, 0.100)deg
[14:00:17.622] [info] [ManualAdjust] 当前外参 [lidar_0→cam_0]:
[14:00:17.622] [info]   旋转 RPY: (-86.9378, 75.7299, 3.0833) deg
[14:00:17.622] [info]   平移 XYZ: (0.1230, 0.0399, -0.0577) m
[14:00:17.652] [debug] [ManualAdjust] 旋转增量 RPY=(0.000, 0.000, 0.100)deg
[14:00:17.652] [info] [ManualAdjust] 当前外参 [lidar_0→cam_0]:
[14:00:17.652] [info]   旋转 RPY: (-86.9167, 75.8297, 3.1051) deg
[14:00:17.652] [info]   平移 XYZ: (0.1230, 0.0399, -0.0577) m
[14:00:17.682] [debug] [ManualAdjust] 旋转增量 RPY=(0.000, 0.000, 0.100)deg
[14:00:17.682] [info] [ManualAdjust] 当前外参 [lidar_0→cam_0]:
[14:00:17.682] [info]   旋转 RPY: (-86.8952, 75.9296, 3.1272) deg
[14:00:17.682] [info]   平移 XYZ: (0.1230, 0.0399, -0.0577) m
[14:00:17.712] [debug] [ManualAdjust] 旋转增量 RPY=(0.000, 0.000, 0.100)deg
[14:00:17.712] [info] [ManualAdjust] 当前外参 [lidar_0→cam_0]:
[14:00:17.712] [info]   旋转 RPY: (-86.8735, 76.0294, 3.1496) deg
[14:00:17.712] [info]   平移 XYZ: (0.1230, 0.0399, -0.0577) m
[14:00:17.742] [debug] [ManualAdjust] 旋转增量 RPY=(0.000, 0.000, 0.100)deg
[14:00:17.742] [info] [ManualAdjust] 当前外参 [lidar_0→cam_0]:
[14:00:17.742] [info]   旋转 RPY: (-86.8514, 76.1293, 3.1724) deg
[14:00:17.742] [info]   平移 XYZ: (0.1230, 0.0399, -0.0577) m
[14:00:17.772] [debug] [ManualAdjust] 旋转增量 RPY=(0.000, 0.000, 0.100)deg
[14:00:17.772] [info] [ManualAdjust] 当前外参 [lidar_0→cam_0]:
[14:00:17.772] [info]   旋转 RPY: (-86.8290, 76.2291, 3.1955) deg
[14:00:17.772] [info]   平移 XYZ: (0.1230, 0.0399, -0.0577) m
[14:00:17.802] [debug] [ManualAdjust] 旋转增量 RPY=(0.000, 0.000, 0.100)deg
[14:00:17.802] [info] [ManualAdjust] 当前外参 [lidar_0→cam_0]:
[14:00:17.802] [info]   旋转 RPY: (-86.8062, 76.3290, 3.2189) deg
[14:00:17.802] [info]   平移 XYZ: (0.1230, 0.0399, -0.0577) m
[14:00:17.832] [debug] [ManualAdjust] 旋转增量 RPY=(0.000, 0.000, 0.100)deg
[14:00:17.832] [info] [ManualAdjust] 当前外参 [lidar_0→cam_0]:
[14:00:17.832] [info]   旋转 RPY: (-86.7832, 76.4288, 3.2426) deg
[14:00:17.832] [info]   平移 XYZ: (0.1230, 0.0399, -0.0577) m
[14:00:17.862] [debug] [ManualAdjust] 旋转增量 RPY=(0.000, 0.000, 0.100)deg
[14:00:17.862] [info] [ManualAdjust] 当前外参 [lidar_0→cam_0]:
[14:00:17.862] [info]   旋转 RPY: (-86.7597, 76.5286, 3.2667) deg
[14:00:17.862] [info]   平移 XYZ: (0.1230, 0.0399, -0.0577) m
[14:00:17.893] [debug] [ManualAdjust] 旋转增量 RPY=(0.000, 0.000, 0.100)deg
[14:00:17.893] [info] [ManualAdjust] 当前外参 [lidar_0→cam_0]:
[14:00:17.893] [info]   旋转 RPY: (-86.7360, 76.6285, 3.2911) deg
[14:00:17.893] [info]   平移 XYZ: (0.1230, 0.0399, -0.0577) m
[14:00:17.924] [debug] [ManualAdjust] 旋转增量 RPY=(0.000, 0.000, 0.100)deg
[14:00:17.924] [info] [ManualAdjust] 当前外参 [lidar_0→cam_0]:
[14:00:17.924] [info]   旋转 RPY: (-86.7118, 76.7283, 3.3160) deg
[14:00:17.924] [info]   平移 XYZ: (0.1230, 0.0399, -0.0577) m
[14:00:17.954] [debug] [ManualAdjust] 旋转增量 RPY=(0.000, 0.000, 0.100)deg
[14:00:17.954] [info] [ManualAdjust] 当前外参 [lidar_0→cam_0]:
[14:00:17.954] [info]   旋转 RPY: (-86.6873, 76.8282, 3.3411) deg
[14:00:17.954] [info]   平移 XYZ: (0.1230, 0.0399, -0.0577) m
[14:00:17.984] [debug] [ManualAdjust] 旋转增量 RPY=(0.000, 0.000, 0.100)deg
[14:00:17.984] [info] [ManualAdjust] 当前外参 [lidar_0→cam_0]:
[14:00:17.984] [info]   旋转 RPY: (-86.6624, 76.9280, 3.3667) deg
[14:00:17.984] [info]   平移 XYZ: (0.1230, 0.0399, -0.0577) m
[14:00:18.014] [debug] [ManualAdjust] 旋转增量 RPY=(0.000, 0.000, 0.100)deg
[14:00:18.014] [info] [ManualAdjust] 当前外参 [lidar_0→cam_0]:
[14:00:18.014] [info]   旋转 RPY: (-86.6372, 77.0278, 3.3926) deg
[14:00:18.014] [info]   平移 XYZ: (0.1230, 0.0399, -0.0577) m
[14:00:18.045] [debug] [ManualAdjust] 旋转增量 RPY=(0.000, 0.000, 0.100)deg
[14:00:18.045] [info] [ManualAdjust] 当前外参 [lidar_0→cam_0]:
[14:00:18.045] [info]   旋转 RPY: (-86.6115, 77.1276, 3.4189) deg
[14:00:18.045] [info]   平移 XYZ: (0.1230, 0.0399, -0.0577) m
[14:00:18.076] [debug] [ManualAdjust] 旋转增量 RPY=(0.000, 0.000, 0.100)deg
[14:00:18.076] [info] [ManualAdjust] 当前外参 [lidar_0→cam_0]:
[14:00:18.076] [info]   旋转 RPY: (-86.5854, 77.2275, 3.4457) deg
[14:00:18.076] [info]   平移 XYZ: (0.1230, 0.0399, -0.0577) m
[14:00:18.106] [debug] [ManualAdjust] 旋转增量 RPY=(0.000, 0.000, 0.100)deg
[14:00:18.106] [info] [ManualAdjust] 当前外参 [lidar_0→cam_0]:
[14:00:18.106] [info]   旋转 RPY: (-86.5590, 77.3273, 3.4728) deg
[14:00:18.106] [info]   平移 XYZ: (0.1230, 0.0399, -0.0577) m
[14:00:18.136] [debug] [ManualAdjust] 旋转增量 RPY=(0.000, 0.000, 0.100)deg
[14:00:18.136] [info] [ManualAdjust] 当前外参 [lidar_0→cam_0]:
[14:00:18.136] [info]   旋转 RPY: (-86.5320, 77.4271, 3.5004) deg
[14:00:18.136] [info]   平移 XYZ: (0.1230, 0.0399, -0.0577) m
[14:00:18.166] [debug] [ManualAdjust] 旋转增量 RPY=(0.000, 0.000, 0.100)deg
[14:00:18.166] [info] [ManualAdjust] 当前外参 [lidar_0→cam_0]:
[14:00:18.166] [info]   旋转 RPY: (-86.5047, 77.5269, 3.5284) deg
[14:00:18.166] [info]   平移 XYZ: (0.1230, 0.0399, -0.0577) m
[14:00:18.197] [debug] [ManualAdjust] 旋转增量 RPY=(0.000, 0.000, 0.100)deg
[14:00:18.197] [info] [ManualAdjust] 当前外参 [lidar_0→cam_0]:
[14:00:18.197] [info]   旋转 RPY: (-86.4769, 77.6267, 3.5569) deg
[14:00:18.197] [info]   平移 XYZ: (0.1230, 0.0399, -0.0577) m
[14:00:18.227] [debug] [ManualAdjust] 旋转增量 RPY=(0.000, 0.000, 0.100)deg
[14:00:18.227] [info] [ManualAdjust] 当前外参 [lidar_0→cam_0]:
[14:00:18.227] [info]   旋转 RPY: (-86.4487, 77.7265, 3.5858) deg
[14:00:18.227] [info]   平移 XYZ: (0.1230, 0.0399, -0.0577) m
[14:00:18.258] [debug] [ManualAdjust] 旋转增量 RPY=(0.000, 0.000, 0.100)deg
[14:00:18.258] [info] [ManualAdjust] 当前外参 [lidar_0→cam_0]:
[14:00:18.258] [info]   旋转 RPY: (-86.4200, 77.8263, 3.6151) deg
[14:00:18.258] [info]   平移 XYZ: (0.1230, 0.0399, -0.0577) m
[14:00:18.289] [debug] [ManualAdjust] 旋转增量 RPY=(0.000, 0.000, 0.100)deg
[14:00:18.289] [info] [ManualAdjust] 当前外参 [lidar_0→cam_0]:
[14:00:18.289] [info]   旋转 RPY: (-86.3908, 77.9262, 3.6450) deg
[14:00:18.289] [info]   平移 XYZ: (0.1230, 0.0399, -0.0577) m
[14:00:18.319] [debug] [ManualAdjust] 旋转增量 RPY=(0.000, 0.000, 0.100)deg
[14:00:18.319] [info] [ManualAdjust] 当前外参 [lidar_0→cam_0]:
[14:00:18.319] [info]   旋转 RPY: (-86.3611, 78.0260, 3.6753) deg
[14:00:18.319] [info]   平移 XYZ: (0.1230, 0.0399, -0.0577) m
[14:00:18.349] [debug] [ManualAdjust] 旋转增量 RPY=(0.000, 0.000, 0.100)deg
[14:00:18.349] [info] [ManualAdjust] 当前外参 [lidar_0→cam_0]:
[14:00:18.349] [info]   旋转 RPY: (-86.3309, 78.1257, 3.7062) deg
[14:00:18.349] [info]   平移 XYZ: (0.1230, 0.0399, -0.0577) m
[14:00:18.379] [debug] [ManualAdjust] 旋转增量 RPY=(0.000, 0.000, 0.100)deg
[14:00:18.379] [info] [ManualAdjust] 当前外参 [lidar_0→cam_0]:
[14:00:18.379] [info]   旋转 RPY: (-86.3002, 78.2255, 3.7375) deg
[14:00:18.379] [info]   平移 XYZ: (0.1230, 0.0399, -0.0577) m
[14:00:18.409] [debug] [ManualAdjust] 旋转增量 RPY=(0.000, 0.000, 0.100)deg
[14:00:18.409] [info] [ManualAdjust] 当前外参 [lidar_0→cam_0]:
[14:00:18.409] [info]   旋转 RPY: (-86.2690, 78.3253, 3.7694) deg
[14:00:18.409] [info]   平移 XYZ: (0.1230, 0.0399, -0.0577) m
[14:00:18.439] [debug] [ManualAdjust] 旋转增量 RPY=(0.000, 0.000, 0.100)deg
[14:00:18.439] [info] [ManualAdjust] 当前外参 [lidar_0→cam_0]:
[14:00:18.439] [info]   旋转 RPY: (-86.2372, 78.4251, 3.8019) deg
[14:00:18.439] [info]   平移 XYZ: (0.1230, 0.0399, -0.0577) m
[14:00:18.469] [debug] [ManualAdjust] 旋转增量 RPY=(0.000, 0.000, 0.100)deg
[14:00:18.469] [info] [ManualAdjust] 当前外参 [lidar_0→cam_0]:
[14:00:18.469] [info]   旋转 RPY: (-86.2049, 78.5249, 3.8348) deg
[14:00:18.469] [info]   平移 XYZ: (0.1230, 0.0399, -0.0577) m
[14:00:18.499] [debug] [ManualAdjust] 旋转增量 RPY=(0.000, 0.000, 0.100)deg
[14:00:18.499] [info] [ManualAdjust] 当前外参 [lidar_0→cam_0]:
[14:00:18.499] [info]   旋转 RPY: (-86.1720, 78.6247, 3.8684) deg
[14:00:18.499] [info]   平移 XYZ: (0.1230, 0.0399, -0.0577) m
[14:00:18.529] [debug] [ManualAdjust] 旋转增量 RPY=(0.000, 0.000, 0.100)deg
[14:00:18.529] [info] [ManualAdjust] 当前外参 [lidar_0→cam_0]:
[14:00:18.529] [info]   旋转 RPY: (-86.1386, 78.7245, 3.9025) deg
[14:00:18.529] [info]   平移 XYZ: (0.1230, 0.0399, -0.0577) m
[14:00:18.559] [debug] [ManualAdjust] 旋转增量 RPY=(0.000, 0.000, 0.100)deg
[14:00:18.559] [info] [ManualAdjust] 当前外参 [lidar_0→cam_0]:
[14:00:18.559] [info]   旋转 RPY: (-86.1045, 78.8242, 3.9373) deg
[14:00:18.559] [info]   平移 XYZ: (0.1230, 0.0399, -0.0577) m
[14:00:18.589] [debug] [ManualAdjust] 旋转增量 RPY=(0.000, 0.000, 0.100)deg
[14:00:18.589] [info] [ManualAdjust] 当前外参 [lidar_0→cam_0]:
[14:00:18.589] [info]   旋转 RPY: (-86.0698, 78.9240, 3.9727) deg
[14:00:18.589] [info]   平移 XYZ: (0.1230, 0.0399, -0.0577) m
[14:00:18.619] [debug] [ManualAdjust] 旋转增量 RPY=(0.000, 0.000, 0.100)deg
[14:00:18.619] [info] [ManualAdjust] 当前外参 [lidar_0→cam_0]:
[14:00:18.619] [info]   旋转 RPY: (-86.0344, 79.0238, 4.0087) deg
[14:00:18.619] [info]   平移 XYZ: (0.1230, 0.0399, -0.0577) m
[14:00:18.649] [debug] [ManualAdjust] 旋转增量 RPY=(0.000, 0.000, 0.100)deg
[14:00:18.649] [info] [ManualAdjust] 当前外参 [lidar_0→cam_0]:
[14:00:18.649] [info]   旋转 RPY: (-85.9985, 79.1235, 4.0453) deg
[14:00:18.649] [info]   平移 XYZ: (0.1230, 0.0399, -0.0577) m
[14:00:18.679] [debug] [ManualAdjust] 旋转增量 RPY=(0.000, 0.000, 0.100)deg
[14:00:18.679] [info] [ManualAdjust] 当前外参 [lidar_0→cam_0]:
[14:00:18.679] [info]   旋转 RPY: (-85.9618, 79.2233, 4.0826) deg
[14:00:18.679] [info]   平移 XYZ: (0.1230, 0.0399, -0.0577) m
[14:00:18.710] [debug] [ManualAdjust] 旋转增量 RPY=(0.000, 0.000, 0.100)deg
[14:00:18.710] [info] [ManualAdjust] 当前外参 [lidar_0→cam_0]:
[14:00:18.710] [info]   旋转 RPY: (-85.9244, 79.3230, 4.1206) deg
[14:00:18.710] [info]   平移 XYZ: (0.1230, 0.0399, -0.0577) m
[14:00:18.740] [debug] [ManualAdjust] 旋转增量 RPY=(0.000, 0.000, 0.100)deg
[14:00:18.740] [info] [ManualAdjust] 当前外参 [lidar_0→cam_0]:
[14:00:18.740] [info]   旋转 RPY: (-85.8864, 79.4228, 4.1593) deg
[14:00:18.740] [info]   平移 XYZ: (0.1230, 0.0399, -0.0577) m
[14:00:18.770] [debug] [ManualAdjust] 旋转增量 RPY=(0.000, 0.000, 0.100)deg
[14:00:18.770] [info] [ManualAdjust] 当前外参 [lidar_0→cam_0]:
[14:00:18.770] [info]   旋转 RPY: (-85.8476, 79.5225, 4.1988) deg
[14:00:18.770] [info]   平移 XYZ: (0.1230, 0.0399, -0.0577) m
[14:00:18.800] [debug] [ManualAdjust] 旋转增量 RPY=(0.000, 0.000, 0.100)deg
[14:00:18.800] [info] [ManualAdjust] 当前外参 [lidar_0→cam_0]:
[14:00:18.800] [info]   旋转 RPY: (-85.8081, 79.6222, 4.2390) deg
[14:00:18.800] [info]   平移 XYZ: (0.1230, 0.0399, -0.0577) m
[14:00:18.830] [debug] [ManualAdjust] 旋转增量 RPY=(0.000, 0.000, 0.100)deg
[14:00:18.830] [info] [ManualAdjust] 当前外参 [lidar_0→cam_0]:
[14:00:18.830] [info]   旋转 RPY: (-85.7678, 79.7220, 4.2800) deg
[14:00:18.830] [info]   平移 XYZ: (0.1230, 0.0399, -0.0577) m
[14:00:18.860] [debug] [ManualAdjust] 旋转增量 RPY=(0.000, 0.000, 0.100)deg
[14:00:18.860] [info] [ManualAdjust] 当前外参 [lidar_0→cam_0]:
[14:00:18.860] [info]   旋转 RPY: (-85.7267, 79.8217, 4.3217) deg
[14:00:18.860] [info]   平移 XYZ: (0.1230, 0.0399, -0.0577) m
[14:00:18.890] [debug] [ManualAdjust] 旋转增量 RPY=(0.000, 0.000, 0.100)deg
[14:00:18.890] [info] [ManualAdjust] 当前外参 [lidar_0→cam_0]:
[14:00:18.890] [info]   旋转 RPY: (-85.6848, 79.9214, 4.3643) deg
[14:00:18.890] [info]   平移 XYZ: (0.1230, 0.0399, -0.0577) m
[14:00:18.920] [debug] [ManualAdjust] 旋转增量 RPY=(0.000, 0.000, 0.100)deg
[14:00:18.920] [info] [ManualAdjust] 当前外参 [lidar_0→cam_0]:
[14:00:18.920] [info]   旋转 RPY: (-85.6420, 80.0211, 4.4077) deg
[14:00:18.920] [info]   平移 XYZ: (0.1230, 0.0399, -0.0577) m
[14:00:18.951] [debug] [ManualAdjust] 旋转增量 RPY=(0.000, 0.000, 0.100)deg
[14:00:18.951] [info] [ManualAdjust] 当前外参 [lidar_0→cam_0]:
[14:00:18.951] [info]   旋转 RPY: (-85.5984, 80.1208, 4.4520) deg
[14:00:18.951] [info]   平移 XYZ: (0.1230, 0.0399, -0.0577) m
[14:00:18.980] [debug] [ManualAdjust] 旋转增量 RPY=(0.000, 0.000, 0.100)deg
[14:00:18.980] [info] [ManualAdjust] 当前外参 [lidar_0→cam_0]:
[14:00:18.980] [info]   旋转 RPY: (-85.5539, 80.2205, 4.4972) deg
[14:00:18.980] [info]   平移 XYZ: (0.1230, 0.0399, -0.0577) m
[14:00:19.010] [debug] [ManualAdjust] 旋转增量 RPY=(0.000, 0.000, 0.100)deg
[14:00:19.010] [info] [ManualAdjust] 当前外参 [lidar_0→cam_0]:
[14:00:19.010] [info]   旋转 RPY: (-85.5084, 80.3202, 4.5433) deg
[14:00:19.010] [info]   平移 XYZ: (0.1230, 0.0399, -0.0577) m
[14:00:19.040] [debug] [ManualAdjust] 旋转增量 RPY=(0.000, 0.000, 0.100)deg
[14:00:19.040] [info] [ManualAdjust] 当前外参 [lidar_0→cam_0]:
[14:00:19.040] [info]   旋转 RPY: (-85.4620, 80.4199, 4.5904) deg
[14:00:19.040] [info]   平移 XYZ: (0.1230, 0.0399, -0.0577) m
[14:00:19.070] [debug] [ManualAdjust] 旋转增量 RPY=(0.000, 0.000, 0.100)deg
[14:00:19.070] [info] [ManualAdjust] 当前外参 [lidar_0→cam_0]:
[14:00:19.070] [info]   旋转 RPY: (-85.4146, 80.5196, 4.6384) deg
[14:00:19.070] [info]   平移 XYZ: (0.1230, 0.0399, -0.0577) m
[14:00:19.100] [debug] [ManualAdjust] 旋转增量 RPY=(0.000, 0.000, 0.100)deg
[14:00:19.100] [info] [ManualAdjust] 当前外参 [lidar_0→cam_0]:
[14:00:19.100] [info]   旋转 RPY: (-85.3663, 80.6193, 4.6874) deg
[14:00:19.100] [info]   平移 XYZ: (0.1230, 0.0399, -0.0577) m
[14:00:19.131] [debug] [ManualAdjust] 旋转增量 RPY=(0.000, 0.000, 0.100)deg
[14:00:19.131] [info] [ManualAdjust] 当前外参 [lidar_0→cam_0]:
[14:00:19.131] [info]   旋转 RPY: (-85.3168, 80.7189, 4.7375) deg
[14:00:19.131] [info]   平移 XYZ: (0.1230, 0.0399, -0.0577) m
[14:00:19.161] [debug] [ManualAdjust] 旋转增量 RPY=(0.000, 0.000, 0.100)deg
[14:00:19.161] [info] [ManualAdjust] 当前外参 [lidar_0→cam_0]:
[14:00:19.161] [info]   旋转 RPY: (-85.2663, 80.8186, 4.7887) deg
[14:00:19.161] [info]   平移 XYZ: (0.1230, 0.0399, -0.0577) m
[14:00:19.191] [debug] [ManualAdjust] 旋转增量 RPY=(0.000, 0.000, 0.100)deg
[14:00:19.191] [info] [ManualAdjust] 当前外参 [lidar_0→cam_0]:
[14:00:19.191] [info]   旋转 RPY: (-85.2147, 80.9183, 4.8410) deg
[14:00:19.191] [info]   平移 XYZ: (0.1230, 0.0399, -0.0577) m
[14:00:19.222] [debug] [ManualAdjust] 旋转增量 RPY=(0.000, 0.000, 0.100)deg
[14:00:19.222] [info] [ManualAdjust] 当前外参 [lidar_0→cam_0]:
[14:00:19.222] [info]   旋转 RPY: (-85.1619, 81.0179, 4.8944) deg
[14:00:19.222] [info]   平移 XYZ: (0.1230, 0.0399, -0.0577) m
[14:00:19.252] [debug] [ManualAdjust] 旋转增量 RPY=(0.000, 0.000, 0.100)deg
[14:00:19.252] [info] [ManualAdjust] 当前外参 [lidar_0→cam_0]:
[14:00:19.252] [info]   旋转 RPY: (-85.1080, 81.1176, 4.9490) deg
[14:00:19.252] [info]   平移 XYZ: (0.1230, 0.0399, -0.0577) m
[14:00:19.282] [debug] [ManualAdjust] 旋转增量 RPY=(0.000, 0.000, 0.100)deg
[14:00:19.282] [info] [ManualAdjust] 当前外参 [lidar_0→cam_0]:
[14:00:19.282] [info]   旋转 RPY: (-85.0528, 81.2172, 5.0049) deg
[14:00:19.282] [info]   平移 XYZ: (0.1230, 0.0399, -0.0577) m
[14:00:19.312] [debug] [ManualAdjust] 旋转增量 RPY=(0.000, 0.000, 0.100)deg
[14:00:19.312] [info] [ManualAdjust] 当前外参 [lidar_0→cam_0]:
[14:00:19.312] [info]   旋转 RPY: (-84.9963, 81.3168, 5.0620) deg
[14:00:19.312] [info]   平移 XYZ: (0.1230, 0.0399, -0.0577) m
[14:00:19.343] [debug] [ManualAdjust] 旋转增量 RPY=(0.000, 0.000, 0.100)deg
[14:00:19.343] [info] [ManualAdjust] 当前外参 [lidar_0→cam_0]:
[14:00:19.343] [info]   旋转 RPY: (-84.9386, 81.4164, 5.1205) deg
[14:00:19.343] [info]   平移 XYZ: (0.1230, 0.0399, -0.0577) m
[14:00:19.372] [debug] [ManualAdjust] 旋转增量 RPY=(0.000, 0.000, 0.100)deg
[14:00:19.372] [info] [ManualAdjust] 当前外参 [lidar_0→cam_0]:
[14:00:19.372] [info]   旋转 RPY: (-84.8794, 81.5160, 5.1803) deg
[14:00:19.372] [info]   平移 XYZ: (0.1230, 0.0399, -0.0577) m
[14:00:19.402] [debug] [ManualAdjust] 旋转增量 RPY=(0.000, 0.000, 0.100)deg
[14:00:19.402] [info] [ManualAdjust] 当前外参 [lidar_0→cam_0]:
[14:00:19.402] [info]   旋转 RPY: (-84.8189, 81.6156, 5.2415) deg
[14:00:19.402] [info]   平移 XYZ: (0.1230, 0.0399, -0.0577) m
[14:00:19.432] [debug] [ManualAdjust] 旋转增量 RPY=(0.000, 0.000, 0.100)deg
[14:00:19.432] [info] [ManualAdjust] 当前外参 [lidar_0→cam_0]:
[14:00:19.432] [info]   旋转 RPY: (-84.7569, 81.7152, 5.3041) deg
[14:00:19.432] [info]   平移 XYZ: (0.1230, 0.0399, -0.0577) m
[14:00:19.462] [debug] [ManualAdjust] 旋转增量 RPY=(0.000, 0.000, 0.100)deg
[14:00:19.462] [info] [ManualAdjust] 当前外参 [lidar_0→cam_0]:
[14:00:19.462] [info]   旋转 RPY: (-84.6933, 81.8148, 5.3683) deg
[14:00:19.462] [info]   平移 XYZ: (0.1230, 0.0399, -0.0577) m
[14:00:19.492] [debug] [ManualAdjust] 旋转增量 RPY=(0.000, 0.000, 0.100)deg
[14:00:19.492] [info] [ManualAdjust] 当前外参 [lidar_0→cam_0]:
[14:00:19.492] [info]   旋转 RPY: (-84.6282, 81.9144, 5.4341) deg
[14:00:19.492] [info]   平移 XYZ: (0.1230, 0.0399, -0.0577) m
[14:00:19.522] [debug] [ManualAdjust] 旋转增量 RPY=(0.000, 0.000, 0.100)deg
[14:00:19.522] [info] [ManualAdjust] 当前外参 [lidar_0→cam_0]:
[14:00:19.522] [info]   旋转 RPY: (-84.5615, 82.0139, 5.5015) deg
[14:00:19.522] [info]   平移 XYZ: (0.1230, 0.0399, -0.0577) m
[14:00:19.552] [debug] [ManualAdjust] 旋转增量 RPY=(0.000, 0.000, 0.100)deg
[14:00:19.552] [info] [ManualAdjust] 当前外参 [lidar_0→cam_0]:
[14:00:19.552] [info]   旋转 RPY: (-84.4931, 82.1135, 5.5705) deg
[14:00:19.552] [info]   平移 XYZ: (0.1230, 0.0399, -0.0577) m
[14:00:19.581] [debug] [ManualAdjust] 旋转增量 RPY=(0.000, 0.000, 0.100)deg
[14:00:19.581] [info] [ManualAdjust] 当前外参 [lidar_0→cam_0]:
[14:00:19.581] [info]   旋转 RPY: (-84.4229, 82.2130, 5.6414) deg
[14:00:19.581] [info]   平移 XYZ: (0.1230, 0.0399, -0.0577) m
[14:00:19.612] [debug] [ManualAdjust] 旋转增量 RPY=(0.000, 0.000, 0.100)deg
[14:00:19.612] [info] [ManualAdjust] 当前外参 [lidar_0→cam_0]:
[14:00:19.612] [info]   旋转 RPY: (-84.3510, 82.3125, 5.7140) deg
[14:00:19.612] [info]   平移 XYZ: (0.1230, 0.0399, -0.0577) m
[14:00:19.642] [debug] [ManualAdjust] 旋转增量 RPY=(0.000, 0.000, 0.100)deg
[14:00:19.642] [info] [ManualAdjust] 当前外参 [lidar_0→cam_0]:
[14:00:19.642] [info]   旋转 RPY: (-84.2771, 82.4120, 5.7886) deg
[14:00:19.642] [info]   平移 XYZ: (0.1230, 0.0399, -0.0577) m
[14:00:19.672] [debug] [ManualAdjust] 旋转增量 RPY=(0.000, 0.000, 0.100)deg
[14:00:19.672] [info] [ManualAdjust] 当前外参 [lidar_0→cam_0]:
[14:00:19.672] [info]   旋转 RPY: (-84.2012, 82.5115, 5.8651) deg
[14:00:19.672] [info]   平移 XYZ: (0.1230, 0.0399, -0.0577) m
[14:00:19.703] [debug] [ManualAdjust] 旋转增量 RPY=(0.000, 0.000, 0.100)deg
[14:00:19.703] [info] [ManualAdjust] 当前外参 [lidar_0→cam_0]:
[14:00:19.703] [info]   旋转 RPY: (-84.1233, 82.6110, 5.9436) deg
[14:00:19.703] [info]   平移 XYZ: (0.1230, 0.0399, -0.0577) m
[14:00:19.734] [debug] [ManualAdjust] 旋转增量 RPY=(0.000, 0.000, 0.100)deg
[14:00:19.734] [info] [ManualAdjust] 当前外参 [lidar_0→cam_0]:
[14:00:19.734] [info]   旋转 RPY: (-84.0433, 82.7105, 6.0243) deg
[14:00:19.734] [info]   平移 XYZ: (0.1230, 0.0399, -0.0577) m
[14:00:19.763] [debug] [ManualAdjust] 旋转增量 RPY=(0.000, 0.000, 0.100)deg
[14:00:19.763] [info] [ManualAdjust] 当前外参 [lidar_0→cam_0]:
[14:00:19.763] [info]   旋转 RPY: (-83.9610, 82.8099, 6.1072) deg
[14:00:19.763] [info]   平移 XYZ: (0.1230, 0.0399, -0.0577) m
[14:00:19.793] [debug] [ManualAdjust] 旋转增量 RPY=(0.000, 0.000, 0.100)deg
[14:00:19.793] [info] [ManualAdjust] 当前外参 [lidar_0→cam_0]:
[14:00:19.793] [info]   旋转 RPY: (-83.8765, 82.9093, 6.1925) deg
[14:00:19.793] [info]   平移 XYZ: (0.1230, 0.0399, -0.0577) m
[14:00:19.823] [debug] [ManualAdjust] 旋转增量 RPY=(0.000, 0.000, 0.100)deg
[14:00:19.823] [info] [ManualAdjust] 当前外参 [lidar_0→cam_0]:
[14:00:19.823] [info]   旋转 RPY: (-83.7895, 83.0088, 6.2801) deg
[14:00:19.823] [info]   平移 XYZ: (0.1230, 0.0399, -0.0577) m
[14:00:19.853] [debug] [ManualAdjust] 旋转增量 RPY=(0.000, 0.000, 0.100)deg
[14:00:19.853] [info] [ManualAdjust] 当前外参 [lidar_0→cam_0]:
[14:00:19.854] [info]   旋转 RPY: (-83.7000, 83.1082, 6.3703) deg
[14:00:19.854] [info]   平移 XYZ: (0.1230, 0.0399, -0.0577) m
[14:00:19.885] [debug] [ManualAdjust] 旋转增量 RPY=(0.000, 0.000, 0.100)deg
[14:00:19.885] [info] [ManualAdjust] 当前外参 [lidar_0→cam_0]:
[14:00:19.885] [info]   旋转 RPY: (-83.6079, 83.2076, 6.4630) deg
[14:00:19.885] [info]   平移 XYZ: (0.1230, 0.0399, -0.0577) m
[14:00:19.915] [debug] [ManualAdjust] 旋转增量 RPY=(0.000, 0.000, 0.100)deg
[14:00:19.915] [info] [ManualAdjust] 当前外参 [lidar_0→cam_0]:
[14:00:19.915] [info]   旋转 RPY: (-83.5130, 83.3069, 6.5586) deg
[14:00:19.915] [info]   平移 XYZ: (0.1230, 0.0399, -0.0577) m
[14:00:19.945] [debug] [ManualAdjust] 旋转增量 RPY=(0.000, 0.000, 0.100)deg
[14:00:19.946] [info] [ManualAdjust] 当前外参 [lidar_0→cam_0]:
[14:00:19.946] [info]   旋转 RPY: (-83.4153, 83.4063, 6.6569) deg
[14:00:19.946] [info]   平移 XYZ: (0.1230, 0.0399, -0.0577) m
[14:00:19.977] [debug] [ManualAdjust] 旋转增量 RPY=(0.000, 0.000, 0.100)deg
[14:00:19.977] [info] [ManualAdjust] 当前外参 [lidar_0→cam_0]:
[14:00:19.977] [info]   旋转 RPY: (-83.3146, 83.5056, 6.7583) deg
[14:00:19.977] [info]   平移 XYZ: (0.1230, 0.0399, -0.0577) m
[14:00:20.007] [debug] [ManualAdjust] 旋转增量 RPY=(0.000, 0.000, 0.100)deg
[14:00:20.007] [info] [ManualAdjust] 当前外参 [lidar_0→cam_0]:
[14:00:20.007] [info]   旋转 RPY: (-83.2107, 83.6049, 6.8629) deg
[14:00:20.007] [info]   平移 XYZ: (0.1230, 0.0399, -0.0577) m
[14:00:20.037] [debug] [ManualAdjust] 旋转增量 RPY=(0.000, 0.000, 0.100)deg
[14:00:20.037] [info] [ManualAdjust] 当前外参 [lidar_0→cam_0]:
[14:00:20.037] [info]   旋转 RPY: (-83.1036, 83.7042, 6.9707) deg
[14:00:20.037] [info]   平移 XYZ: (0.1230, 0.0399, -0.0577) m
[14:00:20.067] [debug] [ManualAdjust] 旋转增量 RPY=(0.000, 0.000, 0.100)deg
[14:00:20.067] [info] [ManualAdjust] 当前外参 [lidar_0→cam_0]:
[14:00:20.067] [info]   旋转 RPY: (-82.9930, 83.8035, 7.0819) deg
[14:00:20.067] [info]   平移 XYZ: (0.1230, 0.0399, -0.0577) m
[14:00:20.097] [debug] [ManualAdjust] 旋转增量 RPY=(0.000, 0.000, 0.100)deg
[14:00:20.097] [info] [ManualAdjust] 当前外参 [lidar_0→cam_0]:
[14:00:20.097] [info]   旋转 RPY: (-82.8788, 83.9027, 7.1968) deg
[14:00:20.097] [info]   平移 XYZ: (0.1230, 0.0399, -0.0577) m
[14:00:20.127] [debug] [ManualAdjust] 旋转增量 RPY=(0.000, 0.000, 0.100)deg
[14:00:20.127] [info] [ManualAdjust] 当前外参 [lidar_0→cam_0]:
[14:00:20.127] [info]   旋转 RPY: (-82.7608, 84.0019, 7.3154) deg
[14:00:20.127] [info]   平移 XYZ: (0.1230, 0.0399, -0.0577) m
[14:00:20.157] [debug] [ManualAdjust] 旋转增量 RPY=(0.000, 0.000, 0.100)deg
[14:00:20.157] [info] [ManualAdjust] 当前外参 [lidar_0→cam_0]:
[14:00:20.157] [info]   旋转 RPY: (-82.6389, 84.1011, 7.4380) deg
[14:00:20.157] [info]   平移 XYZ: (0.1230, 0.0399, -0.0577) m
[14:00:20.187] [debug] [ManualAdjust] 旋转增量 RPY=(0.000, 0.000, 0.100)deg
[14:00:20.187] [info] [ManualAdjust] 当前外参 [lidar_0→cam_0]:
[14:00:20.187] [info]   旋转 RPY: (-82.5127, 84.2003, 7.5648) deg
[14:00:20.187] [info]   平移 XYZ: (0.1230, 0.0399, -0.0577) m
[14:00:20.217] [debug] [ManualAdjust] 旋转增量 RPY=(0.000, 0.000, 0.100)deg
[14:00:20.217] [info] [ManualAdjust] 当前外参 [lidar_0→cam_0]:
[14:00:20.217] [info]   旋转 RPY: (-82.3822, 84.2994, 7.6960) deg
[14:00:20.217] [info]   平移 XYZ: (0.1230, 0.0399, -0.0577) m
[14:00:20.247] [debug] [ManualAdjust] 旋转增量 RPY=(0.000, 0.000, 0.100)deg
[14:00:20.247] [info] [ManualAdjust] 当前外参 [lidar_0→cam_0]:
[14:00:20.247] [info]   旋转 RPY: (-82.2470, 84.3985, 7.8318) deg
[14:00:20.247] [info]   平移 XYZ: (0.1230, 0.0399, -0.0577) m
[14:00:20.277] [debug] [ManualAdjust] 旋转增量 RPY=(0.000, 0.000, 0.100)deg
[14:00:20.277] [info] [ManualAdjust] 当前外参 [lidar_0→cam_0]:
[14:00:20.277] [info]   旋转 RPY: (-82.1070, 84.4976, 7.9725) deg
[14:00:20.277] [info]   平移 XYZ: (0.1230, 0.0399, -0.0577) m
[14:00:20.307] [debug] [ManualAdjust] 旋转增量 RPY=(0.000, 0.000, 0.100)deg
[14:00:20.307] [info] [ManualAdjust] 当前外参 [lidar_0→cam_0]:
[14:00:20.307] [info]   旋转 RPY: (-81.9618, 84.5966, 8.1183) deg
[14:00:20.307] [info]   平移 XYZ: (0.1230, 0.0399, -0.0577) m
[14:00:20.338] [debug] [ManualAdjust] 旋转增量 RPY=(0.000, 0.000, 0.100)deg
[14:00:20.338] [info] [ManualAdjust] 当前外参 [lidar_0→cam_0]:
[14:00:20.338] [info]   旋转 RPY: (-81.8113, 84.6956, 8.2696) deg
[14:00:20.338] [info]   平移 XYZ: (0.1230, 0.0399, -0.0577) m
[14:00:20.367] [debug] [ManualAdjust] 旋转增量 RPY=(0.000, 0.000, 0.100)deg
[14:00:20.367] [info] [ManualAdjust] 当前外参 [lidar_0→cam_0]:
[14:00:20.367] [info]   旋转 RPY: (-81.6549, 84.7946, 8.4266) deg
[14:00:20.367] [info]   平移 XYZ: (0.1230, 0.0399, -0.0577) m
[14:00:20.398] [debug] [ManualAdjust] 旋转增量 RPY=(0.000, 0.000, 0.100)deg
[14:00:20.398] [info] [ManualAdjust] 当前外参 [lidar_0→cam_0]:
[14:00:20.398] [info]   旋转 RPY: (-81.4925, 84.8935, 8.5896) deg
[14:00:20.398] [info]   平移 XYZ: (0.1230, 0.0399, -0.0577) m
[14:00:20.427] [debug] [ManualAdjust] 旋转增量 RPY=(0.000, 0.000, 0.100)deg
[14:00:20.427] [info] [ManualAdjust] 当前外参 [lidar_0→cam_0]:
[14:00:20.427] [info]   旋转 RPY: (-81.3237, 84.9924, 8.7591) deg
[14:00:20.427] [info]   平移 XYZ: (0.1230, 0.0399, -0.0577) m
[14:00:20.458] [debug] [ManualAdjust] 旋转增量 RPY=(0.000, 0.000, 0.100)deg
[14:00:20.458] [info] [ManualAdjust] 当前外参 [lidar_0→cam_0]:
[14:00:20.458] [info]   旋转 RPY: (-81.1481, 85.0912, 8.9354) deg
[14:00:20.458] [info]   平移 XYZ: (0.1230, 0.0399, -0.0577) m
[14:00:20.488] [debug] [ManualAdjust] 旋转增量 RPY=(0.000, 0.000, 0.100)deg
[14:00:20.488] [info] [ManualAdjust] 当前外参 [lidar_0→cam_0]:
[14:00:20.488] [info]   旋转 RPY: (-80.9652, 85.1900, 9.1189) deg
[14:00:20.488] [info]   平移 XYZ: (0.1230, 0.0399, -0.0577) m
[14:00:20.519] [debug] [ManualAdjust] 旋转增量 RPY=(0.000, 0.000, 0.100)deg
[14:00:20.519] [info] [ManualAdjust] 当前外参 [lidar_0→cam_0]:
[14:00:20.519] [info]   旋转 RPY: (-80.7747, 85.2887, 9.3101) deg
[14:00:20.519] [info]   平移 XYZ: (0.1230, 0.0399, -0.0577) m
[14:00:20.549] [debug] [ManualAdjust] 旋转增量 RPY=(0.000, 0.000, 0.100)deg
[14:00:20.549] [info] [ManualAdjust] 当前外参 [lidar_0→cam_0]:
[14:00:20.549] [info]   旋转 RPY: (-80.5760, 85.3874, 9.5095) deg
[14:00:20.549] [info]   平移 XYZ: (0.1230, 0.0399, -0.0577) m
[14:00:20.580] [debug] [ManualAdjust] 旋转增量 RPY=(0.000, 0.000, 0.100)deg
[14:00:20.580] [info] [ManualAdjust] 当前外参 [lidar_0→cam_0]:
[14:00:20.580] [info]   旋转 RPY: (-80.3686, 85.4860, 9.7175) deg
[14:00:20.580] [info]   平移 XYZ: (0.1230, 0.0399, -0.0577) m
[14:00:20.611] [debug] [ManualAdjust] 旋转增量 RPY=(0.000, 0.000, 0.100)deg
[14:00:20.611] [info] [ManualAdjust] 当前外参 [lidar_0→cam_0]:
[14:00:20.611] [info]   旋转 RPY: (-80.1519, 85.5846, 9.9348) deg
[14:00:20.611] [info]   平移 XYZ: (0.1230, 0.0399, -0.0577) m
[14:00:20.640] [debug] [ManualAdjust] 旋转增量 RPY=(0.000, 0.000, 0.100)deg
[14:00:20.640] [info] [ManualAdjust] 当前外参 [lidar_0→cam_0]:
[14:00:20.640] [info]   旋转 RPY: (-79.9254, 85.6831, 10.1620) deg
[14:00:20.640] [info]   平移 XYZ: (0.1230, 0.0399, -0.0577) m
[14:00:20.670] [debug] [ManualAdjust] 旋转增量 RPY=(0.000, 0.000, 0.100)deg
[14:00:20.670] [info] [ManualAdjust] 当前外参 [lidar_0→cam_0]:
[14:00:20.670] [info]   旋转 RPY: (-79.6882, 85.7815, 10.3999) deg
[14:00:20.670] [info]   平移 XYZ: (0.1230, 0.0399, -0.0577) m
[14:00:20.700] [debug] [ManualAdjust] 旋转增量 RPY=(0.000, 0.000, 0.100)deg
[14:00:20.700] [info] [ManualAdjust] 当前外参 [lidar_0→cam_0]:
[14:00:20.700] [info]   旋转 RPY: (-79.4397, 85.8798, 10.6490) deg
[14:00:20.700] [info]   平移 XYZ: (0.1230, 0.0399, -0.0577) m
[14:00:20.730] [debug] [ManualAdjust] 旋转增量 RPY=(0.000, 0.000, 0.100)deg
[14:00:20.730] [info] [ManualAdjust] 当前外参 [lidar_0→cam_0]:
[14:00:20.730] [info]   旋转 RPY: (-79.1791, 85.9781, 10.9103) deg
[14:00:20.730] [info]   平移 XYZ: (0.1230, 0.0399, -0.0577) m
[14:00:20.760] [debug] [ManualAdjust] 旋转增量 RPY=(0.000, 0.000, 0.100)deg
[14:00:20.760] [info] [ManualAdjust] 当前外参 [lidar_0→cam_0]:
[14:00:20.760] [info]   旋转 RPY: (-78.9054, 86.0763, 11.1847) deg
[14:00:20.760] [info]   平移 XYZ: (0.1230, 0.0399, -0.0577) m
[14:00:20.790] [debug] [ManualAdjust] 旋转增量 RPY=(0.000, 0.000, 0.100)deg
[14:00:20.790] [info] [ManualAdjust] 当前外参 [lidar_0→cam_0]:
[14:00:20.790] [info]   旋转 RPY: (-78.6176, 86.1744, 11.4731) deg
[14:00:20.790] [info]   平移 XYZ: (0.1230, 0.0399, -0.0577) m
[14:00:20.820] [debug] [ManualAdjust] 旋转增量 RPY=(0.000, 0.000, 0.100)deg
[14:00:20.820] [info] [ManualAdjust] 当前外参 [lidar_0→cam_0]:
[14:00:20.820] [info]   旋转 RPY: (-78.3147, 86.2724, 11.7766) deg
[14:00:20.820] [info]   平移 XYZ: (0.1230, 0.0399, -0.0577) m
[14:00:20.850] [debug] [ManualAdjust] 旋转增量 RPY=(0.000, 0.000, 0.100)deg
[14:00:20.850] [info] [ManualAdjust] 当前外参 [lidar_0→cam_0]:
[14:00:20.850] [info]   旋转 RPY: (-77.9955, 86.3702, 12.0965) deg
[14:00:20.850] [info]   平移 XYZ: (0.1230, 0.0399, -0.0577) m
[14:00:20.880] [debug] [ManualAdjust] 旋转增量 RPY=(0.000, 0.000, 0.100)deg
[14:00:20.880] [info] [ManualAdjust] 当前外参 [lidar_0→cam_0]:
[14:00:20.880] [info]   旋转 RPY: (-77.6585, 86.4680, 12.4342) deg
[14:00:20.880] [info]   平移 XYZ: (0.1230, 0.0399, -0.0577) m
[14:00:20.910] [debug] [ManualAdjust] 旋转增量 RPY=(0.000, 0.000, 0.100)deg
[14:00:20.910] [info] [ManualAdjust] 当前外参 [lidar_0→cam_0]:
[14:00:20.910] [info]   旋转 RPY: (-77.3024, 86.5656, 12.7910) deg
[14:00:20.910] [info]   平移 XYZ: (0.1230, 0.0399, -0.0577) m
[14:00:20.940] [debug] [ManualAdjust] 旋转增量 RPY=(0.000, 0.000, 0.100)deg
[14:00:20.941] [info] [ManualAdjust] 当前外参 [lidar_0→cam_0]:
[14:00:20.941] [info]   旋转 RPY: (-76.9254, 86.6631, 13.1686) deg
[14:00:20.941] [info]   平移 XYZ: (0.1230, 0.0399, -0.0577) m
[14:00:20.971] [debug] [ManualAdjust] 旋转增量 RPY=(0.000, 0.000, 0.100)deg
[14:00:20.971] [info] [ManualAdjust] 当前外参 [lidar_0→cam_0]:
[14:00:20.971] [info]   旋转 RPY: (-76.5258, 86.7604, 13.5689) deg
[14:00:20.971] [info]   平移 XYZ: (0.1230, 0.0399, -0.0577) m
[14:00:21.000] [debug] [ManualAdjust] 旋转增量 RPY=(0.000, 0.000, 0.100)deg
[14:00:21.000] [info] [ManualAdjust] 当前外参 [lidar_0→cam_0]:
[14:00:21.000] [info]   旋转 RPY: (-76.1014, 86.8576, 13.9939) deg
[14:00:21.000] [info]   平移 XYZ: (0.1230, 0.0399, -0.0577) m
[14:00:21.031] [debug] [ManualAdjust] 旋转增量 RPY=(0.000, 0.000, 0.100)deg
[14:00:21.031] [info] [ManualAdjust] 当前外参 [lidar_0→cam_0]:
[14:00:21.031] [info]   旋转 RPY: (-75.6499, 86.9545, 14.4461) deg
[14:00:21.031] [info]   平移 XYZ: (0.1230, 0.0399, -0.0577) m
[14:00:21.062] [debug] [ManualAdjust] 旋转增量 RPY=(0.000, 0.000, 0.100)deg
[14:00:21.062] [info] [ManualAdjust] 当前外参 [lidar_0→cam_0]:
[14:00:21.062] [info]   旋转 RPY: (-75.1688, 87.0513, 14.9279) deg
[14:00:21.062] [info]   平移 XYZ: (0.1230, 0.0399, -0.0577) m
[14:00:21.091] [debug] [ManualAdjust] 旋转增量 RPY=(0.000, 0.000, 0.100)deg
[14:00:21.091] [info] [ManualAdjust] 当前外参 [lidar_0→cam_0]:
[14:00:21.091] [info]   旋转 RPY: (-74.6550, 87.1479, 15.4423) deg
[14:00:21.091] [info]   平移 XYZ: (0.1230, 0.0399, -0.0577) m
[14:00:21.121] [debug] [ManualAdjust] 旋转增量 RPY=(0.000, 0.000, 0.100)deg
[14:00:21.121] [info] [ManualAdjust] 当前外参 [lidar_0→cam_0]:
[14:00:21.121] [info]   旋转 RPY: (-74.1052, 87.2442, 15.9927) deg
[14:00:21.121] [info]   平移 XYZ: (0.1230, 0.0399, -0.0577) m
[14:00:21.151] [debug] [ManualAdjust] 旋转增量 RPY=(0.000, 0.000, 0.100)deg
[14:00:21.151] [info] [ManualAdjust] 当前外参 [lidar_0→cam_0]:
[14:00:21.151] [info]   旋转 RPY: (-73.5157, 87.3402, 16.5829) deg
[14:00:21.151] [info]   平移 XYZ: (0.1230, 0.0399, -0.0577) m
[14:00:21.181] [debug] [ManualAdjust] 旋转增量 RPY=(0.000, 0.000, 0.100)deg
[14:00:21.181] [info] [ManualAdjust] 当前外参 [lidar_0→cam_0]:
[14:00:21.181] [info]   旋转 RPY: (-72.8821, 87.4360, 17.2172) deg
[14:00:21.181] [info]   平移 XYZ: (0.1230, 0.0399, -0.0577) m
[14:00:21.211] [debug] [ManualAdjust] 旋转增量 RPY=(0.000, 0.000, 0.100)deg
[14:00:21.211] [info] [ManualAdjust] 当前外参 [lidar_0→cam_0]:
[14:00:21.211] [info]   旋转 RPY: (-72.1993, 87.5313, 17.9006) deg
[14:00:21.211] [info]   平移 XYZ: (0.1230, 0.0399, -0.0577) m
[14:00:21.242] [debug] [ManualAdjust] 旋转增量 RPY=(0.000, 0.000, 0.100)deg
[14:00:21.242] [info] [ManualAdjust] 当前外参 [lidar_0→cam_0]:
[14:00:21.242] [info]   旋转 RPY: (-71.4618, 87.6264, 18.6387) deg
[14:00:21.242] [info]   平移 XYZ: (0.1230, 0.0399, -0.0577) m
[14:00:21.272] [debug] [ManualAdjust] 旋转增量 RPY=(0.000, 0.000, 0.100)deg
[14:00:21.272] [info] [ManualAdjust] 当前外参 [lidar_0→cam_0]:
[14:00:21.272] [info]   旋转 RPY: (-70.6630, 87.7210, 19.4383) deg
[14:00:21.272] [info]   平移 XYZ: (0.1230, 0.0399, -0.0577) m
[14:00:21.303] [debug] [ManualAdjust] 旋转增量 RPY=(0.000, 0.000, 0.100)deg
[14:00:21.303] [info] [ManualAdjust] 当前外参 [lidar_0→cam_0]:
[14:00:21.303] [info]   旋转 RPY: (-69.7951, 87.8151, 20.3068) deg
[14:00:21.303] [info]   平移 XYZ: (0.1230, 0.0399, -0.0577) m
[14:00:21.333] [debug] [ManualAdjust] 旋转增量 RPY=(0.000, 0.000, 0.100)deg
[14:00:21.333] [info] [ManualAdjust] 当前外参 [lidar_0→cam_0]:
[14:00:21.333] [info]   旋转 RPY: (-68.8493, 87.9086, 21.2533) deg
[14:00:21.333] [info]   平移 XYZ: (0.1230, 0.0399, -0.0577) m
[14:00:21.364] [debug] [ManualAdjust] 旋转增量 RPY=(0.000, 0.000, 0.100)deg
[14:00:21.364] [info] [ManualAdjust] 当前外参 [lidar_0→cam_0]:
[14:00:21.364] [info]   旋转 RPY: (-67.8152, 88.0016, 22.2880) deg
[14:00:21.364] [info]   平移 XYZ: (0.1230, 0.0399, -0.0577) m
[14:00:21.395] [debug] [ManualAdjust] 旋转增量 RPY=(0.000, 0.000, 0.100)deg
[14:00:21.395] [info] [ManualAdjust] 当前外参 [lidar_0→cam_0]:
[14:00:21.395] [info]   旋转 RPY: (-66.6806, 88.0938, 23.4233) deg
[14:00:21.395] [info]   平移 XYZ: (0.1230, 0.0399, -0.0577) m
[14:00:21.425] [debug] [ManualAdjust] 旋转增量 RPY=(0.000, 0.000, 0.100)deg
[14:00:21.425] [info] [ManualAdjust] 当前外参 [lidar_0→cam_0]:
[14:00:21.425] [info]   旋转 RPY: (-65.4312, 88.1852, 24.6733) deg
[14:00:21.425] [info]   平移 XYZ: (0.1230, 0.0399, -0.0577) m
[14:00:21.455] [debug] [ManualAdjust] 旋转增量 RPY=(0.000, 0.000, 0.100)deg
[14:00:21.455] [info] [ManualAdjust] 当前外参 [lidar_0→cam_0]:
[14:00:21.455] [info]   旋转 RPY: (-64.0500, 88.2756, 26.0552) deg
[14:00:21.455] [info]   平移 XYZ: (0.1230, 0.0399, -0.0577) m
[14:00:21.485] [debug] [ManualAdjust] 旋转增量 RPY=(0.000, 0.000, 0.100)deg
[14:00:21.485] [info] [ManualAdjust] 当前外参 [lidar_0→cam_0]:
[14:00:21.485] [info]   旋转 RPY: (-62.5168, 88.3650, 27.5890) deg
[14:00:21.485] [info]   平移 XYZ: (0.1230, 0.0399, -0.0577) m
[14:00:21.515] [debug] [ManualAdjust] 旋转增量 RPY=(0.000, 0.000, 0.100)deg
[14:00:21.515] [info] [ManualAdjust] 当前外参 [lidar_0→cam_0]:
[14:00:21.515] [info]   旋转 RPY: (-60.8078, 88.4530, 29.2987) deg
[14:00:21.515] [info]   平移 XYZ: (0.1230, 0.0399, -0.0577) m
[14:00:21.546] [debug] [ManualAdjust] 旋转增量 RPY=(0.000, 0.000, 0.100)deg
[14:00:21.546] [info] [ManualAdjust] 当前外参 [lidar_0→cam_0]:
[14:00:21.546] [info]   旋转 RPY: (-58.8946, 88.5395, 31.2126) deg
[14:00:21.546] [info]   平移 XYZ: (0.1230, 0.0399, -0.0577) m
[14:00:21.577] [debug] [ManualAdjust] 旋转增量 RPY=(0.000, 0.000, 0.100)deg
[14:00:21.577] [info] [ManualAdjust] 当前外参 [lidar_0→cam_0]:
[14:00:21.577] [info]   旋转 RPY: (-56.7432, 88.6241, 33.3647) deg
[14:00:21.577] [info]   平移 XYZ: (0.1230, 0.0399, -0.0577) m
[14:00:21.607] [debug] [ManualAdjust] 旋转增量 RPY=(0.000, 0.000, 0.100)deg
[14:00:21.607] [info] [ManualAdjust] 当前外参 [lidar_0→cam_0]:
[14:00:21.607] [info]   旋转 RPY: (-54.3136, 88.7066, 35.7949) deg
[14:00:21.607] [info]   平移 XYZ: (0.1230, 0.0399, -0.0577) m
[14:00:21.637] [debug] [ManualAdjust] 旋转增量 RPY=(0.000, 0.000, 0.100)deg
[14:00:21.637] [info] [ManualAdjust] 当前外参 [lidar_0→cam_0]:
[14:00:21.637] [info]   旋转 RPY: (-51.5589, 88.7864, 38.5502) deg
[14:00:21.637] [info]   平移 XYZ: (0.1230, 0.0399, -0.0577) m
[14:00:21.667] [debug] [ManualAdjust] 旋转增量 RPY=(0.000, 0.000, 0.100)deg
[14:00:21.667] [info] [ManualAdjust] 当前外参 [lidar_0→cam_0]:
[14:00:21.667] [info]   旋转 RPY: (-48.4248, 88.8630, 41.6850) deg
[14:00:21.667] [info]   平移 XYZ: (0.1230, 0.0399, -0.0577) m
[14:00:21.697] [debug] [ManualAdjust] 旋转增量 RPY=(0.000, 0.000, 0.100)deg
[14:00:21.697] [info] [ManualAdjust] 当前外参 [lidar_0→cam_0]:
[14:00:21.697] [info]   旋转 RPY: (-44.8503, 88.9358, 45.2602) deg
[14:00:21.697] [info]   平移 XYZ: (0.1230, 0.0399, -0.0577) m
[14:00:21.727] [debug] [ManualAdjust] 旋转增量 RPY=(0.000, 0.000, 0.100)deg
[14:00:21.727] [info] [ManualAdjust] 当前外参 [lidar_0→cam_0]:
[14:00:21.727] [info]   旋转 RPY: (-40.7700, 89.0038, 49.3412) deg
[14:00:21.727] [info]   平移 XYZ: (0.1230, 0.0399, -0.0577) m
[14:00:21.758] [debug] [ManualAdjust] 旋转增量 RPY=(0.000, 0.000, 0.100)deg
[14:00:21.758] [info] [ManualAdjust] 当前外参 [lidar_0→cam_0]:
[14:00:21.758] [info]   旋转 RPY: (-36.1195, 89.0660, 53.9923) deg
[14:00:21.758] [info]   平移 XYZ: (0.1230, 0.0399, -0.0577) m
[14:00:21.788] [debug] [ManualAdjust] 旋转增量 RPY=(0.000, 0.000, 0.100)deg
[14:00:21.788] [info] [ManualAdjust] 当前外参 [lidar_0→cam_0]:
[14:00:21.788] [info]   旋转 RPY: (-30.8458, 89.1212, 59.2667) deg
[14:00:21.788] [info]   平移 XYZ: (0.1230, 0.0399, -0.0577) m
[14:00:21.818] [debug] [ManualAdjust] 旋转增量 RPY=(0.000, 0.000, 0.100)deg
[14:00:21.818] [info] [ManualAdjust] 当前外参 [lidar_0→cam_0]:
[14:00:21.818] [info]   旋转 RPY: (-24.9229, 89.1681, 65.1902) deg
[14:00:21.818] [info]   平移 XYZ: (0.1230, 0.0399, -0.0577) m
[14:00:21.848] [debug] [ManualAdjust] 旋转增量 RPY=(0.000, 0.000, 0.100)deg
[14:00:21.848] [info] [ManualAdjust] 当前外参 [lidar_0→cam_0]:
[14:00:21.848] [info]   旋转 RPY: (-18.3732, 89.2050, 71.7405) deg
[14:00:21.848] [info]   平移 XYZ: (0.1230, 0.0399, -0.0577) m
[14:00:21.878] [debug] [ManualAdjust] 旋转增量 RPY=(0.000, 0.000, 0.100)deg
[14:00:21.878] [info] [ManualAdjust] 当前外参 [lidar_0→cam_0]:
[14:00:21.878] [info]   旋转 RPY: (-11.2880, 89.2306, 78.8264) deg
[14:00:21.878] [info]   平移 XYZ: (0.1230, 0.0399, -0.0577) m
[14:00:21.908] [debug] [ManualAdjust] 旋转增量 RPY=(0.000, 0.000, 0.100)deg
[14:00:21.908] [info] [ManualAdjust] 当前外参 [lidar_0→cam_0]:
[14:00:21.908] [info]   旋转 RPY: (-3.8369, 89.2438, 86.2782) deg
[14:00:21.908] [info]   平移 XYZ: (0.1230, 0.0399, -0.0577) m
[14:00:21.938] [debug] [ManualAdjust] 旋转增量 RPY=(0.000, 0.000, 0.100)deg
[14:00:21.938] [info] [ManualAdjust] 当前外参 [lidar_0→cam_0]:
[14:00:21.938] [info]   旋转 RPY: (3.7458, 89.2439, 93.8615) deg
[14:00:21.938] [info]   平移 XYZ: (0.1230, 0.0399, -0.0577) m
[14:00:21.969] [debug] [ManualAdjust] 旋转增量 RPY=(0.000, 0.000, 0.100)deg
[14:00:21.969] [info] [ManualAdjust] 当前外参 [lidar_0→cam_0]:
[14:00:21.969] [info]   旋转 RPY: (11.2000, 89.2309, 101.3163) deg
[14:00:21.969] [info]   平移 XYZ: (0.1230, 0.0399, -0.0577) m
[14:00:22.000] [debug] [ManualAdjust] 旋转增量 RPY=(0.000, 0.000, 0.100)deg
[14:00:22.000] [info] [ManualAdjust] 当前外参 [lidar_0→cam_0]:
[14:00:22.000] [info]   旋转 RPY: (18.2908, 89.2054, 108.4078) deg
[14:00:22.000] [info]   平移 XYZ: (0.1230, 0.0399, -0.0577) m
[14:00:22.030] [debug] [ManualAdjust] 旋转增量 RPY=(0.000, 0.000, 0.100)deg
[14:00:22.030] [info] [ManualAdjust] 当前外参 [lidar_0→cam_0]:
[14:00:22.030] [info]   旋转 RPY: (24.8476, 89.1686, 114.9653) deg
[14:00:22.030] [info]   平移 XYZ: (0.1230, 0.0399, -0.0577) m
[14:00:22.060] [debug] [ManualAdjust] 旋转增量 RPY=(0.000, 0.000, 0.100)deg
[14:00:22.060] [info] [ManualAdjust] 当前外参 [lidar_0→cam_0]:
[14:00:22.060] [info]   旋转 RPY: (30.7783, 89.1218, 120.8966) deg
[14:00:22.060] [info]   平移 XYZ: (0.1230, 0.0399, -0.0577) m
[14:00:22.090] [debug] [ManualAdjust] 旋转增量 RPY=(0.000, 0.000, 0.100)deg
[14:00:22.090] [info] [ManualAdjust] 当前外参 [lidar_0→cam_0]:
[14:00:22.090] [info]   旋转 RPY: (36.0597, 89.0667, 126.1787) deg
[14:00:22.090] [info]   平移 XYZ: (0.1230, 0.0399, -0.0577) m
[14:00:22.120] [debug] [ManualAdjust] 旋转增量 RPY=(0.000, 0.000, 0.100)deg
[14:00:22.120] [info] [ManualAdjust] 当前外参 [lidar_0→cam_0]:
[14:00:22.120] [info]   旋转 RPY: (40.7174, 89.0046, 130.8371) deg
[14:00:22.120] [info]   平移 XYZ: (0.1230, 0.0399, -0.0577) m
[14:00:22.150] [debug] [ManualAdjust] 旋转增量 RPY=(0.000, 0.000, 0.100)deg
[14:00:22.150] [info] [ManualAdjust] 当前外参 [lidar_0→cam_0]:
[14:00:22.150] [info]   旋转 RPY: (44.8043, 88.9366, 134.9246) deg
[14:00:22.150] [info]   平移 XYZ: (0.1230, 0.0399, -0.0577) m
[14:00:22.181] [debug] [ManualAdjust] 旋转增量 RPY=(0.000, 0.000, 0.100)deg
[14:00:22.181] [info] [ManualAdjust] 当前外参 [lidar_0→cam_0]:
[14:00:22.181] [info]   旋转 RPY: (48.3845, 88.8639, 138.5055) deg
[14:00:22.181] [info]   平移 XYZ: (0.1230, 0.0399, -0.0577) m
[14:00:22.211] [debug] [ManualAdjust] 旋转增量 RPY=(0.000, 0.000, 0.100)deg
[14:00:22.211] [info] [ManualAdjust] 当前外参 [lidar_0→cam_0]:
[14:00:22.211] [info]   旋转 RPY: (51.5235, 88.7873, 141.6452) deg
[14:00:22.211] [info]   平移 XYZ: (0.1230, 0.0399, -0.0577) m
[14:00:22.242] [debug] [ManualAdjust] 旋转增量 RPY=(0.000, 0.000, 0.100)deg
[14:00:22.242] [info] [ManualAdjust] 当前外参 [lidar_0→cam_0]:
[14:00:22.242] [info]   旋转 RPY: (54.2825, 88.7076, 144.4048) deg
[14:00:22.242] [info]   平移 XYZ: (0.1230, 0.0399, -0.0577) m
[14:00:22.272] [debug] [ManualAdjust] 旋转增量 RPY=(0.000, 0.000, 0.100)deg
[14:00:22.272] [info] [ManualAdjust] 当前外参 [lidar_0→cam_0]:
[14:00:22.272] [info]   旋转 RPY: (56.7156, 88.6251, 146.8386) deg
[14:00:22.272] [info]   平移 XYZ: (0.1230, 0.0399, -0.0577) m
[14:00:22.302] [debug] [ManualAdjust] 旋转增量 RPY=(0.000, 0.000, 0.100)deg
[14:00:22.302] [info] [ManualAdjust] 当前外参 [lidar_0→cam_0]:
[14:00:22.302] [info]   旋转 RPY: (58.8701, 88.5405, 148.9938) deg
[14:00:22.302] [info]   平移 XYZ: (0.1230, 0.0399, -0.0577) m
[14:00:22.333] [debug] [ManualAdjust] 旋转增量 RPY=(0.000, 0.000, 0.100)deg
[14:00:22.333] [info] [ManualAdjust] 当前外参 [lidar_0→cam_0]:
[14:00:22.333] [info]   旋转 RPY: (60.7861, 88.4540, 150.9104) deg
[14:00:22.333] [info]   平移 XYZ: (0.1230, 0.0399, -0.0577) m
[14:00:22.363] [debug] [ManualAdjust] 旋转增量 RPY=(0.000, 0.000, 0.100)deg
[14:00:22.363] [info] [ManualAdjust] 当前外参 [lidar_0→cam_0]:
[14:00:22.363] [info]   旋转 RPY: (62.4973, 88.3660, 152.6223) deg
[14:00:22.363] [info]   平移 XYZ: (0.1230, 0.0399, -0.0577) m
[14:00:22.393] [debug] [ManualAdjust] 旋转增量 RPY=(0.000, 0.000, 0.100)deg
[14:00:22.393] [info] [ManualAdjust] 当前外参 [lidar_0→cam_0]:
[14:00:22.393] [info]   旋转 RPY: (64.0324, 88.2767, 154.1581) deg
[14:00:22.393] [info]   平移 XYZ: (0.1230, 0.0399, -0.0577) m
[14:00:22.423] [debug] [ManualAdjust] 旋转增量 RPY=(0.000, 0.000, 0.100)deg
[14:00:22.423] [info] [ManualAdjust] 当前外参 [lidar_0→cam_0]:
[14:00:22.423] [info]   旋转 RPY: (65.4154, 88.1863, 155.5416) deg
[14:00:22.423] [info]   平移 XYZ: (0.1230, 0.0399, -0.0577) m
[14:00:22.453] [debug] [ManualAdjust] 旋转增量 RPY=(0.000, 0.000, 0.100)deg
[14:00:22.453] [info] [ManualAdjust] 当前外参 [lidar_0→cam_0]:
[14:00:22.453] [info]   旋转 RPY: (66.6663, 88.0949, 156.7932) deg
[14:00:22.453] [info]   平移 XYZ: (0.1230, 0.0399, -0.0577) m
[14:00:22.483] [debug] [ManualAdjust] 旋转增量 RPY=(0.000, 0.000, 0.100)deg
[14:00:22.483] [info] [ManualAdjust] 当前外参 [lidar_0→cam_0]:
[14:00:22.483] [info]   旋转 RPY: (67.8021, 88.0027, 157.9297) deg
[14:00:22.483] [info]   平移 XYZ: (0.1230, 0.0399, -0.0577) m
[14:00:22.513] [debug] [ManualAdjust] 旋转增量 RPY=(0.000, 0.000, 0.100)deg
[14:00:22.513] [info] [ManualAdjust] 当前外参 [lidar_0→cam_0]:
[14:00:22.513] [info]   旋转 RPY: (68.8374, 87.9097, 158.9656) deg
[14:00:22.513] [info]   平移 XYZ: (0.1230, 0.0399, -0.0577) m
[14:00:22.543] [debug] [ManualAdjust] 旋转增量 RPY=(0.000, 0.000, 0.100)deg
[14:00:22.543] [info] [ManualAdjust] 当前外参 [lidar_0→cam_0]:
[14:00:22.543] [info]   旋转 RPY: (69.7842, 87.8162, 159.9131) deg
[14:00:22.543] [info]   平移 XYZ: (0.1230, 0.0399, -0.0577) m
[14:00:22.573] [debug] [ManualAdjust] 旋转增量 RPY=(0.000, 0.000, 0.100)deg
[14:00:22.573] [info] [ManualAdjust] 当前外参 [lidar_0→cam_0]:
[14:00:22.573] [info]   旋转 RPY: (70.6529, 87.7221, 160.7825) deg
[14:00:22.573] [info]   平移 XYZ: (0.1230, 0.0399, -0.0577) m
[14:00:22.603] [debug] [ManualAdjust] 旋转增量 RPY=(0.000, 0.000, 0.100)deg
[14:00:22.603] [info] [ManualAdjust] 当前外参 [lidar_0→cam_0]:
[14:00:22.603] [info]   旋转 RPY: (71.4526, 87.6275, 161.5828) deg
[14:00:22.603] [info]   平移 XYZ: (0.1230, 0.0399, -0.0577) m
[14:00:22.634] [debug] [ManualAdjust] 旋转增量 RPY=(0.000, 0.000, 0.100)deg
[14:00:22.634] [info] [ManualAdjust] 当前外参 [lidar_0→cam_0]:
[14:00:22.634] [info]   旋转 RPY: (72.1908, 87.5325, 162.3217) deg
[14:00:22.634] [info]   平移 XYZ: (0.1230, 0.0399, -0.0577) m
[14:00:22.664] [debug] [ManualAdjust] 旋转增量 RPY=(0.000, 0.000, 0.100)deg
[14:00:22.664] [info] [ManualAdjust] 当前外参 [lidar_0→cam_0]:
[14:00:22.664] [info]   旋转 RPY: (72.8741, 87.4371, 163.0057) deg
[14:00:22.664] [info]   平移 XYZ: (0.1230, 0.0399, -0.0577) m
[14:00:22.694] [debug] [ManualAdjust] 旋转增量 RPY=(0.000, 0.000, 0.100)deg
[14:00:22.694] [info] [ManualAdjust] 当前外参 [lidar_0→cam_0]:
[14:00:22.694] [info]   旋转 RPY: (73.5083, 87.3414, 163.6405) deg
[14:00:22.694] [info]   平移 XYZ: (0.1230, 0.0399, -0.0577) m
[14:00:22.724] [debug] [ManualAdjust] 旋转增量 RPY=(0.000, 0.000, 0.100)deg
[14:00:22.724] [info] [ManualAdjust] 当前外参 [lidar_0→cam_0]:
[14:00:22.724] [info]   旋转 RPY: (74.0984, 87.2453, 164.2312) deg
[14:00:22.724] [info]   平移 XYZ: (0.1230, 0.0399, -0.0577) m
[14:00:22.754] [debug] [ManualAdjust] 旋转增量 RPY=(0.000, 0.000, 0.100)deg
[14:00:22.754] [info] [ManualAdjust] 当前外参 [lidar_0→cam_0]:
[14:00:22.754] [info]   旋转 RPY: (74.6486, 87.1490, 164.7821) deg
[14:00:22.754] [info]   平移 XYZ: (0.1230, 0.0399, -0.0577) m
[14:00:22.785] [debug] [ManualAdjust] 旋转增量 RPY=(0.000, 0.000, 0.100)deg
[14:00:22.785] [info] [ManualAdjust] 当前外参 [lidar_0→cam_0]:
[14:00:22.785] [info]   旋转 RPY: (75.1628, 87.0525, 165.2969) deg
[14:00:22.785] [info]   平移 XYZ: (0.1230, 0.0399, -0.0577) m
[14:00:22.815] [debug] [ManualAdjust] 旋转增量 RPY=(0.000, 0.000, 0.100)deg
[14:00:22.815] [info] [ManualAdjust] 当前外参 [lidar_0→cam_0]:
[14:00:22.815] [info]   旋转 RPY: (75.6443, 86.9557, 165.7791) deg
[14:00:22.815] [info]   平移 XYZ: (0.1230, 0.0399, -0.0577) m
[14:00:22.845] [debug] [ManualAdjust] 旋转增量 RPY=(0.000, 0.000, 0.100)deg
[14:00:22.845] [info] [ManualAdjust] 当前外参 [lidar_0→cam_0]:
[14:00:22.845] [info]   旋转 RPY: (76.0961, 86.8587, 166.2316) deg
[14:00:22.845] [info]   平移 XYZ: (0.1230, 0.0399, -0.0577) m
[14:00:22.876] [debug] [ManualAdjust] 旋转增量 RPY=(0.000, 0.000, 0.100)deg
[14:00:22.876] [info] [ManualAdjust] 当前外参 [lidar_0→cam_0]:
[14:00:22.876] [info]   旋转 RPY: (76.5208, 86.7616, 166.6570) deg
[14:00:22.876] [info]   平移 XYZ: (0.1230, 0.0399, -0.0577) m
[14:00:22.906] [debug] [ManualAdjust] 旋转增量 RPY=(0.000, 0.000, 0.100)deg
[14:00:22.906] [info] [ManualAdjust] 当前外参 [lidar_0→cam_0]:
[14:00:22.906] [info]   旋转 RPY: (76.9207, 86.6643, 167.0576) deg
[14:00:22.906] [info]   平移 XYZ: (0.1230, 0.0399, -0.0577) m
[14:00:22.936] [debug] [ManualAdjust] 旋转增量 RPY=(0.000, 0.000, 0.100)deg
[14:00:22.936] [info] [ManualAdjust] 当前外参 [lidar_0→cam_0]:
[14:00:22.936] [info]   旋转 RPY: (77.2980, 86.5668, 167.4354) deg
[14:00:22.936] [info]   平移 XYZ: (0.1230, 0.0399, -0.0577) m
[14:00:22.966] [debug] [ManualAdjust] 旋转增量 RPY=(0.000, 0.000, 0.100)deg
[14:00:22.966] [info] [ManualAdjust] 当前外参 [lidar_0→cam_0]:
[14:00:22.966] [info]   旋转 RPY: (77.6543, 86.4692, 167.7925) deg
[14:00:22.966] [info]   平移 XYZ: (0.1230, 0.0399, -0.0577) m
[14:00:22.997] [debug] [ManualAdjust] 旋转增量 RPY=(0.000, 0.000, 0.100)deg
[14:00:22.997] [info] [ManualAdjust] 当前外参 [lidar_0→cam_0]:
[14:00:22.997] [info]   旋转 RPY: (77.9915, 86.3714, 168.1303) deg
[14:00:22.997] [info]   平移 XYZ: (0.1230, 0.0399, -0.0577) m
[14:00:23.027] [debug] [ManualAdjust] 旋转增量 RPY=(0.000, 0.000, 0.100)deg
[14:00:23.027] [info] [ManualAdjust] 当前外参 [lidar_0→cam_0]:
[14:00:23.027] [info]   旋转 RPY: (78.3110, 86.2735, 168.4504) deg
[14:00:23.027] [info]   平移 XYZ: (0.1230, 0.0399, -0.0577) m
[14:00:23.057] [debug] [ManualAdjust] 旋转增量 RPY=(0.000, 0.000, 0.100)deg
[14:00:23.057] [info] [ManualAdjust] 当前外参 [lidar_0→cam_0]:
[14:00:23.057] [info]   旋转 RPY: (78.6141, 86.1756, 168.7542) deg
[14:00:23.057] [info]   平移 XYZ: (0.1230, 0.0399, -0.0577) m
[14:00:23.087] [debug] [ManualAdjust] 旋转增量 RPY=(0.000, 0.000, 0.100)deg
[14:00:23.087] [info] [ManualAdjust] 当前外参 [lidar_0→cam_0]:
[14:00:23.087] [info]   旋转 RPY: (78.9020, 86.0775, 169.0428) deg
[14:00:23.087] [info]   平移 XYZ: (0.1230, 0.0399, -0.0577) m
[14:00:23.117] [debug] [ManualAdjust] 旋转增量 RPY=(0.000, 0.000, 0.100)deg
[14:00:23.117] [info] [ManualAdjust] 当前外参 [lidar_0→cam_0]:
[14:00:23.117] [info]   旋转 RPY: (79.1759, 85.9793, 169.3173) deg
[14:00:23.117] [info]   平移 XYZ: (0.1230, 0.0399, -0.0577) m
[14:00:23.147] [debug] [ManualAdjust] 旋转增量 RPY=(0.000, 0.000, 0.100)deg
[14:00:23.147] [info] [ManualAdjust] 当前外参 [lidar_0→cam_0]:
[14:00:23.147] [info]   旋转 RPY: (79.4367, 85.8810, 169.5787) deg
[14:00:23.147] [info]   平移 XYZ: (0.1230, 0.0399, -0.0577) m
[14:00:23.177] [debug] [ManualAdjust] 旋转增量 RPY=(0.000, 0.000, 0.100)deg
[14:00:23.177] [info] [ManualAdjust] 当前外参 [lidar_0→cam_0]:
[14:00:23.177] [info]   旋转 RPY: (79.6853, 85.7827, 169.8280) deg
[14:00:23.177] [info]   平移 XYZ: (0.1230, 0.0399, -0.0577) m
[14:00:23.207] [debug] [ManualAdjust] 旋转增量 RPY=(0.000, 0.000, 0.100)deg
[14:00:23.207] [info] [ManualAdjust] 当前外参 [lidar_0→cam_0]:
[14:00:23.207] [info]   旋转 RPY: (79.9226, 85.6843, 170.0660) deg
[14:00:23.207] [info]   平移 XYZ: (0.1230, 0.0399, -0.0577) m
[14:00:23.237] [debug] [ManualAdjust] 旋转增量 RPY=(0.000, 0.000, 0.100)deg
[14:00:23.237] [info] [ManualAdjust] 当前外参 [lidar_0→cam_0]:
[14:00:23.237] [info]   旋转 RPY: (80.1493, 85.5858, 170.2933) deg
[14:00:23.237] [info]   平移 XYZ: (0.1230, 0.0399, -0.0577) m
[14:00:23.267] [debug] [ManualAdjust] 旋转增量 RPY=(0.000, 0.000, 0.100)deg
[14:00:23.267] [info] [ManualAdjust] 当前外参 [lidar_0→cam_0]:
[14:00:23.267] [info]   旋转 RPY: (80.3660, 85.4872, 170.5108) deg
[14:00:23.267] [info]   平移 XYZ: (0.1230, 0.0399, -0.0577) m
[14:00:23.297] [debug] [ManualAdjust] 旋转增量 RPY=(0.000, 0.000, 0.100)deg
[14:00:23.297] [info] [ManualAdjust] 当前外参 [lidar_0→cam_0]:
[14:00:23.297] [info]   旋转 RPY: (80.5735, 85.3886, 170.7189) deg
[14:00:23.297] [info]   平移 XYZ: (0.1230, 0.0399, -0.0577) m
[14:00:23.327] [debug] [ManualAdjust] 旋转增量 RPY=(0.000, 0.000, 0.100)deg
[14:00:23.327] [info] [ManualAdjust] 当前外参 [lidar_0→cam_0]:
[14:00:23.327] [info]   旋转 RPY: (80.7723, 85.2899, 170.9184) deg
[14:00:23.327] [info]   平移 XYZ: (0.1230, 0.0399, -0.0577) m
[14:00:23.357] [debug] [ManualAdjust] 旋转增量 RPY=(0.000, 0.000, 0.100)deg
[14:00:23.357] [info] [ManualAdjust] 当前外参 [lidar_0→cam_0]:
[14:00:23.357] [info]   旋转 RPY: (80.9630, 85.1912, 171.1097) deg
[14:00:23.357] [info]   平移 XYZ: (0.1230, 0.0399, -0.0577) m
[14:00:23.387] [debug] [ManualAdjust] 旋转增量 RPY=(0.000, 0.000, 0.100)deg
[14:00:23.387] [info] [ManualAdjust] 当前外参 [lidar_0→cam_0]:
[14:00:23.387] [info]   旋转 RPY: (81.1459, 85.0924, 171.2933) deg
[14:00:23.387] [info]   平移 XYZ: (0.1230, 0.0399, -0.0577) m
[14:00:23.417] [debug] [ManualAdjust] 旋转增量 RPY=(0.000, 0.000, 0.100)deg
[14:00:23.417] [info] [ManualAdjust] 当前外参 [lidar_0→cam_0]:
[14:00:23.417] [info]   旋转 RPY: (81.3216, 84.9936, 171.4696) deg
[14:00:23.417] [info]   平移 XYZ: (0.1230, 0.0399, -0.0577) m
[14:00:23.447] [debug] [ManualAdjust] 旋转增量 RPY=(0.000, 0.000, 0.100)deg
[14:00:23.447] [info] [ManualAdjust] 当前外参 [lidar_0→cam_0]:
[14:00:23.447] [info]   旋转 RPY: (81.4905, 84.8947, 171.6392) deg
[14:00:23.447] [info]   平移 XYZ: (0.1230, 0.0399, -0.0577) m
[14:00:23.477] [debug] [ManualAdjust] 旋转增量 RPY=(0.000, 0.000, 0.100)deg
[14:00:23.477] [info] [ManualAdjust] 当前外参 [lidar_0→cam_0]:
[14:00:23.477] [info]   旋转 RPY: (81.6530, 84.7958, 171.8023) deg
[14:00:23.477] [info]   平移 XYZ: (0.1230, 0.0399, -0.0577) m
[14:00:23.507] [debug] [ManualAdjust] 旋转增量 RPY=(0.000, 0.000, 0.100)deg
[14:00:23.507] [info] [ManualAdjust] 当前外参 [lidar_0→cam_0]:
[14:00:23.507] [info]   旋转 RPY: (81.8094, 84.6968, 171.9594) deg
[14:00:23.507] [info]   平移 XYZ: (0.1230, 0.0399, -0.0577) m
[14:00:23.537] [debug] [ManualAdjust] 旋转增量 RPY=(0.000, 0.000, 0.100)deg
[14:00:23.537] [info] [ManualAdjust] 当前外参 [lidar_0→cam_0]:
[14:00:23.537] [info]   旋转 RPY: (81.9601, 84.5978, 172.1107) deg
[14:00:23.537] [info]   平移 XYZ: (0.1230, 0.0399, -0.0577) m
[14:00:23.567] [debug] [ManualAdjust] 旋转增量 RPY=(0.000, 0.000, 0.100)deg
[14:00:23.567] [info] [ManualAdjust] 当前外参 [lidar_0→cam_0]:
[14:00:23.567] [info]   旋转 RPY: (82.1053, 84.4988, 172.2566) deg
[14:00:23.567] [info]   平移 XYZ: (0.1230, 0.0399, -0.0577) m
[14:00:23.597] [debug] [ManualAdjust] 旋转增量 RPY=(0.000, 0.000, 0.100)deg
[14:00:23.597] [info] [ManualAdjust] 当前外参 [lidar_0→cam_0]:
[14:00:23.597] [info]   旋转 RPY: (82.2454, 84.3997, 172.3974) deg
[14:00:23.597] [info]   平移 XYZ: (0.1230, 0.0399, -0.0577) m
[14:00:23.627] [debug] [ManualAdjust] 旋转增量 RPY=(0.000, 0.000, 0.100)deg
[14:00:23.627] [info] [ManualAdjust] 当前外参 [lidar_0→cam_0]:
[14:00:23.627] [info]   旋转 RPY: (82.3806, 84.3006, 172.5332) deg
[14:00:23.627] [info]   平移 XYZ: (0.1230, 0.0399, -0.0577) m
[14:00:23.657] [debug] [ManualAdjust] 旋转增量 RPY=(0.000, 0.000, 0.100)deg
[14:00:23.657] [info] [ManualAdjust] 当前外参 [lidar_0→cam_0]:
[14:00:23.657] [info]   旋转 RPY: (82.5112, 84.2015, 172.6645) deg
[14:00:23.657] [info]   平移 XYZ: (0.1230, 0.0399, -0.0577) m
[14:00:23.687] [debug] [ManualAdjust] 旋转增量 RPY=(0.000, 0.000, 0.100)deg
[14:00:23.687] [info] [ManualAdjust] 当前外参 [lidar_0→cam_0]:
[14:00:23.687] [info]   旋转 RPY: (82.6374, 84.1023, 172.7913) deg
[14:00:23.687] [info]   平移 XYZ: (0.1230, 0.0399, -0.0577) m
[14:00:23.717] [debug] [ManualAdjust] 旋转增量 RPY=(0.000, 0.000, 0.100)deg
[14:00:23.717] [info] [ManualAdjust] 当前外参 [lidar_0→cam_0]:
[14:00:23.717] [info]   旋转 RPY: (82.7594, 84.0031, 172.9140) deg
[14:00:23.717] [info]   平移 XYZ: (0.1230, 0.0399, -0.0577) m
[14:00:23.747] [debug] [ManualAdjust] 旋转增量 RPY=(0.000, 0.000, 0.100)deg
[14:00:23.747] [info] [ManualAdjust] 当前外参 [lidar_0→cam_0]:
[14:00:23.747] [info]   旋转 RPY: (82.8774, 83.9039, 173.0327) deg
[14:00:23.747] [info]   平移 XYZ: (0.1230, 0.0399, -0.0577) m
[14:00:23.777] [debug] [ManualAdjust] 旋转增量 RPY=(0.000, 0.000, 0.100)deg
[14:00:23.777] [info] [ManualAdjust] 当前外参 [lidar_0→cam_0]:
[14:00:23.777] [info]   旋转 RPY: (82.9916, 83.8047, 173.1476) deg
[14:00:23.777] [info]   平移 XYZ: (0.1230, 0.0399, -0.0577) m
[14:00:23.808] [debug] [ManualAdjust] 旋转增量 RPY=(0.000, 0.000, 0.100)deg
[14:00:23.808] [info] [ManualAdjust] 当前外参 [lidar_0→cam_0]:
[14:00:23.808] [info]   旋转 RPY: (83.1022, 83.7054, 173.2588) deg
[14:00:23.808] [info]   平移 XYZ: (0.1230, 0.0399, -0.0577) m
[14:00:23.838] [debug] [ManualAdjust] 旋转增量 RPY=(0.000, 0.000, 0.100)deg
[14:00:23.838] [info] [ManualAdjust] 当前外参 [lidar_0→cam_0]:
[14:00:23.838] [info]   旋转 RPY: (83.2094, 83.6061, 173.3667) deg
[14:00:23.838] [info]   平移 XYZ: (0.1230, 0.0399, -0.0577) m
[14:00:23.868] [debug] [ManualAdjust] 旋转增量 RPY=(0.000, 0.000, 0.100)deg
[14:00:23.868] [info] [ManualAdjust] 当前外参 [lidar_0→cam_0]:
[14:00:23.868] [info]   旋转 RPY: (83.3133, 83.5068, 173.4712) deg
[14:00:23.868] [info]   平移 XYZ: (0.1230, 0.0399, -0.0577) m
[14:00:23.898] [debug] [ManualAdjust] 旋转增量 RPY=(0.000, 0.000, 0.100)deg
[14:00:23.898] [info] [ManualAdjust] 当前外参 [lidar_0→cam_0]:
[14:00:23.898] [info]   旋转 RPY: (83.4141, 83.4075, 173.5727) deg
[14:00:23.898] [info]   平移 XYZ: (0.1230, 0.0399, -0.0577) m
[14:00:23.928] [debug] [ManualAdjust] 旋转增量 RPY=(0.000, 0.000, 0.100)deg
[14:00:23.928] [info] [ManualAdjust] 当前外参 [lidar_0→cam_0]:
[14:00:23.928] [info]   旋转 RPY: (83.5118, 83.3081, 173.6711) deg
[14:00:23.928] [info]   平移 XYZ: (0.1230, 0.0399, -0.0577) m
[14:00:23.958] [debug] [ManualAdjust] 旋转增量 RPY=(0.000, 0.000, 0.100)deg
[14:00:23.958] [info] [ManualAdjust] 当前外参 [lidar_0→cam_0]:
[14:00:23.958] [info]   旋转 RPY: (83.6067, 83.2088, 173.7666) deg
[14:00:23.958] [info]   平移 XYZ: (0.1230, 0.0399, -0.0577) m
[14:00:23.988] [debug] [ManualAdjust] 旋转增量 RPY=(0.000, 0.000, 0.100)deg
[14:00:23.988] [info] [ManualAdjust] 当前外参 [lidar_0→cam_0]:
[14:00:23.988] [info]   旋转 RPY: (83.6989, 83.1094, 173.8595) deg
[14:00:23.988] [info]   平移 XYZ: (0.1230, 0.0399, -0.0577) m
[14:00:24.018] [debug] [ManualAdjust] 旋转增量 RPY=(0.000, 0.000, 0.100)deg
[14:00:24.019] [info] [ManualAdjust] 当前外参 [lidar_0→cam_0]:
[14:00:24.019] [info]   旋转 RPY: (83.7884, 83.0100, 173.9496) deg
[14:00:24.019] [info]   平移 XYZ: (0.1230, 0.0399, -0.0577) m
[14:00:24.048] [debug] [ManualAdjust] 旋转增量 RPY=(0.000, 0.000, 0.100)deg
[14:00:24.048] [info] [ManualAdjust] 当前外参 [lidar_0→cam_0]:
[14:00:24.048] [info]   旋转 RPY: (83.8754, 82.9105, 174.0373) deg
[14:00:24.048] [info]   平移 XYZ: (0.1230, 0.0399, -0.0577) m
[14:00:24.078] [debug] [ManualAdjust] 旋转增量 RPY=(0.000, 0.000, 0.100)deg
[14:00:24.078] [info] [ManualAdjust] 当前外参 [lidar_0→cam_0]:
[14:00:24.078] [info]   旋转 RPY: (83.9600, 82.8111, 174.1226) deg
[14:00:24.078] [info]   平移 XYZ: (0.1230, 0.0399, -0.0577) m
[14:00:24.108] [debug] [ManualAdjust] 旋转增量 RPY=(0.000, 0.000, 0.100)deg
[14:00:24.108] [info] [ManualAdjust] 当前外参 [lidar_0→cam_0]:
[14:00:24.108] [info]   旋转 RPY: (84.0423, 82.7117, 174.2055) deg
[14:00:24.108] [info]   平移 XYZ: (0.1230, 0.0399, -0.0577) m
[14:00:24.138] [debug] [ManualAdjust] 旋转增量 RPY=(0.000, 0.000, 0.100)deg
[14:00:24.138] [info] [ManualAdjust] 当前外参 [lidar_0→cam_0]:
[14:00:24.138] [info]   旋转 RPY: (84.1224, 82.6122, 174.2862) deg
[14:00:24.138] [info]   平移 XYZ: (0.1230, 0.0399, -0.0577) m
[14:00:24.168] [debug] [ManualAdjust] 旋转增量 RPY=(0.000, 0.000, 0.100)deg
[14:00:24.168] [info] [ManualAdjust] 当前外参 [lidar_0→cam_0]:
[14:00:24.168] [info]   旋转 RPY: (84.2003, 82.5127, 174.3648) deg
[14:00:24.168] [info]   平移 XYZ: (0.1230, 0.0399, -0.0577) m
[14:00:24.198] [debug] [ManualAdjust] 旋转增量 RPY=(0.000, 0.000, 0.100)deg
[14:00:24.198] [info] [ManualAdjust] 当前外参 [lidar_0→cam_0]:
[14:00:24.198] [info]   旋转 RPY: (84.2762, 82.4132, 174.4414) deg
[14:00:24.198] [info]   平移 XYZ: (0.1230, 0.0399, -0.0577) m
[14:00:24.228] [debug] [ManualAdjust] 旋转增量 RPY=(0.000, 0.000, 0.100)deg
[14:00:24.228] [info] [ManualAdjust] 当前外参 [lidar_0→cam_0]:
[14:00:24.228] [info]   旋转 RPY: (84.3501, 82.3137, 174.5159) deg
[14:00:24.228] [info]   平移 XYZ: (0.1230, 0.0399, -0.0577) m
[14:00:24.258] [debug] [ManualAdjust] 旋转增量 RPY=(0.000, 0.000, 0.100)deg
[14:00:24.258] [info] [ManualAdjust] 当前外参 [lidar_0→cam_0]:
[14:00:24.258] [info]   旋转 RPY: (84.4221, 82.2142, 174.5886) deg
[14:00:24.258] [info]   平移 XYZ: (0.1230, 0.0399, -0.0577) m
[14:00:24.288] [debug] [ManualAdjust] 旋转增量 RPY=(0.000, 0.000, 0.100)deg
[14:00:24.288] [info] [ManualAdjust] 当前外参 [lidar_0→cam_0]:
[14:00:24.288] [info]   旋转 RPY: (84.4923, 82.1147, 174.6594) deg
[14:00:24.288] [info]   平移 XYZ: (0.1230, 0.0399, -0.0577) m
[14:00:24.318] [debug] [ManualAdjust] 旋转增量 RPY=(0.000, 0.000, 0.100)deg
[14:00:24.318] [info] [ManualAdjust] 当前外参 [lidar_0→cam_0]:
[14:00:24.318] [info]   旋转 RPY: (84.5607, 82.0151, 174.7285) deg
[14:00:24.318] [info]   平移 XYZ: (0.1230, 0.0399, -0.0577) m
[14:00:24.348] [debug] [ManualAdjust] 旋转增量 RPY=(0.000, 0.000, 0.100)deg
[14:00:24.348] [info] [ManualAdjust] 当前外参 [lidar_0→cam_0]:
[14:00:24.348] [info]   旋转 RPY: (84.6274, 81.9156, 174.7959) deg
[14:00:24.348] [info]   平移 XYZ: (0.1230, 0.0399, -0.0577) m
[14:00:24.378] [debug] [ManualAdjust] 旋转增量 RPY=(0.000, 0.000, 0.100)deg
[14:00:24.378] [info] [ManualAdjust] 当前外参 [lidar_0→cam_0]:
[14:00:24.378] [info]   旋转 RPY: (84.6926, 81.8160, 174.8617) deg
[14:00:24.378] [info]   平移 XYZ: (0.1230, 0.0399, -0.0577) m
[14:00:24.408] [debug] [ManualAdjust] 旋转增量 RPY=(0.000, 0.000, 0.100)deg
[14:00:24.408] [info] [ManualAdjust] 当前外参 [lidar_0→cam_0]:
[14:00:24.408] [info]   旋转 RPY: (84.7561, 81.7164, 174.9259) deg
[14:00:24.408] [info]   平移 XYZ: (0.1230, 0.0399, -0.0577) m
[14:00:24.438] [debug] [ManualAdjust] 旋转增量 RPY=(0.000, 0.000, 0.100)deg
[14:00:24.438] [info] [ManualAdjust] 当前外参 [lidar_0→cam_0]:
[14:00:24.438] [info]   旋转 RPY: (84.8181, 81.6168, 174.9886) deg
[14:00:24.438] [info]   平移 XYZ: (0.1230, 0.0399, -0.0577) m
[14:00:24.468] [debug] [ManualAdjust] 旋转增量 RPY=(0.000, 0.000, 0.100)deg
[14:00:24.468] [info] [ManualAdjust] 当前外参 [lidar_0→cam_0]:
[14:00:24.468] [info]   旋转 RPY: (84.8787, 81.5172, 175.0498) deg
[14:00:24.468] [info]   平移 XYZ: (0.1230, 0.0399, -0.0577) m
[14:00:24.498] [debug] [ManualAdjust] 旋转增量 RPY=(0.000, 0.000, 0.100)deg
[14:00:24.498] [info] [ManualAdjust] 当前外参 [lidar_0→cam_0]:
[14:00:24.498] [info]   旋转 RPY: (84.9378, 81.4176, 175.1097) deg
[14:00:24.498] [info]   平移 XYZ: (0.1230, 0.0399, -0.0577) m
[14:00:24.528] [debug] [ManualAdjust] 旋转增量 RPY=(0.000, 0.000, 0.100)deg
[14:00:24.528] [info] [ManualAdjust] 当前外参 [lidar_0→cam_0]:
[14:00:24.528] [info]   旋转 RPY: (84.9956, 81.3180, 175.1681) deg
[14:00:24.528] [info]   平移 XYZ: (0.1230, 0.0399, -0.0577) m
[14:00:24.558] [debug] [ManualAdjust] 旋转增量 RPY=(0.000, 0.000, 0.100)deg
[14:00:24.558] [info] [ManualAdjust] 当前外参 [lidar_0→cam_0]:
[14:00:24.558] [info]   旋转 RPY: (85.0521, 81.2184, 175.2252) deg
[14:00:24.558] [info]   平移 XYZ: (0.1230, 0.0399, -0.0577) m
[14:00:24.588] [debug] [ManualAdjust] 旋转增量 RPY=(0.000, 0.000, 0.100)deg
[14:00:24.588] [info] [ManualAdjust] 当前外参 [lidar_0→cam_0]:
[14:00:24.588] [info]   旋转 RPY: (85.1073, 81.1188, 175.2811) deg
[14:00:24.588] [info]   平移 XYZ: (0.1230, 0.0399, -0.0577) m
[14:00:24.618] [debug] [ManualAdjust] 旋转增量 RPY=(0.000, 0.000, 0.100)deg
[14:00:24.618] [info] [ManualAdjust] 当前外参 [lidar_0→cam_0]:
[14:00:24.618] [info]   旋转 RPY: (85.1613, 81.0191, 175.3357) deg
[14:00:24.618] [info]   平移 XYZ: (0.1230, 0.0399, -0.0577) m
[14:00:24.648] [debug] [ManualAdjust] 旋转增量 RPY=(0.000, 0.000, 0.100)deg
[14:00:24.648] [info] [ManualAdjust] 当前外参 [lidar_0→cam_0]:
[14:00:24.648] [info]   旋转 RPY: (85.2141, 80.9195, 175.3892) deg
[14:00:24.648] [info]   平移 XYZ: (0.1230, 0.0399, -0.0577) m
[14:00:24.678] [debug] [ManualAdjust] 旋转增量 RPY=(0.000, 0.000, 0.100)deg
[14:00:24.678] [info] [ManualAdjust] 当前外参 [lidar_0→cam_0]:
[14:00:24.678] [info]   旋转 RPY: (85.2657, 80.8198, 175.4415) deg
[14:00:24.678] [info]   平移 XYZ: (0.1230, 0.0399, -0.0577) m
[14:00:24.708] [debug] [ManualAdjust] 旋转增量 RPY=(0.000, 0.000, 0.100)deg
[14:00:24.708] [info] [ManualAdjust] 当前外参 [lidar_0→cam_0]:
[14:00:24.708] [info]   旋转 RPY: (85.3162, 80.7201, 175.4927) deg
[14:00:24.708] [info]   平移 XYZ: (0.1230, 0.0399, -0.0577) m
[14:00:24.738] [debug] [ManualAdjust] 旋转增量 RPY=(0.000, 0.000, 0.100)deg
[14:00:24.738] [info] [ManualAdjust] 当前外参 [lidar_0→cam_0]:
[14:00:24.738] [info]   旋转 RPY: (85.3657, 80.6205, 175.5428) deg
[14:00:24.738] [info]   平移 XYZ: (0.1230, 0.0399, -0.0577) m
[14:00:24.768] [debug] [ManualAdjust] 旋转增量 RPY=(0.000, 0.000, 0.100)deg
[14:00:24.768] [info] [ManualAdjust] 当前外参 [lidar_0→cam_0]:
[14:00:24.768] [info]   旋转 RPY: (85.4141, 80.5208, 175.5918) deg
[14:00:24.768] [info]   平移 XYZ: (0.1230, 0.0399, -0.0577) m
[14:00:24.798] [debug] [ManualAdjust] 旋转增量 RPY=(0.000, 0.000, 0.100)deg
[14:00:24.798] [info] [ManualAdjust] 当前外参 [lidar_0→cam_0]:
[14:00:24.798] [info]   旋转 RPY: (85.4615, 80.4211, 175.6399) deg
[14:00:24.798] [info]   平移 XYZ: (0.1230, 0.0399, -0.0577) m
[14:00:24.828] [debug] [ManualAdjust] 旋转增量 RPY=(0.000, 0.000, 0.100)deg
[14:00:24.828] [info] [ManualAdjust] 当前外参 [lidar_0→cam_0]:
[14:00:24.828] [info]   旋转 RPY: (85.5079, 80.3214, 175.6869) deg
[14:00:24.828] [info]   平移 XYZ: (0.1230, 0.0399, -0.0577) m
[14:00:24.858] [debug] [ManualAdjust] 旋转增量 RPY=(0.000, 0.000, 0.100)deg
[14:00:24.858] [info] [ManualAdjust] 当前外参 [lidar_0→cam_0]:
[14:00:24.858] [info]   旋转 RPY: (85.5533, 80.2217, 175.7331) deg
[14:00:24.858] [info]   平移 XYZ: (0.1230, 0.0399, -0.0577) m
[14:00:24.888] [debug] [ManualAdjust] 旋转增量 RPY=(0.000, 0.000, 0.100)deg
[14:00:24.888] [info] [ManualAdjust] 当前外参 [lidar_0→cam_0]:
[14:00:24.888] [info]   旋转 RPY: (85.5978, 80.1220, 175.7783) deg
[14:00:24.888] [info]   平移 XYZ: (0.1230, 0.0399, -0.0577) m
[14:00:24.918] [debug] [ManualAdjust] 旋转增量 RPY=(0.000, 0.000, 0.100)deg
[14:00:24.918] [info] [ManualAdjust] 当前外参 [lidar_0→cam_0]:
[14:00:24.918] [info]   旋转 RPY: (85.6415, 80.0223, 175.8226) deg
[14:00:24.918] [info]   平移 XYZ: (0.1230, 0.0399, -0.0577) m
[14:00:24.948] [debug] [ManualAdjust] 旋转增量 RPY=(0.000, 0.000, 0.100)deg
[14:00:24.948] [info] [ManualAdjust] 当前外参 [lidar_0→cam_0]:
[14:00:24.948] [info]   旋转 RPY: (85.6842, 79.9226, 175.8660) deg
[14:00:24.948] [info]   平移 XYZ: (0.1230, 0.0399, -0.0577) m
[14:00:24.978] [debug] [ManualAdjust] 旋转增量 RPY=(0.000, 0.000, 0.100)deg
[14:00:24.978] [info] [ManualAdjust] 当前外参 [lidar_0→cam_0]:
[14:00:24.978] [info]   旋转 RPY: (85.7262, 79.8229, 175.9086) deg
[14:00:24.978] [info]   平移 XYZ: (0.1230, 0.0399, -0.0577) m
[14:00:25.008] [debug] [ManualAdjust] 旋转增量 RPY=(0.000, 0.000, 0.100)deg
[14:00:25.008] [info] [ManualAdjust] 当前外参 [lidar_0→cam_0]:
[14:00:25.008] [info]   旋转 RPY: (85.7673, 79.7232, 175.9504) deg
[14:00:25.008] [info]   平移 XYZ: (0.1230, 0.0399, -0.0577) m
[14:00:25.039] [debug] [ManualAdjust] 旋转增量 RPY=(0.000, 0.000, 0.100)deg
[14:00:25.039] [info] [ManualAdjust] 当前外参 [lidar_0→cam_0]:
[14:00:25.039] [info]   旋转 RPY: (85.8076, 79.6234, 175.9913) deg
[14:00:25.039] [info]   平移 XYZ: (0.1230, 0.0399, -0.0577) m
[14:00:25.069] [debug] [ManualAdjust] 旋转增量 RPY=(0.000, 0.000, 0.100)deg
[14:00:25.069] [info] [ManualAdjust] 当前外参 [lidar_0→cam_0]:
[14:00:25.069] [info]   旋转 RPY: (85.8471, 79.5237, 176.0315) deg
[14:00:25.069] [info]   平移 XYZ: (0.1230, 0.0399, -0.0577) m
[14:00:25.099] [debug] [ManualAdjust] 旋转增量 RPY=(0.000, 0.000, 0.100)deg
[14:00:25.099] [info] [ManualAdjust] 当前外参 [lidar_0→cam_0]:
[14:00:25.099] [info]   旋转 RPY: (85.8859, 79.4240, 176.0710) deg
[14:00:25.099] [info]   平移 XYZ: (0.1230, 0.0399, -0.0577) m
[14:00:25.129] [debug] [ManualAdjust] 旋转增量 RPY=(0.000, 0.000, 0.100)deg
[14:00:25.129] [info] [ManualAdjust] 当前外参 [lidar_0→cam_0]:
[14:00:25.129] [info]   旋转 RPY: (85.9240, 79.3242, 176.1097) deg
[14:00:25.129] [info]   平移 XYZ: (0.1230, 0.0399, -0.0577) m
[14:00:25.159] [debug] [ManualAdjust] 旋转增量 RPY=(0.000, 0.000, 0.100)deg
[14:00:25.159] [info] [ManualAdjust] 当前外参 [lidar_0→cam_0]:
[14:00:25.159] [info]   旋转 RPY: (85.9613, 79.2245, 176.1477) deg
[14:00:25.159] [info]   平移 XYZ: (0.1230, 0.0399, -0.0577) m
[14:00:25.189] [debug] [ManualAdjust] 旋转增量 RPY=(0.000, 0.000, 0.100)deg
[14:00:25.189] [info] [ManualAdjust] 当前外参 [lidar_0→cam_0]:
[14:00:25.189] [info]   旋转 RPY: (85.9980, 79.1247, 176.1851) deg
[14:00:25.189] [info]   平移 XYZ: (0.1230, 0.0399, -0.0577) m
[14:00:25.220] [debug] [ManualAdjust] 旋转增量 RPY=(0.000, 0.000, 0.100)deg
[14:00:25.220] [info] [ManualAdjust] 当前外参 [lidar_0→cam_0]:
[14:00:25.220] [info]   旋转 RPY: (86.0340, 79.0250, 176.2217) deg
[14:00:25.220] [info]   平移 XYZ: (0.1230, 0.0399, -0.0577) m
[14:00:25.251] [debug] [ManualAdjust] 旋转增量 RPY=(0.000, 0.000, 0.100)deg
[14:00:25.251] [info] [ManualAdjust] 当前外参 [lidar_0→cam_0]:
[14:00:25.251] [info]   旋转 RPY: (86.0693, 78.9252, 176.2577) deg
[14:00:25.251] [info]   平移 XYZ: (0.1230, 0.0399, -0.0577) m
[14:00:25.280] [debug] [ManualAdjust] 旋转增量 RPY=(0.000, 0.000, 0.100)deg
[14:00:25.280] [info] [ManualAdjust] 当前外参 [lidar_0→cam_0]:
[14:00:25.280] [info]   旋转 RPY: (86.1041, 78.8254, 176.2931) deg
[14:00:25.280] [info]   平移 XYZ: (0.1230, 0.0399, -0.0577) m
[14:00:25.310] [debug] [ManualAdjust] 旋转增量 RPY=(0.000, 0.000, 0.100)deg
[14:00:25.310] [info] [ManualAdjust] 当前外参 [lidar_0→cam_0]:
[14:00:25.310] [info]   旋转 RPY: (86.1381, 78.7257, 176.3279) deg
[14:00:25.310] [info]   平移 XYZ: (0.1230, 0.0399, -0.0577) m
[14:00:25.341] [debug] [ManualAdjust] 旋转增量 RPY=(0.000, 0.000, 0.100)deg
[14:00:25.341] [info] [ManualAdjust] 当前外参 [lidar_0→cam_0]:
[14:00:25.341] [info]   旋转 RPY: (86.1716, 78.6259, 176.3620) deg
[14:00:25.341] [info]   平移 XYZ: (0.1230, 0.0399, -0.0577) m
[14:00:25.371] [debug] [ManualAdjust] 旋转增量 RPY=(0.000, 0.000, 0.100)deg
[14:00:25.371] [info] [ManualAdjust] 当前外参 [lidar_0→cam_0]:
[14:00:25.371] [info]   旋转 RPY: (86.2045, 78.5261, 176.3956) deg
[14:00:25.371] [info]   平移 XYZ: (0.1230, 0.0399, -0.0577) m
[14:00:25.402] [debug] [ManualAdjust] 旋转增量 RPY=(0.000, 0.000, 0.100)deg
[14:00:25.402] [info] [ManualAdjust] 当前外参 [lidar_0→cam_0]:
[14:00:25.402] [info]   旋转 RPY: (86.2369, 78.4263, 176.4286) deg
[14:00:25.402] [info]   平移 XYZ: (0.1230, 0.0399, -0.0577) m
[14:00:25.432] [debug] [ManualAdjust] 旋转增量 RPY=(0.000, 0.000, 0.100)deg
[14:00:25.432] [info] [ManualAdjust] 当前外参 [lidar_0→cam_0]:
[14:00:25.432] [info]   旋转 RPY: (86.2686, 78.3265, 176.4610) deg
[14:00:25.432] [info]   平移 XYZ: (0.1230, 0.0399, -0.0577) m
[14:00:25.462] [debug] [ManualAdjust] 旋转增量 RPY=(0.000, 0.000, 0.100)deg
[14:00:25.462] [info] [ManualAdjust] 当前外参 [lidar_0→cam_0]:
[14:00:25.462] [info]   旋转 RPY: (86.2999, 78.2267, 176.4929) deg
[14:00:25.462] [info]   平移 XYZ: (0.1230, 0.0399, -0.0577) m
[14:00:25.492] [debug] [ManualAdjust] 旋转增量 RPY=(0.000, 0.000, 0.100)deg
[14:00:25.492] [info] [ManualAdjust] 当前外参 [lidar_0→cam_0]:
[14:00:25.492] [info]   旋转 RPY: (86.3306, 78.1270, 176.5243) deg
[14:00:25.492] [info]   平移 XYZ: (0.1230, 0.0399, -0.0577) m
[14:00:25.689] [info] [ManualSession] 用户取消，保留自动标定结果
[14:00:25.689] [debug] [ManualSession] 事件: lidar_cam_end | final_rms=0.000000
[14:00:25.690] [info] [ManualSession] 会话已保存: ./results/manual_sessions/session_2026-04-27_13-58-48.yaml
[14:00:25.690] [info] ━━━━━━━━━━━━━━━━━━━━━━━━━━━━━━━━━━━━━━━━━
[14:00:25.690] [info] ■ 结束阶段: [Manual-Refine] 任务: [lidar_cam_extrin]
[14:00:25.690] [info]   结果: ✓ 成功 | 残差RMS: 0.0000 | 耗时: 96912 ms
[14:00:25.690] [info]   消息: LiDAR-Camera 手动调整完成
[14:00:25.690] [info] [CALC] 阶段结束 stage=Manual-Refine task=lidar_cam_extrin success=true residual_rms=0.000000 elapsed_ms=96912.5 threshold=-1.0000
[14:00:25.690] [info] ━━━━━━━━━━━━━━━━━━━━━━━━━━━━━━━━━━━━━━━━━
[14:00:25.690] [info] ====== Pipeline Report: pipeline_20260427_135615 ======
[14:00:25.691] [info]   Total time: 249876.7 ms
[14:00:25.691] [info]   All stages succeeded: YES
[14:00:25.691] [info]   标定质量: 各阶段 RMS 均在阈值内
[14:00:25.691] [info]   [Coarse-AI-lidar_cam_extrin] success=true rms=0.0000 time=0.0ms: 使用配置 initial_extrinsic 作为粗标定结果，精标定将以此起步
[14:00:25.691] [info]   [Fine-Auto-lidar_cam_extrin] success=true rms=0.0000 time=152964.3ms: LiDAR-Camera 精标定完成: 1 个相机, 最大 RMS=0.000000 px
[14:00:25.691] [info]   [Manual-Refine-lidar_cam_extrin] success=true rms=0.0000 time=96912.5ms: LiDAR-Camera 手动调整完成

╔══════════════════════════════════════════════════════╗
║              标定参数汇总                            ║
╠══════════════════════════════════════════════════════╣
║ 外参:
║   lidar_0->cam_0:
║     R(RPY°): [-58.87, -88.54, -31.01]
║     T(m):    [0.12, 0.04, -0.06]
║     时偏(s): 0.00
║     RMS:     0.00 ✗
╚══════════════════════════════════════════════════════╝

[14:00:25.692] [info] ================================
[14:00:25.693] [info] Pipeline report saved: ./results/pipeline_report_20260427_135615.yaml
[14:00:25.694] [info] ====== Pipeline Report: pipeline_20260427_135615 ======
[14:00:25.694] [info]   Total time: 249876.7 ms
[14:00:25.694] [info]   All stages succeeded: YES
[14:00:25.694] [info]   标定质量: 各阶段 RMS 均在阈值内
[14:00:25.694] [info]   [Coarse-AI-lidar_cam_extrin] success=true rms=0.0000 time=0.0ms: 使用配置 initial_extrinsic 作为粗标定结果，精标定将以此起步
[14:00:25.694] [info]   [Fine-Auto-lidar_cam_extrin] success=true rms=0.0000 time=152964.3ms: LiDAR-Camera 精标定完成: 1 个相机, 最大 RMS=0.000000 px
[14:00:25.694] [info]   [Manual-Refine-lidar_cam_extrin] success=true rms=0.0000 time=96912.5ms: LiDAR-Camera 手动调整完成

╔══════════════════════════════════════════════════════╗
║              标定参数汇总                            ║
╠══════════════════════════════════════════════════════╣
║ 外参:
║   lidar_0->cam_0:
║     R(RPY°): [-58.87, -88.54, -31.01]
║     T(m):    [0.12, 0.04, -0.06]
║     时偏(s): 0.00
║     RMS:     0.00 ✗
╚══════════════════════════════════════════════════════╝

[14:00:25.694] [info] ================================
[14:00:25.694] [info] ━━━━━━━━━━━━━━━━━━━━━━━━━━━━━━━━━━━━
[14:00:25.694] [info] LiDAR-Camera 标定流程完成
[14:00:25.694] [info] 结果目录: ./results
[14:00:25.694] [info] 标定流程正常退出 exit_code=0
[14:00:25.694] [info] ━━━━━━━━━━━━━━━━━━━━━━━━━━━━━━━━━━━━
