[0.078s] DEBUG:colcon:Command line arguments: ['/usr/bin/colcon', 'build', '--symlink-install', '--cmake-args', '-DCMAKE_BUILD_TYPE=Release', '-DUSE_THIRDPARTY_LIBS=ON', '-DUSE_VETA_STUB=ON', '-Dglm_DIR=/root/calib_ws/docker/deps/glm/cmake/glm']
[0.078s] DEBUG:colcon:Parsed command line arguments: Namespace(log_base=None, log_level=None, verb_name='build', build_base='build', install_base='install', merge_install=False, symlink_install=True, test_result_base=None, continue_on_error=False, executor='parallel', parallel_workers=28, event_handlers=None, ignore_user_meta=False, metas=['./colcon.meta'], base_paths=['.'], packages_ignore=None, packages_ignore_regex=None, paths=None, packages_up_to=None, packages_up_to_regex=None, packages_above=None, packages_above_and_dependencies=None, packages_above_depth=None, packages_select_by_dep=None, packages_skip_by_dep=None, packages_skip_up_to=None, packages_select_build_failed=False, packages_skip_build_finished=False, packages_select_test_failures=False, packages_skip_test_passed=False, packages_select=None, packages_skip=None, packages_select_regex=None, packages_skip_regex=None, packages_start=None, packages_end=None, cmake_args=['-DCMAKE_BUILD_TYPE=Release', '-DUSE_THIRDPARTY_LIBS=ON', '-DUSE_VETA_STUB=ON', '-Dglm_DIR=/root/calib_ws/docker/deps/glm/cmake/glm'], cmake_target=None, cmake_target_skip_unavailable=False, cmake_clean_cache=False, cmake_clean_first=False, cmake_force_configure=False, ament_cmake_args=None, catkin_cmake_args=None, catkin_skip_building_tests=False, mixin_files=None, mixin=None, verb_parser=<colcon_mixin.mixin.mixin_argument.MixinArgumentDecorator object at 0x71fbdb2c2050>, verb_extension=<colcon_core.verb.build.BuildVerb object at 0x71fbdb3b34f0>, main=<bound method BuildVerb.main of <colcon_core.verb.build.BuildVerb object at 0x71fbdb3b34f0>>, mixin_verb=('build',))
[0.115s] Level 1:colcon.colcon_core.package_discovery:discover_packages(colcon_meta) check parameters
[0.115s] Level 1:colcon.colcon_core.package_discovery:discover_packages(recursive) check parameters
[0.115s] Level 1:colcon.colcon_core.package_discovery:discover_packages(ignore) check parameters
[0.115s] Level 1:colcon.colcon_core.package_discovery:discover_packages(path) check parameters
[0.115s] Level 1:colcon.colcon_core.package_discovery:discover_packages(colcon_meta) discover
[0.115s] Level 1:colcon.colcon_core.package_discovery:discover_packages(recursive) discover
[0.115s] INFO:colcon.colcon_core.package_discovery:Crawling recursively for packages in '/root/calib_ws'
[0.115s] Level 1:colcon.colcon_core.package_identification:_identify(.) by extensions ['ignore', 'ignore_ament_install']
[0.115s] Level 1:colcon.colcon_core.package_identification:_identify(.) by extension 'ignore'
[0.115s] Level 1:colcon.colcon_core.package_identification:_identify(.) by extension 'ignore_ament_install'
[0.115s] Level 1:colcon.colcon_core.package_identification:_identify(.) by extensions ['colcon_pkg']
[0.115s] Level 1:colcon.colcon_core.package_identification:_identify(.) by extension 'colcon_pkg'
[0.115s] Level 1:colcon.colcon_core.package_identification:_identify(.) by extensions ['colcon_meta']
[0.115s] Level 1:colcon.colcon_core.package_identification:_identify(.) by extension 'colcon_meta'
[0.115s] Level 1:colcon.colcon_core.package_identification:_identify(.) by extensions ['ros']
[0.115s] Level 1:colcon.colcon_core.package_identification:_identify(.) by extension 'ros'
[0.123s] Level 1:colcon.colcon_core.package_identification:_identify(.) by extensions ['cmake', 'python']
[0.123s] Level 1:colcon.colcon_core.package_identification:_identify(.) by extension 'cmake'
[0.123s] Level 1:colcon.colcon_core.package_identification:_identify(.) by extension 'python'
[0.123s] Level 1:colcon.colcon_core.package_identification:_identify(.) by extensions ['python_setup_py']
[0.123s] Level 1:colcon.colcon_core.package_identification:_identify(.) by extension 'python_setup_py'
[0.123s] Level 1:colcon.colcon_core.package_identification:_identify(DM-Calib) by extensions ['ignore', 'ignore_ament_install']
[0.123s] Level 1:colcon.colcon_core.package_identification:_identify(DM-Calib) by extension 'ignore'
[0.123s] Level 1:colcon.colcon_core.package_identification:_identify(DM-Calib) by extension 'ignore_ament_install'
[0.123s] Level 1:colcon.colcon_core.package_identification:_identify(DM-Calib) by extensions ['colcon_pkg']
[0.123s] Level 1:colcon.colcon_core.package_identification:_identify(DM-Calib) by extension 'colcon_pkg'
[0.123s] Level 1:colcon.colcon_core.package_identification:_identify(DM-Calib) by extensions ['colcon_meta']
[0.123s] Level 1:colcon.colcon_core.package_identification:_identify(DM-Calib) by extension 'colcon_meta'
[0.123s] Level 1:colcon.colcon_core.package_identification:_identify(DM-Calib) by extensions ['ros']
[0.123s] Level 1:colcon.colcon_core.package_identification:_identify(DM-Calib) by extension 'ros'
[0.123s] Level 1:colcon.colcon_core.package_identification:_identify(DM-Calib) by extensions ['cmake', 'python']
[0.123s] Level 1:colcon.colcon_core.package_identification:_identify(DM-Calib) by extension 'cmake'
[0.123s] Level 1:colcon.colcon_core.package_identification:_identify(DM-Calib) by extension 'python'
[0.123s] Level 1:colcon.colcon_core.package_identification:_identify(DM-Calib) by extensions ['python_setup_py']
[0.123s] Level 1:colcon.colcon_core.package_identification:_identify(DM-Calib) by extension 'python_setup_py'
[0.123s] Level 1:colcon.colcon_core.package_identification:_identify(MIAS-LCEC) by extensions ['ignore', 'ignore_ament_install']
[0.123s] Level 1:colcon.colcon_core.package_identification:_identify(MIAS-LCEC) by extension 'ignore'
[0.123s] Level 1:colcon.colcon_core.package_identification:_identify(MIAS-LCEC) by extension 'ignore_ament_install'
[0.124s] Level 1:colcon.colcon_core.package_identification:_identify(MIAS-LCEC) by extensions ['colcon_pkg']
[0.124s] Level 1:colcon.colcon_core.package_identification:_identify(MIAS-LCEC) by extension 'colcon_pkg'
[0.124s] Level 1:colcon.colcon_core.package_identification:_identify(MIAS-LCEC) by extensions ['colcon_meta']
[0.124s] Level 1:colcon.colcon_core.package_identification:_identify(MIAS-LCEC) by extension 'colcon_meta'
[0.124s] Level 1:colcon.colcon_core.package_identification:_identify(MIAS-LCEC) by extensions ['ros']
[0.124s] Level 1:colcon.colcon_core.package_identification:_identify(MIAS-LCEC) by extension 'ros'
[0.124s] Level 1:colcon.colcon_core.package_identification:_identify(MIAS-LCEC) by extensions ['cmake', 'python']
[0.124s] Level 1:colcon.colcon_core.package_identification:_identify(MIAS-LCEC) by extension 'cmake'
[0.124s] Level 1:colcon.colcon_core.package_identification:_identify(MIAS-LCEC) by extension 'python'
[0.124s] Level 1:colcon.colcon_core.package_identification:_identify(MIAS-LCEC) by extensions ['python_setup_py']
[0.124s] Level 1:colcon.colcon_core.package_identification:_identify(MIAS-LCEC) by extension 'python_setup_py'
[0.124s] Level 1:colcon.colcon_core.package_identification:_identify(Transformer-IMU-Calibrator) by extensions ['ignore', 'ignore_ament_install']
[0.124s] Level 1:colcon.colcon_core.package_identification:_identify(Transformer-IMU-Calibrator) by extension 'ignore'
[0.124s] Level 1:colcon.colcon_core.package_identification:_identify(Transformer-IMU-Calibrator) by extension 'ignore_ament_install'
[0.124s] Level 1:colcon.colcon_core.package_identification:_identify(Transformer-IMU-Calibrator) by extensions ['colcon_pkg']
[0.124s] Level 1:colcon.colcon_core.package_identification:_identify(Transformer-IMU-Calibrator) by extension 'colcon_pkg'
[0.124s] Level 1:colcon.colcon_core.package_identification:_identify(Transformer-IMU-Calibrator) by extensions ['colcon_meta']
[0.124s] Level 1:colcon.colcon_core.package_identification:_identify(Transformer-IMU-Calibrator) by extension 'colcon_meta'
[0.124s] Level 1:colcon.colcon_core.package_identification:_identify(Transformer-IMU-Calibrator) by extensions ['ros']
[0.124s] Level 1:colcon.colcon_core.package_identification:_identify(Transformer-IMU-Calibrator) by extension 'ros'
[0.124s] Level 1:colcon.colcon_core.package_identification:_identify(Transformer-IMU-Calibrator) by extensions ['cmake', 'python']
[0.124s] Level 1:colcon.colcon_core.package_identification:_identify(Transformer-IMU-Calibrator) by extension 'cmake'
[0.124s] Level 1:colcon.colcon_core.package_identification:_identify(Transformer-IMU-Calibrator) by extension 'python'
[0.124s] Level 1:colcon.colcon_core.package_identification:_identify(Transformer-IMU-Calibrator) by extensions ['python_setup_py']
[0.124s] Level 1:colcon.colcon_core.package_identification:_identify(Transformer-IMU-Calibrator) by extension 'python_setup_py'
[0.124s] Level 1:colcon.colcon_core.package_identification:_identify(UniCalib) by extensions ['ignore', 'ignore_ament_install']
[0.124s] Level 1:colcon.colcon_core.package_identification:_identify(UniCalib) by extension 'ignore'
[0.124s] Level 1:colcon.colcon_core.package_identification:_identify(UniCalib) by extension 'ignore_ament_install'
[0.124s] Level 1:colcon.colcon_core.package_identification:_identify(UniCalib) by extensions ['colcon_pkg']
[0.124s] Level 1:colcon.colcon_core.package_identification:_identify(UniCalib) by extension 'colcon_pkg'
[0.124s] Level 1:colcon.colcon_core.package_identification:_identify(UniCalib) by extensions ['colcon_meta']
[0.124s] Level 1:colcon.colcon_core.package_identification:_identify(UniCalib) by extension 'colcon_meta'
[0.124s] Level 1:colcon.colcon_core.package_identification:_identify(UniCalib) by extensions ['ros']
[0.124s] Level 1:colcon.colcon_core.package_identification:_identify(UniCalib) by extension 'ros'
[0.126s] DEBUG:colcon.colcon_core.package_identification:Package 'UniCalib' with type 'ros.ament_python' and name 'unicalib'
[0.126s] Level 1:colcon.colcon_core.package_identification:_identify(build) by extensions ['ignore', 'ignore_ament_install']
[0.126s] Level 1:colcon.colcon_core.package_identification:_identify(build) by extension 'ignore'
[0.126s] Level 1:colcon.colcon_core.package_identification:_identify(build) ignored
[0.126s] Level 1:colcon.colcon_core.package_identification:_identify(calib_unified) by extensions ['ignore', 'ignore_ament_install']
[0.127s] Level 1:colcon.colcon_core.package_identification:_identify(calib_unified) by extension 'ignore'
[0.127s] Level 1:colcon.colcon_core.package_identification:_identify(calib_unified) by extension 'ignore_ament_install'
[0.127s] Level 1:colcon.colcon_core.package_identification:_identify(calib_unified) by extensions ['colcon_pkg']
[0.127s] Level 1:colcon.colcon_core.package_identification:_identify(calib_unified) by extension 'colcon_pkg'
[0.127s] Level 1:colcon.colcon_core.package_identification:_identify(calib_unified) by extensions ['colcon_meta']
[0.127s] Level 1:colcon.colcon_core.package_identification:_identify(calib_unified) by extension 'colcon_meta'
[0.127s] Level 1:colcon.colcon_core.package_identification:_identify(calib_unified) by extensions ['ros']
[0.127s] Level 1:colcon.colcon_core.package_identification:_identify(calib_unified) by extension 'ros'
[0.127s] Level 1:colcon.colcon_core.package_identification:_identify(calib_unified) by extensions ['cmake', 'python']
[0.127s] Level 1:colcon.colcon_core.package_identification:_identify(calib_unified) by extension 'cmake'
[0.216s] Level 1:colcon.colcon_core.package_identification:_identify(calib_unified) by extension 'python'
[0.216s] DEBUG:colcon.colcon_core.package_identification:Package 'calib_unified' with type 'cmake' and name 'UniCalib'
[0.217s] Level 1:colcon.colcon_core.package_identification:_identify(click_calib) by extensions ['ignore', 'ignore_ament_install']
[0.217s] Level 1:colcon.colcon_core.package_identification:_identify(click_calib) by extension 'ignore'
[0.217s] Level 1:colcon.colcon_core.package_identification:_identify(click_calib) by extension 'ignore_ament_install'
[0.217s] Level 1:colcon.colcon_core.package_identification:_identify(click_calib) by extensions ['colcon_pkg']
[0.217s] Level 1:colcon.colcon_core.package_identification:_identify(click_calib) by extension 'colcon_pkg'
[0.217s] Level 1:colcon.colcon_core.package_identification:_identify(click_calib) by extensions ['colcon_meta']
[0.217s] Level 1:colcon.colcon_core.package_identification:_identify(click_calib) by extension 'colcon_meta'
[0.217s] Level 1:colcon.colcon_core.package_identification:_identify(click_calib) by extensions ['ros']
[0.217s] Level 1:colcon.colcon_core.package_identification:_identify(click_calib) by extension 'ros'
[0.217s] Level 1:colcon.colcon_core.package_identification:_identify(click_calib) by extensions ['cmake', 'python']
[0.217s] Level 1:colcon.colcon_core.package_identification:_identify(click_calib) by extension 'cmake'
[0.217s] Level 1:colcon.colcon_core.package_identification:_identify(click_calib) by extension 'python'
[0.217s] Level 1:colcon.colcon_core.package_identification:_identify(click_calib) by extensions ['python_setup_py']
[0.217s] Level 1:colcon.colcon_core.package_identification:_identify(click_calib) by extension 'python_setup_py'
[0.217s] Level 1:colcon.colcon_core.package_identification:_identify(config) by extensions ['ignore', 'ignore_ament_install']
[0.217s] Level 1:colcon.colcon_core.package_identification:_identify(config) by extension 'ignore'
[0.217s] Level 1:colcon.colcon_core.package_identification:_identify(config) by extension 'ignore_ament_install'
[0.217s] Level 1:colcon.colcon_core.package_identification:_identify(config) by extensions ['colcon_pkg']
[0.217s] Level 1:colcon.colcon_core.package_identification:_identify(config) by extension 'colcon_pkg'
[0.217s] Level 1:colcon.colcon_core.package_identification:_identify(config) by extensions ['colcon_meta']
[0.217s] Level 1:colcon.colcon_core.package_identification:_identify(config) by extension 'colcon_meta'
[0.217s] Level 1:colcon.colcon_core.package_identification:_identify(config) by extensions ['ros']
[0.217s] Level 1:colcon.colcon_core.package_identification:_identify(config) by extension 'ros'
[0.217s] Level 1:colcon.colcon_core.package_identification:_identify(config) by extensions ['cmake', 'python']
[0.217s] Level 1:colcon.colcon_core.package_identification:_identify(config) by extension 'cmake'
[0.217s] Level 1:colcon.colcon_core.package_identification:_identify(config) by extension 'python'
[0.217s] Level 1:colcon.colcon_core.package_identification:_identify(config) by extensions ['python_setup_py']
[0.217s] Level 1:colcon.colcon_core.package_identification:_identify(config) by extension 'python_setup_py'
[0.217s] Level 1:colcon.colcon_core.package_identification:_identify(data) by extensions ['ignore', 'ignore_ament_install']
[0.217s] Level 1:colcon.colcon_core.package_identification:_identify(data) by extension 'ignore'
[0.217s] Level 1:colcon.colcon_core.package_identification:_identify(data) by extension 'ignore_ament_install'
[0.217s] Level 1:colcon.colcon_core.package_identification:_identify(data) by extensions ['colcon_pkg']
[0.217s] Level 1:colcon.colcon_core.package_identification:_identify(data) by extension 'colcon_pkg'
[0.217s] Level 1:colcon.colcon_core.package_identification:_identify(data) by extensions ['colcon_meta']
[0.217s] Level 1:colcon.colcon_core.package_identification:_identify(data) by extension 'colcon_meta'
[0.217s] Level 1:colcon.colcon_core.package_identification:_identify(data) by extensions ['ros']
[0.217s] Level 1:colcon.colcon_core.package_identification:_identify(data) by extension 'ros'
[0.217s] Level 1:colcon.colcon_core.package_identification:_identify(data) by extensions ['cmake', 'python']
[0.217s] Level 1:colcon.colcon_core.package_identification:_identify(data) by extension 'cmake'
[0.217s] Level 1:colcon.colcon_core.package_identification:_identify(data) by extension 'python'
[0.217s] Level 1:colcon.colcon_core.package_identification:_identify(data) by extensions ['python_setup_py']
[0.217s] Level 1:colcon.colcon_core.package_identification:_identify(data) by extension 'python_setup_py'
[0.218s] Level 1:colcon.colcon_core.package_identification:_identify(data/Image) by extensions ['ignore', 'ignore_ament_install']
[0.218s] Level 1:colcon.colcon_core.package_identification:_identify(data/Image) by extension 'ignore'
[0.218s] Level 1:colcon.colcon_core.package_identification:_identify(data/Image) by extension 'ignore_ament_install'
[0.218s] Level 1:colcon.colcon_core.package_identification:_identify(data/Image) by extensions ['colcon_pkg']
[0.218s] Level 1:colcon.colcon_core.package_identification:_identify(data/Image) by extension 'colcon_pkg'
[0.218s] Level 1:colcon.colcon_core.package_identification:_identify(data/Image) by extensions ['colcon_meta']
[0.218s] Level 1:colcon.colcon_core.package_identification:_identify(data/Image) by extension 'colcon_meta'
[0.218s] Level 1:colcon.colcon_core.package_identification:_identify(data/Image) by extensions ['ros']
[0.218s] Level 1:colcon.colcon_core.package_identification:_identify(data/Image) by extension 'ros'
[0.218s] Level 1:colcon.colcon_core.package_identification:_identify(data/Image) by extensions ['cmake', 'python']
[0.218s] Level 1:colcon.colcon_core.package_identification:_identify(data/Image) by extension 'cmake'
[0.218s] Level 1:colcon.colcon_core.package_identification:_identify(data/Image) by extension 'python'
[0.218s] Level 1:colcon.colcon_core.package_identification:_identify(data/Image) by extensions ['python_setup_py']
[0.218s] Level 1:colcon.colcon_core.package_identification:_identify(data/Image) by extension 'python_setup_py'
[0.218s] Level 1:colcon.colcon_core.package_identification:_identify(data/Image/img0) by extensions ['ignore', 'ignore_ament_install']
[0.218s] Level 1:colcon.colcon_core.package_identification:_identify(data/Image/img0) by extension 'ignore'
[0.218s] Level 1:colcon.colcon_core.package_identification:_identify(data/Image/img0) by extension 'ignore_ament_install'
[0.218s] Level 1:colcon.colcon_core.package_identification:_identify(data/Image/img0) by extensions ['colcon_pkg']
[0.218s] Level 1:colcon.colcon_core.package_identification:_identify(data/Image/img0) by extension 'colcon_pkg'
[0.218s] Level 1:colcon.colcon_core.package_identification:_identify(data/Image/img0) by extensions ['colcon_meta']
[0.218s] Level 1:colcon.colcon_core.package_identification:_identify(data/Image/img0) by extension 'colcon_meta'
[0.218s] Level 1:colcon.colcon_core.package_identification:_identify(data/Image/img0) by extensions ['ros']
[0.218s] Level 1:colcon.colcon_core.package_identification:_identify(data/Image/img0) by extension 'ros'
[0.218s] Level 1:colcon.colcon_core.package_identification:_identify(data/Image/img0) by extensions ['cmake', 'python']
[0.218s] Level 1:colcon.colcon_core.package_identification:_identify(data/Image/img0) by extension 'cmake'
[0.218s] Level 1:colcon.colcon_core.package_identification:_identify(data/Image/img0) by extension 'python'
[0.218s] Level 1:colcon.colcon_core.package_identification:_identify(data/Image/img0) by extensions ['python_setup_py']
[0.218s] Level 1:colcon.colcon_core.package_identification:_identify(data/Image/img0) by extension 'python_setup_py'
[0.218s] Level 1:colcon.colcon_core.package_identification:_identify(data/Image/img0/data) by extensions ['ignore', 'ignore_ament_install']
[0.219s] Level 1:colcon.colcon_core.package_identification:_identify(data/Image/img0/data) by extension 'ignore'
[0.219s] Level 1:colcon.colcon_core.package_identification:_identify(data/Image/img0/data) by extension 'ignore_ament_install'
[0.219s] Level 1:colcon.colcon_core.package_identification:_identify(data/Image/img0/data) by extensions ['colcon_pkg']
[0.219s] Level 1:colcon.colcon_core.package_identification:_identify(data/Image/img0/data) by extension 'colcon_pkg'
[0.219s] Level 1:colcon.colcon_core.package_identification:_identify(data/Image/img0/data) by extensions ['colcon_meta']
[0.219s] Level 1:colcon.colcon_core.package_identification:_identify(data/Image/img0/data) by extension 'colcon_meta'
[0.219s] Level 1:colcon.colcon_core.package_identification:_identify(data/Image/img0/data) by extensions ['ros']
[0.219s] Level 1:colcon.colcon_core.package_identification:_identify(data/Image/img0/data) by extension 'ros'
[0.219s] Level 1:colcon.colcon_core.package_identification:_identify(data/Image/img0/data) by extensions ['cmake', 'python']
[0.219s] Level 1:colcon.colcon_core.package_identification:_identify(data/Image/img0/data) by extension 'cmake'
[0.219s] Level 1:colcon.colcon_core.package_identification:_identify(data/Image/img0/data) by extension 'python'
[0.219s] Level 1:colcon.colcon_core.package_identification:_identify(data/Image/img0/data) by extensions ['python_setup_py']
[0.219s] Level 1:colcon.colcon_core.package_identification:_identify(data/Image/img0/data) by extension 'python_setup_py'
[0.219s] Level 1:colcon.colcon_core.package_identification:_identify(data/Koide) by extensions ['ignore', 'ignore_ament_install']
[0.219s] Level 1:colcon.colcon_core.package_identification:_identify(data/Koide) by extension 'ignore'
[0.219s] Level 1:colcon.colcon_core.package_identification:_identify(data/Koide) by extension 'ignore_ament_install'
[0.219s] Level 1:colcon.colcon_core.package_identification:_identify(data/Koide) by extensions ['colcon_pkg']
[0.219s] Level 1:colcon.colcon_core.package_identification:_identify(data/Koide) by extension 'colcon_pkg'
[0.219s] Level 1:colcon.colcon_core.package_identification:_identify(data/Koide) by extensions ['colcon_meta']
[0.219s] Level 1:colcon.colcon_core.package_identification:_identify(data/Koide) by extension 'colcon_meta'
[0.219s] Level 1:colcon.colcon_core.package_identification:_identify(data/Koide) by extensions ['ros']
[0.219s] Level 1:colcon.colcon_core.package_identification:_identify(data/Koide) by extension 'ros'
[0.219s] Level 1:colcon.colcon_core.package_identification:_identify(data/Koide) by extensions ['cmake', 'python']
[0.219s] Level 1:colcon.colcon_core.package_identification:_identify(data/Koide) by extension 'cmake'
[0.219s] Level 1:colcon.colcon_core.package_identification:_identify(data/Koide) by extension 'python'
[0.219s] Level 1:colcon.colcon_core.package_identification:_identify(data/Koide) by extensions ['python_setup_py']
[0.219s] Level 1:colcon.colcon_core.package_identification:_identify(data/Koide) by extension 'python_setup_py'
[0.219s] Level 1:colcon.colcon_core.package_identification:_identify(data/Koide/faro) by extensions ['ignore', 'ignore_ament_install']
[0.219s] Level 1:colcon.colcon_core.package_identification:_identify(data/Koide/faro) by extension 'ignore'
[0.219s] Level 1:colcon.colcon_core.package_identification:_identify(data/Koide/faro) by extension 'ignore_ament_install'
[0.219s] Level 1:colcon.colcon_core.package_identification:_identify(data/Koide/faro) by extensions ['colcon_pkg']
[0.219s] Level 1:colcon.colcon_core.package_identification:_identify(data/Koide/faro) by extension 'colcon_pkg'
[0.219s] Level 1:colcon.colcon_core.package_identification:_identify(data/Koide/faro) by extensions ['colcon_meta']
[0.219s] Level 1:colcon.colcon_core.package_identification:_identify(data/Koide/faro) by extension 'colcon_meta'
[0.219s] Level 1:colcon.colcon_core.package_identification:_identify(data/Koide/faro) by extensions ['ros']
[0.219s] Level 1:colcon.colcon_core.package_identification:_identify(data/Koide/faro) by extension 'ros'
[0.220s] Level 1:colcon.colcon_core.package_identification:_identify(data/Koide/faro) by extensions ['cmake', 'python']
[0.220s] Level 1:colcon.colcon_core.package_identification:_identify(data/Koide/faro) by extension 'cmake'
[0.220s] Level 1:colcon.colcon_core.package_identification:_identify(data/Koide/faro) by extension 'python'
[0.220s] Level 1:colcon.colcon_core.package_identification:_identify(data/Koide/faro) by extensions ['python_setup_py']
[0.220s] Level 1:colcon.colcon_core.package_identification:_identify(data/Koide/faro) by extension 'python_setup_py'
[0.220s] Level 1:colcon.colcon_core.package_identification:_identify(data/Koide/livox) by extensions ['ignore', 'ignore_ament_install']
[0.220s] Level 1:colcon.colcon_core.package_identification:_identify(data/Koide/livox) by extension 'ignore'
[0.220s] Level 1:colcon.colcon_core.package_identification:_identify(data/Koide/livox) by extension 'ignore_ament_install'
[0.220s] Level 1:colcon.colcon_core.package_identification:_identify(data/Koide/livox) by extensions ['colcon_pkg']
[0.220s] Level 1:colcon.colcon_core.package_identification:_identify(data/Koide/livox) by extension 'colcon_pkg'
[0.220s] Level 1:colcon.colcon_core.package_identification:_identify(data/Koide/livox) by extensions ['colcon_meta']
[0.220s] Level 1:colcon.colcon_core.package_identification:_identify(data/Koide/livox) by extension 'colcon_meta'
[0.220s] Level 1:colcon.colcon_core.package_identification:_identify(data/Koide/livox) by extensions ['ros']
[0.220s] Level 1:colcon.colcon_core.package_identification:_identify(data/Koide/livox) by extension 'ros'
[0.220s] Level 1:colcon.colcon_core.package_identification:_identify(data/Koide/livox) by extensions ['cmake', 'python']
[0.220s] Level 1:colcon.colcon_core.package_identification:_identify(data/Koide/livox) by extension 'cmake'
[0.220s] Level 1:colcon.colcon_core.package_identification:_identify(data/Koide/livox) by extension 'python'
[0.220s] Level 1:colcon.colcon_core.package_identification:_identify(data/Koide/livox) by extensions ['python_setup_py']
[0.220s] Level 1:colcon.colcon_core.package_identification:_identify(data/Koide/livox) by extension 'python_setup_py'
[0.220s] Level 1:colcon.colcon_core.package_identification:_identify(data/Koide/livox/lidar.yaml) by extensions ['ignore', 'ignore_ament_install']
[0.220s] Level 1:colcon.colcon_core.package_identification:_identify(data/Koide/livox/lidar.yaml) by extension 'ignore'
[0.220s] Level 1:colcon.colcon_core.package_identification:_identify(data/Koide/livox/lidar.yaml) by extension 'ignore_ament_install'
[0.220s] Level 1:colcon.colcon_core.package_identification:_identify(data/Koide/livox/lidar.yaml) by extensions ['colcon_pkg']
[0.220s] Level 1:colcon.colcon_core.package_identification:_identify(data/Koide/livox/lidar.yaml) by extension 'colcon_pkg'
[0.220s] Level 1:colcon.colcon_core.package_identification:_identify(data/Koide/livox/lidar.yaml) by extensions ['colcon_meta']
[0.220s] Level 1:colcon.colcon_core.package_identification:_identify(data/Koide/livox/lidar.yaml) by extension 'colcon_meta'
[0.220s] Level 1:colcon.colcon_core.package_identification:_identify(data/Koide/livox/lidar.yaml) by extensions ['ros']
[0.220s] Level 1:colcon.colcon_core.package_identification:_identify(data/Koide/livox/lidar.yaml) by extension 'ros'
[0.221s] Level 1:colcon.colcon_core.package_identification:_identify(data/Koide/livox/lidar.yaml) by extensions ['cmake', 'python']
[0.221s] Level 1:colcon.colcon_core.package_identification:_identify(data/Koide/livox/lidar.yaml) by extension 'cmake'
[0.221s] Level 1:colcon.colcon_core.package_identification:_identify(data/Koide/livox/lidar.yaml) by extension 'python'
[0.221s] Level 1:colcon.colcon_core.package_identification:_identify(data/Koide/livox/lidar.yaml) by extensions ['python_setup_py']
[0.221s] Level 1:colcon.colcon_core.package_identification:_identify(data/Koide/livox/lidar.yaml) by extension 'python_setup_py'
[0.221s] Level 1:colcon.colcon_core.package_identification:_identify(data/Koide/livox/rosbag2_2023_03_09-13_42_46) by extensions ['ignore', 'ignore_ament_install']
[0.221s] Level 1:colcon.colcon_core.package_identification:_identify(data/Koide/livox/rosbag2_2023_03_09-13_42_46) by extension 'ignore'
[0.221s] Level 1:colcon.colcon_core.package_identification:_identify(data/Koide/livox/rosbag2_2023_03_09-13_42_46) by extension 'ignore_ament_install'
[0.221s] Level 1:colcon.colcon_core.package_identification:_identify(data/Koide/livox/rosbag2_2023_03_09-13_42_46) by extensions ['colcon_pkg']
[0.221s] Level 1:colcon.colcon_core.package_identification:_identify(data/Koide/livox/rosbag2_2023_03_09-13_42_46) by extension 'colcon_pkg'
[0.221s] Level 1:colcon.colcon_core.package_identification:_identify(data/Koide/livox/rosbag2_2023_03_09-13_42_46) by extensions ['colcon_meta']
[0.221s] Level 1:colcon.colcon_core.package_identification:_identify(data/Koide/livox/rosbag2_2023_03_09-13_42_46) by extension 'colcon_meta'
[0.221s] Level 1:colcon.colcon_core.package_identification:_identify(data/Koide/livox/rosbag2_2023_03_09-13_42_46) by extensions ['ros']
[0.221s] Level 1:colcon.colcon_core.package_identification:_identify(data/Koide/livox/rosbag2_2023_03_09-13_42_46) by extension 'ros'
[0.221s] Level 1:colcon.colcon_core.package_identification:_identify(data/Koide/livox/rosbag2_2023_03_09-13_42_46) by extensions ['cmake', 'python']
[0.221s] Level 1:colcon.colcon_core.package_identification:_identify(data/Koide/livox/rosbag2_2023_03_09-13_42_46) by extension 'cmake'
[0.221s] Level 1:colcon.colcon_core.package_identification:_identify(data/Koide/livox/rosbag2_2023_03_09-13_42_46) by extension 'python'
[0.221s] Level 1:colcon.colcon_core.package_identification:_identify(data/Koide/livox/rosbag2_2023_03_09-13_42_46) by extensions ['python_setup_py']
[0.221s] Level 1:colcon.colcon_core.package_identification:_identify(data/Koide/livox/rosbag2_2023_03_09-13_42_46) by extension 'python_setup_py'
[0.221s] Level 1:colcon.colcon_core.package_identification:_identify(data/Koide/livox/rosbag2_2023_03_09-13_44_10) by extensions ['ignore', 'ignore_ament_install']
[0.221s] Level 1:colcon.colcon_core.package_identification:_identify(data/Koide/livox/rosbag2_2023_03_09-13_44_10) by extension 'ignore'
[0.221s] Level 1:colcon.colcon_core.package_identification:_identify(data/Koide/livox/rosbag2_2023_03_09-13_44_10) by extension 'ignore_ament_install'
[0.221s] Level 1:colcon.colcon_core.package_identification:_identify(data/Koide/livox/rosbag2_2023_03_09-13_44_10) by extensions ['colcon_pkg']
[0.221s] Level 1:colcon.colcon_core.package_identification:_identify(data/Koide/livox/rosbag2_2023_03_09-13_44_10) by extension 'colcon_pkg'
[0.221s] Level 1:colcon.colcon_core.package_identification:_identify(data/Koide/livox/rosbag2_2023_03_09-13_44_10) by extensions ['colcon_meta']
[0.221s] Level 1:colcon.colcon_core.package_identification:_identify(data/Koide/livox/rosbag2_2023_03_09-13_44_10) by extension 'colcon_meta'
[0.221s] Level 1:colcon.colcon_core.package_identification:_identify(data/Koide/livox/rosbag2_2023_03_09-13_44_10) by extensions ['ros']
[0.221s] Level 1:colcon.colcon_core.package_identification:_identify(data/Koide/livox/rosbag2_2023_03_09-13_44_10) by extension 'ros'
[0.222s] Level 1:colcon.colcon_core.package_identification:_identify(data/Koide/livox/rosbag2_2023_03_09-13_44_10) by extensions ['cmake', 'python']
[0.222s] Level 1:colcon.colcon_core.package_identification:_identify(data/Koide/livox/rosbag2_2023_03_09-13_44_10) by extension 'cmake'
[0.222s] Level 1:colcon.colcon_core.package_identification:_identify(data/Koide/livox/rosbag2_2023_03_09-13_44_10) by extension 'python'
[0.222s] Level 1:colcon.colcon_core.package_identification:_identify(data/Koide/livox/rosbag2_2023_03_09-13_44_10) by extensions ['python_setup_py']
[0.222s] Level 1:colcon.colcon_core.package_identification:_identify(data/Koide/livox/rosbag2_2023_03_09-13_44_10) by extension 'python_setup_py'
[0.222s] Level 1:colcon.colcon_core.package_identification:_identify(data/Koide/livox/rosbag2_2023_03_09-13_44_54) by extensions ['ignore', 'ignore_ament_install']
[0.222s] Level 1:colcon.colcon_core.package_identification:_identify(data/Koide/livox/rosbag2_2023_03_09-13_44_54) by extension 'ignore'
[0.222s] Level 1:colcon.colcon_core.package_identification:_identify(data/Koide/livox/rosbag2_2023_03_09-13_44_54) by extension 'ignore_ament_install'
[0.222s] Level 1:colcon.colcon_core.package_identification:_identify(data/Koide/livox/rosbag2_2023_03_09-13_44_54) by extensions ['colcon_pkg']
[0.222s] Level 1:colcon.colcon_core.package_identification:_identify(data/Koide/livox/rosbag2_2023_03_09-13_44_54) by extension 'colcon_pkg'
[0.222s] Level 1:colcon.colcon_core.package_identification:_identify(data/Koide/livox/rosbag2_2023_03_09-13_44_54) by extensions ['colcon_meta']
[0.222s] Level 1:colcon.colcon_core.package_identification:_identify(data/Koide/livox/rosbag2_2023_03_09-13_44_54) by extension 'colcon_meta'
[0.222s] Level 1:colcon.colcon_core.package_identification:_identify(data/Koide/livox/rosbag2_2023_03_09-13_44_54) by extensions ['ros']
[0.222s] Level 1:colcon.colcon_core.package_identification:_identify(data/Koide/livox/rosbag2_2023_03_09-13_44_54) by extension 'ros'
[0.222s] Level 1:colcon.colcon_core.package_identification:_identify(data/Koide/livox/rosbag2_2023_03_09-13_44_54) by extensions ['cmake', 'python']
[0.222s] Level 1:colcon.colcon_core.package_identification:_identify(data/Koide/livox/rosbag2_2023_03_09-13_44_54) by extension 'cmake'
[0.222s] Level 1:colcon.colcon_core.package_identification:_identify(data/Koide/livox/rosbag2_2023_03_09-13_44_54) by extension 'python'
[0.222s] Level 1:colcon.colcon_core.package_identification:_identify(data/Koide/livox/rosbag2_2023_03_09-13_44_54) by extensions ['python_setup_py']
[0.222s] Level 1:colcon.colcon_core.package_identification:_identify(data/Koide/livox/rosbag2_2023_03_09-13_44_54) by extension 'python_setup_py'
[0.222s] Level 1:colcon.colcon_core.package_identification:_identify(data/Koide/livox/rosbag2_2023_03_09-13_46_10) by extensions ['ignore', 'ignore_ament_install']
[0.222s] Level 1:colcon.colcon_core.package_identification:_identify(data/Koide/livox/rosbag2_2023_03_09-13_46_10) by extension 'ignore'
[0.222s] Level 1:colcon.colcon_core.package_identification:_identify(data/Koide/livox/rosbag2_2023_03_09-13_46_10) by extension 'ignore_ament_install'
[0.222s] Level 1:colcon.colcon_core.package_identification:_identify(data/Koide/livox/rosbag2_2023_03_09-13_46_10) by extensions ['colcon_pkg']
[0.222s] Level 1:colcon.colcon_core.package_identification:_identify(data/Koide/livox/rosbag2_2023_03_09-13_46_10) by extension 'colcon_pkg'
[0.222s] Level 1:colcon.colcon_core.package_identification:_identify(data/Koide/livox/rosbag2_2023_03_09-13_46_10) by extensions ['colcon_meta']
[0.222s] Level 1:colcon.colcon_core.package_identification:_identify(data/Koide/livox/rosbag2_2023_03_09-13_46_10) by extension 'colcon_meta'
[0.222s] Level 1:colcon.colcon_core.package_identification:_identify(data/Koide/livox/rosbag2_2023_03_09-13_46_10) by extensions ['ros']
[0.222s] Level 1:colcon.colcon_core.package_identification:_identify(data/Koide/livox/rosbag2_2023_03_09-13_46_10) by extension 'ros'
[0.223s] Level 1:colcon.colcon_core.package_identification:_identify(data/Koide/livox/rosbag2_2023_03_09-13_46_10) by extensions ['cmake', 'python']
[0.223s] Level 1:colcon.colcon_core.package_identification:_identify(data/Koide/livox/rosbag2_2023_03_09-13_46_10) by extension 'cmake'
[0.223s] Level 1:colcon.colcon_core.package_identification:_identify(data/Koide/livox/rosbag2_2023_03_09-13_46_10) by extension 'python'
[0.223s] Level 1:colcon.colcon_core.package_identification:_identify(data/Koide/livox/rosbag2_2023_03_09-13_46_10) by extensions ['python_setup_py']
[0.223s] Level 1:colcon.colcon_core.package_identification:_identify(data/Koide/livox/rosbag2_2023_03_09-13_46_10) by extension 'python_setup_py'
[0.223s] Level 1:colcon.colcon_core.package_identification:_identify(data/Koide/livox/rosbag2_2023_03_09-13_46_54) by extensions ['ignore', 'ignore_ament_install']
[0.223s] Level 1:colcon.colcon_core.package_identification:_identify(data/Koide/livox/rosbag2_2023_03_09-13_46_54) by extension 'ignore'
[0.223s] Level 1:colcon.colcon_core.package_identification:_identify(data/Koide/livox/rosbag2_2023_03_09-13_46_54) by extension 'ignore_ament_install'
[0.223s] Level 1:colcon.colcon_core.package_identification:_identify(data/Koide/livox/rosbag2_2023_03_09-13_46_54) by extensions ['colcon_pkg']
[0.223s] Level 1:colcon.colcon_core.package_identification:_identify(data/Koide/livox/rosbag2_2023_03_09-13_46_54) by extension 'colcon_pkg'
[0.223s] Level 1:colcon.colcon_core.package_identification:_identify(data/Koide/livox/rosbag2_2023_03_09-13_46_54) by extensions ['colcon_meta']
[0.223s] Level 1:colcon.colcon_core.package_identification:_identify(data/Koide/livox/rosbag2_2023_03_09-13_46_54) by extension 'colcon_meta'
[0.223s] Level 1:colcon.colcon_core.package_identification:_identify(data/Koide/livox/rosbag2_2023_03_09-13_46_54) by extensions ['ros']
[0.223s] Level 1:colcon.colcon_core.package_identification:_identify(data/Koide/livox/rosbag2_2023_03_09-13_46_54) by extension 'ros'
[0.223s] Level 1:colcon.colcon_core.package_identification:_identify(data/Koide/livox/rosbag2_2023_03_09-13_46_54) by extensions ['cmake', 'python']
[0.223s] Level 1:colcon.colcon_core.package_identification:_identify(data/Koide/livox/rosbag2_2023_03_09-13_46_54) by extension 'cmake'
[0.223s] Level 1:colcon.colcon_core.package_identification:_identify(data/Koide/livox/rosbag2_2023_03_09-13_46_54) by extension 'python'
[0.223s] Level 1:colcon.colcon_core.package_identification:_identify(data/Koide/livox/rosbag2_2023_03_09-13_46_54) by extensions ['python_setup_py']
[0.223s] Level 1:colcon.colcon_core.package_identification:_identify(data/Koide/livox/rosbag2_2023_03_09-13_46_54) by extension 'python_setup_py'
[0.223s] Level 1:colcon.colcon_core.package_identification:_identify(data/Koide/ouster) by extensions ['ignore', 'ignore_ament_install']
[0.223s] Level 1:colcon.colcon_core.package_identification:_identify(data/Koide/ouster) by extension 'ignore'
[0.223s] Level 1:colcon.colcon_core.package_identification:_identify(data/Koide/ouster) by extension 'ignore_ament_install'
[0.223s] Level 1:colcon.colcon_core.package_identification:_identify(data/Koide/ouster) by extensions ['colcon_pkg']
[0.223s] Level 1:colcon.colcon_core.package_identification:_identify(data/Koide/ouster) by extension 'colcon_pkg'
[0.223s] Level 1:colcon.colcon_core.package_identification:_identify(data/Koide/ouster) by extensions ['colcon_meta']
[0.223s] Level 1:colcon.colcon_core.package_identification:_identify(data/Koide/ouster) by extension 'colcon_meta'
[0.223s] Level 1:colcon.colcon_core.package_identification:_identify(data/Koide/ouster) by extensions ['ros']
[0.223s] Level 1:colcon.colcon_core.package_identification:_identify(data/Koide/ouster) by extension 'ros'
[0.223s] Level 1:colcon.colcon_core.package_identification:_identify(data/Koide/ouster) by extensions ['cmake', 'python']
[0.223s] Level 1:colcon.colcon_core.package_identification:_identify(data/Koide/ouster) by extension 'cmake'
[0.223s] Level 1:colcon.colcon_core.package_identification:_identify(data/Koide/ouster) by extension 'python'
[0.223s] Level 1:colcon.colcon_core.package_identification:_identify(data/Koide/ouster) by extensions ['python_setup_py']
[0.223s] Level 1:colcon.colcon_core.package_identification:_identify(data/Koide/ouster) by extension 'python_setup_py'
[0.224s] Level 1:colcon.colcon_core.package_identification:_identify(data/Koide/ouster/rosbag2_2023_03_28-16_25_54) by extensions ['ignore', 'ignore_ament_install']
[0.224s] Level 1:colcon.colcon_core.package_identification:_identify(data/Koide/ouster/rosbag2_2023_03_28-16_25_54) by extension 'ignore'
[0.224s] Level 1:colcon.colcon_core.package_identification:_identify(data/Koide/ouster/rosbag2_2023_03_28-16_25_54) by extension 'ignore_ament_install'
[0.224s] Level 1:colcon.colcon_core.package_identification:_identify(data/Koide/ouster/rosbag2_2023_03_28-16_25_54) by extensions ['colcon_pkg']
[0.224s] Level 1:colcon.colcon_core.package_identification:_identify(data/Koide/ouster/rosbag2_2023_03_28-16_25_54) by extension 'colcon_pkg'
[0.224s] Level 1:colcon.colcon_core.package_identification:_identify(data/Koide/ouster/rosbag2_2023_03_28-16_25_54) by extensions ['colcon_meta']
[0.224s] Level 1:colcon.colcon_core.package_identification:_identify(data/Koide/ouster/rosbag2_2023_03_28-16_25_54) by extension 'colcon_meta'
[0.224s] Level 1:colcon.colcon_core.package_identification:_identify(data/Koide/ouster/rosbag2_2023_03_28-16_25_54) by extensions ['ros']
[0.224s] Level 1:colcon.colcon_core.package_identification:_identify(data/Koide/ouster/rosbag2_2023_03_28-16_25_54) by extension 'ros'
[0.224s] Level 1:colcon.colcon_core.package_identification:_identify(data/Koide/ouster/rosbag2_2023_03_28-16_25_54) by extensions ['cmake', 'python']
[0.224s] Level 1:colcon.colcon_core.package_identification:_identify(data/Koide/ouster/rosbag2_2023_03_28-16_25_54) by extension 'cmake'
[0.224s] Level 1:colcon.colcon_core.package_identification:_identify(data/Koide/ouster/rosbag2_2023_03_28-16_25_54) by extension 'python'
[0.224s] Level 1:colcon.colcon_core.package_identification:_identify(data/Koide/ouster/rosbag2_2023_03_28-16_25_54) by extensions ['python_setup_py']
[0.224s] Level 1:colcon.colcon_core.package_identification:_identify(data/Koide/ouster/rosbag2_2023_03_28-16_25_54) by extension 'python_setup_py'
[0.224s] Level 1:colcon.colcon_core.package_identification:_identify(data/Koide/ouster/rosbag2_2023_03_28-16_25_54_fixed) by extensions ['ignore', 'ignore_ament_install']
[0.224s] Level 1:colcon.colcon_core.package_identification:_identify(data/Koide/ouster/rosbag2_2023_03_28-16_25_54_fixed) by extension 'ignore'
[0.224s] Level 1:colcon.colcon_core.package_identification:_identify(data/Koide/ouster/rosbag2_2023_03_28-16_25_54_fixed) by extension 'ignore_ament_install'
[0.224s] Level 1:colcon.colcon_core.package_identification:_identify(data/Koide/ouster/rosbag2_2023_03_28-16_25_54_fixed) by extensions ['colcon_pkg']
[0.224s] Level 1:colcon.colcon_core.package_identification:_identify(data/Koide/ouster/rosbag2_2023_03_28-16_25_54_fixed) by extension 'colcon_pkg'
[0.224s] Level 1:colcon.colcon_core.package_identification:_identify(data/Koide/ouster/rosbag2_2023_03_28-16_25_54_fixed) by extensions ['colcon_meta']
[0.224s] Level 1:colcon.colcon_core.package_identification:_identify(data/Koide/ouster/rosbag2_2023_03_28-16_25_54_fixed) by extension 'colcon_meta'
[0.224s] Level 1:colcon.colcon_core.package_identification:_identify(data/Koide/ouster/rosbag2_2023_03_28-16_25_54_fixed) by extensions ['ros']
[0.224s] Level 1:colcon.colcon_core.package_identification:_identify(data/Koide/ouster/rosbag2_2023_03_28-16_25_54_fixed) by extension 'ros'
[0.224s] Level 1:colcon.colcon_core.package_identification:_identify(data/Koide/ouster/rosbag2_2023_03_28-16_25_54_fixed) by extensions ['cmake', 'python']
[0.224s] Level 1:colcon.colcon_core.package_identification:_identify(data/Koide/ouster/rosbag2_2023_03_28-16_25_54_fixed) by extension 'cmake'
[0.224s] Level 1:colcon.colcon_core.package_identification:_identify(data/Koide/ouster/rosbag2_2023_03_28-16_25_54_fixed) by extension 'python'
[0.224s] Level 1:colcon.colcon_core.package_identification:_identify(data/Koide/ouster/rosbag2_2023_03_28-16_25_54_fixed) by extensions ['python_setup_py']
[0.224s] Level 1:colcon.colcon_core.package_identification:_identify(data/Koide/ouster/rosbag2_2023_03_28-16_25_54_fixed) by extension 'python_setup_py'
[0.224s] Level 1:colcon.colcon_core.package_identification:_identify(data/Koide/ouster/rosbag2_2023_03_28-16_26_51) by extensions ['ignore', 'ignore_ament_install']
[0.225s] Level 1:colcon.colcon_core.package_identification:_identify(data/Koide/ouster/rosbag2_2023_03_28-16_26_51) by extension 'ignore'
[0.225s] Level 1:colcon.colcon_core.package_identification:_identify(data/Koide/ouster/rosbag2_2023_03_28-16_26_51) by extension 'ignore_ament_install'
[0.225s] Level 1:colcon.colcon_core.package_identification:_identify(data/Koide/ouster/rosbag2_2023_03_28-16_26_51) by extensions ['colcon_pkg']
[0.225s] Level 1:colcon.colcon_core.package_identification:_identify(data/Koide/ouster/rosbag2_2023_03_28-16_26_51) by extension 'colcon_pkg'
[0.225s] Level 1:colcon.colcon_core.package_identification:_identify(data/Koide/ouster/rosbag2_2023_03_28-16_26_51) by extensions ['colcon_meta']
[0.225s] Level 1:colcon.colcon_core.package_identification:_identify(data/Koide/ouster/rosbag2_2023_03_28-16_26_51) by extension 'colcon_meta'
[0.225s] Level 1:colcon.colcon_core.package_identification:_identify(data/Koide/ouster/rosbag2_2023_03_28-16_26_51) by extensions ['ros']
[0.225s] Level 1:colcon.colcon_core.package_identification:_identify(data/Koide/ouster/rosbag2_2023_03_28-16_26_51) by extension 'ros'
[0.225s] Level 1:colcon.colcon_core.package_identification:_identify(data/Koide/ouster/rosbag2_2023_03_28-16_26_51) by extensions ['cmake', 'python']
[0.225s] Level 1:colcon.colcon_core.package_identification:_identify(data/Koide/ouster/rosbag2_2023_03_28-16_26_51) by extension 'cmake'
[0.225s] Level 1:colcon.colcon_core.package_identification:_identify(data/Koide/ouster/rosbag2_2023_03_28-16_26_51) by extension 'python'
[0.225s] Level 1:colcon.colcon_core.package_identification:_identify(data/Koide/ouster/rosbag2_2023_03_28-16_26_51) by extensions ['python_setup_py']
[0.225s] Level 1:colcon.colcon_core.package_identification:_identify(data/Koide/ouster/rosbag2_2023_03_28-16_26_51) by extension 'python_setup_py'
[0.225s] Level 1:colcon.colcon_core.package_identification:_identify(data/RELLIS3D_data) by extensions ['ignore', 'ignore_ament_install']
[0.225s] Level 1:colcon.colcon_core.package_identification:_identify(data/RELLIS3D_data) by extension 'ignore'
[0.225s] Level 1:colcon.colcon_core.package_identification:_identify(data/RELLIS3D_data) by extension 'ignore_ament_install'
[0.225s] Level 1:colcon.colcon_core.package_identification:_identify(data/RELLIS3D_data) by extensions ['colcon_pkg']
[0.225s] Level 1:colcon.colcon_core.package_identification:_identify(data/RELLIS3D_data) by extension 'colcon_pkg'
[0.225s] Level 1:colcon.colcon_core.package_identification:_identify(data/RELLIS3D_data) by extensions ['colcon_meta']
[0.225s] Level 1:colcon.colcon_core.package_identification:_identify(data/RELLIS3D_data) by extension 'colcon_meta'
[0.225s] Level 1:colcon.colcon_core.package_identification:_identify(data/RELLIS3D_data) by extensions ['ros']
[0.225s] Level 1:colcon.colcon_core.package_identification:_identify(data/RELLIS3D_data) by extension 'ros'
[0.225s] Level 1:colcon.colcon_core.package_identification:_identify(data/RELLIS3D_data) by extensions ['cmake', 'python']
[0.225s] Level 1:colcon.colcon_core.package_identification:_identify(data/RELLIS3D_data) by extension 'cmake'
[0.225s] Level 1:colcon.colcon_core.package_identification:_identify(data/RELLIS3D_data) by extension 'python'
[0.225s] Level 1:colcon.colcon_core.package_identification:_identify(data/RELLIS3D_data) by extensions ['python_setup_py']
[0.225s] Level 1:colcon.colcon_core.package_identification:_identify(data/RELLIS3D_data) by extension 'python_setup_py'
[0.225s] Level 1:colcon.colcon_core.package_identification:_identify(data/RELLIS3D_data/Image) by extensions ['ignore', 'ignore_ament_install']
[0.225s] Level 1:colcon.colcon_core.package_identification:_identify(data/RELLIS3D_data/Image) by extension 'ignore'
[0.225s] Level 1:colcon.colcon_core.package_identification:_identify(data/RELLIS3D_data/Image) by extension 'ignore_ament_install'
[0.225s] Level 1:colcon.colcon_core.package_identification:_identify(data/RELLIS3D_data/Image) by extensions ['colcon_pkg']
[0.225s] Level 1:colcon.colcon_core.package_identification:_identify(data/RELLIS3D_data/Image) by extension 'colcon_pkg'
[0.225s] Level 1:colcon.colcon_core.package_identification:_identify(data/RELLIS3D_data/Image) by extensions ['colcon_meta']
[0.225s] Level 1:colcon.colcon_core.package_identification:_identify(data/RELLIS3D_data/Image) by extension 'colcon_meta'
[0.225s] Level 1:colcon.colcon_core.package_identification:_identify(data/RELLIS3D_data/Image) by extensions ['ros']
[0.225s] Level 1:colcon.colcon_core.package_identification:_identify(data/RELLIS3D_data/Image) by extension 'ros'
[0.225s] Level 1:colcon.colcon_core.package_identification:_identify(data/RELLIS3D_data/Image) by extensions ['cmake', 'python']
[0.225s] Level 1:colcon.colcon_core.package_identification:_identify(data/RELLIS3D_data/Image) by extension 'cmake'
[0.225s] Level 1:colcon.colcon_core.package_identification:_identify(data/RELLIS3D_data/Image) by extension 'python'
[0.225s] Level 1:colcon.colcon_core.package_identification:_identify(data/RELLIS3D_data/Image) by extensions ['python_setup_py']
[0.225s] Level 1:colcon.colcon_core.package_identification:_identify(data/RELLIS3D_data/Image) by extension 'python_setup_py'
[0.226s] Level 1:colcon.colcon_core.package_identification:_identify(data/RELLIS3D_data/Image/cam_left) by extensions ['ignore', 'ignore_ament_install']
[0.226s] Level 1:colcon.colcon_core.package_identification:_identify(data/RELLIS3D_data/Image/cam_left) by extension 'ignore'
[0.226s] Level 1:colcon.colcon_core.package_identification:_identify(data/RELLIS3D_data/Image/cam_left) by extension 'ignore_ament_install'
[0.226s] Level 1:colcon.colcon_core.package_identification:_identify(data/RELLIS3D_data/Image/cam_left) by extensions ['colcon_pkg']
[0.226s] Level 1:colcon.colcon_core.package_identification:_identify(data/RELLIS3D_data/Image/cam_left) by extension 'colcon_pkg'
[0.226s] Level 1:colcon.colcon_core.package_identification:_identify(data/RELLIS3D_data/Image/cam_left) by extensions ['colcon_meta']
[0.226s] Level 1:colcon.colcon_core.package_identification:_identify(data/RELLIS3D_data/Image/cam_left) by extension 'colcon_meta'
[0.226s] Level 1:colcon.colcon_core.package_identification:_identify(data/RELLIS3D_data/Image/cam_left) by extensions ['ros']
[0.226s] Level 1:colcon.colcon_core.package_identification:_identify(data/RELLIS3D_data/Image/cam_left) by extension 'ros'
[0.226s] Level 1:colcon.colcon_core.package_identification:_identify(data/RELLIS3D_data/Image/cam_left) by extensions ['cmake', 'python']
[0.226s] Level 1:colcon.colcon_core.package_identification:_identify(data/RELLIS3D_data/Image/cam_left) by extension 'cmake'
[0.226s] Level 1:colcon.colcon_core.package_identification:_identify(data/RELLIS3D_data/Image/cam_left) by extension 'python'
[0.226s] Level 1:colcon.colcon_core.package_identification:_identify(data/RELLIS3D_data/Image/cam_left) by extensions ['python_setup_py']
[0.226s] Level 1:colcon.colcon_core.package_identification:_identify(data/RELLIS3D_data/Image/cam_left) by extension 'python_setup_py'
[0.226s] Level 1:colcon.colcon_core.package_identification:_identify(data/RELLIS3D_data/lidar_pcd) by extensions ['ignore', 'ignore_ament_install']
[0.226s] Level 1:colcon.colcon_core.package_identification:_identify(data/RELLIS3D_data/lidar_pcd) by extension 'ignore'
[0.226s] Level 1:colcon.colcon_core.package_identification:_identify(data/RELLIS3D_data/lidar_pcd) by extension 'ignore_ament_install'
[0.226s] Level 1:colcon.colcon_core.package_identification:_identify(data/RELLIS3D_data/lidar_pcd) by extensions ['colcon_pkg']
[0.226s] Level 1:colcon.colcon_core.package_identification:_identify(data/RELLIS3D_data/lidar_pcd) by extension 'colcon_pkg'
[0.226s] Level 1:colcon.colcon_core.package_identification:_identify(data/RELLIS3D_data/lidar_pcd) by extensions ['colcon_meta']
[0.226s] Level 1:colcon.colcon_core.package_identification:_identify(data/RELLIS3D_data/lidar_pcd) by extension 'colcon_meta'
[0.226s] Level 1:colcon.colcon_core.package_identification:_identify(data/RELLIS3D_data/lidar_pcd) by extensions ['ros']
[0.226s] Level 1:colcon.colcon_core.package_identification:_identify(data/RELLIS3D_data/lidar_pcd) by extension 'ros'
[0.226s] Level 1:colcon.colcon_core.package_identification:_identify(data/RELLIS3D_data/lidar_pcd) by extensions ['cmake', 'python']
[0.226s] Level 1:colcon.colcon_core.package_identification:_identify(data/RELLIS3D_data/lidar_pcd) by extension 'cmake'
[0.226s] Level 1:colcon.colcon_core.package_identification:_identify(data/RELLIS3D_data/lidar_pcd) by extension 'python'
[0.226s] Level 1:colcon.colcon_core.package_identification:_identify(data/RELLIS3D_data/lidar_pcd) by extensions ['python_setup_py']
[0.226s] Level 1:colcon.colcon_core.package_identification:_identify(data/RELLIS3D_data/lidar_pcd) by extension 'python_setup_py'
[0.227s] Level 1:colcon.colcon_core.package_identification:_identify(data/RELLIS3D_data/nya_02_slam_imu_to_lidar) by extensions ['ignore', 'ignore_ament_install']
[0.227s] Level 1:colcon.colcon_core.package_identification:_identify(data/RELLIS3D_data/nya_02_slam_imu_to_lidar) by extension 'ignore'
[0.227s] Level 1:colcon.colcon_core.package_identification:_identify(data/RELLIS3D_data/nya_02_slam_imu_to_lidar) by extension 'ignore_ament_install'
[0.227s] Level 1:colcon.colcon_core.package_identification:_identify(data/RELLIS3D_data/nya_02_slam_imu_to_lidar) by extensions ['colcon_pkg']
[0.227s] Level 1:colcon.colcon_core.package_identification:_identify(data/RELLIS3D_data/nya_02_slam_imu_to_lidar) by extension 'colcon_pkg'
[0.227s] Level 1:colcon.colcon_core.package_identification:_identify(data/RELLIS3D_data/nya_02_slam_imu_to_lidar) by extensions ['colcon_meta']
[0.227s] Level 1:colcon.colcon_core.package_identification:_identify(data/RELLIS3D_data/nya_02_slam_imu_to_lidar) by extension 'colcon_meta'
[0.227s] Level 1:colcon.colcon_core.package_identification:_identify(data/RELLIS3D_data/nya_02_slam_imu_to_lidar) by extensions ['ros']
[0.227s] Level 1:colcon.colcon_core.package_identification:_identify(data/RELLIS3D_data/nya_02_slam_imu_to_lidar) by extension 'ros'
[0.227s] Level 1:colcon.colcon_core.package_identification:_identify(data/RELLIS3D_data/nya_02_slam_imu_to_lidar) by extensions ['cmake', 'python']
[0.227s] Level 1:colcon.colcon_core.package_identification:_identify(data/RELLIS3D_data/nya_02_slam_imu_to_lidar) by extension 'cmake'
[0.227s] Level 1:colcon.colcon_core.package_identification:_identify(data/RELLIS3D_data/nya_02_slam_imu_to_lidar) by extension 'python'
[0.227s] Level 1:colcon.colcon_core.package_identification:_identify(data/RELLIS3D_data/nya_02_slam_imu_to_lidar) by extensions ['python_setup_py']
[0.227s] Level 1:colcon.colcon_core.package_identification:_identify(data/RELLIS3D_data/nya_02_slam_imu_to_lidar) by extension 'python_setup_py'
[0.227s] Level 1:colcon.colcon_core.package_identification:_identify(data/RELLIS3D_data/nya_02_slam_imu_to_lidar/lidar_horz.yaml) by extensions ['ignore', 'ignore_ament_install']
[0.227s] Level 1:colcon.colcon_core.package_identification:_identify(data/RELLIS3D_data/nya_02_slam_imu_to_lidar/lidar_horz.yaml) by extension 'ignore'
[0.227s] Level 1:colcon.colcon_core.package_identification:_identify(data/RELLIS3D_data/nya_02_slam_imu_to_lidar/lidar_horz.yaml) by extension 'ignore_ament_install'
[0.227s] Level 1:colcon.colcon_core.package_identification:_identify(data/RELLIS3D_data/nya_02_slam_imu_to_lidar/lidar_horz.yaml) by extensions ['colcon_pkg']
[0.227s] Level 1:colcon.colcon_core.package_identification:_identify(data/RELLIS3D_data/nya_02_slam_imu_to_lidar/lidar_horz.yaml) by extension 'colcon_pkg'
[0.227s] Level 1:colcon.colcon_core.package_identification:_identify(data/RELLIS3D_data/nya_02_slam_imu_to_lidar/lidar_horz.yaml) by extensions ['colcon_meta']
[0.227s] Level 1:colcon.colcon_core.package_identification:_identify(data/RELLIS3D_data/nya_02_slam_imu_to_lidar/lidar_horz.yaml) by extension 'colcon_meta'
[0.227s] Level 1:colcon.colcon_core.package_identification:_identify(data/RELLIS3D_data/nya_02_slam_imu_to_lidar/lidar_horz.yaml) by extensions ['ros']
[0.227s] Level 1:colcon.colcon_core.package_identification:_identify(data/RELLIS3D_data/nya_02_slam_imu_to_lidar/lidar_horz.yaml) by extension 'ros'
[0.227s] Level 1:colcon.colcon_core.package_identification:_identify(data/RELLIS3D_data/nya_02_slam_imu_to_lidar/lidar_horz.yaml) by extensions ['cmake', 'python']
[0.227s] Level 1:colcon.colcon_core.package_identification:_identify(data/RELLIS3D_data/nya_02_slam_imu_to_lidar/lidar_horz.yaml) by extension 'cmake'
[0.227s] Level 1:colcon.colcon_core.package_identification:_identify(data/RELLIS3D_data/nya_02_slam_imu_to_lidar/lidar_horz.yaml) by extension 'python'
[0.227s] Level 1:colcon.colcon_core.package_identification:_identify(data/RELLIS3D_data/nya_02_slam_imu_to_lidar/lidar_horz.yaml) by extensions ['python_setup_py']
[0.227s] Level 1:colcon.colcon_core.package_identification:_identify(data/RELLIS3D_data/nya_02_slam_imu_to_lidar/lidar_horz.yaml) by extension 'python_setup_py'
[0.227s] Level 1:colcon.colcon_core.package_identification:_identify(data/calib_data) by extensions ['ignore', 'ignore_ament_install']
[0.227s] Level 1:colcon.colcon_core.package_identification:_identify(data/calib_data) by extension 'ignore'
[0.227s] Level 1:colcon.colcon_core.package_identification:_identify(data/calib_data) by extension 'ignore_ament_install'
[0.227s] Level 1:colcon.colcon_core.package_identification:_identify(data/calib_data) by extensions ['colcon_pkg']
[0.227s] Level 1:colcon.colcon_core.package_identification:_identify(data/calib_data) by extension 'colcon_pkg'
[0.227s] Level 1:colcon.colcon_core.package_identification:_identify(data/calib_data) by extensions ['colcon_meta']
[0.227s] Level 1:colcon.colcon_core.package_identification:_identify(data/calib_data) by extension 'colcon_meta'
[0.227s] Level 1:colcon.colcon_core.package_identification:_identify(data/calib_data) by extensions ['ros']
[0.227s] Level 1:colcon.colcon_core.package_identification:_identify(data/calib_data) by extension 'ros'
[0.227s] Level 1:colcon.colcon_core.package_identification:_identify(data/calib_data) by extensions ['cmake', 'python']
[0.227s] Level 1:colcon.colcon_core.package_identification:_identify(data/calib_data) by extension 'cmake'
[0.227s] Level 1:colcon.colcon_core.package_identification:_identify(data/calib_data) by extension 'python'
[0.227s] Level 1:colcon.colcon_core.package_identification:_identify(data/calib_data) by extensions ['python_setup_py']
[0.227s] Level 1:colcon.colcon_core.package_identification:_identify(data/calib_data) by extension 'python_setup_py'
[0.227s] Level 1:colcon.colcon_core.package_identification:_identify(data/calib_data/dji_sdk) by extensions ['ignore', 'ignore_ament_install']
[0.227s] Level 1:colcon.colcon_core.package_identification:_identify(data/calib_data/dji_sdk) by extension 'ignore'
[0.227s] Level 1:colcon.colcon_core.package_identification:_identify(data/calib_data/dji_sdk) by extension 'ignore_ament_install'
[0.227s] Level 1:colcon.colcon_core.package_identification:_identify(data/calib_data/dji_sdk) by extensions ['colcon_pkg']
[0.227s] Level 1:colcon.colcon_core.package_identification:_identify(data/calib_data/dji_sdk) by extension 'colcon_pkg'
[0.227s] Level 1:colcon.colcon_core.package_identification:_identify(data/calib_data/dji_sdk) by extensions ['colcon_meta']
[0.227s] Level 1:colcon.colcon_core.package_identification:_identify(data/calib_data/dji_sdk) by extension 'colcon_meta'
[0.227s] Level 1:colcon.colcon_core.package_identification:_identify(data/calib_data/dji_sdk) by extensions ['ros']
[0.227s] Level 1:colcon.colcon_core.package_identification:_identify(data/calib_data/dji_sdk) by extension 'ros'
[0.228s] Level 1:colcon.colcon_core.package_identification:_identify(data/calib_data/dji_sdk) by extensions ['cmake', 'python']
[0.228s] Level 1:colcon.colcon_core.package_identification:_identify(data/calib_data/dji_sdk) by extension 'cmake'
[0.228s] Level 1:colcon.colcon_core.package_identification:_identify(data/calib_data/dji_sdk) by extension 'python'
[0.228s] Level 1:colcon.colcon_core.package_identification:_identify(data/calib_data/dji_sdk) by extensions ['python_setup_py']
[0.228s] Level 1:colcon.colcon_core.package_identification:_identify(data/calib_data/dji_sdk) by extension 'python_setup_py'
[0.228s] Level 1:colcon.colcon_core.package_identification:_identify(data/campus_road) by extensions ['ignore', 'ignore_ament_install']
[0.228s] Level 1:colcon.colcon_core.package_identification:_identify(data/campus_road) by extension 'ignore'
[0.228s] Level 1:colcon.colcon_core.package_identification:_identify(data/campus_road) by extension 'ignore_ament_install'
[0.228s] Level 1:colcon.colcon_core.package_identification:_identify(data/campus_road) by extensions ['colcon_pkg']
[0.228s] Level 1:colcon.colcon_core.package_identification:_identify(data/campus_road) by extension 'colcon_pkg'
[0.228s] Level 1:colcon.colcon_core.package_identification:_identify(data/campus_road) by extensions ['colcon_meta']
[0.228s] Level 1:colcon.colcon_core.package_identification:_identify(data/campus_road) by extension 'colcon_meta'
[0.228s] Level 1:colcon.colcon_core.package_identification:_identify(data/campus_road) by extensions ['ros']
[0.228s] Level 1:colcon.colcon_core.package_identification:_identify(data/campus_road) by extension 'ros'
[0.228s] Level 1:colcon.colcon_core.package_identification:_identify(data/campus_road) by extensions ['cmake', 'python']
[0.228s] Level 1:colcon.colcon_core.package_identification:_identify(data/campus_road) by extension 'cmake'
[0.228s] Level 1:colcon.colcon_core.package_identification:_identify(data/campus_road) by extension 'python'
[0.228s] Level 1:colcon.colcon_core.package_identification:_identify(data/campus_road) by extensions ['python_setup_py']
[0.228s] Level 1:colcon.colcon_core.package_identification:_identify(data/campus_road) by extension 'python_setup_py'
[0.228s] Level 1:colcon.colcon_core.package_identification:_identify(data/converted) by extensions ['ignore', 'ignore_ament_install']
[0.228s] Level 1:colcon.colcon_core.package_identification:_identify(data/converted) by extension 'ignore'
[0.228s] Level 1:colcon.colcon_core.package_identification:_identify(data/converted) by extension 'ignore_ament_install'
[0.228s] Level 1:colcon.colcon_core.package_identification:_identify(data/converted) by extensions ['colcon_pkg']
[0.228s] Level 1:colcon.colcon_core.package_identification:_identify(data/converted) by extension 'colcon_pkg'
[0.228s] Level 1:colcon.colcon_core.package_identification:_identify(data/converted) by extensions ['colcon_meta']
[0.228s] Level 1:colcon.colcon_core.package_identification:_identify(data/converted) by extension 'colcon_meta'
[0.228s] Level 1:colcon.colcon_core.package_identification:_identify(data/converted) by extensions ['ros']
[0.228s] Level 1:colcon.colcon_core.package_identification:_identify(data/converted) by extension 'ros'
[0.228s] Level 1:colcon.colcon_core.package_identification:_identify(data/converted) by extensions ['cmake', 'python']
[0.228s] Level 1:colcon.colcon_core.package_identification:_identify(data/converted) by extension 'cmake'
[0.228s] Level 1:colcon.colcon_core.package_identification:_identify(data/converted) by extension 'python'
[0.228s] Level 1:colcon.colcon_core.package_identification:_identify(data/converted) by extensions ['python_setup_py']
[0.228s] Level 1:colcon.colcon_core.package_identification:_identify(data/converted) by extension 'python_setup_py'
[0.228s] Level 1:colcon.colcon_core.package_identification:_identify(data/converted/Image) by extensions ['ignore', 'ignore_ament_install']
[0.228s] Level 1:colcon.colcon_core.package_identification:_identify(data/converted/Image) by extension 'ignore'
[0.228s] Level 1:colcon.colcon_core.package_identification:_identify(data/converted/Image) by extension 'ignore_ament_install'
[0.228s] Level 1:colcon.colcon_core.package_identification:_identify(data/converted/Image) by extensions ['colcon_pkg']
[0.228s] Level 1:colcon.colcon_core.package_identification:_identify(data/converted/Image) by extension 'colcon_pkg'
[0.228s] Level 1:colcon.colcon_core.package_identification:_identify(data/converted/Image) by extensions ['colcon_meta']
[0.228s] Level 1:colcon.colcon_core.package_identification:_identify(data/converted/Image) by extension 'colcon_meta'
[0.228s] Level 1:colcon.colcon_core.package_identification:_identify(data/converted/Image) by extensions ['ros']
[0.228s] Level 1:colcon.colcon_core.package_identification:_identify(data/converted/Image) by extension 'ros'
[0.229s] Level 1:colcon.colcon_core.package_identification:_identify(data/converted/Image) by extensions ['cmake', 'python']
[0.229s] Level 1:colcon.colcon_core.package_identification:_identify(data/converted/Image) by extension 'cmake'
[0.229s] Level 1:colcon.colcon_core.package_identification:_identify(data/converted/Image) by extension 'python'
[0.229s] Level 1:colcon.colcon_core.package_identification:_identify(data/converted/Image) by extensions ['python_setup_py']
[0.229s] Level 1:colcon.colcon_core.package_identification:_identify(data/converted/Image) by extension 'python_setup_py'
[0.242s] Level 1:colcon.colcon_core.package_identification:_identify(data/converted/Image/cam_left) by extensions ['ignore', 'ignore_ament_install']
[0.243s] Level 1:colcon.colcon_core.package_identification:_identify(data/converted/Image/cam_left) by extension 'ignore'
[0.243s] Level 1:colcon.colcon_core.package_identification:_identify(data/converted/Image/cam_left) by extension 'ignore_ament_install'
[0.243s] Level 1:colcon.colcon_core.package_identification:_identify(data/converted/Image/cam_left) by extensions ['colcon_pkg']
[0.243s] Level 1:colcon.colcon_core.package_identification:_identify(data/converted/Image/cam_left) by extension 'colcon_pkg'
[0.243s] Level 1:colcon.colcon_core.package_identification:_identify(data/converted/Image/cam_left) by extensions ['colcon_meta']
[0.243s] Level 1:colcon.colcon_core.package_identification:_identify(data/converted/Image/cam_left) by extension 'colcon_meta'
[0.243s] Level 1:colcon.colcon_core.package_identification:_identify(data/converted/Image/cam_left) by extensions ['ros']
[0.243s] Level 1:colcon.colcon_core.package_identification:_identify(data/converted/Image/cam_left) by extension 'ros'
[0.243s] Level 1:colcon.colcon_core.package_identification:_identify(data/converted/Image/cam_left) by extensions ['cmake', 'python']
[0.243s] Level 1:colcon.colcon_core.package_identification:_identify(data/converted/Image/cam_left) by extension 'cmake'
[0.243s] Level 1:colcon.colcon_core.package_identification:_identify(data/converted/Image/cam_left) by extension 'python'
[0.243s] Level 1:colcon.colcon_core.package_identification:_identify(data/converted/Image/cam_left) by extensions ['python_setup_py']
[0.243s] Level 1:colcon.colcon_core.package_identification:_identify(data/converted/Image/cam_left) by extension 'python_setup_py'
[0.263s] Level 1:colcon.colcon_core.package_identification:_identify(data/converted/Image/cam_right) by extensions ['ignore', 'ignore_ament_install']
[0.263s] Level 1:colcon.colcon_core.package_identification:_identify(data/converted/Image/cam_right) by extension 'ignore'
[0.263s] Level 1:colcon.colcon_core.package_identification:_identify(data/converted/Image/cam_right) by extension 'ignore_ament_install'
[0.263s] Level 1:colcon.colcon_core.package_identification:_identify(data/converted/Image/cam_right) by extensions ['colcon_pkg']
[0.263s] Level 1:colcon.colcon_core.package_identification:_identify(data/converted/Image/cam_right) by extension 'colcon_pkg'
[0.263s] Level 1:colcon.colcon_core.package_identification:_identify(data/converted/Image/cam_right) by extensions ['colcon_meta']
[0.263s] Level 1:colcon.colcon_core.package_identification:_identify(data/converted/Image/cam_right) by extension 'colcon_meta'
[0.263s] Level 1:colcon.colcon_core.package_identification:_identify(data/converted/Image/cam_right) by extensions ['ros']
[0.263s] Level 1:colcon.colcon_core.package_identification:_identify(data/converted/Image/cam_right) by extension 'ros'
[0.263s] Level 1:colcon.colcon_core.package_identification:_identify(data/converted/Image/cam_right) by extensions ['cmake', 'python']
[0.263s] Level 1:colcon.colcon_core.package_identification:_identify(data/converted/Image/cam_right) by extension 'cmake'
[0.263s] Level 1:colcon.colcon_core.package_identification:_identify(data/converted/Image/cam_right) by extension 'python'
[0.263s] Level 1:colcon.colcon_core.package_identification:_identify(data/converted/Image/cam_right) by extensions ['python_setup_py']
[0.263s] Level 1:colcon.colcon_core.package_identification:_identify(data/converted/Image/cam_right) by extension 'python_setup_py'
[0.264s] Level 1:colcon.colcon_core.package_identification:_identify(data/converted/lidar_pcd) by extensions ['ignore', 'ignore_ament_install']
[0.264s] Level 1:colcon.colcon_core.package_identification:_identify(data/converted/lidar_pcd) by extension 'ignore'
[0.264s] Level 1:colcon.colcon_core.package_identification:_identify(data/converted/lidar_pcd) by extension 'ignore_ament_install'
[0.264s] Level 1:colcon.colcon_core.package_identification:_identify(data/converted/lidar_pcd) by extensions ['colcon_pkg']
[0.264s] Level 1:colcon.colcon_core.package_identification:_identify(data/converted/lidar_pcd) by extension 'colcon_pkg'
[0.264s] Level 1:colcon.colcon_core.package_identification:_identify(data/converted/lidar_pcd) by extensions ['colcon_meta']
[0.264s] Level 1:colcon.colcon_core.package_identification:_identify(data/converted/lidar_pcd) by extension 'colcon_meta'
[0.264s] Level 1:colcon.colcon_core.package_identification:_identify(data/converted/lidar_pcd) by extensions ['ros']
[0.264s] Level 1:colcon.colcon_core.package_identification:_identify(data/converted/lidar_pcd) by extension 'ros'
[0.264s] Level 1:colcon.colcon_core.package_identification:_identify(data/converted/lidar_pcd) by extensions ['cmake', 'python']
[0.264s] Level 1:colcon.colcon_core.package_identification:_identify(data/converted/lidar_pcd) by extension 'cmake'
[0.264s] Level 1:colcon.colcon_core.package_identification:_identify(data/converted/lidar_pcd) by extension 'python'
[0.264s] Level 1:colcon.colcon_core.package_identification:_identify(data/converted/lidar_pcd) by extensions ['python_setup_py']
[0.264s] Level 1:colcon.colcon_core.package_identification:_identify(data/converted/lidar_pcd) by extension 'python_setup_py'
[0.265s] Level 1:colcon.colcon_core.package_identification:_identify(data/data421) by extensions ['ignore', 'ignore_ament_install']
[0.265s] Level 1:colcon.colcon_core.package_identification:_identify(data/data421) by extension 'ignore'
[0.265s] Level 1:colcon.colcon_core.package_identification:_identify(data/data421) by extension 'ignore_ament_install'
[0.265s] Level 1:colcon.colcon_core.package_identification:_identify(data/data421) by extensions ['colcon_pkg']
[0.265s] Level 1:colcon.colcon_core.package_identification:_identify(data/data421) by extension 'colcon_pkg'
[0.265s] Level 1:colcon.colcon_core.package_identification:_identify(data/data421) by extensions ['colcon_meta']
[0.265s] Level 1:colcon.colcon_core.package_identification:_identify(data/data421) by extension 'colcon_meta'
[0.265s] Level 1:colcon.colcon_core.package_identification:_identify(data/data421) by extensions ['ros']
[0.265s] Level 1:colcon.colcon_core.package_identification:_identify(data/data421) by extension 'ros'
[0.265s] Level 1:colcon.colcon_core.package_identification:_identify(data/data421) by extensions ['cmake', 'python']
[0.265s] Level 1:colcon.colcon_core.package_identification:_identify(data/data421) by extension 'cmake'
[0.265s] Level 1:colcon.colcon_core.package_identification:_identify(data/data421) by extension 'python'
[0.265s] Level 1:colcon.colcon_core.package_identification:_identify(data/data421) by extensions ['python_setup_py']
[0.265s] Level 1:colcon.colcon_core.package_identification:_identify(data/data421) by extension 'python_setup_py'
[0.265s] Level 1:colcon.colcon_core.package_identification:_identify(data/data421/IMU) by extensions ['ignore', 'ignore_ament_install']
[0.266s] Level 1:colcon.colcon_core.package_identification:_identify(data/data421/IMU) by extension 'ignore'
[0.266s] Level 1:colcon.colcon_core.package_identification:_identify(data/data421/IMU) by extension 'ignore_ament_install'
[0.266s] Level 1:colcon.colcon_core.package_identification:_identify(data/data421/IMU) by extensions ['colcon_pkg']
[0.266s] Level 1:colcon.colcon_core.package_identification:_identify(data/data421/IMU) by extension 'colcon_pkg'
[0.266s] Level 1:colcon.colcon_core.package_identification:_identify(data/data421/IMU) by extensions ['colcon_meta']
[0.266s] Level 1:colcon.colcon_core.package_identification:_identify(data/data421/IMU) by extension 'colcon_meta'
[0.266s] Level 1:colcon.colcon_core.package_identification:_identify(data/data421/IMU) by extensions ['ros']
[0.266s] Level 1:colcon.colcon_core.package_identification:_identify(data/data421/IMU) by extension 'ros'
[0.266s] Level 1:colcon.colcon_core.package_identification:_identify(data/data421/IMU) by extensions ['cmake', 'python']
[0.266s] Level 1:colcon.colcon_core.package_identification:_identify(data/data421/IMU) by extension 'cmake'
[0.266s] Level 1:colcon.colcon_core.package_identification:_identify(data/data421/IMU) by extension 'python'
[0.266s] Level 1:colcon.colcon_core.package_identification:_identify(data/data421/IMU) by extensions ['python_setup_py']
[0.266s] Level 1:colcon.colcon_core.package_identification:_identify(data/data421/IMU) by extension 'python_setup_py'
[0.266s] Level 1:colcon.colcon_core.package_identification:_identify(data/data421/Image) by extensions ['ignore', 'ignore_ament_install']
[0.266s] Level 1:colcon.colcon_core.package_identification:_identify(data/data421/Image) by extension 'ignore'
[0.266s] Level 1:colcon.colcon_core.package_identification:_identify(data/data421/Image) by extension 'ignore_ament_install'
[0.266s] Level 1:colcon.colcon_core.package_identification:_identify(data/data421/Image) by extensions ['colcon_pkg']
[0.266s] Level 1:colcon.colcon_core.package_identification:_identify(data/data421/Image) by extension 'colcon_pkg'
[0.266s] Level 1:colcon.colcon_core.package_identification:_identify(data/data421/Image) by extensions ['colcon_meta']
[0.266s] Level 1:colcon.colcon_core.package_identification:_identify(data/data421/Image) by extension 'colcon_meta'
[0.266s] Level 1:colcon.colcon_core.package_identification:_identify(data/data421/Image) by extensions ['ros']
[0.266s] Level 1:colcon.colcon_core.package_identification:_identify(data/data421/Image) by extension 'ros'
[0.266s] Level 1:colcon.colcon_core.package_identification:_identify(data/data421/Image) by extensions ['cmake', 'python']
[0.266s] Level 1:colcon.colcon_core.package_identification:_identify(data/data421/Image) by extension 'cmake'
[0.267s] Level 1:colcon.colcon_core.package_identification:_identify(data/data421/Image) by extension 'python'
[0.267s] Level 1:colcon.colcon_core.package_identification:_identify(data/data421/Image) by extensions ['python_setup_py']
[0.267s] Level 1:colcon.colcon_core.package_identification:_identify(data/data421/Image) by extension 'python_setup_py'
[0.282s] Level 1:colcon.colcon_core.package_identification:_identify(data/data421/Image/cam_left) by extensions ['ignore', 'ignore_ament_install']
[0.282s] Level 1:colcon.colcon_core.package_identification:_identify(data/data421/Image/cam_left) by extension 'ignore'
[0.282s] Level 1:colcon.colcon_core.package_identification:_identify(data/data421/Image/cam_left) by extension 'ignore_ament_install'
[0.282s] Level 1:colcon.colcon_core.package_identification:_identify(data/data421/Image/cam_left) by extensions ['colcon_pkg']
[0.282s] Level 1:colcon.colcon_core.package_identification:_identify(data/data421/Image/cam_left) by extension 'colcon_pkg'
[0.282s] Level 1:colcon.colcon_core.package_identification:_identify(data/data421/Image/cam_left) by extensions ['colcon_meta']
[0.282s] Level 1:colcon.colcon_core.package_identification:_identify(data/data421/Image/cam_left) by extension 'colcon_meta'
[0.282s] Level 1:colcon.colcon_core.package_identification:_identify(data/data421/Image/cam_left) by extensions ['ros']
[0.282s] Level 1:colcon.colcon_core.package_identification:_identify(data/data421/Image/cam_left) by extension 'ros'
[0.282s] Level 1:colcon.colcon_core.package_identification:_identify(data/data421/Image/cam_left) by extensions ['cmake', 'python']
[0.282s] Level 1:colcon.colcon_core.package_identification:_identify(data/data421/Image/cam_left) by extension 'cmake'
[0.283s] Level 1:colcon.colcon_core.package_identification:_identify(data/data421/Image/cam_left) by extension 'python'
[0.283s] Level 1:colcon.colcon_core.package_identification:_identify(data/data421/Image/cam_left) by extensions ['python_setup_py']
[0.283s] Level 1:colcon.colcon_core.package_identification:_identify(data/data421/Image/cam_left) by extension 'python_setup_py'
[0.297s] Level 1:colcon.colcon_core.package_identification:_identify(data/data421/Image/cam_right) by extensions ['ignore', 'ignore_ament_install']
[0.297s] Level 1:colcon.colcon_core.package_identification:_identify(data/data421/Image/cam_right) by extension 'ignore'
[0.297s] Level 1:colcon.colcon_core.package_identification:_identify(data/data421/Image/cam_right) by extension 'ignore_ament_install'
[0.297s] Level 1:colcon.colcon_core.package_identification:_identify(data/data421/Image/cam_right) by extensions ['colcon_pkg']
[0.297s] Level 1:colcon.colcon_core.package_identification:_identify(data/data421/Image/cam_right) by extension 'colcon_pkg'
[0.297s] Level 1:colcon.colcon_core.package_identification:_identify(data/data421/Image/cam_right) by extensions ['colcon_meta']
[0.297s] Level 1:colcon.colcon_core.package_identification:_identify(data/data421/Image/cam_right) by extension 'colcon_meta'
[0.297s] Level 1:colcon.colcon_core.package_identification:_identify(data/data421/Image/cam_right) by extensions ['ros']
[0.297s] Level 1:colcon.colcon_core.package_identification:_identify(data/data421/Image/cam_right) by extension 'ros'
[0.297s] Level 1:colcon.colcon_core.package_identification:_identify(data/data421/Image/cam_right) by extensions ['cmake', 'python']
[0.297s] Level 1:colcon.colcon_core.package_identification:_identify(data/data421/Image/cam_right) by extension 'cmake'
[0.297s] Level 1:colcon.colcon_core.package_identification:_identify(data/data421/Image/cam_right) by extension 'python'
[0.297s] Level 1:colcon.colcon_core.package_identification:_identify(data/data421/Image/cam_right) by extensions ['python_setup_py']
[0.297s] Level 1:colcon.colcon_core.package_identification:_identify(data/data421/Image/cam_right) by extension 'python_setup_py'
[0.298s] Level 1:colcon.colcon_core.package_identification:_identify(data/data421/Lidar) by extensions ['ignore', 'ignore_ament_install']
[0.298s] Level 1:colcon.colcon_core.package_identification:_identify(data/data421/Lidar) by extension 'ignore'
[0.298s] Level 1:colcon.colcon_core.package_identification:_identify(data/data421/Lidar) by extension 'ignore_ament_install'
[0.298s] Level 1:colcon.colcon_core.package_identification:_identify(data/data421/Lidar) by extensions ['colcon_pkg']
[0.298s] Level 1:colcon.colcon_core.package_identification:_identify(data/data421/Lidar) by extension 'colcon_pkg'
[0.298s] Level 1:colcon.colcon_core.package_identification:_identify(data/data421/Lidar) by extensions ['colcon_meta']
[0.298s] Level 1:colcon.colcon_core.package_identification:_identify(data/data421/Lidar) by extension 'colcon_meta'
[0.298s] Level 1:colcon.colcon_core.package_identification:_identify(data/data421/Lidar) by extensions ['ros']
[0.298s] Level 1:colcon.colcon_core.package_identification:_identify(data/data421/Lidar) by extension 'ros'
[0.298s] Level 1:colcon.colcon_core.package_identification:_identify(data/data421/Lidar) by extensions ['cmake', 'python']
[0.298s] Level 1:colcon.colcon_core.package_identification:_identify(data/data421/Lidar) by extension 'cmake'
[0.298s] Level 1:colcon.colcon_core.package_identification:_identify(data/data421/Lidar) by extension 'python'
[0.298s] Level 1:colcon.colcon_core.package_identification:_identify(data/data421/Lidar) by extensions ['python_setup_py']
[0.298s] Level 1:colcon.colcon_core.package_identification:_identify(data/data421/Lidar) by extension 'python_setup_py'
[0.305s] Level 1:colcon.colcon_core.package_identification:_identify(data/data421/Lidar/data) by extensions ['ignore', 'ignore_ament_install']
[0.305s] Level 1:colcon.colcon_core.package_identification:_identify(data/data421/Lidar/data) by extension 'ignore'
[0.305s] Level 1:colcon.colcon_core.package_identification:_identify(data/data421/Lidar/data) by extension 'ignore_ament_install'
[0.305s] Level 1:colcon.colcon_core.package_identification:_identify(data/data421/Lidar/data) by extensions ['colcon_pkg']
[0.305s] Level 1:colcon.colcon_core.package_identification:_identify(data/data421/Lidar/data) by extension 'colcon_pkg'
[0.305s] Level 1:colcon.colcon_core.package_identification:_identify(data/data421/Lidar/data) by extensions ['colcon_meta']
[0.305s] Level 1:colcon.colcon_core.package_identification:_identify(data/data421/Lidar/data) by extension 'colcon_meta'
[0.306s] Level 1:colcon.colcon_core.package_identification:_identify(data/data421/Lidar/data) by extensions ['ros']
[0.306s] Level 1:colcon.colcon_core.package_identification:_identify(data/data421/Lidar/data) by extension 'ros'
[0.306s] Level 1:colcon.colcon_core.package_identification:_identify(data/data421/Lidar/data) by extensions ['cmake', 'python']
[0.306s] Level 1:colcon.colcon_core.package_identification:_identify(data/data421/Lidar/data) by extension 'cmake'
[0.306s] Level 1:colcon.colcon_core.package_identification:_identify(data/data421/Lidar/data) by extension 'python'
[0.306s] Level 1:colcon.colcon_core.package_identification:_identify(data/data421/Lidar/data) by extensions ['python_setup_py']
[0.306s] Level 1:colcon.colcon_core.package_identification:_identify(data/data421/Lidar/data) by extension 'python_setup_py'
[0.306s] Level 1:colcon.colcon_core.package_identification:_identify(data/drive_dusk) by extensions ['ignore', 'ignore_ament_install']
[0.306s] Level 1:colcon.colcon_core.package_identification:_identify(data/drive_dusk) by extension 'ignore'
[0.306s] Level 1:colcon.colcon_core.package_identification:_identify(data/drive_dusk) by extension 'ignore_ament_install'
[0.306s] Level 1:colcon.colcon_core.package_identification:_identify(data/drive_dusk) by extensions ['colcon_pkg']
[0.306s] Level 1:colcon.colcon_core.package_identification:_identify(data/drive_dusk) by extension 'colcon_pkg'
[0.306s] Level 1:colcon.colcon_core.package_identification:_identify(data/drive_dusk) by extensions ['colcon_meta']
[0.306s] Level 1:colcon.colcon_core.package_identification:_identify(data/drive_dusk) by extension 'colcon_meta'
[0.306s] Level 1:colcon.colcon_core.package_identification:_identify(data/drive_dusk) by extensions ['ros']
[0.306s] Level 1:colcon.colcon_core.package_identification:_identify(data/drive_dusk) by extension 'ros'
[0.306s] Level 1:colcon.colcon_core.package_identification:_identify(data/drive_dusk) by extensions ['cmake', 'python']
[0.306s] Level 1:colcon.colcon_core.package_identification:_identify(data/drive_dusk) by extension 'cmake'
[0.306s] Level 1:colcon.colcon_core.package_identification:_identify(data/drive_dusk) by extension 'python'
[0.306s] Level 1:colcon.colcon_core.package_identification:_identify(data/drive_dusk) by extensions ['python_setup_py']
[0.306s] Level 1:colcon.colcon_core.package_identification:_identify(data/drive_dusk) by extension 'python_setup_py'
[0.311s] Level 1:colcon.colcon_core.package_identification:_identify(data/drive_dusk/cam_left) by extensions ['ignore', 'ignore_ament_install']
[0.311s] Level 1:colcon.colcon_core.package_identification:_identify(data/drive_dusk/cam_left) by extension 'ignore'
[0.311s] Level 1:colcon.colcon_core.package_identification:_identify(data/drive_dusk/cam_left) by extension 'ignore_ament_install'
[0.311s] Level 1:colcon.colcon_core.package_identification:_identify(data/drive_dusk/cam_left) by extensions ['colcon_pkg']
[0.311s] Level 1:colcon.colcon_core.package_identification:_identify(data/drive_dusk/cam_left) by extension 'colcon_pkg'
[0.311s] Level 1:colcon.colcon_core.package_identification:_identify(data/drive_dusk/cam_left) by extensions ['colcon_meta']
[0.311s] Level 1:colcon.colcon_core.package_identification:_identify(data/drive_dusk/cam_left) by extension 'colcon_meta'
[0.311s] Level 1:colcon.colcon_core.package_identification:_identify(data/drive_dusk/cam_left) by extensions ['ros']
[0.311s] Level 1:colcon.colcon_core.package_identification:_identify(data/drive_dusk/cam_left) by extension 'ros'
[0.311s] Level 1:colcon.colcon_core.package_identification:_identify(data/drive_dusk/cam_left) by extensions ['cmake', 'python']
[0.311s] Level 1:colcon.colcon_core.package_identification:_identify(data/drive_dusk/cam_left) by extension 'cmake'
[0.311s] Level 1:colcon.colcon_core.package_identification:_identify(data/drive_dusk/cam_left) by extension 'python'
[0.311s] Level 1:colcon.colcon_core.package_identification:_identify(data/drive_dusk/cam_left) by extensions ['python_setup_py']
[0.311s] Level 1:colcon.colcon_core.package_identification:_identify(data/drive_dusk/cam_left) by extension 'python_setup_py'
[0.315s] Level 1:colcon.colcon_core.package_identification:_identify(data/drive_dusk/lidar) by extensions ['ignore', 'ignore_ament_install']
[0.315s] Level 1:colcon.colcon_core.package_identification:_identify(data/drive_dusk/lidar) by extension 'ignore'
[0.315s] Level 1:colcon.colcon_core.package_identification:_identify(data/drive_dusk/lidar) by extension 'ignore_ament_install'
[0.315s] Level 1:colcon.colcon_core.package_identification:_identify(data/drive_dusk/lidar) by extensions ['colcon_pkg']
[0.315s] Level 1:colcon.colcon_core.package_identification:_identify(data/drive_dusk/lidar) by extension 'colcon_pkg'
[0.315s] Level 1:colcon.colcon_core.package_identification:_identify(data/drive_dusk/lidar) by extensions ['colcon_meta']
[0.315s] Level 1:colcon.colcon_core.package_identification:_identify(data/drive_dusk/lidar) by extension 'colcon_meta'
[0.315s] Level 1:colcon.colcon_core.package_identification:_identify(data/drive_dusk/lidar) by extensions ['ros']
[0.315s] Level 1:colcon.colcon_core.package_identification:_identify(data/drive_dusk/lidar) by extension 'ros'
[0.315s] Level 1:colcon.colcon_core.package_identification:_identify(data/drive_dusk/lidar) by extensions ['cmake', 'python']
[0.315s] Level 1:colcon.colcon_core.package_identification:_identify(data/drive_dusk/lidar) by extension 'cmake'
[0.315s] Level 1:colcon.colcon_core.package_identification:_identify(data/drive_dusk/lidar) by extension 'python'
[0.316s] Level 1:colcon.colcon_core.package_identification:_identify(data/drive_dusk/lidar) by extensions ['python_setup_py']
[0.316s] Level 1:colcon.colcon_core.package_identification:_identify(data/drive_dusk/lidar) by extension 'python_setup_py'
[0.319s] Level 1:colcon.colcon_core.package_identification:_identify(data/drive_dusk/radar) by extensions ['ignore', 'ignore_ament_install']
[0.319s] Level 1:colcon.colcon_core.package_identification:_identify(data/drive_dusk/radar) by extension 'ignore'
[0.319s] Level 1:colcon.colcon_core.package_identification:_identify(data/drive_dusk/radar) by extension 'ignore_ament_install'
[0.319s] Level 1:colcon.colcon_core.package_identification:_identify(data/drive_dusk/radar) by extensions ['colcon_pkg']
[0.319s] Level 1:colcon.colcon_core.package_identification:_identify(data/drive_dusk/radar) by extension 'colcon_pkg'
[0.319s] Level 1:colcon.colcon_core.package_identification:_identify(data/drive_dusk/radar) by extensions ['colcon_meta']
[0.319s] Level 1:colcon.colcon_core.package_identification:_identify(data/drive_dusk/radar) by extension 'colcon_meta'
[0.319s] Level 1:colcon.colcon_core.package_identification:_identify(data/drive_dusk/radar) by extensions ['ros']
[0.319s] Level 1:colcon.colcon_core.package_identification:_identify(data/drive_dusk/radar) by extension 'ros'
[0.319s] Level 1:colcon.colcon_core.package_identification:_identify(data/drive_dusk/radar) by extensions ['cmake', 'python']
[0.319s] Level 1:colcon.colcon_core.package_identification:_identify(data/drive_dusk/radar) by extension 'cmake'
[0.319s] Level 1:colcon.colcon_core.package_identification:_identify(data/drive_dusk/radar) by extension 'python'
[0.319s] Level 1:colcon.colcon_core.package_identification:_identify(data/drive_dusk/radar) by extensions ['python_setup_py']
[0.319s] Level 1:colcon.colcon_core.package_identification:_identify(data/drive_dusk/radar) by extension 'python_setup_py'
[0.319s] Level 1:colcon.colcon_core.package_identification:_identify(data/hku_data) by extensions ['ignore', 'ignore_ament_install']
[0.319s] Level 1:colcon.colcon_core.package_identification:_identify(data/hku_data) by extension 'ignore'
[0.319s] Level 1:colcon.colcon_core.package_identification:_identify(data/hku_data) by extension 'ignore_ament_install'
[0.319s] Level 1:colcon.colcon_core.package_identification:_identify(data/hku_data) by extensions ['colcon_pkg']
[0.319s] Level 1:colcon.colcon_core.package_identification:_identify(data/hku_data) by extension 'colcon_pkg'
[0.319s] Level 1:colcon.colcon_core.package_identification:_identify(data/hku_data) by extensions ['colcon_meta']
[0.319s] Level 1:colcon.colcon_core.package_identification:_identify(data/hku_data) by extension 'colcon_meta'
[0.319s] Level 1:colcon.colcon_core.package_identification:_identify(data/hku_data) by extensions ['ros']
[0.319s] Level 1:colcon.colcon_core.package_identification:_identify(data/hku_data) by extension 'ros'
[0.319s] Level 1:colcon.colcon_core.package_identification:_identify(data/hku_data) by extensions ['cmake', 'python']
[0.319s] Level 1:colcon.colcon_core.package_identification:_identify(data/hku_data) by extension 'cmake'
[0.319s] Level 1:colcon.colcon_core.package_identification:_identify(data/hku_data) by extension 'python'
[0.319s] Level 1:colcon.colcon_core.package_identification:_identify(data/hku_data) by extensions ['python_setup_py']
[0.319s] Level 1:colcon.colcon_core.package_identification:_identify(data/hku_data) by extension 'python_setup_py'
[0.319s] Level 1:colcon.colcon_core.package_identification:_identify(data/hku_data/hku_main_building_ros2_1776852898) by extensions ['ignore', 'ignore_ament_install']
[0.319s] Level 1:colcon.colcon_core.package_identification:_identify(data/hku_data/hku_main_building_ros2_1776852898) by extension 'ignore'
[0.319s] Level 1:colcon.colcon_core.package_identification:_identify(data/hku_data/hku_main_building_ros2_1776852898) by extension 'ignore_ament_install'
[0.319s] Level 1:colcon.colcon_core.package_identification:_identify(data/hku_data/hku_main_building_ros2_1776852898) by extensions ['colcon_pkg']
[0.319s] Level 1:colcon.colcon_core.package_identification:_identify(data/hku_data/hku_main_building_ros2_1776852898) by extension 'colcon_pkg'
[0.319s] Level 1:colcon.colcon_core.package_identification:_identify(data/hku_data/hku_main_building_ros2_1776852898) by extensions ['colcon_meta']
[0.319s] Level 1:colcon.colcon_core.package_identification:_identify(data/hku_data/hku_main_building_ros2_1776852898) by extension 'colcon_meta'
[0.319s] Level 1:colcon.colcon_core.package_identification:_identify(data/hku_data/hku_main_building_ros2_1776852898) by extensions ['ros']
[0.319s] Level 1:colcon.colcon_core.package_identification:_identify(data/hku_data/hku_main_building_ros2_1776852898) by extension 'ros'
[0.319s] Level 1:colcon.colcon_core.package_identification:_identify(data/hku_data/hku_main_building_ros2_1776852898) by extensions ['cmake', 'python']
[0.319s] Level 1:colcon.colcon_core.package_identification:_identify(data/hku_data/hku_main_building_ros2_1776852898) by extension 'cmake'
[0.319s] Level 1:colcon.colcon_core.package_identification:_identify(data/hku_data/hku_main_building_ros2_1776852898) by extension 'python'
[0.319s] Level 1:colcon.colcon_core.package_identification:_identify(data/hku_data/hku_main_building_ros2_1776852898) by extensions ['python_setup_py']
[0.319s] Level 1:colcon.colcon_core.package_identification:_identify(data/hku_data/hku_main_building_ros2_1776852898) by extension 'python_setup_py'
[0.320s] Level 1:colcon.colcon_core.package_identification:_identify(data/hku_data/hku_park_00_ros2_1776852756) by extensions ['ignore', 'ignore_ament_install']
[0.320s] Level 1:colcon.colcon_core.package_identification:_identify(data/hku_data/hku_park_00_ros2_1776852756) by extension 'ignore'
[0.320s] Level 1:colcon.colcon_core.package_identification:_identify(data/hku_data/hku_park_00_ros2_1776852756) by extension 'ignore_ament_install'
[0.320s] Level 1:colcon.colcon_core.package_identification:_identify(data/hku_data/hku_park_00_ros2_1776852756) by extensions ['colcon_pkg']
[0.320s] Level 1:colcon.colcon_core.package_identification:_identify(data/hku_data/hku_park_00_ros2_1776852756) by extension 'colcon_pkg'
[0.320s] Level 1:colcon.colcon_core.package_identification:_identify(data/hku_data/hku_park_00_ros2_1776852756) by extensions ['colcon_meta']
[0.320s] Level 1:colcon.colcon_core.package_identification:_identify(data/hku_data/hku_park_00_ros2_1776852756) by extension 'colcon_meta'
[0.320s] Level 1:colcon.colcon_core.package_identification:_identify(data/hku_data/hku_park_00_ros2_1776852756) by extensions ['ros']
[0.320s] Level 1:colcon.colcon_core.package_identification:_identify(data/hku_data/hku_park_00_ros2_1776852756) by extension 'ros'
[0.320s] Level 1:colcon.colcon_core.package_identification:_identify(data/hku_data/hku_park_00_ros2_1776852756) by extensions ['cmake', 'python']
[0.320s] Level 1:colcon.colcon_core.package_identification:_identify(data/hku_data/hku_park_00_ros2_1776852756) by extension 'cmake'
[0.320s] Level 1:colcon.colcon_core.package_identification:_identify(data/hku_data/hku_park_00_ros2_1776852756) by extension 'python'
[0.320s] Level 1:colcon.colcon_core.package_identification:_identify(data/hku_data/hku_park_00_ros2_1776852756) by extensions ['python_setup_py']
[0.320s] Level 1:colcon.colcon_core.package_identification:_identify(data/hku_data/hku_park_00_ros2_1776852756) by extension 'python_setup_py'
[0.320s] Level 1:colcon.colcon_core.package_identification:_identify(data/hku_data/hku_park_01_ros2_1776852815) by extensions ['ignore', 'ignore_ament_install']
[0.320s] Level 1:colcon.colcon_core.package_identification:_identify(data/hku_data/hku_park_01_ros2_1776852815) by extension 'ignore'
[0.320s] Level 1:colcon.colcon_core.package_identification:_identify(data/hku_data/hku_park_01_ros2_1776852815) by extension 'ignore_ament_install'
[0.320s] Level 1:colcon.colcon_core.package_identification:_identify(data/hku_data/hku_park_01_ros2_1776852815) by extensions ['colcon_pkg']
[0.320s] Level 1:colcon.colcon_core.package_identification:_identify(data/hku_data/hku_park_01_ros2_1776852815) by extension 'colcon_pkg'
[0.320s] Level 1:colcon.colcon_core.package_identification:_identify(data/hku_data/hku_park_01_ros2_1776852815) by extensions ['colcon_meta']
[0.320s] Level 1:colcon.colcon_core.package_identification:_identify(data/hku_data/hku_park_01_ros2_1776852815) by extension 'colcon_meta'
[0.320s] Level 1:colcon.colcon_core.package_identification:_identify(data/hku_data/hku_park_01_ros2_1776852815) by extensions ['ros']
[0.320s] Level 1:colcon.colcon_core.package_identification:_identify(data/hku_data/hku_park_01_ros2_1776852815) by extension 'ros'
[0.320s] Level 1:colcon.colcon_core.package_identification:_identify(data/hku_data/hku_park_01_ros2_1776852815) by extensions ['cmake', 'python']
[0.320s] Level 1:colcon.colcon_core.package_identification:_identify(data/hku_data/hku_park_01_ros2_1776852815) by extension 'cmake'
[0.320s] Level 1:colcon.colcon_core.package_identification:_identify(data/hku_data/hku_park_01_ros2_1776852815) by extension 'python'
[0.320s] Level 1:colcon.colcon_core.package_identification:_identify(data/hku_data/hku_park_01_ros2_1776852815) by extensions ['python_setup_py']
[0.320s] Level 1:colcon.colcon_core.package_identification:_identify(data/hku_data/hku_park_01_ros2_1776852815) by extension 'python_setup_py'
[0.320s] Level 1:colcon.colcon_core.package_identification:_identify(data/lidar_camera_calibration-master) by extensions ['ignore', 'ignore_ament_install']
[0.320s] Level 1:colcon.colcon_core.package_identification:_identify(data/lidar_camera_calibration-master) by extension 'ignore'
[0.320s] Level 1:colcon.colcon_core.package_identification:_identify(data/lidar_camera_calibration-master) by extension 'ignore_ament_install'
[0.320s] Level 1:colcon.colcon_core.package_identification:_identify(data/lidar_camera_calibration-master) by extensions ['colcon_pkg']
[0.320s] Level 1:colcon.colcon_core.package_identification:_identify(data/lidar_camera_calibration-master) by extension 'colcon_pkg'
[0.320s] Level 1:colcon.colcon_core.package_identification:_identify(data/lidar_camera_calibration-master) by extensions ['colcon_meta']
[0.320s] Level 1:colcon.colcon_core.package_identification:_identify(data/lidar_camera_calibration-master) by extension 'colcon_meta'
[0.320s] Level 1:colcon.colcon_core.package_identification:_identify(data/lidar_camera_calibration-master) by extensions ['ros']
[0.320s] Level 1:colcon.colcon_core.package_identification:_identify(data/lidar_camera_calibration-master) by extension 'ros'
[0.320s] Level 1:colcon.colcon_core.package_identification:_identify(data/lidar_camera_calibration-master) by extensions ['cmake', 'python']
[0.320s] Level 1:colcon.colcon_core.package_identification:_identify(data/lidar_camera_calibration-master) by extension 'cmake'
[0.320s] Level 1:colcon.colcon_core.package_identification:_identify(data/lidar_camera_calibration-master) by extension 'python'
[0.320s] Level 1:colcon.colcon_core.package_identification:_identify(data/lidar_camera_calibration-master) by extensions ['python_setup_py']
[0.320s] Level 1:colcon.colcon_core.package_identification:_identify(data/lidar_camera_calibration-master) by extension 'python_setup_py'
[0.321s] Level 1:colcon.colcon_core.package_identification:_identify(data/lidar_camera_calibration-master/calibration_data) by extensions ['ignore', 'ignore_ament_install']
[0.321s] Level 1:colcon.colcon_core.package_identification:_identify(data/lidar_camera_calibration-master/calibration_data) by extension 'ignore'
[0.321s] Level 1:colcon.colcon_core.package_identification:_identify(data/lidar_camera_calibration-master/calibration_data) by extension 'ignore_ament_install'
[0.321s] Level 1:colcon.colcon_core.package_identification:_identify(data/lidar_camera_calibration-master/calibration_data) by extensions ['colcon_pkg']
[0.321s] Level 1:colcon.colcon_core.package_identification:_identify(data/lidar_camera_calibration-master/calibration_data) by extension 'colcon_pkg'
[0.321s] Level 1:colcon.colcon_core.package_identification:_identify(data/lidar_camera_calibration-master/calibration_data) by extensions ['colcon_meta']
[0.321s] Level 1:colcon.colcon_core.package_identification:_identify(data/lidar_camera_calibration-master/calibration_data) by extension 'colcon_meta'
[0.321s] Level 1:colcon.colcon_core.package_identification:_identify(data/lidar_camera_calibration-master/calibration_data) by extensions ['ros']
[0.321s] Level 1:colcon.colcon_core.package_identification:_identify(data/lidar_camera_calibration-master/calibration_data) by extension 'ros'
[0.321s] Level 1:colcon.colcon_core.package_identification:_identify(data/lidar_camera_calibration-master/calibration_data) by extensions ['cmake', 'python']
[0.321s] Level 1:colcon.colcon_core.package_identification:_identify(data/lidar_camera_calibration-master/calibration_data) by extension 'cmake'
[0.321s] Level 1:colcon.colcon_core.package_identification:_identify(data/lidar_camera_calibration-master/calibration_data) by extension 'python'
[0.321s] Level 1:colcon.colcon_core.package_identification:_identify(data/lidar_camera_calibration-master/calibration_data) by extensions ['python_setup_py']
[0.321s] Level 1:colcon.colcon_core.package_identification:_identify(data/lidar_camera_calibration-master/calibration_data) by extension 'python_setup_py'
[0.321s] Level 1:colcon.colcon_core.package_identification:_identify(data/lidar_camera_calibration-master/calibration_data/camera_calibration) by extensions ['ignore', 'ignore_ament_install']
[0.321s] Level 1:colcon.colcon_core.package_identification:_identify(data/lidar_camera_calibration-master/calibration_data/camera_calibration) by extension 'ignore'
[0.321s] Level 1:colcon.colcon_core.package_identification:_identify(data/lidar_camera_calibration-master/calibration_data/camera_calibration) by extension 'ignore_ament_install'
[0.321s] Level 1:colcon.colcon_core.package_identification:_identify(data/lidar_camera_calibration-master/calibration_data/camera_calibration) by extensions ['colcon_pkg']
[0.321s] Level 1:colcon.colcon_core.package_identification:_identify(data/lidar_camera_calibration-master/calibration_data/camera_calibration) by extension 'colcon_pkg'
[0.321s] Level 1:colcon.colcon_core.package_identification:_identify(data/lidar_camera_calibration-master/calibration_data/camera_calibration) by extensions ['colcon_meta']
[0.321s] Level 1:colcon.colcon_core.package_identification:_identify(data/lidar_camera_calibration-master/calibration_data/camera_calibration) by extension 'colcon_meta'
[0.321s] Level 1:colcon.colcon_core.package_identification:_identify(data/lidar_camera_calibration-master/calibration_data/camera_calibration) by extensions ['ros']
[0.321s] Level 1:colcon.colcon_core.package_identification:_identify(data/lidar_camera_calibration-master/calibration_data/camera_calibration) by extension 'ros'
[0.321s] Level 1:colcon.colcon_core.package_identification:_identify(data/lidar_camera_calibration-master/calibration_data/camera_calibration) by extensions ['cmake', 'python']
[0.321s] Level 1:colcon.colcon_core.package_identification:_identify(data/lidar_camera_calibration-master/calibration_data/camera_calibration) by extension 'cmake'
[0.321s] Level 1:colcon.colcon_core.package_identification:_identify(data/lidar_camera_calibration-master/calibration_data/camera_calibration) by extension 'python'
[0.321s] Level 1:colcon.colcon_core.package_identification:_identify(data/lidar_camera_calibration-master/calibration_data/camera_calibration) by extensions ['python_setup_py']
[0.321s] Level 1:colcon.colcon_core.package_identification:_identify(data/lidar_camera_calibration-master/calibration_data/camera_calibration) by extension 'python_setup_py'
[0.321s] Level 1:colcon.colcon_core.package_identification:_identify(data/my_dataset) by extensions ['ignore', 'ignore_ament_install']
[0.321s] Level 1:colcon.colcon_core.package_identification:_identify(data/my_dataset) by extension 'ignore'
[0.321s] Level 1:colcon.colcon_core.package_identification:_identify(data/my_dataset) by extension 'ignore_ament_install'
[0.321s] Level 1:colcon.colcon_core.package_identification:_identify(data/my_dataset) by extensions ['colcon_pkg']
[0.321s] Level 1:colcon.colcon_core.package_identification:_identify(data/my_dataset) by extension 'colcon_pkg'
[0.321s] Level 1:colcon.colcon_core.package_identification:_identify(data/my_dataset) by extensions ['colcon_meta']
[0.321s] Level 1:colcon.colcon_core.package_identification:_identify(data/my_dataset) by extension 'colcon_meta'
[0.321s] Level 1:colcon.colcon_core.package_identification:_identify(data/my_dataset) by extensions ['ros']
[0.321s] Level 1:colcon.colcon_core.package_identification:_identify(data/my_dataset) by extension 'ros'
[0.321s] Level 1:colcon.colcon_core.package_identification:_identify(data/my_dataset) by extensions ['cmake', 'python']
[0.321s] Level 1:colcon.colcon_core.package_identification:_identify(data/my_dataset) by extension 'cmake'
[0.321s] Level 1:colcon.colcon_core.package_identification:_identify(data/my_dataset) by extension 'python'
[0.321s] Level 1:colcon.colcon_core.package_identification:_identify(data/my_dataset) by extensions ['python_setup_py']
[0.321s] Level 1:colcon.colcon_core.package_identification:_identify(data/my_dataset) by extension 'python_setup_py'
[0.321s] Level 1:colcon.colcon_core.package_identification:_identify(data/my_dataset/1) by extensions ['ignore', 'ignore_ament_install']
[0.321s] Level 1:colcon.colcon_core.package_identification:_identify(data/my_dataset/1) by extension 'ignore'
[0.322s] Level 1:colcon.colcon_core.package_identification:_identify(data/my_dataset/1) by extension 'ignore_ament_install'
[0.322s] Level 1:colcon.colcon_core.package_identification:_identify(data/my_dataset/1) by extensions ['colcon_pkg']
[0.322s] Level 1:colcon.colcon_core.package_identification:_identify(data/my_dataset/1) by extension 'colcon_pkg'
[0.322s] Level 1:colcon.colcon_core.package_identification:_identify(data/my_dataset/1) by extensions ['colcon_meta']
[0.322s] Level 1:colcon.colcon_core.package_identification:_identify(data/my_dataset/1) by extension 'colcon_meta'
[0.322s] Level 1:colcon.colcon_core.package_identification:_identify(data/my_dataset/1) by extensions ['ros']
[0.322s] Level 1:colcon.colcon_core.package_identification:_identify(data/my_dataset/1) by extension 'ros'
[0.322s] Level 1:colcon.colcon_core.package_identification:_identify(data/my_dataset/1) by extensions ['cmake', 'python']
[0.322s] Level 1:colcon.colcon_core.package_identification:_identify(data/my_dataset/1) by extension 'cmake'
[0.322s] Level 1:colcon.colcon_core.package_identification:_identify(data/my_dataset/1) by extension 'python'
[0.322s] Level 1:colcon.colcon_core.package_identification:_identify(data/my_dataset/1) by extensions ['python_setup_py']
[0.322s] Level 1:colcon.colcon_core.package_identification:_identify(data/my_dataset/1) by extension 'python_setup_py'
[0.322s] Level 1:colcon.colcon_core.package_identification:_identify(data/my_dataset/2) by extensions ['ignore', 'ignore_ament_install']
[0.322s] Level 1:colcon.colcon_core.package_identification:_identify(data/my_dataset/2) by extension 'ignore'
[0.322s] Level 1:colcon.colcon_core.package_identification:_identify(data/my_dataset/2) by extension 'ignore_ament_install'
[0.322s] Level 1:colcon.colcon_core.package_identification:_identify(data/my_dataset/2) by extensions ['colcon_pkg']
[0.322s] Level 1:colcon.colcon_core.package_identification:_identify(data/my_dataset/2) by extension 'colcon_pkg'
[0.322s] Level 1:colcon.colcon_core.package_identification:_identify(data/my_dataset/2) by extensions ['colcon_meta']
[0.322s] Level 1:colcon.colcon_core.package_identification:_identify(data/my_dataset/2) by extension 'colcon_meta'
[0.322s] Level 1:colcon.colcon_core.package_identification:_identify(data/my_dataset/2) by extensions ['ros']
[0.322s] Level 1:colcon.colcon_core.package_identification:_identify(data/my_dataset/2) by extension 'ros'
[0.322s] Level 1:colcon.colcon_core.package_identification:_identify(data/my_dataset/2) by extensions ['cmake', 'python']
[0.322s] Level 1:colcon.colcon_core.package_identification:_identify(data/my_dataset/2) by extension 'cmake'
[0.322s] Level 1:colcon.colcon_core.package_identification:_identify(data/my_dataset/2) by extension 'python'
[0.322s] Level 1:colcon.colcon_core.package_identification:_identify(data/my_dataset/2) by extensions ['python_setup_py']
[0.322s] Level 1:colcon.colcon_core.package_identification:_identify(data/my_dataset/2) by extension 'python_setup_py'
[0.322s] Level 1:colcon.colcon_core.package_identification:_identify(data/ntu_day_02) by extensions ['ignore', 'ignore_ament_install']
[0.322s] Level 1:colcon.colcon_core.package_identification:_identify(data/ntu_day_02) by extension 'ignore'
[0.322s] Level 1:colcon.colcon_core.package_identification:_identify(data/ntu_day_02) by extension 'ignore_ament_install'
[0.322s] Level 1:colcon.colcon_core.package_identification:_identify(data/ntu_day_02) by extensions ['colcon_pkg']
[0.322s] Level 1:colcon.colcon_core.package_identification:_identify(data/ntu_day_02) by extension 'colcon_pkg'
[0.322s] Level 1:colcon.colcon_core.package_identification:_identify(data/ntu_day_02) by extensions ['colcon_meta']
[0.322s] Level 1:colcon.colcon_core.package_identification:_identify(data/ntu_day_02) by extension 'colcon_meta'
[0.322s] Level 1:colcon.colcon_core.package_identification:_identify(data/ntu_day_02) by extensions ['ros']
[0.322s] Level 1:colcon.colcon_core.package_identification:_identify(data/ntu_day_02) by extension 'ros'
[0.322s] Level 1:colcon.colcon_core.package_identification:_identify(data/ntu_day_02) by extensions ['cmake', 'python']
[0.322s] Level 1:colcon.colcon_core.package_identification:_identify(data/ntu_day_02) by extension 'cmake'
[0.322s] Level 1:colcon.colcon_core.package_identification:_identify(data/ntu_day_02) by extension 'python'
[0.322s] Level 1:colcon.colcon_core.package_identification:_identify(data/ntu_day_02) by extensions ['python_setup_py']
[0.322s] Level 1:colcon.colcon_core.package_identification:_identify(data/ntu_day_02) by extension 'python_setup_py'
[0.322s] Level 1:colcon.colcon_core.package_identification:_identify(data/ntu_day_02/ntu_merged) by extensions ['ignore', 'ignore_ament_install']
[0.322s] Level 1:colcon.colcon_core.package_identification:_identify(data/ntu_day_02/ntu_merged) by extension 'ignore'
[0.322s] Level 1:colcon.colcon_core.package_identification:_identify(data/ntu_day_02/ntu_merged) by extension 'ignore_ament_install'
[0.322s] Level 1:colcon.colcon_core.package_identification:_identify(data/ntu_day_02/ntu_merged) by extensions ['colcon_pkg']
[0.322s] Level 1:colcon.colcon_core.package_identification:_identify(data/ntu_day_02/ntu_merged) by extension 'colcon_pkg'
[0.322s] Level 1:colcon.colcon_core.package_identification:_identify(data/ntu_day_02/ntu_merged) by extensions ['colcon_meta']
[0.322s] Level 1:colcon.colcon_core.package_identification:_identify(data/ntu_day_02/ntu_merged) by extension 'colcon_meta'
[0.322s] Level 1:colcon.colcon_core.package_identification:_identify(data/ntu_day_02/ntu_merged) by extensions ['ros']
[0.322s] Level 1:colcon.colcon_core.package_identification:_identify(data/ntu_day_02/ntu_merged) by extension 'ros'
[0.322s] Level 1:colcon.colcon_core.package_identification:_identify(data/ntu_day_02/ntu_merged) by extensions ['cmake', 'python']
[0.322s] Level 1:colcon.colcon_core.package_identification:_identify(data/ntu_day_02/ntu_merged) by extension 'cmake'
[0.323s] Level 1:colcon.colcon_core.package_identification:_identify(data/ntu_day_02/ntu_merged) by extension 'python'
[0.323s] Level 1:colcon.colcon_core.package_identification:_identify(data/ntu_day_02/ntu_merged) by extensions ['python_setup_py']
[0.323s] Level 1:colcon.colcon_core.package_identification:_identify(data/ntu_day_02/ntu_merged) by extension 'python_setup_py'
[0.323s] Level 1:colcon.colcon_core.package_identification:_identify(data/ntu_day_02/ntu_trimmed) by extensions ['ignore', 'ignore_ament_install']
[0.323s] Level 1:colcon.colcon_core.package_identification:_identify(data/ntu_day_02/ntu_trimmed) by extension 'ignore'
[0.323s] Level 1:colcon.colcon_core.package_identification:_identify(data/ntu_day_02/ntu_trimmed) by extension 'ignore_ament_install'
[0.323s] Level 1:colcon.colcon_core.package_identification:_identify(data/ntu_day_02/ntu_trimmed) by extensions ['colcon_pkg']
[0.323s] Level 1:colcon.colcon_core.package_identification:_identify(data/ntu_day_02/ntu_trimmed) by extension 'colcon_pkg'
[0.323s] Level 1:colcon.colcon_core.package_identification:_identify(data/ntu_day_02/ntu_trimmed) by extensions ['colcon_meta']
[0.323s] Level 1:colcon.colcon_core.package_identification:_identify(data/ntu_day_02/ntu_trimmed) by extension 'colcon_meta'
[0.323s] Level 1:colcon.colcon_core.package_identification:_identify(data/ntu_day_02/ntu_trimmed) by extensions ['ros']
[0.323s] Level 1:colcon.colcon_core.package_identification:_identify(data/ntu_day_02/ntu_trimmed) by extension 'ros'
[0.323s] Level 1:colcon.colcon_core.package_identification:_identify(data/ntu_day_02/ntu_trimmed) by extensions ['cmake', 'python']
[0.323s] Level 1:colcon.colcon_core.package_identification:_identify(data/ntu_day_02/ntu_trimmed) by extension 'cmake'
[0.323s] Level 1:colcon.colcon_core.package_identification:_identify(data/ntu_day_02/ntu_trimmed) by extension 'python'
[0.323s] Level 1:colcon.colcon_core.package_identification:_identify(data/ntu_day_02/ntu_trimmed) by extensions ['python_setup_py']
[0.323s] Level 1:colcon.colcon_core.package_identification:_identify(data/ntu_day_02/ntu_trimmed) by extension 'python_setup_py'
[0.323s] Level 1:colcon.colcon_core.package_identification:_identify(data/ntu_day_02/ros1) by extensions ['ignore', 'ignore_ament_install']
[0.323s] Level 1:colcon.colcon_core.package_identification:_identify(data/ntu_day_02/ros1) by extension 'ignore'
[0.323s] Level 1:colcon.colcon_core.package_identification:_identify(data/ntu_day_02/ros1) by extension 'ignore_ament_install'
[0.323s] Level 1:colcon.colcon_core.package_identification:_identify(data/ntu_day_02/ros1) by extensions ['colcon_pkg']
[0.323s] Level 1:colcon.colcon_core.package_identification:_identify(data/ntu_day_02/ros1) by extension 'colcon_pkg'
[0.323s] Level 1:colcon.colcon_core.package_identification:_identify(data/ntu_day_02/ros1) by extensions ['colcon_meta']
[0.323s] Level 1:colcon.colcon_core.package_identification:_identify(data/ntu_day_02/ros1) by extension 'colcon_meta'
[0.323s] Level 1:colcon.colcon_core.package_identification:_identify(data/ntu_day_02/ros1) by extensions ['ros']
[0.323s] Level 1:colcon.colcon_core.package_identification:_identify(data/ntu_day_02/ros1) by extension 'ros'
[0.323s] Level 1:colcon.colcon_core.package_identification:_identify(data/ntu_day_02/ros1) by extensions ['cmake', 'python']
[0.323s] Level 1:colcon.colcon_core.package_identification:_identify(data/ntu_day_02/ros1) by extension 'cmake'
[0.323s] Level 1:colcon.colcon_core.package_identification:_identify(data/ntu_day_02/ros1) by extension 'python'
[0.323s] Level 1:colcon.colcon_core.package_identification:_identify(data/ntu_day_02/ros1) by extensions ['python_setup_py']
[0.323s] Level 1:colcon.colcon_core.package_identification:_identify(data/ntu_day_02/ros1) by extension 'python_setup_py'
[0.323s] Level 1:colcon.colcon_core.package_identification:_identify(data/ntu_day_02/ros1/ntu_day_02_ltpb) by extensions ['ignore', 'ignore_ament_install']
[0.323s] Level 1:colcon.colcon_core.package_identification:_identify(data/ntu_day_02/ros1/ntu_day_02_ltpb) by extension 'ignore'
[0.323s] Level 1:colcon.colcon_core.package_identification:_identify(data/ntu_day_02/ros1/ntu_day_02_ltpb) by extension 'ignore_ament_install'
[0.323s] Level 1:colcon.colcon_core.package_identification:_identify(data/ntu_day_02/ros1/ntu_day_02_ltpb) by extensions ['colcon_pkg']
[0.323s] Level 1:colcon.colcon_core.package_identification:_identify(data/ntu_day_02/ros1/ntu_day_02_ltpb) by extension 'colcon_pkg'
[0.323s] Level 1:colcon.colcon_core.package_identification:_identify(data/ntu_day_02/ros1/ntu_day_02_ltpb) by extensions ['colcon_meta']
[0.323s] Level 1:colcon.colcon_core.package_identification:_identify(data/ntu_day_02/ros1/ntu_day_02_ltpb) by extension 'colcon_meta'
[0.323s] Level 1:colcon.colcon_core.package_identification:_identify(data/ntu_day_02/ros1/ntu_day_02_ltpb) by extensions ['ros']
[0.323s] Level 1:colcon.colcon_core.package_identification:_identify(data/ntu_day_02/ros1/ntu_day_02_ltpb) by extension 'ros'
[0.323s] Level 1:colcon.colcon_core.package_identification:_identify(data/ntu_day_02/ros1/ntu_day_02_ltpb) by extensions ['cmake', 'python']
[0.323s] Level 1:colcon.colcon_core.package_identification:_identify(data/ntu_day_02/ros1/ntu_day_02_ltpb) by extension 'cmake'
[0.323s] Level 1:colcon.colcon_core.package_identification:_identify(data/ntu_day_02/ros1/ntu_day_02_ltpb) by extension 'python'
[0.323s] Level 1:colcon.colcon_core.package_identification:_identify(data/ntu_day_02/ros1/ntu_day_02_ltpb) by extensions ['python_setup_py']
[0.324s] Level 1:colcon.colcon_core.package_identification:_identify(data/ntu_day_02/ros1/ntu_day_02_ltpb) by extension 'python_setup_py'
[0.324s] Level 1:colcon.colcon_core.package_identification:_identify(data/ntu_day_02/ros1/ntu_day_02_vn200) by extensions ['ignore', 'ignore_ament_install']
[0.324s] Level 1:colcon.colcon_core.package_identification:_identify(data/ntu_day_02/ros1/ntu_day_02_vn200) by extension 'ignore'
[0.324s] Level 1:colcon.colcon_core.package_identification:_identify(data/ntu_day_02/ros1/ntu_day_02_vn200) by extension 'ignore_ament_install'
[0.324s] Level 1:colcon.colcon_core.package_identification:_identify(data/ntu_day_02/ros1/ntu_day_02_vn200) by extensions ['colcon_pkg']
[0.324s] Level 1:colcon.colcon_core.package_identification:_identify(data/ntu_day_02/ros1/ntu_day_02_vn200) by extension 'colcon_pkg'
[0.324s] Level 1:colcon.colcon_core.package_identification:_identify(data/ntu_day_02/ros1/ntu_day_02_vn200) by extensions ['colcon_meta']
[0.324s] Level 1:colcon.colcon_core.package_identification:_identify(data/ntu_day_02/ros1/ntu_day_02_vn200) by extension 'colcon_meta'
[0.324s] Level 1:colcon.colcon_core.package_identification:_identify(data/ntu_day_02/ros1/ntu_day_02_vn200) by extensions ['ros']
[0.324s] Level 1:colcon.colcon_core.package_identification:_identify(data/ntu_day_02/ros1/ntu_day_02_vn200) by extension 'ros'
[0.324s] Level 1:colcon.colcon_core.package_identification:_identify(data/ntu_day_02/ros1/ntu_day_02_vn200) by extensions ['cmake', 'python']
[0.324s] Level 1:colcon.colcon_core.package_identification:_identify(data/ntu_day_02/ros1/ntu_day_02_vn200) by extension 'cmake'
[0.324s] Level 1:colcon.colcon_core.package_identification:_identify(data/ntu_day_02/ros1/ntu_day_02_vn200) by extension 'python'
[0.324s] Level 1:colcon.colcon_core.package_identification:_identify(data/ntu_day_02/ros1/ntu_day_02_vn200) by extensions ['python_setup_py']
[0.324s] Level 1:colcon.colcon_core.package_identification:_identify(data/ntu_day_02/ros1/ntu_day_02_vn200) by extension 'python_setup_py'
[0.324s] Level 1:colcon.colcon_core.package_identification:_identify(data/ntu_day_02/rosbag2_os1) by extensions ['ignore', 'ignore_ament_install']
[0.324s] Level 1:colcon.colcon_core.package_identification:_identify(data/ntu_day_02/rosbag2_os1) by extension 'ignore'
[0.324s] Level 1:colcon.colcon_core.package_identification:_identify(data/ntu_day_02/rosbag2_os1) by extension 'ignore_ament_install'
[0.324s] Level 1:colcon.colcon_core.package_identification:_identify(data/ntu_day_02/rosbag2_os1) by extensions ['colcon_pkg']
[0.324s] Level 1:colcon.colcon_core.package_identification:_identify(data/ntu_day_02/rosbag2_os1) by extension 'colcon_pkg'
[0.324s] Level 1:colcon.colcon_core.package_identification:_identify(data/ntu_day_02/rosbag2_os1) by extensions ['colcon_meta']
[0.324s] Level 1:colcon.colcon_core.package_identification:_identify(data/ntu_day_02/rosbag2_os1) by extension 'colcon_meta'
[0.324s] Level 1:colcon.colcon_core.package_identification:_identify(data/ntu_day_02/rosbag2_os1) by extensions ['ros']
[0.324s] Level 1:colcon.colcon_core.package_identification:_identify(data/ntu_day_02/rosbag2_os1) by extension 'ros'
[0.324s] Level 1:colcon.colcon_core.package_identification:_identify(data/ntu_day_02/rosbag2_os1) by extensions ['cmake', 'python']
[0.324s] Level 1:colcon.colcon_core.package_identification:_identify(data/ntu_day_02/rosbag2_os1) by extension 'cmake'
[0.324s] Level 1:colcon.colcon_core.package_identification:_identify(data/ntu_day_02/rosbag2_os1) by extension 'python'
[0.324s] Level 1:colcon.colcon_core.package_identification:_identify(data/ntu_day_02/rosbag2_os1) by extensions ['python_setup_py']
[0.324s] Level 1:colcon.colcon_core.package_identification:_identify(data/ntu_day_02/rosbag2_os1) by extension 'python_setup_py'
[0.324s] Level 1:colcon.colcon_core.package_identification:_identify(data/nuscenes_trainval) by extensions ['ignore', 'ignore_ament_install']
[0.324s] Level 1:colcon.colcon_core.package_identification:_identify(data/nuscenes_trainval) by extension 'ignore'
[0.324s] Level 1:colcon.colcon_core.package_identification:_identify(data/nuscenes_trainval) by extension 'ignore_ament_install'
[0.324s] Level 1:colcon.colcon_core.package_identification:_identify(data/nuscenes_trainval) by extensions ['colcon_pkg']
[0.324s] Level 1:colcon.colcon_core.package_identification:_identify(data/nuscenes_trainval) by extension 'colcon_pkg'
[0.324s] Level 1:colcon.colcon_core.package_identification:_identify(data/nuscenes_trainval) by extensions ['colcon_meta']
[0.324s] Level 1:colcon.colcon_core.package_identification:_identify(data/nuscenes_trainval) by extension 'colcon_meta'
[0.324s] Level 1:colcon.colcon_core.package_identification:_identify(data/nuscenes_trainval) by extensions ['ros']
[0.324s] Level 1:colcon.colcon_core.package_identification:_identify(data/nuscenes_trainval) by extension 'ros'
[0.324s] Level 1:colcon.colcon_core.package_identification:_identify(data/nuscenes_trainval) by extensions ['cmake', 'python']
[0.324s] Level 1:colcon.colcon_core.package_identification:_identify(data/nuscenes_trainval) by extension 'cmake'
[0.324s] Level 1:colcon.colcon_core.package_identification:_identify(data/nuscenes_trainval) by extension 'python'
[0.324s] Level 1:colcon.colcon_core.package_identification:_identify(data/nuscenes_trainval) by extensions ['python_setup_py']
[0.324s] Level 1:colcon.colcon_core.package_identification:_identify(data/nuscenes_trainval) by extension 'python_setup_py'
[0.325s] Level 1:colcon.colcon_core.package_identification:_identify(data/nuscenes_trainval/cam_back) by extensions ['ignore', 'ignore_ament_install']
[0.325s] Level 1:colcon.colcon_core.package_identification:_identify(data/nuscenes_trainval/cam_back) by extension 'ignore'
[0.325s] Level 1:colcon.colcon_core.package_identification:_identify(data/nuscenes_trainval/cam_back) by extension 'ignore_ament_install'
[0.325s] Level 1:colcon.colcon_core.package_identification:_identify(data/nuscenes_trainval/cam_back) by extensions ['colcon_pkg']
[0.325s] Level 1:colcon.colcon_core.package_identification:_identify(data/nuscenes_trainval/cam_back) by extension 'colcon_pkg'
[0.325s] Level 1:colcon.colcon_core.package_identification:_identify(data/nuscenes_trainval/cam_back) by extensions ['colcon_meta']
[0.325s] Level 1:colcon.colcon_core.package_identification:_identify(data/nuscenes_trainval/cam_back) by extension 'colcon_meta'
[0.325s] Level 1:colcon.colcon_core.package_identification:_identify(data/nuscenes_trainval/cam_back) by extensions ['ros']
[0.325s] Level 1:colcon.colcon_core.package_identification:_identify(data/nuscenes_trainval/cam_back) by extension 'ros'
[0.325s] Level 1:colcon.colcon_core.package_identification:_identify(data/nuscenes_trainval/cam_back) by extensions ['cmake', 'python']
[0.325s] Level 1:colcon.colcon_core.package_identification:_identify(data/nuscenes_trainval/cam_back) by extension 'cmake'
[0.325s] Level 1:colcon.colcon_core.package_identification:_identify(data/nuscenes_trainval/cam_back) by extension 'python'
[0.325s] Level 1:colcon.colcon_core.package_identification:_identify(data/nuscenes_trainval/cam_back) by extensions ['python_setup_py']
[0.325s] Level 1:colcon.colcon_core.package_identification:_identify(data/nuscenes_trainval/cam_back) by extension 'python_setup_py'
[0.326s] Level 1:colcon.colcon_core.package_identification:_identify(data/nuscenes_trainval/cam_back_left) by extensions ['ignore', 'ignore_ament_install']
[0.326s] Level 1:colcon.colcon_core.package_identification:_identify(data/nuscenes_trainval/cam_back_left) by extension 'ignore'
[0.326s] Level 1:colcon.colcon_core.package_identification:_identify(data/nuscenes_trainval/cam_back_left) by extension 'ignore_ament_install'
[0.326s] Level 1:colcon.colcon_core.package_identification:_identify(data/nuscenes_trainval/cam_back_left) by extensions ['colcon_pkg']
[0.326s] Level 1:colcon.colcon_core.package_identification:_identify(data/nuscenes_trainval/cam_back_left) by extension 'colcon_pkg'
[0.326s] Level 1:colcon.colcon_core.package_identification:_identify(data/nuscenes_trainval/cam_back_left) by extensions ['colcon_meta']
[0.326s] Level 1:colcon.colcon_core.package_identification:_identify(data/nuscenes_trainval/cam_back_left) by extension 'colcon_meta'
[0.326s] Level 1:colcon.colcon_core.package_identification:_identify(data/nuscenes_trainval/cam_back_left) by extensions ['ros']
[0.326s] Level 1:colcon.colcon_core.package_identification:_identify(data/nuscenes_trainval/cam_back_left) by extension 'ros'
[0.326s] Level 1:colcon.colcon_core.package_identification:_identify(data/nuscenes_trainval/cam_back_left) by extensions ['cmake', 'python']
[0.326s] Level 1:colcon.colcon_core.package_identification:_identify(data/nuscenes_trainval/cam_back_left) by extension 'cmake'
[0.326s] Level 1:colcon.colcon_core.package_identification:_identify(data/nuscenes_trainval/cam_back_left) by extension 'python'
[0.326s] Level 1:colcon.colcon_core.package_identification:_identify(data/nuscenes_trainval/cam_back_left) by extensions ['python_setup_py']
[0.326s] Level 1:colcon.colcon_core.package_identification:_identify(data/nuscenes_trainval/cam_back_left) by extension 'python_setup_py'
[0.326s] Level 1:colcon.colcon_core.package_identification:_identify(data/nuscenes_trainval/cam_back_right) by extensions ['ignore', 'ignore_ament_install']
[0.326s] Level 1:colcon.colcon_core.package_identification:_identify(data/nuscenes_trainval/cam_back_right) by extension 'ignore'
[0.326s] Level 1:colcon.colcon_core.package_identification:_identify(data/nuscenes_trainval/cam_back_right) by extension 'ignore_ament_install'
[0.327s] Level 1:colcon.colcon_core.package_identification:_identify(data/nuscenes_trainval/cam_back_right) by extensions ['colcon_pkg']
[0.327s] Level 1:colcon.colcon_core.package_identification:_identify(data/nuscenes_trainval/cam_back_right) by extension 'colcon_pkg'
[0.327s] Level 1:colcon.colcon_core.package_identification:_identify(data/nuscenes_trainval/cam_back_right) by extensions ['colcon_meta']
[0.327s] Level 1:colcon.colcon_core.package_identification:_identify(data/nuscenes_trainval/cam_back_right) by extension 'colcon_meta'
[0.327s] Level 1:colcon.colcon_core.package_identification:_identify(data/nuscenes_trainval/cam_back_right) by extensions ['ros']
[0.327s] Level 1:colcon.colcon_core.package_identification:_identify(data/nuscenes_trainval/cam_back_right) by extension 'ros'
[0.327s] Level 1:colcon.colcon_core.package_identification:_identify(data/nuscenes_trainval/cam_back_right) by extensions ['cmake', 'python']
[0.327s] Level 1:colcon.colcon_core.package_identification:_identify(data/nuscenes_trainval/cam_back_right) by extension 'cmake'
[0.327s] Level 1:colcon.colcon_core.package_identification:_identify(data/nuscenes_trainval/cam_back_right) by extension 'python'
[0.327s] Level 1:colcon.colcon_core.package_identification:_identify(data/nuscenes_trainval/cam_back_right) by extensions ['python_setup_py']
[0.327s] Level 1:colcon.colcon_core.package_identification:_identify(data/nuscenes_trainval/cam_back_right) by extension 'python_setup_py'
[0.327s] Level 1:colcon.colcon_core.package_identification:_identify(data/nuscenes_trainval/cam_front) by extensions ['ignore', 'ignore_ament_install']
[0.327s] Level 1:colcon.colcon_core.package_identification:_identify(data/nuscenes_trainval/cam_front) by extension 'ignore'
[0.327s] Level 1:colcon.colcon_core.package_identification:_identify(data/nuscenes_trainval/cam_front) by extension 'ignore_ament_install'
[0.328s] Level 1:colcon.colcon_core.package_identification:_identify(data/nuscenes_trainval/cam_front) by extensions ['colcon_pkg']
[0.328s] Level 1:colcon.colcon_core.package_identification:_identify(data/nuscenes_trainval/cam_front) by extension 'colcon_pkg'
[0.328s] Level 1:colcon.colcon_core.package_identification:_identify(data/nuscenes_trainval/cam_front) by extensions ['colcon_meta']
[0.328s] Level 1:colcon.colcon_core.package_identification:_identify(data/nuscenes_trainval/cam_front) by extension 'colcon_meta'
[0.328s] Level 1:colcon.colcon_core.package_identification:_identify(data/nuscenes_trainval/cam_front) by extensions ['ros']
[0.328s] Level 1:colcon.colcon_core.package_identification:_identify(data/nuscenes_trainval/cam_front) by extension 'ros'
[0.328s] Level 1:colcon.colcon_core.package_identification:_identify(data/nuscenes_trainval/cam_front) by extensions ['cmake', 'python']
[0.328s] Level 1:colcon.colcon_core.package_identification:_identify(data/nuscenes_trainval/cam_front) by extension 'cmake'
[0.328s] Level 1:colcon.colcon_core.package_identification:_identify(data/nuscenes_trainval/cam_front) by extension 'python'
[0.328s] Level 1:colcon.colcon_core.package_identification:_identify(data/nuscenes_trainval/cam_front) by extensions ['python_setup_py']
[0.328s] Level 1:colcon.colcon_core.package_identification:_identify(data/nuscenes_trainval/cam_front) by extension 'python_setup_py'
[0.328s] Level 1:colcon.colcon_core.package_identification:_identify(data/nuscenes_trainval/cam_front_left) by extensions ['ignore', 'ignore_ament_install']
[0.328s] Level 1:colcon.colcon_core.package_identification:_identify(data/nuscenes_trainval/cam_front_left) by extension 'ignore'
[0.328s] Level 1:colcon.colcon_core.package_identification:_identify(data/nuscenes_trainval/cam_front_left) by extension 'ignore_ament_install'
[0.328s] Level 1:colcon.colcon_core.package_identification:_identify(data/nuscenes_trainval/cam_front_left) by extensions ['colcon_pkg']
[0.328s] Level 1:colcon.colcon_core.package_identification:_identify(data/nuscenes_trainval/cam_front_left) by extension 'colcon_pkg'
[0.328s] Level 1:colcon.colcon_core.package_identification:_identify(data/nuscenes_trainval/cam_front_left) by extensions ['colcon_meta']
[0.329s] Level 1:colcon.colcon_core.package_identification:_identify(data/nuscenes_trainval/cam_front_left) by extension 'colcon_meta'
[0.329s] Level 1:colcon.colcon_core.package_identification:_identify(data/nuscenes_trainval/cam_front_left) by extensions ['ros']
[0.329s] Level 1:colcon.colcon_core.package_identification:_identify(data/nuscenes_trainval/cam_front_left) by extension 'ros'
[0.329s] Level 1:colcon.colcon_core.package_identification:_identify(data/nuscenes_trainval/cam_front_left) by extensions ['cmake', 'python']
[0.329s] Level 1:colcon.colcon_core.package_identification:_identify(data/nuscenes_trainval/cam_front_left) by extension 'cmake'
[0.329s] Level 1:colcon.colcon_core.package_identification:_identify(data/nuscenes_trainval/cam_front_left) by extension 'python'
[0.329s] Level 1:colcon.colcon_core.package_identification:_identify(data/nuscenes_trainval/cam_front_left) by extensions ['python_setup_py']
[0.329s] Level 1:colcon.colcon_core.package_identification:_identify(data/nuscenes_trainval/cam_front_left) by extension 'python_setup_py'
[0.329s] Level 1:colcon.colcon_core.package_identification:_identify(data/nuscenes_trainval/cam_front_right) by extensions ['ignore', 'ignore_ament_install']
[0.329s] Level 1:colcon.colcon_core.package_identification:_identify(data/nuscenes_trainval/cam_front_right) by extension 'ignore'
[0.329s] Level 1:colcon.colcon_core.package_identification:_identify(data/nuscenes_trainval/cam_front_right) by extension 'ignore_ament_install'
[0.329s] Level 1:colcon.colcon_core.package_identification:_identify(data/nuscenes_trainval/cam_front_right) by extensions ['colcon_pkg']
[0.329s] Level 1:colcon.colcon_core.package_identification:_identify(data/nuscenes_trainval/cam_front_right) by extension 'colcon_pkg'
[0.329s] Level 1:colcon.colcon_core.package_identification:_identify(data/nuscenes_trainval/cam_front_right) by extensions ['colcon_meta']
[0.329s] Level 1:colcon.colcon_core.package_identification:_identify(data/nuscenes_trainval/cam_front_right) by extension 'colcon_meta'
[0.329s] Level 1:colcon.colcon_core.package_identification:_identify(data/nuscenes_trainval/cam_front_right) by extensions ['ros']
[0.329s] Level 1:colcon.colcon_core.package_identification:_identify(data/nuscenes_trainval/cam_front_right) by extension 'ros'
[0.329s] Level 1:colcon.colcon_core.package_identification:_identify(data/nuscenes_trainval/cam_front_right) by extensions ['cmake', 'python']
[0.329s] Level 1:colcon.colcon_core.package_identification:_identify(data/nuscenes_trainval/cam_front_right) by extension 'cmake'
[0.329s] Level 1:colcon.colcon_core.package_identification:_identify(data/nuscenes_trainval/cam_front_right) by extension 'python'
[0.329s] Level 1:colcon.colcon_core.package_identification:_identify(data/nuscenes_trainval/cam_front_right) by extensions ['python_setup_py']
[0.329s] Level 1:colcon.colcon_core.package_identification:_identify(data/nuscenes_trainval/cam_front_right) by extension 'python_setup_py'
[0.330s] Level 1:colcon.colcon_core.package_identification:_identify(data/nuscenes_trainval/lidar_top_pcd) by extensions ['ignore', 'ignore_ament_install']
[0.330s] Level 1:colcon.colcon_core.package_identification:_identify(data/nuscenes_trainval/lidar_top_pcd) by extension 'ignore'
[0.330s] Level 1:colcon.colcon_core.package_identification:_identify(data/nuscenes_trainval/lidar_top_pcd) by extension 'ignore_ament_install'
[0.330s] Level 1:colcon.colcon_core.package_identification:_identify(data/nuscenes_trainval/lidar_top_pcd) by extensions ['colcon_pkg']
[0.330s] Level 1:colcon.colcon_core.package_identification:_identify(data/nuscenes_trainval/lidar_top_pcd) by extension 'colcon_pkg'
[0.330s] Level 1:colcon.colcon_core.package_identification:_identify(data/nuscenes_trainval/lidar_top_pcd) by extensions ['colcon_meta']
[0.330s] Level 1:colcon.colcon_core.package_identification:_identify(data/nuscenes_trainval/lidar_top_pcd) by extension 'colcon_meta'
[0.330s] Level 1:colcon.colcon_core.package_identification:_identify(data/nuscenes_trainval/lidar_top_pcd) by extensions ['ros']
[0.330s] Level 1:colcon.colcon_core.package_identification:_identify(data/nuscenes_trainval/lidar_top_pcd) by extension 'ros'
[0.330s] Level 1:colcon.colcon_core.package_identification:_identify(data/nuscenes_trainval/lidar_top_pcd) by extensions ['cmake', 'python']
[0.330s] Level 1:colcon.colcon_core.package_identification:_identify(data/nuscenes_trainval/lidar_top_pcd) by extension 'cmake'
[0.330s] Level 1:colcon.colcon_core.package_identification:_identify(data/nuscenes_trainval/lidar_top_pcd) by extension 'python'
[0.330s] Level 1:colcon.colcon_core.package_identification:_identify(data/nuscenes_trainval/lidar_top_pcd) by extensions ['python_setup_py']
[0.330s] Level 1:colcon.colcon_core.package_identification:_identify(data/nuscenes_trainval/lidar_top_pcd) by extension 'python_setup_py'
[0.330s] Level 1:colcon.colcon_core.package_identification:_identify(data/nya_02_slam_imu_to_lidar) by extensions ['ignore', 'ignore_ament_install']
[0.330s] Level 1:colcon.colcon_core.package_identification:_identify(data/nya_02_slam_imu_to_lidar) by extension 'ignore'
[0.330s] Level 1:colcon.colcon_core.package_identification:_identify(data/nya_02_slam_imu_to_lidar) by extension 'ignore_ament_install'
[0.330s] Level 1:colcon.colcon_core.package_identification:_identify(data/nya_02_slam_imu_to_lidar) by extensions ['colcon_pkg']
[0.330s] Level 1:colcon.colcon_core.package_identification:_identify(data/nya_02_slam_imu_to_lidar) by extension 'colcon_pkg'
[0.330s] Level 1:colcon.colcon_core.package_identification:_identify(data/nya_02_slam_imu_to_lidar) by extensions ['colcon_meta']
[0.330s] Level 1:colcon.colcon_core.package_identification:_identify(data/nya_02_slam_imu_to_lidar) by extension 'colcon_meta'
[0.330s] Level 1:colcon.colcon_core.package_identification:_identify(data/nya_02_slam_imu_to_lidar) by extensions ['ros']
[0.330s] Level 1:colcon.colcon_core.package_identification:_identify(data/nya_02_slam_imu_to_lidar) by extension 'ros'
[0.330s] Level 1:colcon.colcon_core.package_identification:_identify(data/nya_02_slam_imu_to_lidar) by extensions ['cmake', 'python']
[0.330s] Level 1:colcon.colcon_core.package_identification:_identify(data/nya_02_slam_imu_to_lidar) by extension 'cmake'
[0.330s] Level 1:colcon.colcon_core.package_identification:_identify(data/nya_02_slam_imu_to_lidar) by extension 'python'
[0.330s] Level 1:colcon.colcon_core.package_identification:_identify(data/nya_02_slam_imu_to_lidar) by extensions ['python_setup_py']
[0.330s] Level 1:colcon.colcon_core.package_identification:_identify(data/nya_02_slam_imu_to_lidar) by extension 'python_setup_py'
[0.331s] Level 1:colcon.colcon_core.package_identification:_identify(data/nya_02_slam_imu_to_lidar/cam_left) by extensions ['ignore', 'ignore_ament_install']
[0.331s] Level 1:colcon.colcon_core.package_identification:_identify(data/nya_02_slam_imu_to_lidar/cam_left) by extension 'ignore'
[0.331s] Level 1:colcon.colcon_core.package_identification:_identify(data/nya_02_slam_imu_to_lidar/cam_left) by extension 'ignore_ament_install'
[0.331s] Level 1:colcon.colcon_core.package_identification:_identify(data/nya_02_slam_imu_to_lidar/cam_left) by extensions ['colcon_pkg']
[0.331s] Level 1:colcon.colcon_core.package_identification:_identify(data/nya_02_slam_imu_to_lidar/cam_left) by extension 'colcon_pkg'
[0.331s] Level 1:colcon.colcon_core.package_identification:_identify(data/nya_02_slam_imu_to_lidar/cam_left) by extensions ['colcon_meta']
[0.331s] Level 1:colcon.colcon_core.package_identification:_identify(data/nya_02_slam_imu_to_lidar/cam_left) by extension 'colcon_meta'
[0.331s] Level 1:colcon.colcon_core.package_identification:_identify(data/nya_02_slam_imu_to_lidar/cam_left) by extensions ['ros']
[0.331s] Level 1:colcon.colcon_core.package_identification:_identify(data/nya_02_slam_imu_to_lidar/cam_left) by extension 'ros'
[0.331s] Level 1:colcon.colcon_core.package_identification:_identify(data/nya_02_slam_imu_to_lidar/cam_left) by extensions ['cmake', 'python']
[0.331s] Level 1:colcon.colcon_core.package_identification:_identify(data/nya_02_slam_imu_to_lidar/cam_left) by extension 'cmake'
[0.331s] Level 1:colcon.colcon_core.package_identification:_identify(data/nya_02_slam_imu_to_lidar/cam_left) by extension 'python'
[0.331s] Level 1:colcon.colcon_core.package_identification:_identify(data/nya_02_slam_imu_to_lidar/cam_left) by extensions ['python_setup_py']
[0.331s] Level 1:colcon.colcon_core.package_identification:_identify(data/nya_02_slam_imu_to_lidar/cam_left) by extension 'python_setup_py'
[0.331s] Level 1:colcon.colcon_core.package_identification:_identify(data/nya_02_slam_imu_to_lidar/cam_right) by extensions ['ignore', 'ignore_ament_install']
[0.331s] Level 1:colcon.colcon_core.package_identification:_identify(data/nya_02_slam_imu_to_lidar/cam_right) by extension 'ignore'
[0.331s] Level 1:colcon.colcon_core.package_identification:_identify(data/nya_02_slam_imu_to_lidar/cam_right) by extension 'ignore_ament_install'
[0.331s] Level 1:colcon.colcon_core.package_identification:_identify(data/nya_02_slam_imu_to_lidar/cam_right) by extensions ['colcon_pkg']
[0.331s] Level 1:colcon.colcon_core.package_identification:_identify(data/nya_02_slam_imu_to_lidar/cam_right) by extension 'colcon_pkg'
[0.331s] Level 1:colcon.colcon_core.package_identification:_identify(data/nya_02_slam_imu_to_lidar/cam_right) by extensions ['colcon_meta']
[0.331s] Level 1:colcon.colcon_core.package_identification:_identify(data/nya_02_slam_imu_to_lidar/cam_right) by extension 'colcon_meta'
[0.331s] Level 1:colcon.colcon_core.package_identification:_identify(data/nya_02_slam_imu_to_lidar/cam_right) by extensions ['ros']
[0.331s] Level 1:colcon.colcon_core.package_identification:_identify(data/nya_02_slam_imu_to_lidar/cam_right) by extension 'ros'
[0.331s] Level 1:colcon.colcon_core.package_identification:_identify(data/nya_02_slam_imu_to_lidar/cam_right) by extensions ['cmake', 'python']
[0.331s] Level 1:colcon.colcon_core.package_identification:_identify(data/nya_02_slam_imu_to_lidar/cam_right) by extension 'cmake'
[0.331s] Level 1:colcon.colcon_core.package_identification:_identify(data/nya_02_slam_imu_to_lidar/cam_right) by extension 'python'
[0.331s] Level 1:colcon.colcon_core.package_identification:_identify(data/nya_02_slam_imu_to_lidar/cam_right) by extensions ['python_setup_py']
[0.331s] Level 1:colcon.colcon_core.package_identification:_identify(data/nya_02_slam_imu_to_lidar/cam_right) by extension 'python_setup_py'
[0.331s] Level 1:colcon.colcon_core.package_identification:_identify(data/nya_02_slam_imu_to_lidar/nya_02_ros2) by extensions ['ignore', 'ignore_ament_install']
[0.331s] Level 1:colcon.colcon_core.package_identification:_identify(data/nya_02_slam_imu_to_lidar/nya_02_ros2) by extension 'ignore'
[0.331s] Level 1:colcon.colcon_core.package_identification:_identify(data/nya_02_slam_imu_to_lidar/nya_02_ros2) by extension 'ignore_ament_install'
[0.332s] Level 1:colcon.colcon_core.package_identification:_identify(data/nya_02_slam_imu_to_lidar/nya_02_ros2) by extensions ['colcon_pkg']
[0.332s] Level 1:colcon.colcon_core.package_identification:_identify(data/nya_02_slam_imu_to_lidar/nya_02_ros2) by extension 'colcon_pkg'
[0.332s] Level 1:colcon.colcon_core.package_identification:_identify(data/nya_02_slam_imu_to_lidar/nya_02_ros2) by extensions ['colcon_meta']
[0.332s] Level 1:colcon.colcon_core.package_identification:_identify(data/nya_02_slam_imu_to_lidar/nya_02_ros2) by extension 'colcon_meta'
[0.332s] Level 1:colcon.colcon_core.package_identification:_identify(data/nya_02_slam_imu_to_lidar/nya_02_ros2) by extensions ['ros']
[0.332s] Level 1:colcon.colcon_core.package_identification:_identify(data/nya_02_slam_imu_to_lidar/nya_02_ros2) by extension 'ros'
[0.332s] Level 1:colcon.colcon_core.package_identification:_identify(data/nya_02_slam_imu_to_lidar/nya_02_ros2) by extensions ['cmake', 'python']
[0.332s] Level 1:colcon.colcon_core.package_identification:_identify(data/nya_02_slam_imu_to_lidar/nya_02_ros2) by extension 'cmake'
[0.332s] Level 1:colcon.colcon_core.package_identification:_identify(data/nya_02_slam_imu_to_lidar/nya_02_ros2) by extension 'python'
[0.332s] Level 1:colcon.colcon_core.package_identification:_identify(data/nya_02_slam_imu_to_lidar/nya_02_ros2) by extensions ['python_setup_py']
[0.332s] Level 1:colcon.colcon_core.package_identification:_identify(data/nya_02_slam_imu_to_lidar/nya_02_ros2) by extension 'python_setup_py'
[0.332s] Level 1:colcon.colcon_core.package_identification:_identify(data/nya_02_slam_imu_to_lidar/nya_02_ros2/extracted) by extensions ['ignore', 'ignore_ament_install']
[0.332s] Level 1:colcon.colcon_core.package_identification:_identify(data/nya_02_slam_imu_to_lidar/nya_02_ros2/extracted) by extension 'ignore'
[0.332s] Level 1:colcon.colcon_core.package_identification:_identify(data/nya_02_slam_imu_to_lidar/nya_02_ros2/extracted) by extension 'ignore_ament_install'
[0.332s] Level 1:colcon.colcon_core.package_identification:_identify(data/nya_02_slam_imu_to_lidar/nya_02_ros2/extracted) by extensions ['colcon_pkg']
[0.332s] Level 1:colcon.colcon_core.package_identification:_identify(data/nya_02_slam_imu_to_lidar/nya_02_ros2/extracted) by extension 'colcon_pkg'
[0.332s] Level 1:colcon.colcon_core.package_identification:_identify(data/nya_02_slam_imu_to_lidar/nya_02_ros2/extracted) by extensions ['colcon_meta']
[0.332s] Level 1:colcon.colcon_core.package_identification:_identify(data/nya_02_slam_imu_to_lidar/nya_02_ros2/extracted) by extension 'colcon_meta'
[0.332s] Level 1:colcon.colcon_core.package_identification:_identify(data/nya_02_slam_imu_to_lidar/nya_02_ros2/extracted) by extensions ['ros']
[0.332s] Level 1:colcon.colcon_core.package_identification:_identify(data/nya_02_slam_imu_to_lidar/nya_02_ros2/extracted) by extension 'ros'
[0.332s] Level 1:colcon.colcon_core.package_identification:_identify(data/nya_02_slam_imu_to_lidar/nya_02_ros2/extracted) by extensions ['cmake', 'python']
[0.332s] Level 1:colcon.colcon_core.package_identification:_identify(data/nya_02_slam_imu_to_lidar/nya_02_ros2/extracted) by extension 'cmake'
[0.332s] Level 1:colcon.colcon_core.package_identification:_identify(data/nya_02_slam_imu_to_lidar/nya_02_ros2/extracted) by extension 'python'
[0.332s] Level 1:colcon.colcon_core.package_identification:_identify(data/nya_02_slam_imu_to_lidar/nya_02_ros2/extracted) by extensions ['python_setup_py']
[0.332s] Level 1:colcon.colcon_core.package_identification:_identify(data/nya_02_slam_imu_to_lidar/nya_02_ros2/extracted) by extension 'python_setup_py'
[0.412s] Level 1:colcon.colcon_core.package_identification:_identify(data/nya_02_slam_imu_to_lidar/nya_02_ros2/extracted/_dji_sdk_attitude) by extensions ['ignore', 'ignore_ament_install']
[0.412s] Level 1:colcon.colcon_core.package_identification:_identify(data/nya_02_slam_imu_to_lidar/nya_02_ros2/extracted/_dji_sdk_attitude) by extension 'ignore'
[0.412s] Level 1:colcon.colcon_core.package_identification:_identify(data/nya_02_slam_imu_to_lidar/nya_02_ros2/extracted/_dji_sdk_attitude) by extension 'ignore_ament_install'
[0.412s] Level 1:colcon.colcon_core.package_identification:_identify(data/nya_02_slam_imu_to_lidar/nya_02_ros2/extracted/_dji_sdk_attitude) by extensions ['colcon_pkg']
[0.412s] Level 1:colcon.colcon_core.package_identification:_identify(data/nya_02_slam_imu_to_lidar/nya_02_ros2/extracted/_dji_sdk_attitude) by extension 'colcon_pkg'
[0.412s] Level 1:colcon.colcon_core.package_identification:_identify(data/nya_02_slam_imu_to_lidar/nya_02_ros2/extracted/_dji_sdk_attitude) by extensions ['colcon_meta']
[0.412s] Level 1:colcon.colcon_core.package_identification:_identify(data/nya_02_slam_imu_to_lidar/nya_02_ros2/extracted/_dji_sdk_attitude) by extension 'colcon_meta'
[0.413s] Level 1:colcon.colcon_core.package_identification:_identify(data/nya_02_slam_imu_to_lidar/nya_02_ros2/extracted/_dji_sdk_attitude) by extensions ['ros']
[0.413s] Level 1:colcon.colcon_core.package_identification:_identify(data/nya_02_slam_imu_to_lidar/nya_02_ros2/extracted/_dji_sdk_attitude) by extension 'ros'
[0.413s] Level 1:colcon.colcon_core.package_identification:_identify(data/nya_02_slam_imu_to_lidar/nya_02_ros2/extracted/_dji_sdk_attitude) by extensions ['cmake', 'python']
[0.413s] Level 1:colcon.colcon_core.package_identification:_identify(data/nya_02_slam_imu_to_lidar/nya_02_ros2/extracted/_dji_sdk_attitude) by extension 'cmake'
[0.413s] Level 1:colcon.colcon_core.package_identification:_identify(data/nya_02_slam_imu_to_lidar/nya_02_ros2/extracted/_dji_sdk_attitude) by extension 'python'
[0.413s] Level 1:colcon.colcon_core.package_identification:_identify(data/nya_02_slam_imu_to_lidar/nya_02_ros2/extracted/_dji_sdk_attitude) by extensions ['python_setup_py']
[0.413s] Level 1:colcon.colcon_core.package_identification:_identify(data/nya_02_slam_imu_to_lidar/nya_02_ros2/extracted/_dji_sdk_attitude) by extension 'python_setup_py'
[0.469s] Level 1:colcon.colcon_core.package_identification:_identify(data/nya_02_slam_imu_to_lidar/nya_02_ros2/extracted/_dji_sdk_gps_health) by extensions ['ignore', 'ignore_ament_install']
[0.470s] Level 1:colcon.colcon_core.package_identification:_identify(data/nya_02_slam_imu_to_lidar/nya_02_ros2/extracted/_dji_sdk_gps_health) by extension 'ignore'
[0.470s] Level 1:colcon.colcon_core.package_identification:_identify(data/nya_02_slam_imu_to_lidar/nya_02_ros2/extracted/_dji_sdk_gps_health) by extension 'ignore_ament_install'
[0.470s] Level 1:colcon.colcon_core.package_identification:_identify(data/nya_02_slam_imu_to_lidar/nya_02_ros2/extracted/_dji_sdk_gps_health) by extensions ['colcon_pkg']
[0.470s] Level 1:colcon.colcon_core.package_identification:_identify(data/nya_02_slam_imu_to_lidar/nya_02_ros2/extracted/_dji_sdk_gps_health) by extension 'colcon_pkg'
[0.470s] Level 1:colcon.colcon_core.package_identification:_identify(data/nya_02_slam_imu_to_lidar/nya_02_ros2/extracted/_dji_sdk_gps_health) by extensions ['colcon_meta']
[0.470s] Level 1:colcon.colcon_core.package_identification:_identify(data/nya_02_slam_imu_to_lidar/nya_02_ros2/extracted/_dji_sdk_gps_health) by extension 'colcon_meta'
[0.470s] Level 1:colcon.colcon_core.package_identification:_identify(data/nya_02_slam_imu_to_lidar/nya_02_ros2/extracted/_dji_sdk_gps_health) by extensions ['ros']
[0.470s] Level 1:colcon.colcon_core.package_identification:_identify(data/nya_02_slam_imu_to_lidar/nya_02_ros2/extracted/_dji_sdk_gps_health) by extension 'ros'
[0.470s] Level 1:colcon.colcon_core.package_identification:_identify(data/nya_02_slam_imu_to_lidar/nya_02_ros2/extracted/_dji_sdk_gps_health) by extensions ['cmake', 'python']
[0.470s] Level 1:colcon.colcon_core.package_identification:_identify(data/nya_02_slam_imu_to_lidar/nya_02_ros2/extracted/_dji_sdk_gps_health) by extension 'cmake'
[0.470s] Level 1:colcon.colcon_core.package_identification:_identify(data/nya_02_slam_imu_to_lidar/nya_02_ros2/extracted/_dji_sdk_gps_health) by extension 'python'
[0.470s] Level 1:colcon.colcon_core.package_identification:_identify(data/nya_02_slam_imu_to_lidar/nya_02_ros2/extracted/_dji_sdk_gps_health) by extensions ['python_setup_py']
[0.470s] Level 1:colcon.colcon_core.package_identification:_identify(data/nya_02_slam_imu_to_lidar/nya_02_ros2/extracted/_dji_sdk_gps_health) by extension 'python_setup_py'
[0.515s] Level 1:colcon.colcon_core.package_identification:_identify(data/nya_02_slam_imu_to_lidar/nya_02_ros2/extracted/_dji_sdk_gps_position) by extensions ['ignore', 'ignore_ament_install']
[0.516s] Level 1:colcon.colcon_core.package_identification:_identify(data/nya_02_slam_imu_to_lidar/nya_02_ros2/extracted/_dji_sdk_gps_position) by extension 'ignore'
[0.516s] Level 1:colcon.colcon_core.package_identification:_identify(data/nya_02_slam_imu_to_lidar/nya_02_ros2/extracted/_dji_sdk_gps_position) by extension 'ignore_ament_install'
[0.516s] Level 1:colcon.colcon_core.package_identification:_identify(data/nya_02_slam_imu_to_lidar/nya_02_ros2/extracted/_dji_sdk_gps_position) by extensions ['colcon_pkg']
[0.516s] Level 1:colcon.colcon_core.package_identification:_identify(data/nya_02_slam_imu_to_lidar/nya_02_ros2/extracted/_dji_sdk_gps_position) by extension 'colcon_pkg'
[0.516s] Level 1:colcon.colcon_core.package_identification:_identify(data/nya_02_slam_imu_to_lidar/nya_02_ros2/extracted/_dji_sdk_gps_position) by extensions ['colcon_meta']
[0.516s] Level 1:colcon.colcon_core.package_identification:_identify(data/nya_02_slam_imu_to_lidar/nya_02_ros2/extracted/_dji_sdk_gps_position) by extension 'colcon_meta'
[0.516s] Level 1:colcon.colcon_core.package_identification:_identify(data/nya_02_slam_imu_to_lidar/nya_02_ros2/extracted/_dji_sdk_gps_position) by extensions ['ros']
[0.516s] Level 1:colcon.colcon_core.package_identification:_identify(data/nya_02_slam_imu_to_lidar/nya_02_ros2/extracted/_dji_sdk_gps_position) by extension 'ros'
[0.516s] Level 1:colcon.colcon_core.package_identification:_identify(data/nya_02_slam_imu_to_lidar/nya_02_ros2/extracted/_dji_sdk_gps_position) by extensions ['cmake', 'python']
[0.516s] Level 1:colcon.colcon_core.package_identification:_identify(data/nya_02_slam_imu_to_lidar/nya_02_ros2/extracted/_dji_sdk_gps_position) by extension 'cmake'
[0.516s] Level 1:colcon.colcon_core.package_identification:_identify(data/nya_02_slam_imu_to_lidar/nya_02_ros2/extracted/_dji_sdk_gps_position) by extension 'python'
[0.516s] Level 1:colcon.colcon_core.package_identification:_identify(data/nya_02_slam_imu_to_lidar/nya_02_ros2/extracted/_dji_sdk_gps_position) by extensions ['python_setup_py']
[0.517s] Level 1:colcon.colcon_core.package_identification:_identify(data/nya_02_slam_imu_to_lidar/nya_02_ros2/extracted/_dji_sdk_gps_position) by extension 'python_setup_py'
[0.571s] Level 1:colcon.colcon_core.package_identification:_identify(data/nya_02_slam_imu_to_lidar/nya_02_ros2/extracted/_dji_sdk_height_above_takeoff) by extensions ['ignore', 'ignore_ament_install']
[0.571s] Level 1:colcon.colcon_core.package_identification:_identify(data/nya_02_slam_imu_to_lidar/nya_02_ros2/extracted/_dji_sdk_height_above_takeoff) by extension 'ignore'
[0.572s] Level 1:colcon.colcon_core.package_identification:_identify(data/nya_02_slam_imu_to_lidar/nya_02_ros2/extracted/_dji_sdk_height_above_takeoff) by extension 'ignore_ament_install'
[0.572s] Level 1:colcon.colcon_core.package_identification:_identify(data/nya_02_slam_imu_to_lidar/nya_02_ros2/extracted/_dji_sdk_height_above_takeoff) by extensions ['colcon_pkg']
[0.572s] Level 1:colcon.colcon_core.package_identification:_identify(data/nya_02_slam_imu_to_lidar/nya_02_ros2/extracted/_dji_sdk_height_above_takeoff) by extension 'colcon_pkg'
[0.572s] Level 1:colcon.colcon_core.package_identification:_identify(data/nya_02_slam_imu_to_lidar/nya_02_ros2/extracted/_dji_sdk_height_above_takeoff) by extensions ['colcon_meta']
[0.572s] Level 1:colcon.colcon_core.package_identification:_identify(data/nya_02_slam_imu_to_lidar/nya_02_ros2/extracted/_dji_sdk_height_above_takeoff) by extension 'colcon_meta'
[0.572s] Level 1:colcon.colcon_core.package_identification:_identify(data/nya_02_slam_imu_to_lidar/nya_02_ros2/extracted/_dji_sdk_height_above_takeoff) by extensions ['ros']
[0.572s] Level 1:colcon.colcon_core.package_identification:_identify(data/nya_02_slam_imu_to_lidar/nya_02_ros2/extracted/_dji_sdk_height_above_takeoff) by extension 'ros'
[0.572s] Level 1:colcon.colcon_core.package_identification:_identify(data/nya_02_slam_imu_to_lidar/nya_02_ros2/extracted/_dji_sdk_height_above_takeoff) by extensions ['cmake', 'python']
[0.572s] Level 1:colcon.colcon_core.package_identification:_identify(data/nya_02_slam_imu_to_lidar/nya_02_ros2/extracted/_dji_sdk_height_above_takeoff) by extension 'cmake'
[0.572s] Level 1:colcon.colcon_core.package_identification:_identify(data/nya_02_slam_imu_to_lidar/nya_02_ros2/extracted/_dji_sdk_height_above_takeoff) by extension 'python'
[0.572s] Level 1:colcon.colcon_core.package_identification:_identify(data/nya_02_slam_imu_to_lidar/nya_02_ros2/extracted/_dji_sdk_height_above_takeoff) by extensions ['python_setup_py']
[0.572s] Level 1:colcon.colcon_core.package_identification:_identify(data/nya_02_slam_imu_to_lidar/nya_02_ros2/extracted/_dji_sdk_height_above_takeoff) by extension 'python_setup_py'
[0.976s] Level 1:colcon.colcon_core.package_identification:_identify(data/nya_02_slam_imu_to_lidar/nya_02_ros2/extracted/_dji_sdk_imu) by extensions ['ignore', 'ignore_ament_install']
[0.976s] Level 1:colcon.colcon_core.package_identification:_identify(data/nya_02_slam_imu_to_lidar/nya_02_ros2/extracted/_dji_sdk_imu) by extension 'ignore'
[0.976s] Level 1:colcon.colcon_core.package_identification:_identify(data/nya_02_slam_imu_to_lidar/nya_02_ros2/extracted/_dji_sdk_imu) by extension 'ignore_ament_install'
[0.977s] Level 1:colcon.colcon_core.package_identification:_identify(data/nya_02_slam_imu_to_lidar/nya_02_ros2/extracted/_dji_sdk_imu) by extensions ['colcon_pkg']
[0.977s] Level 1:colcon.colcon_core.package_identification:_identify(data/nya_02_slam_imu_to_lidar/nya_02_ros2/extracted/_dji_sdk_imu) by extension 'colcon_pkg'
[0.977s] Level 1:colcon.colcon_core.package_identification:_identify(data/nya_02_slam_imu_to_lidar/nya_02_ros2/extracted/_dji_sdk_imu) by extensions ['colcon_meta']
[0.977s] Level 1:colcon.colcon_core.package_identification:_identify(data/nya_02_slam_imu_to_lidar/nya_02_ros2/extracted/_dji_sdk_imu) by extension 'colcon_meta'
[0.977s] Level 1:colcon.colcon_core.package_identification:_identify(data/nya_02_slam_imu_to_lidar/nya_02_ros2/extracted/_dji_sdk_imu) by extensions ['ros']
[0.977s] Level 1:colcon.colcon_core.package_identification:_identify(data/nya_02_slam_imu_to_lidar/nya_02_ros2/extracted/_dji_sdk_imu) by extension 'ros'
[0.977s] Level 1:colcon.colcon_core.package_identification:_identify(data/nya_02_slam_imu_to_lidar/nya_02_ros2/extracted/_dji_sdk_imu) by extensions ['cmake', 'python']
[0.977s] Level 1:colcon.colcon_core.package_identification:_identify(data/nya_02_slam_imu_to_lidar/nya_02_ros2/extracted/_dji_sdk_imu) by extension 'cmake'
[0.977s] Level 1:colcon.colcon_core.package_identification:_identify(data/nya_02_slam_imu_to_lidar/nya_02_ros2/extracted/_dji_sdk_imu) by extension 'python'
[0.978s] Level 1:colcon.colcon_core.package_identification:_identify(data/nya_02_slam_imu_to_lidar/nya_02_ros2/extracted/_dji_sdk_imu) by extensions ['python_setup_py']
[0.978s] Level 1:colcon.colcon_core.package_identification:_identify(data/nya_02_slam_imu_to_lidar/nya_02_ros2/extracted/_dji_sdk_imu) by extension 'python_setup_py'
[1.378s] Level 1:colcon.colcon_core.package_identification:_identify(data/nya_02_slam_imu_to_lidar/nya_02_ros2/extracted/_imu_imu) by extensions ['ignore', 'ignore_ament_install']
[1.379s] Level 1:colcon.colcon_core.package_identification:_identify(data/nya_02_slam_imu_to_lidar/nya_02_ros2/extracted/_imu_imu) by extension 'ignore'
[1.379s] Level 1:colcon.colcon_core.package_identification:_identify(data/nya_02_slam_imu_to_lidar/nya_02_ros2/extracted/_imu_imu) by extension 'ignore_ament_install'
[1.379s] Level 1:colcon.colcon_core.package_identification:_identify(data/nya_02_slam_imu_to_lidar/nya_02_ros2/extracted/_imu_imu) by extensions ['colcon_pkg']
[1.379s] Level 1:colcon.colcon_core.package_identification:_identify(data/nya_02_slam_imu_to_lidar/nya_02_ros2/extracted/_imu_imu) by extension 'colcon_pkg'
[1.379s] Level 1:colcon.colcon_core.package_identification:_identify(data/nya_02_slam_imu_to_lidar/nya_02_ros2/extracted/_imu_imu) by extensions ['colcon_meta']
[1.379s] Level 1:colcon.colcon_core.package_identification:_identify(data/nya_02_slam_imu_to_lidar/nya_02_ros2/extracted/_imu_imu) by extension 'colcon_meta'
[1.379s] Level 1:colcon.colcon_core.package_identification:_identify(data/nya_02_slam_imu_to_lidar/nya_02_ros2/extracted/_imu_imu) by extensions ['ros']
[1.379s] Level 1:colcon.colcon_core.package_identification:_identify(data/nya_02_slam_imu_to_lidar/nya_02_ros2/extracted/_imu_imu) by extension 'ros'
[1.379s] Level 1:colcon.colcon_core.package_identification:_identify(data/nya_02_slam_imu_to_lidar/nya_02_ros2/extracted/_imu_imu) by extensions ['cmake', 'python']
[1.379s] Level 1:colcon.colcon_core.package_identification:_identify(data/nya_02_slam_imu_to_lidar/nya_02_ros2/extracted/_imu_imu) by extension 'cmake'
[1.379s] Level 1:colcon.colcon_core.package_identification:_identify(data/nya_02_slam_imu_to_lidar/nya_02_ros2/extracted/_imu_imu) by extension 'python'
[1.379s] Level 1:colcon.colcon_core.package_identification:_identify(data/nya_02_slam_imu_to_lidar/nya_02_ros2/extracted/_imu_imu) by extensions ['python_setup_py']
[1.379s] Level 1:colcon.colcon_core.package_identification:_identify(data/nya_02_slam_imu_to_lidar/nya_02_ros2/extracted/_imu_imu) by extension 'python_setup_py'
[1.793s] Level 1:colcon.colcon_core.package_identification:_identify(data/nya_02_slam_imu_to_lidar/nya_02_ros2/extracted/_imu_magnetic_field) by extensions ['ignore', 'ignore_ament_install']
[1.793s] Level 1:colcon.colcon_core.package_identification:_identify(data/nya_02_slam_imu_to_lidar/nya_02_ros2/extracted/_imu_magnetic_field) by extension 'ignore'
[1.793s] Level 1:colcon.colcon_core.package_identification:_identify(data/nya_02_slam_imu_to_lidar/nya_02_ros2/extracted/_imu_magnetic_field) by extension 'ignore_ament_install'
[1.793s] Level 1:colcon.colcon_core.package_identification:_identify(data/nya_02_slam_imu_to_lidar/nya_02_ros2/extracted/_imu_magnetic_field) by extensions ['colcon_pkg']
[1.793s] Level 1:colcon.colcon_core.package_identification:_identify(data/nya_02_slam_imu_to_lidar/nya_02_ros2/extracted/_imu_magnetic_field) by extension 'colcon_pkg'
[1.794s] Level 1:colcon.colcon_core.package_identification:_identify(data/nya_02_slam_imu_to_lidar/nya_02_ros2/extracted/_imu_magnetic_field) by extensions ['colcon_meta']
[1.794s] Level 1:colcon.colcon_core.package_identification:_identify(data/nya_02_slam_imu_to_lidar/nya_02_ros2/extracted/_imu_magnetic_field) by extension 'colcon_meta'
[1.794s] Level 1:colcon.colcon_core.package_identification:_identify(data/nya_02_slam_imu_to_lidar/nya_02_ros2/extracted/_imu_magnetic_field) by extensions ['ros']
[1.794s] Level 1:colcon.colcon_core.package_identification:_identify(data/nya_02_slam_imu_to_lidar/nya_02_ros2/extracted/_imu_magnetic_field) by extension 'ros'
[1.794s] Level 1:colcon.colcon_core.package_identification:_identify(data/nya_02_slam_imu_to_lidar/nya_02_ros2/extracted/_imu_magnetic_field) by extensions ['cmake', 'python']
[1.794s] Level 1:colcon.colcon_core.package_identification:_identify(data/nya_02_slam_imu_to_lidar/nya_02_ros2/extracted/_imu_magnetic_field) by extension 'cmake'
[1.794s] Level 1:colcon.colcon_core.package_identification:_identify(data/nya_02_slam_imu_to_lidar/nya_02_ros2/extracted/_imu_magnetic_field) by extension 'python'
[1.794s] Level 1:colcon.colcon_core.package_identification:_identify(data/nya_02_slam_imu_to_lidar/nya_02_ros2/extracted/_imu_magnetic_field) by extensions ['python_setup_py']
[1.794s] Level 1:colcon.colcon_core.package_identification:_identify(data/nya_02_slam_imu_to_lidar/nya_02_ros2/extracted/_imu_magnetic_field) by extension 'python_setup_py'
[2.218s] Level 1:colcon.colcon_core.package_identification:_identify(data/nya_02_slam_imu_to_lidar/nya_02_ros2/extracted/_imu_temperature) by extensions ['ignore', 'ignore_ament_install']
[2.218s] Level 1:colcon.colcon_core.package_identification:_identify(data/nya_02_slam_imu_to_lidar/nya_02_ros2/extracted/_imu_temperature) by extension 'ignore'
[2.219s] Level 1:colcon.colcon_core.package_identification:_identify(data/nya_02_slam_imu_to_lidar/nya_02_ros2/extracted/_imu_temperature) by extension 'ignore_ament_install'
[2.219s] Level 1:colcon.colcon_core.package_identification:_identify(data/nya_02_slam_imu_to_lidar/nya_02_ros2/extracted/_imu_temperature) by extensions ['colcon_pkg']
[2.219s] Level 1:colcon.colcon_core.package_identification:_identify(data/nya_02_slam_imu_to_lidar/nya_02_ros2/extracted/_imu_temperature) by extension 'colcon_pkg'
[2.219s] Level 1:colcon.colcon_core.package_identification:_identify(data/nya_02_slam_imu_to_lidar/nya_02_ros2/extracted/_imu_temperature) by extensions ['colcon_meta']
[2.219s] Level 1:colcon.colcon_core.package_identification:_identify(data/nya_02_slam_imu_to_lidar/nya_02_ros2/extracted/_imu_temperature) by extension 'colcon_meta'
[2.219s] Level 1:colcon.colcon_core.package_identification:_identify(data/nya_02_slam_imu_to_lidar/nya_02_ros2/extracted/_imu_temperature) by extensions ['ros']
[2.219s] Level 1:colcon.colcon_core.package_identification:_identify(data/nya_02_slam_imu_to_lidar/nya_02_ros2/extracted/_imu_temperature) by extension 'ros'
[2.219s] Level 1:colcon.colcon_core.package_identification:_identify(data/nya_02_slam_imu_to_lidar/nya_02_ros2/extracted/_imu_temperature) by extensions ['cmake', 'python']
[2.219s] Level 1:colcon.colcon_core.package_identification:_identify(data/nya_02_slam_imu_to_lidar/nya_02_ros2/extracted/_imu_temperature) by extension 'cmake'
[2.219s] Level 1:colcon.colcon_core.package_identification:_identify(data/nya_02_slam_imu_to_lidar/nya_02_ros2/extracted/_imu_temperature) by extension 'python'
[2.219s] Level 1:colcon.colcon_core.package_identification:_identify(data/nya_02_slam_imu_to_lidar/nya_02_ros2/extracted/_imu_temperature) by extensions ['python_setup_py']
[2.219s] Level 1:colcon.colcon_core.package_identification:_identify(data/nya_02_slam_imu_to_lidar/nya_02_ros2/extracted/_imu_temperature) by extension 'python_setup_py'
[2.233s] Level 1:colcon.colcon_core.package_identification:_identify(data/nya_02_slam_imu_to_lidar/nya_02_ros2/extracted/_left_image_raw) by extensions ['ignore', 'ignore_ament_install']
[2.234s] Level 1:colcon.colcon_core.package_identification:_identify(data/nya_02_slam_imu_to_lidar/nya_02_ros2/extracted/_left_image_raw) by extension 'ignore'
[2.234s] Level 1:colcon.colcon_core.package_identification:_identify(data/nya_02_slam_imu_to_lidar/nya_02_ros2/extracted/_left_image_raw) by extension 'ignore_ament_install'
[2.234s] Level 1:colcon.colcon_core.package_identification:_identify(data/nya_02_slam_imu_to_lidar/nya_02_ros2/extracted/_left_image_raw) by extensions ['colcon_pkg']
[2.234s] Level 1:colcon.colcon_core.package_identification:_identify(data/nya_02_slam_imu_to_lidar/nya_02_ros2/extracted/_left_image_raw) by extension 'colcon_pkg'
[2.234s] Level 1:colcon.colcon_core.package_identification:_identify(data/nya_02_slam_imu_to_lidar/nya_02_ros2/extracted/_left_image_raw) by extensions ['colcon_meta']
[2.234s] Level 1:colcon.colcon_core.package_identification:_identify(data/nya_02_slam_imu_to_lidar/nya_02_ros2/extracted/_left_image_raw) by extension 'colcon_meta'
[2.234s] Level 1:colcon.colcon_core.package_identification:_identify(data/nya_02_slam_imu_to_lidar/nya_02_ros2/extracted/_left_image_raw) by extensions ['ros']
[2.234s] Level 1:colcon.colcon_core.package_identification:_identify(data/nya_02_slam_imu_to_lidar/nya_02_ros2/extracted/_left_image_raw) by extension 'ros'
[2.235s] Level 1:colcon.colcon_core.package_identification:_identify(data/nya_02_slam_imu_to_lidar/nya_02_ros2/extracted/_left_image_raw) by extensions ['cmake', 'python']
[2.235s] Level 1:colcon.colcon_core.package_identification:_identify(data/nya_02_slam_imu_to_lidar/nya_02_ros2/extracted/_left_image_raw) by extension 'cmake'
[2.235s] Level 1:colcon.colcon_core.package_identification:_identify(data/nya_02_slam_imu_to_lidar/nya_02_ros2/extracted/_left_image_raw) by extension 'python'
[2.235s] Level 1:colcon.colcon_core.package_identification:_identify(data/nya_02_slam_imu_to_lidar/nya_02_ros2/extracted/_left_image_raw) by extensions ['python_setup_py']
[2.235s] Level 1:colcon.colcon_core.package_identification:_identify(data/nya_02_slam_imu_to_lidar/nya_02_ros2/extracted/_left_image_raw) by extension 'python_setup_py'
[2.256s] Level 1:colcon.colcon_core.package_identification:_identify(data/nya_02_slam_imu_to_lidar/nya_02_ros2/extracted/_leica_pose_relative) by extensions ['ignore', 'ignore_ament_install']
[2.256s] Level 1:colcon.colcon_core.package_identification:_identify(data/nya_02_slam_imu_to_lidar/nya_02_ros2/extracted/_leica_pose_relative) by extension 'ignore'
[2.256s] Level 1:colcon.colcon_core.package_identification:_identify(data/nya_02_slam_imu_to_lidar/nya_02_ros2/extracted/_leica_pose_relative) by extension 'ignore_ament_install'
[2.256s] Level 1:colcon.colcon_core.package_identification:_identify(data/nya_02_slam_imu_to_lidar/nya_02_ros2/extracted/_leica_pose_relative) by extensions ['colcon_pkg']
[2.256s] Level 1:colcon.colcon_core.package_identification:_identify(data/nya_02_slam_imu_to_lidar/nya_02_ros2/extracted/_leica_pose_relative) by extension 'colcon_pkg'
[2.256s] Level 1:colcon.colcon_core.package_identification:_identify(data/nya_02_slam_imu_to_lidar/nya_02_ros2/extracted/_leica_pose_relative) by extensions ['colcon_meta']
[2.256s] Level 1:colcon.colcon_core.package_identification:_identify(data/nya_02_slam_imu_to_lidar/nya_02_ros2/extracted/_leica_pose_relative) by extension 'colcon_meta'
[2.257s] Level 1:colcon.colcon_core.package_identification:_identify(data/nya_02_slam_imu_to_lidar/nya_02_ros2/extracted/_leica_pose_relative) by extensions ['ros']
[2.257s] Level 1:colcon.colcon_core.package_identification:_identify(data/nya_02_slam_imu_to_lidar/nya_02_ros2/extracted/_leica_pose_relative) by extension 'ros'
[2.257s] Level 1:colcon.colcon_core.package_identification:_identify(data/nya_02_slam_imu_to_lidar/nya_02_ros2/extracted/_leica_pose_relative) by extensions ['cmake', 'python']
[2.257s] Level 1:colcon.colcon_core.package_identification:_identify(data/nya_02_slam_imu_to_lidar/nya_02_ros2/extracted/_leica_pose_relative) by extension 'cmake'
[2.257s] Level 1:colcon.colcon_core.package_identification:_identify(data/nya_02_slam_imu_to_lidar/nya_02_ros2/extracted/_leica_pose_relative) by extension 'python'
[2.257s] Level 1:colcon.colcon_core.package_identification:_identify(data/nya_02_slam_imu_to_lidar/nya_02_ros2/extracted/_leica_pose_relative) by extensions ['python_setup_py']
[2.257s] Level 1:colcon.colcon_core.package_identification:_identify(data/nya_02_slam_imu_to_lidar/nya_02_ros2/extracted/_leica_pose_relative) by extension 'python_setup_py'
[2.264s] Level 1:colcon.colcon_core.package_identification:_identify(data/nya_02_slam_imu_to_lidar/nya_02_ros2/extracted/_node_pos_marker_sc) by extensions ['ignore', 'ignore_ament_install']
[2.265s] Level 1:colcon.colcon_core.package_identification:_identify(data/nya_02_slam_imu_to_lidar/nya_02_ros2/extracted/_node_pos_marker_sc) by extension 'ignore'
[2.265s] Level 1:colcon.colcon_core.package_identification:_identify(data/nya_02_slam_imu_to_lidar/nya_02_ros2/extracted/_node_pos_marker_sc) by extension 'ignore_ament_install'
[2.265s] Level 1:colcon.colcon_core.package_identification:_identify(data/nya_02_slam_imu_to_lidar/nya_02_ros2/extracted/_node_pos_marker_sc) by extensions ['colcon_pkg']
[2.265s] Level 1:colcon.colcon_core.package_identification:_identify(data/nya_02_slam_imu_to_lidar/nya_02_ros2/extracted/_node_pos_marker_sc) by extension 'colcon_pkg'
[2.265s] Level 1:colcon.colcon_core.package_identification:_identify(data/nya_02_slam_imu_to_lidar/nya_02_ros2/extracted/_node_pos_marker_sc) by extensions ['colcon_meta']
[2.265s] Level 1:colcon.colcon_core.package_identification:_identify(data/nya_02_slam_imu_to_lidar/nya_02_ros2/extracted/_node_pos_marker_sc) by extension 'colcon_meta'
[2.265s] Level 1:colcon.colcon_core.package_identification:_identify(data/nya_02_slam_imu_to_lidar/nya_02_ros2/extracted/_node_pos_marker_sc) by extensions ['ros']
[2.265s] Level 1:colcon.colcon_core.package_identification:_identify(data/nya_02_slam_imu_to_lidar/nya_02_ros2/extracted/_node_pos_marker_sc) by extension 'ros'
[2.265s] Level 1:colcon.colcon_core.package_identification:_identify(data/nya_02_slam_imu_to_lidar/nya_02_ros2/extracted/_node_pos_marker_sc) by extensions ['cmake', 'python']
[2.266s] Level 1:colcon.colcon_core.package_identification:_identify(data/nya_02_slam_imu_to_lidar/nya_02_ros2/extracted/_node_pos_marker_sc) by extension 'cmake'
[2.266s] Level 1:colcon.colcon_core.package_identification:_identify(data/nya_02_slam_imu_to_lidar/nya_02_ros2/extracted/_node_pos_marker_sc) by extension 'python'
[2.266s] Level 1:colcon.colcon_core.package_identification:_identify(data/nya_02_slam_imu_to_lidar/nya_02_ros2/extracted/_node_pos_marker_sc) by extensions ['python_setup_py']
[2.266s] Level 1:colcon.colcon_core.package_identification:_identify(data/nya_02_slam_imu_to_lidar/nya_02_ros2/extracted/_node_pos_marker_sc) by extension 'python_setup_py'
[2.271s] Level 1:colcon.colcon_core.package_identification:_identify(data/nya_02_slam_imu_to_lidar/nya_02_ros2/extracted/_node_pos_sc) by extensions ['ignore', 'ignore_ament_install']
[2.271s] Level 1:colcon.colcon_core.package_identification:_identify(data/nya_02_slam_imu_to_lidar/nya_02_ros2/extracted/_node_pos_sc) by extension 'ignore'
[2.271s] Level 1:colcon.colcon_core.package_identification:_identify(data/nya_02_slam_imu_to_lidar/nya_02_ros2/extracted/_node_pos_sc) by extension 'ignore_ament_install'
[2.271s] Level 1:colcon.colcon_core.package_identification:_identify(data/nya_02_slam_imu_to_lidar/nya_02_ros2/extracted/_node_pos_sc) by extensions ['colcon_pkg']
[2.271s] Level 1:colcon.colcon_core.package_identification:_identify(data/nya_02_slam_imu_to_lidar/nya_02_ros2/extracted/_node_pos_sc) by extension 'colcon_pkg'
[2.272s] Level 1:colcon.colcon_core.package_identification:_identify(data/nya_02_slam_imu_to_lidar/nya_02_ros2/extracted/_node_pos_sc) by extensions ['colcon_meta']
[2.272s] Level 1:colcon.colcon_core.package_identification:_identify(data/nya_02_slam_imu_to_lidar/nya_02_ros2/extracted/_node_pos_sc) by extension 'colcon_meta'
[2.272s] Level 1:colcon.colcon_core.package_identification:_identify(data/nya_02_slam_imu_to_lidar/nya_02_ros2/extracted/_node_pos_sc) by extensions ['ros']
[2.272s] Level 1:colcon.colcon_core.package_identification:_identify(data/nya_02_slam_imu_to_lidar/nya_02_ros2/extracted/_node_pos_sc) by extension 'ros'
[2.272s] Level 1:colcon.colcon_core.package_identification:_identify(data/nya_02_slam_imu_to_lidar/nya_02_ros2/extracted/_node_pos_sc) by extensions ['cmake', 'python']
[2.272s] Level 1:colcon.colcon_core.package_identification:_identify(data/nya_02_slam_imu_to_lidar/nya_02_ros2/extracted/_node_pos_sc) by extension 'cmake'
[2.272s] Level 1:colcon.colcon_core.package_identification:_identify(data/nya_02_slam_imu_to_lidar/nya_02_ros2/extracted/_node_pos_sc) by extension 'python'
[2.272s] Level 1:colcon.colcon_core.package_identification:_identify(data/nya_02_slam_imu_to_lidar/nya_02_ros2/extracted/_node_pos_sc) by extensions ['python_setup_py']
[2.272s] Level 1:colcon.colcon_core.package_identification:_identify(data/nya_02_slam_imu_to_lidar/nya_02_ros2/extracted/_node_pos_sc) by extension 'python_setup_py'
[2.379s] Level 1:colcon.colcon_core.package_identification:_identify(data/nya_02_slam_imu_to_lidar/nya_02_ros2/extracted/_os1_cloud_node1_imu) by extensions ['ignore', 'ignore_ament_install']
[2.379s] Level 1:colcon.colcon_core.package_identification:_identify(data/nya_02_slam_imu_to_lidar/nya_02_ros2/extracted/_os1_cloud_node1_imu) by extension 'ignore'
[2.379s] Level 1:colcon.colcon_core.package_identification:_identify(data/nya_02_slam_imu_to_lidar/nya_02_ros2/extracted/_os1_cloud_node1_imu) by extension 'ignore_ament_install'
[2.379s] Level 1:colcon.colcon_core.package_identification:_identify(data/nya_02_slam_imu_to_lidar/nya_02_ros2/extracted/_os1_cloud_node1_imu) by extensions ['colcon_pkg']
[2.379s] Level 1:colcon.colcon_core.package_identification:_identify(data/nya_02_slam_imu_to_lidar/nya_02_ros2/extracted/_os1_cloud_node1_imu) by extension 'colcon_pkg'
[2.379s] Level 1:colcon.colcon_core.package_identification:_identify(data/nya_02_slam_imu_to_lidar/nya_02_ros2/extracted/_os1_cloud_node1_imu) by extensions ['colcon_meta']
[2.380s] Level 1:colcon.colcon_core.package_identification:_identify(data/nya_02_slam_imu_to_lidar/nya_02_ros2/extracted/_os1_cloud_node1_imu) by extension 'colcon_meta'
[2.380s] Level 1:colcon.colcon_core.package_identification:_identify(data/nya_02_slam_imu_to_lidar/nya_02_ros2/extracted/_os1_cloud_node1_imu) by extensions ['ros']
[2.380s] Level 1:colcon.colcon_core.package_identification:_identify(data/nya_02_slam_imu_to_lidar/nya_02_ros2/extracted/_os1_cloud_node1_imu) by extension 'ros'
[2.380s] Level 1:colcon.colcon_core.package_identification:_identify(data/nya_02_slam_imu_to_lidar/nya_02_ros2/extracted/_os1_cloud_node1_imu) by extensions ['cmake', 'python']
[2.380s] Level 1:colcon.colcon_core.package_identification:_identify(data/nya_02_slam_imu_to_lidar/nya_02_ros2/extracted/_os1_cloud_node1_imu) by extension 'cmake'
[2.380s] Level 1:colcon.colcon_core.package_identification:_identify(data/nya_02_slam_imu_to_lidar/nya_02_ros2/extracted/_os1_cloud_node1_imu) by extension 'python'
[2.380s] Level 1:colcon.colcon_core.package_identification:_identify(data/nya_02_slam_imu_to_lidar/nya_02_ros2/extracted/_os1_cloud_node1_imu) by extensions ['python_setup_py']
[2.380s] Level 1:colcon.colcon_core.package_identification:_identify(data/nya_02_slam_imu_to_lidar/nya_02_ros2/extracted/_os1_cloud_node1_imu) by extension 'python_setup_py'
[2.392s] Level 1:colcon.colcon_core.package_identification:_identify(data/nya_02_slam_imu_to_lidar/nya_02_ros2/extracted/_os1_cloud_node1_points) by extensions ['ignore', 'ignore_ament_install']
[2.392s] Level 1:colcon.colcon_core.package_identification:_identify(data/nya_02_slam_imu_to_lidar/nya_02_ros2/extracted/_os1_cloud_node1_points) by extension 'ignore'
[2.392s] Level 1:colcon.colcon_core.package_identification:_identify(data/nya_02_slam_imu_to_lidar/nya_02_ros2/extracted/_os1_cloud_node1_points) by extension 'ignore_ament_install'
[2.393s] Level 1:colcon.colcon_core.package_identification:_identify(data/nya_02_slam_imu_to_lidar/nya_02_ros2/extracted/_os1_cloud_node1_points) by extensions ['colcon_pkg']
[2.393s] Level 1:colcon.colcon_core.package_identification:_identify(data/nya_02_slam_imu_to_lidar/nya_02_ros2/extracted/_os1_cloud_node1_points) by extension 'colcon_pkg'
[2.393s] Level 1:colcon.colcon_core.package_identification:_identify(data/nya_02_slam_imu_to_lidar/nya_02_ros2/extracted/_os1_cloud_node1_points) by extensions ['colcon_meta']
[2.393s] Level 1:colcon.colcon_core.package_identification:_identify(data/nya_02_slam_imu_to_lidar/nya_02_ros2/extracted/_os1_cloud_node1_points) by extension 'colcon_meta'
[2.393s] Level 1:colcon.colcon_core.package_identification:_identify(data/nya_02_slam_imu_to_lidar/nya_02_ros2/extracted/_os1_cloud_node1_points) by extensions ['ros']
[2.393s] Level 1:colcon.colcon_core.package_identification:_identify(data/nya_02_slam_imu_to_lidar/nya_02_ros2/extracted/_os1_cloud_node1_points) by extension 'ros'
[2.393s] Level 1:colcon.colcon_core.package_identification:_identify(data/nya_02_slam_imu_to_lidar/nya_02_ros2/extracted/_os1_cloud_node1_points) by extensions ['cmake', 'python']
[2.393s] Level 1:colcon.colcon_core.package_identification:_identify(data/nya_02_slam_imu_to_lidar/nya_02_ros2/extracted/_os1_cloud_node1_points) by extension 'cmake'
[2.393s] Level 1:colcon.colcon_core.package_identification:_identify(data/nya_02_slam_imu_to_lidar/nya_02_ros2/extracted/_os1_cloud_node1_points) by extension 'python'
[2.393s] Level 1:colcon.colcon_core.package_identification:_identify(data/nya_02_slam_imu_to_lidar/nya_02_ros2/extracted/_os1_cloud_node1_points) by extensions ['python_setup_py']
[2.393s] Level 1:colcon.colcon_core.package_identification:_identify(data/nya_02_slam_imu_to_lidar/nya_02_ros2/extracted/_os1_cloud_node1_points) by extension 'python_setup_py'
[2.488s] Level 1:colcon.colcon_core.package_identification:_identify(data/nya_02_slam_imu_to_lidar/nya_02_ros2/extracted/_os1_cloud_node2_imu) by extensions ['ignore', 'ignore_ament_install']
[2.488s] Level 1:colcon.colcon_core.package_identification:_identify(data/nya_02_slam_imu_to_lidar/nya_02_ros2/extracted/_os1_cloud_node2_imu) by extension 'ignore'
[2.488s] Level 1:colcon.colcon_core.package_identification:_identify(data/nya_02_slam_imu_to_lidar/nya_02_ros2/extracted/_os1_cloud_node2_imu) by extension 'ignore_ament_install'
[2.488s] Level 1:colcon.colcon_core.package_identification:_identify(data/nya_02_slam_imu_to_lidar/nya_02_ros2/extracted/_os1_cloud_node2_imu) by extensions ['colcon_pkg']
[2.488s] Level 1:colcon.colcon_core.package_identification:_identify(data/nya_02_slam_imu_to_lidar/nya_02_ros2/extracted/_os1_cloud_node2_imu) by extension 'colcon_pkg'
[2.488s] Level 1:colcon.colcon_core.package_identification:_identify(data/nya_02_slam_imu_to_lidar/nya_02_ros2/extracted/_os1_cloud_node2_imu) by extensions ['colcon_meta']
[2.488s] Level 1:colcon.colcon_core.package_identification:_identify(data/nya_02_slam_imu_to_lidar/nya_02_ros2/extracted/_os1_cloud_node2_imu) by extension 'colcon_meta'
[2.489s] Level 1:colcon.colcon_core.package_identification:_identify(data/nya_02_slam_imu_to_lidar/nya_02_ros2/extracted/_os1_cloud_node2_imu) by extensions ['ros']
[2.489s] Level 1:colcon.colcon_core.package_identification:_identify(data/nya_02_slam_imu_to_lidar/nya_02_ros2/extracted/_os1_cloud_node2_imu) by extension 'ros'
[2.489s] Level 1:colcon.colcon_core.package_identification:_identify(data/nya_02_slam_imu_to_lidar/nya_02_ros2/extracted/_os1_cloud_node2_imu) by extensions ['cmake', 'python']
[2.489s] Level 1:colcon.colcon_core.package_identification:_identify(data/nya_02_slam_imu_to_lidar/nya_02_ros2/extracted/_os1_cloud_node2_imu) by extension 'cmake'
[2.489s] Level 1:colcon.colcon_core.package_identification:_identify(data/nya_02_slam_imu_to_lidar/nya_02_ros2/extracted/_os1_cloud_node2_imu) by extension 'python'
[2.489s] Level 1:colcon.colcon_core.package_identification:_identify(data/nya_02_slam_imu_to_lidar/nya_02_ros2/extracted/_os1_cloud_node2_imu) by extensions ['python_setup_py']
[2.489s] Level 1:colcon.colcon_core.package_identification:_identify(data/nya_02_slam_imu_to_lidar/nya_02_ros2/extracted/_os1_cloud_node2_imu) by extension 'python_setup_py'
[2.499s] Level 1:colcon.colcon_core.package_identification:_identify(data/nya_02_slam_imu_to_lidar/nya_02_ros2/extracted/_os1_cloud_node2_points) by extensions ['ignore', 'ignore_ament_install']
[2.499s] Level 1:colcon.colcon_core.package_identification:_identify(data/nya_02_slam_imu_to_lidar/nya_02_ros2/extracted/_os1_cloud_node2_points) by extension 'ignore'
[2.500s] Level 1:colcon.colcon_core.package_identification:_identify(data/nya_02_slam_imu_to_lidar/nya_02_ros2/extracted/_os1_cloud_node2_points) by extension 'ignore_ament_install'
[2.500s] Level 1:colcon.colcon_core.package_identification:_identify(data/nya_02_slam_imu_to_lidar/nya_02_ros2/extracted/_os1_cloud_node2_points) by extensions ['colcon_pkg']
[2.500s] Level 1:colcon.colcon_core.package_identification:_identify(data/nya_02_slam_imu_to_lidar/nya_02_ros2/extracted/_os1_cloud_node2_points) by extension 'colcon_pkg'
[2.500s] Level 1:colcon.colcon_core.package_identification:_identify(data/nya_02_slam_imu_to_lidar/nya_02_ros2/extracted/_os1_cloud_node2_points) by extensions ['colcon_meta']
[2.500s] Level 1:colcon.colcon_core.package_identification:_identify(data/nya_02_slam_imu_to_lidar/nya_02_ros2/extracted/_os1_cloud_node2_points) by extension 'colcon_meta'
[2.500s] Level 1:colcon.colcon_core.package_identification:_identify(data/nya_02_slam_imu_to_lidar/nya_02_ros2/extracted/_os1_cloud_node2_points) by extensions ['ros']
[2.500s] Level 1:colcon.colcon_core.package_identification:_identify(data/nya_02_slam_imu_to_lidar/nya_02_ros2/extracted/_os1_cloud_node2_points) by extension 'ros'
[2.500s] Level 1:colcon.colcon_core.package_identification:_identify(data/nya_02_slam_imu_to_lidar/nya_02_ros2/extracted/_os1_cloud_node2_points) by extensions ['cmake', 'python']
[2.500s] Level 1:colcon.colcon_core.package_identification:_identify(data/nya_02_slam_imu_to_lidar/nya_02_ros2/extracted/_os1_cloud_node2_points) by extension 'cmake'
[2.500s] Level 1:colcon.colcon_core.package_identification:_identify(data/nya_02_slam_imu_to_lidar/nya_02_ros2/extracted/_os1_cloud_node2_points) by extension 'python'
[2.500s] Level 1:colcon.colcon_core.package_identification:_identify(data/nya_02_slam_imu_to_lidar/nya_02_ros2/extracted/_os1_cloud_node2_points) by extensions ['python_setup_py']
[2.500s] Level 1:colcon.colcon_core.package_identification:_identify(data/nya_02_slam_imu_to_lidar/nya_02_ros2/extracted/_os1_cloud_node2_points) by extension 'python_setup_py'
[2.509s] Level 1:colcon.colcon_core.package_identification:_identify(data/nya_02_slam_imu_to_lidar/nya_02_ros2/extracted/_right_image_raw) by extensions ['ignore', 'ignore_ament_install']
[2.509s] Level 1:colcon.colcon_core.package_identification:_identify(data/nya_02_slam_imu_to_lidar/nya_02_ros2/extracted/_right_image_raw) by extension 'ignore'
[2.509s] Level 1:colcon.colcon_core.package_identification:_identify(data/nya_02_slam_imu_to_lidar/nya_02_ros2/extracted/_right_image_raw) by extension 'ignore_ament_install'
[2.509s] Level 1:colcon.colcon_core.package_identification:_identify(data/nya_02_slam_imu_to_lidar/nya_02_ros2/extracted/_right_image_raw) by extensions ['colcon_pkg']
[2.509s] Level 1:colcon.colcon_core.package_identification:_identify(data/nya_02_slam_imu_to_lidar/nya_02_ros2/extracted/_right_image_raw) by extension 'colcon_pkg'
[2.509s] Level 1:colcon.colcon_core.package_identification:_identify(data/nya_02_slam_imu_to_lidar/nya_02_ros2/extracted/_right_image_raw) by extensions ['colcon_meta']
[2.509s] Level 1:colcon.colcon_core.package_identification:_identify(data/nya_02_slam_imu_to_lidar/nya_02_ros2/extracted/_right_image_raw) by extension 'colcon_meta'
[2.509s] Level 1:colcon.colcon_core.package_identification:_identify(data/nya_02_slam_imu_to_lidar/nya_02_ros2/extracted/_right_image_raw) by extensions ['ros']
[2.509s] Level 1:colcon.colcon_core.package_identification:_identify(data/nya_02_slam_imu_to_lidar/nya_02_ros2/extracted/_right_image_raw) by extension 'ros'
[2.509s] Level 1:colcon.colcon_core.package_identification:_identify(data/nya_02_slam_imu_to_lidar/nya_02_ros2/extracted/_right_image_raw) by extensions ['cmake', 'python']
[2.509s] Level 1:colcon.colcon_core.package_identification:_identify(data/nya_02_slam_imu_to_lidar/nya_02_ros2/extracted/_right_image_raw) by extension 'cmake'
[2.509s] Level 1:colcon.colcon_core.package_identification:_identify(data/nya_02_slam_imu_to_lidar/nya_02_ros2/extracted/_right_image_raw) by extension 'python'
[2.510s] Level 1:colcon.colcon_core.package_identification:_identify(data/nya_02_slam_imu_to_lidar/nya_02_ros2/extracted/_right_image_raw) by extensions ['python_setup_py']
[2.510s] Level 1:colcon.colcon_core.package_identification:_identify(data/nya_02_slam_imu_to_lidar/nya_02_ros2/extracted/_right_image_raw) by extension 'python_setup_py'
[2.569s] Level 1:colcon.colcon_core.package_identification:_identify(data/nya_02_slam_imu_to_lidar/nya_02_ros2/extracted/_uwb_endorange_info) by extensions ['ignore', 'ignore_ament_install']
[2.569s] Level 1:colcon.colcon_core.package_identification:_identify(data/nya_02_slam_imu_to_lidar/nya_02_ros2/extracted/_uwb_endorange_info) by extension 'ignore'
[2.569s] Level 1:colcon.colcon_core.package_identification:_identify(data/nya_02_slam_imu_to_lidar/nya_02_ros2/extracted/_uwb_endorange_info) by extension 'ignore_ament_install'
[2.569s] Level 1:colcon.colcon_core.package_identification:_identify(data/nya_02_slam_imu_to_lidar/nya_02_ros2/extracted/_uwb_endorange_info) by extensions ['colcon_pkg']
[2.569s] Level 1:colcon.colcon_core.package_identification:_identify(data/nya_02_slam_imu_to_lidar/nya_02_ros2/extracted/_uwb_endorange_info) by extension 'colcon_pkg'
[2.569s] Level 1:colcon.colcon_core.package_identification:_identify(data/nya_02_slam_imu_to_lidar/nya_02_ros2/extracted/_uwb_endorange_info) by extensions ['colcon_meta']
[2.569s] Level 1:colcon.colcon_core.package_identification:_identify(data/nya_02_slam_imu_to_lidar/nya_02_ros2/extracted/_uwb_endorange_info) by extension 'colcon_meta'
[2.570s] Level 1:colcon.colcon_core.package_identification:_identify(data/nya_02_slam_imu_to_lidar/nya_02_ros2/extracted/_uwb_endorange_info) by extensions ['ros']
[2.570s] Level 1:colcon.colcon_core.package_identification:_identify(data/nya_02_slam_imu_to_lidar/nya_02_ros2/extracted/_uwb_endorange_info) by extension 'ros'
[2.570s] Level 1:colcon.colcon_core.package_identification:_identify(data/nya_02_slam_imu_to_lidar/nya_02_ros2/extracted/_uwb_endorange_info) by extensions ['cmake', 'python']
[2.570s] Level 1:colcon.colcon_core.package_identification:_identify(data/nya_02_slam_imu_to_lidar/nya_02_ros2/extracted/_uwb_endorange_info) by extension 'cmake'
[2.570s] Level 1:colcon.colcon_core.package_identification:_identify(data/nya_02_slam_imu_to_lidar/nya_02_ros2/extracted/_uwb_endorange_info) by extension 'python'
[2.570s] Level 1:colcon.colcon_core.package_identification:_identify(data/nya_02_slam_imu_to_lidar/nya_02_ros2/extracted/_uwb_endorange_info) by extensions ['python_setup_py']
[2.570s] Level 1:colcon.colcon_core.package_identification:_identify(data/nya_02_slam_imu_to_lidar/nya_02_ros2/extracted/_uwb_endorange_info) by extension 'python_setup_py'
[2.576s] Level 1:colcon.colcon_core.package_identification:_identify(data/nya_02_slam_imu_to_lidar/nya_02_ros2/extracted/_uwb_exorange_info) by extensions ['ignore', 'ignore_ament_install']
[2.576s] Level 1:colcon.colcon_core.package_identification:_identify(data/nya_02_slam_imu_to_lidar/nya_02_ros2/extracted/_uwb_exorange_info) by extension 'ignore'
[2.577s] Level 1:colcon.colcon_core.package_identification:_identify(data/nya_02_slam_imu_to_lidar/nya_02_ros2/extracted/_uwb_exorange_info) by extension 'ignore_ament_install'
[2.577s] Level 1:colcon.colcon_core.package_identification:_identify(data/nya_02_slam_imu_to_lidar/nya_02_ros2/extracted/_uwb_exorange_info) by extensions ['colcon_pkg']
[2.577s] Level 1:colcon.colcon_core.package_identification:_identify(data/nya_02_slam_imu_to_lidar/nya_02_ros2/extracted/_uwb_exorange_info) by extension 'colcon_pkg'
[2.577s] Level 1:colcon.colcon_core.package_identification:_identify(data/nya_02_slam_imu_to_lidar/nya_02_ros2/extracted/_uwb_exorange_info) by extensions ['colcon_meta']
[2.577s] Level 1:colcon.colcon_core.package_identification:_identify(data/nya_02_slam_imu_to_lidar/nya_02_ros2/extracted/_uwb_exorange_info) by extension 'colcon_meta'
[2.577s] Level 1:colcon.colcon_core.package_identification:_identify(data/nya_02_slam_imu_to_lidar/nya_02_ros2/extracted/_uwb_exorange_info) by extensions ['ros']
[2.577s] Level 1:colcon.colcon_core.package_identification:_identify(data/nya_02_slam_imu_to_lidar/nya_02_ros2/extracted/_uwb_exorange_info) by extension 'ros'
[2.577s] Level 1:colcon.colcon_core.package_identification:_identify(data/nya_02_slam_imu_to_lidar/nya_02_ros2/extracted/_uwb_exorange_info) by extensions ['cmake', 'python']
[2.577s] Level 1:colcon.colcon_core.package_identification:_identify(data/nya_02_slam_imu_to_lidar/nya_02_ros2/extracted/_uwb_exorange_info) by extension 'cmake'
[2.577s] Level 1:colcon.colcon_core.package_identification:_identify(data/nya_02_slam_imu_to_lidar/nya_02_ros2/extracted/_uwb_exorange_info) by extension 'python'
[2.577s] Level 1:colcon.colcon_core.package_identification:_identify(data/nya_02_slam_imu_to_lidar/nya_02_ros2/extracted/_uwb_exorange_info) by extensions ['python_setup_py']
[2.577s] Level 1:colcon.colcon_core.package_identification:_identify(data/nya_02_slam_imu_to_lidar/nya_02_ros2/extracted/_uwb_exorange_info) by extension 'python_setup_py'
[2.578s] Level 1:colcon.colcon_core.package_identification:_identify(data/nya_02_slam_imu_to_lidar/nya_02_ros2/lidar_camera_calibration-master) by extensions ['ignore', 'ignore_ament_install']
[2.579s] Level 1:colcon.colcon_core.package_identification:_identify(data/nya_02_slam_imu_to_lidar/nya_02_ros2/lidar_camera_calibration-master) by extension 'ignore'
[2.579s] Level 1:colcon.colcon_core.package_identification:_identify(data/nya_02_slam_imu_to_lidar/nya_02_ros2/lidar_camera_calibration-master) by extension 'ignore_ament_install'
[2.579s] Level 1:colcon.colcon_core.package_identification:_identify(data/nya_02_slam_imu_to_lidar/nya_02_ros2/lidar_camera_calibration-master) by extensions ['colcon_pkg']
[2.579s] Level 1:colcon.colcon_core.package_identification:_identify(data/nya_02_slam_imu_to_lidar/nya_02_ros2/lidar_camera_calibration-master) by extension 'colcon_pkg'
[2.579s] Level 1:colcon.colcon_core.package_identification:_identify(data/nya_02_slam_imu_to_lidar/nya_02_ros2/lidar_camera_calibration-master) by extensions ['colcon_meta']
[2.579s] Level 1:colcon.colcon_core.package_identification:_identify(data/nya_02_slam_imu_to_lidar/nya_02_ros2/lidar_camera_calibration-master) by extension 'colcon_meta'
[2.579s] Level 1:colcon.colcon_core.package_identification:_identify(data/nya_02_slam_imu_to_lidar/nya_02_ros2/lidar_camera_calibration-master) by extensions ['ros']
[2.579s] Level 1:colcon.colcon_core.package_identification:_identify(data/nya_02_slam_imu_to_lidar/nya_02_ros2/lidar_camera_calibration-master) by extension 'ros'
[2.579s] Level 1:colcon.colcon_core.package_identification:_identify(data/nya_02_slam_imu_to_lidar/nya_02_ros2/lidar_camera_calibration-master) by extensions ['cmake', 'python']
[2.579s] Level 1:colcon.colcon_core.package_identification:_identify(data/nya_02_slam_imu_to_lidar/nya_02_ros2/lidar_camera_calibration-master) by extension 'cmake'
[2.580s] Level 1:colcon.colcon_core.package_identification:_identify(data/nya_02_slam_imu_to_lidar/nya_02_ros2/lidar_camera_calibration-master) by extension 'python'
[2.580s] Level 1:colcon.colcon_core.package_identification:_identify(data/nya_02_slam_imu_to_lidar/nya_02_ros2/lidar_camera_calibration-master) by extensions ['python_setup_py']
[2.580s] Level 1:colcon.colcon_core.package_identification:_identify(data/nya_02_slam_imu_to_lidar/nya_02_ros2/lidar_camera_calibration-master) by extension 'python_setup_py'
[2.580s] Level 1:colcon.colcon_core.package_identification:_identify(data/nya_02_slam_imu_to_lidar/nya_02_ros2/lidar_camera_calibration-master/calibration_data) by extensions ['ignore', 'ignore_ament_install']
[2.580s] Level 1:colcon.colcon_core.package_identification:_identify(data/nya_02_slam_imu_to_lidar/nya_02_ros2/lidar_camera_calibration-master/calibration_data) by extension 'ignore'
[2.580s] Level 1:colcon.colcon_core.package_identification:_identify(data/nya_02_slam_imu_to_lidar/nya_02_ros2/lidar_camera_calibration-master/calibration_data) by extension 'ignore_ament_install'
[2.580s] Level 1:colcon.colcon_core.package_identification:_identify(data/nya_02_slam_imu_to_lidar/nya_02_ros2/lidar_camera_calibration-master/calibration_data) by extensions ['colcon_pkg']
[2.580s] Level 1:colcon.colcon_core.package_identification:_identify(data/nya_02_slam_imu_to_lidar/nya_02_ros2/lidar_camera_calibration-master/calibration_data) by extension 'colcon_pkg'
[2.581s] Level 1:colcon.colcon_core.package_identification:_identify(data/nya_02_slam_imu_to_lidar/nya_02_ros2/lidar_camera_calibration-master/calibration_data) by extensions ['colcon_meta']
[2.581s] Level 1:colcon.colcon_core.package_identification:_identify(data/nya_02_slam_imu_to_lidar/nya_02_ros2/lidar_camera_calibration-master/calibration_data) by extension 'colcon_meta'
[2.581s] Level 1:colcon.colcon_core.package_identification:_identify(data/nya_02_slam_imu_to_lidar/nya_02_ros2/lidar_camera_calibration-master/calibration_data) by extensions ['ros']
[2.581s] Level 1:colcon.colcon_core.package_identification:_identify(data/nya_02_slam_imu_to_lidar/nya_02_ros2/lidar_camera_calibration-master/calibration_data) by extension 'ros'
[2.581s] Level 1:colcon.colcon_core.package_identification:_identify(data/nya_02_slam_imu_to_lidar/nya_02_ros2/lidar_camera_calibration-master/calibration_data) by extensions ['cmake', 'python']
[2.581s] Level 1:colcon.colcon_core.package_identification:_identify(data/nya_02_slam_imu_to_lidar/nya_02_ros2/lidar_camera_calibration-master/calibration_data) by extension 'cmake'
[2.581s] Level 1:colcon.colcon_core.package_identification:_identify(data/nya_02_slam_imu_to_lidar/nya_02_ros2/lidar_camera_calibration-master/calibration_data) by extension 'python'
[2.581s] Level 1:colcon.colcon_core.package_identification:_identify(data/nya_02_slam_imu_to_lidar/nya_02_ros2/lidar_camera_calibration-master/calibration_data) by extensions ['python_setup_py']
[2.581s] Level 1:colcon.colcon_core.package_identification:_identify(data/nya_02_slam_imu_to_lidar/nya_02_ros2/lidar_camera_calibration-master/calibration_data) by extension 'python_setup_py'
[2.581s] Level 1:colcon.colcon_core.package_identification:_identify(data/nya_02_slam_imu_to_lidar/nya_02_ros2/lidar_camera_calibration-master/calibration_data/camera_calibration) by extensions ['ignore', 'ignore_ament_install']
[2.582s] Level 1:colcon.colcon_core.package_identification:_identify(data/nya_02_slam_imu_to_lidar/nya_02_ros2/lidar_camera_calibration-master/calibration_data/camera_calibration) by extension 'ignore'
[2.582s] Level 1:colcon.colcon_core.package_identification:_identify(data/nya_02_slam_imu_to_lidar/nya_02_ros2/lidar_camera_calibration-master/calibration_data/camera_calibration) by extension 'ignore_ament_install'
[2.582s] Level 1:colcon.colcon_core.package_identification:_identify(data/nya_02_slam_imu_to_lidar/nya_02_ros2/lidar_camera_calibration-master/calibration_data/camera_calibration) by extensions ['colcon_pkg']
[2.582s] Level 1:colcon.colcon_core.package_identification:_identify(data/nya_02_slam_imu_to_lidar/nya_02_ros2/lidar_camera_calibration-master/calibration_data/camera_calibration) by extension 'colcon_pkg'
[2.582s] Level 1:colcon.colcon_core.package_identification:_identify(data/nya_02_slam_imu_to_lidar/nya_02_ros2/lidar_camera_calibration-master/calibration_data/camera_calibration) by extensions ['colcon_meta']
[2.582s] Level 1:colcon.colcon_core.package_identification:_identify(data/nya_02_slam_imu_to_lidar/nya_02_ros2/lidar_camera_calibration-master/calibration_data/camera_calibration) by extension 'colcon_meta'
[2.582s] Level 1:colcon.colcon_core.package_identification:_identify(data/nya_02_slam_imu_to_lidar/nya_02_ros2/lidar_camera_calibration-master/calibration_data/camera_calibration) by extensions ['ros']
[2.582s] Level 1:colcon.colcon_core.package_identification:_identify(data/nya_02_slam_imu_to_lidar/nya_02_ros2/lidar_camera_calibration-master/calibration_data/camera_calibration) by extension 'ros'
[2.583s] Level 1:colcon.colcon_core.package_identification:_identify(data/nya_02_slam_imu_to_lidar/nya_02_ros2/lidar_camera_calibration-master/calibration_data/camera_calibration) by extensions ['cmake', 'python']
[2.583s] Level 1:colcon.colcon_core.package_identification:_identify(data/nya_02_slam_imu_to_lidar/nya_02_ros2/lidar_camera_calibration-master/calibration_data/camera_calibration) by extension 'cmake'
[2.583s] Level 1:colcon.colcon_core.package_identification:_identify(data/nya_02_slam_imu_to_lidar/nya_02_ros2/lidar_camera_calibration-master/calibration_data/camera_calibration) by extension 'python'
[2.583s] Level 1:colcon.colcon_core.package_identification:_identify(data/nya_02_slam_imu_to_lidar/nya_02_ros2/lidar_camera_calibration-master/calibration_data/camera_calibration) by extensions ['python_setup_py']
[2.583s] Level 1:colcon.colcon_core.package_identification:_identify(data/nya_02_slam_imu_to_lidar/nya_02_ros2/lidar_camera_calibration-master/calibration_data/camera_calibration) by extension 'python_setup_py'
[2.583s] Level 1:colcon.colcon_core.package_identification:_identify(data/nya_02_slam_imu_to_lidar/nya_02_ros2/nya_02_slam_imu_to_lidar) by extensions ['ignore', 'ignore_ament_install']
[2.583s] Level 1:colcon.colcon_core.package_identification:_identify(data/nya_02_slam_imu_to_lidar/nya_02_ros2/nya_02_slam_imu_to_lidar) by extension 'ignore'
[2.583s] Level 1:colcon.colcon_core.package_identification:_identify(data/nya_02_slam_imu_to_lidar/nya_02_ros2/nya_02_slam_imu_to_lidar) by extension 'ignore_ament_install'
[2.583s] Level 1:colcon.colcon_core.package_identification:_identify(data/nya_02_slam_imu_to_lidar/nya_02_ros2/nya_02_slam_imu_to_lidar) by extensions ['colcon_pkg']
[2.583s] Level 1:colcon.colcon_core.package_identification:_identify(data/nya_02_slam_imu_to_lidar/nya_02_ros2/nya_02_slam_imu_to_lidar) by extension 'colcon_pkg'
[2.584s] Level 1:colcon.colcon_core.package_identification:_identify(data/nya_02_slam_imu_to_lidar/nya_02_ros2/nya_02_slam_imu_to_lidar) by extensions ['colcon_meta']
[2.584s] Level 1:colcon.colcon_core.package_identification:_identify(data/nya_02_slam_imu_to_lidar/nya_02_ros2/nya_02_slam_imu_to_lidar) by extension 'colcon_meta'
[2.584s] Level 1:colcon.colcon_core.package_identification:_identify(data/nya_02_slam_imu_to_lidar/nya_02_ros2/nya_02_slam_imu_to_lidar) by extensions ['ros']
[2.584s] Level 1:colcon.colcon_core.package_identification:_identify(data/nya_02_slam_imu_to_lidar/nya_02_ros2/nya_02_slam_imu_to_lidar) by extension 'ros'
[2.584s] Level 1:colcon.colcon_core.package_identification:_identify(data/nya_02_slam_imu_to_lidar/nya_02_ros2/nya_02_slam_imu_to_lidar) by extensions ['cmake', 'python']
[2.584s] Level 1:colcon.colcon_core.package_identification:_identify(data/nya_02_slam_imu_to_lidar/nya_02_ros2/nya_02_slam_imu_to_lidar) by extension 'cmake'
[2.584s] Level 1:colcon.colcon_core.package_identification:_identify(data/nya_02_slam_imu_to_lidar/nya_02_ros2/nya_02_slam_imu_to_lidar) by extension 'python'
[2.584s] Level 1:colcon.colcon_core.package_identification:_identify(data/nya_02_slam_imu_to_lidar/nya_02_ros2/nya_02_slam_imu_to_lidar) by extensions ['python_setup_py']
[2.584s] Level 1:colcon.colcon_core.package_identification:_identify(data/nya_02_slam_imu_to_lidar/nya_02_ros2/nya_02_slam_imu_to_lidar) by extension 'python_setup_py'
[2.584s] Level 1:colcon.colcon_core.package_identification:_identify(data/nya_02_slam_imu_to_lidar/nya_02_ros2/nya_02_slam_imu_to_lidar/lidar_horz.yaml) by extensions ['ignore', 'ignore_ament_install']
[2.584s] Level 1:colcon.colcon_core.package_identification:_identify(data/nya_02_slam_imu_to_lidar/nya_02_ros2/nya_02_slam_imu_to_lidar/lidar_horz.yaml) by extension 'ignore'
[2.584s] Level 1:colcon.colcon_core.package_identification:_identify(data/nya_02_slam_imu_to_lidar/nya_02_ros2/nya_02_slam_imu_to_lidar/lidar_horz.yaml) by extension 'ignore_ament_install'
[2.584s] Level 1:colcon.colcon_core.package_identification:_identify(data/nya_02_slam_imu_to_lidar/nya_02_ros2/nya_02_slam_imu_to_lidar/lidar_horz.yaml) by extensions ['colcon_pkg']
[2.585s] Level 1:colcon.colcon_core.package_identification:_identify(data/nya_02_slam_imu_to_lidar/nya_02_ros2/nya_02_slam_imu_to_lidar/lidar_horz.yaml) by extension 'colcon_pkg'
[2.585s] Level 1:colcon.colcon_core.package_identification:_identify(data/nya_02_slam_imu_to_lidar/nya_02_ros2/nya_02_slam_imu_to_lidar/lidar_horz.yaml) by extensions ['colcon_meta']
[2.585s] Level 1:colcon.colcon_core.package_identification:_identify(data/nya_02_slam_imu_to_lidar/nya_02_ros2/nya_02_slam_imu_to_lidar/lidar_horz.yaml) by extension 'colcon_meta'
[2.585s] Level 1:colcon.colcon_core.package_identification:_identify(data/nya_02_slam_imu_to_lidar/nya_02_ros2/nya_02_slam_imu_to_lidar/lidar_horz.yaml) by extensions ['ros']
[2.585s] Level 1:colcon.colcon_core.package_identification:_identify(data/nya_02_slam_imu_to_lidar/nya_02_ros2/nya_02_slam_imu_to_lidar/lidar_horz.yaml) by extension 'ros'
[2.585s] Level 1:colcon.colcon_core.package_identification:_identify(data/nya_02_slam_imu_to_lidar/nya_02_ros2/nya_02_slam_imu_to_lidar/lidar_horz.yaml) by extensions ['cmake', 'python']
[2.585s] Level 1:colcon.colcon_core.package_identification:_identify(data/nya_02_slam_imu_to_lidar/nya_02_ros2/nya_02_slam_imu_to_lidar/lidar_horz.yaml) by extension 'cmake'
[2.585s] Level 1:colcon.colcon_core.package_identification:_identify(data/nya_02_slam_imu_to_lidar/nya_02_ros2/nya_02_slam_imu_to_lidar/lidar_horz.yaml) by extension 'python'
[2.585s] Level 1:colcon.colcon_core.package_identification:_identify(data/nya_02_slam_imu_to_lidar/nya_02_ros2/nya_02_slam_imu_to_lidar/lidar_horz.yaml) by extensions ['python_setup_py']
[2.585s] Level 1:colcon.colcon_core.package_identification:_identify(data/nya_02_slam_imu_to_lidar/nya_02_ros2/nya_02_slam_imu_to_lidar/lidar_horz.yaml) by extension 'python_setup_py'
[2.585s] Level 1:colcon.colcon_core.package_identification:_identify(data/road) by extensions ['ignore', 'ignore_ament_install']
[2.585s] Level 1:colcon.colcon_core.package_identification:_identify(data/road) by extension 'ignore'
[2.585s] Level 1:colcon.colcon_core.package_identification:_identify(data/road) by extension 'ignore_ament_install'
[2.585s] Level 1:colcon.colcon_core.package_identification:_identify(data/road) by extensions ['colcon_pkg']
[2.585s] Level 1:colcon.colcon_core.package_identification:_identify(data/road) by extension 'colcon_pkg'
[2.585s] Level 1:colcon.colcon_core.package_identification:_identify(data/road) by extensions ['colcon_meta']
[2.585s] Level 1:colcon.colcon_core.package_identification:_identify(data/road) by extension 'colcon_meta'
[2.586s] Level 1:colcon.colcon_core.package_identification:_identify(data/road) by extensions ['ros']
[2.586s] Level 1:colcon.colcon_core.package_identification:_identify(data/road) by extension 'ros'
[2.586s] Level 1:colcon.colcon_core.package_identification:_identify(data/road) by extensions ['cmake', 'python']
[2.586s] Level 1:colcon.colcon_core.package_identification:_identify(data/road) by extension 'cmake'
[2.586s] Level 1:colcon.colcon_core.package_identification:_identify(data/road) by extension 'python'
[2.586s] Level 1:colcon.colcon_core.package_identification:_identify(data/road) by extensions ['python_setup_py']
[2.586s] Level 1:colcon.colcon_core.package_identification:_identify(data/road) by extension 'python_setup_py'
[2.586s] Level 1:colcon.colcon_core.package_identification:_identify(data/road/2020-10-27) by extensions ['ignore', 'ignore_ament_install']
[2.586s] Level 1:colcon.colcon_core.package_identification:_identify(data/road/2020-10-27) by extension 'ignore'
[2.586s] Level 1:colcon.colcon_core.package_identification:_identify(data/road/2020-10-27) by extension 'ignore_ament_install'
[2.586s] Level 1:colcon.colcon_core.package_identification:_identify(data/road/2020-10-27) by extensions ['colcon_pkg']
[2.586s] Level 1:colcon.colcon_core.package_identification:_identify(data/road/2020-10-27) by extension 'colcon_pkg'
[2.586s] Level 1:colcon.colcon_core.package_identification:_identify(data/road/2020-10-27) by extensions ['colcon_meta']
[2.586s] Level 1:colcon.colcon_core.package_identification:_identify(data/road/2020-10-27) by extension 'colcon_meta'
[2.586s] Level 1:colcon.colcon_core.package_identification:_identify(data/road/2020-10-27) by extensions ['ros']
[2.586s] Level 1:colcon.colcon_core.package_identification:_identify(data/road/2020-10-27) by extension 'ros'
[2.586s] Level 1:colcon.colcon_core.package_identification:_identify(data/road/2020-10-27) by extensions ['cmake', 'python']
[2.587s] Level 1:colcon.colcon_core.package_identification:_identify(data/road/2020-10-27) by extension 'cmake'
[2.587s] Level 1:colcon.colcon_core.package_identification:_identify(data/road/2020-10-27) by extension 'python'
[2.587s] Level 1:colcon.colcon_core.package_identification:_identify(data/road/2020-10-27) by extensions ['python_setup_py']
[2.587s] Level 1:colcon.colcon_core.package_identification:_identify(data/road/2020-10-27) by extension 'python_setup_py'
[2.587s] Level 1:colcon.colcon_core.package_identification:_identify(data/road/2020-10-29) by extensions ['ignore', 'ignore_ament_install']
[2.587s] Level 1:colcon.colcon_core.package_identification:_identify(data/road/2020-10-29) by extension 'ignore'
[2.587s] Level 1:colcon.colcon_core.package_identification:_identify(data/road/2020-10-29) by extension 'ignore_ament_install'
[2.587s] Level 1:colcon.colcon_core.package_identification:_identify(data/road/2020-10-29) by extensions ['colcon_pkg']
[2.587s] Level 1:colcon.colcon_core.package_identification:_identify(data/road/2020-10-29) by extension 'colcon_pkg'
[2.587s] Level 1:colcon.colcon_core.package_identification:_identify(data/road/2020-10-29) by extensions ['colcon_meta']
[2.587s] Level 1:colcon.colcon_core.package_identification:_identify(data/road/2020-10-29) by extension 'colcon_meta'
[2.587s] Level 1:colcon.colcon_core.package_identification:_identify(data/road/2020-10-29) by extensions ['ros']
[2.587s] Level 1:colcon.colcon_core.package_identification:_identify(data/road/2020-10-29) by extension 'ros'
[2.587s] Level 1:colcon.colcon_core.package_identification:_identify(data/road/2020-10-29) by extensions ['cmake', 'python']
[2.587s] Level 1:colcon.colcon_core.package_identification:_identify(data/road/2020-10-29) by extension 'cmake'
[2.587s] Level 1:colcon.colcon_core.package_identification:_identify(data/road/2020-10-29) by extension 'python'
[2.587s] Level 1:colcon.colcon_core.package_identification:_identify(data/road/2020-10-29) by extensions ['python_setup_py']
[2.587s] Level 1:colcon.colcon_core.package_identification:_identify(data/road/2020-10-29) by extension 'python_setup_py'
[2.588s] Level 1:colcon.colcon_core.package_identification:_identify(data/road/2022-10-27) by extensions ['ignore', 'ignore_ament_install']
[2.588s] Level 1:colcon.colcon_core.package_identification:_identify(data/road/2022-10-27) by extension 'ignore'
[2.588s] Level 1:colcon.colcon_core.package_identification:_identify(data/road/2022-10-27) by extension 'ignore_ament_install'
[2.588s] Level 1:colcon.colcon_core.package_identification:_identify(data/road/2022-10-27) by extensions ['colcon_pkg']
[2.588s] Level 1:colcon.colcon_core.package_identification:_identify(data/road/2022-10-27) by extension 'colcon_pkg'
[2.588s] Level 1:colcon.colcon_core.package_identification:_identify(data/road/2022-10-27) by extensions ['colcon_meta']
[2.588s] Level 1:colcon.colcon_core.package_identification:_identify(data/road/2022-10-27) by extension 'colcon_meta'
[2.588s] Level 1:colcon.colcon_core.package_identification:_identify(data/road/2022-10-27) by extensions ['ros']
[2.588s] Level 1:colcon.colcon_core.package_identification:_identify(data/road/2022-10-27) by extension 'ros'
[2.588s] Level 1:colcon.colcon_core.package_identification:_identify(data/road/2022-10-27) by extensions ['cmake', 'python']
[2.588s] Level 1:colcon.colcon_core.package_identification:_identify(data/road/2022-10-27) by extension 'cmake'
[2.588s] Level 1:colcon.colcon_core.package_identification:_identify(data/road/2022-10-27) by extension 'python'
[2.588s] Level 1:colcon.colcon_core.package_identification:_identify(data/road/2022-10-27) by extensions ['python_setup_py']
[2.588s] Level 1:colcon.colcon_core.package_identification:_identify(data/road/2022-10-27) by extension 'python_setup_py'
[2.588s] Level 1:colcon.colcon_core.package_identification:_identify(data/road/IMU) by extensions ['ignore', 'ignore_ament_install']
[2.588s] Level 1:colcon.colcon_core.package_identification:_identify(data/road/IMU) by extension 'ignore'
[2.588s] Level 1:colcon.colcon_core.package_identification:_identify(data/road/IMU) by extension 'ignore_ament_install'
[2.588s] Level 1:colcon.colcon_core.package_identification:_identify(data/road/IMU) by extensions ['colcon_pkg']
[2.588s] Level 1:colcon.colcon_core.package_identification:_identify(data/road/IMU) by extension 'colcon_pkg'
[2.588s] Level 1:colcon.colcon_core.package_identification:_identify(data/road/IMU) by extensions ['colcon_meta']
[2.588s] Level 1:colcon.colcon_core.package_identification:_identify(data/road/IMU) by extension 'colcon_meta'
[2.588s] Level 1:colcon.colcon_core.package_identification:_identify(data/road/IMU) by extensions ['ros']
[2.589s] Level 1:colcon.colcon_core.package_identification:_identify(data/road/IMU) by extension 'ros'
[2.589s] Level 1:colcon.colcon_core.package_identification:_identify(data/road/IMU) by extensions ['cmake', 'python']
[2.589s] Level 1:colcon.colcon_core.package_identification:_identify(data/road/IMU) by extension 'cmake'
[2.589s] Level 1:colcon.colcon_core.package_identification:_identify(data/road/IMU) by extension 'python'
[2.589s] Level 1:colcon.colcon_core.package_identification:_identify(data/road/IMU) by extensions ['python_setup_py']
[2.589s] Level 1:colcon.colcon_core.package_identification:_identify(data/road/IMU) by extension 'python_setup_py'
[2.589s] Level 1:colcon.colcon_core.package_identification:_identify(data/road/Image) by extensions ['ignore', 'ignore_ament_install']
[2.589s] Level 1:colcon.colcon_core.package_identification:_identify(data/road/Image) by extension 'ignore'
[2.589s] Level 1:colcon.colcon_core.package_identification:_identify(data/road/Image) by extension 'ignore_ament_install'
[2.589s] Level 1:colcon.colcon_core.package_identification:_identify(data/road/Image) by extensions ['colcon_pkg']
[2.589s] Level 1:colcon.colcon_core.package_identification:_identify(data/road/Image) by extension 'colcon_pkg'
[2.589s] Level 1:colcon.colcon_core.package_identification:_identify(data/road/Image) by extensions ['colcon_meta']
[2.589s] Level 1:colcon.colcon_core.package_identification:_identify(data/road/Image) by extension 'colcon_meta'
[2.589s] Level 1:colcon.colcon_core.package_identification:_identify(data/road/Image) by extensions ['ros']
[2.589s] Level 1:colcon.colcon_core.package_identification:_identify(data/road/Image) by extension 'ros'
[2.589s] Level 1:colcon.colcon_core.package_identification:_identify(data/road/Image) by extensions ['cmake', 'python']
[2.589s] Level 1:colcon.colcon_core.package_identification:_identify(data/road/Image) by extension 'cmake'
[2.589s] Level 1:colcon.colcon_core.package_identification:_identify(data/road/Image) by extension 'python'
[2.589s] Level 1:colcon.colcon_core.package_identification:_identify(data/road/Image) by extensions ['python_setup_py']
[2.589s] Level 1:colcon.colcon_core.package_identification:_identify(data/road/Image) by extension 'python_setup_py'
[2.609s] Level 1:colcon.colcon_core.package_identification:_identify(data/road/Image/cam_left) by extensions ['ignore', 'ignore_ament_install']
[2.610s] Level 1:colcon.colcon_core.package_identification:_identify(data/road/Image/cam_left) by extension 'ignore'
[2.610s] Level 1:colcon.colcon_core.package_identification:_identify(data/road/Image/cam_left) by extension 'ignore_ament_install'
[2.610s] Level 1:colcon.colcon_core.package_identification:_identify(data/road/Image/cam_left) by extensions ['colcon_pkg']
[2.610s] Level 1:colcon.colcon_core.package_identification:_identify(data/road/Image/cam_left) by extension 'colcon_pkg'
[2.610s] Level 1:colcon.colcon_core.package_identification:_identify(data/road/Image/cam_left) by extensions ['colcon_meta']
[2.610s] Level 1:colcon.colcon_core.package_identification:_identify(data/road/Image/cam_left) by extension 'colcon_meta'
[2.610s] Level 1:colcon.colcon_core.package_identification:_identify(data/road/Image/cam_left) by extensions ['ros']
[2.610s] Level 1:colcon.colcon_core.package_identification:_identify(data/road/Image/cam_left) by extension 'ros'
[2.611s] Level 1:colcon.colcon_core.package_identification:_identify(data/road/Image/cam_left) by extensions ['cmake', 'python']
[2.611s] Level 1:colcon.colcon_core.package_identification:_identify(data/road/Image/cam_left) by extension 'cmake'
[2.611s] Level 1:colcon.colcon_core.package_identification:_identify(data/road/Image/cam_left) by extension 'python'
[2.611s] Level 1:colcon.colcon_core.package_identification:_identify(data/road/Image/cam_left) by extensions ['python_setup_py']
[2.611s] Level 1:colcon.colcon_core.package_identification:_identify(data/road/Image/cam_left) by extension 'python_setup_py'
[2.638s] Level 1:colcon.colcon_core.package_identification:_identify(data/road/Image/cam_right) by extensions ['ignore', 'ignore_ament_install']
[2.638s] Level 1:colcon.colcon_core.package_identification:_identify(data/road/Image/cam_right) by extension 'ignore'
[2.638s] Level 1:colcon.colcon_core.package_identification:_identify(data/road/Image/cam_right) by extension 'ignore_ament_install'
[2.638s] Level 1:colcon.colcon_core.package_identification:_identify(data/road/Image/cam_right) by extensions ['colcon_pkg']
[2.638s] Level 1:colcon.colcon_core.package_identification:_identify(data/road/Image/cam_right) by extension 'colcon_pkg'
[2.638s] Level 1:colcon.colcon_core.package_identification:_identify(data/road/Image/cam_right) by extensions ['colcon_meta']
[2.638s] Level 1:colcon.colcon_core.package_identification:_identify(data/road/Image/cam_right) by extension 'colcon_meta'
[2.638s] Level 1:colcon.colcon_core.package_identification:_identify(data/road/Image/cam_right) by extensions ['ros']
[2.638s] Level 1:colcon.colcon_core.package_identification:_identify(data/road/Image/cam_right) by extension 'ros'
[2.638s] Level 1:colcon.colcon_core.package_identification:_identify(data/road/Image/cam_right) by extensions ['cmake', 'python']
[2.639s] Level 1:colcon.colcon_core.package_identification:_identify(data/road/Image/cam_right) by extension 'cmake'
[2.639s] Level 1:colcon.colcon_core.package_identification:_identify(data/road/Image/cam_right) by extension 'python'
[2.639s] Level 1:colcon.colcon_core.package_identification:_identify(data/road/Image/cam_right) by extensions ['python_setup_py']
[2.639s] Level 1:colcon.colcon_core.package_identification:_identify(data/road/Image/cam_right) by extension 'python_setup_py'
[2.639s] Level 1:colcon.colcon_core.package_identification:_identify(data/road/Lidar) by extensions ['ignore', 'ignore_ament_install']
[2.639s] Level 1:colcon.colcon_core.package_identification:_identify(data/road/Lidar) by extension 'ignore'
[2.639s] Level 1:colcon.colcon_core.package_identification:_identify(data/road/Lidar) by extension 'ignore_ament_install'
[2.639s] Level 1:colcon.colcon_core.package_identification:_identify(data/road/Lidar) by extensions ['colcon_pkg']
[2.639s] Level 1:colcon.colcon_core.package_identification:_identify(data/road/Lidar) by extension 'colcon_pkg'
[2.639s] Level 1:colcon.colcon_core.package_identification:_identify(data/road/Lidar) by extensions ['colcon_meta']
[2.639s] Level 1:colcon.colcon_core.package_identification:_identify(data/road/Lidar) by extension 'colcon_meta'
[2.639s] Level 1:colcon.colcon_core.package_identification:_identify(data/road/Lidar) by extensions ['ros']
[2.639s] Level 1:colcon.colcon_core.package_identification:_identify(data/road/Lidar) by extension 'ros'
[2.639s] Level 1:colcon.colcon_core.package_identification:_identify(data/road/Lidar) by extensions ['cmake', 'python']
[2.639s] Level 1:colcon.colcon_core.package_identification:_identify(data/road/Lidar) by extension 'cmake'
[2.639s] Level 1:colcon.colcon_core.package_identification:_identify(data/road/Lidar) by extension 'python'
[2.639s] Level 1:colcon.colcon_core.package_identification:_identify(data/road/Lidar) by extensions ['python_setup_py']
[2.639s] Level 1:colcon.colcon_core.package_identification:_identify(data/road/Lidar) by extension 'python_setup_py'
[2.685s] Level 1:colcon.colcon_core.package_identification:_identify(data/road/Lidar/data) by extensions ['ignore', 'ignore_ament_install']
[2.685s] Level 1:colcon.colcon_core.package_identification:_identify(data/road/Lidar/data) by extension 'ignore'
[2.685s] Level 1:colcon.colcon_core.package_identification:_identify(data/road/Lidar/data) by extension 'ignore_ament_install'
[2.685s] Level 1:colcon.colcon_core.package_identification:_identify(data/road/Lidar/data) by extensions ['colcon_pkg']
[2.686s] Level 1:colcon.colcon_core.package_identification:_identify(data/road/Lidar/data) by extension 'colcon_pkg'
[2.686s] Level 1:colcon.colcon_core.package_identification:_identify(data/road/Lidar/data) by extensions ['colcon_meta']
[2.686s] Level 1:colcon.colcon_core.package_identification:_identify(data/road/Lidar/data) by extension 'colcon_meta'
[2.686s] Level 1:colcon.colcon_core.package_identification:_identify(data/road/Lidar/data) by extensions ['ros']
[2.686s] Level 1:colcon.colcon_core.package_identification:_identify(data/road/Lidar/data) by extension 'ros'
[2.686s] Level 1:colcon.colcon_core.package_identification:_identify(data/road/Lidar/data) by extensions ['cmake', 'python']
[2.686s] Level 1:colcon.colcon_core.package_identification:_identify(data/road/Lidar/data) by extension 'cmake'
[2.686s] Level 1:colcon.colcon_core.package_identification:_identify(data/road/Lidar/data) by extension 'python'
[2.686s] Level 1:colcon.colcon_core.package_identification:_identify(data/road/Lidar/data) by extensions ['python_setup_py']
[2.686s] Level 1:colcon.colcon_core.package_identification:_identify(data/road/Lidar/data) by extension 'python_setup_py'
[2.687s] Level 1:colcon.colcon_core.package_identification:_identify(data/school_scooter) by extensions ['ignore', 'ignore_ament_install']
[2.687s] Level 1:colcon.colcon_core.package_identification:_identify(data/school_scooter) by extension 'ignore'
[2.687s] Level 1:colcon.colcon_core.package_identification:_identify(data/school_scooter) by extension 'ignore_ament_install'
[2.687s] Level 1:colcon.colcon_core.package_identification:_identify(data/school_scooter) by extensions ['colcon_pkg']
[2.687s] Level 1:colcon.colcon_core.package_identification:_identify(data/school_scooter) by extension 'colcon_pkg'
[2.687s] Level 1:colcon.colcon_core.package_identification:_identify(data/school_scooter) by extensions ['colcon_meta']
[2.687s] Level 1:colcon.colcon_core.package_identification:_identify(data/school_scooter) by extension 'colcon_meta'
[2.687s] Level 1:colcon.colcon_core.package_identification:_identify(data/school_scooter) by extensions ['ros']
[2.687s] Level 1:colcon.colcon_core.package_identification:_identify(data/school_scooter) by extension 'ros'
[2.687s] Level 1:colcon.colcon_core.package_identification:_identify(data/school_scooter) by extensions ['cmake', 'python']
[2.687s] Level 1:colcon.colcon_core.package_identification:_identify(data/school_scooter) by extension 'cmake'
[2.688s] Level 1:colcon.colcon_core.package_identification:_identify(data/school_scooter) by extension 'python'
[2.688s] Level 1:colcon.colcon_core.package_identification:_identify(data/school_scooter) by extensions ['python_setup_py']
[2.688s] Level 1:colcon.colcon_core.package_identification:_identify(data/school_scooter) by extension 'python_setup_py'
[2.688s] Level 1:colcon.colcon_core.package_identification:_identify(data/school_scooter/results) by extensions ['ignore', 'ignore_ament_install']
[2.688s] Level 1:colcon.colcon_core.package_identification:_identify(data/school_scooter/results) by extension 'ignore'
[2.688s] Level 1:colcon.colcon_core.package_identification:_identify(data/school_scooter/results) by extension 'ignore_ament_install'
[2.688s] Level 1:colcon.colcon_core.package_identification:_identify(data/school_scooter/results) by extensions ['colcon_pkg']
[2.688s] Level 1:colcon.colcon_core.package_identification:_identify(data/school_scooter/results) by extension 'colcon_pkg'
[2.688s] Level 1:colcon.colcon_core.package_identification:_identify(data/school_scooter/results) by extensions ['colcon_meta']
[2.688s] Level 1:colcon.colcon_core.package_identification:_identify(data/school_scooter/results) by extension 'colcon_meta'
[2.688s] Level 1:colcon.colcon_core.package_identification:_identify(data/school_scooter/results) by extensions ['ros']
[2.688s] Level 1:colcon.colcon_core.package_identification:_identify(data/school_scooter/results) by extension 'ros'
[2.688s] Level 1:colcon.colcon_core.package_identification:_identify(data/school_scooter/results) by extensions ['cmake', 'python']
[2.688s] Level 1:colcon.colcon_core.package_identification:_identify(data/school_scooter/results) by extension 'cmake'
[2.688s] Level 1:colcon.colcon_core.package_identification:_identify(data/school_scooter/results) by extension 'python'
[2.689s] Level 1:colcon.colcon_core.package_identification:_identify(data/school_scooter/results) by extensions ['python_setup_py']
[2.689s] Level 1:colcon.colcon_core.package_identification:_identify(data/school_scooter/results) by extension 'python_setup_py'
[2.689s] Level 1:colcon.colcon_core.package_identification:_identify(data/school_scooter/results/mpl_calibration_toolbox) by extensions ['ignore', 'ignore_ament_install']
[2.689s] Level 1:colcon.colcon_core.package_identification:_identify(data/school_scooter/results/mpl_calibration_toolbox) by extension 'ignore'
[2.689s] Level 1:colcon.colcon_core.package_identification:_identify(data/school_scooter/results/mpl_calibration_toolbox) by extension 'ignore_ament_install'
[2.689s] Level 1:colcon.colcon_core.package_identification:_identify(data/school_scooter/results/mpl_calibration_toolbox) by extensions ['colcon_pkg']
[2.689s] Level 1:colcon.colcon_core.package_identification:_identify(data/school_scooter/results/mpl_calibration_toolbox) by extension 'colcon_pkg'
[2.689s] Level 1:colcon.colcon_core.package_identification:_identify(data/school_scooter/results/mpl_calibration_toolbox) by extensions ['colcon_meta']
[2.689s] Level 1:colcon.colcon_core.package_identification:_identify(data/school_scooter/results/mpl_calibration_toolbox) by extension 'colcon_meta'
[2.689s] Level 1:colcon.colcon_core.package_identification:_identify(data/school_scooter/results/mpl_calibration_toolbox) by extensions ['ros']
[2.689s] Level 1:colcon.colcon_core.package_identification:_identify(data/school_scooter/results/mpl_calibration_toolbox) by extension 'ros'
[2.691s] DEBUG:colcon.colcon_core.package_identification:Package 'data/school_scooter/results/mpl_calibration_toolbox' with type 'ros.catkin' and name 'mpl_calibration_toolbox'
[2.691s] Level 1:colcon.colcon_core.package_identification:_identify(data/school_scooter/school_scooter1.synced.imu) by extensions ['ignore', 'ignore_ament_install']
[2.692s] Level 1:colcon.colcon_core.package_identification:_identify(data/school_scooter/school_scooter1.synced.imu) by extension 'ignore'
[2.692s] Level 1:colcon.colcon_core.package_identification:_identify(data/school_scooter/school_scooter1.synced.imu) by extension 'ignore_ament_install'
[2.692s] Level 1:colcon.colcon_core.package_identification:_identify(data/school_scooter/school_scooter1.synced.imu) by extensions ['colcon_pkg']
[2.692s] Level 1:colcon.colcon_core.package_identification:_identify(data/school_scooter/school_scooter1.synced.imu) by extension 'colcon_pkg'
[2.692s] Level 1:colcon.colcon_core.package_identification:_identify(data/school_scooter/school_scooter1.synced.imu) by extensions ['colcon_meta']
[2.692s] Level 1:colcon.colcon_core.package_identification:_identify(data/school_scooter/school_scooter1.synced.imu) by extension 'colcon_meta'
[2.692s] Level 1:colcon.colcon_core.package_identification:_identify(data/school_scooter/school_scooter1.synced.imu) by extensions ['ros']
[2.692s] Level 1:colcon.colcon_core.package_identification:_identify(data/school_scooter/school_scooter1.synced.imu) by extension 'ros'
[2.692s] Level 1:colcon.colcon_core.package_identification:_identify(data/school_scooter/school_scooter1.synced.imu) by extensions ['cmake', 'python']
[2.692s] Level 1:colcon.colcon_core.package_identification:_identify(data/school_scooter/school_scooter1.synced.imu) by extension 'cmake'
[2.692s] Level 1:colcon.colcon_core.package_identification:_identify(data/school_scooter/school_scooter1.synced.imu) by extension 'python'
[2.692s] Level 1:colcon.colcon_core.package_identification:_identify(data/school_scooter/school_scooter1.synced.imu) by extensions ['python_setup_py']
[2.692s] Level 1:colcon.colcon_core.package_identification:_identify(data/school_scooter/school_scooter1.synced.imu) by extension 'python_setup_py'
[2.692s] Level 1:colcon.colcon_core.package_identification:_identify(data/school_scooter/school_scooter1.synced.left_camera) by extensions ['ignore', 'ignore_ament_install']
[2.692s] Level 1:colcon.colcon_core.package_identification:_identify(data/school_scooter/school_scooter1.synced.left_camera) by extension 'ignore'
[2.692s] Level 1:colcon.colcon_core.package_identification:_identify(data/school_scooter/school_scooter1.synced.left_camera) by extension 'ignore_ament_install'
[2.692s] Level 1:colcon.colcon_core.package_identification:_identify(data/school_scooter/school_scooter1.synced.left_camera) by extensions ['colcon_pkg']
[2.692s] Level 1:colcon.colcon_core.package_identification:_identify(data/school_scooter/school_scooter1.synced.left_camera) by extension 'colcon_pkg'
[2.692s] Level 1:colcon.colcon_core.package_identification:_identify(data/school_scooter/school_scooter1.synced.left_camera) by extensions ['colcon_meta']
[2.693s] Level 1:colcon.colcon_core.package_identification:_identify(data/school_scooter/school_scooter1.synced.left_camera) by extension 'colcon_meta'
[2.693s] Level 1:colcon.colcon_core.package_identification:_identify(data/school_scooter/school_scooter1.synced.left_camera) by extensions ['ros']
[2.693s] Level 1:colcon.colcon_core.package_identification:_identify(data/school_scooter/school_scooter1.synced.left_camera) by extension 'ros'
[2.693s] Level 1:colcon.colcon_core.package_identification:_identify(data/school_scooter/school_scooter1.synced.left_camera) by extensions ['cmake', 'python']
[2.693s] Level 1:colcon.colcon_core.package_identification:_identify(data/school_scooter/school_scooter1.synced.left_camera) by extension 'cmake'
[2.693s] Level 1:colcon.colcon_core.package_identification:_identify(data/school_scooter/school_scooter1.synced.left_camera) by extension 'python'
[2.693s] Level 1:colcon.colcon_core.package_identification:_identify(data/school_scooter/school_scooter1.synced.left_camera) by extensions ['python_setup_py']
[2.693s] Level 1:colcon.colcon_core.package_identification:_identify(data/school_scooter/school_scooter1.synced.left_camera) by extension 'python_setup_py'
[2.693s] Level 1:colcon.colcon_core.package_identification:_identify(data/school_scooter/school_scooter1.synced.lidar) by extensions ['ignore', 'ignore_ament_install']
[2.693s] Level 1:colcon.colcon_core.package_identification:_identify(data/school_scooter/school_scooter1.synced.lidar) by extension 'ignore'
[2.693s] Level 1:colcon.colcon_core.package_identification:_identify(data/school_scooter/school_scooter1.synced.lidar) by extension 'ignore_ament_install'
[2.693s] Level 1:colcon.colcon_core.package_identification:_identify(data/school_scooter/school_scooter1.synced.lidar) by extensions ['colcon_pkg']
[2.693s] Level 1:colcon.colcon_core.package_identification:_identify(data/school_scooter/school_scooter1.synced.lidar) by extension 'colcon_pkg'
[2.693s] Level 1:colcon.colcon_core.package_identification:_identify(data/school_scooter/school_scooter1.synced.lidar) by extensions ['colcon_meta']
[2.693s] Level 1:colcon.colcon_core.package_identification:_identify(data/school_scooter/school_scooter1.synced.lidar) by extension 'colcon_meta'
[2.693s] Level 1:colcon.colcon_core.package_identification:_identify(data/school_scooter/school_scooter1.synced.lidar) by extensions ['ros']
[2.693s] Level 1:colcon.colcon_core.package_identification:_identify(data/school_scooter/school_scooter1.synced.lidar) by extension 'ros'
[2.693s] Level 1:colcon.colcon_core.package_identification:_identify(data/school_scooter/school_scooter1.synced.lidar) by extensions ['cmake', 'python']
[2.693s] Level 1:colcon.colcon_core.package_identification:_identify(data/school_scooter/school_scooter1.synced.lidar) by extension 'cmake'
[2.693s] Level 1:colcon.colcon_core.package_identification:_identify(data/school_scooter/school_scooter1.synced.lidar) by extension 'python'
[2.693s] Level 1:colcon.colcon_core.package_identification:_identify(data/school_scooter/school_scooter1.synced.lidar) by extensions ['python_setup_py']
[2.693s] Level 1:colcon.colcon_core.package_identification:_identify(data/school_scooter/school_scooter1.synced.lidar) by extension 'python_setup_py'
[2.694s] Level 1:colcon.colcon_core.package_identification:_identify(data/school_scooter/school_scooter1.synced.right_camera) by extensions ['ignore', 'ignore_ament_install']
[2.694s] Level 1:colcon.colcon_core.package_identification:_identify(data/school_scooter/school_scooter1.synced.right_camera) by extension 'ignore'
[2.694s] Level 1:colcon.colcon_core.package_identification:_identify(data/school_scooter/school_scooter1.synced.right_camera) by extension 'ignore_ament_install'
[2.694s] Level 1:colcon.colcon_core.package_identification:_identify(data/school_scooter/school_scooter1.synced.right_camera) by extensions ['colcon_pkg']
[2.694s] Level 1:colcon.colcon_core.package_identification:_identify(data/school_scooter/school_scooter1.synced.right_camera) by extension 'colcon_pkg'
[2.694s] Level 1:colcon.colcon_core.package_identification:_identify(data/school_scooter/school_scooter1.synced.right_camera) by extensions ['colcon_meta']
[2.694s] Level 1:colcon.colcon_core.package_identification:_identify(data/school_scooter/school_scooter1.synced.right_camera) by extension 'colcon_meta'
[2.694s] Level 1:colcon.colcon_core.package_identification:_identify(data/school_scooter/school_scooter1.synced.right_camera) by extensions ['ros']
[2.694s] Level 1:colcon.colcon_core.package_identification:_identify(data/school_scooter/school_scooter1.synced.right_camera) by extension 'ros'
[2.694s] Level 1:colcon.colcon_core.package_identification:_identify(data/school_scooter/school_scooter1.synced.right_camera) by extensions ['cmake', 'python']
[2.694s] Level 1:colcon.colcon_core.package_identification:_identify(data/school_scooter/school_scooter1.synced.right_camera) by extension 'cmake'
[2.694s] Level 1:colcon.colcon_core.package_identification:_identify(data/school_scooter/school_scooter1.synced.right_camera) by extension 'python'
[2.694s] Level 1:colcon.colcon_core.package_identification:_identify(data/school_scooter/school_scooter1.synced.right_camera) by extensions ['python_setup_py']
[2.694s] Level 1:colcon.colcon_core.package_identification:_identify(data/school_scooter/school_scooter1.synced.right_camera) by extension 'python_setup_py'
[2.694s] Level 1:colcon.colcon_core.package_identification:_identify(data/testdata) by extensions ['ignore', 'ignore_ament_install']
[2.694s] Level 1:colcon.colcon_core.package_identification:_identify(data/testdata) by extension 'ignore'
[2.694s] Level 1:colcon.colcon_core.package_identification:_identify(data/testdata) by extension 'ignore_ament_install'
[2.694s] Level 1:colcon.colcon_core.package_identification:_identify(data/testdata) by extensions ['colcon_pkg']
[2.694s] Level 1:colcon.colcon_core.package_identification:_identify(data/testdata) by extension 'colcon_pkg'
[2.694s] Level 1:colcon.colcon_core.package_identification:_identify(data/testdata) by extensions ['colcon_meta']
[2.694s] Level 1:colcon.colcon_core.package_identification:_identify(data/testdata) by extension 'colcon_meta'
[2.694s] Level 1:colcon.colcon_core.package_identification:_identify(data/testdata) by extensions ['ros']
[2.694s] Level 1:colcon.colcon_core.package_identification:_identify(data/testdata) by extension 'ros'
[2.694s] Level 1:colcon.colcon_core.package_identification:_identify(data/testdata) by extensions ['cmake', 'python']
[2.694s] Level 1:colcon.colcon_core.package_identification:_identify(data/testdata) by extension 'cmake'
[2.695s] Level 1:colcon.colcon_core.package_identification:_identify(data/testdata) by extension 'python'
[2.695s] Level 1:colcon.colcon_core.package_identification:_identify(data/testdata) by extensions ['python_setup_py']
[2.695s] Level 1:colcon.colcon_core.package_identification:_identify(data/testdata) by extension 'python_setup_py'
[2.695s] Level 1:colcon.colcon_core.package_identification:_identify(data/testdata/IMU) by extensions ['ignore', 'ignore_ament_install']
[2.695s] Level 1:colcon.colcon_core.package_identification:_identify(data/testdata/IMU) by extension 'ignore'
[2.695s] Level 1:colcon.colcon_core.package_identification:_identify(data/testdata/IMU) by extension 'ignore_ament_install'
[2.695s] Level 1:colcon.colcon_core.package_identification:_identify(data/testdata/IMU) by extensions ['colcon_pkg']
[2.695s] Level 1:colcon.colcon_core.package_identification:_identify(data/testdata/IMU) by extension 'colcon_pkg'
[2.695s] Level 1:colcon.colcon_core.package_identification:_identify(data/testdata/IMU) by extensions ['colcon_meta']
[2.695s] Level 1:colcon.colcon_core.package_identification:_identify(data/testdata/IMU) by extension 'colcon_meta'
[2.695s] Level 1:colcon.colcon_core.package_identification:_identify(data/testdata/IMU) by extensions ['ros']
[2.695s] Level 1:colcon.colcon_core.package_identification:_identify(data/testdata/IMU) by extension 'ros'
[2.695s] Level 1:colcon.colcon_core.package_identification:_identify(data/testdata/IMU) by extensions ['cmake', 'python']
[2.695s] Level 1:colcon.colcon_core.package_identification:_identify(data/testdata/IMU) by extension 'cmake'
[2.695s] Level 1:colcon.colcon_core.package_identification:_identify(data/testdata/IMU) by extension 'python'
[2.695s] Level 1:colcon.colcon_core.package_identification:_identify(data/testdata/IMU) by extensions ['python_setup_py']
[2.695s] Level 1:colcon.colcon_core.package_identification:_identify(data/testdata/IMU) by extension 'python_setup_py'
[2.695s] Level 1:colcon.colcon_core.package_identification:_identify(data/testdata/Image) by extensions ['ignore', 'ignore_ament_install']
[2.695s] Level 1:colcon.colcon_core.package_identification:_identify(data/testdata/Image) by extension 'ignore'
[2.695s] Level 1:colcon.colcon_core.package_identification:_identify(data/testdata/Image) by extension 'ignore_ament_install'
[2.695s] Level 1:colcon.colcon_core.package_identification:_identify(data/testdata/Image) by extensions ['colcon_pkg']
[2.695s] Level 1:colcon.colcon_core.package_identification:_identify(data/testdata/Image) by extension 'colcon_pkg'
[2.695s] Level 1:colcon.colcon_core.package_identification:_identify(data/testdata/Image) by extensions ['colcon_meta']
[2.695s] Level 1:colcon.colcon_core.package_identification:_identify(data/testdata/Image) by extension 'colcon_meta'
[2.695s] Level 1:colcon.colcon_core.package_identification:_identify(data/testdata/Image) by extensions ['ros']
[2.696s] Level 1:colcon.colcon_core.package_identification:_identify(data/testdata/Image) by extension 'ros'
[2.696s] Level 1:colcon.colcon_core.package_identification:_identify(data/testdata/Image) by extensions ['cmake', 'python']
[2.696s] Level 1:colcon.colcon_core.package_identification:_identify(data/testdata/Image) by extension 'cmake'
[2.696s] Level 1:colcon.colcon_core.package_identification:_identify(data/testdata/Image) by extension 'python'
[2.696s] Level 1:colcon.colcon_core.package_identification:_identify(data/testdata/Image) by extensions ['python_setup_py']
[2.696s] Level 1:colcon.colcon_core.package_identification:_identify(data/testdata/Image) by extension 'python_setup_py'
[2.696s] Level 1:colcon.colcon_core.package_identification:_identify(data/testdata/Image/img0) by extensions ['ignore', 'ignore_ament_install']
[2.696s] Level 1:colcon.colcon_core.package_identification:_identify(data/testdata/Image/img0) by extension 'ignore'
[2.696s] Level 1:colcon.colcon_core.package_identification:_identify(data/testdata/Image/img0) by extension 'ignore_ament_install'
[2.696s] Level 1:colcon.colcon_core.package_identification:_identify(data/testdata/Image/img0) by extensions ['colcon_pkg']
[2.696s] Level 1:colcon.colcon_core.package_identification:_identify(data/testdata/Image/img0) by extension 'colcon_pkg'
[2.696s] Level 1:colcon.colcon_core.package_identification:_identify(data/testdata/Image/img0) by extensions ['colcon_meta']
[2.696s] Level 1:colcon.colcon_core.package_identification:_identify(data/testdata/Image/img0) by extension 'colcon_meta'
[2.696s] Level 1:colcon.colcon_core.package_identification:_identify(data/testdata/Image/img0) by extensions ['ros']
[2.696s] Level 1:colcon.colcon_core.package_identification:_identify(data/testdata/Image/img0) by extension 'ros'
[2.696s] Level 1:colcon.colcon_core.package_identification:_identify(data/testdata/Image/img0) by extensions ['cmake', 'python']
[2.696s] Level 1:colcon.colcon_core.package_identification:_identify(data/testdata/Image/img0) by extension 'cmake'
[2.696s] Level 1:colcon.colcon_core.package_identification:_identify(data/testdata/Image/img0) by extension 'python'
[2.696s] Level 1:colcon.colcon_core.package_identification:_identify(data/testdata/Image/img0) by extensions ['python_setup_py']
[2.696s] Level 1:colcon.colcon_core.package_identification:_identify(data/testdata/Image/img0) by extension 'python_setup_py'
[2.701s] Level 1:colcon.colcon_core.package_identification:_identify(data/testdata/Image/img0_png) by extensions ['ignore', 'ignore_ament_install']
[2.701s] Level 1:colcon.colcon_core.package_identification:_identify(data/testdata/Image/img0_png) by extension 'ignore'
[2.701s] Level 1:colcon.colcon_core.package_identification:_identify(data/testdata/Image/img0_png) by extension 'ignore_ament_install'
[2.701s] Level 1:colcon.colcon_core.package_identification:_identify(data/testdata/Image/img0_png) by extensions ['colcon_pkg']
[2.701s] Level 1:colcon.colcon_core.package_identification:_identify(data/testdata/Image/img0_png) by extension 'colcon_pkg'
[2.701s] Level 1:colcon.colcon_core.package_identification:_identify(data/testdata/Image/img0_png) by extensions ['colcon_meta']
[2.701s] Level 1:colcon.colcon_core.package_identification:_identify(data/testdata/Image/img0_png) by extension 'colcon_meta'
[2.701s] Level 1:colcon.colcon_core.package_identification:_identify(data/testdata/Image/img0_png) by extensions ['ros']
[2.701s] Level 1:colcon.colcon_core.package_identification:_identify(data/testdata/Image/img0_png) by extension 'ros'
[2.701s] Level 1:colcon.colcon_core.package_identification:_identify(data/testdata/Image/img0_png) by extensions ['cmake', 'python']
[2.701s] Level 1:colcon.colcon_core.package_identification:_identify(data/testdata/Image/img0_png) by extension 'cmake'
[2.701s] Level 1:colcon.colcon_core.package_identification:_identify(data/testdata/Image/img0_png) by extension 'python'
[2.701s] Level 1:colcon.colcon_core.package_identification:_identify(data/testdata/Image/img0_png) by extensions ['python_setup_py']
[2.701s] Level 1:colcon.colcon_core.package_identification:_identify(data/testdata/Image/img0_png) by extension 'python_setup_py'
[2.702s] Level 1:colcon.colcon_core.package_identification:_identify(data/testdata/Image/img0_rgb) by extensions ['ignore', 'ignore_ament_install']
[2.702s] Level 1:colcon.colcon_core.package_identification:_identify(data/testdata/Image/img0_rgb) by extension 'ignore'
[2.702s] Level 1:colcon.colcon_core.package_identification:_identify(data/testdata/Image/img0_rgb) by extension 'ignore_ament_install'
[2.702s] Level 1:colcon.colcon_core.package_identification:_identify(data/testdata/Image/img0_rgb) by extensions ['colcon_pkg']
[2.702s] Level 1:colcon.colcon_core.package_identification:_identify(data/testdata/Image/img0_rgb) by extension 'colcon_pkg'
[2.702s] Level 1:colcon.colcon_core.package_identification:_identify(data/testdata/Image/img0_rgb) by extensions ['colcon_meta']
[2.702s] Level 1:colcon.colcon_core.package_identification:_identify(data/testdata/Image/img0_rgb) by extension 'colcon_meta'
[2.702s] Level 1:colcon.colcon_core.package_identification:_identify(data/testdata/Image/img0_rgb) by extensions ['ros']
[2.702s] Level 1:colcon.colcon_core.package_identification:_identify(data/testdata/Image/img0_rgb) by extension 'ros'
[2.702s] Level 1:colcon.colcon_core.package_identification:_identify(data/testdata/Image/img0_rgb) by extensions ['cmake', 'python']
[2.702s] Level 1:colcon.colcon_core.package_identification:_identify(data/testdata/Image/img0_rgb) by extension 'cmake'
[2.702s] Level 1:colcon.colcon_core.package_identification:_identify(data/testdata/Image/img0_rgb) by extension 'python'
[2.702s] Level 1:colcon.colcon_core.package_identification:_identify(data/testdata/Image/img0_rgb) by extensions ['python_setup_py']
[2.702s] Level 1:colcon.colcon_core.package_identification:_identify(data/testdata/Image/img0_rgb) by extension 'python_setup_py'
[2.702s] Level 1:colcon.colcon_core.package_identification:_identify(data/testdata/converted) by extensions ['ignore', 'ignore_ament_install']
[2.702s] Level 1:colcon.colcon_core.package_identification:_identify(data/testdata/converted) by extension 'ignore'
[2.702s] Level 1:colcon.colcon_core.package_identification:_identify(data/testdata/converted) by extension 'ignore_ament_install'
[2.702s] Level 1:colcon.colcon_core.package_identification:_identify(data/testdata/converted) by extensions ['colcon_pkg']
[2.702s] Level 1:colcon.colcon_core.package_identification:_identify(data/testdata/converted) by extension 'colcon_pkg'
[2.702s] Level 1:colcon.colcon_core.package_identification:_identify(data/testdata/converted) by extensions ['colcon_meta']
[2.702s] Level 1:colcon.colcon_core.package_identification:_identify(data/testdata/converted) by extension 'colcon_meta'
[2.702s] Level 1:colcon.colcon_core.package_identification:_identify(data/testdata/converted) by extensions ['ros']
[2.702s] Level 1:colcon.colcon_core.package_identification:_identify(data/testdata/converted) by extension 'ros'
[2.702s] Level 1:colcon.colcon_core.package_identification:_identify(data/testdata/converted) by extensions ['cmake', 'python']
[2.702s] Level 1:colcon.colcon_core.package_identification:_identify(data/testdata/converted) by extension 'cmake'
[2.702s] Level 1:colcon.colcon_core.package_identification:_identify(data/testdata/converted) by extension 'python'
[2.702s] Level 1:colcon.colcon_core.package_identification:_identify(data/testdata/converted) by extensions ['python_setup_py']
[2.702s] Level 1:colcon.colcon_core.package_identification:_identify(data/testdata/converted) by extension 'python_setup_py'
[2.703s] Level 1:colcon.colcon_core.package_identification:_identify(data/testdata/converted/lidar) by extensions ['ignore', 'ignore_ament_install']
[2.703s] Level 1:colcon.colcon_core.package_identification:_identify(data/testdata/converted/lidar) by extension 'ignore'
[2.703s] Level 1:colcon.colcon_core.package_identification:_identify(data/testdata/converted/lidar) by extension 'ignore_ament_install'
[2.703s] Level 1:colcon.colcon_core.package_identification:_identify(data/testdata/converted/lidar) by extensions ['colcon_pkg']
[2.703s] Level 1:colcon.colcon_core.package_identification:_identify(data/testdata/converted/lidar) by extension 'colcon_pkg'
[2.703s] Level 1:colcon.colcon_core.package_identification:_identify(data/testdata/converted/lidar) by extensions ['colcon_meta']
[2.703s] Level 1:colcon.colcon_core.package_identification:_identify(data/testdata/converted/lidar) by extension 'colcon_meta'
[2.703s] Level 1:colcon.colcon_core.package_identification:_identify(data/testdata/converted/lidar) by extensions ['ros']
[2.703s] Level 1:colcon.colcon_core.package_identification:_identify(data/testdata/converted/lidar) by extension 'ros'
[2.703s] Level 1:colcon.colcon_core.package_identification:_identify(data/testdata/converted/lidar) by extensions ['cmake', 'python']
[2.703s] Level 1:colcon.colcon_core.package_identification:_identify(data/testdata/converted/lidar) by extension 'cmake'
[2.703s] Level 1:colcon.colcon_core.package_identification:_identify(data/testdata/converted/lidar) by extension 'python'
[2.703s] Level 1:colcon.colcon_core.package_identification:_identify(data/testdata/converted/lidar) by extensions ['python_setup_py']
[2.703s] Level 1:colcon.colcon_core.package_identification:_identify(data/testdata/converted/lidar) by extension 'python_setup_py'
[2.703s] Level 1:colcon.colcon_core.package_identification:_identify(data/testdata/lidar_camera_calibration-master) by extensions ['ignore', 'ignore_ament_install']
[2.703s] Level 1:colcon.colcon_core.package_identification:_identify(data/testdata/lidar_camera_calibration-master) by extension 'ignore'
[2.703s] Level 1:colcon.colcon_core.package_identification:_identify(data/testdata/lidar_camera_calibration-master) by extension 'ignore_ament_install'
[2.703s] Level 1:colcon.colcon_core.package_identification:_identify(data/testdata/lidar_camera_calibration-master) by extensions ['colcon_pkg']
[2.703s] Level 1:colcon.colcon_core.package_identification:_identify(data/testdata/lidar_camera_calibration-master) by extension 'colcon_pkg'
[2.703s] Level 1:colcon.colcon_core.package_identification:_identify(data/testdata/lidar_camera_calibration-master) by extensions ['colcon_meta']
[2.703s] Level 1:colcon.colcon_core.package_identification:_identify(data/testdata/lidar_camera_calibration-master) by extension 'colcon_meta'
[2.703s] Level 1:colcon.colcon_core.package_identification:_identify(data/testdata/lidar_camera_calibration-master) by extensions ['ros']
[2.703s] Level 1:colcon.colcon_core.package_identification:_identify(data/testdata/lidar_camera_calibration-master) by extension 'ros'
[2.703s] Level 1:colcon.colcon_core.package_identification:_identify(data/testdata/lidar_camera_calibration-master) by extensions ['cmake', 'python']
[2.703s] Level 1:colcon.colcon_core.package_identification:_identify(data/testdata/lidar_camera_calibration-master) by extension 'cmake'
[2.703s] Level 1:colcon.colcon_core.package_identification:_identify(data/testdata/lidar_camera_calibration-master) by extension 'python'
[2.703s] Level 1:colcon.colcon_core.package_identification:_identify(data/testdata/lidar_camera_calibration-master) by extensions ['python_setup_py']
[2.703s] Level 1:colcon.colcon_core.package_identification:_identify(data/testdata/lidar_camera_calibration-master) by extension 'python_setup_py'
[2.703s] Level 1:colcon.colcon_core.package_identification:_identify(data/testdata/lidar_camera_calibration-master/calibration_data) by extensions ['ignore', 'ignore_ament_install']
[2.703s] Level 1:colcon.colcon_core.package_identification:_identify(data/testdata/lidar_camera_calibration-master/calibration_data) by extension 'ignore'
[2.703s] Level 1:colcon.colcon_core.package_identification:_identify(data/testdata/lidar_camera_calibration-master/calibration_data) by extension 'ignore_ament_install'
[2.703s] Level 1:colcon.colcon_core.package_identification:_identify(data/testdata/lidar_camera_calibration-master/calibration_data) by extensions ['colcon_pkg']
[2.704s] Level 1:colcon.colcon_core.package_identification:_identify(data/testdata/lidar_camera_calibration-master/calibration_data) by extension 'colcon_pkg'
[2.704s] Level 1:colcon.colcon_core.package_identification:_identify(data/testdata/lidar_camera_calibration-master/calibration_data) by extensions ['colcon_meta']
[2.704s] Level 1:colcon.colcon_core.package_identification:_identify(data/testdata/lidar_camera_calibration-master/calibration_data) by extension 'colcon_meta'
[2.704s] Level 1:colcon.colcon_core.package_identification:_identify(data/testdata/lidar_camera_calibration-master/calibration_data) by extensions ['ros']
[2.704s] Level 1:colcon.colcon_core.package_identification:_identify(data/testdata/lidar_camera_calibration-master/calibration_data) by extension 'ros'
[2.704s] Level 1:colcon.colcon_core.package_identification:_identify(data/testdata/lidar_camera_calibration-master/calibration_data) by extensions ['cmake', 'python']
[2.704s] Level 1:colcon.colcon_core.package_identification:_identify(data/testdata/lidar_camera_calibration-master/calibration_data) by extension 'cmake'
[2.704s] Level 1:colcon.colcon_core.package_identification:_identify(data/testdata/lidar_camera_calibration-master/calibration_data) by extension 'python'
[2.704s] Level 1:colcon.colcon_core.package_identification:_identify(data/testdata/lidar_camera_calibration-master/calibration_data) by extensions ['python_setup_py']
[2.704s] Level 1:colcon.colcon_core.package_identification:_identify(data/testdata/lidar_camera_calibration-master/calibration_data) by extension 'python_setup_py'
[2.704s] Level 1:colcon.colcon_core.package_identification:_identify(data/testdata/lidar_camera_calibration-master/calibration_data/camera_calibration) by extensions ['ignore', 'ignore_ament_install']
[2.704s] Level 1:colcon.colcon_core.package_identification:_identify(data/testdata/lidar_camera_calibration-master/calibration_data/camera_calibration) by extension 'ignore'
[2.704s] Level 1:colcon.colcon_core.package_identification:_identify(data/testdata/lidar_camera_calibration-master/calibration_data/camera_calibration) by extension 'ignore_ament_install'
[2.704s] Level 1:colcon.colcon_core.package_identification:_identify(data/testdata/lidar_camera_calibration-master/calibration_data/camera_calibration) by extensions ['colcon_pkg']
[2.704s] Level 1:colcon.colcon_core.package_identification:_identify(data/testdata/lidar_camera_calibration-master/calibration_data/camera_calibration) by extension 'colcon_pkg'
[2.704s] Level 1:colcon.colcon_core.package_identification:_identify(data/testdata/lidar_camera_calibration-master/calibration_data/camera_calibration) by extensions ['colcon_meta']
[2.704s] Level 1:colcon.colcon_core.package_identification:_identify(data/testdata/lidar_camera_calibration-master/calibration_data/camera_calibration) by extension 'colcon_meta'
[2.704s] Level 1:colcon.colcon_core.package_identification:_identify(data/testdata/lidar_camera_calibration-master/calibration_data/camera_calibration) by extensions ['ros']
[2.704s] Level 1:colcon.colcon_core.package_identification:_identify(data/testdata/lidar_camera_calibration-master/calibration_data/camera_calibration) by extension 'ros'
[2.704s] Level 1:colcon.colcon_core.package_identification:_identify(data/testdata/lidar_camera_calibration-master/calibration_data/camera_calibration) by extensions ['cmake', 'python']
[2.704s] Level 1:colcon.colcon_core.package_identification:_identify(data/testdata/lidar_camera_calibration-master/calibration_data/camera_calibration) by extension 'cmake'
[2.704s] Level 1:colcon.colcon_core.package_identification:_identify(data/testdata/lidar_camera_calibration-master/calibration_data/camera_calibration) by extension 'python'
[2.704s] Level 1:colcon.colcon_core.package_identification:_identify(data/testdata/lidar_camera_calibration-master/calibration_data/camera_calibration) by extensions ['python_setup_py']
[2.704s] Level 1:colcon.colcon_core.package_identification:_identify(data/testdata/lidar_camera_calibration-master/calibration_data/camera_calibration) by extension 'python_setup_py'
[2.710s] Level 1:colcon.colcon_core.package_identification:_identify(data/testdata/lidar_pcd) by extensions ['ignore', 'ignore_ament_install']
[2.710s] Level 1:colcon.colcon_core.package_identification:_identify(data/testdata/lidar_pcd) by extension 'ignore'
[2.710s] Level 1:colcon.colcon_core.package_identification:_identify(data/testdata/lidar_pcd) by extension 'ignore_ament_install'
[2.710s] Level 1:colcon.colcon_core.package_identification:_identify(data/testdata/lidar_pcd) by extensions ['colcon_pkg']
[2.710s] Level 1:colcon.colcon_core.package_identification:_identify(data/testdata/lidar_pcd) by extension 'colcon_pkg'
[2.710s] Level 1:colcon.colcon_core.package_identification:_identify(data/testdata/lidar_pcd) by extensions ['colcon_meta']
[2.710s] Level 1:colcon.colcon_core.package_identification:_identify(data/testdata/lidar_pcd) by extension 'colcon_meta'
[2.710s] Level 1:colcon.colcon_core.package_identification:_identify(data/testdata/lidar_pcd) by extensions ['ros']
[2.710s] Level 1:colcon.colcon_core.package_identification:_identify(data/testdata/lidar_pcd) by extension 'ros'
[2.710s] Level 1:colcon.colcon_core.package_identification:_identify(data/testdata/lidar_pcd) by extensions ['cmake', 'python']
[2.710s] Level 1:colcon.colcon_core.package_identification:_identify(data/testdata/lidar_pcd) by extension 'cmake'
[2.710s] Level 1:colcon.colcon_core.package_identification:_identify(data/testdata/lidar_pcd) by extension 'python'
[2.710s] Level 1:colcon.colcon_core.package_identification:_identify(data/testdata/lidar_pcd) by extensions ['python_setup_py']
[2.710s] Level 1:colcon.colcon_core.package_identification:_identify(data/testdata/lidar_pcd) by extension 'python_setup_py'
[2.715s] Level 1:colcon.colcon_core.package_identification:_identify(data/testdata/lidar_pcd_cleaned) by extensions ['ignore', 'ignore_ament_install']
[2.715s] Level 1:colcon.colcon_core.package_identification:_identify(data/testdata/lidar_pcd_cleaned) by extension 'ignore'
[2.715s] Level 1:colcon.colcon_core.package_identification:_identify(data/testdata/lidar_pcd_cleaned) by extension 'ignore_ament_install'
[2.715s] Level 1:colcon.colcon_core.package_identification:_identify(data/testdata/lidar_pcd_cleaned) by extensions ['colcon_pkg']
[2.715s] Level 1:colcon.colcon_core.package_identification:_identify(data/testdata/lidar_pcd_cleaned) by extension 'colcon_pkg'
[2.715s] Level 1:colcon.colcon_core.package_identification:_identify(data/testdata/lidar_pcd_cleaned) by extensions ['colcon_meta']
[2.715s] Level 1:colcon.colcon_core.package_identification:_identify(data/testdata/lidar_pcd_cleaned) by extension 'colcon_meta'
[2.715s] Level 1:colcon.colcon_core.package_identification:_identify(data/testdata/lidar_pcd_cleaned) by extensions ['ros']
[2.715s] Level 1:colcon.colcon_core.package_identification:_identify(data/testdata/lidar_pcd_cleaned) by extension 'ros'
[2.715s] Level 1:colcon.colcon_core.package_identification:_identify(data/testdata/lidar_pcd_cleaned) by extensions ['cmake', 'python']
[2.715s] Level 1:colcon.colcon_core.package_identification:_identify(data/testdata/lidar_pcd_cleaned) by extension 'cmake'
[2.715s] Level 1:colcon.colcon_core.package_identification:_identify(data/testdata/lidar_pcd_cleaned) by extension 'python'
[2.715s] Level 1:colcon.colcon_core.package_identification:_identify(data/testdata/lidar_pcd_cleaned) by extensions ['python_setup_py']
[2.715s] Level 1:colcon.colcon_core.package_identification:_identify(data/testdata/lidar_pcd_cleaned) by extension 'python_setup_py'
[2.715s] Level 1:colcon.colcon_core.package_identification:_identify(data/testdata/nya_02_slam_imu_to_lidar) by extensions ['ignore', 'ignore_ament_install']
[2.715s] Level 1:colcon.colcon_core.package_identification:_identify(data/testdata/nya_02_slam_imu_to_lidar) by extension 'ignore'
[2.715s] Level 1:colcon.colcon_core.package_identification:_identify(data/testdata/nya_02_slam_imu_to_lidar) by extension 'ignore_ament_install'
[2.715s] Level 1:colcon.colcon_core.package_identification:_identify(data/testdata/nya_02_slam_imu_to_lidar) by extensions ['colcon_pkg']
[2.715s] Level 1:colcon.colcon_core.package_identification:_identify(data/testdata/nya_02_slam_imu_to_lidar) by extension 'colcon_pkg'
[2.715s] Level 1:colcon.colcon_core.package_identification:_identify(data/testdata/nya_02_slam_imu_to_lidar) by extensions ['colcon_meta']
[2.715s] Level 1:colcon.colcon_core.package_identification:_identify(data/testdata/nya_02_slam_imu_to_lidar) by extension 'colcon_meta'
[2.715s] Level 1:colcon.colcon_core.package_identification:_identify(data/testdata/nya_02_slam_imu_to_lidar) by extensions ['ros']
[2.715s] Level 1:colcon.colcon_core.package_identification:_identify(data/testdata/nya_02_slam_imu_to_lidar) by extension 'ros'
[2.716s] Level 1:colcon.colcon_core.package_identification:_identify(data/testdata/nya_02_slam_imu_to_lidar) by extensions ['cmake', 'python']
[2.716s] Level 1:colcon.colcon_core.package_identification:_identify(data/testdata/nya_02_slam_imu_to_lidar) by extension 'cmake'
[2.716s] Level 1:colcon.colcon_core.package_identification:_identify(data/testdata/nya_02_slam_imu_to_lidar) by extension 'python'
[2.716s] Level 1:colcon.colcon_core.package_identification:_identify(data/testdata/nya_02_slam_imu_to_lidar) by extensions ['python_setup_py']
[2.716s] Level 1:colcon.colcon_core.package_identification:_identify(data/testdata/nya_02_slam_imu_to_lidar) by extension 'python_setup_py'
[2.716s] Level 1:colcon.colcon_core.package_identification:_identify(data/testdata/nya_02_slam_imu_to_lidar/lidar_horz.yaml) by extensions ['ignore', 'ignore_ament_install']
[2.716s] Level 1:colcon.colcon_core.package_identification:_identify(data/testdata/nya_02_slam_imu_to_lidar/lidar_horz.yaml) by extension 'ignore'
[2.716s] Level 1:colcon.colcon_core.package_identification:_identify(data/testdata/nya_02_slam_imu_to_lidar/lidar_horz.yaml) by extension 'ignore_ament_install'
[2.716s] Level 1:colcon.colcon_core.package_identification:_identify(data/testdata/nya_02_slam_imu_to_lidar/lidar_horz.yaml) by extensions ['colcon_pkg']
[2.716s] Level 1:colcon.colcon_core.package_identification:_identify(data/testdata/nya_02_slam_imu_to_lidar/lidar_horz.yaml) by extension 'colcon_pkg'
[2.716s] Level 1:colcon.colcon_core.package_identification:_identify(data/testdata/nya_02_slam_imu_to_lidar/lidar_horz.yaml) by extensions ['colcon_meta']
[2.716s] Level 1:colcon.colcon_core.package_identification:_identify(data/testdata/nya_02_slam_imu_to_lidar/lidar_horz.yaml) by extension 'colcon_meta'
[2.716s] Level 1:colcon.colcon_core.package_identification:_identify(data/testdata/nya_02_slam_imu_to_lidar/lidar_horz.yaml) by extensions ['ros']
[2.716s] Level 1:colcon.colcon_core.package_identification:_identify(data/testdata/nya_02_slam_imu_to_lidar/lidar_horz.yaml) by extension 'ros'
[2.716s] Level 1:colcon.colcon_core.package_identification:_identify(data/testdata/nya_02_slam_imu_to_lidar/lidar_horz.yaml) by extensions ['cmake', 'python']
[2.716s] Level 1:colcon.colcon_core.package_identification:_identify(data/testdata/nya_02_slam_imu_to_lidar/lidar_horz.yaml) by extension 'cmake'
[2.716s] Level 1:colcon.colcon_core.package_identification:_identify(data/testdata/nya_02_slam_imu_to_lidar/lidar_horz.yaml) by extension 'python'
[2.716s] Level 1:colcon.colcon_core.package_identification:_identify(data/testdata/nya_02_slam_imu_to_lidar/lidar_horz.yaml) by extensions ['python_setup_py']
[2.716s] Level 1:colcon.colcon_core.package_identification:_identify(data/testdata/nya_02_slam_imu_to_lidar/lidar_horz.yaml) by extension 'python_setup_py'
[2.716s] Level 1:colcon.colcon_core.package_identification:_identify(data/testdata/testdata) by extensions ['ignore', 'ignore_ament_install']
[2.716s] Level 1:colcon.colcon_core.package_identification:_identify(data/testdata/testdata) by extension 'ignore'
[2.716s] Level 1:colcon.colcon_core.package_identification:_identify(data/testdata/testdata) by extension 'ignore_ament_install'
[2.716s] Level 1:colcon.colcon_core.package_identification:_identify(data/testdata/testdata) by extensions ['colcon_pkg']
[2.716s] Level 1:colcon.colcon_core.package_identification:_identify(data/testdata/testdata) by extension 'colcon_pkg'
[2.716s] Level 1:colcon.colcon_core.package_identification:_identify(data/testdata/testdata) by extensions ['colcon_meta']
[2.716s] Level 1:colcon.colcon_core.package_identification:_identify(data/testdata/testdata) by extension 'colcon_meta'
[2.716s] Level 1:colcon.colcon_core.package_identification:_identify(data/testdata/testdata) by extensions ['ros']
[2.716s] Level 1:colcon.colcon_core.package_identification:_identify(data/testdata/testdata) by extension 'ros'
[2.716s] Level 1:colcon.colcon_core.package_identification:_identify(data/testdata/testdata) by extensions ['cmake', 'python']
[2.716s] Level 1:colcon.colcon_core.package_identification:_identify(data/testdata/testdata) by extension 'cmake'
[2.716s] Level 1:colcon.colcon_core.package_identification:_identify(data/testdata/testdata) by extension 'python'
[2.716s] Level 1:colcon.colcon_core.package_identification:_identify(data/testdata/testdata) by extensions ['python_setup_py']
[2.716s] Level 1:colcon.colcon_core.package_identification:_identify(data/testdata/testdata) by extension 'python_setup_py'
[2.716s] Level 1:colcon.colcon_core.package_identification:_identify(data/testdata/testdata/lidar_pcd) by extensions ['ignore', 'ignore_ament_install']
[2.717s] Level 1:colcon.colcon_core.package_identification:_identify(data/testdata/testdata/lidar_pcd) by extension 'ignore'
[2.717s] Level 1:colcon.colcon_core.package_identification:_identify(data/testdata/testdata/lidar_pcd) by extension 'ignore_ament_install'
[2.717s] Level 1:colcon.colcon_core.package_identification:_identify(data/testdata/testdata/lidar_pcd) by extensions ['colcon_pkg']
[2.717s] Level 1:colcon.colcon_core.package_identification:_identify(data/testdata/testdata/lidar_pcd) by extension 'colcon_pkg'
[2.717s] Level 1:colcon.colcon_core.package_identification:_identify(data/testdata/testdata/lidar_pcd) by extensions ['colcon_meta']
[2.717s] Level 1:colcon.colcon_core.package_identification:_identify(data/testdata/testdata/lidar_pcd) by extension 'colcon_meta'
[2.717s] Level 1:colcon.colcon_core.package_identification:_identify(data/testdata/testdata/lidar_pcd) by extensions ['ros']
[2.717s] Level 1:colcon.colcon_core.package_identification:_identify(data/testdata/testdata/lidar_pcd) by extension 'ros'
[2.717s] Level 1:colcon.colcon_core.package_identification:_identify(data/testdata/testdata/lidar_pcd) by extensions ['cmake', 'python']
[2.717s] Level 1:colcon.colcon_core.package_identification:_identify(data/testdata/testdata/lidar_pcd) by extension 'cmake'
[2.717s] Level 1:colcon.colcon_core.package_identification:_identify(data/testdata/testdata/lidar_pcd) by extension 'python'
[2.717s] Level 1:colcon.colcon_core.package_identification:_identify(data/testdata/testdata/lidar_pcd) by extensions ['python_setup_py']
[2.717s] Level 1:colcon.colcon_core.package_identification:_identify(data/testdata/testdata/lidar_pcd) by extension 'python_setup_py'
[2.717s] Level 1:colcon.colcon_core.package_identification:_identify(deps) by extensions ['ignore', 'ignore_ament_install']
[2.717s] Level 1:colcon.colcon_core.package_identification:_identify(deps) by extension 'ignore'
[2.717s] Level 1:colcon.colcon_core.package_identification:_identify(deps) by extension 'ignore_ament_install'
[2.717s] Level 1:colcon.colcon_core.package_identification:_identify(deps) by extensions ['colcon_pkg']
[2.717s] Level 1:colcon.colcon_core.package_identification:_identify(deps) by extension 'colcon_pkg'
[2.717s] Level 1:colcon.colcon_core.package_identification:_identify(deps) by extensions ['colcon_meta']
[2.717s] Level 1:colcon.colcon_core.package_identification:_identify(deps) by extension 'colcon_meta'
[2.717s] Level 1:colcon.colcon_core.package_identification:_identify(deps) by extensions ['ros']
[2.717s] Level 1:colcon.colcon_core.package_identification:_identify(deps) by extension 'ros'
[2.717s] Level 1:colcon.colcon_core.package_identification:_identify(deps) by extensions ['cmake', 'python']
[2.717s] Level 1:colcon.colcon_core.package_identification:_identify(deps) by extension 'cmake'
[2.717s] Level 1:colcon.colcon_core.package_identification:_identify(deps) by extension 'python'
[2.717s] Level 1:colcon.colcon_core.package_identification:_identify(deps) by extensions ['python_setup_py']
[2.717s] Level 1:colcon.colcon_core.package_identification:_identify(deps) by extension 'python_setup_py'
[2.717s] Level 1:colcon.colcon_core.package_identification:_identify(docker) by extensions ['ignore', 'ignore_ament_install']
[2.717s] Level 1:colcon.colcon_core.package_identification:_identify(docker) by extension 'ignore'
[2.717s] Level 1:colcon.colcon_core.package_identification:_identify(docker) ignored
[2.717s] Level 1:colcon.colcon_core.package_identification:_identify(docs) by extensions ['ignore', 'ignore_ament_install']
[2.717s] Level 1:colcon.colcon_core.package_identification:_identify(docs) by extension 'ignore'
[2.717s] Level 1:colcon.colcon_core.package_identification:_identify(docs) by extension 'ignore_ament_install'
[2.717s] Level 1:colcon.colcon_core.package_identification:_identify(docs) by extensions ['colcon_pkg']
[2.717s] Level 1:colcon.colcon_core.package_identification:_identify(docs) by extension 'colcon_pkg'
[2.717s] Level 1:colcon.colcon_core.package_identification:_identify(docs) by extensions ['colcon_meta']
[2.717s] Level 1:colcon.colcon_core.package_identification:_identify(docs) by extension 'colcon_meta'
[2.717s] Level 1:colcon.colcon_core.package_identification:_identify(docs) by extensions ['ros']
[2.717s] Level 1:colcon.colcon_core.package_identification:_identify(docs) by extension 'ros'
[2.717s] Level 1:colcon.colcon_core.package_identification:_identify(docs) by extensions ['cmake', 'python']
[2.717s] Level 1:colcon.colcon_core.package_identification:_identify(docs) by extension 'cmake'
[2.717s] Level 1:colcon.colcon_core.package_identification:_identify(docs) by extension 'python'
[2.717s] Level 1:colcon.colcon_core.package_identification:_identify(docs) by extensions ['python_setup_py']
[2.717s] Level 1:colcon.colcon_core.package_identification:_identify(docs) by extension 'python_setup_py'
[2.717s] Level 1:colcon.colcon_core.package_identification:_identify(iKalibr) by extensions ['ignore', 'ignore_ament_install']
[2.717s] Level 1:colcon.colcon_core.package_identification:_identify(iKalibr) by extension 'ignore'
[2.718s] Level 1:colcon.colcon_core.package_identification:_identify(iKalibr) by extension 'ignore_ament_install'
[2.718s] Level 1:colcon.colcon_core.package_identification:_identify(iKalibr) by extensions ['colcon_pkg']
[2.718s] Level 1:colcon.colcon_core.package_identification:_identify(iKalibr) by extension 'colcon_pkg'
[2.718s] Level 1:colcon.colcon_core.package_identification:_identify(iKalibr) by extensions ['colcon_meta']
[2.718s] Level 1:colcon.colcon_core.package_identification:_identify(iKalibr) by extension 'colcon_meta'
[2.718s] Level 1:colcon.colcon_core.package_identification:_identify(iKalibr) by extensions ['ros']
[2.718s] Level 1:colcon.colcon_core.package_identification:_identify(iKalibr) by extension 'ros'
[2.718s] DEBUG:colcon.colcon_core.package_identification:Package 'iKalibr' with type 'ros.ament_cmake' and name 'ikalibr'
[2.718s] Level 1:colcon.colcon_core.package_identification:_identify(install) by extensions ['ignore', 'ignore_ament_install']
[2.718s] Level 1:colcon.colcon_core.package_identification:_identify(install) by extension 'ignore'
[2.718s] Level 1:colcon.colcon_core.package_identification:_identify(install) ignored
[2.719s] Level 1:colcon.colcon_core.package_identification:_identify(learn-to-calibrate) by extensions ['ignore', 'ignore_ament_install']
[2.719s] Level 1:colcon.colcon_core.package_identification:_identify(learn-to-calibrate) by extension 'ignore'
[2.719s] Level 1:colcon.colcon_core.package_identification:_identify(learn-to-calibrate) by extension 'ignore_ament_install'
[2.719s] Level 1:colcon.colcon_core.package_identification:_identify(learn-to-calibrate) by extensions ['colcon_pkg']
[2.719s] Level 1:colcon.colcon_core.package_identification:_identify(learn-to-calibrate) by extension 'colcon_pkg'
[2.719s] Level 1:colcon.colcon_core.package_identification:_identify(learn-to-calibrate) by extensions ['colcon_meta']
[2.719s] Level 1:colcon.colcon_core.package_identification:_identify(learn-to-calibrate) by extension 'colcon_meta'
[2.719s] Level 1:colcon.colcon_core.package_identification:_identify(learn-to-calibrate) by extensions ['ros']
[2.719s] Level 1:colcon.colcon_core.package_identification:_identify(learn-to-calibrate) by extension 'ros'
[2.719s] Level 1:colcon.colcon_core.package_identification:_identify(learn-to-calibrate) by extensions ['cmake', 'python']
[2.719s] Level 1:colcon.colcon_core.package_identification:_identify(learn-to-calibrate) by extension 'cmake'
[2.719s] Level 1:colcon.colcon_core.package_identification:_identify(learn-to-calibrate) by extension 'python'
[2.719s] Level 1:colcon.colcon_core.package_identification:_identify(learn-to-calibrate) by extensions ['python_setup_py']
[2.719s] Level 1:colcon.colcon_core.package_identification:_identify(learn-to-calibrate) by extension 'python_setup_py'
[2.719s] Level 1:colcon.colcon_core.package_identification:_identify(log) by extensions ['ignore', 'ignore_ament_install']
[2.719s] Level 1:colcon.colcon_core.package_identification:_identify(log) by extension 'ignore'
[2.719s] Level 1:colcon.colcon_core.package_identification:_identify(log) ignored
[2.719s] Level 1:colcon.colcon_core.package_identification:_identify(logs) by extensions ['ignore', 'ignore_ament_install']
[2.719s] Level 1:colcon.colcon_core.package_identification:_identify(logs) by extension 'ignore'
[2.719s] Level 1:colcon.colcon_core.package_identification:_identify(logs) by extension 'ignore_ament_install'
[2.719s] Level 1:colcon.colcon_core.package_identification:_identify(logs) by extensions ['colcon_pkg']
[2.719s] Level 1:colcon.colcon_core.package_identification:_identify(logs) by extension 'colcon_pkg'
[2.719s] Level 1:colcon.colcon_core.package_identification:_identify(logs) by extensions ['colcon_meta']
[2.719s] Level 1:colcon.colcon_core.package_identification:_identify(logs) by extension 'colcon_meta'
[2.719s] Level 1:colcon.colcon_core.package_identification:_identify(logs) by extensions ['ros']
[2.719s] Level 1:colcon.colcon_core.package_identification:_identify(logs) by extension 'ros'
[2.719s] Level 1:colcon.colcon_core.package_identification:_identify(logs) by extensions ['cmake', 'python']
[2.719s] Level 1:colcon.colcon_core.package_identification:_identify(logs) by extension 'cmake'
[2.719s] Level 1:colcon.colcon_core.package_identification:_identify(logs) by extension 'python'
[2.719s] Level 1:colcon.colcon_core.package_identification:_identify(logs) by extensions ['python_setup_py']
[2.719s] Level 1:colcon.colcon_core.package_identification:_identify(logs) by extension 'python_setup_py'
[2.719s] Level 1:colcon.colcon_core.package_identification:_identify(results) by extensions ['ignore', 'ignore_ament_install']
[2.719s] Level 1:colcon.colcon_core.package_identification:_identify(results) by extension 'ignore'
[2.719s] Level 1:colcon.colcon_core.package_identification:_identify(results) by extension 'ignore_ament_install'
[2.719s] Level 1:colcon.colcon_core.package_identification:_identify(results) by extensions ['colcon_pkg']
[2.719s] Level 1:colcon.colcon_core.package_identification:_identify(results) by extension 'colcon_pkg'
[2.719s] Level 1:colcon.colcon_core.package_identification:_identify(results) by extensions ['colcon_meta']
[2.719s] Level 1:colcon.colcon_core.package_identification:_identify(results) by extension 'colcon_meta'
[2.719s] Level 1:colcon.colcon_core.package_identification:_identify(results) by extensions ['ros']
[2.719s] Level 1:colcon.colcon_core.package_identification:_identify(results) by extension 'ros'
[2.719s] Level 1:colcon.colcon_core.package_identification:_identify(results) by extensions ['cmake', 'python']
[2.719s] Level 1:colcon.colcon_core.package_identification:_identify(results) by extension 'cmake'
[2.719s] Level 1:colcon.colcon_core.package_identification:_identify(results) by extension 'python'
[2.719s] Level 1:colcon.colcon_core.package_identification:_identify(results) by extensions ['python_setup_py']
[2.719s] Level 1:colcon.colcon_core.package_identification:_identify(results) by extension 'python_setup_py'
[2.720s] Level 1:colcon.colcon_core.package_identification:_identify(results/camera_camera_extrinsic) by extensions ['ignore', 'ignore_ament_install']
[2.720s] Level 1:colcon.colcon_core.package_identification:_identify(results/camera_camera_extrinsic) by extension 'ignore'
[2.720s] Level 1:colcon.colcon_core.package_identification:_identify(results/camera_camera_extrinsic) by extension 'ignore_ament_install'
[2.720s] Level 1:colcon.colcon_core.package_identification:_identify(results/camera_camera_extrinsic) by extensions ['colcon_pkg']
[2.720s] Level 1:colcon.colcon_core.package_identification:_identify(results/camera_camera_extrinsic) by extension 'colcon_pkg'
[2.720s] Level 1:colcon.colcon_core.package_identification:_identify(results/camera_camera_extrinsic) by extensions ['colcon_meta']
[2.720s] Level 1:colcon.colcon_core.package_identification:_identify(results/camera_camera_extrinsic) by extension 'colcon_meta'
[2.720s] Level 1:colcon.colcon_core.package_identification:_identify(results/camera_camera_extrinsic) by extensions ['ros']
[2.720s] Level 1:colcon.colcon_core.package_identification:_identify(results/camera_camera_extrinsic) by extension 'ros'
[2.720s] Level 1:colcon.colcon_core.package_identification:_identify(results/camera_camera_extrinsic) by extensions ['cmake', 'python']
[2.720s] Level 1:colcon.colcon_core.package_identification:_identify(results/camera_camera_extrinsic) by extension 'cmake'
[2.720s] Level 1:colcon.colcon_core.package_identification:_identify(results/camera_camera_extrinsic) by extension 'python'
[2.720s] Level 1:colcon.colcon_core.package_identification:_identify(results/camera_camera_extrinsic) by extensions ['python_setup_py']
[2.720s] Level 1:colcon.colcon_core.package_identification:_identify(results/camera_camera_extrinsic) by extension 'python_setup_py'
[2.720s] Level 1:colcon.colcon_core.package_identification:_identify(results/camera_intrinsic) by extensions ['ignore', 'ignore_ament_install']
[2.720s] Level 1:colcon.colcon_core.package_identification:_identify(results/camera_intrinsic) by extension 'ignore'
[2.720s] Level 1:colcon.colcon_core.package_identification:_identify(results/camera_intrinsic) by extension 'ignore_ament_install'
[2.720s] Level 1:colcon.colcon_core.package_identification:_identify(results/camera_intrinsic) by extensions ['colcon_pkg']
[2.720s] Level 1:colcon.colcon_core.package_identification:_identify(results/camera_intrinsic) by extension 'colcon_pkg'
[2.720s] Level 1:colcon.colcon_core.package_identification:_identify(results/camera_intrinsic) by extensions ['colcon_meta']
[2.720s] Level 1:colcon.colcon_core.package_identification:_identify(results/camera_intrinsic) by extension 'colcon_meta'
[2.720s] Level 1:colcon.colcon_core.package_identification:_identify(results/camera_intrinsic) by extensions ['ros']
[2.720s] Level 1:colcon.colcon_core.package_identification:_identify(results/camera_intrinsic) by extension 'ros'
[2.720s] Level 1:colcon.colcon_core.package_identification:_identify(results/camera_intrinsic) by extensions ['cmake', 'python']
[2.720s] Level 1:colcon.colcon_core.package_identification:_identify(results/camera_intrinsic) by extension 'cmake'
[2.720s] Level 1:colcon.colcon_core.package_identification:_identify(results/camera_intrinsic) by extension 'python'
[2.720s] Level 1:colcon.colcon_core.package_identification:_identify(results/camera_intrinsic) by extensions ['python_setup_py']
[2.720s] Level 1:colcon.colcon_core.package_identification:_identify(results/camera_intrinsic) by extension 'python_setup_py'
[2.720s] Level 1:colcon.colcon_core.package_identification:_identify(results/coarse_input) by extensions ['ignore', 'ignore_ament_install']
[2.720s] Level 1:colcon.colcon_core.package_identification:_identify(results/coarse_input) by extension 'ignore'
[2.720s] Level 1:colcon.colcon_core.package_identification:_identify(results/coarse_input) by extension 'ignore_ament_install'
[2.720s] Level 1:colcon.colcon_core.package_identification:_identify(results/coarse_input) by extensions ['colcon_pkg']
[2.720s] Level 1:colcon.colcon_core.package_identification:_identify(results/coarse_input) by extension 'colcon_pkg'
[2.720s] Level 1:colcon.colcon_core.package_identification:_identify(results/coarse_input) by extensions ['colcon_meta']
[2.720s] Level 1:colcon.colcon_core.package_identification:_identify(results/coarse_input) by extension 'colcon_meta'
[2.720s] Level 1:colcon.colcon_core.package_identification:_identify(results/coarse_input) by extensions ['ros']
[2.720s] Level 1:colcon.colcon_core.package_identification:_identify(results/coarse_input) by extension 'ros'
[2.720s] Level 1:colcon.colcon_core.package_identification:_identify(results/coarse_input) by extensions ['cmake', 'python']
[2.720s] Level 1:colcon.colcon_core.package_identification:_identify(results/coarse_input) by extension 'cmake'
[2.720s] Level 1:colcon.colcon_core.package_identification:_identify(results/coarse_input) by extension 'python'
[2.720s] Level 1:colcon.colcon_core.package_identification:_identify(results/coarse_input) by extensions ['python_setup_py']
[2.720s] Level 1:colcon.colcon_core.package_identification:_identify(results/coarse_input) by extension 'python_setup_py'
[2.721s] Level 1:colcon.colcon_core.package_identification:_identify(results/dm_calib_input) by extensions ['ignore', 'ignore_ament_install']
[2.721s] Level 1:colcon.colcon_core.package_identification:_identify(results/dm_calib_input) by extension 'ignore'
[2.721s] Level 1:colcon.colcon_core.package_identification:_identify(results/dm_calib_input) by extension 'ignore_ament_install'
[2.721s] Level 1:colcon.colcon_core.package_identification:_identify(results/dm_calib_input) by extensions ['colcon_pkg']
[2.721s] Level 1:colcon.colcon_core.package_identification:_identify(results/dm_calib_input) by extension 'colcon_pkg'
[2.721s] Level 1:colcon.colcon_core.package_identification:_identify(results/dm_calib_input) by extensions ['colcon_meta']
[2.721s] Level 1:colcon.colcon_core.package_identification:_identify(results/dm_calib_input) by extension 'colcon_meta'
[2.721s] Level 1:colcon.colcon_core.package_identification:_identify(results/dm_calib_input) by extensions ['ros']
[2.721s] Level 1:colcon.colcon_core.package_identification:_identify(results/dm_calib_input) by extension 'ros'
[2.721s] Level 1:colcon.colcon_core.package_identification:_identify(results/dm_calib_input) by extensions ['cmake', 'python']
[2.721s] Level 1:colcon.colcon_core.package_identification:_identify(results/dm_calib_input) by extension 'cmake'
[2.721s] Level 1:colcon.colcon_core.package_identification:_identify(results/dm_calib_input) by extension 'python'
[2.721s] Level 1:colcon.colcon_core.package_identification:_identify(results/dm_calib_input) by extensions ['python_setup_py']
[2.721s] Level 1:colcon.colcon_core.package_identification:_identify(results/dm_calib_input) by extension 'python_setup_py'
[2.721s] Level 1:colcon.colcon_core.package_identification:_identify(results/dm_calib_input/cam_left) by extensions ['ignore', 'ignore_ament_install']
[2.721s] Level 1:colcon.colcon_core.package_identification:_identify(results/dm_calib_input/cam_left) by extension 'ignore'
[2.721s] Level 1:colcon.colcon_core.package_identification:_identify(results/dm_calib_input/cam_left) by extension 'ignore_ament_install'
[2.721s] Level 1:colcon.colcon_core.package_identification:_identify(results/dm_calib_input/cam_left) by extensions ['colcon_pkg']
[2.721s] Level 1:colcon.colcon_core.package_identification:_identify(results/dm_calib_input/cam_left) by extension 'colcon_pkg'
[2.721s] Level 1:colcon.colcon_core.package_identification:_identify(results/dm_calib_input/cam_left) by extensions ['colcon_meta']
[2.721s] Level 1:colcon.colcon_core.package_identification:_identify(results/dm_calib_input/cam_left) by extension 'colcon_meta'
[2.721s] Level 1:colcon.colcon_core.package_identification:_identify(results/dm_calib_input/cam_left) by extensions ['ros']
[2.721s] Level 1:colcon.colcon_core.package_identification:_identify(results/dm_calib_input/cam_left) by extension 'ros'
[2.721s] Level 1:colcon.colcon_core.package_identification:_identify(results/dm_calib_input/cam_left) by extensions ['cmake', 'python']
[2.721s] Level 1:colcon.colcon_core.package_identification:_identify(results/dm_calib_input/cam_left) by extension 'cmake'
[2.721s] Level 1:colcon.colcon_core.package_identification:_identify(results/dm_calib_input/cam_left) by extension 'python'
[2.721s] Level 1:colcon.colcon_core.package_identification:_identify(results/dm_calib_input/cam_left) by extensions ['python_setup_py']
[2.721s] Level 1:colcon.colcon_core.package_identification:_identify(results/dm_calib_input/cam_left) by extension 'python_setup_py'
[2.721s] Level 1:colcon.colcon_core.package_identification:_identify(results/dm_calib_input/cam_right) by extensions ['ignore', 'ignore_ament_install']
[2.721s] Level 1:colcon.colcon_core.package_identification:_identify(results/dm_calib_input/cam_right) by extension 'ignore'
[2.721s] Level 1:colcon.colcon_core.package_identification:_identify(results/dm_calib_input/cam_right) by extension 'ignore_ament_install'
[2.721s] Level 1:colcon.colcon_core.package_identification:_identify(results/dm_calib_input/cam_right) by extensions ['colcon_pkg']
[2.721s] Level 1:colcon.colcon_core.package_identification:_identify(results/dm_calib_input/cam_right) by extension 'colcon_pkg'
[2.721s] Level 1:colcon.colcon_core.package_identification:_identify(results/dm_calib_input/cam_right) by extensions ['colcon_meta']
[2.721s] Level 1:colcon.colcon_core.package_identification:_identify(results/dm_calib_input/cam_right) by extension 'colcon_meta'
[2.721s] Level 1:colcon.colcon_core.package_identification:_identify(results/dm_calib_input/cam_right) by extensions ['ros']
[2.721s] Level 1:colcon.colcon_core.package_identification:_identify(results/dm_calib_input/cam_right) by extension 'ros'
[2.721s] Level 1:colcon.colcon_core.package_identification:_identify(results/dm_calib_input/cam_right) by extensions ['cmake', 'python']
[2.721s] Level 1:colcon.colcon_core.package_identification:_identify(results/dm_calib_input/cam_right) by extension 'cmake'
[2.721s] Level 1:colcon.colcon_core.package_identification:_identify(results/dm_calib_input/cam_right) by extension 'python'
[2.721s] Level 1:colcon.colcon_core.package_identification:_identify(results/dm_calib_input/cam_right) by extensions ['python_setup_py']
[2.721s] Level 1:colcon.colcon_core.package_identification:_identify(results/dm_calib_input/cam_right) by extension 'python_setup_py'
[2.722s] Level 1:colcon.colcon_core.package_identification:_identify(results/imu_intrinsic) by extensions ['ignore', 'ignore_ament_install']
[2.722s] Level 1:colcon.colcon_core.package_identification:_identify(results/imu_intrinsic) by extension 'ignore'
[2.722s] Level 1:colcon.colcon_core.package_identification:_identify(results/imu_intrinsic) by extension 'ignore_ament_install'
[2.722s] Level 1:colcon.colcon_core.package_identification:_identify(results/imu_intrinsic) by extensions ['colcon_pkg']
[2.722s] Level 1:colcon.colcon_core.package_identification:_identify(results/imu_intrinsic) by extension 'colcon_pkg'
[2.722s] Level 1:colcon.colcon_core.package_identification:_identify(results/imu_intrinsic) by extensions ['colcon_meta']
[2.722s] Level 1:colcon.colcon_core.package_identification:_identify(results/imu_intrinsic) by extension 'colcon_meta'
[2.722s] Level 1:colcon.colcon_core.package_identification:_identify(results/imu_intrinsic) by extensions ['ros']
[2.722s] Level 1:colcon.colcon_core.package_identification:_identify(results/imu_intrinsic) by extension 'ros'
[2.722s] Level 1:colcon.colcon_core.package_identification:_identify(results/imu_intrinsic) by extensions ['cmake', 'python']
[2.722s] Level 1:colcon.colcon_core.package_identification:_identify(results/imu_intrinsic) by extension 'cmake'
[2.722s] Level 1:colcon.colcon_core.package_identification:_identify(results/imu_intrinsic) by extension 'python'
[2.722s] Level 1:colcon.colcon_core.package_identification:_identify(results/imu_intrinsic) by extensions ['python_setup_py']
[2.722s] Level 1:colcon.colcon_core.package_identification:_identify(results/imu_intrinsic) by extension 'python_setup_py'
[2.722s] Level 1:colcon.colcon_core.package_identification:_identify(results/imu_lidar_extrinsic) by extensions ['ignore', 'ignore_ament_install']
[2.722s] Level 1:colcon.colcon_core.package_identification:_identify(results/imu_lidar_extrinsic) by extension 'ignore'
[2.722s] Level 1:colcon.colcon_core.package_identification:_identify(results/imu_lidar_extrinsic) by extension 'ignore_ament_install'
[2.722s] Level 1:colcon.colcon_core.package_identification:_identify(results/imu_lidar_extrinsic) by extensions ['colcon_pkg']
[2.722s] Level 1:colcon.colcon_core.package_identification:_identify(results/imu_lidar_extrinsic) by extension 'colcon_pkg'
[2.722s] Level 1:colcon.colcon_core.package_identification:_identify(results/imu_lidar_extrinsic) by extensions ['colcon_meta']
[2.722s] Level 1:colcon.colcon_core.package_identification:_identify(results/imu_lidar_extrinsic) by extension 'colcon_meta'
[2.722s] Level 1:colcon.colcon_core.package_identification:_identify(results/imu_lidar_extrinsic) by extensions ['ros']
[2.722s] Level 1:colcon.colcon_core.package_identification:_identify(results/imu_lidar_extrinsic) by extension 'ros'
[2.722s] Level 1:colcon.colcon_core.package_identification:_identify(results/imu_lidar_extrinsic) by extensions ['cmake', 'python']
[2.722s] Level 1:colcon.colcon_core.package_identification:_identify(results/imu_lidar_extrinsic) by extension 'cmake'
[2.722s] Level 1:colcon.colcon_core.package_identification:_identify(results/imu_lidar_extrinsic) by extension 'python'
[2.722s] Level 1:colcon.colcon_core.package_identification:_identify(results/imu_lidar_extrinsic) by extensions ['python_setup_py']
[2.722s] Level 1:colcon.colcon_core.package_identification:_identify(results/imu_lidar_extrinsic) by extension 'python_setup_py'
[2.723s] Level 1:colcon.colcon_core.package_identification:_identify(results/lidar_camera_extrinsic) by extensions ['ignore', 'ignore_ament_install']
[2.723s] Level 1:colcon.colcon_core.package_identification:_identify(results/lidar_camera_extrinsic) by extension 'ignore'
[2.723s] Level 1:colcon.colcon_core.package_identification:_identify(results/lidar_camera_extrinsic) by extension 'ignore_ament_install'
[2.723s] Level 1:colcon.colcon_core.package_identification:_identify(results/lidar_camera_extrinsic) by extensions ['colcon_pkg']
[2.723s] Level 1:colcon.colcon_core.package_identification:_identify(results/lidar_camera_extrinsic) by extension 'colcon_pkg'
[2.723s] Level 1:colcon.colcon_core.package_identification:_identify(results/lidar_camera_extrinsic) by extensions ['colcon_meta']
[2.724s] Level 1:colcon.colcon_core.package_identification:_identify(results/lidar_camera_extrinsic) by extension 'colcon_meta'
[2.724s] Level 1:colcon.colcon_core.package_identification:_identify(results/lidar_camera_extrinsic) by extensions ['ros']
[2.724s] Level 1:colcon.colcon_core.package_identification:_identify(results/lidar_camera_extrinsic) by extension 'ros'
[2.724s] Level 1:colcon.colcon_core.package_identification:_identify(results/lidar_camera_extrinsic) by extensions ['cmake', 'python']
[2.724s] Level 1:colcon.colcon_core.package_identification:_identify(results/lidar_camera_extrinsic) by extension 'cmake'
[2.724s] Level 1:colcon.colcon_core.package_identification:_identify(results/lidar_camera_extrinsic) by extension 'python'
[2.724s] Level 1:colcon.colcon_core.package_identification:_identify(results/lidar_camera_extrinsic) by extensions ['python_setup_py']
[2.724s] Level 1:colcon.colcon_core.package_identification:_identify(results/lidar_camera_extrinsic) by extension 'python_setup_py'
[2.724s] Level 1:colcon.colcon_core.package_identification:_identify(results/lidar_lidar_extrinsic) by extensions ['ignore', 'ignore_ament_install']
[2.724s] Level 1:colcon.colcon_core.package_identification:_identify(results/lidar_lidar_extrinsic) by extension 'ignore'
[2.724s] Level 1:colcon.colcon_core.package_identification:_identify(results/lidar_lidar_extrinsic) by extension 'ignore_ament_install'
[2.724s] Level 1:colcon.colcon_core.package_identification:_identify(results/lidar_lidar_extrinsic) by extensions ['colcon_pkg']
[2.724s] Level 1:colcon.colcon_core.package_identification:_identify(results/lidar_lidar_extrinsic) by extension 'colcon_pkg'
[2.724s] Level 1:colcon.colcon_core.package_identification:_identify(results/lidar_lidar_extrinsic) by extensions ['colcon_meta']
[2.724s] Level 1:colcon.colcon_core.package_identification:_identify(results/lidar_lidar_extrinsic) by extension 'colcon_meta'
[2.724s] Level 1:colcon.colcon_core.package_identification:_identify(results/lidar_lidar_extrinsic) by extensions ['ros']
[2.724s] Level 1:colcon.colcon_core.package_identification:_identify(results/lidar_lidar_extrinsic) by extension 'ros'
[2.724s] Level 1:colcon.colcon_core.package_identification:_identify(results/lidar_lidar_extrinsic) by extensions ['cmake', 'python']
[2.724s] Level 1:colcon.colcon_core.package_identification:_identify(results/lidar_lidar_extrinsic) by extension 'cmake'
[2.724s] Level 1:colcon.colcon_core.package_identification:_identify(results/lidar_lidar_extrinsic) by extension 'python'
[2.724s] Level 1:colcon.colcon_core.package_identification:_identify(results/lidar_lidar_extrinsic) by extensions ['python_setup_py']
[2.724s] Level 1:colcon.colcon_core.package_identification:_identify(results/lidar_lidar_extrinsic) by extension 'python_setup_py'
[2.725s] Level 1:colcon.colcon_core.package_identification:_identify(results/logs) by extensions ['ignore', 'ignore_ament_install']
[2.725s] Level 1:colcon.colcon_core.package_identification:_identify(results/logs) by extension 'ignore'
[2.725s] Level 1:colcon.colcon_core.package_identification:_identify(results/logs) by extension 'ignore_ament_install'
[2.725s] Level 1:colcon.colcon_core.package_identification:_identify(results/logs) by extensions ['colcon_pkg']
[2.725s] Level 1:colcon.colcon_core.package_identification:_identify(results/logs) by extension 'colcon_pkg'
[2.725s] Level 1:colcon.colcon_core.package_identification:_identify(results/logs) by extensions ['colcon_meta']
[2.725s] Level 1:colcon.colcon_core.package_identification:_identify(results/logs) by extension 'colcon_meta'
[2.725s] Level 1:colcon.colcon_core.package_identification:_identify(results/logs) by extensions ['ros']
[2.725s] Level 1:colcon.colcon_core.package_identification:_identify(results/logs) by extension 'ros'
[2.725s] Level 1:colcon.colcon_core.package_identification:_identify(results/logs) by extensions ['cmake', 'python']
[2.725s] Level 1:colcon.colcon_core.package_identification:_identify(results/logs) by extension 'cmake'
[2.725s] Level 1:colcon.colcon_core.package_identification:_identify(results/logs) by extension 'python'
[2.725s] Level 1:colcon.colcon_core.package_identification:_identify(results/logs) by extensions ['python_setup_py']
[2.725s] Level 1:colcon.colcon_core.package_identification:_identify(results/logs) by extension 'python_setup_py'
[2.725s] Level 1:colcon.colcon_core.package_identification:_identify(results/manual_sessions) by extensions ['ignore', 'ignore_ament_install']
[2.725s] Level 1:colcon.colcon_core.package_identification:_identify(results/manual_sessions) by extension 'ignore'
[2.725s] Level 1:colcon.colcon_core.package_identification:_identify(results/manual_sessions) by extension 'ignore_ament_install'
[2.725s] Level 1:colcon.colcon_core.package_identification:_identify(results/manual_sessions) by extensions ['colcon_pkg']
[2.725s] Level 1:colcon.colcon_core.package_identification:_identify(results/manual_sessions) by extension 'colcon_pkg'
[2.725s] Level 1:colcon.colcon_core.package_identification:_identify(results/manual_sessions) by extensions ['colcon_meta']
[2.725s] Level 1:colcon.colcon_core.package_identification:_identify(results/manual_sessions) by extension 'colcon_meta'
[2.725s] Level 1:colcon.colcon_core.package_identification:_identify(results/manual_sessions) by extensions ['ros']
[2.725s] Level 1:colcon.colcon_core.package_identification:_identify(results/manual_sessions) by extension 'ros'
[2.725s] Level 1:colcon.colcon_core.package_identification:_identify(results/manual_sessions) by extensions ['cmake', 'python']
[2.725s] Level 1:colcon.colcon_core.package_identification:_identify(results/manual_sessions) by extension 'cmake'
[2.725s] Level 1:colcon.colcon_core.package_identification:_identify(results/manual_sessions) by extension 'python'
[2.725s] Level 1:colcon.colcon_core.package_identification:_identify(results/manual_sessions) by extensions ['python_setup_py']
[2.725s] Level 1:colcon.colcon_core.package_identification:_identify(results/manual_sessions) by extension 'python_setup_py'
[2.726s] Level 1:colcon.colcon_core.package_identification:_identify(results/ntu_day_02) by extensions ['ignore', 'ignore_ament_install']
[2.726s] Level 1:colcon.colcon_core.package_identification:_identify(results/ntu_day_02) by extension 'ignore'
[2.726s] Level 1:colcon.colcon_core.package_identification:_identify(results/ntu_day_02) by extension 'ignore_ament_install'
[2.726s] Level 1:colcon.colcon_core.package_identification:_identify(results/ntu_day_02) by extensions ['colcon_pkg']
[2.726s] Level 1:colcon.colcon_core.package_identification:_identify(results/ntu_day_02) by extension 'colcon_pkg'
[2.726s] Level 1:colcon.colcon_core.package_identification:_identify(results/ntu_day_02) by extensions ['colcon_meta']
[2.726s] Level 1:colcon.colcon_core.package_identification:_identify(results/ntu_day_02) by extension 'colcon_meta'
[2.726s] Level 1:colcon.colcon_core.package_identification:_identify(results/ntu_day_02) by extensions ['ros']
[2.726s] Level 1:colcon.colcon_core.package_identification:_identify(results/ntu_day_02) by extension 'ros'
[2.726s] Level 1:colcon.colcon_core.package_identification:_identify(results/ntu_day_02) by extensions ['cmake', 'python']
[2.726s] Level 1:colcon.colcon_core.package_identification:_identify(results/ntu_day_02) by extension 'cmake'
[2.726s] Level 1:colcon.colcon_core.package_identification:_identify(results/ntu_day_02) by extension 'python'
[2.726s] Level 1:colcon.colcon_core.package_identification:_identify(results/ntu_day_02) by extensions ['python_setup_py']
[2.726s] Level 1:colcon.colcon_core.package_identification:_identify(results/ntu_day_02) by extension 'python_setup_py'
[2.726s] Level 1:colcon.colcon_core.package_identification:_identify(results/ntu_day_02/logs) by extensions ['ignore', 'ignore_ament_install']
[2.726s] Level 1:colcon.colcon_core.package_identification:_identify(results/ntu_day_02/logs) by extension 'ignore'
[2.726s] Level 1:colcon.colcon_core.package_identification:_identify(results/ntu_day_02/logs) by extension 'ignore_ament_install'
[2.726s] Level 1:colcon.colcon_core.package_identification:_identify(results/ntu_day_02/logs) by extensions ['colcon_pkg']
[2.726s] Level 1:colcon.colcon_core.package_identification:_identify(results/ntu_day_02/logs) by extension 'colcon_pkg'
[2.726s] Level 1:colcon.colcon_core.package_identification:_identify(results/ntu_day_02/logs) by extensions ['colcon_meta']
[2.726s] Level 1:colcon.colcon_core.package_identification:_identify(results/ntu_day_02/logs) by extension 'colcon_meta'
[2.726s] Level 1:colcon.colcon_core.package_identification:_identify(results/ntu_day_02/logs) by extensions ['ros']
[2.726s] Level 1:colcon.colcon_core.package_identification:_identify(results/ntu_day_02/logs) by extension 'ros'
[2.726s] Level 1:colcon.colcon_core.package_identification:_identify(results/ntu_day_02/logs) by extensions ['cmake', 'python']
[2.726s] Level 1:colcon.colcon_core.package_identification:_identify(results/ntu_day_02/logs) by extension 'cmake'
[2.726s] Level 1:colcon.colcon_core.package_identification:_identify(results/ntu_day_02/logs) by extension 'python'
[2.726s] Level 1:colcon.colcon_core.package_identification:_identify(results/ntu_day_02/logs) by extensions ['python_setup_py']
[2.726s] Level 1:colcon.colcon_core.package_identification:_identify(results/ntu_day_02/logs) by extension 'python_setup_py'
[2.726s] Level 1:colcon.colcon_core.package_identification:_identify(results/ntu_day_02/manual_sessions) by extensions ['ignore', 'ignore_ament_install']
[2.726s] Level 1:colcon.colcon_core.package_identification:_identify(results/ntu_day_02/manual_sessions) by extension 'ignore'
[2.726s] Level 1:colcon.colcon_core.package_identification:_identify(results/ntu_day_02/manual_sessions) by extension 'ignore_ament_install'
[2.726s] Level 1:colcon.colcon_core.package_identification:_identify(results/ntu_day_02/manual_sessions) by extensions ['colcon_pkg']
[2.726s] Level 1:colcon.colcon_core.package_identification:_identify(results/ntu_day_02/manual_sessions) by extension 'colcon_pkg'
[2.726s] Level 1:colcon.colcon_core.package_identification:_identify(results/ntu_day_02/manual_sessions) by extensions ['colcon_meta']
[2.726s] Level 1:colcon.colcon_core.package_identification:_identify(results/ntu_day_02/manual_sessions) by extension 'colcon_meta'
[2.726s] Level 1:colcon.colcon_core.package_identification:_identify(results/ntu_day_02/manual_sessions) by extensions ['ros']
[2.726s] Level 1:colcon.colcon_core.package_identification:_identify(results/ntu_day_02/manual_sessions) by extension 'ros'
[2.726s] Level 1:colcon.colcon_core.package_identification:_identify(results/ntu_day_02/manual_sessions) by extensions ['cmake', 'python']
[2.726s] Level 1:colcon.colcon_core.package_identification:_identify(results/ntu_day_02/manual_sessions) by extension 'cmake'
[2.726s] Level 1:colcon.colcon_core.package_identification:_identify(results/ntu_day_02/manual_sessions) by extension 'python'
[2.726s] Level 1:colcon.colcon_core.package_identification:_identify(results/ntu_day_02/manual_sessions) by extensions ['python_setup_py']
[2.726s] Level 1:colcon.colcon_core.package_identification:_identify(results/ntu_day_02/manual_sessions) by extension 'python_setup_py'
[2.727s] Level 1:colcon.colcon_core.package_identification:_identify(scripts) by extensions ['ignore', 'ignore_ament_install']
[2.727s] Level 1:colcon.colcon_core.package_identification:_identify(scripts) by extension 'ignore'
[2.727s] Level 1:colcon.colcon_core.package_identification:_identify(scripts) by extension 'ignore_ament_install'
[2.727s] Level 1:colcon.colcon_core.package_identification:_identify(scripts) by extensions ['colcon_pkg']
[2.727s] Level 1:colcon.colcon_core.package_identification:_identify(scripts) by extension 'colcon_pkg'
[2.727s] Level 1:colcon.colcon_core.package_identification:_identify(scripts) by extensions ['colcon_meta']
[2.727s] Level 1:colcon.colcon_core.package_identification:_identify(scripts) by extension 'colcon_meta'
[2.727s] Level 1:colcon.colcon_core.package_identification:_identify(scripts) by extensions ['ros']
[2.727s] Level 1:colcon.colcon_core.package_identification:_identify(scripts) by extension 'ros'
[2.727s] Level 1:colcon.colcon_core.package_identification:_identify(scripts) by extensions ['cmake', 'python']
[2.727s] Level 1:colcon.colcon_core.package_identification:_identify(scripts) by extension 'cmake'
[2.727s] Level 1:colcon.colcon_core.package_identification:_identify(scripts) by extension 'python'
[2.727s] Level 1:colcon.colcon_core.package_identification:_identify(scripts) by extensions ['python_setup_py']
[2.727s] Level 1:colcon.colcon_core.package_identification:_identify(scripts) by extension 'python_setup_py'
[2.727s] Level 1:colcon.colcon_core.package_identification:_identify(thrid_party) by extensions ['ignore', 'ignore_ament_install']
[2.727s] Level 1:colcon.colcon_core.package_identification:_identify(thrid_party) by extension 'ignore'
[2.727s] Level 1:colcon.colcon_core.package_identification:_identify(thrid_party) ignored
[2.727s] Level 1:colcon.colcon_core.package_identification:_identify(unicalib_C_plus_plus) by extensions ['ignore', 'ignore_ament_install']
[2.727s] Level 1:colcon.colcon_core.package_identification:_identify(unicalib_C_plus_plus) by extension 'ignore'
[2.727s] Level 1:colcon.colcon_core.package_identification:_identify(unicalib_C_plus_plus) by extension 'ignore_ament_install'
[2.727s] Level 1:colcon.colcon_core.package_identification:_identify(unicalib_C_plus_plus) by extensions ['colcon_pkg']
[2.727s] Level 1:colcon.colcon_core.package_identification:_identify(unicalib_C_plus_plus) by extension 'colcon_pkg'
[2.727s] Level 1:colcon.colcon_core.package_identification:_identify(unicalib_C_plus_plus) by extensions ['colcon_meta']
[2.727s] Level 1:colcon.colcon_core.package_identification:_identify(unicalib_C_plus_plus) by extension 'colcon_meta'
[2.727s] Level 1:colcon.colcon_core.package_identification:_identify(unicalib_C_plus_plus) by extensions ['ros']
[2.727s] Level 1:colcon.colcon_core.package_identification:_identify(unicalib_C_plus_plus) by extension 'ros'
[2.727s] Level 1:colcon.colcon_core.package_identification:_identify(unicalib_C_plus_plus) by extensions ['cmake', 'python']
[2.727s] Level 1:colcon.colcon_core.package_identification:_identify(unicalib_C_plus_plus) by extension 'cmake'
[2.731s] Level 1:colcon.colcon_core.package_identification:_identify(unicalib_C_plus_plus) by extension 'python'
[2.731s] DEBUG:colcon.colcon_core.package_identification:Package 'unicalib_C_plus_plus' with type 'cmake' and name 'unicalib_cpp'
[2.731s] Level 1:colcon.colcon_core.package_discovery:discover_packages(recursive) using defaults
[2.731s] Level 1:colcon.colcon_core.package_discovery:discover_packages(ignore) discover
[2.731s] Level 1:colcon.colcon_core.package_discovery:discover_packages(ignore) using defaults
[2.731s] Level 1:colcon.colcon_core.package_discovery:discover_packages(path) discover
[2.731s] Level 1:colcon.colcon_core.package_discovery:discover_packages(path) using defaults
[2.744s] Level 5:colcon.colcon_core.verb:set package 'UniCalib' build argument 'cmake_args' from command line to '['-DCMAKE_BUILD_TYPE=Release', '-DUSE_THIRDPARTY_LIBS=ON', '-DUSE_VETA_STUB=ON', '-Dglm_DIR=/root/calib_ws/docker/deps/glm/cmake/glm']'
[2.744s] Level 5:colcon.colcon_core.verb:set package 'UniCalib' build argument 'cmake_target' from command line to 'None'
[2.744s] Level 5:colcon.colcon_core.verb:set package 'UniCalib' build argument 'cmake_target_skip_unavailable' from command line to 'False'
[2.744s] Level 5:colcon.colcon_core.verb:set package 'UniCalib' build argument 'cmake_clean_cache' from command line to 'False'
[2.744s] Level 5:colcon.colcon_core.verb:set package 'UniCalib' build argument 'cmake_clean_first' from command line to 'False'
[2.744s] Level 5:colcon.colcon_core.verb:set package 'UniCalib' build argument 'cmake_force_configure' from command line to 'False'
[2.744s] Level 5:colcon.colcon_core.verb:set package 'UniCalib' build argument 'ament_cmake_args' from command line to 'None'
[2.744s] Level 5:colcon.colcon_core.verb:set package 'UniCalib' build argument 'catkin_cmake_args' from command line to 'None'
[2.744s] Level 5:colcon.colcon_core.verb:set package 'UniCalib' build argument 'catkin_skip_building_tests' from command line to 'False'
[2.744s] DEBUG:colcon.colcon_core.verb:Building package 'UniCalib' with the following arguments: {'ament_cmake_args': None, 'build_base': '/root/calib_ws/build/UniCalib', 'catkin_cmake_args': None, 'catkin_skip_building_tests': False, 'cmake_args': ['-DCMAKE_BUILD_TYPE=Release', '-DUSE_THIRDPARTY_LIBS=ON', '-DUSE_VETA_STUB=ON', '-Dglm_DIR=/root/calib_ws/docker/deps/glm/cmake/glm'], 'cmake_clean_cache': False, 'cmake_clean_first': False, 'cmake_force_configure': False, 'cmake_target': None, 'cmake_target_skip_unavailable': False, 'install_base': '/root/calib_ws/install/UniCalib', 'merge_install': False, 'path': '/root/calib_ws/calib_unified', 'symlink_install': True, 'test_result_base': None}
[2.744s] Level 5:colcon.colcon_core.verb:set package 'ikalibr' build argument 'cmake_args' from command line to '['-DCMAKE_BUILD_TYPE=Release', '-DUSE_THIRDPARTY_LIBS=ON', '-DUSE_VETA_STUB=ON', '-Dglm_DIR=/root/calib_ws/docker/deps/glm/cmake/glm']'
[2.744s] Level 5:colcon.colcon_core.verb:set package 'ikalibr' build argument 'cmake_target' from command line to 'None'
[2.744s] Level 5:colcon.colcon_core.verb:set package 'ikalibr' build argument 'cmake_target_skip_unavailable' from command line to 'False'
[2.744s] Level 5:colcon.colcon_core.verb:set package 'ikalibr' build argument 'cmake_clean_cache' from command line to 'False'
[2.744s] Level 5:colcon.colcon_core.verb:set package 'ikalibr' build argument 'cmake_clean_first' from command line to 'False'
[2.744s] Level 5:colcon.colcon_core.verb:set package 'ikalibr' build argument 'cmake_force_configure' from command line to 'False'
[2.744s] Level 5:colcon.colcon_core.verb:set package 'ikalibr' build argument 'ament_cmake_args' from command line to 'None'
[2.744s] Level 5:colcon.colcon_core.verb:set package 'ikalibr' build argument 'catkin_cmake_args' from command line to 'None'
[2.744s] Level 5:colcon.colcon_core.verb:set package 'ikalibr' build argument 'catkin_skip_building_tests' from command line to 'False'
[2.744s] DEBUG:colcon.colcon_core.verb:Building package 'ikalibr' with the following arguments: {'ament_cmake_args': None, 'build_base': '/root/calib_ws/build/ikalibr', 'catkin_cmake_args': None, 'catkin_skip_building_tests': False, 'cmake_args': ['-DCMAKE_BUILD_TYPE=Release', '-DUSE_THIRDPARTY_LIBS=ON', '-DUSE_VETA_STUB=ON', '-Dglm_DIR=/root/calib_ws/docker/deps/glm/cmake/glm'], 'cmake_clean_cache': False, 'cmake_clean_first': False, 'cmake_force_configure': False, 'cmake_target': None, 'cmake_target_skip_unavailable': False, 'install_base': '/root/calib_ws/install/ikalibr', 'merge_install': False, 'path': '/root/calib_ws/iKalibr', 'symlink_install': True, 'test_result_base': None}
[2.745s] Level 5:colcon.colcon_core.verb:set package 'mpl_calibration_toolbox' build argument 'cmake_args' from command line to '['-DCMAKE_BUILD_TYPE=Release', '-DUSE_THIRDPARTY_LIBS=ON', '-DUSE_VETA_STUB=ON', '-Dglm_DIR=/root/calib_ws/docker/deps/glm/cmake/glm']'
[2.745s] Level 5:colcon.colcon_core.verb:set package 'mpl_calibration_toolbox' build argument 'cmake_target' from command line to 'None'
[2.745s] Level 5:colcon.colcon_core.verb:set package 'mpl_calibration_toolbox' build argument 'cmake_target_skip_unavailable' from command line to 'False'
[2.745s] Level 5:colcon.colcon_core.verb:set package 'mpl_calibration_toolbox' build argument 'cmake_clean_cache' from command line to 'False'
[2.745s] Level 5:colcon.colcon_core.verb:set package 'mpl_calibration_toolbox' build argument 'cmake_clean_first' from command line to 'False'
[2.745s] Level 5:colcon.colcon_core.verb:set package 'mpl_calibration_toolbox' build argument 'cmake_force_configure' from command line to 'False'
[2.745s] Level 5:colcon.colcon_core.verb:set package 'mpl_calibration_toolbox' build argument 'ament_cmake_args' from command line to 'None'
[2.745s] Level 5:colcon.colcon_core.verb:set package 'mpl_calibration_toolbox' build argument 'catkin_cmake_args' from command line to 'None'
[2.745s] Level 5:colcon.colcon_core.verb:set package 'mpl_calibration_toolbox' build argument 'catkin_skip_building_tests' from command line to 'False'
[2.745s] DEBUG:colcon.colcon_core.verb:Building package 'mpl_calibration_toolbox' with the following arguments: {'ament_cmake_args': None, 'build_base': '/root/calib_ws/build/mpl_calibration_toolbox', 'catkin_cmake_args': None, 'catkin_skip_building_tests': False, 'cmake_args': ['-DCMAKE_BUILD_TYPE=Release', '-DUSE_THIRDPARTY_LIBS=ON', '-DUSE_VETA_STUB=ON', '-Dglm_DIR=/root/calib_ws/docker/deps/glm/cmake/glm'], 'cmake_clean_cache': False, 'cmake_clean_first': False, 'cmake_force_configure': False, 'cmake_target': None, 'cmake_target_skip_unavailable': False, 'install_base': '/root/calib_ws/install/mpl_calibration_toolbox', 'merge_install': False, 'path': '/root/calib_ws/data/school_scooter/results/mpl_calibration_toolbox', 'symlink_install': True, 'test_result_base': None}
[2.745s] Level 5:colcon.colcon_core.verb:set package 'unicalib' build argument 'cmake_args' from command line to '['-DCMAKE_BUILD_TYPE=Release', '-DUSE_THIRDPARTY_LIBS=ON', '-DUSE_VETA_STUB=ON', '-Dglm_DIR=/root/calib_ws/docker/deps/glm/cmake/glm']'
[2.745s] Level 5:colcon.colcon_core.verb:set package 'unicalib' build argument 'cmake_target' from command line to 'None'
[2.745s] Level 5:colcon.colcon_core.verb:set package 'unicalib' build argument 'cmake_target_skip_unavailable' from command line to 'False'
[2.745s] Level 5:colcon.colcon_core.verb:set package 'unicalib' build argument 'cmake_clean_cache' from command line to 'False'
[2.745s] Level 5:colcon.colcon_core.verb:set package 'unicalib' build argument 'cmake_clean_first' from command line to 'False'
[2.745s] Level 5:colcon.colcon_core.verb:set package 'unicalib' build argument 'cmake_force_configure' from command line to 'False'
[2.745s] Level 5:colcon.colcon_core.verb:set package 'unicalib' build argument 'ament_cmake_args' from command line to 'None'
[2.745s] Level 5:colcon.colcon_core.verb:set package 'unicalib' build argument 'catkin_cmake_args' from command line to 'None'
[2.745s] Level 5:colcon.colcon_core.verb:set package 'unicalib' build argument 'catkin_skip_building_tests' from command line to 'False'
[2.745s] DEBUG:colcon.colcon_core.verb:Building package 'unicalib' with the following arguments: {'ament_cmake_args': None, 'build_base': '/root/calib_ws/build/unicalib', 'catkin_cmake_args': None, 'catkin_skip_building_tests': False, 'cmake_args': ['-DCMAKE_BUILD_TYPE=Release', '-DUSE_THIRDPARTY_LIBS=ON', '-DUSE_VETA_STUB=ON', '-Dglm_DIR=/root/calib_ws/docker/deps/glm/cmake/glm'], 'cmake_clean_cache': False, 'cmake_clean_first': False, 'cmake_force_configure': False, 'cmake_target': None, 'cmake_target_skip_unavailable': False, 'install_base': '/root/calib_ws/install/unicalib', 'merge_install': False, 'path': '/root/calib_ws/UniCalib', 'symlink_install': True, 'test_result_base': None}
[2.745s] Level 5:colcon.colcon_core.verb:set package 'unicalib_cpp' build argument 'cmake_args' from command line to '['-DCMAKE_BUILD_TYPE=Release', '-DUSE_THIRDPARTY_LIBS=ON', '-DUSE_VETA_STUB=ON', '-Dglm_DIR=/root/calib_ws/docker/deps/glm/cmake/glm']'
[2.745s] Level 5:colcon.colcon_core.verb:set package 'unicalib_cpp' build argument 'cmake_target' from command line to 'None'
[2.745s] Level 5:colcon.colcon_core.verb:set package 'unicalib_cpp' build argument 'cmake_target_skip_unavailable' from command line to 'False'
[2.745s] Level 5:colcon.colcon_core.verb:set package 'unicalib_cpp' build argument 'cmake_clean_cache' from command line to 'False'
[2.745s] Level 5:colcon.colcon_core.verb:set package 'unicalib_cpp' build argument 'cmake_clean_first' from command line to 'False'
[2.745s] Level 5:colcon.colcon_core.verb:set package 'unicalib_cpp' build argument 'cmake_force_configure' from command line to 'False'
[2.745s] Level 5:colcon.colcon_core.verb:set package 'unicalib_cpp' build argument 'ament_cmake_args' from command line to 'None'
[2.745s] Level 5:colcon.colcon_core.verb:set package 'unicalib_cpp' build argument 'catkin_cmake_args' from command line to 'None'
[2.745s] Level 5:colcon.colcon_core.verb:set package 'unicalib_cpp' build argument 'catkin_skip_building_tests' from command line to 'False'
[2.745s] DEBUG:colcon.colcon_core.verb:Building package 'unicalib_cpp' with the following arguments: {'ament_cmake_args': None, 'build_base': '/root/calib_ws/build/unicalib_cpp', 'catkin_cmake_args': None, 'catkin_skip_building_tests': False, 'cmake_args': ['-DCMAKE_BUILD_TYPE=Release', '-DUSE_THIRDPARTY_LIBS=ON', '-DUSE_VETA_STUB=ON', '-Dglm_DIR=/root/calib_ws/docker/deps/glm/cmake/glm'], 'cmake_clean_cache': False, 'cmake_clean_first': False, 'cmake_force_configure': False, 'cmake_target': None, 'cmake_target_skip_unavailable': False, 'install_base': '/root/calib_ws/install/unicalib_cpp', 'merge_install': False, 'path': '/root/calib_ws/unicalib_C_plus_plus', 'symlink_install': True, 'test_result_base': None}
[2.745s] INFO:colcon.colcon_core.executor:Executing jobs using 'parallel' executor
[2.746s] DEBUG:colcon.colcon_parallel_executor.executor.parallel:run_until_complete
[2.746s] INFO:colcon.colcon_cmake.task.cmake.build:Building CMake package in '/root/calib_ws/calib_unified'
[2.748s] INFO:colcon.colcon_core.plugin_system:Skipping extension 'colcon_core.shell.bat': Not used on non-Windows systems
[2.748s] INFO:colcon.colcon_core.shell:Skip shell extension 'powershell' for command environment: Not usable outside of PowerShell
[2.748s] DEBUG:colcon.colcon_core.shell:Skip shell extension 'dsv' for command environment
[2.751s] INFO:colcon.colcon_ros.task.ament_cmake.build:Building ROS package in '/root/calib_ws/iKalibr' with build type 'ament_cmake'
[2.751s] INFO:colcon.colcon_cmake.task.cmake.build:Building CMake package in '/root/calib_ws/iKalibr'
[2.752s] INFO:colcon.colcon_core.shell:Skip shell extension 'powershell' for command environment: Not usable outside of PowerShell
[2.752s] DEBUG:colcon.colcon_core.shell:Skip shell extension 'dsv' for command environment
[2.753s] INFO:colcon.colcon_ros.task.catkin.build:Building ROS package in '/root/calib_ws/data/school_scooter/results/mpl_calibration_toolbox' with build type 'catkin'
[2.753s] INFO:colcon.colcon_cmake.task.cmake.build:Building CMake package in '/root/calib_ws/data/school_scooter/results/mpl_calibration_toolbox'
[2.753s] INFO:colcon.colcon_core.shell:Skip shell extension 'powershell' for command environment: Not usable outside of PowerShell
[2.753s] DEBUG:colcon.colcon_core.shell:Skip shell extension 'dsv' for command environment
[2.755s] INFO:colcon.colcon_ros.task.ament_python.build:Building ROS package in '/root/calib_ws/UniCalib' with build type 'ament_python'
[2.755s] Level 1:colcon.colcon_core.shell:create_environment_hook('unicalib', 'ament_prefix_path')
[2.755s] INFO:colcon.colcon_core.shell:Creating environment hook '/root/calib_ws/install/unicalib/share/unicalib/hook/ament_prefix_path.ps1'
[2.756s] INFO:colcon.colcon_core.shell:Creating environment descriptor '/root/calib_ws/install/unicalib/share/unicalib/hook/ament_prefix_path.dsv'
[2.756s] INFO:colcon.colcon_core.shell:Creating environment hook '/root/calib_ws/install/unicalib/share/unicalib/hook/ament_prefix_path.sh'
[2.756s] INFO:colcon.colcon_core.shell:Skip shell extension 'powershell' for command environment: Not usable outside of PowerShell
[2.756s] DEBUG:colcon.colcon_core.shell:Skip shell extension 'dsv' for command environment
[2.758s] INFO:colcon.colcon_cmake.task.cmake.build:Building CMake package in '/root/calib_ws/unicalib_C_plus_plus'
[2.758s] INFO:colcon.colcon_core.shell:Skip shell extension 'powershell' for command environment: Not usable outside of PowerShell
[2.758s] DEBUG:colcon.colcon_core.shell:Skip shell extension 'dsv' for command environment
[2.763s] DEBUG:colcon.colcon_core.event_handler.log_command:Invoking command in '/root/calib_ws/build/UniCalib': /opt/cmake/bin/cmake --build /root/calib_ws/build/UniCalib -- -j28 -l28
[2.765s] DEBUG:colcon.colcon_core.event_handler.log_command:Invoking command in '/root/calib_ws/build/ikalibr': CMAKE_PREFIX_PATH=/root/calib_ws/install/process_bag:/root/calib_ws/install/unicalib:/opt/ros/humble:/root/calib_ws/install/faster_lio /opt/cmake/bin/cmake /root/calib_ws/iKalibr -DCMAKE_BUILD_TYPE=Release -DUSE_THIRDPARTY_LIBS=ON -DUSE_VETA_STUB=ON -Dglm_DIR=/root/calib_ws/docker/deps/glm/cmake/glm -DAMENT_CMAKE_SYMLINK_INSTALL=1 -DCMAKE_INSTALL_PREFIX=/root/calib_ws/install/ikalibr
[2.766s] DEBUG:colcon.colcon_core.event_handler.log_command:Invoking command in '/root/calib_ws/build/mpl_calibration_toolbox': /opt/cmake/bin/cmake /root/calib_ws/data/school_scooter/results/mpl_calibration_toolbox -DCMAKE_BUILD_TYPE=Release -DUSE_THIRDPARTY_LIBS=ON -DUSE_VETA_STUB=ON -Dglm_DIR=/root/calib_ws/docker/deps/glm/cmake/glm -DCATKIN_INSTALL_INTO_PREFIX_ROOT=0 -DCATKIN_SYMLINK_INSTALL=ON -DCMAKE_INSTALL_PREFIX=/root/calib_ws/install/mpl_calibration_toolbox
[2.893s] INFO:colcon.colcon_core.task.python.build:Building Python package in '/root/calib_ws/UniCalib'
[2.893s] INFO:colcon.colcon_core.shell:Skip shell extension 'powershell' for command environment: Not usable outside of PowerShell
[2.893s] DEBUG:colcon.colcon_core.shell:Skip shell extension 'dsv' for command environment
[2.901s] DEBUG:colcon.colcon_core.event_handler.log_command:Invoking command in '/root/calib_ws/build/unicalib_cpp': /opt/cmake/bin/cmake --build /root/calib_ws/build/unicalib_cpp -- -j28 -l28
[3.038s] DEBUG:colcon.colcon_core.event_handler.log_command:Invoked command in '/root/calib_ws/build/mpl_calibration_toolbox' returned '1': /opt/cmake/bin/cmake /root/calib_ws/data/school_scooter/results/mpl_calibration_toolbox -DCMAKE_BUILD_TYPE=Release -DUSE_THIRDPARTY_LIBS=ON -DUSE_VETA_STUB=ON -Dglm_DIR=/root/calib_ws/docker/deps/glm/cmake/glm -DCATKIN_INSTALL_INTO_PREFIX_ROOT=0 -DCATKIN_SYMLINK_INSTALL=ON -DCMAKE_INSTALL_PREFIX=/root/calib_ws/install/mpl_calibration_toolbox
[3.041s] Level 1:colcon.colcon_core.environment:create_environment_scripts_only(mpl_calibration_toolbox)
[3.045s] Level 1:colcon.colcon_core.environment:checking '/root/calib_ws/install/mpl_calibration_toolbox' for CMake module files
[3.045s] Level 1:colcon.colcon_core.environment:checking '/root/calib_ws/install/mpl_calibration_toolbox' for CMake config files
[3.046s] Level 1:colcon.colcon_core.environment:checking '/root/calib_ws/install/mpl_calibration_toolbox/bin'
[3.046s] Level 1:colcon.colcon_core.environment:checking '/root/calib_ws/install/mpl_calibration_toolbox/lib/pkgconfig/mpl_calibration_toolbox.pc'
[3.046s] Level 1:colcon.colcon_core.environment:checking '/root/calib_ws/install/mpl_calibration_toolbox/lib/python3.10/site-packages'
[3.047s] Level 1:colcon.colcon_core.environment:checking '/root/calib_ws/install/mpl_calibration_toolbox/bin'
[3.047s] INFO:colcon.colcon_core.shell:Creating package script '/root/calib_ws/install/mpl_calibration_toolbox/share/mpl_calibration_toolbox/package.ps1'
[3.048s] INFO:colcon.colcon_core.shell:Creating package descriptor '/root/calib_ws/install/mpl_calibration_toolbox/share/mpl_calibration_toolbox/package.dsv'
[3.049s] INFO:colcon.colcon_core.shell:Creating package script '/root/calib_ws/install/mpl_calibration_toolbox/share/mpl_calibration_toolbox/package.sh'
[3.049s] INFO:colcon.colcon_core.shell:Creating package script '/root/calib_ws/install/mpl_calibration_toolbox/share/mpl_calibration_toolbox/package.bash'
[3.050s] INFO:colcon.colcon_core.shell:Creating package script '/root/calib_ws/install/mpl_calibration_toolbox/share/mpl_calibration_toolbox/package.zsh'
[3.051s] Level 1:colcon.colcon_core.environment:create_file_with_runtime_dependencies(/root/calib_ws/install/mpl_calibration_toolbox/share/colcon-core/packages/mpl_calibration_toolbox)
